Rk,Player,Nation,Pos,Squad,Age,Born,MP,Starts,Min,90s,Gls,Ast,G+A,G-PK,PK,PKatt,CrdY,CrdR,xG,npxG,xAG,npxG+xAG,PrgC,PrgP,PrgR,Gls.1,Ast.1,G+A.1,G-PK.1,G+A-PK,xG.1,xAG.1,xG+xAG,npxG.1,npxG+xAG.1,Matches,Sh,SoT,SoT%,Sh/90,SoT/90,G/Sh,G/SoT,Dist,FK,npxG/Sh,G-xG,np:G-xG,Cmp,Att,Cmp%,TotDist,PrgDist,Cmp.1,Att.1,Cmp%.1,Cmp.2,Att.2,Cmp%.2,Cmp.3,Att.3,Cmp%.3,xA,A-xAG,KP,1/3,PPA,CrsPA,Live,Dead,TB,Sw,Crs,TI,CK,In,Out,Str,Off,Blocks,SCA,SCA90,PassLive,PassDead,TO,Fld,Def,GCA,GCA90,PassLive.1,PassDead.1,TO.1,Fld.1,Def.1,Tkl,TklW,Def 3rd,Mid 3rd,Att 3rd,Tkl.1,Tkl%,Lost,Pass,Int,Tkl+Int,Clr,Err,Touches,Def Pen,Att Pen,Succ,Succ%,Tkld,Tkld%,Carries,CPA,Mis,Dis,Rec,Mn/MP,Min%,Mn/Start,Compl,Subs,Mn/Sub,unSub,PPM,onG,onGA,+/-,+/-90,On-Off,onxG,onxGA,xG+/-,xG+/-90,On-Off.1,2CrdY,Fls,PKwon,PKcon,OG,Recov,Won,Won%,MP_per90,Starts_per90,Min_per90,Gls_per90,Ast_per90,G+A_per90,G-PK_per90,PK_per90,PKatt_per90,CrdY_per90,CrdR_per90,xG_per90,npxG_per90,xAG_per90,npxG+xAG_per90,PrgC_per90,PrgP_per90,PrgR_per90,Gls.1_per90,Ast.1_per90,G+A.1_per90,G-PK.1_per90,G+A-PK_per90,xG.1_per90,xAG.1_per90,xG+xAG_per90,npxG.1_per90,npxG+xAG.1_per90,Sh_per90,SoT_per90,Sh/90_per90,SoT/90_per90,Dist_per90,FK_per90,G-xG_per90,np:G-xG_per90,Cmp_per90,Att_per90,TotDist_per90,PrgDist_per90,Cmp.1_per90,Att.1_per90,Cmp.2_per90,Att.2_per90,Cmp.3_per90,Att.3_per90,xA_per90,A-xAG_per90,KP_per90,1/3_per90,PPA_per90,CrsPA_per90,Live_per90,Dead_per90,TB_per90,Sw_per90,Crs_per90,TI_per90,CK_per90,In_per90,Out_per90,Str_per90,Off_per90,Blocks_per90,SCA_per90,SCA90_per90,PassLive_per90,PassDead_per90,TO_per90,Fld_per90,Def_per90,GCA_per90,GCA90_per90,PassLive.1_per90,PassDead.1_per90,TO.1_per90,Fld.1_per90,Def.1_per90,Tkl_per90,TklW_per90,Def 3rd_per90,Mid 3rd_per90,Att 3rd_per90,Tkl.1_per90,Lost_per90,Pass_per90,Int_per90,Tkl+Int_per90,Clr_per90,Err_per90,Touches_per90,Def Pen_per90,Att Pen_per90,Succ_per90,Tkld_per90,Carries_per90,CPA_per90,Mis_per90,Dis_per90,Rec_per90,Compl_per90,Subs_per90,unSub_per90,PPM_per90,onG_per90,onGA_per90,+/-_per90,+/-90_per90,onxG_per90,onxGA_per90,xG+/-_per90,xG+/-90_per90,2CrdY_per90,Fls_per90,PKwon_per90,PKcon_per90,OG_per90,Recov_per90,Won_per90
1.0,Abner,br BRA,DF,Juventude,21-157,2004.0,14.0,10.0,984.0,10.9,0.0,1.0,1.0,0.0,0.0,0.0,3.0,0.0,0.1,0.1,0.3,0.4,6.0,15.0,1.0,0.0,0.09,0.09,0.0,0.09,0.01,0.03,0.04,0.01,0.04,Matches,1.0,0.0,0.0,0.09,0.0,0.0,,8.7,0.0,0.09,-0.1,-0.1,382.0,445.0,85.8,7824.0,2626.0,108.0,116.0,93.1,224.0,239.0,93.7,49.0,84.0,58.3,0.2,0.7,4.0,20.0,1.0,0.0,423.0,19.0,1.0,1.0,0.0,0.0,0.0,0.0,0.0,0.0,3.0,1.0,4.0,0.37,4.0,0.0,0.0,0.0,0.0,1.0,0.09,1.0,0.0,0.0,0.0,0.0,12.0,8.0,10.0,2.0,0.0,7.0,31.8,15.0,5.0,17.0,29.0,71.0,1.0,567.0,94.0,5.0,4.0,80.0,1.0,20.0,339.0,0.0,3.0,1.0,369.0,70.0,47.5,86.0,9,4,32.0,5,1.21,12.0,21.0,-9.0,-0.82,0.59,10.3,17.8,-7.5,-0.68,0.45,0.0,9.0,0.0,0.0,0.0,25.0,21.0,77.8,1.28,0.92,90.28,0.0,0.09,0.09,0.0,0.0,0.0,0.28,0.0,0.01,0.01,0.03,0.04,0.55,1.38,0.09,0.0,0.01,0.01,0.0,0.01,0.0,0.0,0.0,0.0,0.0,0.09,0.0,0.01,0.0,0.8,0.0,-0.01,-0.01,35.05,40.83,717.8,240.92,9.91,10.64,20.55,21.93,4.5,7.71,0.02,0.06,0.37,1.83,0.09,0.0,38.81,1.74,0.09,0.09,0.0,0.0,0.0,0.0,0.0,0.0,0.28,0.09,0.37,0.03,0.37,0.0,0.0,0.0,0.0,0.09,0.01,0.09,0.0,0.0,0.0,0.0,1.1,0.73,0.92,0.18,0.0,0.64,1.38,0.46,1.56,2.66,6.51,0.09,52.02,8.62,0.46,0.37,0.09,31.1,0.0,0.28,0.09,33.85,0.83,0.37,0.46,0.11,1.1,1.93,-0.83,-0.08,0.94,1.63,-0.69,-0.06,0.0,0.83,0.0,0.0,0.0,2.29,1.93
597.0,Ademir Santos,br BRA,FW,Bahia,30-219,1995.0,16.0,14.0,1018.0,11.3,0.0,1.0,1.0,0.0,0.0,0.0,3.0,0.0,2.5,2.5,2.5,5.0,46.0,28.0,124.0,0.0,0.09,0.09,0.0,0.09,0.23,0.22,0.44,0.23,0.44,Matches,21.0,6.0,28.6,1.86,0.53,0.0,0.0,17.1,1.0,0.12,-2.5,-2.5,262.0,351.0,74.6,3958.0,1036.0,155.0,185.0,83.8,74.0,102.0,72.5,20.0,39.0,51.3,2.6,-1.5,15.0,8.0,17.0,11.0,324.0,26.0,0.0,4.0,53.0,12.0,8.0,4.0,2.0,0.0,1.0,9.0,42.0,3.71,25.0,0.0,7.0,9.0,0.0,3.0,0.26,2.0,0.0,1.0,0.0,0.0,25.0,16.0,7.0,8.0,10.0,12.0,37.5,20.0,11.0,2.0,27.0,6.0,0.0,496.0,2.0,48.0,23.0,41.8,25.0,45.5,301.0,17.0,26.0,19.0,362.0,64.0,51.4,69.0,1,2,25.0,0,2.06,14.0,8.0,6.0,0.53,0.62,16.9,11.1,5.8,0.51,0.98,0.0,15.0,0.0,0.0,0.0,33.0,9.0,24.3,1.42,1.24,90.09,0.0,0.09,0.09,0.0,0.0,0.0,0.27,0.0,0.22,0.22,0.22,0.44,4.07,2.48,10.97,0.0,0.01,0.01,0.0,0.01,0.02,0.02,0.04,0.02,0.04,1.86,0.53,0.16,0.05,1.51,0.09,-0.22,-0.22,23.19,31.06,350.27,91.68,13.72,16.37,6.55,9.03,1.77,3.45,0.23,-0.13,1.33,0.71,1.5,0.97,28.67,2.3,0.0,0.35,4.69,1.06,0.71,0.35,0.18,0.0,0.09,0.8,3.72,0.33,2.21,0.0,0.62,0.8,0.0,0.27,0.02,0.18,0.0,0.09,0.0,0.0,2.21,1.42,0.62,0.71,0.88,1.06,1.77,0.97,0.18,2.39,0.53,0.0,43.89,0.18,4.25,2.04,2.21,26.64,1.5,2.3,1.68,32.04,0.09,0.18,0.0,0.18,1.24,0.71,0.53,0.05,1.5,0.98,0.51,0.05,0.0,1.33,0.0,0.0,0.0,2.92,0.8
107.0,Agustín Canobbio,uy URU,"FW,MF",Fluminense,26-357,1998.0,15.0,12.0,892.0,9.9,2.0,2.0,4.0,2.0,0.0,0.0,3.0,0.0,1.7,1.7,1.3,3.0,28.0,24.0,71.0,0.2,0.2,0.4,0.2,0.4,0.17,0.13,0.3,0.17,0.3,Matches,19.0,5.0,26.3,1.92,0.5,0.11,0.4,18.8,3.0,0.09,0.3,0.3,248.0,307.0,80.8,3261.0,756.0,169.0,191.0,88.5,58.0,70.0,82.9,9.0,17.0,52.9,0.5,0.7,9.0,11.0,6.0,0.0,280.0,26.0,0.0,2.0,25.0,11.0,10.0,1.0,2.0,0.0,1.0,13.0,21.0,2.12,12.0,1.0,2.0,3.0,1.0,3.0,0.3,1.0,0.0,0.0,1.0,0.0,23.0,12.0,10.0,13.0,0.0,11.0,39.3,17.0,8.0,6.0,29.0,13.0,1.0,439.0,6.0,30.0,8.0,29.6,14.0,51.9,279.0,6.0,28.0,16.0,321.0,59.0,45.1,66.0,1,3,35.0,2,1.53,8.0,12.0,-4.0,-0.4,-0.49,8.3,9.9,-1.6,-0.16,-0.3,0.0,14.0,1.0,0.0,0.0,37.0,5.0,50.0,1.52,1.21,90.1,0.2,0.2,0.4,0.2,0.0,0.0,0.3,0.0,0.17,0.17,0.13,0.3,2.83,2.42,7.17,0.02,0.02,0.04,0.02,0.04,0.02,0.01,0.03,0.02,0.03,1.92,0.51,0.19,0.05,1.9,0.3,0.03,0.03,25.05,31.01,329.39,76.36,17.07,19.29,5.86,7.07,0.91,1.72,0.05,0.07,0.91,1.11,0.61,0.0,28.28,2.63,0.0,0.2,2.53,1.11,1.01,0.1,0.2,0.0,0.1,1.31,2.12,0.21,1.21,0.1,0.2,0.3,0.1,0.3,0.03,0.1,0.0,0.0,0.1,0.0,2.32,1.21,1.01,1.31,0.0,1.11,1.72,0.81,0.61,2.93,1.31,0.1,44.34,0.61,3.03,0.81,1.41,28.18,0.61,2.83,1.62,32.42,0.1,0.3,0.2,0.15,0.81,1.21,-0.4,-0.04,0.84,1.0,-0.16,-0.02,0.0,1.41,0.1,0.0,0.0,3.74,0.51
238.0,Agustín Giay,ar ARG,DF,Palmeiras,21-250,2004.0,18.0,14.0,1345.0,14.9,0.0,0.0,0.0,0.0,0.0,0.0,0.0,0.0,0.2,0.2,0.8,1.0,24.0,64.0,44.0,0.0,0.0,0.0,0.0,0.0,0.01,0.05,0.07,0.01,0.07,Matches,5.0,0.0,0.0,0.33,0.0,0.0,,21.8,0.0,0.04,-0.2,-0.2,686.0,835.0,82.2,12210.0,4391.0,314.0,346.0,90.8,293.0,347.0,84.4,73.0,110.0,66.4,0.4,-0.8,11.0,55.0,5.0,3.0,681.0,152.0,0.0,3.0,25.0,124.0,2.0,0.0,0.0,0.0,2.0,16.0,33.0,2.21,28.0,3.0,0.0,1.0,1.0,1.0,0.07,1.0,0.0,0.0,0.0,0.0,43.0,33.0,23.0,15.0,5.0,27.0,67.5,13.0,11.0,13.0,56.0,42.0,2.0,997.0,49.0,6.0,6.0,35.3,9.0,52.9,507.0,0.0,18.0,6.0,591.0,75.0,67.9,90.0,14,4,21.0,3,2.39,22.0,13.0,9.0,0.6,-0.67,21.8,13.0,8.9,0.59,-0.35,0.0,18.0,0.0,0.0,0.0,60.0,19.0,63.3,1.21,0.94,90.27,0.0,0.0,0.0,0.0,0.0,0.0,0.0,0.0,0.01,0.01,0.05,0.07,1.61,4.3,2.95,0.0,0.0,0.0,0.0,0.0,0.0,0.0,0.0,0.0,0.0,0.34,0.0,0.02,0.0,1.46,0.0,-0.01,-0.01,46.04,56.04,819.46,294.7,21.07,23.22,19.66,23.29,4.9,7.38,0.03,-0.05,0.74,3.69,0.34,0.2,45.7,10.2,0.0,0.2,1.68,8.32,0.13,0.0,0.0,0.0,0.13,1.07,2.21,0.15,1.88,0.2,0.0,0.07,0.07,0.07,0.0,0.07,0.0,0.0,0.0,0.0,2.89,2.21,1.54,1.01,0.34,1.81,0.87,0.74,0.87,3.76,2.82,0.13,66.91,3.29,0.4,0.4,0.6,34.03,0.0,1.21,0.4,39.66,0.94,0.27,0.2,0.16,1.48,0.87,0.6,0.04,1.46,0.87,0.6,0.04,0.0,1.21,0.0,0.0,0.0,4.03,1.28
566.0,Agustín Rogel,uy URU,DF,Internacional,27-341,1997.0,5.0,5.0,450.0,5.0,0.0,0.0,0.0,0.0,0.0,0.0,0.0,0.0,0.1,0.1,0.0,0.1,0.0,9.0,1.0,0.0,0.0,0.0,0.0,0.0,0.02,0.0,0.02,0.02,0.02,Matches,2.0,0.0,0.0,0.4,0.0,0.0,,10.2,0.0,0.04,-0.1,-0.1,208.0,230.0,90.4,4019.0,1318.0,63.0,69.0,91.3,122.0,132.0,92.4,20.0,25.0,80.0,0.0,0.0,0.0,6.0,0.0,0.0,226.0,3.0,0.0,1.0,0.0,0.0,0.0,0.0,0.0,0.0,1.0,0.0,5.0,1.0,3.0,0.0,0.0,0.0,0.0,1.0,0.2,0.0,0.0,0.0,0.0,0.0,9.0,6.0,6.0,3.0,0.0,5.0,55.6,4.0,1.0,1.0,10.0,27.0,0.0,275.0,26.0,3.0,0.0,,0.0,,158.0,0.0,1.0,1.0,193.0,90.0,21.7,90.0,5,0,,7,1.0,4.0,6.0,-2.0,-0.4,-0.07,6.7,4.0,2.7,0.54,0.18,0.0,6.0,0.0,0.0,0.0,11.0,10.0,62.5,1.0,1.0,90.0,0.0,0.0,0.0,0.0,0.0,0.0,0.0,0.0,0.02,0.02,0.0,0.02,0.0,1.8,0.2,0.0,0.0,0.0,0.0,0.0,0.0,0.0,0.0,0.0,0.0,0.4,0.0,0.08,0.0,2.04,0.0,-0.02,-0.02,41.6,46.0,803.8,263.6,12.6,13.8,24.4,26.4,4.0,5.0,0.0,0.0,0.0,1.2,0.0,0.0,45.2,0.6,0.0,0.2,0.0,0.0,0.0,0.0,0.0,0.0,0.2,0.0,1.0,0.2,0.6,0.0,0.0,0.0,0.0,0.2,0.04,0.0,0.0,0.0,0.0,0.0,1.8,1.2,1.2,0.6,0.0,1.0,0.8,0.2,0.2,2.0,5.4,0.0,55.0,5.2,0.6,0.0,0.0,31.6,0.0,0.2,0.2,38.6,1.0,0.0,1.4,0.2,0.8,1.2,-0.4,-0.08,1.34,0.8,0.54,0.11,0.0,1.2,0.0,0.0,0.0,2.2,2.0
585.0,Agustín Rossi,ar ARG,GK,Flamengo,30-033,1995.0,23.0,23.0,2070.0,23.0,0.0,0.0,0.0,0.0,0.0,0.0,1.0,0.0,0.0,0.0,0.0,0.0,0.0,0.0,0.0,0.0,0.0,0.0,0.0,0.0,0.0,0.0,0.0,0.0,0.0,Matches,0.0,0.0,,0.0,0.0,,,,0.0,,0.0,0.0,547.0,657.0,83.3,13462.0,8276.0,108.0,109.0,99.1,299.0,303.0,98.7,134.0,236.0,56.8,0.2,0.0,0.0,8.0,0.0,0.0,550.0,105.0,1.0,2.0,0.0,0.0,0.0,0.0,0.0,0.0,2.0,1.0,7.0,0.3,7.0,0.0,0.0,0.0,0.0,0.0,0.0,0.0,0.0,0.0,0.0,0.0,0.0,0.0,0.0,0.0,0.0,0.0,0.0,1.0,0.0,0.0,0.0,6.0,3.0,701.0,604.0,0.0,1.0,100.0,0.0,0.0,434.0,0.0,0.0,0.0,407.0,90.0,100.0,90.0,23,0,,0,2.22,48.0,11.0,37.0,1.61,,36.2,16.5,19.7,0.85,,0.0,0.0,0.0,0.0,0.0,53.0,4.0,80.0,1.0,1.0,90.0,0.0,0.0,0.0,0.0,0.0,0.0,0.04,0.0,0.0,0.0,0.0,0.0,0.0,0.0,0.0,0.0,0.0,0.0,0.0,0.0,0.0,0.0,0.0,0.0,0.0,0.0,0.0,0.0,0.0,,0.0,0.0,0.0,23.78,28.57,585.3,359.83,4.7,4.74,13.0,13.17,5.83,10.26,0.01,0.0,0.0,0.35,0.0,0.0,23.91,4.57,0.04,0.09,0.0,0.0,0.0,0.0,0.0,0.0,0.09,0.04,0.3,0.01,0.3,0.0,0.0,0.0,0.0,0.0,0.0,0.0,0.0,0.0,0.0,0.0,0.0,0.0,0.0,0.0,0.0,0.0,0.04,0.0,0.0,0.0,0.26,0.13,30.48,26.26,0.0,0.04,0.0,18.87,0.0,0.0,0.0,17.7,1.0,0.0,0.0,0.1,2.09,0.48,1.61,0.07,1.57,0.72,0.86,0.04,0.0,0.0,0.0,0.0,0.0,2.3,0.17
213.0,Alan Franco,ec ECU,MF,Atlético Mineiro,27-033,1998.0,18.0,18.0,1548.0,17.2,0.0,0.0,0.0,0.0,0.0,0.0,1.0,0.0,0.2,0.2,0.1,0.3,6.0,55.0,11.0,0.0,0.0,0.0,0.0,0.0,0.01,0.01,0.02,0.01,0.02,Matches,3.0,0.0,0.0,0.17,0.0,0.0,,21.4,0.0,0.06,-0.2,-0.2,741.0,822.0,90.1,11721.0,3452.0,346.0,370.0,93.5,331.0,358.0,92.5,36.0,45.0,80.0,0.3,-0.1,8.0,57.0,2.0,0.0,769.0,49.0,0.0,0.0,2.0,9.0,0.0,0.0,0.0,0.0,4.0,10.0,24.0,1.4,23.0,0.0,0.0,0.0,1.0,1.0,0.06,1.0,0.0,0.0,0.0,0.0,33.0,22.0,15.0,13.0,5.0,13.0,76.5,4.0,5.0,18.0,51.0,25.0,0.0,925.0,32.0,3.0,3.0,75.0,1.0,25.0,531.0,0.0,8.0,2.0,608.0,86.0,78.2,86.0,15,0,,0,1.0,15.0,20.0,-5.0,-0.29,-0.29,17.8,16.4,1.4,0.08,0.01,0.0,23.0,0.0,0.0,0.0,58.0,13.0,56.5,1.05,1.05,90.0,0.0,0.0,0.0,0.0,0.0,0.0,0.06,0.0,0.01,0.01,0.01,0.02,0.35,3.2,0.64,0.0,0.0,0.0,0.0,0.0,0.0,0.0,0.0,0.0,0.0,0.17,0.0,0.01,0.0,1.24,0.0,-0.01,-0.01,43.08,47.79,681.45,200.7,20.12,21.51,19.24,20.81,2.09,2.62,0.02,-0.01,0.47,3.31,0.12,0.0,44.71,2.85,0.0,0.0,0.12,0.52,0.0,0.0,0.0,0.0,0.23,0.58,1.4,0.08,1.34,0.0,0.0,0.0,0.06,0.06,0.0,0.06,0.0,0.0,0.0,0.0,1.92,1.28,0.87,0.76,0.29,0.76,0.23,0.29,1.05,2.97,1.45,0.0,53.78,1.86,0.17,0.17,0.06,30.87,0.0,0.47,0.12,35.35,0.87,0.0,0.0,0.06,0.87,1.16,-0.29,-0.02,1.03,0.95,0.08,0.0,0.0,1.34,0.0,0.0,0.0,3.37,0.76
214.0,Alan Franco,ar ARG,DF,São Paulo,28-347,1996.0,18.0,17.0,1454.0,16.2,0.0,0.0,0.0,0.0,0.0,0.0,5.0,0.0,1.0,1.0,0.3,1.3,3.0,35.0,1.0,0.0,0.0,0.0,0.0,0.0,0.06,0.02,0.08,0.06,0.08,Matches,3.0,0.0,0.0,0.17,0.0,0.0,,21.4,0.0,0.06,-0.2,-0.2,741.0,822.0,90.1,11721.0,3452.0,346.0,370.0,93.5,331.0,358.0,92.5,36.0,45.0,80.0,0.3,-0.1,8.0,57.0,2.0,0.0,769.0,49.0,0.0,0.0,2.0,9.0,0.0,0.0,0.0,0.0,4.0,10.0,24.0,1.4,23.0,0.0,0.0,0.0,1.0,1.0,0.06,1.0,0.0,0.0,0.0,0.0,33.0,22.0,15.0,13.0,5.0,13.0,76.5,4.0,5.0,18.0,51.0,25.0,0.0,925.0,32.0,3.0,3.0,75.0,1.0,25.0,531.0,0.0,8.0,2.0,608.0,86.0,78.2,86.0,15,0,,0,1.0,15.0,20.0,-5.0,-0.29,-0.29,17.8,16.4,1.4,0.08,0.01,0.0,23.0,0.0,0.0,0.0,58.0,13.0,56.5,1.11,1.05,89.75,0.0,0.0,0.0,0.0,0.0,0.0,0.31,0.0,0.06,0.06,0.02,0.08,0.19,2.16,0.06,0.0,0.0,0.0,0.0,0.0,0.0,0.0,0.0,0.0,0.0,0.19,0.0,0.01,0.0,1.32,0.0,-0.01,-0.01,45.74,50.74,723.52,213.09,21.36,22.84,20.43,22.1,2.22,2.78,0.02,-0.01,0.49,3.52,0.12,0.0,47.47,3.02,0.0,0.0,0.12,0.56,0.0,0.0,0.0,0.0,0.25,0.62,1.48,0.09,1.42,0.0,0.0,0.0,0.06,0.06,0.0,0.06,0.0,0.0,0.0,0.0,2.04,1.36,0.93,0.8,0.31,0.8,0.25,0.31,1.11,3.15,1.54,0.0,57.1,1.98,0.19,0.19,0.06,32.78,0.0,0.49,0.12,37.53,0.93,0.0,0.0,0.06,0.93,1.23,-0.31,-0.02,1.1,1.01,0.09,0.0,0.0,1.42,0.0,0.0,0.0,3.58,0.8
481.0,Alan Patrick,br BRA,"MF,FW",Internacional,34-133,1991.0,17.0,17.0,1425.0,15.8,7.0,6.0,13.0,2.0,5.0,6.0,3.0,0.0,6.3,1.6,8.1,9.6,28.0,109.0,73.0,0.44,0.38,0.82,0.13,0.51,0.4,0.51,0.91,0.1,0.61,Matches,23.0,8.0,34.8,1.45,0.51,0.09,0.25,25.1,9.0,0.07,0.7,0.4,648.0,795.0,81.5,10700.0,3461.0,320.0,357.0,89.6,249.0,284.0,87.7,59.0,104.0,56.7,7.0,-2.1,65.0,84.0,30.0,0.0,680.0,110.0,6.0,3.0,81.0,2.0,64.0,27.0,25.0,0.0,5.0,12.0,107.0,6.76,62.0,32.0,8.0,2.0,0.0,10.0,0.63,5.0,3.0,2.0,0.0,0.0,16.0,11.0,3.0,10.0,3.0,14.0,58.3,10.0,10.0,3.0,19.0,5.0,1.0,944.0,6.0,47.0,18.0,41.9,24.0,55.8,553.0,11.0,42.0,37.0,708.0,84.0,68.8,84.0,11,0,,0,1.47,23.0,21.0,2.0,0.13,1.52,27.3,17.3,10.0,0.63,0.77,0.0,16.0,0.0,0.0,0.0,64.0,4.0,20.0,1.08,1.08,90.19,0.44,0.38,0.82,0.13,0.32,0.38,0.19,0.0,0.4,0.1,0.51,0.61,1.77,6.9,4.62,0.03,0.02,0.05,0.01,0.03,0.03,0.03,0.06,0.01,0.04,1.46,0.51,0.09,0.03,1.59,0.57,0.04,0.03,41.01,50.32,677.22,219.05,20.25,22.59,15.76,17.97,3.73,6.58,0.44,-0.13,4.11,5.32,1.9,0.0,43.04,6.96,0.38,0.19,5.13,0.13,4.05,1.71,1.58,0.0,0.32,0.76,6.77,0.43,3.92,2.03,0.51,0.13,0.0,0.63,0.04,0.32,0.19,0.13,0.0,0.0,1.01,0.7,0.19,0.63,0.19,0.89,0.63,0.63,0.19,1.2,0.32,0.06,59.75,0.38,2.97,1.14,1.52,35.0,0.7,2.66,2.34,44.81,0.7,0.0,0.0,0.09,1.46,1.33,0.13,0.01,1.73,1.09,0.63,0.04,0.0,1.01,0.0,0.0,0.0,4.05,0.25
560.0,Alan Rodríguez,uy URU,MF,Internacional,25-241,2000.0,7.0,6.0,501.0,5.6,0.0,0.0,0.0,0.0,0.0,0.0,1.0,0.0,0.3,0.3,0.2,0.5,6.0,13.0,17.0,0.0,0.0,0.0,0.0,0.0,0.06,0.03,0.09,0.06,0.09,Matches,4.0,1.0,25.0,0.72,0.18,0.0,0.0,21.5,0.0,0.08,-0.3,-0.3,169.0,206.0,82.0,2177.0,618.0,105.0,119.0,88.2,54.0,59.0,91.5,2.0,9.0,22.2,0.2,-0.2,5.0,10.0,3.0,1.0,201.0,3.0,2.0,0.0,5.0,0.0,0.0,0.0,0.0,0.0,2.0,6.0,12.0,2.16,10.0,0.0,2.0,0.0,0.0,1.0,0.18,1.0,0.0,0.0,0.0,0.0,13.0,5.0,4.0,4.0,5.0,4.0,44.4,5.0,2.0,6.0,19.0,4.0,0.0,267.0,9.0,9.0,8.0,47.1,8.0,47.1,147.0,2.0,11.0,10.0,175.0,72.0,24.2,79.0,3,1,28.0,0,0.86,9.0,11.0,-2.0,-0.36,-0.02,8.4,6.6,1.8,0.32,-0.09,0.0,6.0,0.0,0.0,0.0,30.0,3.0,37.5,1.25,1.07,89.46,0.0,0.0,0.0,0.0,0.0,0.0,0.18,0.0,0.05,0.05,0.04,0.09,1.07,2.32,3.04,0.0,0.0,0.0,0.0,0.0,0.01,0.01,0.02,0.01,0.02,0.71,0.18,0.13,0.03,3.84,0.0,-0.05,-0.05,30.18,36.79,388.75,110.36,18.75,21.25,9.64,10.54,0.36,1.61,0.04,-0.04,0.89,1.79,0.54,0.18,35.89,0.54,0.36,0.0,0.89,0.0,0.0,0.0,0.0,0.0,0.36,1.07,2.14,0.39,1.79,0.0,0.36,0.0,0.0,0.18,0.03,0.18,0.0,0.0,0.0,0.0,2.32,0.89,0.71,0.71,0.89,0.71,0.89,0.36,1.07,3.39,0.71,0.0,47.68,1.61,1.61,1.43,1.43,26.25,0.36,1.96,1.79,31.25,0.54,0.18,0.0,0.15,1.61,1.96,-0.36,-0.06,1.5,1.18,0.32,0.06,0.0,1.07,0.0,0.0,0.0,5.36,0.54
588.0,Alan Ruschel,br BRA,DF,Juventude,36-031,1989.0,14.0,11.0,920.0,10.2,0.0,0.0,0.0,0.0,0.0,0.0,2.0,0.0,0.0,0.0,0.6,0.6,11.0,27.0,26.0,0.0,0.0,0.0,0.0,0.0,0.0,0.06,0.06,0.0,0.06,Matches,0.0,0.0,,0.0,0.0,,,,0.0,,0.0,0.0,344.0,452.0,76.1,5576.0,2529.0,174.0,189.0,92.1,140.0,183.0,76.5,23.0,47.0,48.9,0.6,-0.6,9.0,18.0,5.0,3.0,319.0,130.0,0.0,4.0,31.0,103.0,9.0,4.0,5.0,0.0,3.0,15.0,16.0,1.57,7.0,4.0,1.0,2.0,2.0,0.0,0.0,0.0,0.0,0.0,0.0,0.0,18.0,7.0,9.0,9.0,0.0,7.0,46.7,8.0,4.0,11.0,29.0,19.0,0.0,529.0,18.0,5.0,4.0,30.8,7.0,53.8,238.0,1.0,11.0,6.0,289.0,66.0,44.4,83.0,7,3,3.0,9,0.93,7.0,19.0,-12.0,-1.17,-0.08,5.5,16.2,-10.7,-1.04,-0.23,0.0,11.0,0.0,0.0,0.0,31.0,10.0,52.6,1.37,1.08,90.2,0.0,0.0,0.0,0.0,0.0,0.0,0.2,0.0,0.0,0.0,0.06,0.06,1.08,2.65,2.55,0.0,0.0,0.0,0.0,0.0,0.0,0.01,0.01,0.0,0.01,0.0,0.0,0.0,0.0,,0.0,0.0,0.0,33.73,44.31,546.67,247.94,17.06,18.53,13.73,17.94,2.25,4.61,0.06,-0.06,0.88,1.76,0.49,0.29,31.27,12.75,0.0,0.39,3.04,10.1,0.88,0.39,0.49,0.0,0.29,1.47,1.57,0.15,0.69,0.39,0.1,0.2,0.2,0.0,0.0,0.0,0.0,0.0,0.0,0.0,1.76,0.69,0.88,0.88,0.0,0.69,0.78,0.39,1.08,2.84,1.86,0.0,51.86,1.76,0.49,0.39,0.69,23.33,0.1,1.08,0.59,28.33,0.69,0.29,0.88,0.09,0.69,1.86,-1.18,-0.11,0.54,1.59,-1.05,-0.1,0.0,1.08,0.0,0.0,0.0,3.04,0.98
9.0,Alesson,br BRA,FW,Mirassol,26-219,1999.0,11.0,5.0,493.0,5.5,3.0,3.0,6.0,3.0,0.0,0.0,0.0,0.0,2.9,2.9,1.3,4.2,16.0,10.0,44.0,0.55,0.55,1.1,0.55,1.1,0.54,0.24,0.78,0.54,0.78,Matches,9.0,4.0,44.4,1.64,0.73,0.33,0.75,11.1,0.0,0.33,0.1,0.1,84.0,116.0,72.4,1274.0,325.0,52.0,63.0,82.5,23.0,31.0,74.2,7.0,11.0,63.6,1.0,1.7,8.0,5.0,7.0,5.0,116.0,0.0,0.0,0.0,18.0,0.0,0.0,0.0,0.0,0.0,0.0,9.0,15.0,2.74,13.0,0.0,1.0,0.0,0.0,4.0,0.73,3.0,0.0,1.0,0.0,0.0,10.0,5.0,2.0,6.0,2.0,4.0,20.0,16.0,10.0,3.0,13.0,3.0,0.0,199.0,4.0,20.0,13.0,44.8,16.0,55.2,119.0,4.0,18.0,15.0,139.0,45.0,23.8,62.0,0,6,31.0,0,2.0,17.0,5.0,12.0,2.19,1.85,10.5,5.3,5.3,0.97,0.84,0.0,11.0,0.0,0.0,0.0,23.0,8.0,61.5,2.0,0.91,89.64,0.55,0.55,1.09,0.55,0.0,0.0,0.0,0.0,0.53,0.53,0.24,0.76,2.91,1.82,8.0,0.1,0.1,0.2,0.1,0.2,0.1,0.04,0.14,0.1,0.14,1.64,0.73,0.3,0.13,2.02,0.0,0.02,0.02,15.27,21.09,231.64,59.09,9.45,11.45,4.18,5.64,1.27,2.0,0.18,0.31,1.45,0.91,1.27,0.91,21.09,0.0,0.0,0.0,3.27,0.0,0.0,0.0,0.0,0.0,0.0,1.64,2.73,0.5,2.36,0.0,0.18,0.0,0.0,0.73,0.13,0.55,0.0,0.18,0.0,0.0,1.82,0.91,0.36,1.09,0.36,0.73,2.91,1.82,0.55,2.36,0.55,0.0,36.18,0.73,3.64,2.36,2.91,21.64,0.73,3.27,2.73,25.27,0.0,1.09,0.0,0.36,3.09,0.91,2.18,0.4,1.91,0.96,0.96,0.18,0.0,2.0,0.0,0.0,0.0,4.18,1.45
441.0,Alex Muralha,br BRA,GK,Mirassol,35-317,1989.0,6.0,6.0,540.0,6.0,0.0,0.0,0.0,0.0,0.0,0.0,2.0,0.0,0.0,0.0,0.2,0.2,0.0,0.0,0.0,0.0,0.0,0.0,0.0,0.0,0.0,0.03,0.03,0.0,0.03,Matches,0.0,0.0,,0.0,0.0,,,,0.0,,0.0,0.0,112.0,157.0,71.3,2654.0,1784.0,31.0,32.0,96.9,50.0,52.0,96.2,29.0,71.0,40.8,0.0,-0.2,1.0,2.0,0.0,0.0,116.0,41.0,0.0,0.0,0.0,0.0,0.0,0.0,0.0,0.0,0.0,0.0,1.0,0.17,1.0,0.0,0.0,0.0,0.0,0.0,0.0,0.0,0.0,0.0,0.0,0.0,0.0,0.0,0.0,0.0,0.0,0.0,,0.0,0.0,0.0,0.0,9.0,1.0,176.0,144.0,0.0,0.0,,0.0,,93.0,0.0,0.0,0.0,72.0,90.0,26.1,90.0,6,0,,15,1.17,11.0,9.0,2.0,0.33,-0.61,9.8,7.6,2.2,0.36,0.05,0.0,0.0,0.0,0.0,0.0,10.0,1.0,50.0,1.0,1.0,90.0,0.0,0.0,0.0,0.0,0.0,0.0,0.33,0.0,0.0,0.0,0.03,0.03,0.0,0.0,0.0,0.0,0.0,0.0,0.0,0.0,0.0,0.0,0.0,0.0,0.0,0.0,0.0,0.0,0.0,,0.0,0.0,0.0,18.67,26.17,442.33,297.33,5.17,5.33,8.33,8.67,4.83,11.83,0.0,-0.03,0.17,0.33,0.0,0.0,19.33,6.83,0.0,0.0,0.0,0.0,0.0,0.0,0.0,0.0,0.0,0.0,0.17,0.03,0.17,0.0,0.0,0.0,0.0,0.0,0.0,0.0,0.0,0.0,0.0,0.0,0.0,0.0,0.0,0.0,0.0,0.0,0.0,0.0,0.0,0.0,1.5,0.17,29.33,24.0,0.0,0.0,0.0,15.5,0.0,0.0,0.0,12.0,1.0,0.0,2.5,0.19,1.83,1.5,0.33,0.06,1.63,1.27,0.37,0.06,0.0,0.0,0.0,0.0,0.0,1.67,0.17
593.0,Alex Sandro,br BRA,DF,Flamengo,34-240,1991.0,13.0,13.0,959.0,10.7,0.0,0.0,0.0,0.0,0.0,0.0,1.0,0.0,0.2,0.2,0.9,1.1,24.0,89.0,29.0,0.0,0.0,0.0,0.0,0.0,0.02,0.09,0.1,0.02,0.1,Matches,5.0,1.0,20.0,0.47,0.09,0.0,0.0,11.5,0.0,0.03,-0.2,-0.2,688.0,776.0,88.7,11197.0,3742.0,351.0,366.0,95.9,281.0,303.0,92.7,48.0,79.0,60.8,0.9,-0.9,9.0,83.0,9.0,3.0,686.0,88.0,2.0,4.0,17.0,76.0,0.0,0.0,0.0,0.0,2.0,10.0,24.0,2.25,22.0,1.0,0.0,0.0,0.0,2.0,0.19,2.0,0.0,0.0,0.0,0.0,10.0,5.0,3.0,4.0,3.0,2.0,33.3,4.0,7.0,14.0,24.0,30.0,1.0,871.0,37.0,10.0,8.0,66.7,4.0,33.3,535.0,2.0,11.0,7.0,622.0,74.0,46.3,74.0,9,0,,2,2.31,22.0,6.0,16.0,1.5,-0.2,15.7,8.3,7.4,0.69,-0.3,0.0,27.0,0.0,0.0,0.0,46.0,12.0,63.2,1.21,1.21,89.63,0.0,0.0,0.0,0.0,0.0,0.0,0.09,0.0,0.02,0.02,0.08,0.1,2.24,8.32,2.71,0.0,0.0,0.0,0.0,0.0,0.0,0.01,0.01,0.0,0.01,0.47,0.09,0.04,0.01,1.07,0.0,-0.02,-0.02,64.3,72.52,1046.45,349.72,32.8,34.21,26.26,28.32,4.49,7.38,0.08,-0.08,0.84,7.76,0.84,0.28,64.11,8.22,0.19,0.37,1.59,7.1,0.0,0.0,0.0,0.0,0.19,0.93,2.24,0.21,2.06,0.09,0.0,0.0,0.0,0.19,0.02,0.19,0.0,0.0,0.0,0.0,0.93,0.47,0.28,0.37,0.28,0.19,0.37,0.65,1.31,2.24,2.8,0.09,81.4,3.46,0.93,0.75,0.37,50.0,0.19,1.03,0.65,58.13,0.84,0.0,0.19,0.22,2.06,0.56,1.5,0.14,1.47,0.78,0.69,0.06,0.0,2.52,0.0,0.0,0.0,4.3,1.12
644.0,Alex Telles,br BRA,DF,Botafogo (RJ),32-282,1992.0,19.0,15.0,1219.0,13.5,3.0,3.0,6.0,1.0,2.0,2.0,1.0,0.0,2.2,0.6,2.2,2.8,24.0,61.0,51.0,0.22,0.22,0.44,0.07,0.3,0.16,0.16,0.32,0.04,0.21,Matches,17.0,3.0,17.6,1.26,0.22,0.06,0.33,27.1,5.0,0.03,0.8,0.4,606.0,731.0,82.9,9909.0,3518.0,337.0,356.0,94.7,208.0,238.0,87.4,50.0,117.0,42.7,2.1,0.8,24.0,66.0,16.0,10.0,564.0,164.0,0.0,9.0,82.0,98.0,38.0,18.0,15.0,0.0,3.0,3.0,41.0,3.02,25.0,10.0,0.0,2.0,0.0,3.0,0.22,1.0,1.0,0.0,0.0,0.0,12.0,10.0,6.0,6.0,0.0,6.0,50.0,6.0,4.0,13.0,25.0,29.0,0.0,832.0,32.0,9.0,3.0,60.0,2.0,40.0,433.0,2.0,15.0,8.0,506.0,64.0,58.9,75.0,4,4,25.0,3,1.68,20.0,9.0,11.0,0.81,0.18,18.9,14.5,4.4,0.32,-0.02,0.0,17.0,0.0,0.0,0.0,46.0,10.0,66.7,1.41,1.11,90.3,0.22,0.22,0.44,0.07,0.15,0.15,0.07,0.0,0.16,0.04,0.16,0.21,1.78,4.52,3.78,0.02,0.02,0.03,0.01,0.02,0.01,0.01,0.02,0.0,0.02,1.26,0.22,0.09,0.02,2.01,0.37,0.06,0.03,44.89,54.15,734.0,260.59,24.96,26.37,15.41,17.63,3.7,8.67,0.16,0.06,1.78,4.89,1.19,0.74,41.78,12.15,0.0,0.67,6.07,7.26,2.81,1.33,1.11,0.0,0.22,0.22,3.04,0.22,1.85,0.74,0.0,0.15,0.0,0.22,0.02,0.07,0.07,0.0,0.0,0.0,0.89,0.74,0.44,0.44,0.0,0.44,0.44,0.3,0.96,1.85,2.15,0.0,61.63,2.37,0.67,0.22,0.15,32.07,0.15,1.11,0.59,37.48,0.3,0.3,0.22,0.12,1.48,0.67,0.81,0.06,1.4,1.07,0.33,0.02,0.0,1.26,0.0,0.0,0.0,3.41,0.74
60.0,Alexander Barboza,ar ARG,DF,Botafogo (RJ),30-191,1995.0,14.0,14.0,1247.0,13.9,0.0,0.0,0.0,0.0,0.0,0.0,8.0,0.0,0.4,0.4,0.0,0.4,11.0,58.0,7.0,0.0,0.0,0.0,0.0,0.0,0.03,0.0,0.03,0.03,0.03,Matches,11.0,2.0,18.2,0.79,0.14,0.0,0.0,18.0,0.0,0.04,-0.4,-0.4,687.0,826.0,83.2,13668.0,5604.0,216.0,236.0,91.5,386.0,427.0,90.4,75.0,143.0,52.4,0.2,0.0,1.0,60.0,1.0,0.0,784.0,39.0,0.0,7.0,0.0,5.0,0.0,0.0,0.0,0.0,3.0,3.0,11.0,0.79,10.0,1.0,0.0,0.0,0.0,1.0,0.07,1.0,0.0,0.0,0.0,0.0,28.0,23.0,21.0,6.0,1.0,19.0,65.5,10.0,8.0,14.0,42.0,87.0,1.0,999.0,172.0,16.0,3.0,50.0,3.0,50.0,568.0,0.0,7.0,4.0,644.0,89.0,60.2,89.0,13,0,,3,1.64,17.0,11.0,6.0,0.43,-0.77,18.9,13.9,5.0,0.36,0.08,0.0,26.0,0.0,0.0,0.0,65.0,40.0,69.0,1.01,1.01,89.71,0.0,0.0,0.0,0.0,0.0,0.0,0.58,0.0,0.03,0.03,0.0,0.03,0.79,4.17,0.5,0.0,0.0,0.0,0.0,0.0,0.0,0.0,0.0,0.0,0.0,0.79,0.14,0.06,0.01,1.29,0.0,-0.03,-0.03,49.42,59.42,983.31,403.17,15.54,16.98,27.77,30.72,5.4,10.29,0.01,0.0,0.07,4.32,0.07,0.0,56.4,2.81,0.0,0.5,0.0,0.36,0.0,0.0,0.0,0.0,0.22,0.22,0.79,0.06,0.72,0.07,0.0,0.0,0.0,0.07,0.01,0.07,0.0,0.0,0.0,0.0,2.01,1.65,1.51,0.43,0.07,1.37,0.72,0.58,1.01,3.02,6.26,0.07,71.87,12.37,1.15,0.22,0.22,40.86,0.0,0.5,0.29,46.33,0.94,0.0,0.22,0.12,1.22,0.79,0.43,0.03,1.36,1.0,0.36,0.03,0.0,1.87,0.0,0.0,0.0,4.68,2.88
72.0,Alexandro Bernabei,ar ARG,DF,Internacional,24-364,2000.0,17.0,16.0,1457.0,16.2,0.0,4.0,4.0,0.0,0.0,0.0,5.0,1.0,0.6,0.6,4.2,4.7,38.0,80.0,124.0,0.0,0.25,0.25,0.0,0.25,0.03,0.26,0.29,0.03,0.29,Matches,21.0,6.0,28.6,1.3,0.37,0.0,0.0,24.3,0.0,0.03,-0.6,-0.6,808.0,1056.0,76.5,13376.0,4590.0,405.0,455.0,89.0,326.0,404.0,80.7,62.0,129.0,48.1,3.0,-0.2,33.0,59.0,27.0,16.0,867.0,182.0,1.0,2.0,77.0,164.0,3.0,0.0,2.0,0.0,7.0,30.0,62.0,3.83,49.0,4.0,1.0,3.0,2.0,7.0,0.43,6.0,0.0,0.0,1.0,0.0,45.0,27.0,19.0,16.0,10.0,25.0,51.0,24.0,17.0,25.0,70.0,35.0,1.0,1277.0,32.0,41.0,18.0,41.9,24.0,55.8,679.0,8.0,23.0,20.0,773.0,86.0,70.4,89.0,14,1,28.0,1,1.35,26.0,21.0,5.0,0.31,2.22,28.2,18.3,9.9,0.61,0.73,1.0,29.0,1.0,0.0,0.0,81.0,7.0,25.9,1.05,0.99,89.94,0.0,0.25,0.25,0.0,0.0,0.0,0.31,0.06,0.04,0.04,0.26,0.29,2.35,4.94,7.65,0.0,0.02,0.02,0.0,0.02,0.0,0.02,0.02,0.0,0.02,1.3,0.37,0.08,0.02,1.5,0.0,-0.04,-0.04,49.88,65.19,825.68,283.33,25.0,28.09,20.12,24.94,3.83,7.96,0.19,-0.01,2.04,3.64,1.67,0.99,53.52,11.23,0.06,0.12,4.75,10.12,0.19,0.0,0.12,0.0,0.43,1.85,3.83,0.24,3.02,0.25,0.06,0.19,0.12,0.43,0.03,0.37,0.0,0.0,0.06,0.0,2.78,1.67,1.17,0.99,0.62,1.54,1.48,1.05,1.54,4.32,2.16,0.06,78.83,1.98,2.53,1.11,1.48,41.91,0.49,1.42,1.23,47.72,0.86,0.06,0.06,0.08,1.6,1.3,0.31,0.02,1.74,1.13,0.61,0.04,0.06,1.79,0.06,0.0,0.0,5.0,0.43
13.0,Alisson,br BRA,MF,São Paulo,32-090,1993.0,19.0,17.0,1488.0,16.5,0.0,1.0,1.0,0.0,0.0,0.0,4.0,0.0,1.0,1.0,0.5,1.5,19.0,88.0,24.0,0.0,0.06,0.06,0.0,0.06,0.06,0.03,0.09,0.06,0.09,Matches,16.0,7.0,43.8,0.97,0.42,0.0,0.0,22.8,2.0,0.06,-1.0,-1.0,823.0,945.0,87.1,15319.0,3729.0,328.0,360.0,91.1,391.0,427.0,91.6,92.0,123.0,74.8,0.7,0.5,12.0,75.0,11.0,3.0,894.0,49.0,0.0,6.0,21.0,7.0,8.0,4.0,3.0,0.0,2.0,21.0,38.0,2.3,31.0,1.0,0.0,1.0,0.0,1.0,0.06,1.0,0.0,0.0,0.0,0.0,20.0,11.0,7.0,12.0,1.0,15.0,42.9,20.0,6.0,11.0,31.0,22.0,2.0,1063.0,43.0,11.0,3.0,37.5,5.0,62.5,682.0,2.0,12.0,6.0,799.0,78.0,68.9,82.0,10,2,48.0,0,1.47,15.0,14.0,1.0,0.06,-0.21,19.0,17.4,1.6,0.1,-0.47,0.0,17.0,0.0,0.0,0.0,80.0,9.0,32.1,1.15,1.03,90.18,0.0,0.06,0.06,0.0,0.0,0.0,0.24,0.0,0.06,0.06,0.03,0.09,1.15,5.33,1.45,0.0,0.0,0.0,0.0,0.0,0.0,0.0,0.01,0.0,0.01,0.97,0.42,0.06,0.03,1.38,0.12,-0.06,-0.06,49.88,57.27,928.42,226.0,19.88,21.82,23.7,25.88,5.58,7.45,0.04,0.03,0.73,4.55,0.67,0.18,54.18,2.97,0.0,0.36,1.27,0.42,0.48,0.24,0.18,0.0,0.12,1.27,2.3,0.14,1.88,0.06,0.0,0.06,0.0,0.06,0.0,0.06,0.0,0.0,0.0,0.0,1.21,0.67,0.42,0.73,0.06,0.91,1.21,0.36,0.67,1.88,1.33,0.12,64.42,2.61,0.67,0.18,0.3,41.33,0.12,0.73,0.36,48.42,0.61,0.12,0.0,0.09,0.91,0.85,0.06,0.0,1.15,1.05,0.1,0.01,0.0,1.03,0.0,0.0,0.0,4.85,0.55
14.0,Allan,br BRA,MF,Flamengo,28-204,1997.0,13.0,9.0,683.0,7.6,0.0,0.0,0.0,0.0,0.0,0.0,2.0,0.0,0.2,0.2,0.1,0.3,7.0,52.0,7.0,0.0,0.0,0.0,0.0,0.0,0.02,0.02,0.04,0.02,0.04,Matches,6.0,2.0,33.3,0.79,0.26,0.0,0.0,30.3,0.0,0.03,-0.2,-0.2,514.0,551.0,93.3,9071.0,2067.0,229.0,238.0,96.2,243.0,255.0,95.3,39.0,52.0,75.0,0.5,-0.1,5.0,76.0,11.0,0.0,540.0,11.0,0.0,3.0,0.0,2.0,0.0,0.0,0.0,0.0,0.0,2.0,14.0,1.84,14.0,0.0,0.0,0.0,0.0,1.0,0.13,1.0,0.0,0.0,0.0,0.0,7.0,5.0,3.0,4.0,0.0,2.0,100.0,0.0,4.0,9.0,16.0,9.0,0.0,617.0,23.0,1.0,3.0,50.0,2.0,33.3,385.0,0.0,11.0,5.0,490.0,53.0,33.0,72.0,5,4,8.0,5,2.31,14.0,2.0,12.0,1.58,-0.04,12.1,4.7,7.4,0.97,0.18,0.0,18.0,0.0,0.0,0.0,30.0,3.0,37.5,1.71,1.18,89.87,0.0,0.0,0.0,0.0,0.0,0.0,0.26,0.0,0.03,0.03,0.01,0.04,0.92,6.84,0.92,0.0,0.0,0.0,0.0,0.0,0.0,0.0,0.01,0.0,0.01,0.79,0.26,0.1,0.03,3.99,0.0,-0.03,-0.03,67.63,72.5,1193.55,271.97,30.13,31.32,31.97,33.55,5.13,6.84,0.07,-0.01,0.66,10.0,1.45,0.0,71.05,1.45,0.0,0.39,0.0,0.26,0.0,0.0,0.0,0.0,0.0,0.26,1.84,0.24,1.84,0.0,0.0,0.0,0.0,0.13,0.02,0.13,0.0,0.0,0.0,0.0,0.92,0.66,0.39,0.53,0.0,0.26,0.0,0.53,1.18,2.11,1.18,0.0,81.18,3.03,0.13,0.39,0.26,50.66,0.0,1.45,0.66,64.47,0.66,0.53,0.66,0.3,1.84,0.26,1.58,0.21,1.59,0.62,0.97,0.13,0.0,2.37,0.0,0.0,0.0,3.95,0.39
16.0,Allan,br BRA,"MF,FW",Botafogo (RJ),34-258,1991.0,12.0,7.0,518.0,5.8,0.0,0.0,0.0,0.0,0.0,0.0,3.0,0.0,0.1,0.1,0.2,0.3,3.0,36.0,14.0,0.0,0.0,0.0,0.0,0.0,0.01,0.04,0.05,0.01,0.05,Matches,6.0,2.0,33.3,0.79,0.26,0.0,0.0,30.3,0.0,0.03,-0.2,-0.2,514.0,551.0,93.3,9071.0,2067.0,229.0,238.0,96.2,243.0,255.0,95.3,39.0,52.0,75.0,0.5,-0.1,5.0,76.0,11.0,0.0,540.0,11.0,0.0,3.0,0.0,2.0,0.0,0.0,0.0,0.0,0.0,2.0,14.0,1.84,14.0,0.0,0.0,0.0,0.0,1.0,0.13,1.0,0.0,0.0,0.0,0.0,7.0,5.0,3.0,4.0,0.0,2.0,100.0,0.0,4.0,9.0,16.0,9.0,0.0,617.0,23.0,1.0,3.0,50.0,2.0,33.3,385.0,0.0,11.0,5.0,490.0,53.0,33.0,72.0,5,4,8.0,5,2.31,14.0,2.0,12.0,1.58,-0.04,12.1,4.7,7.4,0.97,0.18,0.0,18.0,0.0,0.0,0.0,30.0,3.0,37.5,2.07,1.21,89.31,0.0,0.0,0.0,0.0,0.0,0.0,0.52,0.0,0.02,0.02,0.03,0.05,0.52,6.21,2.41,0.0,0.0,0.0,0.0,0.0,0.0,0.01,0.01,0.0,0.01,1.03,0.34,0.14,0.04,5.22,0.0,-0.03,-0.03,88.62,95.0,1563.97,356.38,39.48,41.03,41.9,43.97,6.72,8.97,0.09,-0.02,0.86,13.1,1.9,0.0,93.1,1.9,0.0,0.52,0.0,0.34,0.0,0.0,0.0,0.0,0.0,0.34,2.41,0.32,2.41,0.0,0.0,0.0,0.0,0.17,0.02,0.17,0.0,0.0,0.0,0.0,1.21,0.86,0.52,0.69,0.0,0.34,0.0,0.69,1.55,2.76,1.55,0.0,106.38,3.97,0.17,0.52,0.34,66.38,0.0,1.9,0.86,84.48,0.86,0.69,0.86,0.4,2.41,0.34,2.07,0.27,2.09,0.81,1.28,0.17,0.0,3.1,0.0,0.0,0.0,5.17,0.52
178.0,Alysson Edward,br BRA,"FW,MF",Grêmio,19-141,2006.0,18.0,12.0,1021.0,11.3,1.0,1.0,2.0,1.0,0.0,0.0,2.0,0.0,1.9,1.9,1.1,3.0,31.0,19.0,70.0,0.09,0.09,0.18,0.09,0.18,0.17,0.1,0.27,0.17,0.27,Matches,23.0,7.0,30.4,2.03,0.62,0.04,0.14,17.3,0.0,0.08,-0.9,-0.9,197.0,288.0,68.4,3109.0,567.0,100.0,132.0,75.8,70.0,92.0,76.1,17.0,30.0,56.7,0.9,-0.1,7.0,13.0,6.0,3.0,285.0,3.0,0.0,2.0,20.0,1.0,0.0,0.0,0.0,0.0,0.0,14.0,29.0,2.55,12.0,0.0,5.0,6.0,0.0,4.0,0.35,2.0,0.0,1.0,1.0,0.0,34.0,16.0,15.0,13.0,6.0,15.0,68.2,7.0,18.0,10.0,44.0,6.0,0.0,487.0,8.0,40.0,17.0,34.0,27.0,54.0,291.0,13.0,45.0,28.0,346.0,57.0,49.3,73.0,2,6,25.0,2,1.11,12.0,14.0,-2.0,-0.18,0.17,12.3,17.8,-5.5,-0.49,0.03,0.0,14.0,1.0,0.0,0.0,39.0,31.0,43.7,1.59,1.06,90.35,0.09,0.09,0.18,0.09,0.0,0.0,0.18,0.0,0.17,0.17,0.1,0.27,2.74,1.68,6.19,0.01,0.01,0.02,0.01,0.02,0.02,0.01,0.02,0.02,0.02,2.04,0.62,0.18,0.05,1.53,0.0,-0.08,-0.08,17.43,25.49,275.13,50.18,8.85,11.68,6.19,8.14,1.5,2.65,0.08,-0.01,0.62,1.15,0.53,0.27,25.22,0.27,0.0,0.18,1.77,0.09,0.0,0.0,0.0,0.0,0.0,1.24,2.57,0.23,1.06,0.0,0.44,0.53,0.0,0.35,0.03,0.18,0.0,0.09,0.09,0.0,3.01,1.42,1.33,1.15,0.53,1.33,0.62,1.59,0.88,3.89,0.53,0.0,43.1,0.71,3.54,1.5,2.39,25.75,1.15,3.98,2.48,30.62,0.18,0.53,0.18,0.1,1.06,1.24,-0.18,-0.02,1.09,1.58,-0.49,-0.04,0.0,1.24,0.09,0.0,0.0,3.45,2.74
119.0,André Carrillo,pe PER,MF,Corinthians,34-101,1991.0,15.0,11.0,916.0,10.2,1.0,0.0,1.0,1.0,0.0,0.0,1.0,0.0,1.0,1.0,1.4,2.4,24.0,60.0,65.0,0.1,0.0,0.1,0.1,0.1,0.1,0.14,0.24,0.1,0.24,Matches,7.0,2.0,28.6,0.69,0.2,0.14,0.5,18.8,0.0,0.15,0.0,0.0,604.0,686.0,88.0,11286.0,2753.0,233.0,253.0,92.1,288.0,320.0,90.0,73.0,86.0,84.9,1.9,-1.4,14.0,69.0,9.0,4.0,662.0,24.0,2.0,8.0,29.0,14.0,1.0,0.0,1.0,0.0,0.0,9.0,25.0,2.46,22.0,1.0,0.0,0.0,1.0,3.0,0.29,3.0,0.0,0.0,0.0,0.0,14.0,9.0,11.0,2.0,1.0,3.0,18.8,13.0,6.0,8.0,22.0,9.0,0.0,768.0,11.0,21.0,7.0,43.8,8.0,50.0,510.0,4.0,13.0,8.0,617.0,61.0,42.4,75.0,2,4,23.0,1,1.27,12.0,13.0,-1.0,-0.1,0.19,14.0,10.4,3.6,0.36,0.82,0.0,18.0,0.0,0.0,0.0,54.0,0.0,0.0,1.47,1.08,89.8,0.1,0.0,0.1,0.1,0.0,0.0,0.1,0.0,0.1,0.1,0.14,0.24,2.35,5.88,6.37,0.01,0.0,0.01,0.01,0.01,0.01,0.01,0.02,0.01,0.02,0.69,0.2,0.07,0.02,1.84,0.0,0.0,0.0,59.22,67.25,1106.47,269.9,22.84,24.8,28.24,31.37,7.16,8.43,0.19,-0.14,1.37,6.76,0.88,0.39,64.9,2.35,0.2,0.78,2.84,1.37,0.1,0.0,0.1,0.0,0.0,0.88,2.45,0.24,2.16,0.1,0.0,0.0,0.1,0.29,0.03,0.29,0.0,0.0,0.0,0.0,1.37,0.88,1.08,0.2,0.1,0.29,1.27,0.59,0.78,2.16,0.88,0.0,75.29,1.08,2.06,0.69,0.78,50.0,0.39,1.27,0.78,60.49,0.2,0.39,0.1,0.12,1.18,1.27,-0.1,-0.01,1.37,1.02,0.35,0.04,0.0,1.76,0.0,0.0,0.0,5.29,0.0
522.0,André Ramalho,br BRA,DF,Corinthians,33-219,1992.0,18.0,18.0,1609.0,17.9,0.0,0.0,0.0,0.0,0.0,0.0,4.0,0.0,0.5,0.5,0.2,0.7,12.0,82.0,2.0,0.0,0.0,0.0,0.0,0.0,0.03,0.01,0.04,0.03,0.04,Matches,9.0,1.0,11.1,0.5,0.06,0.0,0.0,20.3,1.0,0.05,-0.5,-0.5,1119.0,1221.0,91.6,24472.0,8664.0,237.0,258.0,91.9,717.0,746.0,96.1,161.0,199.0,80.9,0.2,-0.2,5.0,83.0,1.0,0.0,1167.0,52.0,0.0,7.0,3.0,2.0,0.0,0.0,0.0,0.0,2.0,3.0,17.0,0.95,16.0,0.0,0.0,0.0,0.0,1.0,0.06,1.0,0.0,0.0,0.0,0.0,25.0,12.0,15.0,10.0,0.0,16.0,72.7,6.0,5.0,15.0,40.0,85.0,1.0,1380.0,136.0,10.0,0.0,0.0,1.0,100.0,825.0,1.0,7.0,2.0,1014.0,89.0,74.5,89.0,16,0,,5,1.33,19.0,21.0,-2.0,-0.11,0.38,18.3,21.7,-3.4,-0.19,-0.28,0.0,19.0,0.0,1.0,0.0,50.0,37.0,66.1,1.01,1.01,89.89,0.0,0.0,0.0,0.0,0.0,0.0,0.22,0.0,0.03,0.03,0.01,0.04,0.67,4.58,0.11,0.0,0.0,0.0,0.0,0.0,0.0,0.0,0.0,0.0,0.0,0.5,0.06,0.03,0.0,1.13,0.06,-0.03,-0.03,62.51,68.21,1367.15,484.02,13.24,14.41,40.06,41.68,8.99,11.12,0.01,-0.01,0.28,4.64,0.06,0.0,65.2,2.91,0.0,0.39,0.17,0.11,0.0,0.0,0.0,0.0,0.11,0.17,0.95,0.05,0.89,0.0,0.0,0.0,0.0,0.06,0.0,0.06,0.0,0.0,0.0,0.0,1.4,0.67,0.84,0.56,0.0,0.89,0.34,0.28,0.84,2.23,4.75,0.06,77.09,7.6,0.56,0.0,0.06,46.09,0.06,0.39,0.11,56.65,0.89,0.0,0.28,0.07,1.06,1.17,-0.11,-0.01,1.02,1.21,-0.19,-0.01,0.0,1.06,0.0,0.06,0.0,2.79,2.07
616.0,André Silva,br BRA,FW,São Paulo,28-112,1997.0,20.0,15.0,1357.0,15.1,5.0,2.0,7.0,4.0,1.0,1.0,5.0,0.0,4.5,3.7,2.6,6.3,9.0,17.0,62.0,0.33,0.13,0.46,0.27,0.4,0.3,0.17,0.47,0.25,0.42,Matches,37.0,8.0,21.6,2.45,0.53,0.11,0.5,14.7,0.0,0.1,0.5,0.3,183.0,266.0,68.8,2715.0,351.0,94.0,129.0,72.9,69.0,96.0,71.9,9.0,15.0,60.0,1.7,-0.6,15.0,9.0,6.0,1.0,239.0,24.0,3.0,1.0,11.0,2.0,0.0,0.0,0.0,0.0,3.0,7.0,33.0,2.19,25.0,1.0,1.0,1.0,0.0,3.0,0.2,3.0,0.0,0.0,0.0,0.0,12.0,5.0,2.0,4.0,6.0,1.0,25.0,3.0,9.0,10.0,22.0,15.0,0.0,426.0,14.0,61.0,1.0,7.1,12.0,85.7,246.0,7.0,38.0,14.0,296.0,68.0,62.8,80.0,6,5,32.0,0,1.6,16.0,14.0,2.0,0.13,0.02,18.0,14.3,3.7,0.24,0.01,0.0,22.0,0.0,0.0,0.0,27.0,32.0,39.5,1.32,0.99,89.87,0.33,0.13,0.46,0.26,0.07,0.07,0.33,0.0,0.3,0.25,0.17,0.42,0.6,1.13,4.11,0.02,0.01,0.03,0.02,0.03,0.02,0.01,0.03,0.02,0.03,2.45,0.53,0.16,0.04,0.97,0.0,0.03,0.02,12.12,17.62,179.8,23.25,6.23,8.54,4.57,6.36,0.6,0.99,0.11,-0.04,0.99,0.6,0.4,0.07,15.83,1.59,0.2,0.07,0.73,0.13,0.0,0.0,0.0,0.0,0.2,0.46,2.19,0.15,1.66,0.07,0.07,0.07,0.0,0.2,0.01,0.2,0.0,0.0,0.0,0.0,0.79,0.33,0.13,0.26,0.4,0.07,0.2,0.6,0.66,1.46,0.99,0.0,28.21,0.93,4.04,0.07,0.79,16.29,0.46,2.52,0.93,19.6,0.4,0.33,0.0,0.11,1.06,0.93,0.13,0.01,1.19,0.95,0.25,0.02,0.0,1.46,0.0,0.0,0.0,1.79,2.12
27.0,Anthoni,br BRA,GK,Internacional,23-243,2002.0,13.0,12.0,1125.0,12.5,0.0,0.0,0.0,0.0,0.0,0.0,0.0,0.0,0.0,0.0,0.0,0.0,0.0,0.0,0.0,0.0,0.0,0.0,0.0,0.0,0.0,0.0,0.0,0.0,0.0,Matches,0.0,0.0,,0.0,0.0,,,,0.0,,0.0,0.0,221.0,304.0,72.7,5521.0,4023.0,58.0,59.0,98.3,97.0,98.0,99.0,61.0,142.0,43.0,0.0,0.0,0.0,2.0,0.0,0.0,199.0,105.0,0.0,1.0,0.0,0.0,0.0,0.0,0.0,0.0,0.0,0.0,1.0,0.08,1.0,0.0,0.0,0.0,0.0,0.0,0.0,0.0,0.0,0.0,0.0,0.0,1.0,1.0,1.0,0.0,0.0,1.0,33.3,2.0,0.0,0.0,1.0,10.0,4.0,330.0,275.0,0.0,0.0,,0.0,,145.0,0.0,2.0,0.0,129.0,87.0,54.3,90.0,12,1,45.0,10,0.85,12.0,21.0,-9.0,-0.72,-0.82,16.0,14.5,1.5,0.12,-0.6,0.0,0.0,0.0,0.0,1.0,14.0,4.0,100.0,1.04,0.96,90.0,0.0,0.0,0.0,0.0,0.0,0.0,0.0,0.0,0.0,0.0,0.0,0.0,0.0,0.0,0.0,0.0,0.0,0.0,0.0,0.0,0.0,0.0,0.0,0.0,0.0,0.0,0.0,0.0,0.0,,0.0,0.0,0.0,17.68,24.32,441.68,321.84,4.64,4.72,7.76,7.84,4.88,11.36,0.0,0.0,0.0,0.16,0.0,0.0,15.92,8.4,0.0,0.08,0.0,0.0,0.0,0.0,0.0,0.0,0.0,0.0,0.08,0.01,0.08,0.0,0.0,0.0,0.0,0.0,0.0,0.0,0.0,0.0,0.0,0.0,0.08,0.08,0.08,0.0,0.0,0.08,0.16,0.0,0.0,0.08,0.8,0.32,26.4,22.0,0.0,0.0,0.0,11.6,0.0,0.16,0.0,10.32,0.96,0.08,0.8,0.07,0.96,1.68,-0.72,-0.06,1.28,1.16,0.12,0.01,0.0,0.0,0.0,0.0,0.08,1.12,0.32
230.0,Antonio Galeano,py PAR,FW,Ceará,25-185,2000.0,23.0,23.0,1933.0,21.5,5.0,2.0,7.0,5.0,0.0,0.0,2.0,0.0,3.9,3.9,2.0,5.9,46.0,42.0,127.0,0.23,0.09,0.33,0.23,0.33,0.18,0.09,0.28,0.18,0.28,Matches,30.0,11.0,36.7,1.4,0.51,0.17,0.45,18.1,0.0,0.13,1.1,1.1,411.0,557.0,73.8,5974.0,1377.0,235.0,271.0,86.7,133.0,180.0,73.9,22.0,51.0,43.1,1.0,0.0,15.0,31.0,13.0,7.0,543.0,11.0,3.0,2.0,52.0,11.0,0.0,0.0,0.0,0.0,3.0,20.0,34.0,1.59,24.0,0.0,1.0,3.0,0.0,3.0,0.14,3.0,0.0,0.0,0.0,0.0,26.0,11.0,14.0,11.0,1.0,12.0,42.9,16.0,17.0,5.0,31.0,27.0,1.0,773.0,18.0,44.0,7.0,17.5,24.0,60.0,449.0,7.0,40.0,23.0,541.0,84.0,93.4,84.0,8,0,,0,1.22,20.0,20.0,0.0,0.0,0.66,21.4,21.1,0.3,0.01,0.2,0.0,16.0,0.0,0.0,0.0,88.0,24.0,47.1,1.07,1.07,89.91,0.23,0.09,0.33,0.23,0.0,0.0,0.09,0.0,0.18,0.18,0.09,0.27,2.14,1.95,5.91,0.01,0.0,0.02,0.01,0.02,0.01,0.0,0.01,0.01,0.01,1.4,0.51,0.07,0.02,0.84,0.0,0.05,0.05,19.12,25.91,277.86,64.05,10.93,12.6,6.19,8.37,1.02,2.37,0.05,0.0,0.7,1.44,0.6,0.33,25.26,0.51,0.14,0.09,2.42,0.51,0.0,0.0,0.0,0.0,0.14,0.93,1.58,0.07,1.12,0.0,0.05,0.14,0.0,0.14,0.01,0.14,0.0,0.0,0.0,0.0,1.21,0.51,0.65,0.51,0.05,0.56,0.74,0.79,0.23,1.44,1.26,0.05,35.95,0.84,2.05,0.33,1.12,20.88,0.33,1.86,1.07,25.16,0.37,0.0,0.0,0.06,0.93,0.93,0.0,0.0,1.0,0.98,0.01,0.0,0.0,0.74,0.0,0.0,0.0,4.09,1.12
433.0,Aníbal Moreno,ar ARG,MF,Palmeiras,26-133,1999.0,16.0,10.0,986.0,11.0,0.0,0.0,0.0,0.0,0.0,0.0,3.0,0.0,0.1,0.1,0.8,1.0,12.0,40.0,5.0,0.0,0.0,0.0,0.0,0.0,0.01,0.08,0.09,0.01,0.09,Matches,7.0,1.0,14.3,0.64,0.09,0.0,0.0,27.3,0.0,0.02,-0.1,-0.1,513.0,597.0,85.9,10430.0,2648.0,172.0,190.0,90.5,249.0,277.0,89.9,83.0,109.0,76.1,0.8,-0.8,3.0,37.0,4.0,1.0,575.0,19.0,3.0,4.0,9.0,0.0,0.0,0.0,0.0,0.0,3.0,4.0,17.0,1.55,15.0,1.0,0.0,1.0,0.0,1.0,0.09,1.0,0.0,0.0,0.0,0.0,30.0,20.0,14.0,12.0,4.0,19.0,65.5,10.0,13.0,13.0,43.0,18.0,0.0,701.0,27.0,3.0,7.0,70.0,3.0,30.0,398.0,0.0,10.0,11.0,462.0,62.0,49.8,86.0,5,6,22.0,2,2.38,17.0,6.0,11.0,1.0,0.37,17.0,8.5,8.6,0.78,0.15,0.0,12.0,0.0,0.0,0.0,56.0,9.0,52.9,1.45,0.91,89.64,0.0,0.0,0.0,0.0,0.0,0.0,0.27,0.0,0.01,0.01,0.07,0.09,1.09,3.64,0.45,0.0,0.0,0.0,0.0,0.0,0.0,0.01,0.01,0.0,0.01,0.64,0.09,0.06,0.01,2.48,0.0,-0.01,-0.01,46.64,54.27,948.18,240.73,15.64,17.27,22.64,25.18,7.55,9.91,0.07,-0.07,0.27,3.36,0.36,0.09,52.27,1.73,0.27,0.36,0.82,0.0,0.0,0.0,0.0,0.0,0.27,0.36,1.55,0.14,1.36,0.09,0.0,0.09,0.0,0.09,0.01,0.09,0.0,0.0,0.0,0.0,2.73,1.82,1.27,1.09,0.36,1.73,0.91,1.18,1.18,3.91,1.64,0.0,63.73,2.45,0.27,0.64,0.27,36.18,0.0,0.91,1.0,42.0,0.45,0.55,0.18,0.22,1.55,0.55,1.0,0.09,1.55,0.77,0.78,0.07,0.0,1.09,0.0,0.0,0.0,5.09,0.82
98.0,Arthur Cabral,br BRA,FW,Botafogo (RJ),27-151,1998.0,8.0,8.0,687.0,7.6,3.0,2.0,5.0,3.0,0.0,0.0,0.0,0.0,2.8,2.8,0.5,3.3,8.0,15.0,22.0,0.39,0.26,0.66,0.39,0.66,0.36,0.07,0.43,0.36,0.43,Matches,21.0,7.0,33.3,2.75,0.92,0.14,0.43,14.7,0.0,0.13,0.2,0.2,91.0,109.0,83.5,1344.0,296.0,53.0,60.0,88.3,30.0,36.0,83.3,6.0,7.0,85.7,0.3,1.5,10.0,7.0,5.0,0.0,105.0,4.0,0.0,2.0,0.0,0.0,0.0,0.0,0.0,0.0,0.0,2.0,15.0,1.97,11.0,0.0,2.0,1.0,0.0,4.0,0.52,1.0,0.0,2.0,1.0,0.0,9.0,4.0,1.0,4.0,4.0,3.0,75.0,1.0,3.0,0.0,9.0,4.0,0.0,188.0,3.0,38.0,8.0,61.5,5.0,38.5,104.0,6.0,16.0,6.0,128.0,86.0,33.2,86.0,6,0,,0,2.13,14.0,5.0,9.0,1.18,0.66,11.3,5.8,5.5,0.72,0.58,0.0,10.0,1.0,0.0,0.0,19.0,16.0,44.4,1.05,1.05,90.39,0.39,0.26,0.66,0.39,0.0,0.0,0.0,0.0,0.37,0.37,0.07,0.43,1.05,1.97,2.89,0.05,0.03,0.09,0.05,0.09,0.05,0.01,0.06,0.05,0.06,2.76,0.92,0.36,0.12,1.93,0.0,0.03,0.03,11.97,14.34,176.84,38.95,6.97,7.89,3.95,4.74,0.79,0.92,0.04,0.2,1.32,0.92,0.66,0.0,13.82,0.53,0.0,0.26,0.0,0.0,0.0,0.0,0.0,0.0,0.0,0.26,1.97,0.26,1.45,0.0,0.26,0.13,0.0,0.53,0.07,0.13,0.0,0.26,0.13,0.0,1.18,0.53,0.13,0.53,0.53,0.39,0.13,0.39,0.0,1.18,0.53,0.0,24.74,0.39,5.0,1.05,0.66,13.68,0.79,2.11,0.79,16.84,0.79,0.0,0.0,0.28,1.84,0.66,1.18,0.16,1.49,0.76,0.72,0.09,0.0,1.32,0.13,0.0,0.0,2.5,2.11
43.0,Artur,br BRA,"FW,MF",Botafogo (RJ),27-220,1998.0,16.0,14.0,1167.0,13.0,2.0,4.0,6.0,2.0,0.0,0.0,1.0,0.0,3.1,3.1,2.7,5.7,49.0,52.0,125.0,0.15,0.31,0.46,0.15,0.46,0.24,0.21,0.44,0.24,0.44,Matches,25.0,9.0,36.0,1.93,0.69,0.08,0.22,18.5,0.0,0.12,-1.1,-1.1,320.0,412.0,77.7,5226.0,1315.0,161.0,188.0,85.6,125.0,158.0,79.1,24.0,43.0,55.8,2.7,1.3,26.0,22.0,21.0,6.0,393.0,18.0,3.0,2.0,33.0,7.0,8.0,5.0,1.0,0.0,1.0,4.0,59.0,4.55,53.0,1.0,1.0,2.0,0.0,6.0,0.46,6.0,0.0,0.0,0.0,0.0,11.0,9.0,3.0,4.0,4.0,5.0,45.5,6.0,7.0,6.0,17.0,6.0,0.0,536.0,1.0,59.0,24.0,51.1,21.0,44.7,343.0,18.0,25.0,12.0,386.0,73.0,56.4,81.0,5,2,20.0,1,1.88,21.0,9.0,12.0,0.93,0.43,18.0,12.2,5.8,0.44,0.26,0.0,9.0,0.0,0.0,0.0,49.0,5.0,41.7,1.23,1.08,89.77,0.15,0.31,0.46,0.15,0.0,0.0,0.08,0.0,0.24,0.24,0.21,0.44,3.77,4.0,9.62,0.01,0.02,0.04,0.01,0.04,0.02,0.02,0.03,0.02,0.03,1.92,0.69,0.15,0.05,1.42,0.0,-0.08,-0.08,24.62,31.69,402.0,101.15,12.38,14.46,9.62,12.15,1.85,3.31,0.21,0.1,2.0,1.69,1.62,0.46,30.23,1.38,0.23,0.15,2.54,0.54,0.62,0.38,0.08,0.0,0.08,0.31,4.54,0.35,4.08,0.08,0.08,0.15,0.0,0.46,0.04,0.46,0.0,0.0,0.0,0.0,0.85,0.69,0.23,0.31,0.31,0.38,0.46,0.54,0.46,1.31,0.46,0.0,41.23,0.08,4.54,1.85,1.62,26.38,1.38,1.92,0.92,29.69,0.38,0.15,0.08,0.14,1.62,0.69,0.92,0.07,1.38,0.94,0.45,0.03,0.0,0.69,0.0,0.0,0.0,3.77,0.38
50.0,Aylon,br BRA,"FW,MF",Ceará,33-169,1992.0,15.0,8.0,657.0,7.3,2.0,0.0,2.0,2.0,0.0,0.0,2.0,0.0,2.5,2.5,0.0,2.5,7.0,15.0,36.0,0.27,0.0,0.27,0.27,0.27,0.34,0.0,0.34,0.34,0.34,Matches,15.0,6.0,40.0,2.05,0.82,0.13,0.33,18.4,0.0,0.17,-0.5,-0.5,105.0,156.0,67.3,1465.0,359.0,73.0,92.0,79.3,26.0,40.0,65.0,4.0,7.0,57.1,0.2,0.0,1.0,7.0,4.0,2.0,148.0,8.0,0.0,1.0,6.0,1.0,0.0,0.0,0.0,0.0,0.0,7.0,16.0,2.19,8.0,0.0,3.0,3.0,0.0,2.0,0.27,1.0,0.0,1.0,0.0,0.0,14.0,10.0,3.0,10.0,1.0,8.0,44.4,10.0,13.0,2.0,16.0,7.0,0.0,248.0,5.0,22.0,9.0,60.0,5.0,33.3,119.0,2.0,15.0,8.0,151.0,44.0,31.7,64.0,0,7,20.0,4,0.87,6.0,4.0,2.0,0.27,0.47,8.6,6.7,2.0,0.27,0.39,0.0,20.0,1.0,0.0,0.0,20.0,15.0,45.5,2.05,1.1,90.0,0.27,0.0,0.27,0.27,0.0,0.0,0.27,0.0,0.34,0.34,0.0,0.34,0.96,2.05,4.93,0.04,0.0,0.04,0.04,0.04,0.05,0.0,0.05,0.05,0.05,2.05,0.82,0.28,0.11,2.52,0.0,-0.07,-0.07,14.38,21.37,200.68,49.18,10.0,12.6,3.56,5.48,0.55,0.96,0.03,0.0,0.14,0.96,0.55,0.27,20.27,1.1,0.0,0.14,0.82,0.14,0.0,0.0,0.0,0.0,0.0,0.96,2.19,0.3,1.1,0.0,0.41,0.41,0.0,0.27,0.04,0.14,0.0,0.14,0.0,0.0,1.92,1.37,0.41,1.37,0.14,1.1,1.37,1.78,0.27,2.19,0.96,0.0,33.97,0.68,3.01,1.23,0.68,16.3,0.27,2.05,1.1,20.68,0.0,0.96,0.55,0.12,0.82,0.55,0.27,0.04,1.18,0.92,0.27,0.04,0.0,2.74,0.14,0.0,0.0,2.74,2.05
362.0,Ayrton Lucas,br BRA,DF,Flamengo,28-096,1997.0,10.0,6.0,583.0,6.5,1.0,0.0,1.0,1.0,0.0,0.0,3.0,0.0,1.0,1.0,0.3,1.2,15.0,46.0,23.0,0.15,0.0,0.15,0.15,0.15,0.15,0.04,0.19,0.15,0.19,Matches,8.0,3.0,37.5,1.23,0.46,0.13,0.33,25.0,0.0,0.12,0.0,0.0,408.0,446.0,91.5,6523.0,2331.0,204.0,217.0,94.0,173.0,182.0,95.1,23.0,31.0,74.2,0.4,-0.3,5.0,57.0,4.0,3.0,393.0,52.0,0.0,0.0,9.0,48.0,0.0,0.0,0.0,0.0,1.0,6.0,15.0,2.32,11.0,0.0,1.0,1.0,0.0,1.0,0.15,1.0,0.0,0.0,0.0,0.0,17.0,14.0,7.0,10.0,0.0,6.0,54.5,5.0,3.0,3.0,20.0,16.0,0.0,513.0,15.0,7.0,7.0,46.7,7.0,46.7,282.0,3.0,6.0,1.0,360.0,58.0,28.2,79.0,4,4,27.0,8,2.2,15.0,3.0,12.0,1.85,0.34,10.8,4.8,6.0,0.93,0.1,0.0,15.0,0.0,1.0,0.0,26.0,13.0,56.5,1.54,0.92,89.69,0.15,0.0,0.15,0.15,0.0,0.0,0.46,0.0,0.15,0.15,0.05,0.18,2.31,7.08,3.54,0.02,0.0,0.02,0.02,0.02,0.02,0.01,0.03,0.02,0.03,1.23,0.46,0.19,0.07,3.85,0.0,0.0,0.0,62.77,68.62,1003.54,358.62,31.38,33.38,26.62,28.0,3.54,4.77,0.06,-0.05,0.77,8.77,0.62,0.46,60.46,8.0,0.0,0.0,1.38,7.38,0.0,0.0,0.0,0.0,0.15,0.92,2.31,0.36,1.69,0.0,0.15,0.15,0.0,0.15,0.02,0.15,0.0,0.0,0.0,0.0,2.62,2.15,1.08,1.54,0.0,0.92,0.77,0.46,0.46,3.08,2.46,0.0,78.92,2.31,1.08,1.08,1.08,43.38,0.46,0.92,0.15,55.38,0.62,0.62,1.23,0.34,2.31,0.46,1.85,0.28,1.66,0.74,0.92,0.14,0.0,2.31,0.0,0.15,0.0,4.0,2.0
341.0,Benjamín Kuscevic,cl CHI,DF,Fortaleza,29-144,1996.0,17.0,17.0,1520.0,16.9,1.0,0.0,1.0,1.0,0.0,0.0,1.0,0.0,1.0,1.0,0.1,1.0,6.0,30.0,0.0,0.06,0.0,0.06,0.06,0.06,0.06,0.0,0.06,0.06,0.06,Matches,8.0,1.0,12.5,0.47,0.06,0.13,1.0,9.3,0.0,0.12,0.0,0.0,570.0,676.0,84.3,10865.0,3839.0,167.0,182.0,91.8,350.0,373.0,93.8,46.0,99.0,46.5,0.1,-0.1,2.0,23.0,0.0,0.0,634.0,38.0,0.0,3.0,2.0,5.0,0.0,0.0,0.0,0.0,4.0,5.0,5.0,0.3,4.0,1.0,0.0,0.0,0.0,0.0,0.0,0.0,0.0,0.0,0.0,0.0,35.0,24.0,25.0,10.0,0.0,21.0,72.4,8.0,7.0,16.0,51.0,109.0,2.0,874.0,115.0,13.0,2.0,100.0,0.0,0.0,474.0,1.0,6.0,2.0,519.0,89.0,73.4,89.0,16,0,,0,0.88,16.0,26.0,-10.0,-0.59,0.23,18.3,26.7,-8.4,-0.5,-0.71,0.0,19.0,0.0,0.0,0.0,43.0,41.0,66.1,1.01,1.01,89.94,0.06,0.0,0.06,0.06,0.0,0.0,0.06,0.0,0.06,0.06,0.01,0.06,0.36,1.78,0.0,0.0,0.0,0.0,0.0,0.0,0.0,0.0,0.0,0.0,0.0,0.47,0.06,0.03,0.0,0.55,0.0,0.0,0.0,33.73,40.0,642.9,227.16,9.88,10.77,20.71,22.07,2.72,5.86,0.01,-0.01,0.12,1.36,0.0,0.0,37.51,2.25,0.0,0.18,0.12,0.3,0.0,0.0,0.0,0.0,0.24,0.3,0.3,0.02,0.24,0.06,0.0,0.0,0.0,0.0,0.0,0.0,0.0,0.0,0.0,0.0,2.07,1.42,1.48,0.59,0.0,1.24,0.47,0.41,0.95,3.02,6.45,0.12,51.72,6.8,0.77,0.12,0.0,28.05,0.06,0.36,0.12,30.71,0.95,0.0,0.0,0.05,0.95,1.54,-0.59,-0.03,1.08,1.58,-0.5,-0.03,0.0,1.12,0.0,0.0,0.0,2.54,2.43
567.0,Benjamín Rollheiser,ar ARG,"MF,FW",Santos,25-183,2000.0,21.0,19.0,1505.0,16.7,0.0,2.0,2.0,0.0,0.0,0.0,6.0,0.0,1.4,1.4,3.5,4.9,35.0,89.0,76.0,0.0,0.12,0.12,0.0,0.12,0.08,0.21,0.29,0.08,0.29,Matches,30.0,7.0,23.3,1.79,0.42,0.0,0.0,22.4,2.0,0.05,-1.4,-1.4,604.0,783.0,77.1,10161.0,2836.0,324.0,380.0,85.3,192.0,234.0,82.1,70.0,127.0,55.1,3.9,-1.5,37.0,74.0,23.0,7.0,693.0,85.0,8.0,7.0,72.0,20.0,29.0,8.0,19.0,0.0,5.0,13.0,77.0,4.6,51.0,12.0,3.0,4.0,0.0,3.0,0.18,2.0,0.0,0.0,0.0,0.0,14.0,11.0,5.0,7.0,2.0,6.0,24.0,19.0,10.0,2.0,16.0,9.0,0.0,920.0,12.0,32.0,28.0,60.9,14.0,30.4,562.0,4.0,26.0,21.0,665.0,72.0,72.7,75.0,6,2,37.0,0,1.05,11.0,21.0,-10.0,-0.6,-0.6,16.6,23.2,-6.6,-0.4,-0.74,0.0,20.0,0.0,0.0,0.0,65.0,4.0,26.7,1.26,1.14,90.12,0.0,0.12,0.12,0.0,0.0,0.0,0.36,0.0,0.08,0.08,0.21,0.29,2.1,5.33,4.55,0.0,0.01,0.01,0.0,0.01,0.0,0.01,0.02,0.0,0.02,1.8,0.42,0.11,0.03,1.34,0.12,-0.08,-0.08,36.17,46.89,608.44,169.82,19.4,22.75,11.5,14.01,4.19,7.6,0.23,-0.09,2.22,4.43,1.38,0.42,41.5,5.09,0.48,0.42,4.31,1.2,1.74,0.48,1.14,0.0,0.3,0.78,4.61,0.28,3.05,0.72,0.18,0.24,0.0,0.18,0.01,0.12,0.0,0.0,0.0,0.0,0.84,0.66,0.3,0.42,0.12,0.36,1.14,0.6,0.12,0.96,0.54,0.0,55.09,0.72,1.92,1.68,0.84,33.65,0.24,1.56,1.26,39.82,0.36,0.12,0.0,0.06,0.66,1.26,-0.6,-0.04,0.99,1.39,-0.4,-0.02,0.0,1.2,0.0,0.0,0.0,3.89,0.24
5.0,Braian Aguirre,ar ARG,DF,Internacional,25-057,2000.0,21.0,20.0,1787.0,19.9,1.0,0.0,1.0,1.0,0.0,0.0,3.0,0.0,0.5,0.5,1.0,1.5,28.0,95.0,108.0,0.05,0.0,0.05,0.05,0.05,0.02,0.05,0.07,0.02,0.07,Matches,15.0,4.0,26.7,0.76,0.2,0.07,0.25,28.7,0.0,0.03,0.5,0.5,863.0,1115.0,77.4,15510.0,5628.0,374.0,422.0,88.6,389.0,490.0,79.4,87.0,145.0,60.0,0.9,-1.0,11.0,72.0,19.0,8.0,918.0,193.0,1.0,4.0,58.0,176.0,0.0,0.0,0.0,0.0,4.0,26.0,34.0,1.71,29.0,1.0,1.0,1.0,1.0,2.0,0.1,2.0,0.0,0.0,0.0,0.0,50.0,30.0,21.0,22.0,7.0,36.0,67.9,17.0,11.0,22.0,72.0,72.0,2.0,1345.0,59.0,14.0,12.0,54.5,10.0,45.5,688.0,3.0,23.0,7.0,770.0,85.0,86.3,88.0,18,1,27.0,2,1.14,20.0,32.0,-12.0,-0.6,-1.88,28.6,23.1,5.5,0.27,-0.88,0.0,26.0,1.0,0.0,0.0,86.0,12.0,37.5,1.06,1.01,89.8,0.05,0.0,0.05,0.05,0.0,0.0,0.15,0.0,0.03,0.03,0.05,0.08,1.41,4.77,5.43,0.0,0.0,0.0,0.0,0.0,0.0,0.0,0.0,0.0,0.0,0.75,0.2,0.04,0.01,1.44,0.0,0.03,0.03,43.37,56.03,779.4,282.81,18.79,21.21,19.55,24.62,4.37,7.29,0.05,-0.05,0.55,3.62,0.95,0.4,46.13,9.7,0.05,0.2,2.91,8.84,0.0,0.0,0.0,0.0,0.2,1.31,1.71,0.09,1.46,0.05,0.05,0.05,0.05,0.1,0.01,0.1,0.0,0.0,0.0,0.0,2.51,1.51,1.06,1.11,0.35,1.81,0.85,0.55,1.11,3.62,3.62,0.1,67.59,2.96,0.7,0.6,0.5,34.57,0.15,1.16,0.35,38.69,0.9,0.05,0.1,0.06,1.01,1.61,-0.6,-0.03,1.44,1.16,0.28,0.01,0.0,1.31,0.05,0.0,0.0,4.32,0.6
92.0,Breno,br BRA,"FW,MF",Fortaleza,29-242,1996.0,17.0,15.0,1143.0,12.7,4.0,0.0,4.0,4.0,0.0,0.0,3.0,0.0,3.6,3.6,1.3,4.9,49.0,36.0,105.0,0.31,0.0,0.31,0.31,0.31,0.28,0.1,0.39,0.28,0.39,Matches,28.0,10.0,35.7,2.2,0.79,0.14,0.4,19.0,0.0,0.13,0.4,0.4,293.0,388.0,75.5,4543.0,799.0,154.0,178.0,86.5,103.0,132.0,78.0,25.0,47.0,53.2,1.1,-1.3,22.0,25.0,11.0,3.0,348.0,39.0,1.0,1.0,56.0,7.0,19.0,13.0,1.0,0.0,1.0,16.0,57.0,4.48,32.0,4.0,6.0,10.0,0.0,4.0,0.31,3.0,0.0,0.0,1.0,0.0,4.0,2.0,3.0,1.0,0.0,1.0,20.0,4.0,6.0,2.0,6.0,4.0,0.0,482.0,1.0,41.0,11.0,39.3,11.0,39.3,335.0,20.0,15.0,16.0,376.0,67.0,55.2,73.0,2,2,28.0,0,0.76,14.0,23.0,-9.0,-0.71,-0.13,15.8,22.6,-6.8,-0.54,-0.51,0.0,7.0,0.0,0.0,0.0,39.0,7.0,33.3,1.34,1.18,90.0,0.31,0.0,0.31,0.31,0.0,0.0,0.24,0.0,0.28,0.28,0.1,0.39,3.86,2.83,8.27,0.02,0.0,0.02,0.02,0.02,0.02,0.01,0.03,0.02,0.03,2.2,0.79,0.17,0.06,1.5,0.0,0.03,0.03,23.07,30.55,357.72,62.91,12.13,14.02,8.11,10.39,1.97,3.7,0.09,-0.1,1.73,1.97,0.87,0.24,27.4,3.07,0.08,0.08,4.41,0.55,1.5,1.02,0.08,0.0,0.08,1.26,4.49,0.35,2.52,0.31,0.47,0.79,0.0,0.31,0.02,0.24,0.0,0.0,0.08,0.0,0.31,0.16,0.24,0.08,0.0,0.08,0.31,0.47,0.16,0.47,0.31,0.0,37.95,0.08,3.23,0.87,0.87,26.38,1.57,1.18,1.26,29.61,0.16,0.16,0.0,0.06,1.1,1.81,-0.71,-0.06,1.24,1.78,-0.54,-0.04,0.0,0.55,0.0,0.0,0.0,3.07,0.55
93.0,Breno,br BRA,MF,Corinthians,20-215,2005.0,21.0,19.0,1617.0,18.0,1.0,1.0,2.0,1.0,0.0,0.0,6.0,0.0,0.5,0.5,1.3,1.8,26.0,94.0,49.0,0.06,0.06,0.11,0.06,0.11,0.03,0.07,0.1,0.03,0.1,Matches,28.0,10.0,35.7,2.2,0.79,0.14,0.4,19.0,0.0,0.13,0.4,0.4,293.0,388.0,75.5,4543.0,799.0,154.0,178.0,86.5,103.0,132.0,78.0,25.0,47.0,53.2,1.1,-1.3,22.0,25.0,11.0,3.0,348.0,39.0,1.0,1.0,56.0,7.0,19.0,13.0,1.0,0.0,1.0,16.0,57.0,4.48,32.0,4.0,6.0,10.0,0.0,4.0,0.31,3.0,0.0,0.0,1.0,0.0,4.0,2.0,3.0,1.0,0.0,1.0,20.0,4.0,6.0,2.0,6.0,4.0,0.0,482.0,1.0,41.0,11.0,39.3,11.0,39.3,335.0,20.0,15.0,16.0,376.0,67.0,55.2,73.0,2,2,28.0,0,0.76,14.0,23.0,-9.0,-0.71,-0.13,15.8,22.6,-6.8,-0.54,-0.51,0.0,7.0,0.0,0.0,0.0,39.0,7.0,33.3,1.17,1.06,89.83,0.06,0.06,0.11,0.06,0.0,0.0,0.33,0.0,0.03,0.03,0.07,0.1,1.44,5.22,2.72,0.0,0.0,0.01,0.0,0.01,0.0,0.0,0.01,0.0,0.01,1.56,0.56,0.12,0.04,1.06,0.0,0.02,0.02,16.28,21.56,252.39,44.39,8.56,9.89,5.72,7.33,1.39,2.61,0.06,-0.07,1.22,1.39,0.61,0.17,19.33,2.17,0.06,0.06,3.11,0.39,1.06,0.72,0.06,0.0,0.06,0.89,3.17,0.25,1.78,0.22,0.33,0.56,0.0,0.22,0.02,0.17,0.0,0.0,0.06,0.0,0.22,0.11,0.17,0.06,0.0,0.06,0.22,0.33,0.11,0.33,0.22,0.0,26.78,0.06,2.28,0.61,0.61,18.61,1.11,0.83,0.89,20.89,0.11,0.11,0.0,0.04,0.78,1.28,-0.5,-0.04,0.88,1.26,-0.38,-0.03,0.0,0.39,0.0,0.0,0.0,2.17,0.39
205.0,Bruno Ferreira,br BRA,GK,Ceará,31-191,1994.0,16.0,16.0,1413.0,15.7,0.0,0.0,0.0,0.0,0.0,0.0,2.0,0.0,0.0,0.0,0.0,0.0,0.0,0.0,0.0,0.0,0.0,0.0,0.0,0.0,0.0,0.0,0.0,0.0,0.0,Matches,0.0,0.0,,0.0,0.0,,,,0.0,,0.0,0.0,287.0,462.0,62.1,9424.0,7449.0,40.0,41.0,97.6,124.0,125.0,99.2,123.0,293.0,42.0,0.0,0.0,0.0,9.0,0.0,0.0,264.0,195.0,0.0,0.0,0.0,0.0,0.0,0.0,0.0,0.0,3.0,0.0,4.0,0.25,3.0,1.0,0.0,0.0,0.0,0.0,0.0,0.0,0.0,0.0,0.0,0.0,0.0,0.0,0.0,0.0,0.0,0.0,,0.0,0.0,0.0,0.0,14.0,1.0,501.0,390.0,0.0,0.0,,0.0,,232.0,0.0,1.0,0.0,163.0,88.0,68.3,88.0,15,0,,2,1.25,15.0,16.0,-1.0,-0.06,-0.06,18.1,16.5,1.6,0.1,0.32,0.0,1.0,0.0,0.0,0.0,9.0,5.0,100.0,1.02,1.02,90.0,0.0,0.0,0.0,0.0,0.0,0.0,0.13,0.0,0.0,0.0,0.0,0.0,0.0,0.0,0.0,0.0,0.0,0.0,0.0,0.0,0.0,0.0,0.0,0.0,0.0,0.0,0.0,0.0,0.0,,0.0,0.0,0.0,18.28,29.43,600.25,474.46,2.55,2.61,7.9,7.96,7.83,18.66,0.0,0.0,0.0,0.57,0.0,0.0,16.82,12.42,0.0,0.0,0.0,0.0,0.0,0.0,0.0,0.0,0.19,0.0,0.25,0.02,0.19,0.06,0.0,0.0,0.0,0.0,0.0,0.0,0.0,0.0,0.0,0.0,0.0,0.0,0.0,0.0,0.0,0.0,0.0,0.0,0.0,0.0,0.89,0.06,31.91,24.84,0.0,0.0,0.0,14.78,0.0,0.06,0.0,10.38,0.96,0.0,0.13,0.08,0.96,1.02,-0.06,-0.0,1.15,1.05,0.1,0.01,0.0,0.06,0.0,0.0,0.0,0.57,0.32
221.0,Bruno Fuchs,br BRA,DF,Palmeiras,26-175,1999.0,14.0,9.0,832.0,9.2,0.0,0.0,0.0,0.0,0.0,0.0,4.0,0.0,0.2,0.2,0.7,1.0,9.0,54.0,3.0,0.0,0.0,0.0,0.0,0.0,0.02,0.08,0.1,0.02,0.1,Matches,2.0,0.0,0.0,0.22,0.0,0.0,,8.8,0.0,0.11,-0.2,-0.2,433.0,485.0,89.3,9459.0,3225.0,117.0,130.0,90.0,235.0,250.0,94.0,78.0,99.0,78.8,0.2,-0.7,6.0,57.0,3.0,0.0,457.0,27.0,0.0,6.0,1.0,8.0,0.0,0.0,0.0,0.0,1.0,2.0,10.0,1.08,9.0,0.0,0.0,1.0,0.0,0.0,0.0,0.0,0.0,0.0,0.0,0.0,16.0,8.0,7.0,9.0,0.0,8.0,80.0,2.0,2.0,16.0,32.0,48.0,0.0,589.0,44.0,7.0,1.0,50.0,0.0,0.0,375.0,0.0,7.0,0.0,381.0,59.0,42.0,81.0,7,5,20.0,4,2.4,16.0,9.0,7.0,0.76,-0.11,12.4,7.8,4.6,0.5,-0.36,0.0,10.0,0.0,0.0,0.0,27.0,23.0,67.6,1.52,0.98,90.43,0.0,0.0,0.0,0.0,0.0,0.0,0.43,0.0,0.02,0.02,0.08,0.11,0.98,5.87,0.33,0.0,0.0,0.0,0.0,0.0,0.0,0.01,0.01,0.0,0.01,0.22,0.0,0.02,0.0,0.96,0.0,-0.02,-0.02,47.07,52.72,1028.15,350.54,12.72,14.13,25.54,27.17,8.48,10.76,0.02,-0.08,0.65,6.2,0.33,0.0,49.67,2.93,0.0,0.65,0.11,0.87,0.0,0.0,0.0,0.0,0.11,0.22,1.09,0.12,0.98,0.0,0.0,0.11,0.0,0.0,0.0,0.0,0.0,0.0,0.0,0.0,1.74,0.87,0.76,0.98,0.0,0.87,0.22,0.22,1.74,3.48,5.22,0.0,64.02,4.78,0.76,0.11,0.0,40.76,0.0,0.76,0.0,41.41,0.76,0.54,0.43,0.26,1.74,0.98,0.76,0.08,1.35,0.85,0.5,0.05,0.0,1.09,0.0,0.0,0.0,2.93,2.5
266.0,Bruno Henrique,br BRA,"FW,MF",Flamengo,34-267,1990.0,20.0,13.0,1114.0,12.4,2.0,0.0,2.0,1.0,1.0,1.0,3.0,0.0,3.3,2.5,0.4,2.9,28.0,25.0,86.0,0.16,0.0,0.16,0.08,0.08,0.27,0.03,0.3,0.2,0.24,Matches,32.0,11.0,34.4,2.59,0.89,0.03,0.09,16.9,0.0,0.08,-1.3,-1.5,205.0,277.0,74.0,2608.0,600.0,132.0,158.0,83.5,59.0,75.0,78.7,3.0,8.0,37.5,1.0,-0.4,9.0,12.0,10.0,3.0,260.0,15.0,2.0,0.0,12.0,5.0,0.0,0.0,0.0,0.0,2.0,15.0,29.0,2.34,18.0,0.0,3.0,2.0,0.0,2.0,0.16,0.0,0.0,0.0,0.0,0.0,13.0,10.0,1.0,4.0,8.0,5.0,55.6,4.0,7.0,3.0,16.0,5.0,0.0,431.0,6.0,60.0,16.0,44.4,17.0,47.2,274.0,11.0,39.0,17.0,327.0,56.0,53.8,75.0,2,7,20.0,1,2.1,18.0,7.0,11.0,0.89,-1.56,15.6,9.3,6.3,0.51,-0.75,0.0,28.0,0.0,0.0,0.0,23.0,23.0,48.9,1.61,1.05,89.84,0.16,0.0,0.16,0.08,0.08,0.08,0.24,0.0,0.27,0.2,0.03,0.23,2.26,2.02,6.94,0.01,0.0,0.01,0.01,0.01,0.02,0.0,0.02,0.02,0.02,2.58,0.89,0.21,0.07,1.36,0.0,-0.1,-0.12,16.53,22.34,210.32,48.39,10.65,12.74,4.76,6.05,0.24,0.65,0.08,-0.03,0.73,0.97,0.81,0.24,20.97,1.21,0.16,0.0,0.97,0.4,0.0,0.0,0.0,0.0,0.16,1.21,2.34,0.19,1.45,0.0,0.24,0.16,0.0,0.16,0.01,0.0,0.0,0.0,0.0,0.0,1.05,0.81,0.08,0.32,0.65,0.4,0.32,0.56,0.24,1.29,0.4,0.0,34.76,0.48,4.84,1.29,1.37,22.1,0.89,3.15,1.37,26.37,0.16,0.56,0.08,0.17,1.45,0.56,0.89,0.07,1.26,0.75,0.51,0.04,0.0,2.26,0.0,0.0,0.0,1.85,1.85
267.0,Bruno Henrique,br BRA,MF,Internacional,35-337,1989.0,17.0,14.0,938.0,10.4,1.0,0.0,1.0,1.0,0.0,0.0,2.0,1.0,1.4,1.4,0.4,1.8,6.0,53.0,16.0,0.1,0.0,0.1,0.1,0.1,0.13,0.04,0.17,0.13,0.17,Matches,32.0,11.0,34.4,2.59,0.89,0.03,0.09,16.9,0.0,0.08,-1.3,-1.5,205.0,277.0,74.0,2608.0,600.0,132.0,158.0,83.5,59.0,75.0,78.7,3.0,8.0,37.5,1.0,-0.4,9.0,12.0,10.0,3.0,260.0,15.0,2.0,0.0,12.0,5.0,0.0,0.0,0.0,0.0,2.0,15.0,29.0,2.34,18.0,0.0,3.0,2.0,0.0,2.0,0.16,0.0,0.0,0.0,0.0,0.0,13.0,10.0,1.0,4.0,8.0,5.0,55.6,4.0,7.0,3.0,16.0,5.0,0.0,431.0,6.0,60.0,16.0,44.4,17.0,47.2,274.0,11.0,39.0,17.0,327.0,56.0,53.8,75.0,2,7,20.0,1,2.1,18.0,7.0,11.0,0.89,-1.56,15.6,9.3,6.3,0.51,-0.75,0.0,28.0,0.0,0.0,0.0,23.0,23.0,48.9,1.63,1.35,90.19,0.1,0.0,0.1,0.1,0.0,0.0,0.19,0.1,0.13,0.13,0.04,0.17,0.58,5.1,1.54,0.01,0.0,0.01,0.01,0.01,0.01,0.0,0.02,0.01,0.02,3.08,1.06,0.25,0.09,1.62,0.0,-0.12,-0.14,19.71,26.63,250.77,57.69,12.69,15.19,5.67,7.21,0.29,0.77,0.1,-0.04,0.87,1.15,0.96,0.29,25.0,1.44,0.19,0.0,1.15,0.48,0.0,0.0,0.0,0.0,0.19,1.44,2.79,0.22,1.73,0.0,0.29,0.19,0.0,0.19,0.02,0.0,0.0,0.0,0.0,0.0,1.25,0.96,0.1,0.38,0.77,0.48,0.38,0.67,0.29,1.54,0.48,0.0,41.44,0.58,5.77,1.54,1.63,26.35,1.06,3.75,1.63,31.44,0.19,0.67,0.1,0.2,1.73,0.67,1.06,0.09,1.5,0.89,0.61,0.05,0.0,2.69,0.0,0.0,0.0,2.21,2.21
476.0,Bruno Pacheco,br BRA,DF,Fortaleza,33-289,1991.0,8.0,8.0,673.0,7.5,1.0,1.0,2.0,1.0,0.0,0.0,2.0,0.0,0.2,0.2,0.3,0.5,10.0,22.0,17.0,0.13,0.13,0.27,0.13,0.27,0.02,0.04,0.06,0.02,0.06,Matches,2.0,2.0,100.0,0.27,0.27,0.5,0.5,11.2,0.0,0.08,0.8,0.8,202.0,269.0,75.1,3011.0,1290.0,111.0,125.0,88.8,78.0,96.0,81.3,7.0,30.0,23.3,0.5,0.7,7.0,17.0,4.0,1.0,213.0,54.0,0.0,0.0,12.0,46.0,0.0,0.0,0.0,0.0,2.0,4.0,15.0,2.01,10.0,1.0,0.0,2.0,2.0,1.0,0.13,1.0,0.0,0.0,0.0,0.0,16.0,11.0,8.0,6.0,2.0,10.0,62.5,6.0,7.0,6.0,22.0,17.0,0.0,343.0,16.0,12.0,5.0,33.3,3.0,20.0,160.0,3.0,6.0,9.0,192.0,84.0,32.5,84.0,6,0,,9,0.63,8.0,13.0,-5.0,-0.67,-0.02,9.9,12.3,-2.4,-0.32,-0.02,0.0,12.0,0.0,0.0,0.0,25.0,17.0,60.7,1.07,1.07,89.73,0.13,0.13,0.27,0.13,0.0,0.0,0.27,0.0,0.03,0.03,0.04,0.07,1.33,2.93,2.27,0.02,0.02,0.04,0.02,0.04,0.0,0.01,0.01,0.0,0.01,0.27,0.27,0.04,0.04,1.49,0.0,0.11,0.11,26.93,35.87,401.47,172.0,14.8,16.67,10.4,12.8,0.93,4.0,0.07,0.09,0.93,2.27,0.53,0.13,28.4,7.2,0.0,0.0,1.6,6.13,0.0,0.0,0.0,0.0,0.27,0.53,2.0,0.27,1.33,0.13,0.0,0.27,0.27,0.13,0.02,0.13,0.0,0.0,0.0,0.0,2.13,1.47,1.07,0.8,0.27,1.33,0.8,0.93,0.8,2.93,2.27,0.0,45.73,2.13,1.6,0.67,0.4,21.33,0.4,0.8,1.2,25.6,0.8,0.0,1.2,0.08,1.07,1.73,-0.67,-0.09,1.32,1.64,-0.32,-0.04,0.0,1.6,0.0,0.0,0.0,3.33,2.27
639.0,Bruno Tabata,br BRA,"FW,MF",Internacional,28-177,1997.0,17.0,9.0,841.0,9.3,3.0,0.0,3.0,2.0,1.0,1.0,4.0,0.0,2.0,1.2,1.2,2.4,36.0,52.0,86.0,0.32,0.0,0.32,0.21,0.21,0.22,0.13,0.34,0.13,0.26,Matches,25.0,9.0,36.0,2.68,0.96,0.08,0.22,23.0,3.0,0.05,1.0,0.8,385.0,508.0,75.8,6326.0,1534.0,211.0,236.0,89.4,124.0,167.0,74.3,36.0,73.0,49.3,1.9,-1.2,17.0,39.0,9.0,5.0,459.0,49.0,0.0,5.0,61.0,11.0,26.0,14.0,6.0,0.0,0.0,8.0,45.0,4.83,29.0,7.0,4.0,2.0,0.0,2.0,0.21,1.0,1.0,0.0,0.0,0.0,14.0,10.0,6.0,7.0,1.0,5.0,29.4,12.0,6.0,6.0,20.0,13.0,0.0,623.0,5.0,23.0,17.0,58.6,11.0,37.9,385.0,6.0,17.0,17.0,446.0,49.0,40.6,70.0,1,8,26.0,2,1.18,14.0,17.0,-3.0,-0.32,0.05,14.6,7.6,7.0,0.75,0.6,0.0,12.0,0.0,0.0,0.0,53.0,3.0,18.8,1.83,0.97,90.43,0.32,0.0,0.32,0.22,0.11,0.11,0.43,0.0,0.22,0.13,0.13,0.26,3.87,5.59,9.25,0.03,0.0,0.03,0.02,0.02,0.02,0.01,0.04,0.01,0.03,2.69,0.97,0.29,0.1,2.47,0.32,0.11,0.09,41.4,54.62,680.22,164.95,22.69,25.38,13.33,17.96,3.87,7.85,0.2,-0.13,1.83,4.19,0.97,0.54,49.35,5.27,0.0,0.54,6.56,1.18,2.8,1.51,0.65,0.0,0.0,0.86,4.84,0.52,3.12,0.75,0.43,0.22,0.0,0.22,0.02,0.11,0.11,0.0,0.0,0.0,1.51,1.08,0.65,0.75,0.11,0.54,1.29,0.65,0.65,2.15,1.4,0.0,66.99,0.54,2.47,1.83,1.18,41.4,0.65,1.83,1.83,47.96,0.11,0.86,0.22,0.13,1.51,1.83,-0.32,-0.03,1.57,0.82,0.75,0.08,0.0,1.29,0.0,0.0,0.0,5.7,0.32
99.0,Cacá,br BRA,DF,Corinthians,26-151,1999.0,14.0,13.0,1151.0,12.8,2.0,0.0,2.0,2.0,0.0,0.0,3.0,0.0,1.0,1.0,0.2,1.2,7.0,31.0,3.0,0.16,0.0,0.16,0.16,0.16,0.07,0.02,0.09,0.07,0.09,Matches,6.0,3.0,50.0,0.47,0.23,0.33,0.67,12.9,0.0,0.16,1.0,1.0,840.0,887.0,94.7,17155.0,4968.0,197.0,207.0,95.2,536.0,551.0,97.3,100.0,118.0,84.7,0.1,-0.2,2.0,31.0,0.0,0.0,858.0,29.0,0.0,1.0,0.0,1.0,0.0,0.0,0.0,0.0,0.0,0.0,9.0,0.7,9.0,0.0,0.0,0.0,0.0,1.0,0.08,1.0,0.0,0.0,0.0,0.0,19.0,16.0,10.0,8.0,1.0,16.0,80.0,4.0,4.0,7.0,26.0,55.0,0.0,1007.0,91.0,11.0,3.0,50.0,1.0,16.7,685.0,1.0,5.0,3.0,781.0,82.0,53.3,88.0,12,1,11.0,7,1.07,12.0,16.0,-4.0,-0.31,-0.22,15.6,16.1,-0.5,-0.04,0.16,0.0,15.0,0.0,1.0,0.0,53.0,30.0,68.2,1.09,1.02,89.92,0.16,0.0,0.16,0.16,0.0,0.0,0.23,0.0,0.08,0.08,0.02,0.09,0.55,2.42,0.23,0.01,0.0,0.01,0.01,0.01,0.01,0.0,0.01,0.01,0.01,0.47,0.23,0.04,0.02,1.01,0.0,0.08,0.08,65.62,69.3,1340.23,388.12,15.39,16.17,41.88,43.05,7.81,9.22,0.01,-0.02,0.16,2.42,0.0,0.0,67.03,2.27,0.0,0.08,0.0,0.08,0.0,0.0,0.0,0.0,0.0,0.0,0.7,0.05,0.7,0.0,0.0,0.0,0.0,0.08,0.01,0.08,0.0,0.0,0.0,0.0,1.48,1.25,0.78,0.62,0.08,1.25,0.31,0.31,0.55,2.03,4.3,0.0,78.67,7.11,0.86,0.23,0.08,53.52,0.08,0.39,0.23,61.02,0.94,0.08,0.55,0.08,0.94,1.25,-0.31,-0.02,1.22,1.26,-0.04,-0.0,0.0,1.17,0.0,0.08,0.0,4.14,2.34
10.0,Caio Alexandre,br BRA,MF,Bahia,26-211,1999.0,16.0,16.0,1180.0,13.1,0.0,1.0,1.0,0.0,0.0,0.0,4.0,0.0,0.3,0.3,1.2,1.4,11.0,91.0,16.0,0.0,0.08,0.08,0.0,0.08,0.02,0.09,0.11,0.02,0.11,Matches,7.0,1.0,14.3,0.53,0.08,0.0,0.0,27.4,0.0,0.04,-0.3,-0.3,849.0,950.0,89.4,15107.0,3773.0,367.0,395.0,92.9,375.0,400.0,93.8,89.0,111.0,80.2,1.2,-0.2,9.0,89.0,13.0,4.0,890.0,56.0,2.0,10.0,13.0,1.0,9.0,0.0,0.0,0.0,4.0,13.0,29.0,2.21,27.0,1.0,0.0,1.0,0.0,2.0,0.15,2.0,0.0,0.0,0.0,0.0,25.0,13.0,10.0,14.0,1.0,13.0,36.1,23.0,9.0,10.0,35.0,21.0,1.0,1078.0,68.0,5.0,9.0,40.9,10.0,45.5,670.0,2.0,15.0,7.0,829.0,74.0,59.6,74.0,3,0,,1,1.88,16.0,11.0,5.0,0.38,0.38,17.7,13.1,4.6,0.35,0.79,0.0,28.0,0.0,0.0,0.0,64.0,4.0,36.4,1.22,1.22,90.08,0.0,0.08,0.08,0.0,0.0,0.0,0.31,0.0,0.02,0.02,0.09,0.11,0.84,6.95,1.22,0.0,0.01,0.01,0.0,0.01,0.0,0.01,0.01,0.0,0.01,0.53,0.08,0.04,0.01,2.09,0.0,-0.02,-0.02,64.81,72.52,1153.21,288.02,28.02,30.15,28.63,30.53,6.79,8.47,0.09,-0.02,0.69,6.79,0.99,0.31,67.94,4.27,0.15,0.76,0.99,0.08,0.69,0.0,0.0,0.0,0.31,0.99,2.21,0.17,2.06,0.08,0.0,0.08,0.0,0.15,0.01,0.15,0.0,0.0,0.0,0.0,1.91,0.99,0.76,1.07,0.08,0.99,1.76,0.69,0.76,2.67,1.6,0.08,82.29,5.19,0.38,0.69,0.76,51.15,0.15,1.15,0.53,63.28,0.23,0.0,0.08,0.14,1.22,0.84,0.38,0.03,1.35,1.0,0.35,0.03,0.0,2.14,0.0,0.0,0.0,4.89,0.31
103.0,Camilo,br BRA,"MF,DF",Grêmio,26-212,1999.0,12.0,6.0,606.0,6.7,0.0,0.0,0.0,0.0,0.0,0.0,0.0,0.0,0.1,0.1,0.0,0.1,5.0,14.0,8.0,0.0,0.0,0.0,0.0,0.0,0.02,0.0,0.02,0.02,0.02,Matches,5.0,0.0,0.0,0.74,0.0,0.0,,30.1,0.0,0.02,-0.1,-0.1,153.0,205.0,74.6,2589.0,910.0,73.0,88.0,83.0,65.0,85.0,76.5,11.0,21.0,52.4,0.1,0.0,0.0,18.0,2.0,0.0,178.0,27.0,0.0,1.0,2.0,21.0,0.0,0.0,0.0,0.0,0.0,2.0,7.0,1.04,5.0,0.0,1.0,0.0,0.0,1.0,0.15,0.0,0.0,0.0,0.0,0.0,21.0,10.0,11.0,9.0,1.0,9.0,56.3,7.0,6.0,14.0,35.0,28.0,0.0,312.0,23.0,1.0,5.0,45.5,6.0,54.5,125.0,0.0,13.0,7.0,143.0,51.0,29.3,69.0,1,6,32.0,6,0.92,3.0,8.0,-5.0,-0.74,-0.68,5.8,11.5,-5.7,-0.85,-0.48,0.0,16.0,0.0,1.0,0.0,20.0,6.0,42.9,1.79,0.9,90.45,0.0,0.0,0.0,0.0,0.0,0.0,0.0,0.0,0.01,0.01,0.0,0.01,0.75,2.09,1.19,0.0,0.0,0.0,0.0,0.0,0.0,0.0,0.0,0.0,0.0,0.75,0.0,0.11,0.0,4.49,0.0,-0.01,-0.01,22.84,30.6,386.42,135.82,10.9,13.13,9.7,12.69,1.64,3.13,0.01,0.0,0.0,2.69,0.3,0.0,26.57,4.03,0.0,0.15,0.3,3.13,0.0,0.0,0.0,0.0,0.0,0.3,1.04,0.16,0.75,0.0,0.15,0.0,0.0,0.15,0.02,0.0,0.0,0.0,0.0,0.0,3.13,1.49,1.64,1.34,0.15,1.34,1.04,0.9,2.09,5.22,4.18,0.0,46.57,3.43,0.15,0.75,0.9,18.66,0.0,1.94,1.04,21.34,0.15,0.9,0.9,0.14,0.45,1.19,-0.75,-0.11,0.87,1.72,-0.85,-0.13,0.0,2.39,0.0,0.15,0.0,2.99,0.9
175.0,Carlos Eduardo,br BRA,"MF,FW",Cruzeiro,35-341,1989.0,18.0,6.0,539.0,6.0,1.0,0.0,1.0,1.0,0.0,0.0,1.0,1.0,0.7,0.7,0.4,1.1,6.0,20.0,8.0,0.17,0.0,0.17,0.17,0.17,0.12,0.06,0.18,0.12,0.18,Matches,7.0,3.0,42.9,1.17,0.5,0.14,0.33,15.2,2.0,0.1,0.3,0.3,182.0,225.0,80.9,2870.0,807.0,99.0,116.0,85.3,66.0,78.0,84.6,12.0,19.0,63.2,0.2,-0.4,6.0,22.0,3.0,0.0,221.0,4.0,1.0,1.0,1.0,1.0,0.0,0.0,0.0,0.0,0.0,0.0,15.0,2.5,13.0,0.0,0.0,2.0,0.0,0.0,0.0,0.0,0.0,0.0,0.0,0.0,11.0,4.0,3.0,6.0,2.0,5.0,33.3,10.0,11.0,3.0,14.0,10.0,0.0,298.0,17.0,8.0,3.0,50.0,1.0,16.7,168.0,0.0,11.0,4.0,196.0,30.0,25.0,63.0,2,12,13.0,3,2.06,11.0,3.0,8.0,1.34,0.56,8.9,5.9,3.0,0.51,0.04,0.0,9.0,1.0,0.0,0.0,28.0,11.0,47.8,3.0,1.0,89.83,0.17,0.0,0.17,0.17,0.0,0.0,0.17,0.17,0.12,0.12,0.07,0.18,1.0,3.33,1.33,0.03,0.0,0.03,0.03,0.03,0.02,0.01,0.03,0.02,0.03,1.17,0.5,0.19,0.08,2.53,0.33,0.05,0.05,30.33,37.5,478.33,134.5,16.5,19.33,11.0,13.0,2.0,3.17,0.03,-0.07,1.0,3.67,0.5,0.0,36.83,0.67,0.17,0.17,0.17,0.17,0.0,0.0,0.0,0.0,0.0,0.0,2.5,0.42,2.17,0.0,0.0,0.33,0.0,0.0,0.0,0.0,0.0,0.0,0.0,0.0,1.83,0.67,0.5,1.0,0.33,0.83,1.67,1.83,0.5,2.33,1.67,0.0,49.67,2.83,1.33,0.5,0.17,28.0,0.0,1.83,0.67,32.67,0.33,2.0,0.5,0.34,1.83,0.5,1.33,0.22,1.48,0.98,0.5,0.08,0.0,1.5,0.17,0.0,0.0,4.67,1.83
465.0,Cauly Oliveira Souza,br BRA,"FW,MF",Bahia,30-008,1995.0,18.0,6.0,714.0,7.9,1.0,3.0,4.0,1.0,0.0,0.0,1.0,0.0,2.4,2.4,0.7,3.1,19.0,36.0,46.0,0.13,0.38,0.5,0.13,0.5,0.3,0.09,0.39,0.3,0.39,Matches,15.0,4.0,26.7,1.89,0.5,0.07,0.25,13.4,0.0,0.16,-1.4,-1.4,287.0,342.0,83.9,4101.0,940.0,158.0,172.0,91.9,97.0,110.0,88.2,12.0,28.0,42.9,0.9,2.3,12.0,19.0,7.0,1.0,315.0,26.0,3.0,1.0,19.0,1.0,14.0,3.0,6.0,0.0,1.0,6.0,21.0,2.65,17.0,3.0,0.0,1.0,0.0,4.0,0.5,4.0,0.0,0.0,0.0,0.0,3.0,1.0,0.0,2.0,1.0,0.0,0.0,4.0,4.0,3.0,6.0,2.0,0.0,420.0,4.0,32.0,11.0,37.9,16.0,55.2,251.0,6.0,22.0,14.0,328.0,40.0,36.1,64.0,0,12,28.0,3,1.61,9.0,12.0,-3.0,-0.38,-0.95,8.6,14.0,-5.5,-0.69,-1.13,0.0,9.0,0.0,0.0,0.0,32.0,1.0,25.0,2.28,0.76,90.38,0.13,0.38,0.51,0.13,0.0,0.0,0.13,0.0,0.3,0.3,0.09,0.39,2.41,4.56,5.82,0.02,0.05,0.06,0.02,0.06,0.04,0.01,0.05,0.04,0.05,1.9,0.51,0.24,0.06,1.7,0.0,-0.18,-0.18,36.33,43.29,519.11,118.99,20.0,21.77,12.28,13.92,1.52,3.54,0.11,0.29,1.52,2.41,0.89,0.13,39.87,3.29,0.38,0.13,2.41,0.13,1.77,0.38,0.76,0.0,0.13,0.76,2.66,0.34,2.15,0.38,0.0,0.13,0.0,0.51,0.06,0.51,0.0,0.0,0.0,0.0,0.38,0.13,0.0,0.25,0.13,0.0,0.51,0.51,0.38,0.76,0.25,0.0,53.16,0.51,4.05,1.39,2.03,31.77,0.76,2.78,1.77,41.52,0.0,1.52,0.38,0.2,1.14,1.52,-0.38,-0.05,1.09,1.77,-0.7,-0.09,0.0,1.14,0.0,0.0,0.0,4.05,0.13
210.0,Caíque França,br BRA,GK,Sport Recife,30-112,1995.0,12.0,12.0,1080.0,12.0,0.0,0.0,0.0,0.0,0.0,0.0,2.0,0.0,0.0,0.0,0.0,0.0,0.0,0.0,0.0,0.0,0.0,0.0,0.0,0.0,0.0,0.0,0.0,0.0,0.0,Matches,0.0,0.0,,0.0,0.0,,,,0.0,,0.0,0.0,250.0,324.0,77.2,6968.0,5054.0,22.0,23.0,95.7,140.0,143.0,97.9,84.0,151.0,55.6,0.0,0.0,0.0,1.0,0.0,0.0,214.0,107.0,0.0,0.0,0.0,0.0,0.0,0.0,0.0,0.0,3.0,1.0,1.0,0.08,1.0,0.0,0.0,0.0,0.0,0.0,0.0,0.0,0.0,0.0,0.0,0.0,1.0,1.0,1.0,0.0,0.0,1.0,50.0,1.0,0.0,0.0,1.0,8.0,0.0,353.0,312.0,0.0,0.0,,0.0,,163.0,0.0,0.0,0.0,133.0,90.0,54.5,90.0,12,0,,10,0.33,7.0,20.0,-13.0,-1.08,-0.58,10.1,18.9,-8.8,-0.73,-0.45,0.0,0.0,0.0,0.0,0.0,9.0,7.0,100.0,1.0,1.0,90.0,0.0,0.0,0.0,0.0,0.0,0.0,0.17,0.0,0.0,0.0,0.0,0.0,0.0,0.0,0.0,0.0,0.0,0.0,0.0,0.0,0.0,0.0,0.0,0.0,0.0,0.0,0.0,0.0,0.0,,0.0,0.0,0.0,20.83,27.0,580.67,421.17,1.83,1.92,11.67,11.92,7.0,12.58,0.0,0.0,0.0,0.08,0.0,0.0,17.83,8.92,0.0,0.0,0.0,0.0,0.0,0.0,0.0,0.0,0.25,0.08,0.08,0.01,0.08,0.0,0.0,0.0,0.0,0.0,0.0,0.0,0.0,0.0,0.0,0.0,0.08,0.08,0.08,0.0,0.0,0.08,0.08,0.0,0.0,0.08,0.67,0.0,29.42,26.0,0.0,0.0,0.0,13.58,0.0,0.0,0.0,11.08,1.0,0.0,0.83,0.03,0.58,1.67,-1.08,-0.09,0.84,1.58,-0.73,-0.06,0.0,0.0,0.0,0.0,0.0,0.75,0.58
313.0,Caíque de Jesus Gonçalves,br BRA,"MF,DF",Juventude,29-348,1995.0,16.0,14.0,1132.0,12.6,0.0,0.0,0.0,0.0,0.0,0.0,5.0,0.0,0.1,0.1,0.2,0.4,11.0,45.0,2.0,0.0,0.0,0.0,0.0,0.0,0.01,0.02,0.03,0.01,0.03,Matches,3.0,0.0,0.0,0.24,0.0,0.0,,22.2,0.0,0.05,-0.1,-0.1,470.0,538.0,87.4,8974.0,2682.0,167.0,185.0,90.3,236.0,257.0,91.8,60.0,78.0,76.9,0.4,-0.2,5.0,42.0,1.0,0.0,496.0,41.0,1.0,2.0,0.0,5.0,0.0,0.0,0.0,0.0,1.0,6.0,19.0,1.51,18.0,0.0,0.0,1.0,0.0,2.0,0.16,2.0,0.0,0.0,0.0,0.0,41.0,27.0,27.0,13.0,1.0,23.0,76.7,7.0,8.0,11.0,52.0,27.0,2.0,657.0,58.0,2.0,9.0,60.0,6.0,40.0,324.0,1.0,10.0,7.0,372.0,71.0,54.7,77.0,5,2,24.0,0,0.88,6.0,20.0,-14.0,-1.11,0.04,8.0,20.0,-12.0,-0.95,-0.08,0.0,29.0,0.0,1.0,0.0,66.0,17.0,68.0,1.27,1.11,89.84,0.0,0.0,0.0,0.0,0.0,0.0,0.4,0.0,0.01,0.01,0.02,0.03,0.87,3.57,0.16,0.0,0.0,0.0,0.0,0.0,0.0,0.0,0.0,0.0,0.0,0.24,0.0,0.02,0.0,1.76,0.0,-0.01,-0.01,37.3,42.7,712.22,212.86,13.25,14.68,18.73,20.4,4.76,6.19,0.03,-0.02,0.4,3.33,0.08,0.0,39.37,3.25,0.08,0.16,0.0,0.4,0.0,0.0,0.0,0.0,0.08,0.48,1.51,0.12,1.43,0.0,0.0,0.08,0.0,0.16,0.01,0.16,0.0,0.0,0.0,0.0,3.25,2.14,2.14,1.03,0.08,1.83,0.56,0.63,0.87,4.13,2.14,0.16,52.14,4.6,0.16,0.71,0.48,25.71,0.08,0.79,0.56,29.52,0.4,0.16,0.0,0.07,0.48,1.59,-1.11,-0.09,0.63,1.59,-0.95,-0.08,0.0,2.3,0.0,0.08,0.0,5.24,1.35
128.0,Chico,br BRA,DF,Sport Recife,27-009,1998.0,13.0,12.0,1060.0,11.8,0.0,0.0,0.0,0.0,0.0,0.0,1.0,0.0,0.5,0.5,0.2,0.7,15.0,42.0,5.0,0.0,0.0,0.0,0.0,0.0,0.04,0.02,0.06,0.04,0.06,Matches,2.0,1.0,50.0,0.68,0.34,0.0,0.0,15.9,0.0,0.04,-0.1,-0.1,83.0,107.0,77.6,1151.0,379.0,57.0,66.0,86.4,18.0,26.0,69.2,5.0,10.0,50.0,0.4,-0.1,3.0,10.0,7.0,1.0,104.0,3.0,1.0,1.0,4.0,2.0,1.0,0.0,1.0,0.0,0.0,2.0,8.0,2.73,6.0,0.0,0.0,1.0,1.0,2.0,0.68,0.0,0.0,0.0,1.0,1.0,10.0,7.0,1.0,6.0,3.0,4.0,36.4,7.0,3.0,5.0,15.0,1.0,0.0,148.0,3.0,5.0,1.0,20.0,2.0,40.0,90.0,1.0,8.0,6.0,105.0,26.0,12.8,76.0,0,9,21.0,13,2.1,2.0,3.0,-1.0,-0.34,-1.29,3.8,2.5,1.3,0.46,0.15,0.0,6.0,1.0,0.0,0.0,9.0,3.0,50.0,1.1,1.02,89.83,0.0,0.0,0.0,0.0,0.0,0.0,0.08,0.0,0.04,0.04,0.02,0.06,1.27,3.56,0.42,0.0,0.0,0.0,0.0,0.0,0.0,0.0,0.01,0.0,0.01,0.17,0.08,0.06,0.03,1.35,0.0,-0.01,-0.01,7.03,9.07,97.54,32.12,4.83,5.59,1.53,2.2,0.42,0.85,0.03,-0.01,0.25,0.85,0.59,0.08,8.81,0.25,0.08,0.08,0.34,0.17,0.08,0.0,0.08,0.0,0.0,0.17,0.68,0.23,0.51,0.0,0.0,0.08,0.08,0.17,0.06,0.0,0.0,0.0,0.08,0.08,0.85,0.59,0.08,0.51,0.25,0.34,0.59,0.25,0.42,1.27,0.08,0.0,12.54,0.25,0.42,0.08,0.17,7.63,0.08,0.68,0.51,8.9,0.0,0.76,1.1,0.18,0.17,0.25,-0.08,-0.03,0.32,0.21,0.11,0.04,0.0,0.51,0.08,0.0,0.0,0.76,0.25
129.0,Christian,br BRA,FW,Cruzeiro,24-278,2000.0,18.0,18.0,1414.0,15.7,3.0,2.0,5.0,3.0,0.0,0.0,7.0,0.0,3.5,3.5,2.1,5.7,21.0,34.0,97.0,0.19,0.13,0.32,0.19,0.32,0.23,0.14,0.36,0.23,0.36,Matches,27.0,8.0,29.6,1.72,0.51,0.11,0.38,12.8,0.0,0.13,-0.5,-0.5,260.0,359.0,72.4,3420.0,968.0,163.0,198.0,82.3,75.0,100.0,75.0,8.0,21.0,38.1,0.6,-0.1,14.0,16.0,6.0,0.0,353.0,4.0,2.0,0.0,21.0,4.0,0.0,0.0,0.0,0.0,2.0,17.0,29.0,1.85,22.0,0.0,0.0,2.0,0.0,4.0,0.25,2.0,0.0,0.0,0.0,0.0,30.0,14.0,7.0,18.0,5.0,16.0,59.3,11.0,14.0,12.0,42.0,15.0,0.0,540.0,21.0,48.0,6.0,22.2,17.0,63.0,294.0,4.0,24.0,13.0,330.0,79.0,65.5,79.0,6,0,,0,2.33,31.0,9.0,22.0,1.4,1.4,23.9,9.7,14.2,0.91,1.25,0.0,30.0,0.0,0.0,0.0,56.0,11.0,40.7,1.15,1.15,90.06,0.19,0.13,0.32,0.19,0.0,0.0,0.45,0.0,0.22,0.22,0.13,0.36,1.34,2.17,6.18,0.01,0.01,0.02,0.01,0.02,0.01,0.01,0.02,0.01,0.02,1.72,0.51,0.11,0.03,0.82,0.0,-0.03,-0.03,16.56,22.87,217.83,61.66,10.38,12.61,4.78,6.37,0.51,1.34,0.04,-0.01,0.89,1.02,0.38,0.0,22.48,0.25,0.13,0.0,1.34,0.25,0.0,0.0,0.0,0.0,0.13,1.08,1.85,0.12,1.4,0.0,0.0,0.13,0.0,0.25,0.02,0.13,0.0,0.0,0.0,0.0,1.91,0.89,0.45,1.15,0.32,1.02,0.7,0.89,0.76,2.68,0.96,0.0,34.39,1.34,3.06,0.38,1.08,18.73,0.25,1.53,0.83,21.02,0.38,0.0,0.0,0.15,1.97,0.57,1.4,0.09,1.52,0.62,0.9,0.06,0.0,1.91,0.0,0.0,0.0,3.57,0.7
552.0,Christian Rivera,co COL,MF,Sport Recife,29-252,1996.0,20.0,19.0,1647.0,18.3,0.0,0.0,0.0,0.0,0.0,0.0,5.0,0.0,0.1,0.1,0.4,0.5,10.0,74.0,12.0,0.0,0.0,0.0,0.0,0.0,0.01,0.02,0.03,0.01,0.03,Matches,3.0,0.0,0.0,0.16,0.0,0.0,,22.6,0.0,0.04,-0.1,-0.1,847.0,939.0,90.2,16015.0,4305.0,318.0,348.0,91.4,420.0,441.0,95.2,94.0,116.0,81.0,0.7,-0.4,7.0,65.0,7.0,0.0,874.0,62.0,1.0,11.0,1.0,4.0,0.0,0.0,0.0,0.0,3.0,11.0,28.0,1.53,24.0,0.0,1.0,0.0,3.0,1.0,0.05,1.0,0.0,0.0,0.0,0.0,50.0,33.0,18.0,30.0,2.0,20.0,44.4,25.0,12.0,17.0,67.0,25.0,4.0,1093.0,37.0,12.0,7.0,50.0,7.0,50.0,659.0,0.0,18.0,14.0,723.0,82.0,83.2,86.0,15,1,17.0,1,0.6,13.0,30.0,-17.0,-0.93,-0.66,18.6,29.2,-10.6,-0.58,-0.27,0.0,50.0,0.0,0.0,0.0,116.0,15.0,53.6,1.09,1.04,90.0,0.0,0.0,0.0,0.0,0.0,0.0,0.27,0.0,0.01,0.01,0.02,0.03,0.55,4.04,0.66,0.0,0.0,0.0,0.0,0.0,0.0,0.0,0.0,0.0,0.0,0.16,0.0,0.01,0.0,1.23,0.0,-0.01,-0.01,46.28,51.31,875.14,235.25,17.38,19.02,22.95,24.1,5.14,6.34,0.04,-0.02,0.38,3.55,0.38,0.0,47.76,3.39,0.05,0.6,0.05,0.22,0.0,0.0,0.0,0.0,0.16,0.6,1.53,0.08,1.31,0.0,0.05,0.0,0.16,0.05,0.0,0.05,0.0,0.0,0.0,0.0,2.73,1.8,0.98,1.64,0.11,1.09,1.37,0.66,0.93,3.66,1.37,0.22,59.73,2.02,0.66,0.38,0.38,36.01,0.0,0.98,0.77,39.51,0.82,0.05,0.05,0.03,0.71,1.64,-0.93,-0.05,1.02,1.6,-0.58,-0.03,0.0,2.73,0.0,0.0,0.0,6.34,0.82
62.0,Chrystian Barletta,br BRA,"FW,MF",Sport Recife,24-080,2001.0,22.0,15.0,1209.0,13.4,2.0,0.0,2.0,2.0,0.0,0.0,2.0,0.0,2.8,2.8,1.8,4.6,49.0,37.0,121.0,0.15,0.0,0.15,0.15,0.15,0.21,0.13,0.34,0.21,0.34,Matches,36.0,17.0,47.2,2.68,1.27,0.06,0.12,20.1,3.0,0.08,-0.8,-0.8,277.0,403.0,68.7,3723.0,1178.0,175.0,210.0,83.3,69.0,99.0,69.7,15.0,35.0,42.9,2.8,-1.8,12.0,24.0,16.0,3.0,377.0,23.0,3.0,2.0,41.0,11.0,5.0,1.0,2.0,0.0,3.0,25.0,39.0,2.9,22.0,2.0,6.0,4.0,2.0,0.0,0.0,0.0,0.0,0.0,0.0,0.0,12.0,5.0,1.0,6.0,5.0,4.0,23.5,13.0,13.0,9.0,21.0,10.0,0.0,605.0,10.0,69.0,29.0,40.8,37.0,52.1,377.0,16.0,43.0,32.0,440.0,55.0,61.1,72.0,3,7,18.0,0,0.64,8.0,19.0,-11.0,-0.82,0.0,13.4,17.5,-4.1,-0.31,0.58,0.0,11.0,0.0,0.0,0.0,51.0,11.0,52.4,1.64,1.12,90.22,0.15,0.0,0.15,0.15,0.0,0.0,0.15,0.0,0.21,0.21,0.13,0.34,3.66,2.76,9.03,0.01,0.0,0.01,0.01,0.01,0.02,0.01,0.03,0.02,0.03,2.69,1.27,0.2,0.09,1.5,0.22,-0.06,-0.06,20.67,30.07,277.84,87.91,13.06,15.67,5.15,7.39,1.12,2.61,0.21,-0.13,0.9,1.79,1.19,0.22,28.13,1.72,0.22,0.15,3.06,0.82,0.37,0.07,0.15,0.0,0.22,1.87,2.91,0.22,1.64,0.15,0.45,0.3,0.15,0.0,0.0,0.0,0.0,0.0,0.0,0.0,0.9,0.37,0.07,0.45,0.37,0.3,0.97,0.97,0.67,1.57,0.75,0.0,45.15,0.75,5.15,2.16,2.76,28.13,1.19,3.21,2.39,32.84,0.22,0.52,0.0,0.05,0.6,1.42,-0.82,-0.06,1.0,1.31,-0.31,-0.02,0.0,0.82,0.0,0.0,0.0,3.81,0.82
131.0,Claudinho,br BRA,DF,Vitória,24-364,2000.0,13.0,9.0,879.0,9.8,0.0,0.0,0.0,0.0,0.0,0.0,5.0,0.0,0.5,0.5,1.2,1.7,28.0,45.0,42.0,0.0,0.0,0.0,0.0,0.0,0.05,0.12,0.17,0.05,0.17,Matches,7.0,1.0,14.3,0.72,0.1,0.0,0.0,17.8,0.0,0.07,-0.5,-0.5,390.0,517.0,75.4,7106.0,2732.0,156.0,181.0,86.2,186.0,233.0,79.8,41.0,82.0,50.0,1.5,-1.2,10.0,48.0,14.0,9.0,427.0,89.0,0.0,2.0,45.0,74.0,3.0,0.0,1.0,0.0,1.0,11.0,24.0,2.46,18.0,2.0,2.0,1.0,0.0,1.0,0.1,1.0,0.0,0.0,0.0,0.0,21.0,10.0,14.0,7.0,0.0,14.0,56.0,11.0,6.0,10.0,31.0,26.0,1.0,619.0,32.0,16.0,6.0,50.0,5.0,41.7,324.0,4.0,13.0,5.0,346.0,68.0,40.7,87.0,7,4,24.0,5,0.77,8.0,12.0,-4.0,-0.41,0.43,8.9,11.0,-2.1,-0.22,0.37,0.0,10.0,0.0,0.0,0.0,45.0,6.0,42.9,1.33,0.92,89.69,0.0,0.0,0.0,0.0,0.0,0.0,0.51,0.0,0.05,0.05,0.12,0.17,2.86,4.59,4.29,0.0,0.0,0.0,0.0,0.0,0.01,0.01,0.02,0.01,0.02,0.71,0.1,0.07,0.01,1.82,0.0,-0.05,-0.05,39.8,52.76,725.1,278.78,15.92,18.47,18.98,23.78,4.18,8.37,0.15,-0.12,1.02,4.9,1.43,0.92,43.57,9.08,0.0,0.2,4.59,7.55,0.31,0.0,0.1,0.0,0.1,1.12,2.45,0.25,1.84,0.2,0.2,0.1,0.0,0.1,0.01,0.1,0.0,0.0,0.0,0.0,2.14,1.02,1.43,0.71,0.0,1.43,1.12,0.61,1.02,3.16,2.65,0.1,63.16,3.27,1.63,0.61,0.51,33.06,0.41,1.33,0.51,35.31,0.71,0.41,0.51,0.08,0.82,1.22,-0.41,-0.04,0.91,1.12,-0.21,-0.02,0.0,1.02,0.0,0.0,0.0,4.59,0.61
133.0,Clayton,br BRA,DF,Internacional,25-172,2000.0,6.0,6.0,481.0,5.3,0.0,0.0,0.0,0.0,0.0,0.0,2.0,0.0,0.3,0.3,0.0,0.3,3.0,14.0,0.0,0.0,0.0,0.0,0.0,0.0,0.05,0.0,0.05,0.05,0.05,Matches,5.0,2.0,40.0,0.94,0.37,0.0,0.0,12.7,0.0,0.06,-0.3,-0.3,274.0,306.0,89.5,5118.0,1334.0,82.0,86.0,95.3,166.0,176.0,94.3,21.0,35.0,60.0,0.1,0.0,0.0,20.0,0.0,0.0,299.0,6.0,0.0,0.0,2.0,0.0,0.0,0.0,0.0,0.0,1.0,2.0,3.0,0.56,2.0,0.0,0.0,0.0,1.0,0.0,0.0,0.0,0.0,0.0,0.0,0.0,6.0,2.0,3.0,3.0,0.0,1.0,25.0,3.0,3.0,7.0,13.0,26.0,0.0,366.0,28.0,4.0,3.0,100.0,0.0,0.0,205.0,0.0,2.0,2.0,245.0,80.0,23.2,80.0,4,0,,13,1.33,6.0,8.0,-2.0,-0.37,-0.03,8.5,5.3,3.2,0.59,0.25,0.0,8.0,0.0,0.0,0.0,23.0,13.0,56.5,1.13,1.13,90.75,0.0,0.0,0.0,0.0,0.0,0.0,0.38,0.0,0.06,0.06,0.0,0.06,0.57,2.64,0.0,0.0,0.0,0.0,0.0,0.0,0.01,0.0,0.01,0.01,0.01,0.94,0.38,0.18,0.07,2.4,0.0,-0.06,-0.06,51.7,57.74,965.66,251.7,15.47,16.23,31.32,33.21,3.96,6.6,0.02,0.0,0.0,3.77,0.0,0.0,56.42,1.13,0.0,0.0,0.38,0.0,0.0,0.0,0.0,0.0,0.19,0.38,0.57,0.11,0.38,0.0,0.0,0.0,0.19,0.0,0.0,0.0,0.0,0.0,0.0,0.0,1.13,0.38,0.57,0.57,0.0,0.19,0.57,0.57,1.32,2.45,4.91,0.0,69.06,5.28,0.75,0.57,0.0,38.68,0.0,0.38,0.38,46.23,0.75,0.0,2.45,0.25,1.13,1.51,-0.38,-0.07,1.6,1.0,0.6,0.11,0.0,1.51,0.0,0.0,0.0,4.34,2.45
608.0,Cleiton Schwengber,br BRA,GK,RB Bragantino,28-035,1997.0,21.0,21.0,1890.0,21.0,0.0,0.0,0.0,0.0,0.0,0.0,4.0,0.0,0.0,0.0,0.0,0.0,0.0,0.0,0.0,0.0,0.0,0.0,0.0,0.0,0.0,0.0,0.0,0.0,0.0,Matches,0.0,0.0,,0.0,0.0,,,,0.0,,0.0,0.0,546.0,668.0,81.7,13896.0,7905.0,80.0,80.0,100.0,320.0,323.0,99.1,141.0,260.0,54.2,0.0,0.0,0.0,3.0,0.0,0.0,477.0,191.0,0.0,3.0,0.0,0.0,0.0,0.0,0.0,0.0,0.0,0.0,2.0,0.1,1.0,1.0,0.0,0.0,0.0,1.0,0.05,1.0,0.0,0.0,0.0,0.0,0.0,0.0,0.0,0.0,0.0,0.0,0.0,1.0,0.0,0.0,0.0,8.0,1.0,716.0,595.0,0.0,0.0,,0.0,,415.0,0.0,0.0,0.0,328.0,90.0,87.5,90.0,21,0,,0,1.19,25.0,31.0,-6.0,-0.29,-0.29,22.1,25.5,-3.4,-0.16,0.04,0.0,0.0,0.0,0.0,0.0,17.0,6.0,100.0,1.0,1.0,90.0,0.0,0.0,0.0,0.0,0.0,0.0,0.19,0.0,0.0,0.0,0.0,0.0,0.0,0.0,0.0,0.0,0.0,0.0,0.0,0.0,0.0,0.0,0.0,0.0,0.0,0.0,0.0,0.0,0.0,,0.0,0.0,0.0,26.0,31.81,661.71,376.43,3.81,3.81,15.24,15.38,6.71,12.38,0.0,0.0,0.0,0.14,0.0,0.0,22.71,9.1,0.0,0.14,0.0,0.0,0.0,0.0,0.0,0.0,0.0,0.0,0.1,0.0,0.05,0.05,0.0,0.0,0.0,0.05,0.0,0.05,0.0,0.0,0.0,0.0,0.0,0.0,0.0,0.0,0.0,0.0,0.05,0.0,0.0,0.0,0.38,0.05,34.1,28.33,0.0,0.0,0.0,19.76,0.0,0.0,0.0,15.62,1.0,0.0,0.0,0.06,1.19,1.48,-0.29,-0.01,1.05,1.21,-0.16,-0.01,0.0,0.0,0.0,0.0,0.0,0.81,0.29
466.0,Cristian Olivera,uy URU,"FW,MF",Grêmio,23-159,2002.0,17.0,15.0,1177.0,13.1,2.0,0.0,2.0,2.0,0.0,0.0,3.0,0.0,1.8,1.8,0.8,2.7,46.0,24.0,83.0,0.15,0.0,0.15,0.15,0.15,0.14,0.06,0.21,0.14,0.21,Matches,22.0,9.0,40.9,1.68,0.69,0.09,0.22,21.5,0.0,0.08,0.2,0.2,189.0,276.0,68.5,2641.0,795.0,121.0,146.0,82.9,49.0,77.0,63.6,11.0,27.0,40.7,1.0,-0.8,10.0,14.0,11.0,7.0,268.0,8.0,1.0,1.0,31.0,8.0,0.0,0.0,0.0,0.0,0.0,11.0,29.0,2.22,14.0,0.0,6.0,5.0,0.0,1.0,0.08,0.0,0.0,0.0,1.0,0.0,26.0,22.0,13.0,6.0,7.0,16.0,64.0,9.0,8.0,2.0,28.0,12.0,0.0,474.0,12.0,32.0,28.0,35.0,44.0,55.0,313.0,12.0,39.0,22.0,335.0,69.0,56.9,74.0,2,2,37.0,0,1.65,14.0,9.0,5.0,0.38,1.49,13.7,18.0,-4.3,-0.33,0.41,0.0,25.0,1.0,0.0,0.0,50.0,5.0,21.7,1.3,1.15,89.85,0.15,0.0,0.15,0.15,0.0,0.0,0.23,0.0,0.14,0.14,0.06,0.21,3.51,1.83,6.34,0.01,0.0,0.01,0.01,0.01,0.01,0.0,0.02,0.01,0.02,1.68,0.69,0.13,0.05,1.64,0.0,0.02,0.02,14.43,21.07,201.6,60.69,9.24,11.15,3.74,5.88,0.84,2.06,0.08,-0.06,0.76,1.07,0.84,0.53,20.46,0.61,0.08,0.08,2.37,0.61,0.0,0.0,0.0,0.0,0.0,0.84,2.21,0.17,1.07,0.0,0.46,0.38,0.0,0.08,0.01,0.0,0.0,0.0,0.08,0.0,1.98,1.68,0.99,0.46,0.53,1.22,0.69,0.61,0.15,2.14,0.92,0.0,36.18,0.92,2.44,2.14,3.36,23.89,0.92,2.98,1.68,25.57,0.15,0.15,0.0,0.13,1.07,0.69,0.38,0.03,1.05,1.37,-0.33,-0.03,0.0,1.91,0.08,0.0,0.0,3.82,0.38
488.0,Cristian Pavón,ar ARG,"FW,MF",Grêmio,29-245,1996.0,14.0,6.0,647.0,7.2,0.0,1.0,1.0,0.0,0.0,0.0,3.0,0.0,0.8,0.8,0.9,1.6,21.0,22.0,59.0,0.0,0.14,0.14,0.0,0.14,0.11,0.12,0.23,0.11,0.23,Matches,16.0,4.0,25.0,2.23,0.56,0.0,0.0,23.7,0.0,0.05,-0.8,-0.8,203.0,313.0,64.9,3506.0,1109.0,108.0,141.0,76.6,67.0,100.0,67.0,24.0,51.0,47.1,0.9,0.1,11.0,17.0,9.0,4.0,292.0,21.0,0.0,2.0,38.0,10.0,6.0,0.0,4.0,0.0,0.0,12.0,21.0,2.93,13.0,2.0,4.0,0.0,0.0,1.0,0.14,1.0,0.0,0.0,0.0,0.0,13.0,9.0,8.0,2.0,3.0,8.0,44.4,10.0,9.0,8.0,21.0,11.0,1.0,411.0,13.0,18.0,12.0,44.4,14.0,51.9,244.0,7.0,14.0,12.0,260.0,46.0,31.3,66.0,0,8,32.0,1,1.07,5.0,11.0,-6.0,-0.83,-0.83,7.3,11.1,-3.8,-0.53,-0.04,0.0,6.0,0.0,0.0,0.0,55.0,9.0,40.9,1.94,0.83,89.86,0.0,0.14,0.14,0.0,0.0,0.0,0.42,0.0,0.11,0.11,0.12,0.22,2.92,3.06,8.19,0.0,0.02,0.02,0.0,0.02,0.02,0.02,0.03,0.02,0.03,2.22,0.56,0.31,0.08,3.29,0.0,-0.11,-0.11,28.19,43.47,486.94,154.03,15.0,19.58,9.31,13.89,3.33,7.08,0.12,0.01,1.53,2.36,1.25,0.56,40.56,2.92,0.0,0.28,5.28,1.39,0.83,0.0,0.56,0.0,0.0,1.67,2.92,0.41,1.81,0.28,0.56,0.0,0.0,0.14,0.02,0.14,0.0,0.0,0.0,0.0,1.81,1.25,1.11,0.28,0.42,1.11,1.39,1.25,1.11,2.92,1.53,0.14,57.08,1.81,2.5,1.67,1.94,33.89,0.97,1.94,1.67,36.11,0.0,1.11,0.14,0.15,0.69,1.53,-0.83,-0.12,1.01,1.54,-0.53,-0.07,0.0,0.83,0.0,0.0,0.0,7.64,1.25
538.0,Cristian Renato,br BRA,FW,Mirassol,25-217,2000.0,19.0,6.0,784.0,8.7,4.0,1.0,5.0,4.0,0.0,0.0,2.0,0.0,2.8,2.8,0.4,3.2,7.0,9.0,42.0,0.46,0.11,0.57,0.46,0.57,0.32,0.04,0.36,0.32,0.36,Matches,28.0,16.0,57.1,3.21,1.84,0.14,0.25,16.0,0.0,0.1,1.2,1.2,82.0,121.0,67.8,1093.0,227.0,48.0,66.0,72.7,18.0,23.0,78.3,7.0,11.0,63.6,0.1,0.6,7.0,6.0,1.0,0.0,107.0,13.0,0.0,1.0,1.0,1.0,0.0,0.0,0.0,0.0,1.0,4.0,18.0,2.07,10.0,0.0,3.0,1.0,1.0,3.0,0.34,2.0,0.0,1.0,0.0,0.0,8.0,4.0,1.0,6.0,1.0,2.0,28.6,5.0,4.0,2.0,10.0,6.0,0.0,230.0,10.0,32.0,8.0,32.0,16.0,64.0,124.0,2.0,24.0,14.0,153.0,41.0,37.9,72.0,1,13,27.0,3,2.0,14.0,8.0,6.0,0.69,-0.15,14.5,9.9,4.6,0.53,0.33,0.0,14.0,0.0,0.0,0.0,25.0,19.0,47.5,2.18,0.69,90.11,0.46,0.11,0.57,0.46,0.0,0.0,0.23,0.0,0.32,0.32,0.05,0.37,0.8,1.03,4.83,0.05,0.01,0.07,0.05,0.07,0.04,0.0,0.04,0.04,0.04,3.22,1.84,0.37,0.21,1.84,0.0,0.14,0.14,9.43,13.91,125.63,26.09,5.52,7.59,2.07,2.64,0.8,1.26,0.01,0.07,0.8,0.69,0.11,0.0,12.3,1.49,0.0,0.11,0.11,0.11,0.0,0.0,0.0,0.0,0.11,0.46,2.07,0.24,1.15,0.0,0.34,0.11,0.11,0.34,0.04,0.23,0.0,0.11,0.0,0.0,0.92,0.46,0.11,0.69,0.11,0.23,0.57,0.46,0.23,1.15,0.69,0.0,26.44,1.15,3.68,0.92,1.84,14.25,0.23,2.76,1.61,17.59,0.11,1.49,0.34,0.23,1.61,0.92,0.69,0.08,1.67,1.14,0.53,0.06,0.0,1.61,0.0,0.0,0.0,2.87,2.18
145.0,Cuiabano,br BRA,"DF,MF",Botafogo (RJ),22-219,2003.0,16.0,7.0,703.0,7.8,2.0,1.0,3.0,2.0,0.0,0.0,2.0,0.0,0.7,0.7,1.7,2.4,14.0,25.0,62.0,0.26,0.13,0.38,0.26,0.38,0.08,0.22,0.3,0.08,0.3,Matches,12.0,6.0,50.0,1.54,0.77,0.17,0.33,19.0,0.0,0.05,1.3,1.3,231.0,315.0,73.3,3717.0,1279.0,130.0,155.0,83.9,77.0,95.0,81.1,17.0,41.0,41.5,1.1,-0.7,13.0,19.0,12.0,5.0,263.0,52.0,1.0,3.0,33.0,42.0,6.0,4.0,2.0,0.0,0.0,10.0,20.0,2.56,17.0,1.0,1.0,0.0,1.0,2.0,0.26,2.0,0.0,0.0,0.0,0.0,14.0,12.0,7.0,6.0,1.0,7.0,53.8,6.0,7.0,10.0,24.0,8.0,0.0,396.0,14.0,22.0,5.0,55.6,3.0,33.3,205.0,3.0,21.0,3.0,229.0,44.0,34.0,73.0,2,9,21.0,1,1.31,9.0,5.0,4.0,0.51,-0.34,8.5,7.0,1.6,0.2,-0.2,0.0,11.0,0.0,0.0,0.0,31.0,9.0,50.0,2.05,0.9,90.13,0.26,0.13,0.38,0.26,0.0,0.0,0.26,0.0,0.09,0.09,0.22,0.31,1.79,3.21,7.95,0.03,0.02,0.05,0.03,0.05,0.01,0.03,0.04,0.01,0.04,1.54,0.77,0.2,0.1,2.44,0.0,0.17,0.17,29.62,40.38,476.54,163.97,16.67,19.87,9.87,12.18,2.18,5.26,0.14,-0.09,1.67,2.44,1.54,0.64,33.72,6.67,0.13,0.38,4.23,5.38,0.77,0.51,0.26,0.0,0.0,1.28,2.56,0.33,2.18,0.13,0.13,0.0,0.13,0.26,0.03,0.26,0.0,0.0,0.0,0.0,1.79,1.54,0.9,0.77,0.13,0.9,0.77,0.9,1.28,3.08,1.03,0.0,50.77,1.79,2.82,0.64,0.38,26.28,0.38,2.69,0.38,29.36,0.26,1.15,0.13,0.17,1.15,0.64,0.51,0.07,1.09,0.9,0.21,0.03,0.0,1.41,0.0,0.0,0.0,3.97,1.15
121.0,Cássio,br BRA,GK,Cruzeiro,38-109,1987.0,23.0,23.0,2070.0,23.0,0.0,0.0,0.0,0.0,0.0,0.0,5.0,0.0,0.0,0.0,0.0,0.0,0.0,0.0,0.0,0.0,0.0,0.0,0.0,0.0,0.0,0.0,0.0,0.0,0.0,Matches,0.0,0.0,,0.0,0.0,,,,0.0,,0.0,0.0,364.0,495.0,73.5,10263.0,6514.0,52.0,52.0,100.0,179.0,181.0,98.9,131.0,259.0,50.6,0.0,0.0,1.0,7.0,0.0,0.0,270.0,225.0,0.0,1.0,0.0,0.0,0.0,0.0,0.0,0.0,0.0,1.0,2.0,0.09,2.0,0.0,0.0,0.0,0.0,0.0,0.0,0.0,0.0,0.0,0.0,0.0,0.0,0.0,0.0,0.0,0.0,0.0,0.0,1.0,0.0,0.0,0.0,4.0,1.0,530.0,453.0,0.0,0.0,,0.0,,239.0,0.0,0.0,0.0,129.0,90.0,95.8,90.0,23,0,,0,2.04,35.0,17.0,18.0,0.78,-3.22,29.3,20.2,9.1,0.4,-1.9,0.0,0.0,0.0,0.0,0.0,20.0,0.0,,1.0,1.0,90.0,0.0,0.0,0.0,0.0,0.0,0.0,0.22,0.0,0.0,0.0,0.0,0.0,0.0,0.0,0.0,0.0,0.0,0.0,0.0,0.0,0.0,0.0,0.0,0.0,0.0,0.0,0.0,0.0,0.0,,0.0,0.0,0.0,15.83,21.52,446.22,283.22,2.26,2.26,7.78,7.87,5.7,11.26,0.0,0.0,0.04,0.3,0.0,0.0,11.74,9.78,0.0,0.04,0.0,0.0,0.0,0.0,0.0,0.0,0.0,0.04,0.09,0.0,0.09,0.0,0.0,0.0,0.0,0.0,0.0,0.0,0.0,0.0,0.0,0.0,0.0,0.0,0.0,0.0,0.0,0.0,0.04,0.0,0.0,0.0,0.17,0.04,23.04,19.7,0.0,0.0,0.0,10.39,0.0,0.0,0.0,5.61,1.0,0.0,0.0,0.09,1.52,0.74,0.78,0.03,1.27,0.88,0.4,0.02,0.0,0.0,0.0,0.0,0.0,0.87,0.0
625.0,Cédric Soares,pt POR,"DF,FW",São Paulo,34-023,1991.0,19.0,16.0,1417.0,15.7,0.0,2.0,2.0,0.0,0.0,0.0,1.0,0.0,0.1,0.1,2.0,2.1,17.0,46.0,79.0,0.0,0.13,0.13,0.0,0.13,0.01,0.12,0.13,0.01,0.13,Matches,2.0,0.0,0.0,0.13,0.0,0.0,,15.7,0.0,0.06,-0.1,-0.1,610.0,836.0,73.0,10174.0,3995.0,290.0,330.0,87.9,255.0,321.0,79.4,48.0,132.0,36.4,2.2,0.0,19.0,37.0,17.0,11.0,667.0,165.0,0.0,0.0,77.0,130.0,15.0,6.0,8.0,0.0,4.0,28.0,31.0,1.97,28.0,3.0,0.0,0.0,0.0,2.0,0.13,2.0,0.0,0.0,0.0,0.0,27.0,17.0,17.0,8.0,2.0,13.0,52.0,12.0,9.0,10.0,37.0,39.0,1.0,995.0,35.0,20.0,6.0,40.0,8.0,53.3,537.0,2.0,29.0,14.0,608.0,75.0,65.6,84.0,10,3,24.0,4,1.53,17.0,16.0,1.0,0.06,-0.18,16.5,17.6,-1.1,-0.07,-0.91,0.0,10.0,0.0,0.0,0.0,62.0,6.0,31.6,1.21,1.02,90.25,0.0,0.13,0.13,0.0,0.0,0.0,0.06,0.0,0.01,0.01,0.13,0.13,1.08,2.93,5.03,0.0,0.01,0.01,0.0,0.01,0.0,0.01,0.01,0.0,0.01,0.13,0.0,0.01,0.0,1.0,0.0,-0.01,-0.01,38.85,53.25,648.03,254.46,18.47,21.02,16.24,20.45,3.06,8.41,0.14,0.0,1.21,2.36,1.08,0.7,42.48,10.51,0.0,0.0,4.9,8.28,0.96,0.38,0.51,0.0,0.25,1.78,1.97,0.13,1.78,0.19,0.0,0.0,0.0,0.13,0.01,0.13,0.0,0.0,0.0,0.0,1.72,1.08,1.08,0.51,0.13,0.83,0.76,0.57,0.64,2.36,2.48,0.06,63.38,2.23,1.27,0.38,0.51,34.2,0.13,1.85,0.89,38.73,0.64,0.19,0.25,0.1,1.08,1.02,0.06,0.0,1.05,1.12,-0.07,-0.0,0.0,0.64,0.0,0.0,0.0,3.95,0.38
79.0,Damián Bobadilla,py PAR,MF,São Paulo,24-074,2001.0,19.0,11.0,1182.0,13.1,2.0,1.0,3.0,2.0,0.0,0.0,3.0,0.0,1.5,1.5,0.6,2.1,12.0,83.0,22.0,0.15,0.08,0.23,0.15,0.23,0.11,0.05,0.16,0.11,0.16,Matches,23.0,7.0,30.4,1.75,0.53,0.09,0.29,21.9,0.0,0.06,0.5,0.5,654.0,734.0,89.1,11642.0,3198.0,279.0,301.0,92.7,299.0,330.0,90.6,64.0,75.0,85.3,1.2,0.4,10.0,79.0,22.0,2.0,709.0,24.0,5.0,7.0,6.0,5.0,0.0,0.0,0.0,0.0,1.0,10.0,36.0,2.74,32.0,0.0,0.0,1.0,1.0,3.0,0.23,3.0,0.0,0.0,0.0,0.0,33.0,22.0,6.0,19.0,8.0,13.0,43.3,17.0,7.0,10.0,43.0,15.0,0.0,867.0,17.0,18.0,6.0,42.9,7.0,50.0,547.0,2.0,14.0,5.0,632.0,62.0,54.7,87.0,8,8,28.0,4,1.53,19.0,12.0,7.0,0.53,0.9,17.9,12.1,5.8,0.44,0.44,0.0,19.0,0.0,0.0,0.0,58.0,11.0,68.8,1.45,0.84,90.23,0.15,0.08,0.23,0.15,0.0,0.0,0.23,0.0,0.11,0.11,0.05,0.16,0.92,6.34,1.68,0.01,0.01,0.02,0.01,0.02,0.01,0.0,0.01,0.01,0.01,1.76,0.53,0.13,0.04,1.67,0.0,0.04,0.04,49.92,56.03,888.7,244.12,21.3,22.98,22.82,25.19,4.89,5.73,0.09,0.03,0.76,6.03,1.68,0.15,54.12,1.83,0.38,0.53,0.46,0.38,0.0,0.0,0.0,0.0,0.08,0.76,2.75,0.21,2.44,0.0,0.0,0.08,0.08,0.23,0.02,0.23,0.0,0.0,0.0,0.0,2.52,1.68,0.46,1.45,0.61,0.99,1.3,0.53,0.76,3.28,1.15,0.0,66.18,1.3,1.37,0.46,0.53,41.76,0.15,1.07,0.38,48.24,0.61,0.61,0.31,0.12,1.45,0.92,0.53,0.04,1.37,0.92,0.44,0.03,0.0,1.45,0.0,0.0,0.0,4.43,0.84
243.0,Daniel Giraldo,co COL,MF,Juventude,33-084,1992.0,14.0,7.0,678.0,7.5,0.0,0.0,0.0,0.0,0.0,0.0,4.0,0.0,0.0,0.0,0.0,0.0,6.0,27.0,5.0,0.0,0.0,0.0,0.0,0.0,0.0,0.0,0.0,0.0,0.0,Matches,2.0,0.0,0.0,0.27,0.0,0.0,,25.9,0.0,0.02,0.0,0.0,314.0,361.0,87.0,5898.0,1390.0,123.0,135.0,91.1,144.0,159.0,90.6,41.0,49.0,83.7,0.1,0.0,0.0,23.0,1.0,0.0,342.0,18.0,0.0,4.0,1.0,0.0,0.0,0.0,0.0,0.0,1.0,5.0,6.0,0.8,5.0,0.0,0.0,0.0,1.0,1.0,0.13,1.0,0.0,0.0,0.0,0.0,11.0,8.0,6.0,4.0,1.0,7.0,41.2,10.0,6.0,3.0,14.0,22.0,1.0,423.0,36.0,2.0,2.0,100.0,0.0,0.0,216.0,0.0,8.0,8.0,272.0,48.0,32.8,72.0,2,7,25.0,5,1.21,11.0,19.0,-8.0,-1.06,0.1,8.2,11.5,-3.3,-0.43,0.72,0.0,18.0,0.0,0.0,0.0,33.0,7.0,53.8,1.87,0.93,90.4,0.0,0.0,0.0,0.0,0.0,0.0,0.53,0.0,0.0,0.0,0.0,0.0,0.8,3.6,0.67,0.0,0.0,0.0,0.0,0.0,0.0,0.0,0.0,0.0,0.0,0.27,0.0,0.04,0.0,3.45,0.0,0.0,0.0,41.87,48.13,786.4,185.33,16.4,18.0,19.2,21.2,5.47,6.53,0.01,0.0,0.0,3.07,0.13,0.0,45.6,2.4,0.0,0.53,0.13,0.0,0.0,0.0,0.0,0.0,0.13,0.67,0.8,0.11,0.67,0.0,0.0,0.0,0.13,0.13,0.02,0.13,0.0,0.0,0.0,0.0,1.47,1.07,0.8,0.53,0.13,0.93,1.33,0.8,0.4,1.87,2.93,0.13,56.4,4.8,0.27,0.27,0.0,28.8,0.0,1.07,1.07,36.27,0.27,0.93,0.67,0.16,1.47,2.53,-1.07,-0.14,1.09,1.53,-0.44,-0.06,0.0,2.4,0.0,0.0,0.0,4.4,0.93
148.0,Danielzinho,br BRA,MF,Mirassol,30-323,1994.0,22.0,22.0,1956.0,21.7,0.0,2.0,2.0,0.0,0.0,0.0,3.0,0.0,1.2,1.2,1.9,3.1,25.0,129.0,67.0,0.0,0.09,0.09,0.0,0.09,0.05,0.09,0.14,0.05,0.14,Matches,21.0,4.0,19.0,0.97,0.18,0.0,0.0,22.1,2.0,0.06,-1.2,-1.2,1047.0,1250.0,83.8,16368.0,4797.0,547.0,599.0,91.3,410.0,457.0,89.7,61.0,122.0,50.0,2.0,0.1,36.0,119.0,16.0,4.0,1136.0,106.0,3.0,2.0,51.0,6.0,29.0,13.0,15.0,1.0,8.0,26.0,68.0,3.13,55.0,8.0,0.0,3.0,0.0,7.0,0.32,7.0,0.0,0.0,0.0,0.0,34.0,22.0,15.0,17.0,2.0,5.0,26.3,14.0,12.0,15.0,49.0,35.0,3.0,1465.0,61.0,25.0,4.0,25.0,8.0,50.0,813.0,0.0,34.0,17.0,1021.0,89.0,94.5,89.0,20,0,,0,1.86,40.0,21.0,19.0,0.87,1.66,32.4,24.8,7.6,0.35,0.49,0.0,24.0,1.0,0.0,0.0,126.0,16.0,40.0,1.01,1.01,90.14,0.0,0.09,0.09,0.0,0.0,0.0,0.14,0.0,0.06,0.06,0.09,0.14,1.15,5.94,3.09,0.0,0.0,0.0,0.0,0.0,0.0,0.0,0.01,0.0,0.01,0.97,0.18,0.04,0.01,1.02,0.09,-0.06,-0.06,48.25,57.6,754.29,221.06,25.21,27.6,18.89,21.06,2.81,5.62,0.09,0.0,1.66,5.48,0.74,0.18,52.35,4.88,0.14,0.09,2.35,0.28,1.34,0.6,0.69,0.05,0.37,1.2,3.13,0.14,2.53,0.37,0.0,0.14,0.0,0.32,0.01,0.32,0.0,0.0,0.0,0.0,1.57,1.01,0.69,0.78,0.09,0.23,0.65,0.55,0.69,2.26,1.61,0.14,67.51,2.81,1.15,0.18,0.37,37.47,0.0,1.57,0.78,47.05,0.92,0.0,0.0,0.09,1.84,0.97,0.88,0.04,1.49,1.14,0.35,0.02,0.0,1.11,0.05,0.0,0.0,5.81,0.74
149.0,Danilo,br BRA,DF,Flamengo,34-070,1991.0,9.0,6.0,613.0,6.8,1.0,0.0,1.0,1.0,0.0,0.0,0.0,0.0,0.9,0.9,0.2,1.1,8.0,62.0,2.0,0.15,0.0,0.15,0.15,0.15,0.13,0.03,0.16,0.13,0.16,Matches,3.0,2.0,66.7,0.44,0.29,0.33,0.5,6.3,0.0,0.29,0.1,0.1,595.0,638.0,93.3,11780.0,4357.0,196.0,201.0,97.5,332.0,344.0,96.5,65.0,89.0,73.0,0.2,-0.2,1.0,77.0,4.0,0.0,621.0,17.0,0.0,4.0,5.0,3.0,0.0,0.0,0.0,0.0,0.0,1.0,8.0,1.18,8.0,0.0,0.0,0.0,0.0,2.0,0.29,2.0,0.0,0.0,0.0,0.0,6.0,5.0,4.0,2.0,0.0,1.0,16.7,5.0,0.0,7.0,13.0,23.0,0.0,677.0,41.0,4.0,0.0,0.0,1.0,100.0,474.0,0.0,4.0,1.0,548.0,68.0,29.6,89.0,5,3,27.0,8,2.22,16.0,3.0,13.0,1.91,0.43,12.2,4.8,7.4,1.09,0.34,0.0,9.0,0.0,0.0,0.0,41.0,6.0,35.3,1.32,0.88,90.15,0.15,0.0,0.15,0.15,0.0,0.0,0.0,0.0,0.13,0.13,0.03,0.16,1.18,9.12,0.29,0.02,0.0,0.02,0.02,0.02,0.02,0.0,0.02,0.02,0.02,0.44,0.29,0.06,0.04,0.93,0.0,0.01,0.01,87.5,93.82,1732.35,640.74,28.82,29.56,48.82,50.59,9.56,13.09,0.03,-0.03,0.15,11.32,0.59,0.0,91.32,2.5,0.0,0.59,0.74,0.44,0.0,0.0,0.0,0.0,0.0,0.15,1.18,0.17,1.18,0.0,0.0,0.0,0.0,0.29,0.04,0.29,0.0,0.0,0.0,0.0,0.88,0.74,0.59,0.29,0.0,0.15,0.74,0.0,1.03,1.91,3.38,0.0,99.56,6.03,0.59,0.0,0.15,69.71,0.0,0.59,0.15,80.59,0.74,0.44,1.18,0.33,2.35,0.44,1.91,0.28,1.79,0.71,1.09,0.16,0.0,1.32,0.0,0.0,0.0,6.03,0.88
168.0,David Duarte,br BRA,DF,Bahia,30-242,1995.0,17.0,16.0,1518.0,16.9,0.0,0.0,0.0,0.0,0.0,0.0,3.0,0.0,0.7,0.7,0.2,0.9,3.0,50.0,1.0,0.0,0.0,0.0,0.0,0.0,0.04,0.01,0.06,0.04,0.06,Matches,9.0,2.0,22.2,0.53,0.12,0.0,0.0,11.4,0.0,0.08,-0.7,-0.7,812.0,925.0,87.8,14450.0,5518.0,307.0,323.0,95.0,457.0,489.0,93.5,41.0,96.0,42.7,0.5,-0.2,2.0,52.0,2.0,0.0,894.0,31.0,0.0,1.0,0.0,1.0,0.0,0.0,0.0,0.0,0.0,6.0,11.0,0.65,11.0,0.0,0.0,0.0,0.0,1.0,0.06,1.0,0.0,0.0,0.0,0.0,13.0,7.0,10.0,3.0,0.0,5.0,55.6,4.0,3.0,10.0,23.0,108.0,0.0,1099.0,140.0,19.0,2.0,50.0,1.0,25.0,626.0,0.0,7.0,1.0,766.0,89.0,76.7,90.0,16,1,78.0,3,1.94,28.0,19.0,9.0,0.53,1.31,25.2,21.0,4.2,0.25,0.92,0.0,12.0,0.0,0.0,0.0,37.0,46.0,70.8,1.01,0.95,89.82,0.0,0.0,0.0,0.0,0.0,0.0,0.18,0.0,0.04,0.04,0.01,0.05,0.18,2.96,0.06,0.0,0.0,0.0,0.0,0.0,0.0,0.0,0.0,0.0,0.0,0.53,0.12,0.03,0.01,0.67,0.0,-0.04,-0.04,48.05,54.73,855.03,326.51,18.17,19.11,27.04,28.93,2.43,5.68,0.03,-0.01,0.12,3.08,0.12,0.0,52.9,1.83,0.0,0.06,0.0,0.06,0.0,0.0,0.0,0.0,0.0,0.36,0.65,0.04,0.65,0.0,0.0,0.0,0.0,0.06,0.0,0.06,0.0,0.0,0.0,0.0,0.77,0.41,0.59,0.18,0.0,0.3,0.24,0.18,0.59,1.36,6.39,0.0,65.03,8.28,1.12,0.12,0.06,37.04,0.0,0.41,0.06,45.33,0.95,0.06,0.18,0.11,1.66,1.12,0.53,0.03,1.49,1.24,0.25,0.01,0.0,0.71,0.0,0.0,0.0,2.19,2.72
356.0,David Loiola,br BRA,DF,Botafogo (RJ),22-276,2002.0,11.0,10.0,904.0,10.0,1.0,0.0,1.0,1.0,0.0,0.0,1.0,1.0,0.3,0.3,0.2,0.4,8.0,36.0,2.0,0.1,0.0,0.1,0.1,0.1,0.03,0.02,0.04,0.03,0.04,Matches,3.0,1.0,33.3,0.3,0.1,0.33,1.0,7.6,0.0,0.09,0.7,0.7,533.0,605.0,88.1,10602.0,3796.0,160.0,166.0,96.4,287.0,306.0,93.8,73.0,111.0,65.8,0.2,-0.2,2.0,26.0,1.0,0.0,567.0,36.0,0.0,4.0,2.0,1.0,0.0,0.0,0.0,0.0,2.0,3.0,9.0,0.9,9.0,0.0,0.0,0.0,0.0,1.0,0.1,1.0,0.0,0.0,0.0,0.0,9.0,4.0,5.0,3.0,1.0,6.0,54.5,5.0,4.0,6.0,15.0,51.0,0.0,690.0,107.0,7.0,0.0,,0.0,,407.0,0.0,0.0,1.0,487.0,82.0,43.7,86.0,8,1,45.0,10,1.73,20.0,7.0,13.0,1.29,0.99,13.6,9.2,4.4,0.44,0.19,0.0,9.0,0.0,0.0,0.0,37.0,17.0,63.0,1.1,1.0,90.4,0.1,0.0,0.1,0.1,0.0,0.0,0.1,0.1,0.03,0.03,0.02,0.04,0.8,3.6,0.2,0.01,0.0,0.01,0.01,0.01,0.0,0.0,0.0,0.0,0.0,0.3,0.1,0.03,0.01,0.76,0.0,0.07,0.07,53.3,60.5,1060.2,379.6,16.0,16.6,28.7,30.6,7.3,11.1,0.02,-0.02,0.2,2.6,0.1,0.0,56.7,3.6,0.0,0.4,0.2,0.1,0.0,0.0,0.0,0.0,0.2,0.3,0.9,0.09,0.9,0.0,0.0,0.0,0.0,0.1,0.01,0.1,0.0,0.0,0.0,0.0,0.9,0.4,0.5,0.3,0.1,0.6,0.5,0.4,0.6,1.5,5.1,0.0,69.0,10.7,0.7,0.0,0.0,40.7,0.0,0.0,0.1,48.7,0.8,0.1,1.0,0.17,2.0,0.7,1.3,0.13,1.36,0.92,0.44,0.04,0.0,0.9,0.0,0.0,0.0,3.7,1.7
685.0,Deivid Washington,br BRA,FW,Santos,20-110,2005.0,17.0,5.0,557.0,6.2,1.0,0.0,1.0,1.0,0.0,0.0,0.0,0.0,1.3,1.3,0.2,1.5,5.0,11.0,33.0,0.16,0.0,0.16,0.16,0.16,0.2,0.03,0.24,0.2,0.24,Matches,16.0,4.0,25.0,2.59,0.65,0.06,0.25,16.9,0.0,0.08,-0.3,-0.3,76.0,96.0,79.2,1061.0,240.0,38.0,45.0,84.4,32.0,37.0,86.5,1.0,4.0,25.0,0.6,-0.2,3.0,8.0,1.0,0.0,85.0,11.0,0.0,0.0,1.0,1.0,0.0,0.0,0.0,0.0,0.0,1.0,15.0,2.42,11.0,0.0,0.0,1.0,1.0,1.0,0.16,1.0,0.0,0.0,0.0,0.0,3.0,2.0,1.0,2.0,0.0,1.0,16.7,5.0,0.0,5.0,8.0,2.0,0.0,152.0,2.0,24.0,1.0,9.1,10.0,90.9,88.0,2.0,5.0,7.0,109.0,33.0,26.9,66.0,0,12,19.0,3,0.76,4.0,8.0,-4.0,-0.65,-0.29,4.6,7.9,-3.3,-0.53,-0.46,0.0,7.0,0.0,0.0,0.0,18.0,13.0,46.4,2.74,0.81,89.84,0.16,0.0,0.16,0.16,0.0,0.0,0.0,0.0,0.21,0.21,0.03,0.24,0.81,1.77,5.32,0.03,0.0,0.03,0.03,0.03,0.03,0.0,0.04,0.03,0.04,2.58,0.65,0.42,0.1,2.73,0.0,-0.05,-0.05,12.26,15.48,171.13,38.71,6.13,7.26,5.16,5.97,0.16,0.65,0.1,-0.03,0.48,1.29,0.16,0.0,13.71,1.77,0.0,0.0,0.16,0.16,0.0,0.0,0.0,0.0,0.0,0.16,2.42,0.39,1.77,0.0,0.0,0.16,0.16,0.16,0.03,0.16,0.0,0.0,0.0,0.0,0.48,0.32,0.16,0.32,0.0,0.16,0.81,0.0,0.81,1.29,0.32,0.0,24.52,0.32,3.87,0.16,1.61,14.19,0.32,0.81,1.13,17.58,0.0,1.94,0.48,0.12,0.65,1.29,-0.65,-0.1,0.74,1.27,-0.53,-0.09,0.0,1.13,0.0,0.0,0.0,2.9,2.1
342.0,Derik Lacerda,br BRA,FW,Sport Recife,25-361,1999.0,9.0,9.0,730.0,8.1,3.0,0.0,3.0,3.0,0.0,0.0,5.0,0.0,3.5,3.5,0.7,4.2,18.0,9.0,21.0,0.37,0.0,0.37,0.37,0.37,0.43,0.09,0.52,0.43,0.52,Matches,25.0,11.0,44.0,3.08,1.36,0.12,0.27,14.9,0.0,0.18,-0.5,-0.5,75.0,102.0,73.5,1074.0,275.0,44.0,55.0,80.0,27.0,35.0,77.1,0.0,1.0,0.0,0.4,-0.7,7.0,14.0,0.0,0.0,88.0,14.0,1.0,0.0,2.0,2.0,0.0,0.0,0.0,0.0,0.0,3.0,23.0,2.84,12.0,0.0,4.0,2.0,0.0,3.0,0.37,0.0,0.0,1.0,0.0,0.0,5.0,2.0,1.0,1.0,3.0,1.0,25.0,3.0,8.0,3.0,8.0,7.0,1.0,186.0,8.0,33.0,12.0,48.0,10.0,40.0,89.0,7.0,14.0,7.0,111.0,81.0,36.9,81.0,5,0,,0,1.22,10.0,7.0,3.0,0.37,1.88,11.3,12.8,-1.5,-0.19,0.55,0.0,18.0,0.0,0.0,0.0,25.0,23.0,47.9,1.11,1.11,90.12,0.37,0.0,0.37,0.37,0.0,0.0,0.62,0.0,0.43,0.43,0.09,0.52,2.22,1.11,2.59,0.05,0.0,0.05,0.05,0.05,0.05,0.01,0.06,0.05,0.06,3.09,1.36,0.38,0.17,1.84,0.0,-0.06,-0.06,9.26,12.59,132.59,33.95,5.43,6.79,3.33,4.32,0.0,0.12,0.05,-0.09,0.86,1.73,0.0,0.0,10.86,1.73,0.12,0.0,0.25,0.25,0.0,0.0,0.0,0.0,0.0,0.37,2.84,0.35,1.48,0.0,0.49,0.25,0.0,0.37,0.05,0.0,0.0,0.12,0.0,0.0,0.62,0.25,0.12,0.12,0.37,0.12,0.37,0.99,0.37,0.99,0.86,0.12,22.96,0.99,4.07,1.48,1.23,10.99,0.86,1.73,0.86,13.7,0.62,0.0,0.0,0.15,1.23,0.86,0.37,0.05,1.4,1.58,-0.19,-0.02,0.0,2.22,0.0,0.0,0.0,3.09,2.84
156.0,Deyverson,br BRA,FW,Fortaleza,34-138,1991.0,17.0,9.0,788.0,8.8,3.0,0.0,3.0,3.0,0.0,0.0,2.0,0.0,3.5,3.5,0.3,3.9,3.0,24.0,33.0,0.34,0.0,0.34,0.34,0.34,0.4,0.04,0.44,0.4,0.44,Matches,24.0,7.0,29.2,2.74,0.8,0.13,0.43,12.5,0.0,0.15,-0.5,-0.5,127.0,219.0,58.0,2088.0,466.0,61.0,97.0,62.9,51.0,85.0,60.0,11.0,17.0,64.7,0.2,-0.3,7.0,16.0,3.0,0.0,193.0,20.0,0.0,1.0,6.0,3.0,0.0,0.0,0.0,0.0,6.0,3.0,24.0,2.73,17.0,1.0,0.0,3.0,0.0,1.0,0.11,1.0,0.0,0.0,0.0,0.0,3.0,3.0,1.0,0.0,2.0,1.0,33.3,2.0,3.0,3.0,6.0,8.0,0.0,297.0,8.0,33.0,1.0,33.3,0.0,0.0,145.0,0.0,19.0,13.0,220.0,46.0,38.1,69.0,1,8,21.0,4,0.65,11.0,15.0,-4.0,-0.46,0.32,12.2,12.0,0.2,0.02,0.53,0.0,15.0,0.0,0.0,0.0,20.0,46.0,56.8,1.93,1.02,89.55,0.34,0.0,0.34,0.34,0.0,0.0,0.23,0.0,0.4,0.4,0.03,0.44,0.34,2.73,3.75,0.04,0.0,0.04,0.04,0.04,0.05,0.0,0.05,0.05,0.05,2.73,0.8,0.31,0.09,1.42,0.0,-0.06,-0.06,14.43,24.89,237.27,52.95,6.93,11.02,5.8,9.66,1.25,1.93,0.02,-0.03,0.8,1.82,0.34,0.0,21.93,2.27,0.0,0.11,0.68,0.34,0.0,0.0,0.0,0.0,0.68,0.34,2.73,0.31,1.93,0.11,0.0,0.34,0.0,0.11,0.01,0.11,0.0,0.0,0.0,0.0,0.34,0.34,0.11,0.0,0.23,0.11,0.23,0.34,0.34,0.68,0.91,0.0,33.75,0.91,3.75,0.11,0.0,16.48,0.0,2.16,1.48,25.0,0.11,0.91,0.45,0.07,1.25,1.7,-0.45,-0.05,1.39,1.36,0.02,0.0,0.0,1.7,0.0,0.0,0.0,2.27,5.23
160.0,Dieguinho,br BRA,MF,Ceará,29-327,1995.0,23.0,23.0,2009.0,22.3,0.0,2.0,2.0,0.0,0.0,0.0,2.0,0.0,0.2,0.2,1.5,1.7,12.0,82.0,9.0,0.0,0.09,0.09,0.0,0.09,0.01,0.07,0.08,0.01,0.08,Matches,11.0,3.0,27.3,0.49,0.13,0.0,0.0,30.0,0.0,0.02,-0.2,-0.2,653.0,767.0,85.1,12270.0,3329.0,251.0,286.0,87.8,316.0,347.0,91.1,78.0,100.0,78.0,1.7,0.5,18.0,77.0,11.0,3.0,730.0,32.0,6.0,10.0,6.0,6.0,0.0,0.0,0.0,0.0,5.0,14.0,42.0,1.88,30.0,0.0,5.0,4.0,2.0,6.0,0.27,5.0,0.0,1.0,0.0,0.0,43.0,21.0,21.0,22.0,0.0,18.0,48.6,19.0,9.0,29.0,72.0,48.0,4.0,1014.0,59.0,2.0,26.0,63.4,12.0,29.3,536.0,0.0,31.0,18.0,571.0,87.0,97.1,87.0,14,0,,0,1.22,21.0,21.0,0.0,0.0,1.48,23.1,22.5,0.6,0.03,0.96,0.0,16.0,0.0,1.0,0.0,117.0,22.0,55.0,1.03,1.03,90.09,0.0,0.09,0.09,0.0,0.0,0.0,0.09,0.0,0.01,0.01,0.07,0.08,0.54,3.68,0.4,0.0,0.0,0.0,0.0,0.0,0.0,0.0,0.0,0.0,0.0,0.49,0.13,0.02,0.01,1.35,0.0,-0.01,-0.01,29.28,34.39,550.22,149.28,11.26,12.83,14.17,15.56,3.5,4.48,0.08,0.02,0.81,3.45,0.49,0.13,32.74,1.43,0.27,0.45,0.27,0.27,0.0,0.0,0.0,0.0,0.22,0.63,1.88,0.08,1.35,0.0,0.22,0.18,0.09,0.27,0.01,0.22,0.0,0.04,0.0,0.0,1.93,0.94,0.94,0.99,0.0,0.81,0.85,0.4,1.3,3.23,2.15,0.18,45.47,2.65,0.09,1.17,0.54,24.04,0.0,1.39,0.81,25.61,0.63,0.0,0.0,0.05,0.94,0.94,0.0,0.0,1.04,1.01,0.03,0.0,0.0,0.72,0.0,0.04,0.0,5.25,0.99
57.0,Diogo Barbosa,br BRA,DF,Fortaleza,33-037,1992.0,10.0,7.0,652.0,7.2,1.0,0.0,1.0,1.0,0.0,0.0,1.0,0.0,0.4,0.4,0.7,1.0,10.0,20.0,28.0,0.14,0.0,0.14,0.14,0.14,0.05,0.09,0.14,0.05,0.14,Matches,3.0,1.0,33.3,0.41,0.14,0.33,1.0,9.6,0.0,0.12,0.6,0.6,193.0,244.0,79.1,2956.0,1214.0,104.0,110.0,94.5,72.0,93.0,77.4,9.0,25.0,36.0,0.6,-0.7,7.0,12.0,4.0,2.0,191.0,50.0,1.0,2.0,13.0,44.0,0.0,0.0,0.0,0.0,3.0,1.0,13.0,1.79,10.0,2.0,0.0,1.0,0.0,0.0,0.0,0.0,0.0,0.0,0.0,0.0,14.0,6.0,8.0,6.0,0.0,8.0,44.4,10.0,7.0,4.0,18.0,34.0,0.0,337.0,27.0,9.0,5.0,33.3,7.0,46.7,149.0,0.0,10.0,3.0,168.0,65.0,31.5,80.0,5,3,30.0,9,0.9,8.0,8.0,0.0,0.0,0.95,9.5,12.8,-3.3,-0.46,-0.22,0.0,4.0,0.0,0.0,0.0,23.0,11.0,68.8,1.39,0.97,90.56,0.14,0.0,0.14,0.14,0.0,0.0,0.14,0.0,0.06,0.06,0.1,0.14,1.39,2.78,3.89,0.02,0.0,0.02,0.02,0.02,0.01,0.01,0.02,0.01,0.02,0.42,0.14,0.06,0.02,1.33,0.0,0.08,0.08,26.81,33.89,410.56,168.61,14.44,15.28,10.0,12.92,1.25,3.47,0.08,-0.1,0.97,1.67,0.56,0.28,26.53,6.94,0.14,0.28,1.81,6.11,0.0,0.0,0.0,0.0,0.42,0.14,1.81,0.25,1.39,0.28,0.0,0.14,0.0,0.0,0.0,0.0,0.0,0.0,0.0,0.0,1.94,0.83,1.11,0.83,0.0,1.11,1.39,0.97,0.56,2.5,4.72,0.0,46.81,3.75,1.25,0.69,0.97,20.69,0.0,1.39,0.42,23.33,0.69,0.42,1.25,0.12,1.11,1.11,0.0,0.0,1.32,1.78,-0.46,-0.06,0.0,0.56,0.0,0.0,0.0,3.19,1.53
275.0,Diogo Hereda,br BRA,DF,Sport Recife,27-003,1998.0,11.0,10.0,848.0,9.4,0.0,1.0,1.0,0.0,0.0,0.0,1.0,0.0,0.2,0.2,0.4,0.7,18.0,47.0,77.0,0.0,0.11,0.11,0.0,0.11,0.03,0.04,0.07,0.03,0.07,Matches,13.0,2.0,15.4,1.38,0.21,0.0,0.0,26.5,0.0,0.02,-0.2,-0.2,385.0,484.0,79.5,6082.0,2228.0,185.0,204.0,90.7,167.0,200.0,83.5,17.0,38.0,44.7,0.8,0.6,9.0,32.0,15.0,8.0,376.0,108.0,0.0,2.0,34.0,98.0,1.0,1.0,0.0,0.0,0.0,17.0,21.0,2.23,17.0,0.0,2.0,0.0,0.0,1.0,0.11,1.0,0.0,0.0,0.0,0.0,20.0,17.0,10.0,7.0,3.0,11.0,68.8,5.0,5.0,7.0,27.0,17.0,0.0,592.0,21.0,12.0,14.0,48.3,11.0,37.9,275.0,4.0,18.0,8.0,326.0,77.0,42.8,80.0,7,1,45.0,0,0.27,4.0,13.0,-9.0,-0.96,-0.24,7.0,13.3,-6.3,-0.67,-0.24,0.0,13.0,0.0,0.0,0.0,59.0,11.0,50.0,1.17,1.06,90.21,0.0,0.11,0.11,0.0,0.0,0.0,0.11,0.0,0.02,0.02,0.04,0.07,1.91,5.0,8.19,0.0,0.01,0.01,0.0,0.01,0.0,0.0,0.01,0.0,0.01,1.38,0.21,0.15,0.02,2.82,0.0,-0.02,-0.02,40.96,51.49,647.02,237.02,19.68,21.7,17.77,21.28,1.81,4.04,0.09,0.06,0.96,3.4,1.6,0.85,40.0,11.49,0.0,0.21,3.62,10.43,0.11,0.11,0.0,0.0,0.0,1.81,2.23,0.24,1.81,0.0,0.21,0.0,0.0,0.11,0.01,0.11,0.0,0.0,0.0,0.0,2.13,1.81,1.06,0.74,0.32,1.17,0.53,0.53,0.74,2.87,1.81,0.0,62.98,2.23,1.28,1.49,1.17,29.26,0.43,1.91,0.85,34.68,0.74,0.11,0.0,0.03,0.43,1.38,-0.96,-0.1,0.74,1.41,-0.67,-0.07,0.0,1.38,0.0,0.0,0.0,6.28,1.17
163.0,Dodi,br BRA,MF,Grêmio,29-159,1996.0,19.0,15.0,1384.0,15.4,0.0,0.0,0.0,0.0,0.0,0.0,4.0,1.0,0.1,0.1,0.2,0.3,12.0,40.0,5.0,0.0,0.0,0.0,0.0,0.0,0.01,0.01,0.02,0.01,0.02,Matches,5.0,0.0,0.0,0.33,0.0,0.0,,31.0,0.0,0.02,-0.1,-0.1,414.0,475.0,87.2,6482.0,1964.0,209.0,232.0,90.1,172.0,190.0,90.5,22.0,30.0,73.3,0.2,-0.2,4.0,43.0,3.0,0.0,449.0,25.0,0.0,1.0,1.0,2.0,0.0,0.0,0.0,0.0,1.0,6.0,12.0,0.78,8.0,0.0,0.0,1.0,2.0,1.0,0.07,0.0,0.0,0.0,0.0,1.0,33.0,21.0,13.0,17.0,3.0,20.0,62.5,12.0,12.0,18.0,51.0,32.0,0.0,613.0,40.0,0.0,7.0,36.8,8.0,42.1,332.0,0.0,11.0,10.0,365.0,73.0,66.9,84.0,10,4,32.0,2,1.26,16.0,15.0,1.0,0.07,0.98,17.0,22.4,-5.4,-0.35,0.45,0.0,25.0,0.0,1.0,0.0,54.0,7.0,53.8,1.23,0.97,89.87,0.0,0.0,0.0,0.0,0.0,0.0,0.26,0.06,0.01,0.01,0.01,0.02,0.78,2.6,0.32,0.0,0.0,0.0,0.0,0.0,0.0,0.0,0.0,0.0,0.0,0.32,0.0,0.02,0.0,2.01,0.0,-0.01,-0.01,26.88,30.84,420.91,127.53,13.57,15.06,11.17,12.34,1.43,1.95,0.01,-0.01,0.26,2.79,0.19,0.0,29.16,1.62,0.0,0.06,0.06,0.13,0.0,0.0,0.0,0.0,0.06,0.39,0.78,0.05,0.52,0.0,0.0,0.06,0.13,0.06,0.0,0.0,0.0,0.0,0.0,0.06,2.14,1.36,0.84,1.1,0.19,1.3,0.78,0.78,1.17,3.31,2.08,0.0,39.81,2.6,0.0,0.45,0.52,21.56,0.0,0.71,0.65,23.7,0.65,0.26,0.13,0.08,1.04,0.97,0.06,0.0,1.1,1.45,-0.35,-0.02,0.0,1.62,0.0,0.06,0.0,3.51,0.45
518.0,Du Queiroz,br BRA,MF,Sport Recife,25-247,2000.0,11.0,8.0,615.0,6.8,0.0,0.0,0.0,0.0,0.0,0.0,0.0,0.0,0.5,0.5,0.5,1.0,16.0,36.0,28.0,0.0,0.0,0.0,0.0,0.0,0.07,0.08,0.15,0.07,0.15,Matches,6.0,1.0,16.7,0.88,0.15,0.0,0.0,18.1,0.0,0.08,-0.5,-0.5,260.0,313.0,83.1,3862.0,1282.0,146.0,162.0,90.1,90.0,103.0,87.4,14.0,19.0,73.7,1.1,-0.5,8.0,30.0,11.0,4.0,308.0,4.0,3.0,2.0,7.0,2.0,0.0,0.0,0.0,0.0,1.0,10.0,14.0,2.05,14.0,0.0,0.0,0.0,0.0,0.0,0.0,0.0,0.0,0.0,0.0,0.0,8.0,6.0,1.0,3.0,4.0,2.0,28.6,5.0,10.0,5.0,13.0,4.0,0.0,375.0,4.0,11.0,2.0,16.7,10.0,83.3,211.0,2.0,4.0,8.0,273.0,56.0,31.1,68.0,1,3,25.0,0,0.27,3.0,12.0,-9.0,-1.32,-0.72,5.2,10.7,-5.5,-0.81,-0.4,0.0,12.0,0.0,1.0,0.0,31.0,1.0,12.5,1.62,1.18,90.44,0.0,0.0,0.0,0.0,0.0,0.0,0.0,0.0,0.07,0.07,0.07,0.15,2.35,5.29,4.12,0.0,0.0,0.0,0.0,0.0,0.01,0.01,0.02,0.01,0.02,0.88,0.15,0.13,0.02,2.66,0.0,-0.07,-0.07,38.24,46.03,567.94,188.53,21.47,23.82,13.24,15.15,2.06,2.79,0.16,-0.07,1.18,4.41,1.62,0.59,45.29,0.59,0.44,0.29,1.03,0.29,0.0,0.0,0.0,0.0,0.15,1.47,2.06,0.3,2.06,0.0,0.0,0.0,0.0,0.0,0.0,0.0,0.0,0.0,0.0,0.0,1.18,0.88,0.15,0.44,0.59,0.29,0.74,1.47,0.74,1.91,0.59,0.0,55.15,0.59,1.62,0.29,1.47,31.03,0.29,0.59,1.18,40.15,0.15,0.44,0.0,0.04,0.44,1.76,-1.32,-0.19,0.76,1.57,-0.81,-0.12,0.0,1.76,0.0,0.15,0.0,4.56,0.15
174.0,EDU,br BRA,DF,Vitória,25-099,2000.0,13.0,6.0,636.0,7.1,0.0,0.0,0.0,0.0,0.0,0.0,0.0,0.0,0.2,0.2,0.4,0.6,0.0,13.0,0.0,0.0,0.0,0.0,0.0,0.0,0.03,0.05,0.08,0.03,0.08,Matches,4.0,1.0,25.0,0.57,0.14,0.0,0.0,10.7,0.0,0.05,-0.2,-0.2,192.0,257.0,74.7,4211.0,1719.0,39.0,48.0,81.3,121.0,139.0,87.1,31.0,66.0,47.0,0.2,-0.4,5.0,16.0,1.0,1.0,212.0,45.0,1.0,0.0,1.0,34.0,0.0,0.0,0.0,0.0,0.0,1.0,9.0,1.27,6.0,2.0,0.0,0.0,0.0,1.0,0.14,0.0,0.0,0.0,0.0,0.0,20.0,12.0,17.0,2.0,1.0,12.0,85.7,2.0,4.0,5.0,25.0,62.0,0.0,364.0,53.0,7.0,0.0,0.0,0.0,0.0,151.0,0.0,6.0,1.0,159.0,49.0,29.4,87.0,5,7,17.0,11,1.31,3.0,8.0,-5.0,-0.71,-0.06,6.3,9.6,-3.3,-0.46,-0.04,0.0,5.0,0.0,0.0,0.0,19.0,13.0,52.0,1.83,0.85,89.58,0.0,0.0,0.0,0.0,0.0,0.0,0.0,0.0,0.03,0.03,0.06,0.08,0.0,1.83,0.0,0.0,0.0,0.0,0.0,0.0,0.0,0.01,0.01,0.0,0.01,0.56,0.14,0.08,0.02,1.51,0.0,-0.03,-0.03,27.04,36.2,593.1,242.11,5.49,6.76,17.04,19.58,4.37,9.3,0.03,-0.06,0.7,2.25,0.14,0.14,29.86,6.34,0.14,0.0,0.14,4.79,0.0,0.0,0.0,0.0,0.0,0.14,1.27,0.18,0.85,0.28,0.0,0.0,0.0,0.14,0.02,0.0,0.0,0.0,0.0,0.0,2.82,1.69,2.39,0.28,0.14,1.69,0.28,0.56,0.7,3.52,8.73,0.0,51.27,7.46,0.99,0.0,0.0,21.27,0.0,0.85,0.14,22.39,0.7,0.99,1.55,0.18,0.42,1.13,-0.7,-0.1,0.89,1.35,-0.46,-0.06,0.0,0.7,0.0,0.0,0.0,2.68,1.83
172.0,Edenílson,br BRA,"MF,FW",Grêmio,35-279,1989.0,17.0,12.0,907.0,10.1,2.0,1.0,3.0,2.0,0.0,0.0,4.0,0.0,1.6,1.6,1.2,2.8,12.0,29.0,29.0,0.2,0.1,0.3,0.2,0.3,0.16,0.12,0.28,0.16,0.28,Matches,13.0,5.0,38.5,1.29,0.5,0.15,0.4,14.3,0.0,0.12,0.4,0.4,244.0,322.0,75.8,3812.0,1204.0,145.0,166.0,87.3,76.0,89.0,85.4,18.0,44.0,40.9,0.8,-0.2,18.0,32.0,5.0,1.0,287.0,31.0,0.0,2.0,20.0,8.0,15.0,7.0,5.0,0.0,4.0,10.0,25.0,2.48,19.0,2.0,2.0,1.0,0.0,2.0,0.2,2.0,0.0,0.0,0.0,0.0,11.0,9.0,2.0,7.0,2.0,3.0,42.9,4.0,9.0,6.0,17.0,4.0,1.0,431.0,10.0,15.0,10.0,43.5,11.0,47.8,239.0,3.0,20.0,11.0,274.0,53.0,43.8,64.0,1,5,29.0,1,1.18,11.0,12.0,-1.0,-0.1,0.29,8.7,17.1,-8.4,-0.83,-0.59,0.0,10.0,0.0,0.0,0.0,49.0,6.0,27.3,1.68,1.19,89.8,0.2,0.1,0.3,0.2,0.0,0.0,0.4,0.0,0.16,0.16,0.12,0.28,1.19,2.87,2.87,0.02,0.01,0.03,0.02,0.03,0.02,0.01,0.03,0.02,0.03,1.29,0.5,0.13,0.05,1.42,0.0,0.04,0.04,24.16,31.88,377.43,119.21,14.36,16.44,7.52,8.81,1.78,4.36,0.08,-0.02,1.78,3.17,0.5,0.1,28.42,3.07,0.0,0.2,1.98,0.79,1.49,0.69,0.5,0.0,0.4,0.99,2.48,0.25,1.88,0.2,0.2,0.1,0.0,0.2,0.02,0.2,0.0,0.0,0.0,0.0,1.09,0.89,0.2,0.69,0.2,0.3,0.4,0.89,0.59,1.68,0.4,0.1,42.67,0.99,1.49,0.99,1.09,23.66,0.3,1.98,1.09,27.13,0.1,0.5,0.1,0.12,1.09,1.19,-0.1,-0.01,0.86,1.69,-0.83,-0.08,0.0,0.99,0.0,0.0,0.0,4.85,0.59
112.0,Edson Carioca,br BRA,FW,Mirassol,28-081,1997.0,20.0,15.0,1138.0,12.6,4.0,2.0,6.0,4.0,0.0,0.0,1.0,0.0,3.7,3.7,1.8,5.5,35.0,31.0,70.0,0.32,0.16,0.47,0.32,0.47,0.3,0.14,0.43,0.3,0.43,Matches,32.0,12.0,37.5,2.53,0.95,0.13,0.33,16.9,0.0,0.12,0.3,0.3,155.0,215.0,72.1,2072.0,650.0,89.0,117.0,76.1,50.0,69.0,72.5,6.0,9.0,66.7,2.1,0.2,18.0,12.0,13.0,4.0,208.0,6.0,0.0,0.0,14.0,0.0,0.0,0.0,0.0,0.0,1.0,8.0,34.0,2.69,26.0,0.0,4.0,0.0,1.0,4.0,0.32,4.0,0.0,0.0,0.0,0.0,26.0,16.0,8.0,14.0,4.0,5.0,29.4,12.0,18.0,5.0,31.0,10.0,0.0,412.0,14.0,64.0,20.0,43.5,25.0,54.3,235.0,14.0,44.0,29.0,264.0,57.0,55.0,67.0,1,5,25.0,1,1.75,17.0,11.0,6.0,0.47,-0.68,17.0,14.7,2.3,0.19,-0.31,0.0,30.0,0.0,0.0,0.0,37.0,9.0,23.1,1.59,1.19,90.32,0.32,0.16,0.48,0.32,0.0,0.0,0.08,0.0,0.29,0.29,0.14,0.44,2.78,2.46,5.56,0.03,0.01,0.04,0.03,0.04,0.02,0.01,0.03,0.02,0.03,2.54,0.95,0.2,0.08,1.34,0.0,0.02,0.02,12.3,17.06,164.44,51.59,7.06,9.29,3.97,5.48,0.48,0.71,0.17,0.02,1.43,0.95,1.03,0.32,16.51,0.48,0.0,0.0,1.11,0.0,0.0,0.0,0.0,0.0,0.08,0.63,2.7,0.21,2.06,0.0,0.32,0.0,0.08,0.32,0.03,0.32,0.0,0.0,0.0,0.0,2.06,1.27,0.63,1.11,0.32,0.4,0.95,1.43,0.4,2.46,0.79,0.0,32.7,1.11,5.08,1.59,1.98,18.65,1.11,3.49,2.3,20.95,0.08,0.4,0.08,0.14,1.35,0.87,0.48,0.04,1.35,1.17,0.18,0.02,0.0,2.38,0.0,0.0,0.0,2.94,0.71
602.0,Eduardo Sasha,br BRA,"FW,MF",RB Bragantino,33-211,1992.0,22.0,21.0,1548.0,17.2,5.0,1.0,6.0,3.0,2.0,2.0,4.0,1.0,7.0,5.4,1.1,6.6,19.0,33.0,85.0,0.29,0.06,0.35,0.17,0.23,0.41,0.07,0.47,0.32,0.38,Matches,41.0,22.0,53.7,2.38,1.28,0.07,0.14,14.3,0.0,0.13,-2.0,-2.4,290.0,383.0,75.7,4173.0,944.0,172.0,208.0,82.7,91.0,118.0,77.1,12.0,17.0,70.6,1.1,-0.1,16.0,25.0,7.0,0.0,340.0,41.0,1.0,1.0,7.0,6.0,0.0,0.0,0.0,0.0,2.0,9.0,41.0,2.38,27.0,0.0,2.0,0.0,1.0,4.0,0.23,2.0,0.0,0.0,0.0,0.0,13.0,8.0,0.0,7.0,6.0,4.0,36.4,7.0,4.0,4.0,17.0,18.0,0.0,539.0,18.0,71.0,7.0,33.3,12.0,57.1,307.0,9.0,35.0,20.0,383.0,70.0,71.7,72.0,5,1,35.0,0,1.41,22.0,21.0,1.0,0.06,1.09,20.3,18.5,1.8,0.1,0.97,0.0,7.0,0.0,0.0,0.0,42.0,26.0,53.1,1.28,1.22,90.0,0.29,0.06,0.35,0.17,0.12,0.12,0.23,0.06,0.41,0.31,0.06,0.38,1.1,1.92,4.94,0.02,0.0,0.02,0.01,0.01,0.02,0.0,0.03,0.02,0.02,2.38,1.28,0.14,0.07,0.83,0.0,-0.12,-0.14,16.86,22.27,242.62,54.88,10.0,12.09,5.29,6.86,0.7,0.99,0.06,-0.01,0.93,1.45,0.41,0.0,19.77,2.38,0.06,0.06,0.41,0.35,0.0,0.0,0.0,0.0,0.12,0.52,2.38,0.14,1.57,0.0,0.12,0.0,0.06,0.23,0.01,0.12,0.0,0.0,0.0,0.0,0.76,0.47,0.0,0.41,0.35,0.23,0.41,0.23,0.23,0.99,1.05,0.0,31.34,1.05,4.13,0.41,0.7,17.85,0.52,2.03,1.16,22.27,0.29,0.06,0.0,0.08,1.28,1.22,0.06,0.0,1.18,1.08,0.1,0.01,0.0,0.41,0.0,0.0,0.0,2.44,1.51
94.0,Emanuel Brítez,ar ARG,DF,Fortaleza,33-181,1992.0,7.0,7.0,607.0,6.7,0.0,0.0,0.0,0.0,0.0,0.0,6.0,0.0,0.1,0.1,0.1,0.1,2.0,20.0,5.0,0.0,0.0,0.0,0.0,0.0,0.01,0.01,0.02,0.01,0.02,Matches,3.0,0.0,0.0,0.44,0.0,0.0,,20.2,0.0,0.02,-0.1,-0.1,267.0,319.0,83.7,4695.0,2045.0,116.0,124.0,93.5,131.0,148.0,88.5,17.0,35.0,48.6,0.2,-0.1,2.0,24.0,2.0,1.0,272.0,45.0,0.0,1.0,5.0,29.0,0.0,0.0,0.0,0.0,2.0,3.0,8.0,1.19,4.0,2.0,0.0,1.0,0.0,0.0,0.0,0.0,0.0,0.0,0.0,0.0,14.0,9.0,11.0,3.0,0.0,9.0,64.3,5.0,2.0,4.0,18.0,33.0,0.0,397.0,34.0,10.0,2.0,33.3,3.0,50.0,184.0,0.0,5.0,1.0,207.0,87.0,29.3,87.0,6,0,,5,0.57,8.0,12.0,-4.0,-0.59,0.08,8.8,10.8,-2.0,-0.3,0.01,0.0,12.0,0.0,1.0,0.0,24.0,16.0,66.7,1.04,1.04,90.6,0.0,0.0,0.0,0.0,0.0,0.0,0.9,0.0,0.01,0.01,0.01,0.01,0.3,2.99,0.75,0.0,0.0,0.0,0.0,0.0,0.0,0.0,0.0,0.0,0.0,0.45,0.0,0.07,0.0,3.01,0.0,-0.01,-0.01,39.85,47.61,700.75,305.22,17.31,18.51,19.55,22.09,2.54,5.22,0.03,-0.01,0.3,3.58,0.3,0.15,40.6,6.72,0.0,0.15,0.75,4.33,0.0,0.0,0.0,0.0,0.3,0.45,1.19,0.18,0.6,0.3,0.0,0.15,0.0,0.0,0.0,0.0,0.0,0.0,0.0,0.0,2.09,1.34,1.64,0.45,0.0,1.34,0.75,0.3,0.6,2.69,4.93,0.0,59.25,5.07,1.49,0.3,0.45,27.46,0.0,0.75,0.15,30.9,0.9,0.0,0.75,0.09,1.19,1.79,-0.6,-0.09,1.31,1.61,-0.3,-0.04,0.0,1.79,0.0,0.15,0.0,3.58,2.39
402.0,Emiliano Martínez,uy URU,MF,Palmeiras,26-037,1999.0,17.0,11.0,999.0,11.1,1.0,0.0,1.0,1.0,0.0,0.0,2.0,0.0,0.7,0.7,1.0,1.7,10.0,45.0,4.0,0.09,0.0,0.09,0.09,0.09,0.06,0.09,0.15,0.06,0.15,Matches,12.0,5.0,41.7,1.08,0.45,0.08,0.2,19.0,0.0,0.06,0.3,0.3,436.0,490.0,89.0,8224.0,2635.0,166.0,177.0,93.8,212.0,229.0,92.6,53.0,68.0,77.9,0.5,-1.0,6.0,49.0,3.0,0.0,482.0,7.0,0.0,2.0,0.0,1.0,0.0,0.0,0.0,0.0,1.0,3.0,20.0,1.8,17.0,0.0,0.0,1.0,0.0,3.0,0.27,3.0,0.0,0.0,0.0,0.0,30.0,21.0,13.0,14.0,3.0,18.0,54.5,15.0,6.0,11.0,41.0,20.0,0.0,592.0,24.0,11.0,4.0,44.4,5.0,55.6,333.0,2.0,5.0,3.0,385.0,59.0,50.5,85.0,9,6,12.0,5,2.24,18.0,12.0,6.0,0.54,-0.56,16.8,10.3,6.4,0.58,-0.25,0.0,19.0,0.0,0.0,0.0,53.0,12.0,52.2,1.53,0.99,90.0,0.09,0.0,0.09,0.09,0.0,0.0,0.18,0.0,0.06,0.06,0.09,0.15,0.9,4.05,0.36,0.01,0.0,0.01,0.01,0.01,0.01,0.01,0.01,0.01,0.01,1.08,0.45,0.1,0.04,1.71,0.0,0.03,0.03,39.28,44.14,740.9,237.39,14.95,15.95,19.1,20.63,4.77,6.13,0.05,-0.09,0.54,4.41,0.27,0.0,43.42,0.63,0.0,0.18,0.0,0.09,0.0,0.0,0.0,0.0,0.09,0.27,1.8,0.16,1.53,0.0,0.0,0.09,0.0,0.27,0.02,0.27,0.0,0.0,0.0,0.0,2.7,1.89,1.17,1.26,0.27,1.62,1.35,0.54,0.99,3.69,1.8,0.0,53.33,2.16,0.99,0.36,0.45,30.0,0.18,0.45,0.27,34.68,0.81,0.54,0.45,0.2,1.62,1.08,0.54,0.05,1.51,0.93,0.58,0.05,0.0,1.71,0.0,0.0,0.0,4.77,1.08
66.0,Enmerson Batalla,co COL,"MF,FW",Juventude,24-085,2001.0,21.0,17.0,1273.0,14.1,4.0,2.0,6.0,4.0,0.0,0.0,3.0,0.0,1.3,1.3,0.7,2.0,21.0,32.0,72.0,0.28,0.14,0.42,0.28,0.42,0.09,0.05,0.14,0.09,0.14,Matches,24.0,11.0,45.8,1.7,0.78,0.17,0.36,21.9,0.0,0.05,2.7,2.7,225.0,322.0,69.9,3814.0,967.0,108.0,129.0,83.7,84.0,115.0,73.0,25.0,50.0,50.0,0.9,1.3,13.0,21.0,12.0,6.0,299.0,22.0,3.0,8.0,43.0,5.0,11.0,6.0,2.0,0.0,1.0,11.0,29.0,2.05,23.0,1.0,2.0,2.0,0.0,4.0,0.28,4.0,0.0,0.0,0.0,0.0,21.0,15.0,7.0,11.0,3.0,8.0,40.0,12.0,6.0,2.0,23.0,6.0,1.0,489.0,6.0,32.0,12.0,27.3,25.0,56.8,298.0,7.0,34.0,23.0,324.0,61.0,61.5,68.0,4,4,29.0,1,0.86,12.0,25.0,-13.0,-0.92,0.55,7.7,22.1,-14.4,-1.02,-0.27,0.0,18.0,0.0,0.0,0.0,52.0,6.0,35.3,1.49,1.21,90.28,0.28,0.14,0.43,0.28,0.0,0.0,0.21,0.0,0.09,0.09,0.05,0.14,1.49,2.27,5.11,0.02,0.01,0.03,0.02,0.03,0.01,0.0,0.01,0.01,0.01,1.7,0.78,0.12,0.06,1.55,0.0,0.19,0.19,15.96,22.84,270.5,68.58,7.66,9.15,5.96,8.16,1.77,3.55,0.06,0.09,0.92,1.49,0.85,0.43,21.21,1.56,0.21,0.57,3.05,0.35,0.78,0.43,0.14,0.0,0.07,0.78,2.06,0.15,1.63,0.07,0.14,0.14,0.0,0.28,0.02,0.28,0.0,0.0,0.0,0.0,1.49,1.06,0.5,0.78,0.21,0.57,0.85,0.43,0.14,1.63,0.43,0.07,34.68,0.43,2.27,0.85,1.77,21.13,0.5,2.41,1.63,22.98,0.28,0.28,0.07,0.06,0.85,1.77,-0.92,-0.07,0.55,1.57,-1.02,-0.07,0.0,1.28,0.0,0.0,0.0,3.69,0.43
655.0,Enner Valencia,ec ECU,FW,Internacional,35-323,1989.0,14.0,7.0,628.0,7.0,1.0,0.0,1.0,1.0,0.0,0.0,3.0,0.0,2.4,2.4,0.1,2.6,14.0,4.0,38.0,0.14,0.0,0.14,0.14,0.14,0.35,0.02,0.37,0.35,0.37,Matches,14.0,5.0,35.7,2.01,0.72,0.07,0.2,14.4,1.0,0.18,-1.4,-1.4,96.0,123.0,78.0,1136.0,68.0,65.0,74.0,87.8,22.0,29.0,75.9,0.0,2.0,0.0,0.3,-0.1,2.0,4.0,1.0,0.0,109.0,14.0,0.0,1.0,4.0,0.0,0.0,0.0,0.0,0.0,0.0,5.0,12.0,1.72,6.0,0.0,1.0,3.0,0.0,0.0,0.0,0.0,0.0,0.0,0.0,0.0,5.0,4.0,1.0,4.0,0.0,1.0,25.0,3.0,0.0,1.0,6.0,5.0,0.0,206.0,5.0,27.0,6.0,27.3,13.0,59.1,124.0,9.0,22.0,13.0,150.0,45.0,30.3,68.0,1,7,22.0,1,1.5,8.0,10.0,-2.0,-0.29,0.09,8.9,6.7,2.2,0.32,-0.11,0.0,17.0,0.0,0.0,0.0,14.0,10.0,27.8,2.0,1.0,89.71,0.14,0.0,0.14,0.14,0.0,0.0,0.43,0.0,0.34,0.34,0.01,0.37,2.0,0.57,5.43,0.02,0.0,0.02,0.02,0.02,0.05,0.0,0.05,0.05,0.05,2.0,0.71,0.29,0.1,2.06,0.14,-0.2,-0.2,13.71,17.57,162.29,9.71,9.29,10.57,3.14,4.14,0.0,0.29,0.04,-0.01,0.29,0.57,0.14,0.0,15.57,2.0,0.0,0.14,0.57,0.0,0.0,0.0,0.0,0.0,0.0,0.71,1.71,0.25,0.86,0.0,0.14,0.43,0.0,0.0,0.0,0.0,0.0,0.0,0.0,0.0,0.71,0.57,0.14,0.57,0.0,0.14,0.43,0.0,0.14,0.86,0.71,0.0,29.43,0.71,3.86,0.86,1.86,17.71,1.29,3.14,1.86,21.43,0.14,1.0,0.14,0.21,1.14,1.43,-0.29,-0.04,1.27,0.96,0.31,0.05,0.0,2.43,0.0,0.0,0.0,2.0,1.43
157.0,Enzo Díaz,ar ARG,DF,São Paulo,29-290,1995.0,20.0,14.0,1292.0,14.4,0.0,3.0,3.0,0.0,0.0,0.0,6.0,0.0,0.3,0.3,3.3,3.6,38.0,81.0,62.0,0.0,0.21,0.21,0.0,0.21,0.02,0.23,0.25,0.02,0.25,Matches,9.0,1.0,11.1,0.63,0.07,0.0,0.0,23.7,2.0,0.03,-0.3,-0.3,637.0,816.0,78.1,10456.0,3819.0,311.0,351.0,88.6,258.0,309.0,83.5,48.0,105.0,45.7,2.8,-0.3,27.0,70.0,13.0,8.0,658.0,157.0,0.0,7.0,76.0,123.0,18.0,9.0,7.0,0.0,1.0,24.0,40.0,2.79,28.0,10.0,1.0,0.0,1.0,4.0,0.28,2.0,2.0,0.0,0.0,0.0,60.0,41.0,34.0,21.0,5.0,28.0,62.2,17.0,13.0,17.0,77.0,42.0,0.0,1004.0,49.0,20.0,9.0,42.9,11.0,52.4,502.0,3.0,18.0,22.0,573.0,65.0,59.8,80.0,9,6,29.0,1,1.5,17.0,17.0,0.0,0.0,-0.31,18.1,16.0,2.1,0.15,-0.23,0.0,41.0,0.0,3.0,0.0,68.0,22.0,61.1,1.39,0.97,89.72,0.0,0.21,0.21,0.0,0.0,0.0,0.42,0.0,0.02,0.02,0.23,0.25,2.64,5.62,4.31,0.0,0.01,0.01,0.0,0.01,0.0,0.02,0.02,0.0,0.02,0.62,0.07,0.04,0.0,1.65,0.14,-0.02,-0.02,44.24,56.67,726.11,265.21,21.6,24.38,17.92,21.46,3.33,7.29,0.19,-0.02,1.88,4.86,0.9,0.56,45.69,10.9,0.0,0.49,5.28,8.54,1.25,0.62,0.49,0.0,0.07,1.67,2.78,0.19,1.94,0.69,0.07,0.0,0.07,0.28,0.02,0.14,0.14,0.0,0.0,0.0,4.17,2.85,2.36,1.46,0.35,1.94,1.18,0.9,1.18,5.35,2.92,0.0,69.72,3.4,1.39,0.62,0.76,34.86,0.21,1.25,1.53,39.79,0.62,0.42,0.07,0.1,1.18,1.18,0.0,0.0,1.26,1.11,0.15,0.01,0.0,2.85,0.0,0.21,0.0,4.72,1.53
523.0,Eric Ramires,br BRA,MF,RB Bragantino,25-044,2000.0,23.0,19.0,1426.0,15.8,1.0,1.0,2.0,1.0,0.0,0.0,3.0,0.0,1.6,1.6,0.3,1.9,9.0,55.0,32.0,0.06,0.06,0.13,0.06,0.13,0.1,0.02,0.12,0.1,0.12,Matches,12.0,4.0,33.3,0.76,0.25,0.08,0.25,15.1,0.0,0.14,-0.6,-0.6,461.0,527.0,87.5,7511.0,1806.0,226.0,250.0,90.4,197.0,219.0,90.0,26.0,36.0,72.2,0.7,0.7,6.0,51.0,1.0,1.0,515.0,12.0,1.0,2.0,8.0,5.0,0.0,0.0,0.0,0.0,0.0,7.0,29.0,1.83,22.0,0.0,4.0,2.0,0.0,2.0,0.13,2.0,0.0,0.0,0.0,0.0,28.0,18.0,17.0,8.0,3.0,14.0,48.3,15.0,9.0,12.0,40.0,22.0,1.0,659.0,21.0,23.0,9.0,50.0,5.0,27.8,354.0,4.0,22.0,11.0,425.0,62.0,66.0,69.0,4,4,28.0,0,1.35,22.0,21.0,1.0,0.06,0.92,20.1,16.3,3.7,0.24,1.19,0.0,25.0,0.0,0.0,0.0,77.0,6.0,50.0,1.46,1.2,90.25,0.06,0.06,0.13,0.06,0.0,0.0,0.19,0.0,0.1,0.1,0.02,0.12,0.57,3.48,2.03,0.0,0.0,0.01,0.0,0.01,0.01,0.0,0.01,0.01,0.01,0.76,0.25,0.05,0.02,0.96,0.0,-0.04,-0.04,29.18,33.35,475.38,114.3,14.3,15.82,12.47,13.86,1.65,2.28,0.04,0.04,0.38,3.23,0.06,0.06,32.59,0.76,0.06,0.13,0.51,0.32,0.0,0.0,0.0,0.0,0.0,0.44,1.84,0.12,1.39,0.0,0.25,0.13,0.0,0.13,0.01,0.13,0.0,0.0,0.0,0.0,1.77,1.14,1.08,0.51,0.19,0.89,0.95,0.57,0.76,2.53,1.39,0.06,41.71,1.33,1.46,0.57,0.32,22.41,0.25,1.39,0.7,26.9,0.25,0.25,0.0,0.09,1.39,1.33,0.06,0.0,1.27,1.03,0.23,0.02,0.0,1.58,0.0,0.0,0.0,4.87,0.38
184.0,Erick,br BRA,"FW,MF",Vitória,27-287,1997.0,18.0,12.0,1047.0,11.6,3.0,2.0,5.0,3.0,0.0,0.0,4.0,0.0,1.3,1.3,1.6,2.9,29.0,53.0,78.0,0.26,0.17,0.43,0.26,0.43,0.12,0.14,0.25,0.12,0.25,Matches,5.0,1.0,20.0,1.08,0.22,0.2,1.0,13.8,0.0,0.29,-0.4,-0.4,137.0,160.0,85.6,1974.0,605.0,78.0,85.0,91.8,47.0,54.0,87.0,6.0,9.0,66.7,0.1,0.0,0.0,10.0,2.0,0.0,145.0,13.0,0.0,1.0,4.0,12.0,0.0,0.0,0.0,0.0,2.0,2.0,4.0,0.87,3.0,0.0,1.0,0.0,0.0,1.0,0.22,0.0,0.0,1.0,0.0,0.0,10.0,6.0,6.0,3.0,1.0,1.0,12.5,7.0,6.0,8.0,18.0,13.0,0.0,223.0,15.0,8.0,2.0,33.3,4.0,66.7,123.0,2.0,9.0,2.0,143.0,52.0,21.0,79.0,3,4,25.0,0,1.88,6.0,4.0,2.0,0.43,0.26,7.4,7.1,0.3,0.06,0.04,0.0,12.0,0.0,0.0,0.0,15.0,7.0,50.0,1.55,1.03,90.26,0.26,0.17,0.43,0.26,0.0,0.0,0.34,0.0,0.11,0.11,0.14,0.25,2.5,4.57,6.72,0.02,0.01,0.04,0.02,0.04,0.01,0.01,0.02,0.01,0.02,0.43,0.09,0.09,0.02,1.19,0.0,-0.03,-0.03,11.81,13.79,170.17,52.16,6.72,7.33,4.05,4.66,0.52,0.78,0.01,0.0,0.0,0.86,0.17,0.0,12.5,1.12,0.0,0.09,0.34,1.03,0.0,0.0,0.0,0.0,0.17,0.17,0.34,0.08,0.26,0.0,0.09,0.0,0.0,0.09,0.02,0.0,0.0,0.09,0.0,0.0,0.86,0.52,0.52,0.26,0.09,0.09,0.6,0.52,0.69,1.55,1.12,0.0,19.22,1.29,0.69,0.17,0.34,10.6,0.17,0.78,0.17,12.33,0.26,0.34,0.0,0.16,0.52,0.34,0.17,0.04,0.64,0.61,0.03,0.01,0.0,1.03,0.0,0.0,0.0,1.29,0.6
516.0,Erick Pulga,br BRA,"FW,MF",Bahia,24-356,2000.0,16.0,13.0,1118.0,12.4,2.0,3.0,5.0,2.0,0.0,0.0,2.0,0.0,3.7,3.7,2.8,6.6,74.0,31.0,124.0,0.16,0.24,0.4,0.16,0.4,0.3,0.23,0.53,0.3,0.53,Matches,31.0,7.0,22.6,2.5,0.56,0.06,0.29,15.8,0.0,0.12,-1.7,-1.7,282.0,349.0,80.8,4129.0,910.0,176.0,193.0,91.2,77.0,102.0,75.5,18.0,27.0,66.7,2.3,0.2,14.0,17.0,12.0,2.0,346.0,3.0,1.0,2.0,30.0,3.0,0.0,0.0,0.0,0.0,0.0,11.0,35.0,2.82,20.0,0.0,8.0,3.0,2.0,4.0,0.32,3.0,0.0,1.0,0.0,0.0,26.0,16.0,12.0,9.0,5.0,3.0,21.4,11.0,5.0,14.0,40.0,16.0,0.0,512.0,6.0,71.0,27.0,52.9,17.0,33.3,356.0,29.0,26.0,7.0,381.0,70.0,56.5,77.0,5,3,40.0,1,1.75,15.0,11.0,4.0,0.32,0.22,17.8,15.2,2.6,0.21,0.41,0.0,13.0,0.0,0.0,0.0,45.0,8.0,40.0,1.29,1.05,90.16,0.16,0.24,0.4,0.16,0.0,0.0,0.16,0.0,0.3,0.3,0.23,0.53,5.97,2.5,10.0,0.01,0.02,0.03,0.01,0.03,0.02,0.02,0.04,0.02,0.04,2.5,0.56,0.2,0.05,1.27,0.0,-0.14,-0.14,22.74,28.15,332.98,73.39,14.19,15.56,6.21,8.23,1.45,2.18,0.19,0.02,1.13,1.37,0.97,0.16,27.9,0.24,0.08,0.16,2.42,0.24,0.0,0.0,0.0,0.0,0.0,0.89,2.82,0.23,1.61,0.0,0.65,0.24,0.16,0.32,0.03,0.24,0.0,0.08,0.0,0.0,2.1,1.29,0.97,0.73,0.4,0.24,0.89,0.4,1.13,3.23,1.29,0.0,41.29,0.48,5.73,2.18,1.37,28.71,2.34,2.1,0.56,30.73,0.4,0.24,0.08,0.14,1.21,0.89,0.32,0.03,1.44,1.23,0.21,0.02,0.0,1.05,0.0,0.0,0.0,3.63,0.65
517.0,Erick Pulgar,cl CHI,MF,Flamengo,31-251,1994.0,9.0,8.0,652.0,7.2,1.0,0.0,1.0,1.0,0.0,0.0,2.0,0.0,0.2,0.2,0.3,0.5,1.0,29.0,7.0,0.14,0.0,0.14,0.14,0.14,0.02,0.04,0.06,0.02,0.06,Matches,4.0,3.0,75.0,0.55,0.41,0.25,0.33,18.3,0.0,0.04,0.8,0.8,440.0,482.0,91.3,7299.0,2046.0,203.0,215.0,94.4,198.0,209.0,94.7,26.0,35.0,74.3,0.6,-0.3,5.0,44.0,4.0,0.0,463.0,16.0,0.0,1.0,9.0,0.0,8.0,6.0,1.0,0.0,3.0,6.0,11.0,1.52,9.0,2.0,0.0,0.0,0.0,2.0,0.28,2.0,0.0,0.0,0.0,0.0,10.0,9.0,2.0,6.0,2.0,4.0,36.4,7.0,1.0,14.0,24.0,12.0,1.0,540.0,16.0,9.0,3.0,75.0,1.0,25.0,323.0,0.0,4.0,4.0,410.0,72.0,31.5,77.0,5,1,33.0,0,2.22,16.0,4.0,12.0,1.66,0.07,12.0,3.6,8.4,1.16,0.45,0.0,13.0,0.0,0.0,0.0,36.0,9.0,81.8,1.25,1.11,90.56,0.14,0.0,0.14,0.14,0.0,0.0,0.28,0.0,0.03,0.03,0.04,0.07,0.14,4.03,0.97,0.02,0.0,0.02,0.02,0.02,0.0,0.01,0.01,0.0,0.01,0.56,0.42,0.08,0.06,2.54,0.0,0.11,0.11,61.11,66.94,1013.75,284.17,28.19,29.86,27.5,29.03,3.61,4.86,0.08,-0.04,0.69,6.11,0.56,0.0,64.31,2.22,0.0,0.14,1.25,0.0,1.11,0.83,0.14,0.0,0.42,0.83,1.53,0.21,1.25,0.28,0.0,0.0,0.0,0.28,0.04,0.28,0.0,0.0,0.0,0.0,1.39,1.25,0.28,0.83,0.28,0.56,0.97,0.14,1.94,3.33,1.67,0.14,75.0,2.22,1.25,0.42,0.14,44.86,0.0,0.56,0.56,56.94,0.69,0.14,0.0,0.31,2.22,0.56,1.67,0.23,1.67,0.5,1.17,0.16,0.0,1.81,0.0,0.0,0.0,5.0,1.25
383.0,Eros Mancuso,ar ARG,DF,Fortaleza,26-159,1999.0,16.0,13.0,1127.0,12.5,0.0,1.0,1.0,0.0,0.0,0.0,2.0,0.0,1.4,1.4,0.7,2.1,17.0,43.0,55.0,0.0,0.08,0.08,0.0,0.08,0.11,0.06,0.17,0.11,0.17,Matches,13.0,3.0,23.1,1.04,0.24,0.0,0.0,19.1,0.0,0.1,-1.4,-1.4,440.0,559.0,78.7,6926.0,2585.0,224.0,242.0,92.6,175.0,216.0,81.0,27.0,60.0,45.0,0.5,0.3,10.0,30.0,6.0,2.0,445.0,111.0,0.0,1.0,33.0,106.0,0.0,0.0,0.0,0.0,3.0,21.0,20.0,1.6,14.0,1.0,2.0,0.0,0.0,2.0,0.16,1.0,0.0,0.0,0.0,0.0,28.0,16.0,18.0,7.0,3.0,19.0,61.3,12.0,10.0,15.0,43.0,30.0,0.0,709.0,24.0,22.0,12.0,48.0,13.0,52.0,327.0,2.0,20.0,10.0,379.0,70.0,54.4,80.0,6,3,30.0,6,0.56,9.0,21.0,-12.0,-0.96,-0.67,13.0,18.1,-5.1,-0.41,-0.22,0.0,15.0,0.0,0.0,0.0,53.0,7.0,38.9,1.28,1.04,90.16,0.0,0.08,0.08,0.0,0.0,0.0,0.16,0.0,0.11,0.11,0.06,0.17,1.36,3.44,4.4,0.0,0.01,0.01,0.0,0.01,0.01,0.0,0.01,0.01,0.01,1.04,0.24,0.08,0.02,1.53,0.0,-0.11,-0.11,35.2,44.72,554.08,206.8,17.92,19.36,14.0,17.28,2.16,4.8,0.04,0.02,0.8,2.4,0.48,0.16,35.6,8.88,0.0,0.08,2.64,8.48,0.0,0.0,0.0,0.0,0.24,1.68,1.6,0.13,1.12,0.08,0.16,0.0,0.0,0.16,0.01,0.08,0.0,0.0,0.0,0.0,2.24,1.28,1.44,0.56,0.24,1.52,0.96,0.8,1.2,3.44,2.4,0.0,56.72,1.92,1.76,0.96,1.04,26.16,0.16,1.6,0.8,30.32,0.48,0.24,0.48,0.04,0.72,1.68,-0.96,-0.08,1.04,1.45,-0.41,-0.03,0.0,1.2,0.0,0.0,0.0,4.24,0.56
696.0,Estêvão Willian,br BRA,"MF,FW",Palmeiras,18-152,2007.0,11.0,9.0,831.0,9.2,0.0,3.0,3.0,0.0,0.0,0.0,3.0,0.0,1.2,1.1,2.0,3.1,48.0,34.0,93.0,0.0,0.32,0.32,0.0,0.32,0.13,0.22,0.35,0.12,0.34,Matches,19.0,2.0,10.5,2.06,0.22,0.0,0.0,20.0,2.0,0.06,-1.2,-1.1,218.0,299.0,72.9,4001.0,1143.0,108.0,124.0,87.1,74.0,90.0,82.2,30.0,67.0,44.8,1.7,1.0,24.0,19.0,10.0,2.0,221.0,77.0,2.0,6.0,63.0,12.0,46.0,20.0,16.0,1.0,1.0,7.0,43.0,4.66,25.0,11.0,2.0,2.0,0.0,3.0,0.32,2.0,1.0,0.0,0.0,0.0,5.0,1.0,3.0,1.0,1.0,1.0,11.1,8.0,2.0,2.0,7.0,1.0,0.0,431.0,0.0,39.0,21.0,31.8,39.0,59.1,264.0,25.0,29.0,17.0,288.0,76.0,42.0,82.0,3,2,45.0,0,2.0,10.0,7.0,3.0,0.32,-0.85,11.5,7.2,4.3,0.46,-0.42,0.0,13.0,0.0,0.0,0.0,43.0,1.0,20.0,1.2,0.98,90.33,0.0,0.33,0.33,0.0,0.0,0.0,0.33,0.0,0.13,0.12,0.22,0.34,5.22,3.7,10.11,0.0,0.03,0.03,0.0,0.03,0.01,0.02,0.04,0.01,0.04,2.07,0.22,0.22,0.02,2.17,0.22,-0.13,-0.12,23.7,32.5,434.89,124.24,11.74,13.48,8.04,9.78,3.26,7.28,0.18,0.11,2.61,2.07,1.09,0.22,24.02,8.37,0.22,0.65,6.85,1.3,5.0,2.17,1.74,0.11,0.11,0.76,4.67,0.51,2.72,1.2,0.22,0.22,0.0,0.33,0.03,0.22,0.11,0.0,0.0,0.0,0.54,0.11,0.33,0.11,0.11,0.11,0.87,0.22,0.22,0.76,0.11,0.0,46.85,0.0,4.24,2.28,4.24,28.7,2.72,3.15,1.85,31.3,0.33,0.22,0.0,0.22,1.09,0.76,0.33,0.03,1.25,0.78,0.47,0.05,0.0,1.41,0.0,0.0,0.0,4.67,0.11
638.0,Everaldo Stum,br BRA,FW,Fluminense,34-080,1991.0,17.0,8.0,777.0,8.6,2.0,0.0,2.0,2.0,0.0,1.0,1.0,0.0,2.6,1.8,1.3,3.1,7.0,7.0,46.0,0.23,0.0,0.23,0.23,0.23,0.3,0.15,0.45,0.2,0.36,Matches,21.0,7.0,33.3,2.43,0.81,0.1,0.29,14.9,0.0,0.08,-0.6,0.2,115.0,169.0,68.0,1594.0,207.0,63.0,85.0,74.1,42.0,55.0,76.4,4.0,8.0,50.0,0.8,-1.3,11.0,4.0,2.0,0.0,151.0,17.0,0.0,1.0,3.0,0.0,0.0,0.0,0.0,0.0,1.0,12.0,19.0,2.2,14.0,0.0,1.0,1.0,0.0,0.0,0.0,0.0,0.0,0.0,0.0,0.0,5.0,3.0,0.0,4.0,1.0,3.0,75.0,1.0,1.0,0.0,5.0,7.0,0.0,250.0,6.0,42.0,4.0,57.1,3.0,42.9,145.0,0.0,21.0,11.0,190.0,46.0,39.2,82.0,2,9,13.0,2,1.53,13.0,9.0,4.0,0.46,0.99,10.5,7.0,3.5,0.4,0.65,0.0,17.0,0.0,0.0,0.0,12.0,31.0,53.4,1.98,0.93,90.35,0.23,0.0,0.23,0.23,0.0,0.12,0.12,0.0,0.3,0.21,0.15,0.36,0.81,0.81,5.35,0.03,0.0,0.03,0.03,0.03,0.03,0.02,0.05,0.02,0.04,2.44,0.81,0.28,0.09,1.73,0.0,-0.07,0.02,13.37,19.65,185.35,24.07,7.33,9.88,4.88,6.4,0.47,0.93,0.09,-0.15,1.28,0.47,0.23,0.0,17.56,1.98,0.0,0.12,0.35,0.0,0.0,0.0,0.0,0.0,0.12,1.4,2.21,0.26,1.63,0.0,0.12,0.12,0.0,0.0,0.0,0.0,0.0,0.0,0.0,0.0,0.58,0.35,0.0,0.47,0.12,0.35,0.12,0.12,0.0,0.58,0.81,0.0,29.07,0.7,4.88,0.47,0.35,16.86,0.0,2.44,1.28,22.09,0.23,1.05,0.23,0.18,1.51,1.05,0.47,0.05,1.22,0.81,0.41,0.05,0.0,1.98,0.0,0.0,0.0,1.4,3.6
542.0,Everton Ribeiro,br BRA,MF,Bahia,36-166,1989.0,20.0,17.0,1302.0,14.5,2.0,3.0,5.0,1.0,1.0,1.0,5.0,1.0,1.8,1.1,3.4,4.4,33.0,116.0,56.0,0.14,0.21,0.35,0.07,0.28,0.13,0.23,0.36,0.07,0.31,Matches,19.0,4.0,21.1,1.31,0.28,0.05,0.25,26.2,0.0,0.06,0.2,-0.1,713.0,852.0,83.7,11838.0,3746.0,328.0,365.0,89.9,277.0,318.0,87.1,67.0,106.0,63.2,4.4,-0.4,37.0,88.0,27.0,4.0,767.0,81.0,4.0,5.0,40.0,17.0,30.0,17.0,0.0,0.0,4.0,11.0,62.0,4.28,51.0,8.0,0.0,1.0,0.0,6.0,0.41,5.0,0.0,0.0,0.0,0.0,32.0,14.0,13.0,14.0,5.0,12.0,34.3,23.0,5.0,9.0,41.0,13.0,0.0,1011.0,18.0,19.0,15.0,44.1,12.0,35.3,579.0,2.0,25.0,27.0,727.0,65.0,65.8,70.0,0,3,35.0,0,1.65,18.0,15.0,3.0,0.21,-0.06,19.2,15.5,3.7,0.25,0.65,1.0,17.0,0.0,0.0,0.0,65.0,6.0,28.6,1.38,1.17,89.79,0.14,0.21,0.34,0.07,0.07,0.07,0.34,0.07,0.12,0.08,0.23,0.3,2.28,8.0,3.86,0.01,0.01,0.02,0.0,0.02,0.01,0.02,0.02,0.0,0.02,1.31,0.28,0.09,0.02,1.81,0.0,0.01,-0.01,49.17,58.76,816.41,258.34,22.62,25.17,19.1,21.93,4.62,7.31,0.3,-0.03,2.55,6.07,1.86,0.28,52.9,5.59,0.28,0.34,2.76,1.17,2.07,1.17,0.0,0.0,0.28,0.76,4.28,0.3,3.52,0.55,0.0,0.07,0.0,0.41,0.03,0.34,0.0,0.0,0.0,0.0,2.21,0.97,0.9,0.97,0.34,0.83,1.59,0.34,0.62,2.83,0.9,0.0,69.72,1.24,1.31,1.03,0.83,39.93,0.14,1.72,1.86,50.14,0.0,0.21,0.0,0.11,1.24,1.03,0.21,0.01,1.32,1.07,0.26,0.02,0.07,1.17,0.0,0.0,0.0,4.48,0.41
626.0,Everton Soares,br BRA,"FW,MF",Flamengo,29-185,1996.0,16.0,8.0,655.0,7.3,1.0,1.0,2.0,1.0,0.0,0.0,0.0,0.0,1.7,1.7,0.5,2.2,30.0,23.0,79.0,0.14,0.14,0.27,0.14,0.27,0.23,0.07,0.3,0.23,0.3,Matches,20.0,4.0,20.0,2.75,0.55,0.05,0.25,23.1,0.0,0.09,-0.7,-0.7,191.0,253.0,75.5,2786.0,488.0,113.0,135.0,83.7,57.0,73.0,78.1,11.0,20.0,55.0,0.8,0.5,5.0,12.0,6.0,1.0,239.0,14.0,1.0,1.0,16.0,7.0,4.0,3.0,1.0,0.0,0.0,14.0,16.0,2.2,8.0,1.0,5.0,0.0,1.0,2.0,0.27,2.0,0.0,0.0,0.0,0.0,9.0,7.0,5.0,3.0,1.0,5.0,41.7,7.0,4.0,3.0,12.0,2.0,0.0,355.0,4.0,31.0,11.0,28.9,26.0,68.4,225.0,7.0,14.0,11.0,254.0,41.0,31.6,60.0,0,8,22.0,6,2.13,13.0,3.0,10.0,1.37,-0.34,9.4,4.1,5.3,0.73,-0.18,0.0,11.0,0.0,0.0,0.0,26.0,7.0,43.8,2.19,1.1,89.73,0.14,0.14,0.27,0.14,0.0,0.0,0.0,0.0,0.23,0.23,0.07,0.3,4.11,3.15,10.82,0.02,0.02,0.04,0.02,0.04,0.03,0.01,0.04,0.03,0.04,2.74,0.55,0.38,0.08,3.16,0.0,-0.1,-0.1,26.16,34.66,381.64,66.85,15.48,18.49,7.81,10.0,1.51,2.74,0.11,0.07,0.68,1.64,0.82,0.14,32.74,1.92,0.14,0.14,2.19,0.96,0.55,0.41,0.14,0.0,0.0,1.92,2.19,0.3,1.1,0.14,0.68,0.0,0.14,0.27,0.04,0.27,0.0,0.0,0.0,0.0,1.23,0.96,0.68,0.41,0.14,0.68,0.96,0.55,0.41,1.64,0.27,0.0,48.63,0.55,4.25,1.51,3.56,30.82,0.96,1.92,1.51,34.79,0.0,1.1,0.82,0.29,1.78,0.41,1.37,0.19,1.29,0.56,0.73,0.1,0.0,1.51,0.0,0.0,0.0,3.56,0.96
189.0,Evertton,br BRA,MF,Flamengo,22-207,2003.0,11.0,6.0,662.0,7.4,1.0,0.0,1.0,1.0,0.0,0.0,1.0,0.0,0.3,0.3,0.0,0.3,2.0,32.0,3.0,0.14,0.0,0.14,0.14,0.14,0.04,0.01,0.04,0.04,0.04,Matches,8.0,5.0,62.5,1.09,0.68,0.13,0.2,25.3,0.0,0.04,0.7,0.7,317.0,352.0,90.1,4977.0,1137.0,164.0,177.0,92.7,132.0,143.0,92.3,12.0,15.0,80.0,0.3,0.0,1.0,39.0,2.0,0.0,343.0,9.0,2.0,0.0,0.0,0.0,0.0,0.0,0.0,0.0,0.0,7.0,5.0,0.68,5.0,0.0,0.0,0.0,0.0,0.0,0.0,0.0,0.0,0.0,0.0,0.0,12.0,9.0,5.0,6.0,1.0,7.0,63.6,4.0,6.0,3.0,15.0,8.0,0.0,410.0,7.0,2.0,3.0,50.0,2.0,33.3,269.0,0.0,5.0,9.0,306.0,60.0,32.0,90.0,6,5,24.0,12,2.45,14.0,4.0,10.0,1.36,-0.37,10.3,8.1,2.3,0.31,-0.81,0.0,13.0,0.0,0.0,0.0,42.0,7.0,41.2,1.49,0.81,89.46,0.14,0.0,0.14,0.14,0.0,0.0,0.14,0.0,0.04,0.04,0.0,0.04,0.27,4.32,0.41,0.02,0.0,0.02,0.02,0.02,0.01,0.0,0.01,0.01,0.01,1.08,0.68,0.15,0.09,3.42,0.0,0.09,0.09,42.84,47.57,672.57,153.65,22.16,23.92,17.84,19.32,1.62,2.03,0.04,0.0,0.14,5.27,0.27,0.0,46.35,1.22,0.27,0.0,0.0,0.0,0.0,0.0,0.0,0.0,0.0,0.95,0.68,0.09,0.68,0.0,0.0,0.0,0.0,0.0,0.0,0.0,0.0,0.0,0.0,0.0,1.62,1.22,0.68,0.81,0.14,0.95,0.54,0.81,0.41,2.03,1.08,0.0,55.41,0.95,0.27,0.41,0.27,36.35,0.0,0.68,1.22,41.35,0.81,0.68,1.62,0.33,1.89,0.54,1.35,0.18,1.39,1.09,0.31,0.04,0.0,1.76,0.0,0.0,0.0,5.68,0.95
190.0,Ewerton,br BRA,DF,Juventude,24-317,2000.0,12.0,10.0,887.0,9.9,0.0,0.0,0.0,0.0,0.0,0.0,2.0,0.0,0.3,0.3,0.5,0.8,5.0,35.0,22.0,0.0,0.0,0.0,0.0,0.0,0.03,0.05,0.08,0.03,0.08,Matches,8.0,2.0,25.0,0.81,0.2,0.0,0.0,27.7,3.0,0.04,-0.3,-0.3,375.0,490.0,76.5,7064.0,2368.0,147.0,166.0,88.6,178.0,226.0,78.8,43.0,76.0,56.6,0.6,-0.5,8.0,31.0,9.0,4.0,371.0,116.0,0.0,9.0,25.0,98.0,0.0,0.0,0.0,0.0,3.0,9.0,18.0,1.83,15.0,1.0,1.0,1.0,0.0,1.0,0.1,1.0,0.0,0.0,0.0,0.0,17.0,11.0,13.0,2.0,2.0,9.0,37.5,15.0,4.0,18.0,35.0,36.0,1.0,597.0,40.0,5.0,4.0,57.1,3.0,42.9,255.0,1.0,13.0,5.0,320.0,74.0,42.9,85.0,7,2,19.0,0,0.67,7.0,21.0,-14.0,-1.42,-0.51,6.6,16.9,-10.3,-1.05,-0.23,0.0,7.0,0.0,0.0,0.0,31.0,8.0,47.1,1.21,1.01,89.6,0.0,0.0,0.0,0.0,0.0,0.0,0.2,0.0,0.03,0.03,0.05,0.08,0.51,3.54,2.22,0.0,0.0,0.0,0.0,0.0,0.0,0.01,0.01,0.0,0.01,0.81,0.2,0.08,0.02,2.8,0.3,-0.03,-0.03,37.88,49.49,713.54,239.19,14.85,16.77,17.98,22.83,4.34,7.68,0.06,-0.05,0.81,3.13,0.91,0.4,37.47,11.72,0.0,0.91,2.53,9.9,0.0,0.0,0.0,0.0,0.3,0.91,1.82,0.18,1.52,0.1,0.1,0.1,0.0,0.1,0.01,0.1,0.0,0.0,0.0,0.0,1.72,1.11,1.31,0.2,0.2,0.91,1.52,0.4,1.82,3.54,3.64,0.1,60.3,4.04,0.51,0.4,0.3,25.76,0.1,1.31,0.51,32.32,0.71,0.2,0.0,0.07,0.71,2.12,-1.41,-0.14,0.67,1.71,-1.04,-0.11,0.0,0.71,0.0,0.0,0.0,3.13,0.81
633.0,Fabiano Souza,br BRA,DF,Ceará,25-193,2000.0,20.0,20.0,1698.0,18.9,0.0,1.0,1.0,0.0,0.0,0.0,6.0,0.0,0.2,0.2,0.3,0.5,18.0,57.0,25.0,0.0,0.05,0.05,0.0,0.05,0.01,0.01,0.03,0.01,0.03,Matches,9.0,1.0,11.1,0.48,0.05,0.0,0.0,27.3,0.0,0.03,-0.2,-0.2,567.0,806.0,70.3,10727.0,5114.0,201.0,231.0,87.0,291.0,385.0,75.6,67.0,138.0,48.6,1.0,0.7,8.0,61.0,16.0,9.0,609.0,189.0,1.0,4.0,38.0,176.0,0.0,0.0,0.0,0.0,8.0,27.0,25.0,1.33,20.0,3.0,0.0,0.0,2.0,4.0,0.21,4.0,0.0,0.0,0.0,0.0,27.0,22.0,9.0,16.0,2.0,17.0,73.9,6.0,16.0,18.0,45.0,67.0,1.0,993.0,80.0,7.0,12.0,50.0,10.0,41.7,431.0,2.0,17.0,12.0,484.0,85.0,82.0,85.0,13,0,,1,1.3,19.0,19.0,0.0,0.0,0.24,18.9,21.1,-2.3,-0.12,-0.68,0.0,30.0,0.0,0.0,0.0,89.0,13.0,39.4,1.06,1.06,89.84,0.0,0.05,0.05,0.0,0.0,0.0,0.32,0.0,0.01,0.01,0.02,0.03,0.95,3.02,1.32,0.0,0.0,0.0,0.0,0.0,0.0,0.0,0.0,0.0,0.0,0.48,0.05,0.03,0.0,1.44,0.0,-0.01,-0.01,30.0,42.65,567.57,270.58,10.63,12.22,15.4,20.37,3.54,7.3,0.05,0.04,0.42,3.23,0.85,0.48,32.22,10.0,0.05,0.21,2.01,9.31,0.0,0.0,0.0,0.0,0.42,1.43,1.32,0.07,1.06,0.16,0.0,0.0,0.11,0.21,0.01,0.21,0.0,0.0,0.0,0.0,1.43,1.16,0.48,0.85,0.11,0.9,0.32,0.85,0.95,2.38,3.54,0.05,52.54,4.23,0.37,0.63,0.53,22.8,0.11,0.9,0.63,25.61,0.69,0.0,0.05,0.07,1.01,1.01,0.0,0.0,1.0,1.12,-0.12,-0.01,0.0,1.59,0.0,0.0,0.0,4.71,0.69
191.0,Fabinho,br BRA,MF,RB Bragantino,23-167,2002.0,20.0,5.0,716.0,8.0,0.0,1.0,1.0,0.0,0.0,0.0,2.0,0.0,0.3,0.3,0.5,0.8,5.0,50.0,13.0,0.0,0.13,0.13,0.0,0.13,0.04,0.06,0.1,0.04,0.1,Matches,9.0,2.0,22.2,1.13,0.25,0.0,0.0,22.8,0.0,0.04,-0.3,-0.3,334.0,407.0,82.1,6003.0,1754.0,155.0,184.0,84.2,140.0,160.0,87.5,35.0,49.0,71.4,0.3,0.5,8.0,38.0,2.0,0.0,383.0,24.0,0.0,7.0,3.0,1.0,1.0,0.0,1.0,0.0,0.0,5.0,16.0,2.01,14.0,0.0,0.0,1.0,0.0,2.0,0.25,2.0,0.0,0.0,0.0,0.0,17.0,10.0,10.0,6.0,1.0,9.0,39.1,14.0,9.0,12.0,29.0,20.0,1.0,496.0,22.0,4.0,6.0,60.0,2.0,20.0,269.0,0.0,8.0,3.0,334.0,36.0,33.1,76.0,1,15,22.0,3,1.3,14.0,13.0,1.0,0.13,0.56,7.7,10.2,-2.5,-0.31,-0.21,0.0,16.0,0.0,0.0,0.0,42.0,13.0,72.2,2.5,0.62,89.5,0.0,0.12,0.12,0.0,0.0,0.0,0.25,0.0,0.04,0.04,0.06,0.1,0.62,6.25,1.62,0.0,0.02,0.02,0.0,0.02,0.0,0.01,0.01,0.0,0.01,1.12,0.25,0.14,0.03,2.85,0.0,-0.04,-0.04,41.75,50.88,750.38,219.25,19.38,23.0,17.5,20.0,4.38,6.12,0.04,0.06,1.0,4.75,0.25,0.0,47.88,3.0,0.0,0.88,0.38,0.12,0.12,0.0,0.12,0.0,0.0,0.62,2.0,0.25,1.75,0.0,0.0,0.12,0.0,0.25,0.03,0.25,0.0,0.0,0.0,0.0,2.12,1.25,1.25,0.75,0.12,1.12,1.75,1.12,1.5,3.62,2.5,0.12,62.0,2.75,0.5,0.75,0.25,33.62,0.0,1.0,0.38,41.75,0.12,1.88,0.38,0.16,1.75,1.62,0.12,0.02,0.96,1.27,-0.31,-0.04,0.0,2.0,0.0,0.0,0.0,5.25,1.62
26.0,Fabrizio Angileri,ar ARG,DF,Corinthians,31-192,1994.0,16.0,11.0,1051.0,11.7,0.0,0.0,0.0,0.0,0.0,0.0,3.0,0.0,0.2,0.2,0.5,0.7,27.0,52.0,52.0,0.0,0.0,0.0,0.0,0.0,0.01,0.05,0.06,0.01,0.06,Matches,6.0,1.0,16.7,0.51,0.09,0.0,0.0,28.2,0.0,0.03,-0.2,-0.2,602.0,762.0,79.0,11015.0,3802.0,267.0,293.0,91.1,262.0,320.0,81.9,67.0,107.0,62.6,0.4,-0.5,7.0,51.0,4.0,4.0,629.0,128.0,0.0,12.0,49.0,97.0,2.0,0.0,2.0,0.0,5.0,22.0,20.0,1.71,18.0,2.0,0.0,0.0,0.0,2.0,0.17,2.0,0.0,0.0,0.0,0.0,28.0,21.0,22.0,4.0,2.0,17.0,70.8,7.0,9.0,5.0,33.0,45.0,0.0,874.0,46.0,14.0,8.0,61.5,5.0,38.5,490.0,4.0,6.0,7.0,554.0,66.0,48.7,88.0,10,5,18.0,3,1.06,11.0,16.0,-5.0,-0.43,-0.43,11.3,15.5,-4.2,-0.36,-0.47,0.0,9.0,0.0,0.0,0.0,37.0,20.0,58.8,1.37,0.94,89.83,0.0,0.0,0.0,0.0,0.0,0.0,0.26,0.0,0.02,0.02,0.04,0.06,2.31,4.44,4.44,0.0,0.0,0.0,0.0,0.0,0.0,0.0,0.01,0.0,0.01,0.51,0.09,0.04,0.01,2.41,0.0,-0.02,-0.02,51.45,65.13,941.45,324.96,22.82,25.04,22.39,27.35,5.73,9.15,0.03,-0.04,0.6,4.36,0.34,0.34,53.76,10.94,0.0,1.03,4.19,8.29,0.17,0.0,0.17,0.0,0.43,1.88,1.71,0.15,1.54,0.17,0.0,0.0,0.0,0.17,0.01,0.17,0.0,0.0,0.0,0.0,2.39,1.79,1.88,0.34,0.17,1.45,0.6,0.77,0.43,2.82,3.85,0.0,74.7,3.93,1.2,0.68,0.43,41.88,0.34,0.51,0.6,47.35,0.85,0.43,0.26,0.09,0.94,1.37,-0.43,-0.04,0.97,1.32,-0.36,-0.03,0.0,0.77,0.0,0.0,0.0,3.16,1.71
96.0,Fabrício Bruno,br BRA,DF,Cruzeiro,29-223,1996.0,23.0,23.0,2070.0,23.0,2.0,0.0,2.0,2.0,0.0,0.0,4.0,0.0,0.8,0.8,0.6,1.4,6.0,77.0,2.0,0.09,0.0,0.09,0.09,0.09,0.03,0.03,0.06,0.03,0.06,Matches,11.0,3.0,27.3,0.48,0.13,0.18,0.67,11.8,0.0,0.07,1.2,1.2,906.0,1055.0,85.9,19183.0,7877.0,264.0,290.0,91.0,469.0,506.0,92.7,159.0,226.0,70.4,0.4,-0.6,5.0,74.0,5.0,1.0,969.0,81.0,0.0,14.0,6.0,8.0,0.0,0.0,0.0,0.0,5.0,8.0,23.0,1.0,20.0,0.0,0.0,0.0,1.0,1.0,0.04,1.0,0.0,0.0,0.0,0.0,35.0,28.0,21.0,12.0,2.0,19.0,70.4,8.0,12.0,15.0,50.0,171.0,1.0,1333.0,247.0,20.0,2.0,66.7,1.0,33.3,689.0,1.0,9.0,0.0,776.0,90.0,95.8,90.0,23,0,,0,2.04,38.0,17.0,21.0,0.91,-0.09,31.1,19.8,11.3,0.49,0.41,0.0,15.0,0.0,0.0,0.0,88.0,53.0,65.4,1.0,1.0,90.0,0.09,0.0,0.09,0.09,0.0,0.0,0.17,0.0,0.03,0.03,0.03,0.06,0.26,3.35,0.09,0.0,0.0,0.0,0.0,0.0,0.0,0.0,0.0,0.0,0.0,0.48,0.13,0.02,0.01,0.51,0.0,0.05,0.05,39.39,45.87,834.04,342.48,11.48,12.61,20.39,22.0,6.91,9.83,0.02,-0.03,0.22,3.22,0.22,0.04,42.13,3.52,0.0,0.61,0.26,0.35,0.0,0.0,0.0,0.0,0.22,0.35,1.0,0.04,0.87,0.0,0.0,0.0,0.04,0.04,0.0,0.04,0.0,0.0,0.0,0.0,1.52,1.22,0.91,0.52,0.09,0.83,0.35,0.52,0.65,2.17,7.43,0.04,57.96,10.74,0.87,0.09,0.04,29.96,0.04,0.39,0.0,33.74,1.0,0.0,0.0,0.09,1.65,0.74,0.91,0.04,1.35,0.86,0.49,0.02,0.0,0.65,0.0,0.0,0.0,3.83,2.3
73.0,Facundo Bernal,uy URU,MF,Fluminense,22-033,2003.0,13.0,9.0,822.0,9.1,0.0,0.0,0.0,0.0,0.0,0.0,5.0,0.0,0.4,0.4,0.0,0.5,3.0,27.0,8.0,0.0,0.0,0.0,0.0,0.0,0.05,0.0,0.05,0.05,0.05,Matches,13.0,4.0,30.8,1.42,0.44,0.0,0.0,28.7,0.0,0.03,-0.4,-0.4,366.0,435.0,84.1,6234.0,1691.0,173.0,193.0,89.6,149.0,166.0,89.8,32.0,56.0,57.1,0.2,0.0,3.0,39.0,3.0,0.0,421.0,14.0,0.0,5.0,1.0,0.0,0.0,0.0,0.0,0.0,0.0,2.0,12.0,1.31,10.0,0.0,1.0,0.0,1.0,1.0,0.11,1.0,0.0,0.0,0.0,0.0,22.0,18.0,6.0,13.0,3.0,14.0,58.3,10.0,8.0,8.0,30.0,14.0,0.0,531.0,23.0,6.0,3.0,42.9,4.0,57.1,292.0,0.0,6.0,5.0,355.0,63.0,41.5,82.0,4,4,20.0,4,1.31,12.0,16.0,-4.0,-0.44,-0.52,5.9,11.0,-5.2,-0.56,-0.98,0.0,14.0,0.0,0.0,1.0,42.0,9.0,47.4,1.43,0.99,90.33,0.0,0.0,0.0,0.0,0.0,0.0,0.55,0.0,0.04,0.04,0.0,0.05,0.33,2.97,0.88,0.0,0.0,0.0,0.0,0.0,0.01,0.0,0.01,0.01,0.01,1.43,0.44,0.16,0.05,3.15,0.0,-0.04,-0.04,40.22,47.8,685.05,185.82,19.01,21.21,16.37,18.24,3.52,6.15,0.02,0.0,0.33,4.29,0.33,0.0,46.26,1.54,0.0,0.55,0.11,0.0,0.0,0.0,0.0,0.0,0.0,0.22,1.32,0.14,1.1,0.0,0.11,0.0,0.11,0.11,0.01,0.11,0.0,0.0,0.0,0.0,2.42,1.98,0.66,1.43,0.33,1.54,1.1,0.88,0.88,3.3,1.54,0.0,58.35,2.53,0.66,0.33,0.44,32.09,0.0,0.66,0.55,39.01,0.44,0.44,0.44,0.14,1.32,1.76,-0.44,-0.05,0.65,1.21,-0.57,-0.06,0.0,1.54,0.0,0.0,0.11,4.62,0.99
653.0,Facundo Torres,uy URU,"FW,MF",Palmeiras,25-163,2000.0,20.0,17.0,1336.0,14.8,4.0,3.0,7.0,4.0,0.0,0.0,2.0,0.0,2.8,2.8,2.8,5.7,24.0,72.0,101.0,0.27,0.2,0.47,0.27,0.47,0.19,0.19,0.38,0.19,0.38,Matches,25.0,11.0,44.0,1.68,0.74,0.16,0.36,17.4,0.0,0.11,1.2,1.2,436.0,536.0,81.3,6724.0,1752.0,244.0,268.0,91.0,139.0,173.0,80.3,34.0,56.0,60.7,2.9,0.2,28.0,33.0,20.0,7.0,509.0,25.0,1.0,3.0,46.0,6.0,13.0,1.0,6.0,0.0,2.0,13.0,53.0,3.57,36.0,6.0,1.0,3.0,1.0,6.0,0.4,5.0,0.0,0.0,1.0,0.0,11.0,5.0,7.0,3.0,1.0,4.0,26.7,11.0,11.0,5.0,16.0,9.0,0.0,681.0,11.0,45.0,12.0,33.3,17.0,47.2,437.0,5.0,27.0,11.0,514.0,67.0,67.5,74.0,5,3,27.0,2,2.3,23.0,10.0,13.0,0.88,0.18,21.1,10.1,11.1,0.75,0.12,0.0,13.0,1.0,1.0,0.0,60.0,6.0,26.1,1.35,1.15,90.27,0.27,0.2,0.47,0.27,0.0,0.0,0.14,0.0,0.19,0.19,0.19,0.39,1.62,4.86,6.82,0.02,0.01,0.03,0.02,0.03,0.01,0.01,0.03,0.01,0.03,1.69,0.74,0.11,0.05,1.18,0.0,0.08,0.08,29.46,36.22,454.32,118.38,16.49,18.11,9.39,11.69,2.3,3.78,0.2,0.01,1.89,2.23,1.35,0.47,34.39,1.69,0.07,0.2,3.11,0.41,0.88,0.07,0.41,0.0,0.14,0.88,3.58,0.24,2.43,0.41,0.07,0.2,0.07,0.41,0.03,0.34,0.0,0.0,0.07,0.0,0.74,0.34,0.47,0.2,0.07,0.27,0.74,0.74,0.34,1.08,0.61,0.0,46.01,0.74,3.04,0.81,1.15,29.53,0.34,1.82,0.74,34.73,0.34,0.2,0.14,0.16,1.55,0.68,0.88,0.06,1.43,0.68,0.75,0.05,0.0,0.88,0.07,0.07,0.0,4.05,0.41
195.0,Fagner,br BRA,DF,Cruzeiro,36-104,1989.0,9.0,8.0,740.0,8.2,0.0,0.0,0.0,0.0,0.0,0.0,1.0,0.0,0.1,0.1,0.4,0.5,14.0,36.0,43.0,0.0,0.0,0.0,0.0,0.0,0.01,0.05,0.06,0.01,0.06,Matches,2.0,0.0,0.0,0.24,0.0,0.0,,24.1,0.0,0.04,-0.1,-0.1,269.0,388.0,69.3,4515.0,2203.0,137.0,162.0,84.6,103.0,139.0,74.1,27.0,69.0,39.1,1.0,-0.4,9.0,21.0,11.0,6.0,282.0,106.0,2.0,1.0,47.0,85.0,8.0,0.0,8.0,0.0,0.0,12.0,22.0,2.68,13.0,4.0,3.0,1.0,0.0,2.0,0.24,2.0,0.0,0.0,0.0,0.0,18.0,9.0,13.0,5.0,0.0,10.0,58.8,7.0,10.0,10.0,28.0,33.0,1.0,493.0,28.0,8.0,4.0,30.8,7.0,53.8,197.0,1.0,9.0,0.0,244.0,82.0,34.3,84.0,5,1,70.0,6,2.22,16.0,5.0,11.0,1.34,0.64,11.9,5.4,6.4,0.78,0.47,0.0,11.0,0.0,0.0,0.0,26.0,8.0,50.0,1.1,0.98,90.24,0.0,0.0,0.0,0.0,0.0,0.0,0.12,0.0,0.01,0.01,0.05,0.06,1.71,4.39,5.24,0.0,0.0,0.0,0.0,0.0,0.0,0.01,0.01,0.0,0.01,0.24,0.0,0.03,0.0,2.94,0.0,-0.01,-0.01,32.8,47.32,550.61,268.66,16.71,19.76,12.56,16.95,3.29,8.41,0.12,-0.05,1.1,2.56,1.34,0.73,34.39,12.93,0.24,0.12,5.73,10.37,0.98,0.0,0.98,0.0,0.0,1.46,2.68,0.33,1.59,0.49,0.37,0.12,0.0,0.24,0.03,0.24,0.0,0.0,0.0,0.0,2.2,1.1,1.59,0.61,0.0,1.22,0.85,1.22,1.22,3.41,4.02,0.12,60.12,3.41,0.98,0.49,0.85,24.02,0.12,1.1,0.0,29.76,0.61,0.12,0.73,0.27,1.95,0.61,1.34,0.16,1.45,0.66,0.78,0.1,0.0,1.34,0.0,0.0,0.0,3.17,0.98
661.0,Fausto Vera,ar ARG,MF,Atlético Mineiro,25-181,2000.0,11.0,9.0,709.0,7.9,1.0,0.0,1.0,1.0,0.0,0.0,2.0,0.0,0.5,0.5,0.2,0.6,10.0,43.0,7.0,0.13,0.0,0.13,0.13,0.13,0.06,0.02,0.08,0.06,0.08,Matches,7.0,1.0,14.3,0.89,0.13,0.14,1.0,24.6,0.0,0.07,0.5,0.5,389.0,428.0,90.9,6553.0,1747.0,183.0,190.0,96.3,166.0,179.0,92.7,30.0,37.0,81.1,0.3,-0.2,4.0,46.0,3.0,0.0,421.0,6.0,0.0,2.0,3.0,0.0,0.0,0.0,0.0,0.0,1.0,6.0,14.0,1.78,14.0,0.0,0.0,0.0,0.0,1.0,0.13,1.0,0.0,0.0,0.0,0.0,20.0,13.0,8.0,11.0,1.0,11.0,57.9,8.0,3.0,4.0,24.0,9.0,0.0,489.0,18.0,4.0,4.0,44.4,5.0,55.6,320.0,0.0,2.0,8.0,349.0,64.0,35.8,72.0,4,2,31.0,7,1.18,5.0,9.0,-4.0,-0.51,-0.44,7.2,8.3,-1.1,-0.14,-0.34,0.0,13.0,0.0,0.0,0.0,42.0,4.0,40.0,1.39,1.14,89.75,0.13,0.0,0.13,0.13,0.0,0.0,0.25,0.0,0.06,0.06,0.03,0.08,1.27,5.44,0.89,0.02,0.0,0.02,0.02,0.02,0.01,0.0,0.01,0.01,0.01,0.89,0.13,0.11,0.02,3.11,0.0,0.06,0.06,49.24,54.18,829.49,221.14,23.16,24.05,21.01,22.66,3.8,4.68,0.04,-0.03,0.51,5.82,0.38,0.0,53.29,0.76,0.0,0.25,0.38,0.0,0.0,0.0,0.0,0.0,0.13,0.76,1.77,0.23,1.77,0.0,0.0,0.0,0.0,0.13,0.02,0.13,0.0,0.0,0.0,0.0,2.53,1.65,1.01,1.39,0.13,1.39,1.01,0.38,0.51,3.04,1.14,0.0,61.9,2.28,0.51,0.51,0.63,40.51,0.0,0.25,1.01,44.18,0.51,0.25,0.89,0.15,0.63,1.14,-0.51,-0.06,0.91,1.05,-0.14,-0.02,0.0,1.65,0.0,0.0,0.0,5.32,0.51
21.0,Felipe Anderson,br BRA,"FW,DF",Palmeiras,32-161,1993.0,17.0,13.0,945.0,10.5,1.0,2.0,3.0,1.0,0.0,0.0,0.0,0.0,1.3,1.3,1.2,2.5,26.0,46.0,63.0,0.1,0.19,0.29,0.1,0.29,0.12,0.12,0.24,0.12,0.24,Matches,15.0,5.0,33.3,1.43,0.48,0.07,0.2,21.8,1.0,0.09,-0.3,-0.3,397.0,484.0,82.0,6065.0,1700.0,217.0,242.0,89.7,144.0,168.0,85.7,19.0,31.0,61.3,0.6,0.8,16.0,33.0,13.0,1.0,439.0,42.0,0.0,1.0,17.0,28.0,7.0,3.0,0.0,0.0,3.0,13.0,44.0,4.19,30.0,2.0,4.0,0.0,4.0,6.0,0.57,2.0,0.0,0.0,0.0,1.0,32.0,19.0,19.0,9.0,4.0,21.0,60.0,14.0,12.0,12.0,44.0,15.0,1.0,615.0,17.0,22.0,22.0,50.0,18.0,40.9,324.0,5.0,13.0,7.0,386.0,56.0,47.7,65.0,1,4,26.0,3,2.47,23.0,6.0,17.0,1.62,1.53,18.1,6.6,11.5,1.09,0.74,0.0,11.0,0.0,0.0,0.0,70.0,8.0,66.7,1.62,1.24,90.0,0.1,0.19,0.29,0.1,0.0,0.0,0.0,0.0,0.12,0.12,0.11,0.24,2.48,4.38,6.0,0.01,0.02,0.03,0.01,0.03,0.01,0.01,0.02,0.01,0.02,1.43,0.48,0.14,0.05,2.08,0.1,-0.03,-0.03,37.81,46.1,577.62,161.9,20.67,23.05,13.71,16.0,1.81,2.95,0.06,0.08,1.52,3.14,1.24,0.1,41.81,4.0,0.0,0.1,1.62,2.67,0.67,0.29,0.0,0.0,0.29,1.24,4.19,0.4,2.86,0.19,0.38,0.0,0.38,0.57,0.05,0.19,0.0,0.0,0.0,0.1,3.05,1.81,1.81,0.86,0.38,2.0,1.33,1.14,1.14,4.19,1.43,0.1,58.57,1.62,2.1,2.1,1.71,30.86,0.48,1.24,0.67,36.76,0.1,0.38,0.29,0.24,2.19,0.57,1.62,0.15,1.72,0.63,1.1,0.1,0.0,1.05,0.0,0.0,0.0,6.67,0.76
387.0,Fernando Marçal,br BRA,DF,Botafogo (RJ),36-216,1989.0,8.0,5.0,483.0,5.4,2.0,0.0,2.0,2.0,0.0,0.0,3.0,0.0,0.4,0.4,0.1,0.5,6.0,25.0,4.0,0.37,0.0,0.37,0.37,0.37,0.07,0.02,0.09,0.07,0.09,Matches,5.0,2.0,40.0,0.93,0.37,0.4,1.0,12.2,0.0,0.07,1.6,1.6,343.0,390.0,87.9,6087.0,2121.0,150.0,161.0,93.2,157.0,171.0,91.8,30.0,47.0,63.8,0.1,-0.1,3.0,28.0,2.0,0.0,340.0,49.0,0.0,3.0,6.0,31.0,3.0,3.0,0.0,0.0,1.0,4.0,4.0,0.75,3.0,1.0,0.0,0.0,0.0,0.0,0.0,0.0,0.0,0.0,0.0,0.0,9.0,6.0,6.0,3.0,0.0,6.0,66.7,3.0,9.0,7.0,16.0,26.0,1.0,462.0,36.0,8.0,1.0,100.0,0.0,0.0,254.0,2.0,5.0,4.0,294.0,60.0,23.3,84.0,4,3,21.0,6,1.78,12.0,4.0,8.0,1.49,0.98,7.9,4.3,3.6,0.67,0.44,0.0,13.0,0.0,0.0,0.0,34.0,15.0,68.2,1.48,0.93,89.44,0.37,0.0,0.37,0.37,0.0,0.0,0.56,0.0,0.07,0.07,0.02,0.09,1.11,4.63,0.74,0.07,0.0,0.07,0.07,0.07,0.01,0.0,0.02,0.01,0.02,0.93,0.37,0.17,0.07,2.26,0.0,0.3,0.3,63.52,72.22,1127.22,392.78,27.78,29.81,29.07,31.67,5.56,8.7,0.02,-0.02,0.56,5.19,0.37,0.0,62.96,9.07,0.0,0.56,1.11,5.74,0.56,0.56,0.0,0.0,0.19,0.74,0.74,0.14,0.56,0.19,0.0,0.0,0.0,0.0,0.0,0.0,0.0,0.0,0.0,0.0,1.67,1.11,1.11,0.56,0.0,1.11,0.56,1.67,1.3,2.96,4.81,0.19,85.56,6.67,1.48,0.19,0.0,47.04,0.37,0.93,0.74,54.44,0.74,0.56,1.11,0.33,2.22,0.74,1.48,0.28,1.46,0.8,0.67,0.12,0.0,2.41,0.0,0.0,0.0,6.3,2.78
429.0,Fernando Miguel,br BRA,GK,Ceará,40-233,1985.0,8.0,7.0,657.0,7.3,0.0,0.0,0.0,0.0,0.0,0.0,0.0,0.0,0.0,0.0,0.0,0.0,0.0,0.0,0.0,0.0,0.0,0.0,0.0,0.0,0.0,0.0,0.0,0.0,0.0,Matches,0.0,0.0,,0.0,0.0,,,,0.0,,0.0,0.0,144.0,228.0,63.2,4517.0,3427.0,14.0,14.0,100.0,75.0,76.0,98.7,55.0,137.0,40.1,0.0,0.0,0.0,4.0,0.0,0.0,120.0,107.0,0.0,0.0,0.0,0.0,0.0,0.0,0.0,0.0,1.0,0.0,0.0,0.0,0.0,0.0,0.0,0.0,0.0,0.0,0.0,0.0,0.0,0.0,0.0,0.0,0.0,0.0,0.0,0.0,0.0,0.0,,0.0,0.0,0.0,0.0,3.0,1.0,244.0,188.0,0.0,0.0,,0.0,,98.0,0.0,0.0,0.0,56.0,82.0,31.7,90.0,7,1,27.0,8,1.38,7.0,7.0,0.0,0.0,0.06,6.3,7.9,-1.6,-0.22,-0.32,0.0,0.0,0.0,0.0,0.0,12.0,2.0,100.0,1.1,0.96,90.0,0.0,0.0,0.0,0.0,0.0,0.0,0.0,0.0,0.0,0.0,0.0,0.0,0.0,0.0,0.0,0.0,0.0,0.0,0.0,0.0,0.0,0.0,0.0,0.0,0.0,0.0,0.0,0.0,0.0,,0.0,0.0,0.0,19.73,31.23,618.77,469.45,1.92,1.92,10.27,10.41,7.53,18.77,0.0,0.0,0.0,0.55,0.0,0.0,16.44,14.66,0.0,0.0,0.0,0.0,0.0,0.0,0.0,0.0,0.14,0.0,0.0,0.0,0.0,0.0,0.0,0.0,0.0,0.0,0.0,0.0,0.0,0.0,0.0,0.0,0.0,0.0,0.0,0.0,0.0,0.0,0.0,0.0,0.0,0.0,0.41,0.14,33.42,25.75,0.0,0.0,0.0,13.42,0.0,0.0,0.0,7.67,0.96,0.14,1.1,0.19,0.96,0.96,0.0,0.0,0.86,1.08,-0.22,-0.03,0.0,0.0,0.0,0.0,0.0,1.64,0.27
628.0,Fernando Sobral,br BRA,MF,Ceará,30-280,1994.0,21.0,13.0,1146.0,12.7,0.0,0.0,0.0,0.0,0.0,0.0,7.0,0.0,0.2,0.2,0.4,0.6,9.0,62.0,13.0,0.0,0.0,0.0,0.0,0.0,0.02,0.03,0.05,0.02,0.05,Matches,9.0,0.0,0.0,0.71,0.0,0.0,,27.9,1.0,0.02,-0.2,-0.2,427.0,555.0,76.9,7503.0,2581.0,201.0,229.0,87.8,167.0,203.0,82.3,48.0,91.0,52.7,0.5,-0.4,12.0,56.0,9.0,4.0,512.0,43.0,0.0,5.0,26.0,13.0,5.0,2.0,2.0,0.0,0.0,14.0,25.0,1.96,19.0,3.0,0.0,3.0,0.0,0.0,0.0,0.0,0.0,0.0,0.0,0.0,35.0,23.0,18.0,13.0,4.0,13.0,41.9,18.0,20.0,9.0,44.0,17.0,0.0,694.0,22.0,10.0,9.0,56.3,5.0,31.3,322.0,1.0,15.0,9.0,387.0,55.0,55.4,76.0,2,8,20.0,0,1.14,12.0,13.0,-1.0,-0.08,-0.08,14.0,12.9,1.1,0.08,0.19,0.0,31.0,0.0,0.0,0.0,54.0,12.0,41.4,1.65,1.02,90.24,0.0,0.0,0.0,0.0,0.0,0.0,0.55,0.0,0.02,0.02,0.03,0.05,0.71,4.88,1.02,0.0,0.0,0.0,0.0,0.0,0.0,0.0,0.0,0.0,0.0,0.71,0.0,0.06,0.0,2.2,0.08,-0.02,-0.02,33.62,43.7,590.79,203.23,15.83,18.03,13.15,15.98,3.78,7.17,0.04,-0.03,0.94,4.41,0.71,0.31,40.31,3.39,0.0,0.39,2.05,1.02,0.39,0.16,0.16,0.0,0.0,1.1,1.97,0.15,1.5,0.24,0.0,0.24,0.0,0.0,0.0,0.0,0.0,0.0,0.0,0.0,2.76,1.81,1.42,1.02,0.31,1.02,1.42,1.57,0.71,3.46,1.34,0.0,54.65,1.73,0.79,0.71,0.39,25.35,0.08,1.18,0.71,30.47,0.16,0.63,0.0,0.09,0.94,1.02,-0.08,-0.01,1.1,1.02,0.09,0.01,0.0,2.44,0.0,0.0,0.0,4.25,0.94
204.0,Ferreira,br BRA,"FW,MF",São Paulo,27-266,1997.0,18.0,13.0,1015.0,11.3,4.0,2.0,6.0,4.0,0.0,1.0,3.0,0.0,3.5,2.8,1.6,4.4,42.0,49.0,107.0,0.35,0.18,0.53,0.35,0.53,0.31,0.15,0.46,0.24,0.39,Matches,20.0,9.0,45.0,1.77,0.8,0.2,0.44,16.0,0.0,0.14,0.5,1.2,295.0,377.0,78.2,4327.0,1242.0,175.0,202.0,86.6,87.0,109.0,79.8,19.0,34.0,55.9,1.8,0.4,16.0,22.0,23.0,5.0,358.0,17.0,1.0,5.0,22.0,2.0,8.0,8.0,0.0,0.0,2.0,18.0,46.0,4.08,33.0,1.0,4.0,5.0,0.0,8.0,0.71,7.0,0.0,0.0,0.0,0.0,12.0,8.0,6.0,6.0,0.0,7.0,36.8,12.0,11.0,6.0,18.0,9.0,0.0,547.0,8.0,48.0,33.0,44.0,33.0,44.0,391.0,14.0,45.0,15.0,417.0,56.0,47.0,68.0,1,5,25.0,0,1.44,11.0,9.0,2.0,0.18,0.1,12.7,10.2,2.4,0.22,-0.05,0.0,11.0,1.0,0.0,0.0,57.0,9.0,52.9,1.59,1.15,89.82,0.35,0.18,0.53,0.35,0.0,0.09,0.27,0.0,0.31,0.25,0.14,0.39,3.72,4.34,9.47,0.03,0.02,0.05,0.03,0.05,0.03,0.01,0.04,0.02,0.03,1.77,0.8,0.16,0.07,1.42,0.0,0.04,0.11,26.11,33.36,382.92,109.91,15.49,17.88,7.7,9.65,1.68,3.01,0.16,0.04,1.42,1.95,2.04,0.44,31.68,1.5,0.09,0.44,1.95,0.18,0.71,0.71,0.0,0.0,0.18,1.59,4.07,0.36,2.92,0.09,0.35,0.44,0.0,0.71,0.06,0.62,0.0,0.0,0.0,0.0,1.06,0.71,0.53,0.53,0.0,0.62,1.06,0.97,0.53,1.59,0.8,0.0,48.41,0.71,4.25,2.92,2.92,34.6,1.24,3.98,1.33,36.9,0.09,0.44,0.0,0.13,0.97,0.8,0.18,0.02,1.12,0.9,0.21,0.02,0.0,0.97,0.09,0.0,0.0,5.04,0.8
20.0,Francis Amuzu,be BEL,FW,Grêmio,26-031,1999.0,10.0,5.0,448.0,5.0,1.0,0.0,1.0,1.0,0.0,0.0,2.0,0.0,0.6,0.6,0.9,1.4,23.0,12.0,39.0,0.2,0.0,0.2,0.2,0.2,0.12,0.17,0.29,0.12,0.29,Matches,16.0,6.0,37.5,3.21,1.21,0.06,0.17,22.9,0.0,0.04,0.4,0.4,118.0,155.0,76.1,1925.0,365.0,63.0,74.0,85.1,40.0,48.0,83.3,12.0,23.0,52.2,0.8,-0.9,8.0,9.0,6.0,3.0,150.0,5.0,2.0,1.0,23.0,4.0,1.0,1.0,0.0,0.0,0.0,4.0,17.0,3.42,12.0,0.0,3.0,0.0,0.0,0.0,0.0,0.0,0.0,0.0,0.0,0.0,4.0,2.0,2.0,0.0,2.0,2.0,100.0,0.0,1.0,0.0,4.0,1.0,0.0,203.0,0.0,13.0,10.0,58.8,5.0,29.4,149.0,6.0,14.0,7.0,167.0,45.0,21.6,67.0,0,5,23.0,5,0.8,4.0,10.0,-6.0,-1.21,-1.21,4.4,8.9,-4.6,-0.91,-0.52,0.0,4.0,0.0,0.0,0.0,15.0,0.0,0.0,2.0,1.0,89.6,0.2,0.0,0.2,0.2,0.0,0.0,0.4,0.0,0.12,0.12,0.18,0.28,4.6,2.4,7.8,0.04,0.0,0.04,0.04,0.04,0.02,0.03,0.06,0.02,0.06,3.2,1.2,0.64,0.24,4.58,0.0,0.08,0.08,23.6,31.0,385.0,73.0,12.6,14.8,8.0,9.6,2.4,4.6,0.16,-0.18,1.6,1.8,1.2,0.6,30.0,1.0,0.4,0.2,4.6,0.8,0.2,0.2,0.0,0.0,0.0,0.8,3.4,0.68,2.4,0.0,0.6,0.0,0.0,0.0,0.0,0.0,0.0,0.0,0.0,0.0,0.8,0.4,0.4,0.0,0.4,0.4,0.0,0.2,0.0,0.8,0.2,0.0,40.6,0.0,2.6,2.0,1.0,29.8,1.2,2.8,1.4,33.4,0.0,1.0,1.0,0.16,0.8,2.0,-1.2,-0.24,0.88,1.78,-0.92,-0.18,0.0,0.8,0.0,0.0,0.0,3.0,0.0
138.0,Francisco da Costa,br BRA,FW,Mirassol,30-141,1995.0,11.0,9.0,723.0,8.0,6.0,0.0,6.0,6.0,0.0,0.0,1.0,0.0,3.7,3.7,0.3,4.0,2.0,8.0,17.0,0.75,0.0,0.75,0.75,0.75,0.46,0.04,0.5,0.46,0.5,Matches,17.0,7.0,41.2,2.12,0.87,0.35,0.86,14.6,0.0,0.22,2.3,2.3,97.0,141.0,68.8,1203.0,201.0,59.0,80.0,73.8,28.0,37.0,75.7,3.0,4.0,75.0,0.8,-0.3,4.0,2.0,1.0,0.0,125.0,15.0,1.0,0.0,1.0,0.0,0.0,0.0,0.0,0.0,1.0,5.0,10.0,1.24,8.0,0.0,0.0,0.0,0.0,1.0,0.12,1.0,0.0,0.0,0.0,0.0,2.0,1.0,0.0,1.0,1.0,0.0,0.0,3.0,1.0,1.0,3.0,10.0,0.0,210.0,12.0,24.0,4.0,33.3,8.0,66.7,107.0,2.0,13.0,11.0,142.0,66.0,34.9,72.0,2,2,39.0,0,2.0,20.0,6.0,14.0,1.74,1.48,13.1,8.8,4.2,0.53,0.31,0.0,10.0,0.0,0.0,0.0,20.0,14.0,58.3,1.38,1.12,90.38,0.75,0.0,0.75,0.75,0.0,0.0,0.12,0.0,0.46,0.46,0.04,0.5,0.25,1.0,2.12,0.09,0.0,0.09,0.09,0.09,0.06,0.0,0.06,0.06,0.06,2.12,0.88,0.26,0.11,1.82,0.0,0.29,0.29,12.12,17.62,150.38,25.12,7.38,10.0,3.5,4.62,0.38,0.5,0.1,-0.04,0.5,0.25,0.12,0.0,15.62,1.88,0.12,0.0,0.12,0.0,0.0,0.0,0.0,0.0,0.12,0.62,1.25,0.16,1.0,0.0,0.0,0.0,0.0,0.12,0.02,0.12,0.0,0.0,0.0,0.0,0.25,0.12,0.0,0.12,0.12,0.0,0.38,0.12,0.12,0.38,1.25,0.0,26.25,1.5,3.0,0.5,1.0,13.38,0.25,1.62,1.38,17.75,0.25,0.25,0.0,0.25,2.5,0.75,1.75,0.22,1.64,1.1,0.52,0.07,0.0,1.25,0.0,0.0,0.0,2.5,1.75
141.0,Franco Cristaldo,ar ARG,"MF,FW",Grêmio,29-039,1996.0,16.0,9.0,782.0,8.7,0.0,1.0,1.0,0.0,0.0,0.0,1.0,0.0,0.8,0.8,1.2,2.0,14.0,36.0,35.0,0.0,0.12,0.12,0.0,0.12,0.09,0.14,0.23,0.09,0.23,Matches,9.0,2.0,22.2,1.04,0.23,0.0,0.0,19.2,1.0,0.08,-0.8,-0.8,253.0,348.0,72.7,4437.0,1437.0,130.0,149.0,87.2,84.0,109.0,77.1,33.0,69.0,47.8,2.0,-0.2,21.0,37.0,10.0,2.0,295.0,50.0,3.0,2.0,53.0,3.0,23.0,10.0,12.0,0.0,3.0,9.0,41.0,4.72,24.0,11.0,1.0,3.0,0.0,2.0,0.23,1.0,1.0,0.0,0.0,0.0,15.0,9.0,5.0,7.0,3.0,9.0,50.0,9.0,7.0,2.0,17.0,9.0,1.0,428.0,5.0,24.0,9.0,39.1,9.0,39.1,229.0,1.0,19.0,17.0,287.0,49.0,37.8,66.0,0,7,26.0,6,1.06,7.0,11.0,-4.0,-0.46,-0.32,8.9,13.9,-5.0,-0.57,-0.11,0.0,3.0,0.0,0.0,0.0,35.0,7.0,53.8,1.84,1.03,89.89,0.0,0.11,0.11,0.0,0.0,0.0,0.11,0.0,0.09,0.09,0.14,0.23,1.61,4.14,4.02,0.0,0.01,0.01,0.0,0.01,0.01,0.02,0.03,0.01,0.03,1.03,0.23,0.12,0.03,2.21,0.11,-0.09,-0.09,29.08,40.0,510.0,165.17,14.94,17.13,9.66,12.53,3.79,7.93,0.23,-0.02,2.41,4.25,1.15,0.23,33.91,5.75,0.34,0.23,6.09,0.34,2.64,1.15,1.38,0.0,0.34,1.03,4.71,0.54,2.76,1.26,0.11,0.34,0.0,0.23,0.03,0.11,0.11,0.0,0.0,0.0,1.72,1.03,0.57,0.8,0.34,1.03,1.03,0.8,0.23,1.95,1.03,0.11,49.2,0.57,2.76,1.03,1.03,26.32,0.11,2.18,1.95,32.99,0.0,0.8,0.69,0.12,0.8,1.26,-0.46,-0.05,1.02,1.6,-0.57,-0.07,0.0,0.34,0.0,0.0,0.0,4.02,0.8
192.0,Fábio,br BRA,GK,Fluminense,44-358,1980.0,22.0,22.0,1980.0,22.0,0.0,0.0,0.0,0.0,0.0,0.0,1.0,0.0,0.0,0.0,0.0,0.0,0.0,0.0,0.0,0.0,0.0,0.0,0.0,0.0,0.0,0.0,0.0,0.0,0.0,Matches,0.0,0.0,,0.0,0.0,,,,0.0,,0.0,0.0,376.0,492.0,76.4,8532.0,5623.0,102.0,102.0,100.0,158.0,161.0,98.1,91.0,202.0,45.0,0.0,0.0,0.0,1.0,0.0,0.0,321.0,170.0,0.0,0.0,0.0,0.0,0.0,0.0,0.0,0.0,1.0,1.0,0.0,0.0,0.0,0.0,0.0,0.0,0.0,0.0,0.0,0.0,0.0,0.0,0.0,0.0,0.0,0.0,0.0,0.0,0.0,0.0,,0.0,0.0,1.0,1.0,12.0,2.0,537.0,490.0,0.0,1.0,100.0,0.0,0.0,269.0,0.0,0.0,0.0,199.0,90.0,100.0,90.0,22,0,,0,1.41,26.0,29.0,-3.0,-0.14,,21.9,21.8,0.1,0.01,,0.0,0.0,0.0,0.0,0.0,15.0,2.0,66.7,1.0,1.0,90.0,0.0,0.0,0.0,0.0,0.0,0.0,0.05,0.0,0.0,0.0,0.0,0.0,0.0,0.0,0.0,0.0,0.0,0.0,0.0,0.0,0.0,0.0,0.0,0.0,0.0,0.0,0.0,0.0,0.0,,0.0,0.0,0.0,17.09,22.36,387.82,255.59,4.64,4.64,7.18,7.32,4.14,9.18,0.0,0.0,0.0,0.05,0.0,0.0,14.59,7.73,0.0,0.0,0.0,0.0,0.0,0.0,0.0,0.0,0.05,0.05,0.0,0.0,0.0,0.0,0.0,0.0,0.0,0.0,0.0,0.0,0.0,0.0,0.0,0.0,0.0,0.0,0.0,0.0,0.0,0.0,0.0,0.0,0.05,0.05,0.55,0.09,24.41,22.27,0.0,0.05,0.0,12.23,0.0,0.0,0.0,9.05,1.0,0.0,0.0,0.06,1.18,1.32,-0.14,-0.01,1.0,0.99,0.0,0.0,0.0,0.0,0.0,0.0,0.0,0.68,0.09
652.0,Félix Torres Caicedo,ec ECU,DF,Corinthians,28-255,1997.0,9.0,7.0,557.0,6.2,0.0,0.0,0.0,0.0,0.0,0.0,1.0,0.0,0.2,0.2,0.1,0.2,3.0,15.0,2.0,0.0,0.0,0.0,0.0,0.0,0.03,0.01,0.04,0.03,0.04,Matches,2.0,0.0,0.0,0.32,0.0,0.0,,8.4,0.0,0.09,-0.2,-0.2,372.0,413.0,90.1,7220.0,2174.0,119.0,127.0,93.7,213.0,225.0,94.7,37.0,53.0,69.8,0.1,-0.1,3.0,14.0,1.0,1.0,390.0,23.0,0.0,3.0,2.0,16.0,0.0,0.0,0.0,0.0,0.0,4.0,8.0,1.29,7.0,0.0,1.0,0.0,0.0,0.0,0.0,0.0,0.0,0.0,0.0,0.0,10.0,7.0,6.0,4.0,0.0,8.0,72.7,3.0,4.0,12.0,22.0,21.0,0.0,473.0,45.0,3.0,3.0,60.0,2.0,40.0,282.0,0.0,7.0,3.0,342.0,62.0,25.8,77.0,5,2,9.0,14,1.56,8.0,9.0,-1.0,-0.16,0.06,7.4,8.1,-0.7,-0.12,0.0,0.0,12.0,0.0,0.0,0.0,29.0,6.0,66.7,1.45,1.13,89.84,0.0,0.0,0.0,0.0,0.0,0.0,0.16,0.0,0.03,0.03,0.02,0.03,0.48,2.42,0.32,0.0,0.0,0.0,0.0,0.0,0.0,0.0,0.01,0.0,0.01,0.32,0.0,0.05,0.0,1.35,0.0,-0.03,-0.03,60.0,66.61,1164.52,350.65,19.19,20.48,34.35,36.29,5.97,8.55,0.02,-0.02,0.48,2.26,0.16,0.16,62.9,3.71,0.0,0.48,0.32,2.58,0.0,0.0,0.0,0.0,0.0,0.65,1.29,0.21,1.13,0.0,0.16,0.0,0.0,0.0,0.0,0.0,0.0,0.0,0.0,0.0,1.61,1.13,0.97,0.65,0.0,1.29,0.48,0.65,1.94,3.55,3.39,0.0,76.29,7.26,0.48,0.48,0.32,45.48,0.0,1.13,0.48,55.16,0.81,0.32,2.26,0.25,1.29,1.45,-0.16,-0.03,1.19,1.31,-0.11,-0.02,0.0,1.94,0.0,0.0,0.0,4.68,0.97
225.0,Gabriel,br BRA,"MF,FW",Mirassol,35-260,1990.0,16.0,13.0,1013.0,11.3,3.0,1.0,4.0,3.0,0.0,0.0,2.0,0.0,2.7,2.7,1.7,4.4,15.0,39.0,61.0,0.27,0.09,0.36,0.27,0.36,0.24,0.15,0.39,0.24,0.39,Matches,1.0,0.0,0.0,0.22,0.0,0.0,,14.7,0.0,0.02,0.0,0.0,239.0,263.0,90.9,4728.0,1266.0,64.0,70.0,91.4,150.0,157.0,95.5,23.0,32.0,71.9,0.0,0.0,0.0,7.0,0.0,0.0,257.0,5.0,0.0,1.0,0.0,0.0,0.0,0.0,0.0,0.0,1.0,1.0,2.0,0.45,2.0,0.0,0.0,0.0,0.0,0.0,0.0,0.0,0.0,0.0,0.0,0.0,4.0,2.0,3.0,1.0,0.0,3.0,60.0,2.0,3.0,7.0,11.0,23.0,1.0,312.0,38.0,3.0,0.0,,0.0,,163.0,0.0,4.0,0.0,217.0,67.0,20.4,90.0,4,2,22.0,11,1.33,5.0,5.0,0.0,0.0,-0.29,5.8,5.4,0.4,0.09,0.07,0.0,9.0,0.0,0.0,0.0,10.0,14.0,63.6,1.42,1.15,89.65,0.27,0.09,0.35,0.27,0.0,0.0,0.18,0.0,0.24,0.24,0.15,0.39,1.33,3.45,5.4,0.02,0.01,0.03,0.02,0.03,0.02,0.01,0.03,0.02,0.03,0.09,0.0,0.02,0.0,1.3,0.0,0.0,0.0,21.15,23.27,418.41,112.04,5.66,6.19,13.27,13.89,2.04,2.83,0.0,0.0,0.0,0.62,0.0,0.0,22.74,0.44,0.0,0.09,0.0,0.0,0.0,0.0,0.0,0.0,0.09,0.09,0.18,0.04,0.18,0.0,0.0,0.0,0.0,0.0,0.0,0.0,0.0,0.0,0.0,0.0,0.35,0.18,0.27,0.09,0.0,0.27,0.18,0.27,0.62,0.97,2.04,0.09,27.61,3.36,0.27,0.0,0.0,14.42,0.0,0.35,0.0,19.2,0.35,0.18,0.97,0.12,0.44,0.44,0.0,0.0,0.51,0.48,0.04,0.01,0.0,0.8,0.0,0.0,0.0,0.88,1.24
227.0,Gabriel,br BRA,GK,Sport Recife,32-361,1992.0,10.0,10.0,900.0,10.0,0.0,0.0,0.0,0.0,0.0,0.0,1.0,0.0,0.0,0.0,0.0,0.0,0.0,0.0,0.0,0.0,0.0,0.0,0.0,0.0,0.0,0.0,0.0,0.0,0.0,Matches,1.0,0.0,0.0,0.22,0.0,0.0,,14.7,0.0,0.02,0.0,0.0,239.0,263.0,90.9,4728.0,1266.0,64.0,70.0,91.4,150.0,157.0,95.5,23.0,32.0,71.9,0.0,0.0,0.0,7.0,0.0,0.0,257.0,5.0,0.0,1.0,0.0,0.0,0.0,0.0,0.0,0.0,1.0,1.0,2.0,0.45,2.0,0.0,0.0,0.0,0.0,0.0,0.0,0.0,0.0,0.0,0.0,0.0,4.0,2.0,3.0,1.0,0.0,3.0,60.0,2.0,3.0,7.0,11.0,23.0,1.0,312.0,38.0,3.0,0.0,,0.0,,163.0,0.0,4.0,0.0,217.0,67.0,20.4,90.0,4,2,22.0,11,1.33,5.0,5.0,0.0,0.0,-0.29,5.8,5.4,0.4,0.09,0.07,0.0,9.0,0.0,0.0,0.0,10.0,14.0,63.6,1.0,1.0,90.0,0.0,0.0,0.0,0.0,0.0,0.0,0.1,0.0,0.0,0.0,0.0,0.0,0.0,0.0,0.0,0.0,0.0,0.0,0.0,0.0,0.0,0.0,0.0,0.0,0.0,0.1,0.0,0.02,0.0,1.47,0.0,0.0,0.0,23.9,26.3,472.8,126.6,6.4,7.0,15.0,15.7,2.3,3.2,0.0,0.0,0.0,0.7,0.0,0.0,25.7,0.5,0.0,0.1,0.0,0.0,0.0,0.0,0.0,0.0,0.1,0.1,0.2,0.04,0.2,0.0,0.0,0.0,0.0,0.0,0.0,0.0,0.0,0.0,0.0,0.0,0.4,0.2,0.3,0.1,0.0,0.3,0.2,0.3,0.7,1.1,2.3,0.1,31.2,3.8,0.3,0.0,0.0,16.3,0.0,0.4,0.0,21.7,0.4,0.2,1.1,0.13,0.5,0.5,0.0,0.0,0.58,0.54,0.04,0.01,0.0,0.9,0.0,0.0,0.0,1.0,1.4
228.0,Gabriel,br BRA,MF,RB Bragantino,33-075,1992.0,21.0,20.0,1649.0,18.3,1.0,0.0,1.0,1.0,0.0,0.0,8.0,0.0,0.4,0.4,0.5,1.0,11.0,70.0,19.0,0.05,0.0,0.05,0.05,0.05,0.02,0.03,0.05,0.02,0.05,Matches,1.0,0.0,0.0,0.22,0.0,0.0,,14.7,0.0,0.02,0.0,0.0,239.0,263.0,90.9,4728.0,1266.0,64.0,70.0,91.4,150.0,157.0,95.5,23.0,32.0,71.9,0.0,0.0,0.0,7.0,0.0,0.0,257.0,5.0,0.0,1.0,0.0,0.0,0.0,0.0,0.0,0.0,1.0,1.0,2.0,0.45,2.0,0.0,0.0,0.0,0.0,0.0,0.0,0.0,0.0,0.0,0.0,0.0,4.0,2.0,3.0,1.0,0.0,3.0,60.0,2.0,3.0,7.0,11.0,23.0,1.0,312.0,38.0,3.0,0.0,,0.0,,163.0,0.0,4.0,0.0,217.0,67.0,20.4,90.0,4,2,22.0,11,1.33,5.0,5.0,0.0,0.0,-0.29,5.8,5.4,0.4,0.09,0.07,0.0,9.0,0.0,0.0,0.0,10.0,14.0,63.6,1.15,1.09,90.11,0.05,0.0,0.05,0.05,0.0,0.0,0.44,0.0,0.02,0.02,0.03,0.05,0.6,3.83,1.04,0.0,0.0,0.0,0.0,0.0,0.0,0.0,0.0,0.0,0.0,0.05,0.0,0.01,0.0,0.8,0.0,0.0,0.0,13.06,14.37,258.36,69.18,3.5,3.83,8.2,8.58,1.26,1.75,0.0,0.0,0.0,0.38,0.0,0.0,14.04,0.27,0.0,0.05,0.0,0.0,0.0,0.0,0.0,0.0,0.05,0.05,0.11,0.02,0.11,0.0,0.0,0.0,0.0,0.0,0.0,0.0,0.0,0.0,0.0,0.0,0.22,0.11,0.16,0.05,0.0,0.16,0.11,0.16,0.38,0.6,1.26,0.05,17.05,2.08,0.16,0.0,0.0,8.91,0.0,0.22,0.0,11.86,0.22,0.11,0.6,0.07,0.27,0.27,0.0,0.0,0.32,0.3,0.02,0.0,0.0,0.49,0.0,0.0,0.0,0.55,0.77
55.0,Gabriel Baralhas,br BRA,MF,Vitória,26-348,1998.0,17.0,15.0,1344.0,14.9,1.0,1.0,2.0,1.0,0.0,0.0,6.0,0.0,0.8,0.8,0.4,1.1,10.0,59.0,18.0,0.07,0.07,0.13,0.07,0.13,0.05,0.02,0.08,0.05,0.08,Matches,17.0,4.0,23.5,1.14,0.27,0.06,0.25,24.8,0.0,0.04,0.2,0.2,463.0,559.0,82.8,7990.0,2338.0,220.0,249.0,88.4,201.0,228.0,88.2,34.0,52.0,65.4,0.7,0.6,11.0,56.0,10.0,1.0,519.0,37.0,0.0,1.0,7.0,16.0,0.0,0.0,0.0,0.0,3.0,10.0,34.0,2.28,28.0,0.0,1.0,2.0,0.0,4.0,0.27,4.0,0.0,0.0,0.0,0.0,29.0,21.0,13.0,13.0,3.0,15.0,55.6,12.0,19.0,24.0,53.0,35.0,0.0,741.0,45.0,9.0,15.0,60.0,9.0,36.0,317.0,0.0,14.0,14.0,390.0,79.0,62.2,85.0,12,2,35.0,1,1.18,16.0,15.0,1.0,0.07,1.94,15.0,18.6,-3.6,-0.24,0.51,0.0,27.0,0.0,1.0,0.0,71.0,12.0,41.4,1.14,1.01,90.2,0.07,0.07,0.13,0.07,0.0,0.0,0.4,0.0,0.05,0.05,0.03,0.07,0.67,3.96,1.21,0.0,0.0,0.01,0.0,0.01,0.0,0.0,0.01,0.0,0.01,1.14,0.27,0.08,0.02,1.66,0.0,0.01,0.01,31.07,37.52,536.24,156.91,14.77,16.71,13.49,15.3,2.28,3.49,0.05,0.04,0.74,3.76,0.67,0.07,34.83,2.48,0.0,0.07,0.47,1.07,0.0,0.0,0.0,0.0,0.2,0.67,2.28,0.15,1.88,0.0,0.07,0.13,0.0,0.27,0.02,0.27,0.0,0.0,0.0,0.0,1.95,1.41,0.87,0.87,0.2,1.01,0.81,1.28,1.61,3.56,2.35,0.0,49.73,3.02,0.6,1.01,0.6,21.28,0.0,0.94,0.94,26.17,0.81,0.13,0.07,0.08,1.07,1.01,0.07,0.0,1.01,1.25,-0.24,-0.02,0.0,1.81,0.0,0.07,0.0,4.77,0.81
58.0,Gabriel Barbosa,br BRA,"FW,MF",Cruzeiro,29-024,1996.0,19.0,4.0,580.0,6.4,5.0,2.0,7.0,4.0,1.0,2.0,3.0,0.0,3.3,1.7,0.9,2.6,9.0,25.0,28.0,0.78,0.31,1.09,0.62,0.93,0.51,0.14,0.65,0.27,0.41,Matches,20.0,11.0,55.0,3.1,1.71,0.2,0.36,21.9,0.0,0.09,1.7,2.3,143.0,170.0,84.1,2243.0,601.0,80.0,86.0,93.0,43.0,51.0,84.3,13.0,18.0,72.2,0.8,1.1,6.0,16.0,5.0,1.0,157.0,12.0,2.0,1.0,6.0,1.0,3.0,0.0,0.0,0.0,1.0,4.0,19.0,2.95,15.0,0.0,1.0,0.0,0.0,4.0,0.62,3.0,0.0,0.0,0.0,0.0,4.0,2.0,0.0,2.0,2.0,0.0,0.0,3.0,5.0,0.0,4.0,1.0,0.0,224.0,1.0,23.0,6.0,50.0,5.0,41.7,133.0,3.0,7.0,3.0,165.0,31.0,26.9,72.0,0,15,19.0,5,2.16,12.0,6.0,6.0,0.93,0.02,10.2,7.8,2.3,0.36,-0.15,0.0,3.0,0.0,0.0,0.0,8.0,0.0,,2.97,0.62,90.62,0.78,0.31,1.09,0.62,0.16,0.31,0.47,0.0,0.52,0.27,0.14,0.41,1.41,3.91,4.38,0.12,0.05,0.17,0.1,0.15,0.08,0.02,0.1,0.04,0.06,3.12,1.72,0.48,0.27,3.42,0.0,0.27,0.36,22.34,26.56,350.47,93.91,12.5,13.44,6.72,7.97,2.03,2.81,0.12,0.17,0.94,2.5,0.78,0.16,24.53,1.88,0.31,0.16,0.94,0.16,0.47,0.0,0.0,0.0,0.16,0.62,2.97,0.46,2.34,0.0,0.16,0.0,0.0,0.62,0.1,0.47,0.0,0.0,0.0,0.0,0.62,0.31,0.0,0.31,0.31,0.0,0.47,0.78,0.0,0.62,0.16,0.0,35.0,0.16,3.59,0.94,0.78,20.78,0.47,1.09,0.47,25.78,0.0,2.34,0.78,0.34,1.88,0.94,0.94,0.15,1.59,1.22,0.36,0.06,0.0,0.47,0.0,0.0,0.0,1.25,0.0
81.0,Gabriel Bontempo,br BRA,"MF,FW",Santos,20-250,2005.0,18.0,9.0,896.0,10.0,1.0,1.0,2.0,1.0,0.0,0.0,1.0,0.0,1.3,1.3,1.6,2.9,19.0,49.0,25.0,0.1,0.1,0.2,0.1,0.2,0.13,0.16,0.3,0.13,0.3,Matches,6.0,1.0,16.7,0.6,0.1,0.17,1.0,13.6,0.0,0.22,-0.3,-0.3,335.0,391.0,85.7,5310.0,1542.0,174.0,192.0,90.6,141.0,158.0,89.2,16.0,23.0,69.6,0.8,-0.6,10.0,29.0,6.0,1.0,379.0,9.0,1.0,1.0,7.0,2.0,0.0,0.0,0.0,0.0,3.0,6.0,30.0,3.01,26.0,1.0,0.0,3.0,0.0,4.0,0.4,4.0,0.0,0.0,0.0,0.0,23.0,13.0,15.0,7.0,1.0,10.0,47.6,11.0,9.0,18.0,41.0,13.0,0.0,514.0,24.0,13.0,9.0,45.0,8.0,40.0,304.0,6.0,22.0,11.0,341.0,50.0,43.3,76.0,2,9,24.0,2,1.17,15.0,19.0,-4.0,-0.4,0.06,14.4,14.9,-0.4,-0.04,0.27,0.0,9.0,0.0,0.0,0.0,42.0,9.0,42.9,1.8,0.9,89.6,0.1,0.1,0.2,0.1,0.0,0.0,0.1,0.0,0.13,0.13,0.16,0.29,1.9,4.9,2.5,0.01,0.01,0.02,0.01,0.02,0.01,0.02,0.03,0.01,0.03,0.6,0.1,0.06,0.01,1.36,0.0,-0.03,-0.03,33.5,39.1,531.0,154.2,17.4,19.2,14.1,15.8,1.6,2.3,0.08,-0.06,1.0,2.9,0.6,0.1,37.9,0.9,0.1,0.1,0.7,0.2,0.0,0.0,0.0,0.0,0.3,0.6,3.0,0.3,2.6,0.1,0.0,0.3,0.0,0.4,0.04,0.4,0.0,0.0,0.0,0.0,2.3,1.3,1.5,0.7,0.1,1.0,1.1,0.9,1.8,4.1,1.3,0.0,51.4,2.4,1.3,0.9,0.8,30.4,0.6,2.2,1.1,34.1,0.2,0.9,0.2,0.12,1.5,1.9,-0.4,-0.04,1.44,1.49,-0.04,-0.0,0.0,0.9,0.0,0.0,0.0,4.2,0.9
90.0,Gabriel Brazão,br BRA,GK,Santos,24-353,2000.0,23.0,23.0,2047.0,22.7,0.0,0.0,0.0,0.0,0.0,0.0,1.0,0.0,0.0,0.0,0.2,0.2,0.0,0.0,0.0,0.0,0.0,0.0,0.0,0.0,0.0,0.01,0.01,0.0,0.01,Matches,0.0,0.0,,0.0,0.0,,,,0.0,,0.0,0.0,417.0,573.0,72.8,11429.0,7854.0,80.0,80.0,100.0,216.0,218.0,99.1,120.0,270.0,44.4,0.0,-0.2,1.0,5.0,0.0,0.0,353.0,217.0,0.0,0.0,0.0,0.0,0.0,0.0,0.0,0.0,3.0,1.0,4.0,0.18,4.0,0.0,0.0,0.0,0.0,1.0,0.04,1.0,0.0,0.0,0.0,0.0,1.0,1.0,1.0,0.0,0.0,1.0,50.0,1.0,0.0,1.0,2.0,22.0,3.0,654.0,578.0,0.0,0.0,,0.0,,304.0,0.0,1.0,0.0,237.0,89.0,98.9,89.0,22,0,,0,1.13,21.0,32.0,-11.0,-0.48,-4.4,25.2,30.1,-4.9,-0.21,-1.87,0.0,0.0,0.0,0.0,0.0,19.0,3.0,100.0,1.01,1.01,90.18,0.0,0.0,0.0,0.0,0.0,0.0,0.04,0.0,0.0,0.0,0.01,0.01,0.0,0.0,0.0,0.0,0.0,0.0,0.0,0.0,0.0,0.0,0.0,0.0,0.0,0.0,0.0,0.0,0.0,,0.0,0.0,0.0,18.37,25.24,503.48,345.99,3.52,3.52,9.52,9.6,5.29,11.89,0.0,-0.01,0.04,0.22,0.0,0.0,15.55,9.56,0.0,0.0,0.0,0.0,0.0,0.0,0.0,0.0,0.13,0.04,0.18,0.01,0.18,0.0,0.0,0.0,0.0,0.04,0.0,0.04,0.0,0.0,0.0,0.0,0.04,0.04,0.04,0.0,0.0,0.04,0.04,0.0,0.04,0.09,0.97,0.13,28.81,25.46,0.0,0.0,0.0,13.39,0.0,0.04,0.0,10.44,0.97,0.0,0.0,0.05,0.93,1.41,-0.48,-0.02,1.11,1.33,-0.22,-0.01,0.0,0.0,0.0,0.0,0.0,0.84,0.13
222.0,Gabriel Fuentes,co COL,DF,Fluminense,28-226,1997.0,8.0,8.0,704.0,7.8,0.0,0.0,0.0,0.0,0.0,0.0,2.0,0.0,0.1,0.1,0.4,0.5,14.0,43.0,51.0,0.0,0.0,0.0,0.0,0.0,0.01,0.05,0.06,0.01,0.06,Matches,5.0,2.0,40.0,0.64,0.26,0.0,0.0,25.4,0.0,0.02,-0.1,-0.1,388.0,466.0,83.3,5963.0,2094.0,203.0,216.0,94.0,142.0,169.0,84.0,28.0,54.0,51.9,0.9,-0.4,9.0,27.0,16.0,5.0,380.0,86.0,0.0,2.0,29.0,61.0,9.0,0.0,2.0,0.0,0.0,5.0,28.0,3.58,20.0,5.0,1.0,1.0,1.0,0.0,0.0,0.0,0.0,0.0,0.0,0.0,18.0,11.0,10.0,6.0,2.0,5.0,71.4,2.0,2.0,10.0,28.0,23.0,0.0,552.0,29.0,19.0,7.0,63.6,4.0,36.4,270.0,6.0,11.0,4.0,336.0,88.0,35.6,88.0,7,0,,4,0.88,9.0,14.0,-5.0,-0.64,-0.78,9.9,9.0,0.9,0.11,0.16,0.0,13.0,0.0,0.0,0.0,22.0,14.0,77.8,1.03,1.03,90.26,0.0,0.0,0.0,0.0,0.0,0.0,0.26,0.0,0.01,0.01,0.05,0.06,1.79,5.51,6.54,0.0,0.0,0.0,0.0,0.0,0.0,0.01,0.01,0.0,0.01,0.64,0.26,0.08,0.03,3.26,0.0,-0.01,-0.01,49.74,59.74,764.49,268.46,26.03,27.69,18.21,21.67,3.59,6.92,0.12,-0.05,1.15,3.46,2.05,0.64,48.72,11.03,0.0,0.26,3.72,7.82,1.15,0.0,0.26,0.0,0.0,0.64,3.59,0.46,2.56,0.64,0.13,0.13,0.13,0.0,0.0,0.0,0.0,0.0,0.0,0.0,2.31,1.41,1.28,0.77,0.26,0.64,0.26,0.26,1.28,3.59,2.95,0.0,70.77,3.72,2.44,0.9,0.51,34.62,0.77,1.41,0.51,43.08,0.9,0.0,0.51,0.11,1.15,1.79,-0.64,-0.08,1.27,1.15,0.12,0.01,0.0,1.67,0.0,0.0,0.0,2.82,1.79
425.0,Gabriel Menino,br BRA,MF,Atlético Mineiro,24-359,2000.0,15.0,8.0,706.0,7.8,1.0,1.0,2.0,1.0,0.0,0.0,1.0,0.0,0.9,0.9,0.8,1.7,22.0,59.0,24.0,0.13,0.13,0.25,0.13,0.25,0.11,0.1,0.22,0.11,0.22,Matches,11.0,4.0,36.4,1.4,0.51,0.09,0.25,17.4,0.0,0.09,0.1,0.1,352.0,440.0,80.0,6155.0,1968.0,140.0,157.0,89.2,146.0,173.0,84.4,44.0,70.0,62.9,1.2,0.2,12.0,49.0,6.0,0.0,396.0,42.0,2.0,5.0,19.0,11.0,11.0,6.0,2.0,0.0,2.0,10.0,23.0,2.93,18.0,3.0,0.0,0.0,0.0,2.0,0.25,1.0,1.0,0.0,0.0,0.0,14.0,6.0,7.0,6.0,1.0,8.0,57.1,6.0,8.0,8.0,22.0,6.0,0.0,515.0,13.0,14.0,3.0,37.5,4.0,50.0,288.0,2.0,15.0,13.0,357.0,47.0,35.7,64.0,1,7,27.0,3,1.07,6.0,7.0,-1.0,-0.13,0.16,7.7,8.7,-1.0,-0.13,-0.33,0.0,10.0,0.0,0.0,0.0,28.0,8.0,72.7,1.92,1.03,90.51,0.13,0.13,0.26,0.13,0.0,0.0,0.13,0.0,0.12,0.12,0.1,0.22,2.82,7.56,3.08,0.02,0.02,0.03,0.02,0.03,0.01,0.01,0.03,0.01,0.03,1.41,0.51,0.18,0.07,2.23,0.0,0.01,0.01,45.13,56.41,789.1,252.31,17.95,20.13,18.72,22.18,5.64,8.97,0.15,0.03,1.54,6.28,0.77,0.0,50.77,5.38,0.26,0.64,2.44,1.41,1.41,0.77,0.26,0.0,0.26,1.28,2.95,0.38,2.31,0.38,0.0,0.0,0.0,0.26,0.03,0.13,0.13,0.0,0.0,0.0,1.79,0.77,0.9,0.77,0.13,1.03,0.77,1.03,1.03,2.82,0.77,0.0,66.03,1.67,1.79,0.38,0.51,36.92,0.26,1.92,1.67,45.77,0.13,0.9,0.38,0.14,0.77,0.9,-0.13,-0.02,0.99,1.12,-0.13,-0.02,0.0,1.28,0.0,0.0,0.0,3.59,1.03
640.0,Gabriel Taliari,br BRA,FW,Juventude,28-163,1997.0,21.0,17.0,1302.0,14.5,4.0,2.0,6.0,4.0,0.0,0.0,2.0,0.0,2.8,2.8,0.8,3.6,14.0,22.0,53.0,0.28,0.14,0.41,0.28,0.41,0.19,0.05,0.25,0.19,0.25,Matches,34.0,10.0,29.4,2.35,0.69,0.12,0.4,19.8,0.0,0.08,1.2,1.2,132.0,200.0,66.0,2079.0,523.0,72.0,93.0,77.4,41.0,56.0,73.2,11.0,17.0,64.7,0.4,1.2,7.0,10.0,4.0,0.0,166.0,32.0,3.0,3.0,8.0,4.0,0.0,0.0,0.0,0.0,2.0,11.0,25.0,1.73,13.0,0.0,1.0,7.0,0.0,2.0,0.14,2.0,0.0,0.0,0.0,0.0,18.0,10.0,7.0,7.0,4.0,8.0,40.0,12.0,11.0,4.0,22.0,9.0,0.0,344.0,17.0,46.0,7.0,41.2,9.0,52.9,198.0,14.0,28.0,27.0,224.0,62.0,62.9,71.0,1,4,25.0,0,1.0,12.0,24.0,-12.0,-0.83,0.81,9.4,23.8,-14.4,-1.0,-0.22,0.0,28.0,0.0,0.0,0.0,35.0,16.0,31.4,1.45,1.17,89.79,0.28,0.14,0.41,0.28,0.0,0.0,0.14,0.0,0.19,0.19,0.06,0.25,0.97,1.52,3.66,0.02,0.01,0.03,0.02,0.03,0.01,0.0,0.02,0.01,0.02,2.34,0.69,0.16,0.05,1.37,0.0,0.08,0.08,9.1,13.79,143.38,36.07,4.97,6.41,2.83,3.86,0.76,1.17,0.03,0.08,0.48,0.69,0.28,0.0,11.45,2.21,0.21,0.21,0.55,0.28,0.0,0.0,0.0,0.0,0.14,0.76,1.72,0.12,0.9,0.0,0.07,0.48,0.0,0.14,0.01,0.14,0.0,0.0,0.0,0.0,1.24,0.69,0.48,0.48,0.28,0.55,0.83,0.76,0.28,1.52,0.62,0.0,23.72,1.17,3.17,0.48,0.62,13.66,0.97,1.93,1.86,15.45,0.07,0.28,0.0,0.07,0.83,1.66,-0.83,-0.06,0.65,1.64,-0.99,-0.07,0.0,1.93,0.0,0.0,0.0,2.41,1.1
663.0,Gabriel Veron,br BRA,"FW,MF",Juventude,23-020,2002.0,11.0,6.0,566.0,6.3,0.0,0.0,0.0,0.0,0.0,0.0,0.0,0.0,0.4,0.4,1.0,1.4,17.0,16.0,39.0,0.0,0.0,0.0,0.0,0.0,0.06,0.16,0.22,0.06,0.22,Matches,3.0,1.0,33.3,2.21,0.74,0.0,0.0,14.4,0.0,0.07,-0.2,-0.2,25.0,36.0,69.4,362.0,134.0,17.0,19.0,89.5,4.0,7.0,57.1,3.0,3.0,100.0,0.2,-0.2,4.0,3.0,4.0,1.0,35.0,1.0,0.0,0.0,1.0,0.0,1.0,0.0,0.0,0.0,0.0,1.0,7.0,5.12,5.0,1.0,0.0,0.0,0.0,0.0,0.0,0.0,0.0,0.0,0.0,0.0,7.0,6.0,4.0,3.0,0.0,3.0,50.0,3.0,0.0,0.0,7.0,0.0,0.0,60.0,0.0,5.0,0.0,0.0,5.0,83.3,33.0,2.0,1.0,4.0,40.0,20.0,5.9,67.0,0,5,11.0,1,0.33,0.0,3.0,-3.0,-2.21,-1.89,1.4,2.6,-1.3,-0.92,-0.78,0.0,1.0,0.0,0.0,0.0,5.0,4.0,57.1,1.75,0.95,89.84,0.0,0.0,0.0,0.0,0.0,0.0,0.0,0.0,0.06,0.06,0.16,0.22,2.7,2.54,6.19,0.0,0.0,0.0,0.0,0.0,0.01,0.03,0.03,0.01,0.03,0.48,0.16,0.35,0.12,2.29,0.0,-0.03,-0.03,3.97,5.71,57.46,21.27,2.7,3.02,0.63,1.11,0.48,0.48,0.03,-0.03,0.63,0.48,0.63,0.16,5.56,0.16,0.0,0.0,0.16,0.0,0.16,0.0,0.0,0.0,0.0,0.16,1.11,0.81,0.79,0.16,0.0,0.0,0.0,0.0,0.0,0.0,0.0,0.0,0.0,0.0,1.11,0.95,0.63,0.48,0.0,0.48,0.48,0.0,0.0,1.11,0.0,0.0,9.52,0.0,0.79,0.0,0.79,5.24,0.32,0.16,0.63,6.35,0.0,0.79,0.16,0.05,0.0,0.48,-0.48,-0.35,0.22,0.41,-0.21,-0.15,0.0,0.16,0.0,0.0,0.0,0.79,0.63
233.0,Ganso,br BRA,MF,Fluminense,35-346,1989.0,14.0,7.0,592.0,6.6,0.0,0.0,0.0,0.0,0.0,0.0,2.0,0.0,0.2,0.2,0.6,0.8,5.0,42.0,20.0,0.0,0.0,0.0,0.0,0.0,0.03,0.09,0.12,0.03,0.12,Matches,4.0,0.0,0.0,0.61,0.0,0.0,,22.0,0.0,0.05,-0.2,-0.2,411.0,470.0,87.4,5722.0,1931.0,257.0,273.0,94.1,131.0,146.0,89.7,11.0,26.0,42.3,1.2,-0.6,7.0,59.0,9.0,1.0,429.0,41.0,2.0,0.0,17.0,11.0,7.0,2.0,4.0,0.0,0.0,8.0,20.0,3.04,17.0,3.0,0.0,0.0,0.0,3.0,0.46,3.0,0.0,0.0,0.0,0.0,10.0,3.0,4.0,4.0,2.0,6.0,60.0,4.0,3.0,0.0,10.0,1.0,0.0,503.0,3.0,4.0,5.0,71.4,2.0,28.6,304.0,1.0,5.0,5.0,406.0,42.0,29.9,63.0,0,7,22.0,1,1.71,10.0,7.0,3.0,0.46,0.85,5.4,5.6,-0.2,-0.03,-0.06,0.0,7.0,0.0,0.0,0.0,25.0,3.0,60.0,2.12,1.06,89.7,0.0,0.0,0.0,0.0,0.0,0.0,0.3,0.0,0.03,0.03,0.09,0.12,0.76,6.36,3.03,0.0,0.0,0.0,0.0,0.0,0.0,0.01,0.02,0.0,0.02,0.61,0.0,0.09,0.0,3.33,0.0,-0.03,-0.03,62.27,71.21,866.97,292.58,38.94,41.36,19.85,22.12,1.67,3.94,0.18,-0.09,1.06,8.94,1.36,0.15,65.0,6.21,0.3,0.0,2.58,1.67,1.06,0.3,0.61,0.0,0.0,1.21,3.03,0.46,2.58,0.45,0.0,0.0,0.0,0.45,0.07,0.45,0.0,0.0,0.0,0.0,1.52,0.45,0.61,0.61,0.3,0.91,0.61,0.45,0.0,1.52,0.15,0.0,76.21,0.45,0.61,0.76,0.3,46.06,0.15,0.76,0.76,61.52,0.0,1.06,0.15,0.26,1.52,1.06,0.45,0.07,0.82,0.85,-0.03,-0.0,0.0,1.06,0.0,0.0,0.0,3.79,0.45
49.0,Gastón Ávila,ar ARG,DF,Fortaleza,23-358,2001.0,13.0,11.0,1081.0,12.0,0.0,0.0,0.0,0.0,0.0,0.0,1.0,0.0,0.3,0.3,0.1,0.4,6.0,33.0,8.0,0.0,0.0,0.0,0.0,0.0,0.03,0.01,0.04,0.03,0.04,Matches,9.0,4.0,44.4,0.75,0.33,0.0,0.0,31.6,5.0,0.04,-0.3,-0.3,418.0,547.0,76.4,8807.0,3799.0,136.0,152.0,89.5,211.0,238.0,88.7,67.0,143.0,46.9,0.3,-0.1,3.0,34.0,5.0,2.0,502.0,44.0,0.0,11.0,17.0,23.0,0.0,0.0,0.0,0.0,1.0,3.0,11.0,0.92,7.0,2.0,0.0,1.0,0.0,0.0,0.0,0.0,0.0,0.0,0.0,0.0,34.0,23.0,21.0,12.0,1.0,27.0,61.4,17.0,3.0,15.0,49.0,46.0,0.0,685.0,75.0,10.0,2.0,40.0,2.0,40.0,363.0,1.0,12.0,3.0,420.0,83.0,52.2,90.0,11,2,46.0,4,0.77,15.0,22.0,-7.0,-0.58,0.15,16.0,18.8,-2.9,-0.24,0.14,0.0,10.0,0.0,0.0,0.0,32.0,15.0,38.5,1.08,0.92,90.08,0.0,0.0,0.0,0.0,0.0,0.0,0.08,0.0,0.02,0.02,0.01,0.03,0.5,2.75,0.67,0.0,0.0,0.0,0.0,0.0,0.0,0.0,0.0,0.0,0.0,0.75,0.33,0.06,0.03,2.63,0.42,-0.02,-0.02,34.83,45.58,733.92,316.58,11.33,12.67,17.58,19.83,5.58,11.92,0.02,-0.01,0.25,2.83,0.42,0.17,41.83,3.67,0.0,0.92,1.42,1.92,0.0,0.0,0.0,0.0,0.08,0.25,0.92,0.08,0.58,0.17,0.0,0.08,0.0,0.0,0.0,0.0,0.0,0.0,0.0,0.0,2.83,1.92,1.75,1.0,0.08,2.25,1.42,0.25,1.25,4.08,3.83,0.0,57.08,6.25,0.83,0.17,0.17,30.25,0.08,1.0,0.25,35.0,0.92,0.17,0.33,0.06,1.25,1.83,-0.58,-0.05,1.33,1.57,-0.24,-0.02,0.0,0.83,0.0,0.0,0.0,2.67,1.25
106.0,Germán Cano,ar ARG,FW,Fluminense,37-233,1988.0,15.0,14.0,1147.0,12.7,5.0,0.0,5.0,4.0,1.0,1.0,1.0,0.0,3.4,2.6,0.6,3.3,4.0,20.0,42.0,0.39,0.0,0.39,0.31,0.31,0.27,0.05,0.32,0.21,0.26,Matches,32.0,8.0,25.0,2.51,0.63,0.13,0.5,20.0,0.0,0.08,1.6,1.4,215.0,281.0,76.5,3364.0,570.0,127.0,155.0,81.9,59.0,72.0,81.9,21.0,32.0,65.6,0.7,-0.6,8.0,17.0,3.0,2.0,249.0,32.0,1.0,7.0,9.0,1.0,0.0,0.0,0.0,0.0,0.0,6.0,16.0,1.26,12.0,0.0,1.0,1.0,0.0,0.0,0.0,0.0,0.0,0.0,0.0,0.0,4.0,4.0,1.0,3.0,0.0,1.0,16.7,5.0,5.0,2.0,6.0,6.0,0.0,361.0,4.0,34.0,2.0,50.0,2.0,50.0,178.0,1.0,19.0,6.0,250.0,76.0,57.9,81.0,4,1,8.0,1,1.4,12.0,16.0,-4.0,-0.31,-0.42,10.8,11.8,-1.1,-0.08,-0.21,0.0,7.0,0.0,0.0,0.0,33.0,7.0,26.9,1.18,1.1,90.31,0.39,0.0,0.39,0.31,0.08,0.08,0.08,0.0,0.27,0.2,0.05,0.26,0.31,1.57,3.31,0.03,0.0,0.03,0.02,0.02,0.02,0.0,0.03,0.02,0.02,2.52,0.63,0.2,0.05,1.57,0.0,0.13,0.11,16.93,22.13,264.88,44.88,10.0,12.2,4.65,5.67,1.65,2.52,0.06,-0.05,0.63,1.34,0.24,0.16,19.61,2.52,0.08,0.55,0.71,0.08,0.0,0.0,0.0,0.0,0.0,0.47,1.26,0.1,0.94,0.0,0.08,0.08,0.0,0.0,0.0,0.0,0.0,0.0,0.0,0.0,0.31,0.31,0.08,0.24,0.0,0.08,0.39,0.39,0.16,0.47,0.47,0.0,28.43,0.31,2.68,0.16,0.16,14.02,0.08,1.5,0.47,19.69,0.31,0.08,0.08,0.11,0.94,1.26,-0.31,-0.02,0.85,0.93,-0.09,-0.01,0.0,0.55,0.0,0.0,0.0,2.6,0.55
237.0,Gerson,br BRA,"FW,MF",Flamengo,28-126,1997.0,9.0,9.0,711.0,7.9,0.0,2.0,2.0,0.0,0.0,0.0,0.0,1.0,0.7,0.7,1.6,2.3,11.0,60.0,45.0,0.0,0.25,0.25,0.0,0.25,0.09,0.21,0.3,0.09,0.3,Matches,7.0,4.0,57.1,0.89,0.51,0.0,0.0,15.7,0.0,0.1,-0.7,-0.7,386.0,427.0,90.4,6470.0,1722.0,205.0,219.0,93.6,148.0,156.0,94.9,31.0,39.0,79.5,1.5,0.4,13.0,36.0,17.0,1.0,403.0,22.0,3.0,6.0,4.0,6.0,5.0,0.0,0.0,0.0,2.0,4.0,23.0,2.91,21.0,1.0,1.0,0.0,0.0,4.0,0.51,4.0,0.0,0.0,0.0,0.0,17.0,14.0,5.0,7.0,5.0,9.0,64.3,5.0,6.0,5.0,22.0,3.0,0.0,494.0,10.0,22.0,7.0,46.7,7.0,46.7,312.0,5.0,9.0,12.0,393.0,79.0,34.3,79.0,2,0,,0,2.44,20.0,2.0,18.0,2.28,1.02,12.1,3.6,8.6,1.08,0.35,0.0,9.0,0.0,0.0,0.0,30.0,3.0,75.0,1.14,1.14,90.0,0.0,0.25,0.25,0.0,0.0,0.0,0.0,0.13,0.09,0.09,0.2,0.29,1.39,7.59,5.7,0.0,0.03,0.03,0.0,0.03,0.01,0.03,0.04,0.01,0.04,0.89,0.51,0.11,0.06,1.99,0.0,-0.09,-0.09,48.86,54.05,818.99,217.97,25.95,27.72,18.73,19.75,3.92,4.94,0.19,0.05,1.65,4.56,2.15,0.13,51.01,2.78,0.38,0.76,0.51,0.76,0.63,0.0,0.0,0.0,0.25,0.51,2.91,0.37,2.66,0.13,0.13,0.0,0.0,0.51,0.06,0.51,0.0,0.0,0.0,0.0,2.15,1.77,0.63,0.89,0.63,1.14,0.63,0.76,0.63,2.78,0.38,0.0,62.53,1.27,2.78,0.89,0.89,39.49,0.63,1.14,1.52,49.75,0.25,0.0,0.0,0.31,2.53,0.25,2.28,0.29,1.53,0.46,1.09,0.14,0.0,1.14,0.0,0.0,0.0,3.8,0.38
239.0,Gil,br BRA,DF,Santos,38-103,1987.0,8.0,8.0,720.0,8.0,0.0,0.0,0.0,0.0,0.0,0.0,3.0,0.0,0.4,0.4,0.0,0.4,0.0,7.0,3.0,0.0,0.0,0.0,0.0,0.0,0.05,0.0,0.05,0.05,0.05,Matches,6.0,0.0,0.0,0.75,0.0,0.0,,11.3,0.0,0.07,-0.4,-0.4,257.0,282.0,91.1,4673.0,1790.0,101.0,106.0,95.3,140.0,144.0,97.2,14.0,26.0,53.8,0.0,0.0,0.0,14.0,0.0,0.0,264.0,17.0,0.0,0.0,0.0,0.0,0.0,0.0,0.0,0.0,1.0,2.0,1.0,0.12,1.0,0.0,0.0,0.0,0.0,0.0,0.0,0.0,0.0,0.0,0.0,0.0,17.0,9.0,15.0,1.0,1.0,10.0,66.7,5.0,3.0,7.0,24.0,30.0,0.0,359.0,75.0,11.0,1.0,100.0,0.0,0.0,192.0,0.0,4.0,0.0,230.0,90.0,34.8,90.0,8,0,,5,1.11,13.0,13.0,0.0,0.0,0.67,12.1,12.1,-0.1,-0.01,0.29,0.0,7.0,0.0,0.0,0.0,27.0,15.0,75.0,1.0,1.0,90.0,0.0,0.0,0.0,0.0,0.0,0.0,0.38,0.0,0.05,0.05,0.0,0.05,0.0,0.88,0.38,0.0,0.0,0.0,0.0,0.0,0.01,0.0,0.01,0.01,0.01,0.75,0.0,0.09,0.0,1.41,0.0,-0.05,-0.05,32.12,35.25,584.12,223.75,12.62,13.25,17.5,18.0,1.75,3.25,0.0,0.0,0.0,1.75,0.0,0.0,33.0,2.12,0.0,0.0,0.0,0.0,0.0,0.0,0.0,0.0,0.12,0.25,0.12,0.02,0.12,0.0,0.0,0.0,0.0,0.0,0.0,0.0,0.0,0.0,0.0,0.0,2.12,1.12,1.88,0.12,0.12,1.25,0.62,0.38,0.88,3.0,3.75,0.0,44.88,9.38,1.38,0.12,0.0,24.0,0.0,0.5,0.0,28.75,1.0,0.0,0.62,0.14,1.62,1.62,0.0,0.0,1.51,1.51,-0.01,-0.0,0.0,0.88,0.0,0.0,0.0,3.38,1.88
240.0,Gilberto,br BRA,DF,Bahia,32-200,1993.0,15.0,14.0,1191.0,13.2,1.0,0.0,1.0,1.0,0.0,0.0,3.0,0.0,0.4,0.4,0.7,1.2,22.0,58.0,33.0,0.08,0.0,0.08,0.08,0.08,0.03,0.06,0.09,0.03,0.09,Matches,7.0,2.0,28.6,0.53,0.15,0.14,0.5,17.5,0.0,0.06,0.6,0.6,666.0,784.0,84.9,11119.0,3154.0,317.0,351.0,90.3,289.0,327.0,88.4,47.0,65.0,72.3,1.5,-0.7,11.0,51.0,10.0,4.0,690.0,94.0,2.0,6.0,26.0,80.0,1.0,0.0,0.0,0.0,0.0,16.0,33.0,2.49,30.0,0.0,1.0,2.0,0.0,2.0,0.15,2.0,0.0,0.0,0.0,0.0,32.0,23.0,22.0,9.0,1.0,21.0,65.6,11.0,2.0,11.0,43.0,44.0,2.0,917.0,58.0,25.0,13.0,68.4,5.0,26.3,478.0,4.0,15.0,9.0,599.0,79.0,60.2,84.0,9,1,20.0,2,1.8,20.0,14.0,6.0,0.45,0.57,19.6,14.8,4.8,0.36,0.82,0.0,11.0,0.0,0.0,0.0,56.0,15.0,46.9,1.14,1.06,90.23,0.08,0.0,0.08,0.08,0.0,0.0,0.23,0.0,0.03,0.03,0.05,0.09,1.67,4.39,2.5,0.01,0.0,0.01,0.01,0.01,0.0,0.0,0.01,0.0,0.01,0.53,0.15,0.04,0.01,1.33,0.0,0.05,0.05,50.45,59.39,842.35,238.94,24.02,26.59,21.89,24.77,3.56,4.92,0.11,-0.05,0.83,3.86,0.76,0.3,52.27,7.12,0.15,0.45,1.97,6.06,0.08,0.0,0.0,0.0,0.0,1.21,2.5,0.19,2.27,0.0,0.08,0.15,0.0,0.15,0.01,0.15,0.0,0.0,0.0,0.0,2.42,1.74,1.67,0.68,0.08,1.59,0.83,0.15,0.83,3.26,3.33,0.15,69.47,4.39,1.89,0.98,0.38,36.21,0.3,1.14,0.68,45.38,0.68,0.08,0.15,0.14,1.52,1.06,0.45,0.03,1.48,1.12,0.36,0.03,0.0,0.83,0.0,0.0,0.0,4.24,1.14
241.0,Gilberto,br BRA,FW,Juventude,36-110,1989.0,15.0,9.0,702.0,7.8,2.0,1.0,3.0,2.0,0.0,0.0,4.0,0.0,1.5,1.5,0.2,1.7,3.0,8.0,18.0,0.26,0.13,0.38,0.26,0.38,0.19,0.02,0.21,0.19,0.21,Matches,7.0,2.0,28.6,0.53,0.15,0.14,0.5,17.5,0.0,0.06,0.6,0.6,666.0,784.0,84.9,11119.0,3154.0,317.0,351.0,90.3,289.0,327.0,88.4,47.0,65.0,72.3,1.5,-0.7,11.0,51.0,10.0,4.0,690.0,94.0,2.0,6.0,26.0,80.0,1.0,0.0,0.0,0.0,0.0,16.0,33.0,2.49,30.0,0.0,1.0,2.0,0.0,2.0,0.15,2.0,0.0,0.0,0.0,0.0,32.0,23.0,22.0,9.0,1.0,21.0,65.6,11.0,2.0,11.0,43.0,44.0,2.0,917.0,58.0,25.0,13.0,68.4,5.0,26.3,478.0,4.0,15.0,9.0,599.0,79.0,60.2,84.0,9,1,20.0,2,1.8,20.0,14.0,6.0,0.45,0.57,19.6,14.8,4.8,0.36,0.82,0.0,11.0,0.0,0.0,0.0,56.0,15.0,46.9,1.92,1.15,90.0,0.26,0.13,0.38,0.26,0.0,0.0,0.51,0.0,0.19,0.19,0.03,0.22,0.38,1.03,2.31,0.03,0.02,0.05,0.03,0.05,0.02,0.0,0.03,0.02,0.03,0.9,0.26,0.07,0.02,2.24,0.0,0.08,0.08,85.38,100.51,1425.51,404.36,40.64,45.0,37.05,41.92,6.03,8.33,0.19,-0.09,1.41,6.54,1.28,0.51,88.46,12.05,0.26,0.77,3.33,10.26,0.13,0.0,0.0,0.0,0.0,2.05,4.23,0.32,3.85,0.0,0.13,0.26,0.0,0.26,0.02,0.26,0.0,0.0,0.0,0.0,4.1,2.95,2.82,1.15,0.13,2.69,1.41,0.26,1.41,5.51,5.64,0.26,117.56,7.44,3.21,1.67,0.64,61.28,0.51,1.92,1.15,76.79,1.15,0.13,0.26,0.23,2.56,1.79,0.77,0.06,2.51,1.9,0.62,0.05,0.0,1.41,0.0,0.0,0.0,7.18,1.92
153.0,Giorgian De Arrascaeta,uy URU,"MF,FW",Flamengo,31-114,1994.0,21.0,20.0,1525.0,16.9,13.0,10.0,23.0,12.0,1.0,1.0,2.0,0.0,5.8,5.0,5.3,10.2,33.0,95.0,163.0,0.77,0.59,1.36,0.71,1.3,0.34,0.31,0.65,0.29,0.6,Matches,44.0,16.0,36.4,2.6,0.94,0.27,0.75,17.9,2.0,0.12,7.2,7.0,656.0,873.0,75.1,10133.0,2616.0,363.0,411.0,88.3,228.0,289.0,78.9,44.0,121.0,36.4,5.8,4.7,42.0,64.0,32.0,6.0,760.0,112.0,5.0,4.0,111.0,10.0,66.0,27.0,24.0,0.0,1.0,16.0,86.0,5.07,54.0,13.0,6.0,7.0,1.0,19.0,1.12,9.0,3.0,3.0,3.0,1.0,24.0,12.0,6.0,13.0,5.0,5.0,33.3,10.0,3.0,4.0,28.0,6.0,0.0,1026.0,6.0,67.0,27.0,55.1,16.0,32.7,597.0,7.0,33.0,24.0,785.0,73.0,73.7,75.0,3,1,26.0,0,2.33,35.0,5.0,30.0,1.77,0.61,24.9,11.1,13.8,0.81,-0.15,0.0,9.0,2.0,0.0,0.0,47.0,10.0,47.6,1.24,1.18,90.24,0.77,0.59,1.36,0.71,0.06,0.06,0.12,0.0,0.34,0.3,0.31,0.6,1.95,5.62,9.64,0.05,0.03,0.08,0.04,0.08,0.02,0.02,0.04,0.02,0.04,2.6,0.95,0.15,0.06,1.06,0.12,0.43,0.41,38.82,51.66,599.59,154.79,21.48,24.32,13.49,17.1,2.6,7.16,0.34,0.28,2.49,3.79,1.89,0.36,44.97,6.63,0.3,0.24,6.57,0.59,3.91,1.6,1.42,0.0,0.06,0.95,5.09,0.3,3.2,0.77,0.36,0.41,0.06,1.12,0.07,0.53,0.18,0.18,0.18,0.06,1.42,0.71,0.36,0.77,0.3,0.3,0.59,0.18,0.24,1.66,0.36,0.0,60.71,0.36,3.96,1.6,0.95,35.33,0.41,1.95,1.42,46.45,0.18,0.06,0.0,0.14,2.07,0.3,1.78,0.1,1.47,0.66,0.82,0.05,0.0,0.53,0.12,0.0,0.0,2.78,0.59
185.0,Gonzalo Escobar,ar ARG,DF,Santos,28-191,1997.0,21.0,17.0,1542.0,17.1,0.0,0.0,0.0,0.0,0.0,0.0,6.0,1.0,0.4,0.4,1.0,1.4,23.0,70.0,58.0,0.0,0.0,0.0,0.0,0.0,0.03,0.06,0.08,0.03,0.08,Matches,10.0,1.0,10.0,0.58,0.06,0.0,0.0,20.4,0.0,0.04,-0.4,-0.4,717.0,880.0,81.5,11303.0,4159.0,374.0,402.0,93.0,270.0,323.0,83.6,49.0,90.0,54.4,1.2,-1.0,14.0,46.0,16.0,11.0,732.0,146.0,0.0,2.0,42.0,132.0,0.0,0.0,0.0,0.0,2.0,30.0,35.0,2.04,25.0,2.0,4.0,2.0,1.0,0.0,0.0,0.0,0.0,0.0,0.0,0.0,68.0,50.0,43.0,22.0,3.0,42.0,79.2,11.0,17.0,32.0,100.0,75.0,1.0,1141.0,49.0,15.0,18.0,58.1,13.0,41.9,565.0,3.0,22.0,6.0,593.0,73.0,74.5,87.0,13,4,15.0,0,1.05,15.0,24.0,-9.0,-0.53,-0.35,17.5,19.8,-2.3,-0.14,0.22,1.0,28.0,0.0,2.0,0.0,97.0,16.0,37.2,1.23,0.99,90.18,0.0,0.0,0.0,0.0,0.0,0.0,0.35,0.06,0.02,0.02,0.06,0.08,1.35,4.09,3.39,0.0,0.0,0.0,0.0,0.0,0.0,0.0,0.0,0.0,0.0,0.58,0.06,0.03,0.0,1.19,0.0,-0.02,-0.02,41.93,51.46,660.99,243.22,21.87,23.51,15.79,18.89,2.87,5.26,0.07,-0.06,0.82,2.69,0.94,0.64,42.81,8.54,0.0,0.12,2.46,7.72,0.0,0.0,0.0,0.0,0.12,1.75,2.05,0.12,1.46,0.12,0.23,0.12,0.06,0.0,0.0,0.0,0.0,0.0,0.0,0.0,3.98,2.92,2.51,1.29,0.18,2.46,0.64,0.99,1.87,5.85,4.39,0.06,66.73,2.87,0.88,1.05,0.76,33.04,0.18,1.29,0.35,34.68,0.76,0.23,0.0,0.06,0.88,1.4,-0.53,-0.03,1.02,1.16,-0.13,-0.01,0.06,1.64,0.0,0.12,0.0,5.67,0.94
509.0,Gonzalo Plata,ec ECU,FW,Flamengo,24-326,2000.0,16.0,9.0,866.0,9.6,3.0,1.0,4.0,3.0,0.0,0.0,0.0,0.0,2.7,2.7,1.6,4.3,20.0,41.0,99.0,0.31,0.1,0.42,0.31,0.42,0.29,0.16,0.45,0.29,0.45,Matches,22.0,8.0,36.4,2.29,0.83,0.14,0.38,17.2,2.0,0.12,0.3,0.3,351.0,420.0,83.6,4620.0,1087.0,233.0,261.0,89.3,101.0,119.0,84.9,8.0,13.0,61.5,1.5,-0.6,23.0,40.0,13.0,1.0,409.0,10.0,2.0,0.0,11.0,4.0,2.0,1.0,1.0,0.0,1.0,10.0,44.0,4.57,39.0,0.0,0.0,3.0,1.0,2.0,0.21,2.0,0.0,0.0,0.0,0.0,19.0,15.0,11.0,4.0,4.0,4.0,30.8,9.0,9.0,1.0,20.0,4.0,0.0,533.0,3.0,52.0,13.0,54.2,8.0,33.3,310.0,6.0,26.0,17.0,411.0,54.0,41.8,75.0,3,7,28.0,0,2.19,20.0,6.0,14.0,1.45,-0.26,14.6,7.3,7.3,0.76,-0.16,0.0,15.0,0.0,0.0,0.0,33.0,8.0,33.3,1.67,0.94,90.21,0.31,0.1,0.42,0.31,0.0,0.0,0.0,0.0,0.28,0.28,0.17,0.45,2.08,4.27,10.31,0.03,0.01,0.04,0.03,0.04,0.03,0.02,0.05,0.03,0.05,2.29,0.83,0.24,0.09,1.79,0.21,0.03,0.03,36.56,43.75,481.25,113.23,24.27,27.19,10.52,12.4,0.83,1.35,0.16,-0.06,2.4,4.17,1.35,0.1,42.6,1.04,0.21,0.0,1.15,0.42,0.21,0.1,0.1,0.0,0.1,1.04,4.58,0.48,4.06,0.0,0.0,0.31,0.1,0.21,0.02,0.21,0.0,0.0,0.0,0.0,1.98,1.56,1.15,0.42,0.42,0.42,0.94,0.94,0.1,2.08,0.42,0.0,55.52,0.31,5.42,1.35,0.83,32.29,0.62,2.71,1.77,42.81,0.31,0.73,0.0,0.23,2.08,0.62,1.46,0.15,1.52,0.76,0.76,0.08,0.0,1.56,0.0,0.0,0.0,3.44,0.83
253.0,Gregore,br BRA,MF,Botafogo (RJ),31-205,1994.0,12.0,11.0,982.0,10.9,0.0,0.0,0.0,0.0,0.0,0.0,3.0,0.0,0.2,0.2,0.6,0.8,11.0,67.0,10.0,0.0,0.0,0.0,0.0,0.0,0.02,0.05,0.07,0.02,0.07,Matches,8.0,1.0,12.5,0.73,0.09,0.0,0.0,21.6,0.0,0.03,-0.2,-0.2,670.0,740.0,90.5,11814.0,3839.0,293.0,312.0,93.9,298.0,323.0,92.3,61.0,79.0,77.2,0.6,-0.6,10.0,77.0,5.0,2.0,714.0,24.0,1.0,1.0,7.0,4.0,0.0,0.0,0.0,0.0,2.0,5.0,26.0,2.38,23.0,1.0,0.0,0.0,2.0,1.0,0.09,1.0,0.0,0.0,0.0,0.0,48.0,28.0,21.0,18.0,9.0,21.0,60.0,14.0,10.0,13.0,61.0,19.0,0.0,864.0,32.0,7.0,4.0,57.1,2.0,28.6,506.0,2.0,6.0,7.0,609.0,82.0,47.4,87.0,9,1,29.0,0,1.83,15.0,6.0,9.0,0.82,0.16,13.1,9.4,3.7,0.33,0.0,0.0,45.0,0.0,0.0,0.0,61.0,16.0,48.5,1.1,1.01,90.09,0.0,0.0,0.0,0.0,0.0,0.0,0.28,0.0,0.02,0.02,0.06,0.07,1.01,6.15,0.92,0.0,0.0,0.0,0.0,0.0,0.0,0.0,0.01,0.0,0.01,0.73,0.09,0.07,0.01,1.98,0.0,-0.02,-0.02,61.47,67.89,1083.85,352.2,26.88,28.62,27.34,29.63,5.6,7.25,0.06,-0.06,0.92,7.06,0.46,0.18,65.5,2.2,0.09,0.09,0.64,0.37,0.0,0.0,0.0,0.0,0.18,0.46,2.39,0.22,2.11,0.09,0.0,0.0,0.18,0.09,0.01,0.09,0.0,0.0,0.0,0.0,4.4,2.57,1.93,1.65,0.83,1.93,1.28,0.92,1.19,5.6,1.74,0.0,79.27,2.94,0.64,0.37,0.18,46.42,0.18,0.55,0.64,55.87,0.83,0.09,0.0,0.17,1.38,0.55,0.83,0.08,1.2,0.86,0.34,0.03,0.0,4.13,0.0,0.0,0.0,5.6,1.47
254.0,Guga,br BRA,DF,Fluminense,27-025,1998.0,12.0,9.0,791.0,8.8,1.0,1.0,2.0,1.0,0.0,0.0,1.0,0.0,0.1,0.1,0.9,1.0,10.0,42.0,21.0,0.11,0.11,0.23,0.11,0.23,0.02,0.1,0.12,0.02,0.12,Matches,4.0,2.0,50.0,0.46,0.23,0.25,0.5,23.1,1.0,0.04,0.9,0.9,465.0,577.0,80.6,7405.0,2444.0,234.0,264.0,88.6,188.0,223.0,84.3,29.0,69.0,42.0,1.0,0.1,6.0,30.0,10.0,4.0,473.0,104.0,2.0,6.0,16.0,87.0,0.0,0.0,0.0,0.0,0.0,6.0,20.0,2.28,15.0,2.0,0.0,1.0,0.0,3.0,0.34,1.0,1.0,0.0,0.0,0.0,19.0,13.0,11.0,8.0,0.0,11.0,55.0,9.0,14.0,7.0,26.0,15.0,1.0,661.0,22.0,5.0,5.0,83.3,1.0,16.7,360.0,0.0,8.0,11.0,407.0,66.0,39.9,84.0,7,3,12.0,6,1.67,11.0,12.0,-1.0,-0.11,0.04,7.6,9.1,-1.5,-0.17,-0.3,0.0,5.0,0.0,0.0,0.0,40.0,15.0,55.6,1.36,1.02,89.89,0.11,0.11,0.23,0.11,0.0,0.0,0.11,0.0,0.01,0.01,0.1,0.11,1.14,4.77,2.39,0.01,0.01,0.03,0.01,0.03,0.0,0.01,0.01,0.0,0.01,0.45,0.23,0.05,0.03,2.62,0.11,0.1,0.1,52.84,65.57,841.48,277.73,26.59,30.0,21.36,25.34,3.3,7.84,0.11,0.01,0.68,3.41,1.14,0.45,53.75,11.82,0.23,0.68,1.82,9.89,0.0,0.0,0.0,0.0,0.0,0.68,2.27,0.26,1.7,0.23,0.0,0.11,0.0,0.34,0.04,0.11,0.11,0.0,0.0,0.0,2.16,1.48,1.25,0.91,0.0,1.25,1.02,1.59,0.8,2.95,1.7,0.11,75.11,2.5,0.57,0.57,0.11,40.91,0.0,0.91,1.25,46.25,0.8,0.34,0.68,0.19,1.25,1.36,-0.11,-0.01,0.86,1.03,-0.17,-0.02,0.0,0.57,0.0,0.0,0.0,4.55,1.7
448.0,Gui Negão,br BRA,FW,Corinthians,18-229,2007.0,9.0,5.0,449.0,5.0,2.0,0.0,2.0,2.0,0.0,0.0,3.0,0.0,1.4,1.4,0.2,1.7,4.0,8.0,30.0,0.4,0.0,0.4,0.4,0.4,0.29,0.05,0.33,0.29,0.33,Matches,4.0,2.0,50.0,0.8,0.4,0.5,1.0,11.4,0.0,0.36,0.6,0.6,47.0,77.0,61.0,641.0,170.0,25.0,35.0,71.4,19.0,30.0,63.3,0.0,2.0,0.0,0.2,-0.2,3.0,6.0,1.0,0.0,75.0,1.0,0.0,0.0,5.0,0.0,0.0,0.0,0.0,0.0,1.0,1.0,9.0,1.8,6.0,0.0,0.0,3.0,0.0,1.0,0.2,0.0,0.0,0.0,1.0,0.0,4.0,2.0,2.0,2.0,0.0,1.0,25.0,3.0,4.0,4.0,8.0,4.0,0.0,138.0,4.0,15.0,2.0,15.4,10.0,76.9,86.0,1.0,17.0,6.0,93.0,50.0,20.8,78.0,1,4,15.0,3,1.22,6.0,5.0,1.0,0.2,0.52,6.0,6.7,-0.7,-0.14,-0.03,0.0,19.0,0.0,0.0,0.0,16.0,3.0,17.6,1.8,1.0,89.8,0.4,0.0,0.4,0.4,0.0,0.0,0.6,0.0,0.28,0.28,0.04,0.34,0.8,1.6,6.0,0.08,0.0,0.08,0.08,0.08,0.06,0.01,0.07,0.06,0.07,0.8,0.4,0.16,0.08,2.28,0.0,0.12,0.12,9.4,15.4,128.2,34.0,5.0,7.0,3.8,6.0,0.0,0.4,0.04,-0.04,0.6,1.2,0.2,0.0,15.0,0.2,0.0,0.0,1.0,0.0,0.0,0.0,0.0,0.0,0.2,0.2,1.8,0.36,1.2,0.0,0.0,0.6,0.0,0.2,0.04,0.0,0.0,0.0,0.2,0.0,0.8,0.4,0.4,0.4,0.0,0.2,0.6,0.8,0.8,1.6,0.8,0.0,27.6,0.8,3.0,0.4,2.0,17.2,0.2,3.4,1.2,18.6,0.2,0.8,0.6,0.24,1.2,1.0,0.2,0.04,1.2,1.34,-0.14,-0.03,0.0,3.8,0.0,0.0,0.0,3.2,0.6
255.0,Guilherme,br BRA,"FW,MF",Santos,30-163,1995.0,17.0,17.0,1315.0,14.6,4.0,2.0,6.0,4.0,0.0,0.0,0.0,0.0,4.0,4.0,2.2,6.2,52.0,42.0,131.0,0.27,0.14,0.41,0.27,0.41,0.27,0.15,0.43,0.27,0.43,Matches,39.0,13.0,33.3,2.67,0.89,0.1,0.31,17.9,2.0,0.1,0.0,0.0,354.0,500.0,70.8,5478.0,1569.0,198.0,236.0,83.9,119.0,180.0,66.1,25.0,49.0,51.0,1.8,-0.2,15.0,27.0,16.0,3.0,463.0,36.0,1.0,3.0,44.0,13.0,16.0,6.0,5.0,0.0,1.0,13.0,39.0,2.67,24.0,4.0,4.0,2.0,0.0,2.0,0.14,2.0,0.0,0.0,0.0,0.0,28.0,16.0,15.0,7.0,6.0,10.0,55.6,8.0,24.0,9.0,37.0,31.0,0.0,695.0,26.0,66.0,16.0,48.5,13.0,39.4,400.0,19.0,36.0,19.0,461.0,,,,0,0,,2,,,,,,,,,,,,0.0,9.0,0.0,0.0,0.0,63.0,36.0,66.7,1.16,1.16,90.07,0.27,0.14,0.41,0.27,0.0,0.0,0.0,0.0,0.27,0.27,0.15,0.42,3.56,2.88,8.97,0.02,0.01,0.03,0.02,0.03,0.02,0.01,0.03,0.02,0.03,2.67,0.89,0.18,0.06,1.23,0.14,0.0,0.0,24.25,34.25,375.21,107.47,13.56,16.16,8.15,12.33,1.71,3.36,0.12,-0.01,1.03,1.85,1.1,0.21,31.71,2.47,0.07,0.21,3.01,0.89,1.1,0.41,0.34,0.0,0.07,0.89,2.67,0.18,1.64,0.27,0.27,0.14,0.0,0.14,0.01,0.14,0.0,0.0,0.0,0.0,1.92,1.1,1.03,0.48,0.41,0.68,0.55,1.64,0.62,2.53,2.12,0.0,47.6,1.78,4.52,1.1,0.89,27.4,1.3,2.47,1.3,31.58,0.0,0.0,0.14,,,,,,,,,,0.0,0.62,0.0,0.0,0.0,4.32,2.47
256.0,Guilherme,br BRA,DF,RB Bragantino,23-221,2002.0,9.0,7.0,616.0,6.8,1.0,1.0,2.0,1.0,0.0,0.0,2.0,0.0,0.6,0.6,0.7,1.3,17.0,15.0,24.0,0.15,0.15,0.29,0.15,0.29,0.09,0.1,0.19,0.09,0.19,Matches,39.0,13.0,33.3,2.67,0.89,0.1,0.31,17.9,2.0,0.1,0.0,0.0,354.0,500.0,70.8,5478.0,1569.0,198.0,236.0,83.9,119.0,180.0,66.1,25.0,49.0,51.0,1.8,-0.2,15.0,27.0,16.0,3.0,463.0,36.0,1.0,3.0,44.0,13.0,16.0,6.0,5.0,0.0,1.0,13.0,39.0,2.67,24.0,4.0,4.0,2.0,0.0,2.0,0.14,2.0,0.0,0.0,0.0,0.0,28.0,16.0,15.0,7.0,6.0,10.0,55.6,8.0,24.0,9.0,37.0,31.0,0.0,695.0,26.0,66.0,16.0,48.5,13.0,39.4,400.0,19.0,36.0,19.0,461.0,,,,0,0,,2,,,,,,,,,,,,0.0,9.0,0.0,0.0,0.0,63.0,36.0,66.7,1.32,1.03,90.59,0.15,0.15,0.29,0.15,0.0,0.0,0.29,0.0,0.09,0.09,0.1,0.19,2.5,2.21,3.53,0.02,0.02,0.04,0.02,0.04,0.01,0.01,0.03,0.01,0.03,5.74,1.91,0.39,0.13,2.63,0.29,0.0,0.0,52.06,73.53,805.59,230.74,29.12,34.71,17.5,26.47,3.68,7.21,0.26,-0.03,2.21,3.97,2.35,0.44,68.09,5.29,0.15,0.44,6.47,1.91,2.35,0.88,0.74,0.0,0.15,1.91,5.74,0.39,3.53,0.59,0.59,0.29,0.0,0.29,0.02,0.29,0.0,0.0,0.0,0.0,4.12,2.35,2.21,1.03,0.88,1.47,1.18,3.53,1.32,5.44,4.56,0.0,102.21,3.82,9.71,2.35,1.91,58.82,2.79,5.29,2.79,67.79,0.0,0.0,0.29,,,,,,,,,,0.0,1.32,0.0,0.0,0.0,9.26,5.29
30.0,Guilherme Arana,br BRA,DF,Atlético Mineiro,28-162,1997.0,11.0,10.0,820.0,9.1,0.0,0.0,0.0,0.0,0.0,0.0,2.0,0.0,0.8,0.8,1.2,2.0,32.0,63.0,86.0,0.0,0.0,0.0,0.0,0.0,0.08,0.13,0.22,0.08,0.22,Matches,15.0,3.0,20.0,1.65,0.33,0.0,0.0,19.2,0.0,0.05,-0.8,-0.8,532.0,613.0,86.8,8376.0,2424.0,300.0,309.0,97.1,193.0,224.0,86.2,34.0,54.0,63.0,1.8,-1.2,10.0,35.0,17.0,9.0,521.0,91.0,0.0,3.0,45.0,72.0,1.0,0.0,0.0,0.0,1.0,12.0,28.0,3.08,21.0,3.0,0.0,1.0,0.0,0.0,0.0,0.0,0.0,0.0,0.0,0.0,13.0,9.0,6.0,7.0,0.0,6.0,50.0,6.0,6.0,8.0,21.0,16.0,0.0,700.0,27.0,28.0,5.0,31.3,10.0,62.5,443.0,5.0,7.0,4.0,479.0,75.0,41.4,78.0,7,1,45.0,1,0.45,7.0,15.0,-8.0,-0.88,-1.11,9.2,9.8,-0.5,-0.06,-0.23,0.0,8.0,0.0,0.0,0.0,40.0,7.0,41.2,1.21,1.1,90.11,0.0,0.0,0.0,0.0,0.0,0.0,0.22,0.0,0.09,0.09,0.13,0.22,3.52,6.92,9.45,0.0,0.0,0.0,0.0,0.0,0.01,0.01,0.02,0.01,0.02,1.65,0.33,0.18,0.04,2.11,0.0,-0.09,-0.09,58.46,67.36,920.44,266.37,32.97,33.96,21.21,24.62,3.74,5.93,0.2,-0.13,1.1,3.85,1.87,0.99,57.25,10.0,0.0,0.33,4.95,7.91,0.11,0.0,0.0,0.0,0.11,1.32,3.08,0.34,2.31,0.33,0.0,0.11,0.0,0.0,0.0,0.0,0.0,0.0,0.0,0.0,1.43,0.99,0.66,0.77,0.0,0.66,0.66,0.66,0.88,2.31,1.76,0.0,76.92,2.97,3.08,0.55,1.1,48.68,0.55,0.77,0.44,52.64,0.77,0.11,0.11,0.05,0.77,1.65,-0.88,-0.1,1.01,1.08,-0.05,-0.01,0.0,0.88,0.0,0.0,0.0,4.4,0.77
649.0,Guilherme Tinga,br BRA,DF,Fortaleza,32-022,1993.0,10.0,8.0,742.0,8.2,1.0,0.0,1.0,1.0,0.0,0.0,1.0,0.0,0.2,0.2,0.2,0.4,10.0,40.0,21.0,0.12,0.0,0.12,0.12,0.12,0.03,0.02,0.05,0.03,0.05,Matches,6.0,1.0,16.7,0.73,0.12,0.17,1.0,12.3,0.0,0.04,0.8,0.8,301.0,404.0,74.5,5888.0,2210.0,100.0,120.0,83.3,153.0,196.0,78.1,46.0,75.0,61.3,0.9,-0.2,5.0,36.0,10.0,3.0,320.0,82.0,1.0,1.0,19.0,72.0,0.0,0.0,0.0,0.0,2.0,12.0,15.0,1.82,11.0,4.0,0.0,0.0,0.0,0.0,0.0,0.0,0.0,0.0,0.0,0.0,12.0,5.0,10.0,2.0,0.0,9.0,50.0,9.0,4.0,9.0,21.0,40.0,0.0,507.0,31.0,17.0,1.0,14.3,6.0,85.7,212.0,0.0,6.0,2.0,257.0,74.0,35.8,86.0,7,2,26.0,6,1.1,12.0,16.0,-4.0,-0.49,0.26,10.6,11.5,-0.9,-0.11,0.31,0.0,6.0,0.0,0.0,0.0,25.0,22.0,73.3,1.22,0.98,90.49,0.12,0.0,0.12,0.12,0.0,0.0,0.12,0.0,0.02,0.02,0.02,0.05,1.22,4.88,2.56,0.01,0.0,0.01,0.01,0.01,0.0,0.0,0.01,0.0,0.01,0.73,0.12,0.09,0.01,1.5,0.0,0.1,0.1,36.71,49.27,718.05,269.51,12.2,14.63,18.66,23.9,5.61,9.15,0.11,-0.02,0.61,4.39,1.22,0.37,39.02,10.0,0.12,0.12,2.32,8.78,0.0,0.0,0.0,0.0,0.24,1.46,1.83,0.22,1.34,0.49,0.0,0.0,0.0,0.0,0.0,0.0,0.0,0.0,0.0,0.0,1.46,0.61,1.22,0.24,0.0,1.1,1.1,0.49,1.1,2.56,4.88,0.0,61.83,3.78,2.07,0.12,0.73,25.85,0.0,0.73,0.24,31.34,0.85,0.24,0.73,0.13,1.46,1.95,-0.49,-0.06,1.29,1.4,-0.11,-0.01,0.0,0.73,0.0,0.0,0.0,3.05,2.68
658.0,Guillermo Varela,uy URU,DF,Flamengo,32-183,1993.0,16.0,10.0,965.0,10.7,0.0,4.0,4.0,0.0,0.0,0.0,0.0,0.0,0.1,0.1,0.7,0.8,19.0,40.0,81.0,0.0,0.37,0.37,0.0,0.37,0.01,0.06,0.07,0.01,0.07,Matches,2.0,1.0,50.0,0.19,0.09,0.0,0.0,13.8,0.0,0.04,-0.1,-0.1,561.0,641.0,87.5,8067.0,1928.0,326.0,351.0,92.9,204.0,231.0,88.3,16.0,32.0,50.0,0.5,3.3,6.0,33.0,7.0,4.0,556.0,84.0,0.0,1.0,21.0,77.0,0.0,0.0,0.0,0.0,1.0,7.0,14.0,1.31,12.0,0.0,1.0,1.0,0.0,4.0,0.37,4.0,0.0,0.0,0.0,0.0,16.0,10.0,8.0,6.0,2.0,8.0,53.3,7.0,2.0,3.0,19.0,30.0,1.0,736.0,24.0,17.0,7.0,53.8,6.0,46.2,383.0,3.0,13.0,5.0,501.0,60.0,46.6,87.0,8,6,16.0,6,2.13,24.0,5.0,19.0,1.77,0.31,17.5,10.1,7.4,0.69,-0.3,0.0,5.0,0.0,1.0,0.0,33.0,10.0,43.5,1.5,0.93,90.19,0.0,0.37,0.37,0.0,0.0,0.0,0.0,0.0,0.01,0.01,0.07,0.07,1.78,3.74,7.57,0.0,0.03,0.03,0.0,0.03,0.0,0.01,0.01,0.0,0.01,0.19,0.09,0.02,0.01,1.29,0.0,-0.01,-0.01,52.43,59.91,753.93,180.19,30.47,32.8,19.07,21.59,1.5,2.99,0.05,0.31,0.56,3.08,0.65,0.37,51.96,7.85,0.0,0.09,1.96,7.2,0.0,0.0,0.0,0.0,0.09,0.65,1.31,0.12,1.12,0.0,0.09,0.09,0.0,0.37,0.03,0.37,0.0,0.0,0.0,0.0,1.5,0.93,0.75,0.56,0.19,0.75,0.65,0.19,0.28,1.78,2.8,0.09,68.79,2.24,1.59,0.65,0.56,35.79,0.28,1.21,0.47,46.82,0.75,0.56,0.56,0.2,2.24,0.47,1.78,0.17,1.64,0.94,0.69,0.06,0.0,0.47,0.0,0.09,0.0,3.08,0.93
259.0,Gustavo,br BRA,GK,Juventude,32-197,1993.0,10.0,10.0,855.0,9.5,0.0,0.0,0.0,0.0,0.0,0.0,1.0,0.0,0.0,0.0,0.0,0.0,0.0,0.0,0.0,0.0,0.0,0.0,0.0,0.0,0.0,0.0,0.0,0.0,0.0,Matches,0.0,0.0,,0.0,0.0,,,,0.0,,0.0,0.0,229.0,291.0,78.7,5959.0,3589.0,36.0,36.0,100.0,118.0,119.0,99.2,68.0,129.0,52.7,0.0,0.0,1.0,1.0,0.0,0.0,208.0,83.0,0.0,0.0,0.0,0.0,0.0,0.0,0.0,0.0,0.0,0.0,1.0,0.11,1.0,0.0,0.0,0.0,0.0,0.0,0.0,0.0,0.0,0.0,0.0,0.0,1.0,1.0,1.0,0.0,0.0,1.0,100.0,0.0,0.0,0.0,1.0,4.0,1.0,318.0,286.0,0.0,0.0,,0.0,,174.0,0.0,0.0,0.0,147.0,86.0,41.3,86.0,9,0,,2,0.8,8.0,22.0,-14.0,-1.47,-0.58,5.5,17.7,-12.3,-1.29,-0.64,0.0,0.0,0.0,0.0,0.0,4.0,1.0,50.0,1.05,1.05,90.0,0.0,0.0,0.0,0.0,0.0,0.0,0.11,0.0,0.0,0.0,0.0,0.0,0.0,0.0,0.0,0.0,0.0,0.0,0.0,0.0,0.0,0.0,0.0,0.0,0.0,0.0,0.0,0.0,0.0,,0.0,0.0,0.0,24.11,30.63,627.26,377.79,3.79,3.79,12.42,12.53,7.16,13.58,0.0,0.0,0.11,0.11,0.0,0.0,21.89,8.74,0.0,0.0,0.0,0.0,0.0,0.0,0.0,0.0,0.0,0.0,0.11,0.01,0.11,0.0,0.0,0.0,0.0,0.0,0.0,0.0,0.0,0.0,0.0,0.0,0.11,0.11,0.11,0.0,0.0,0.11,0.0,0.0,0.0,0.11,0.42,0.11,33.47,30.11,0.0,0.0,0.0,18.32,0.0,0.0,0.0,15.47,0.95,0.0,0.21,0.08,0.84,2.32,-1.47,-0.15,0.58,1.86,-1.29,-0.14,0.0,0.0,0.0,0.0,0.0,0.42,0.11
142.0,Gustavo Cuellar,co COL,MF,Grêmio,32-344,1992.0,7.0,6.0,495.0,5.5,0.0,0.0,0.0,0.0,0.0,0.0,1.0,0.0,0.0,0.0,0.1,0.1,2.0,25.0,10.0,0.0,0.0,0.0,0.0,0.0,0.0,0.02,0.02,0.0,0.02,Matches,0.0,0.0,,0.0,0.0,,,,0.0,,0.0,0.0,255.0,288.0,88.5,4270.0,1203.0,120.0,130.0,92.3,116.0,124.0,93.5,15.0,24.0,62.5,0.2,-0.1,2.0,27.0,1.0,1.0,277.0,11.0,1.0,0.0,2.0,1.0,0.0,0.0,0.0,0.0,0.0,5.0,7.0,1.27,7.0,0.0,0.0,0.0,0.0,0.0,0.0,0.0,0.0,0.0,0.0,0.0,17.0,12.0,9.0,6.0,2.0,8.0,44.4,10.0,5.0,7.0,24.0,12.0,1.0,331.0,18.0,2.0,4.0,80.0,1.0,20.0,186.0,0.0,3.0,4.0,227.0,71.0,23.9,80.0,3,1,16.0,4,1.71,6.0,5.0,1.0,0.18,0.58,5.2,8.4,-3.2,-0.59,-0.11,0.0,12.0,0.0,0.0,0.0,37.0,3.0,100.0,1.27,1.09,90.0,0.0,0.0,0.0,0.0,0.0,0.0,0.18,0.0,0.0,0.0,0.02,0.02,0.36,4.55,1.82,0.0,0.0,0.0,0.0,0.0,0.0,0.0,0.0,0.0,0.0,0.0,0.0,0.0,0.0,,0.0,0.0,0.0,46.36,52.36,776.36,218.73,21.82,23.64,21.09,22.55,2.73,4.36,0.04,-0.02,0.36,4.91,0.18,0.18,50.36,2.0,0.18,0.0,0.36,0.18,0.0,0.0,0.0,0.0,0.0,0.91,1.27,0.23,1.27,0.0,0.0,0.0,0.0,0.0,0.0,0.0,0.0,0.0,0.0,0.0,3.09,2.18,1.64,1.09,0.36,1.45,1.82,0.91,1.27,4.36,2.18,0.18,60.18,3.27,0.36,0.73,0.18,33.82,0.0,0.55,0.73,41.27,0.55,0.18,0.73,0.31,1.09,0.91,0.18,0.03,0.95,1.53,-0.58,-0.11,0.0,2.18,0.0,0.0,0.0,6.73,0.55
250.0,Gustavo Gómez,py PAR,DF,Palmeiras,32-140,1993.0,17.0,17.0,1490.0,16.6,1.0,1.0,2.0,1.0,0.0,0.0,5.0,0.0,1.2,1.2,1.0,2.2,6.0,42.0,6.0,0.06,0.06,0.12,0.06,0.12,0.07,0.06,0.13,0.07,0.13,Matches,10.0,2.0,20.0,0.6,0.12,0.1,0.5,13.2,0.0,0.12,-0.2,-0.2,620.0,754.0,82.2,12724.0,4137.0,172.0,188.0,91.5,364.0,390.0,93.3,81.0,162.0,50.0,0.9,0.0,8.0,47.0,2.0,0.0,709.0,39.0,1.0,2.0,8.0,3.0,0.0,0.0,0.0,0.0,6.0,2.0,17.0,1.03,16.0,0.0,0.0,0.0,1.0,1.0,0.06,1.0,0.0,0.0,0.0,0.0,34.0,18.0,22.0,10.0,2.0,17.0,68.0,8.0,5.0,22.0,56.0,94.0,1.0,943.0,83.0,23.0,2.0,66.7,1.0,33.3,525.0,0.0,6.0,0.0,576.0,88.0,75.3,88.0,15,0,,3,2.41,27.0,10.0,17.0,1.03,0.84,24.6,12.5,12.1,0.73,0.1,0.0,21.0,0.0,0.0,0.0,48.0,45.0,60.8,1.02,1.02,89.76,0.06,0.06,0.12,0.06,0.0,0.0,0.3,0.0,0.07,0.07,0.06,0.13,0.36,2.53,0.36,0.0,0.0,0.01,0.0,0.01,0.0,0.0,0.01,0.0,0.01,0.6,0.12,0.04,0.01,0.8,0.0,-0.01,-0.01,37.35,45.42,766.51,249.22,10.36,11.33,21.93,23.49,4.88,9.76,0.05,0.0,0.48,2.83,0.12,0.0,42.71,2.35,0.06,0.12,0.48,0.18,0.0,0.0,0.0,0.0,0.36,0.12,1.02,0.06,0.96,0.0,0.0,0.0,0.06,0.06,0.0,0.06,0.0,0.0,0.0,0.0,2.05,1.08,1.33,0.6,0.12,1.02,0.48,0.3,1.33,3.37,5.66,0.06,56.81,5.0,1.39,0.12,0.06,31.63,0.0,0.36,0.0,34.7,0.9,0.0,0.18,0.15,1.63,0.6,1.02,0.06,1.48,0.75,0.73,0.04,0.0,1.27,0.0,0.0,0.0,2.89,2.71
269.0,Gustavo Henrique,br BRA,DF,Corinthians,32-183,1993.0,11.0,11.0,990.0,11.0,1.0,0.0,1.0,1.0,0.0,0.0,1.0,0.0,1.0,1.0,0.1,1.2,0.0,25.0,2.0,0.09,0.0,0.09,0.09,0.09,0.09,0.01,0.11,0.09,0.11,Matches,11.0,3.0,27.3,1.0,0.27,0.09,0.33,8.5,0.0,0.09,0.0,0.0,575.0,646.0,89.0,12851.0,3813.0,106.0,120.0,88.3,359.0,380.0,94.5,108.0,136.0,79.4,0.3,-0.1,1.0,24.0,0.0,0.0,620.0,25.0,0.0,2.0,1.0,0.0,0.0,0.0,0.0,0.0,1.0,2.0,8.0,0.73,6.0,0.0,0.0,0.0,0.0,1.0,0.09,0.0,0.0,0.0,0.0,0.0,12.0,10.0,9.0,1.0,2.0,7.0,58.3,5.0,5.0,8.0,20.0,59.0,1.0,760.0,117.0,17.0,1.0,100.0,0.0,0.0,432.0,0.0,2.0,0.0,523.0,,,,0,0,,1,,,,,,,,,,,,0.0,9.0,0.0,0.0,0.0,37.0,37.0,84.1,1.0,1.0,90.0,0.09,0.0,0.09,0.09,0.0,0.0,0.09,0.0,0.09,0.09,0.01,0.11,0.0,2.27,0.18,0.01,0.0,0.01,0.01,0.01,0.01,0.0,0.01,0.01,0.01,1.0,0.27,0.09,0.02,0.77,0.0,0.0,0.0,52.27,58.73,1168.27,346.64,9.64,10.91,32.64,34.55,9.82,12.36,0.03,-0.01,0.09,2.18,0.0,0.0,56.36,2.27,0.0,0.18,0.09,0.0,0.0,0.0,0.0,0.0,0.09,0.18,0.73,0.07,0.55,0.0,0.0,0.0,0.0,0.09,0.01,0.0,0.0,0.0,0.0,0.0,1.09,0.91,0.82,0.09,0.18,0.64,0.45,0.45,0.73,1.82,5.36,0.09,69.09,10.64,1.55,0.09,0.0,39.27,0.0,0.18,0.0,47.55,0.0,0.0,0.09,,,,,,,,,,0.0,0.82,0.0,0.0,0.0,3.36,3.36
382.0,Gustavo Mancha,br BRA,DF,Fortaleza,21-060,2004.0,13.0,13.0,1029.0,11.4,0.0,0.0,0.0,0.0,0.0,0.0,2.0,1.0,0.2,0.2,0.0,0.2,9.0,46.0,3.0,0.0,0.0,0.0,0.0,0.0,0.02,0.0,0.02,0.02,0.02,Matches,5.0,3.0,60.0,0.44,0.26,0.0,0.0,14.6,0.0,0.05,-0.2,-0.2,446.0,534.0,83.5,9055.0,3224.0,152.0,162.0,93.8,235.0,252.0,93.3,54.0,108.0,50.0,0.1,0.0,0.0,36.0,2.0,0.0,509.0,21.0,1.0,11.0,1.0,1.0,0.0,0.0,0.0,0.0,4.0,1.0,11.0,0.96,8.0,0.0,0.0,1.0,1.0,1.0,0.09,0.0,0.0,0.0,0.0,0.0,20.0,11.0,10.0,10.0,0.0,12.0,60.0,8.0,2.0,15.0,35.0,55.0,0.0,642.0,61.0,7.0,7.0,87.5,1.0,12.5,402.0,0.0,2.0,2.0,442.0,79.0,49.7,79.0,10,0,,4,0.46,10.0,19.0,-9.0,-0.79,-0.27,13.7,14.5,-0.8,-0.07,0.48,0.0,5.0,0.0,0.0,0.0,40.0,10.0,52.6,1.14,1.14,90.26,0.0,0.0,0.0,0.0,0.0,0.0,0.18,0.09,0.02,0.02,0.0,0.02,0.79,4.04,0.26,0.0,0.0,0.0,0.0,0.0,0.0,0.0,0.0,0.0,0.0,0.44,0.26,0.04,0.02,1.28,0.0,-0.02,-0.02,39.12,46.84,794.3,282.81,13.33,14.21,20.61,22.11,4.74,9.47,0.01,0.0,0.0,3.16,0.18,0.0,44.65,1.84,0.09,0.96,0.09,0.09,0.0,0.0,0.0,0.0,0.35,0.09,0.96,0.08,0.7,0.0,0.0,0.09,0.09,0.09,0.01,0.0,0.0,0.0,0.0,0.0,1.75,0.96,0.88,0.88,0.0,1.05,0.7,0.18,1.32,3.07,4.82,0.0,56.32,5.35,0.61,0.61,0.09,35.26,0.0,0.18,0.18,38.77,0.88,0.0,0.35,0.04,0.88,1.67,-0.79,-0.07,1.2,1.27,-0.07,-0.01,0.0,0.44,0.0,0.0,0.0,3.51,0.88
406.0,Gustavo Martins Santos,br BRA,DF,Grêmio,23-043,2002.0,8.0,6.0,492.0,5.5,1.0,0.0,1.0,1.0,0.0,0.0,2.0,0.0,0.8,0.8,0.1,0.8,3.0,12.0,4.0,0.18,0.0,0.18,0.18,0.18,0.14,0.02,0.16,0.14,0.16,Matches,6.0,5.0,83.3,1.1,0.91,0.17,0.2,10.5,0.0,0.13,0.2,0.2,223.0,258.0,86.4,3879.0,1610.0,92.0,101.0,91.1,107.0,119.0,89.9,20.0,30.0,66.7,0.0,-0.1,2.0,15.0,0.0,0.0,211.0,47.0,0.0,2.0,1.0,43.0,0.0,0.0,0.0,0.0,0.0,3.0,6.0,1.1,3.0,1.0,1.0,0.0,0.0,1.0,0.18,0.0,0.0,0.0,0.0,0.0,12.0,9.0,7.0,4.0,1.0,9.0,90.0,1.0,3.0,5.0,17.0,42.0,0.0,342.0,32.0,8.0,2.0,50.0,2.0,50.0,142.0,0.0,6.0,1.0,166.0,62.0,23.8,76.0,4,2,17.0,6,1.38,6.0,6.0,0.0,0.0,0.34,7.9,7.1,0.9,0.16,0.87,0.0,11.0,0.0,0.0,0.0,22.0,19.0,86.4,1.45,1.09,89.45,0.18,0.0,0.18,0.18,0.0,0.0,0.36,0.0,0.15,0.15,0.02,0.15,0.55,2.18,0.73,0.03,0.0,0.03,0.03,0.03,0.03,0.0,0.03,0.03,0.03,1.09,0.91,0.2,0.17,1.91,0.0,0.04,0.04,40.55,46.91,705.27,292.73,16.73,18.36,19.45,21.64,3.64,5.45,0.0,-0.02,0.36,2.73,0.0,0.0,38.36,8.55,0.0,0.36,0.18,7.82,0.0,0.0,0.0,0.0,0.0,0.55,1.09,0.2,0.55,0.18,0.18,0.0,0.0,0.18,0.03,0.0,0.0,0.0,0.0,0.0,2.18,1.64,1.27,0.73,0.18,1.64,0.18,0.55,0.91,3.09,7.64,0.0,62.18,5.82,1.45,0.36,0.36,25.82,0.0,1.09,0.18,30.18,0.73,0.36,1.09,0.25,1.09,1.09,0.0,0.0,1.44,1.29,0.16,0.03,0.0,2.0,0.0,0.0,0.0,4.0,3.45
436.0,Gustavo Mosquito,br BRA,"FW,MF",Vitória,28-016,1997.0,10.0,6.0,480.0,5.3,0.0,2.0,2.0,0.0,0.0,0.0,0.0,0.0,0.4,0.4,1.1,1.5,21.0,18.0,41.0,0.0,0.37,0.37,0.0,0.37,0.08,0.2,0.29,0.08,0.29,Matches,8.0,4.0,50.0,1.5,0.75,0.0,0.0,15.9,0.0,0.06,-0.4,-0.4,104.0,136.0,76.5,1587.0,412.0,61.0,69.0,88.4,36.0,43.0,83.7,7.0,17.0,41.2,0.9,0.9,5.0,6.0,5.0,2.0,128.0,7.0,0.0,1.0,22.0,1.0,6.0,1.0,0.0,1.0,1.0,7.0,11.0,2.06,10.0,1.0,0.0,0.0,0.0,3.0,0.56,3.0,0.0,0.0,0.0,0.0,4.0,1.0,2.0,1.0,1.0,1.0,16.7,5.0,2.0,3.0,7.0,8.0,0.0,193.0,6.0,18.0,3.0,16.7,14.0,77.8,114.0,5.0,7.0,6.0,132.0,48.0,22.2,57.0,0,4,35.0,2,1.1,6.0,7.0,-1.0,-0.19,0.62,7.3,6.3,0.9,0.17,0.78,0.0,9.0,0.0,0.0,0.0,15.0,1.0,12.5,1.89,1.13,90.57,0.0,0.38,0.38,0.0,0.0,0.0,0.0,0.0,0.08,0.08,0.21,0.28,3.96,3.4,7.74,0.0,0.07,0.07,0.0,0.07,0.02,0.04,0.05,0.02,0.05,1.51,0.75,0.28,0.14,3.0,0.0,-0.08,-0.08,19.62,25.66,299.43,77.74,11.51,13.02,6.79,8.11,1.32,3.21,0.17,0.17,0.94,1.13,0.94,0.38,24.15,1.32,0.0,0.19,4.15,0.19,1.13,0.19,0.0,0.19,0.19,1.32,2.08,0.39,1.89,0.19,0.0,0.0,0.0,0.57,0.11,0.57,0.0,0.0,0.0,0.0,0.75,0.19,0.38,0.19,0.19,0.19,0.94,0.38,0.57,1.32,1.51,0.0,36.42,1.13,3.4,0.57,2.64,21.51,0.94,1.32,1.13,24.91,0.0,0.75,0.38,0.21,1.13,1.32,-0.19,-0.04,1.38,1.19,0.17,0.03,0.0,1.7,0.0,0.0,0.0,2.83,0.19
605.0,Gustavo Scarpa,br BRA,"MF,FW",Atlético Mineiro,31-261,1994.0,22.0,19.0,1640.0,18.2,1.0,2.0,3.0,1.0,0.0,0.0,2.0,0.0,1.5,1.5,3.8,5.3,35.0,119.0,82.0,0.05,0.11,0.16,0.05,0.16,0.08,0.21,0.29,0.08,0.29,Matches,34.0,9.0,26.5,1.87,0.49,0.03,0.11,26.0,4.0,0.04,-0.5,-0.5,759.0,1030.0,73.7,16475.0,4838.0,269.0,310.0,86.8,301.0,384.0,78.4,174.0,288.0,60.4,4.0,-1.8,48.0,99.0,35.0,8.0,880.0,142.0,9.0,30.0,129.0,24.0,75.0,33.0,30.0,0.0,8.0,17.0,84.0,4.61,52.0,24.0,2.0,2.0,0.0,4.0,0.22,4.0,0.0,0.0,0.0,0.0,13.0,9.0,3.0,6.0,4.0,8.0,50.0,8.0,11.0,10.0,23.0,20.0,2.0,1201.0,17.0,15.0,7.0,41.2,10.0,58.8,763.0,3.0,40.0,12.0,851.0,75.0,82.8,80.0,9,3,38.0,0,1.14,17.0,21.0,-4.0,-0.22,0.05,21.1,18.1,3.1,0.17,0.53,0.0,14.0,0.0,0.0,0.0,82.0,8.0,33.3,1.21,1.04,90.11,0.05,0.11,0.16,0.05,0.0,0.0,0.11,0.0,0.08,0.08,0.21,0.29,1.92,6.54,4.51,0.0,0.01,0.01,0.0,0.01,0.0,0.01,0.02,0.0,0.02,1.87,0.49,0.1,0.03,1.43,0.22,-0.03,-0.03,41.7,56.59,905.22,265.82,14.78,17.03,16.54,21.1,9.56,15.82,0.22,-0.1,2.64,5.44,1.92,0.44,48.35,7.8,0.49,1.65,7.09,1.32,4.12,1.81,1.65,0.0,0.44,0.93,4.62,0.25,2.86,1.32,0.11,0.11,0.0,0.22,0.01,0.22,0.0,0.0,0.0,0.0,0.71,0.49,0.16,0.33,0.22,0.44,0.44,0.6,0.55,1.26,1.1,0.11,65.99,0.93,0.82,0.38,0.55,41.92,0.16,2.2,0.66,46.76,0.49,0.16,0.0,0.06,0.93,1.15,-0.22,-0.01,1.16,0.99,0.17,0.01,0.0,0.77,0.0,0.0,0.0,4.51,0.44
561.0,Guzmán Rodríguez,uy URU,DF,RB Bragantino,25-227,2000.0,19.0,19.0,1710.0,19.0,1.0,0.0,1.0,1.0,0.0,0.0,5.0,0.0,0.8,0.8,0.0,0.8,6.0,53.0,2.0,0.05,0.0,0.05,0.05,0.05,0.04,0.0,0.04,0.04,0.04,Matches,11.0,3.0,27.3,0.58,0.16,0.09,0.33,11.9,0.0,0.08,0.2,0.2,775.0,901.0,86.0,15234.0,6068.0,253.0,273.0,92.7,423.0,449.0,94.2,92.0,154.0,59.7,0.1,0.0,0.0,34.0,0.0,0.0,850.0,48.0,0.0,9.0,4.0,3.0,0.0,0.0,0.0,0.0,3.0,10.0,6.0,0.32,6.0,0.0,0.0,0.0,0.0,1.0,0.05,1.0,0.0,0.0,0.0,0.0,20.0,13.0,14.0,6.0,0.0,13.0,56.5,10.0,8.0,12.0,32.0,112.0,0.0,1103.0,192.0,15.0,3.0,50.0,2.0,33.3,669.0,1.0,4.0,2.0,721.0,90.0,79.2,90.0,19,0,,3,1.47,24.0,26.0,-2.0,-0.11,0.69,21.4,21.1,0.3,0.01,0.88,0.0,16.0,0.0,0.0,0.0,67.0,30.0,61.2,1.0,1.0,90.0,0.05,0.0,0.05,0.05,0.0,0.0,0.26,0.0,0.04,0.04,0.0,0.04,0.32,2.79,0.11,0.0,0.0,0.0,0.0,0.0,0.0,0.0,0.0,0.0,0.0,0.58,0.16,0.03,0.01,0.63,0.0,0.01,0.01,40.79,47.42,801.79,319.37,13.32,14.37,22.26,23.63,4.84,8.11,0.01,0.0,0.0,1.79,0.0,0.0,44.74,2.53,0.0,0.47,0.21,0.16,0.0,0.0,0.0,0.0,0.16,0.53,0.32,0.02,0.32,0.0,0.0,0.0,0.0,0.05,0.0,0.05,0.0,0.0,0.0,0.0,1.05,0.68,0.74,0.32,0.0,0.68,0.53,0.42,0.63,1.68,5.89,0.0,58.05,10.11,0.79,0.16,0.11,35.21,0.05,0.21,0.11,37.95,1.0,0.0,0.16,0.08,1.26,1.37,-0.11,-0.01,1.13,1.11,0.02,0.0,0.0,0.84,0.0,0.0,0.0,3.53,1.58
435.0,Henry Mosquera,co COL,"FW,MF",RB Bragantino,23-312,2001.0,14.0,6.0,609.0,6.8,0.0,0.0,0.0,0.0,0.0,0.0,0.0,0.0,1.0,1.0,0.5,1.4,32.0,20.0,70.0,0.0,0.0,0.0,0.0,0.0,0.15,0.07,0.21,0.15,0.21,Matches,15.0,6.0,40.0,2.22,0.89,0.0,0.0,22.3,0.0,0.07,-1.0,-1.0,163.0,208.0,78.4,2112.0,455.0,107.0,122.0,87.7,44.0,57.0,77.2,4.0,12.0,33.3,0.5,-0.5,9.0,7.0,15.0,4.0,207.0,1.0,0.0,0.0,19.0,0.0,1.0,1.0,0.0,0.0,0.0,8.0,24.0,3.55,19.0,0.0,3.0,2.0,0.0,0.0,0.0,0.0,0.0,0.0,0.0,0.0,12.0,7.0,4.0,6.0,2.0,7.0,77.8,2.0,5.0,5.0,17.0,3.0,0.0,311.0,0.0,22.0,27.0,52.9,21.0,41.2,210.0,13.0,24.0,19.0,219.0,44.0,28.2,65.0,1,8,28.0,0,1.5,10.0,7.0,3.0,0.44,0.97,9.7,7.4,2.3,0.34,0.71,0.0,13.0,0.0,0.0,0.0,36.0,3.0,33.3,2.06,0.88,89.56,0.0,0.0,0.0,0.0,0.0,0.0,0.0,0.0,0.15,0.15,0.07,0.21,4.71,2.94,10.29,0.0,0.0,0.0,0.0,0.0,0.02,0.01,0.03,0.02,0.03,2.21,0.88,0.33,0.13,3.28,0.0,-0.15,-0.15,23.97,30.59,310.59,66.91,15.74,17.94,6.47,8.38,0.59,1.76,0.07,-0.07,1.32,1.03,2.21,0.59,30.44,0.15,0.0,0.0,2.79,0.0,0.15,0.15,0.0,0.0,0.0,1.18,3.53,0.52,2.79,0.0,0.44,0.29,0.0,0.0,0.0,0.0,0.0,0.0,0.0,0.0,1.76,1.03,0.59,0.88,0.29,1.03,0.29,0.74,0.74,2.5,0.44,0.0,45.74,0.0,3.24,3.97,3.09,30.88,1.91,3.53,2.79,32.21,0.15,1.18,0.0,0.22,1.47,1.03,0.44,0.06,1.43,1.09,0.34,0.05,0.0,1.91,0.0,0.0,0.0,5.29,0.44
437.0,Hugo Moura,br BRA,"MF,DF",Vasco da Gama,27-263,1998.0,21.0,19.0,1698.0,18.9,0.0,1.0,1.0,0.0,0.0,0.0,6.0,0.0,0.6,0.6,0.7,1.3,16.0,67.0,10.0,0.0,0.05,0.05,0.0,0.05,0.03,0.04,0.07,0.03,0.07,Matches,12.0,5.0,41.7,0.64,0.27,0.0,0.0,22.4,0.0,0.05,-0.6,-0.6,1053.0,1135.0,92.8,18237.0,5427.0,460.0,484.0,95.0,499.0,518.0,96.3,74.0,101.0,73.3,0.6,0.3,10.0,93.0,7.0,3.0,1100.0,35.0,1.0,13.0,8.0,2.0,0.0,0.0,0.0,0.0,0.0,7.0,27.0,1.43,22.0,0.0,0.0,2.0,0.0,4.0,0.21,3.0,0.0,0.0,1.0,0.0,35.0,18.0,19.0,14.0,2.0,14.0,50.0,14.0,8.0,17.0,52.0,68.0,2.0,1306.0,111.0,6.0,1.0,11.1,5.0,55.6,830.0,0.0,4.0,9.0,983.0,81.0,82.0,85.0,13,2,37.0,0,1.1,28.0,24.0,4.0,0.21,1.42,22.3,27.3,-5.0,-0.27,-0.07,0.0,35.0,0.0,0.0,1.0,59.0,16.0,59.3,1.11,1.01,89.84,0.0,0.05,0.05,0.0,0.0,0.0,0.32,0.0,0.03,0.03,0.04,0.07,0.85,3.54,0.53,0.0,0.0,0.0,0.0,0.0,0.0,0.0,0.0,0.0,0.0,0.63,0.26,0.03,0.01,1.19,0.0,-0.03,-0.03,55.71,60.05,964.92,287.14,24.34,25.61,26.4,27.41,3.92,5.34,0.03,0.02,0.53,4.92,0.37,0.16,58.2,1.85,0.05,0.69,0.42,0.11,0.0,0.0,0.0,0.0,0.0,0.37,1.43,0.08,1.16,0.0,0.0,0.11,0.0,0.21,0.01,0.16,0.0,0.0,0.05,0.0,1.85,0.95,1.01,0.74,0.11,0.74,0.74,0.42,0.9,2.75,3.6,0.11,69.1,5.87,0.32,0.05,0.26,43.92,0.0,0.21,0.48,52.01,0.69,0.11,0.0,0.06,1.48,1.27,0.21,0.01,1.18,1.44,-0.26,-0.01,0.0,1.85,0.0,0.0,0.05,3.12,0.85
635.0,Hugo Souza,br BRA,GK,Corinthians,26-235,1999.0,19.0,19.0,1710.0,19.0,0.0,0.0,0.0,0.0,0.0,0.0,2.0,0.0,0.0,0.0,0.0,0.0,0.0,0.0,0.0,0.0,0.0,0.0,0.0,0.0,0.0,0.0,0.0,0.0,0.0,Matches,0.0,0.0,,0.0,0.0,,,,0.0,,0.0,0.0,417.0,527.0,79.1,11168.0,6830.0,71.0,72.0,98.6,221.0,224.0,98.7,123.0,227.0,54.2,0.0,0.0,1.0,7.0,0.0,0.0,387.0,139.0,0.0,4.0,0.0,0.0,0.0,0.0,0.0,0.0,1.0,0.0,4.0,0.21,3.0,1.0,0.0,0.0,0.0,0.0,0.0,0.0,0.0,0.0,0.0,0.0,0.0,0.0,0.0,0.0,0.0,0.0,,0.0,0.0,0.0,0.0,5.0,3.0,561.0,464.0,0.0,0.0,,0.0,,296.0,0.0,2.0,0.0,279.0,90.0,79.2,90.0,19,0,,0,1.16,18.0,23.0,-5.0,-0.26,-0.26,22.0,24.7,-2.7,-0.14,-0.11,0.0,0.0,0.0,0.0,0.0,25.0,3.0,100.0,1.0,1.0,90.0,0.0,0.0,0.0,0.0,0.0,0.0,0.11,0.0,0.0,0.0,0.0,0.0,0.0,0.0,0.0,0.0,0.0,0.0,0.0,0.0,0.0,0.0,0.0,0.0,0.0,0.0,0.0,0.0,0.0,,0.0,0.0,0.0,21.95,27.74,587.79,359.47,3.74,3.79,11.63,11.79,6.47,11.95,0.0,0.0,0.05,0.37,0.0,0.0,20.37,7.32,0.0,0.21,0.0,0.0,0.0,0.0,0.0,0.0,0.05,0.0,0.21,0.01,0.16,0.05,0.0,0.0,0.0,0.0,0.0,0.0,0.0,0.0,0.0,0.0,0.0,0.0,0.0,0.0,0.0,0.0,0.0,0.0,0.0,0.0,0.26,0.16,29.53,24.42,0.0,0.0,0.0,15.58,0.0,0.11,0.0,14.68,1.0,0.0,0.0,0.06,0.95,1.21,-0.26,-0.01,1.16,1.3,-0.14,-0.01,0.0,0.0,0.0,0.0,0.0,1.32,0.16
286.0,Hulk,br BRA,"FW,MF",Atlético Mineiro,39-060,1986.0,19.0,17.0,1569.0,17.4,4.0,3.0,7.0,3.0,1.0,1.0,7.0,0.0,3.5,2.7,2.9,5.6,30.0,38.0,118.0,0.23,0.17,0.4,0.17,0.34,0.2,0.17,0.37,0.15,0.32,Matches,58.0,18.0,31.0,3.33,1.03,0.05,0.17,25.2,22.0,0.05,0.5,0.3,321.0,469.0,68.4,5233.0,1262.0,169.0,205.0,82.4,100.0,140.0,71.4,34.0,78.0,43.6,2.9,0.1,41.0,20.0,12.0,6.0,366.0,101.0,3.0,8.0,72.0,4.0,45.0,15.0,18.0,0.0,2.0,10.0,91.0,5.22,46.0,13.0,9.0,14.0,1.0,6.0,0.34,2.0,2.0,0.0,1.0,0.0,14.0,8.0,6.0,6.0,2.0,2.0,22.2,7.0,5.0,1.0,15.0,14.0,1.0,672.0,16.0,61.0,25.0,49.0,23.0,45.1,387.0,16.0,55.0,41.0,472.0,83.0,79.2,88.0,13,2,37.0,0,1.11,16.0,23.0,-7.0,-0.4,-0.84,18.4,17.0,1.4,0.08,0.03,0.0,23.0,0.0,0.0,0.0,29.0,11.0,32.4,1.09,0.98,90.17,0.23,0.17,0.4,0.17,0.06,0.06,0.4,0.0,0.2,0.16,0.17,0.32,1.72,2.18,6.78,0.01,0.01,0.02,0.01,0.02,0.01,0.01,0.02,0.01,0.02,3.33,1.03,0.19,0.06,1.45,1.26,0.03,0.02,18.45,26.95,300.75,72.53,9.71,11.78,5.75,8.05,1.95,4.48,0.17,0.01,2.36,1.15,0.69,0.34,21.03,5.8,0.17,0.46,4.14,0.23,2.59,0.86,1.03,0.0,0.11,0.57,5.23,0.3,2.64,0.75,0.52,0.8,0.06,0.34,0.02,0.11,0.11,0.0,0.06,0.0,0.8,0.46,0.34,0.34,0.11,0.11,0.4,0.29,0.06,0.86,0.8,0.06,38.62,0.92,3.51,1.44,1.32,22.24,0.92,3.16,2.36,27.13,0.75,0.11,0.0,0.06,0.92,1.32,-0.4,-0.02,1.06,0.98,0.08,0.0,0.0,1.32,0.0,0.0,0.0,1.67,0.63
274.0,Hércules,br BRA,MF,Fluminense,24-338,2000.0,18.0,13.0,1102.0,12.2,3.0,0.0,3.0,3.0,0.0,0.0,1.0,0.0,1.4,1.4,0.1,1.4,11.0,60.0,20.0,0.25,0.0,0.25,0.25,0.25,0.11,0.01,0.12,0.11,0.12,Matches,20.0,7.0,35.0,1.63,0.57,0.15,0.43,21.0,0.0,0.07,1.6,1.6,558.0,633.0,88.2,9545.0,2184.0,263.0,287.0,91.6,239.0,265.0,90.2,43.0,60.0,71.7,0.3,-0.1,2.0,62.0,7.0,1.0,623.0,9.0,0.0,15.0,10.0,1.0,0.0,0.0,0.0,0.0,1.0,2.0,20.0,1.63,17.0,0.0,1.0,0.0,0.0,2.0,0.16,1.0,0.0,0.0,0.0,0.0,30.0,18.0,13.0,13.0,4.0,14.0,53.8,12.0,8.0,5.0,35.0,15.0,1.0,749.0,16.0,17.0,10.0,58.8,6.0,35.3,479.0,5.0,17.0,10.0,555.0,61.0,55.7,74.0,4,5,29.0,0,1.39,12.0,22.0,-10.0,-0.82,-1.53,14.1,14.8,-0.8,-0.06,-0.15,0.0,21.0,0.0,0.0,0.0,50.0,12.0,63.2,1.48,1.07,90.33,0.25,0.0,0.25,0.25,0.0,0.0,0.08,0.0,0.11,0.11,0.01,0.11,0.9,4.92,1.64,0.02,0.0,0.02,0.02,0.02,0.01,0.0,0.01,0.01,0.01,1.64,0.57,0.13,0.05,1.72,0.0,0.13,0.13,45.74,51.89,782.38,179.02,21.56,23.52,19.59,21.72,3.52,4.92,0.02,-0.01,0.16,5.08,0.57,0.08,51.07,0.74,0.0,1.23,0.82,0.08,0.0,0.0,0.0,0.0,0.08,0.16,1.64,0.13,1.39,0.0,0.08,0.0,0.0,0.16,0.01,0.08,0.0,0.0,0.0,0.0,2.46,1.48,1.07,1.07,0.33,1.15,0.98,0.66,0.41,2.87,1.23,0.08,61.39,1.31,1.39,0.82,0.49,39.26,0.41,1.39,0.82,45.49,0.33,0.41,0.0,0.11,0.98,1.8,-0.82,-0.07,1.16,1.21,-0.07,-0.0,0.0,1.72,0.0,0.0,0.0,4.1,0.98
343.0,Ignacio Laquintana,uy URU,"FW,MF",RB Bragantino,26-234,1999.0,15.0,8.0,655.0,7.3,4.0,3.0,7.0,4.0,0.0,0.0,1.0,0.0,1.2,1.2,1.5,2.7,14.0,15.0,60.0,0.55,0.41,0.96,0.55,0.96,0.16,0.21,0.37,0.16,0.37,Matches,14.0,8.0,57.1,1.92,1.1,0.29,0.5,16.8,0.0,0.08,2.8,2.8,127.0,196.0,64.8,1837.0,618.0,73.0,94.0,77.7,39.0,62.0,62.9,8.0,18.0,44.4,0.8,1.5,11.0,7.0,4.0,2.0,191.0,4.0,1.0,1.0,30.0,0.0,2.0,0.0,2.0,0.0,1.0,8.0,20.0,2.75,13.0,1.0,2.0,1.0,1.0,3.0,0.41,3.0,0.0,0.0,0.0,0.0,10.0,5.0,4.0,4.0,2.0,4.0,28.6,10.0,6.0,6.0,16.0,4.0,0.0,280.0,5.0,26.0,5.0,38.5,8.0,61.5,183.0,6.0,15.0,12.0,198.0,44.0,30.3,59.0,0,7,26.0,8,1.0,13.0,15.0,-2.0,-0.27,-0.04,8.6,10.1,-1.5,-0.2,-0.05,0.0,6.0,0.0,0.0,0.0,27.0,3.0,27.3,2.05,1.1,89.73,0.55,0.41,0.96,0.55,0.0,0.0,0.14,0.0,0.16,0.16,0.21,0.37,1.92,2.05,8.22,0.08,0.06,0.13,0.08,0.13,0.02,0.03,0.05,0.02,0.05,1.92,1.1,0.26,0.15,2.3,0.0,0.38,0.38,17.4,26.85,251.64,84.66,10.0,12.88,5.34,8.49,1.1,2.47,0.11,0.21,1.51,0.96,0.55,0.27,26.16,0.55,0.14,0.14,4.11,0.0,0.27,0.0,0.27,0.0,0.14,1.1,2.74,0.38,1.78,0.14,0.27,0.14,0.14,0.41,0.06,0.41,0.0,0.0,0.0,0.0,1.37,0.68,0.55,0.55,0.27,0.55,1.37,0.82,0.82,2.19,0.55,0.0,38.36,0.68,3.56,0.68,1.1,25.07,0.82,2.05,1.64,27.12,0.0,0.96,1.1,0.14,1.78,2.05,-0.27,-0.04,1.18,1.38,-0.21,-0.03,0.0,0.82,0.0,0.0,0.0,3.7,0.41
291.0,Ignácio,br BRA,DF,Fluminense,28-296,1996.0,11.0,8.0,694.0,7.7,0.0,0.0,0.0,0.0,0.0,0.0,0.0,0.0,0.2,0.2,0.5,0.7,1.0,4.0,2.0,0.0,0.0,0.0,0.0,0.0,0.02,0.07,0.1,0.02,0.1,Matches,5.0,3.0,60.0,0.65,0.39,0.0,0.0,11.4,0.0,0.04,-0.2,-0.2,366.0,412.0,88.8,6441.0,2035.0,136.0,145.0,93.8,208.0,219.0,95.0,16.0,35.0,45.7,0.1,-0.5,2.0,7.0,0.0,0.0,389.0,23.0,0.0,0.0,0.0,3.0,0.0,0.0,0.0,0.0,0.0,4.0,4.0,0.52,3.0,0.0,0.0,0.0,0.0,0.0,0.0,0.0,0.0,0.0,0.0,0.0,18.0,10.0,11.0,7.0,0.0,9.0,81.8,2.0,3.0,13.0,31.0,58.0,1.0,526.0,74.0,12.0,2.0,66.7,1.0,33.3,264.0,0.0,7.0,1.0,343.0,63.0,35.1,86.0,6,3,2.0,5,1.55,7.0,7.0,0.0,0.0,0.21,7.5,6.5,1.0,0.14,0.2,0.0,12.0,0.0,0.0,0.0,21.0,19.0,55.9,1.43,1.04,90.13,0.0,0.0,0.0,0.0,0.0,0.0,0.0,0.0,0.03,0.03,0.06,0.09,0.13,0.52,0.26,0.0,0.0,0.0,0.0,0.0,0.0,0.01,0.01,0.0,0.01,0.65,0.39,0.08,0.05,1.48,0.0,-0.03,-0.03,47.53,53.51,836.49,264.29,17.66,18.83,27.01,28.44,2.08,4.55,0.01,-0.06,0.26,0.91,0.0,0.0,50.52,2.99,0.0,0.0,0.0,0.39,0.0,0.0,0.0,0.0,0.0,0.52,0.52,0.07,0.39,0.0,0.0,0.0,0.0,0.0,0.0,0.0,0.0,0.0,0.0,0.0,2.34,1.3,1.43,0.91,0.0,1.17,0.26,0.39,1.69,4.03,7.53,0.13,68.31,9.61,1.56,0.26,0.13,34.29,0.0,0.91,0.13,44.55,0.78,0.39,0.65,0.2,0.91,0.91,0.0,0.0,0.97,0.84,0.13,0.02,0.0,1.56,0.0,0.0,0.0,2.73,2.47
113.0,Igor Cariús,br BRA,DF,Sport Recife,32-145,1993.0,16.0,15.0,1188.0,13.2,0.0,0.0,0.0,0.0,0.0,0.0,1.0,0.0,0.4,0.4,0.7,1.2,25.0,54.0,49.0,0.0,0.0,0.0,0.0,0.0,0.03,0.05,0.09,0.03,0.09,Matches,10.0,5.0,50.0,0.76,0.38,0.0,0.0,16.1,0.0,0.04,-0.4,-0.4,420.0,596.0,70.5,6945.0,3063.0,201.0,243.0,82.7,182.0,239.0,76.2,28.0,73.0,38.4,1.4,-0.7,9.0,26.0,16.0,7.0,465.0,127.0,0.0,2.0,29.0,116.0,1.0,0.0,0.0,0.0,4.0,15.0,22.0,1.67,17.0,1.0,0.0,3.0,1.0,1.0,0.08,1.0,0.0,0.0,0.0,0.0,33.0,22.0,20.0,12.0,1.0,18.0,60.0,12.0,13.0,20.0,53.0,55.0,0.0,762.0,48.0,26.0,2.0,14.3,7.0,50.0,327.0,0.0,13.0,6.0,378.0,74.0,60.0,79.0,5,1,6.0,0,0.81,9.0,16.0,-7.0,-0.53,0.72,13.5,17.8,-4.2,-0.32,0.53,0.0,18.0,0.0,1.0,1.0,45.0,36.0,55.4,1.21,1.14,90.0,0.0,0.0,0.0,0.0,0.0,0.0,0.08,0.0,0.03,0.03,0.05,0.09,1.89,4.09,3.71,0.0,0.0,0.0,0.0,0.0,0.0,0.0,0.01,0.0,0.01,0.76,0.38,0.06,0.03,1.22,0.0,-0.03,-0.03,31.82,45.15,526.14,232.05,15.23,18.41,13.79,18.11,2.12,5.53,0.11,-0.05,0.68,1.97,1.21,0.53,35.23,9.62,0.0,0.15,2.2,8.79,0.08,0.0,0.0,0.0,0.3,1.14,1.67,0.13,1.29,0.08,0.0,0.23,0.08,0.08,0.01,0.08,0.0,0.0,0.0,0.0,2.5,1.67,1.52,0.91,0.08,1.36,0.91,0.98,1.52,4.02,4.17,0.0,57.73,3.64,1.97,0.15,0.53,24.77,0.0,0.98,0.45,28.64,0.38,0.08,0.0,0.06,0.68,1.21,-0.53,-0.04,1.02,1.35,-0.32,-0.02,0.0,1.36,0.0,0.08,0.08,3.41,2.73
248.0,Igor Gomes,br BRA,"MF,FW",Atlético Mineiro,26-190,1999.0,20.0,9.0,815.0,9.1,3.0,2.0,5.0,3.0,0.0,0.0,1.0,0.0,1.8,1.8,1.0,2.8,10.0,48.0,30.0,0.33,0.22,0.55,0.33,0.55,0.2,0.12,0.31,0.2,0.31,Matches,15.0,5.0,33.3,1.66,0.55,0.2,0.6,17.7,0.0,0.12,1.2,1.2,269.0,336.0,80.1,4576.0,1394.0,130.0,155.0,83.9,99.0,109.0,90.8,31.0,53.0,58.5,0.8,1.0,17.0,37.0,11.0,2.0,320.0,15.0,4.0,2.0,11.0,8.0,3.0,3.0,0.0,0.0,1.0,4.0,29.0,3.21,24.0,2.0,0.0,0.0,1.0,2.0,0.22,1.0,0.0,0.0,0.0,0.0,12.0,6.0,3.0,7.0,2.0,3.0,33.3,6.0,9.0,11.0,23.0,9.0,1.0,429.0,7.0,16.0,8.0,61.5,5.0,38.5,256.0,1.0,18.0,14.0,278.0,41.0,41.2,63.0,0,11,22.0,1,1.2,10.0,10.0,0.0,0.0,0.39,10.6,10.7,-0.2,-0.02,-0.16,0.0,12.0,0.0,0.0,0.0,58.0,16.0,53.3,2.2,0.99,89.56,0.33,0.22,0.55,0.33,0.0,0.0,0.11,0.0,0.2,0.2,0.11,0.31,1.1,5.27,3.3,0.04,0.02,0.06,0.04,0.06,0.02,0.01,0.03,0.02,0.03,1.65,0.55,0.18,0.06,1.95,0.0,0.13,0.13,29.56,36.92,502.86,153.19,14.29,17.03,10.88,11.98,3.41,5.82,0.09,0.11,1.87,4.07,1.21,0.22,35.16,1.65,0.44,0.22,1.21,0.88,0.33,0.33,0.0,0.0,0.11,0.44,3.19,0.35,2.64,0.22,0.0,0.0,0.11,0.22,0.02,0.11,0.0,0.0,0.0,0.0,1.32,0.66,0.33,0.77,0.22,0.33,0.66,0.99,1.21,2.53,0.99,0.11,47.14,0.77,1.76,0.88,0.55,28.13,0.11,1.98,1.54,30.55,0.0,1.21,0.11,0.13,1.1,1.1,0.0,0.0,1.16,1.18,-0.02,-0.0,0.0,1.32,0.0,0.0,0.0,6.37,1.76
314.0,Igor Jesus,br BRA,FW,Botafogo (RJ),24-210,2001.0,10.0,10.0,875.0,9.7,3.0,1.0,4.0,3.0,0.0,0.0,0.0,0.0,2.6,2.6,1.2,3.7,15.0,21.0,51.0,0.31,0.1,0.41,0.31,0.41,0.26,0.12,0.38,0.26,0.38,Matches,35.0,14.0,40.0,3.6,1.44,0.09,0.21,14.5,0.0,0.07,0.4,0.4,145.0,204.0,71.1,2292.0,381.0,70.0,94.0,74.5,55.0,68.0,80.9,11.0,18.0,61.1,0.7,-0.2,15.0,13.0,5.0,1.0,186.0,17.0,2.0,3.0,4.0,2.0,0.0,0.0,0.0,0.0,1.0,6.0,23.0,2.37,15.0,0.0,1.0,1.0,0.0,1.0,0.1,0.0,0.0,0.0,0.0,0.0,3.0,3.0,0.0,3.0,0.0,1.0,25.0,3.0,3.0,0.0,3.0,8.0,0.0,318.0,11.0,51.0,5.0,45.5,3.0,27.3,179.0,4.0,25.0,17.0,253.0,88.0,42.3,88.0,8,0,,0,1.5,13.0,7.0,6.0,0.62,-0.21,10.9,9.9,1.0,0.1,-0.4,0.0,9.0,0.0,0.0,0.0,25.0,34.0,46.6,1.03,1.03,90.21,0.31,0.1,0.41,0.31,0.0,0.0,0.0,0.0,0.27,0.27,0.12,0.38,1.55,2.16,5.26,0.03,0.01,0.04,0.03,0.04,0.03,0.01,0.04,0.03,0.04,3.61,1.44,0.37,0.15,1.49,0.0,0.04,0.04,14.95,21.03,236.29,39.28,7.22,9.69,5.67,7.01,1.13,1.86,0.07,-0.02,1.55,1.34,0.52,0.1,19.18,1.75,0.21,0.31,0.41,0.21,0.0,0.0,0.0,0.0,0.1,0.62,2.37,0.24,1.55,0.0,0.1,0.1,0.0,0.1,0.01,0.0,0.0,0.0,0.0,0.0,0.31,0.31,0.0,0.31,0.0,0.1,0.31,0.31,0.0,0.31,0.82,0.0,32.78,1.13,5.26,0.52,0.31,18.45,0.41,2.58,1.75,26.08,0.82,0.0,0.0,0.15,1.34,0.72,0.62,0.06,1.12,1.02,0.1,0.01,0.0,0.93,0.0,0.0,0.0,2.58,3.51
610.0,Igor Serrote,br BRA,DF,Grêmio,20-206,2005.0,7.0,6.0,512.0,5.7,0.0,0.0,0.0,0.0,0.0,0.0,2.0,0.0,0.1,0.1,0.1,0.2,7.0,22.0,12.0,0.0,0.0,0.0,0.0,0.0,0.02,0.01,0.03,0.02,0.03,Matches,4.0,0.0,0.0,0.7,0.0,0.0,,20.0,0.0,0.03,-0.1,-0.1,173.0,268.0,64.6,2955.0,1358.0,76.0,99.0,76.8,82.0,116.0,70.7,12.0,33.0,36.4,0.1,-0.1,1.0,20.0,4.0,1.0,192.0,75.0,0.0,5.0,8.0,70.0,0.0,0.0,0.0,0.0,1.0,14.0,5.0,0.88,4.0,1.0,0.0,0.0,0.0,0.0,0.0,0.0,0.0,0.0,0.0,0.0,24.0,17.0,15.0,8.0,1.0,19.0,73.1,7.0,4.0,14.0,38.0,31.0,0.0,370.0,32.0,3.0,0.0,0.0,1.0,100.0,146.0,0.0,12.0,2.0,162.0,73.0,24.7,78.0,4,1,45.0,3,1.14,6.0,6.0,0.0,0.0,0.35,5.6,6.6,-1.0,-0.18,0.43,0.0,7.0,0.0,0.0,0.0,21.0,17.0,65.4,1.23,1.05,89.82,0.0,0.0,0.0,0.0,0.0,0.0,0.35,0.0,0.02,0.02,0.02,0.04,1.23,3.86,2.11,0.0,0.0,0.0,0.0,0.0,0.0,0.0,0.01,0.0,0.01,0.7,0.0,0.12,0.0,3.51,0.0,-0.02,-0.02,30.35,47.02,518.42,238.25,13.33,17.37,14.39,20.35,2.11,5.79,0.02,-0.02,0.18,3.51,0.7,0.18,33.68,13.16,0.0,0.88,1.4,12.28,0.0,0.0,0.0,0.0,0.18,2.46,0.88,0.15,0.7,0.18,0.0,0.0,0.0,0.0,0.0,0.0,0.0,0.0,0.0,0.0,4.21,2.98,2.63,1.4,0.18,3.33,1.23,0.7,2.46,6.67,5.44,0.0,64.91,5.61,0.53,0.0,0.18,25.61,0.0,2.11,0.35,28.42,0.7,0.18,0.53,0.2,1.05,1.05,0.0,0.0,0.98,1.16,-0.18,-0.03,0.0,1.23,0.0,0.0,0.0,3.68,2.98
507.0,Isidro Pitta,py PAR,FW,RB Bragantino,26-040,1999.0,16.0,6.0,697.0,7.7,6.0,1.0,7.0,6.0,0.0,0.0,3.0,0.0,1.9,1.9,0.8,2.7,14.0,21.0,52.0,0.77,0.13,0.9,0.77,0.9,0.25,0.1,0.35,0.25,0.35,Matches,18.0,9.0,50.0,2.32,1.16,0.33,0.67,15.1,0.0,0.11,4.1,4.1,147.0,196.0,75.0,2094.0,429.0,90.0,109.0,82.6,43.0,58.0,74.1,7.0,13.0,53.8,0.9,0.2,6.0,10.0,8.0,1.0,174.0,21.0,1.0,1.0,3.0,3.0,0.0,0.0,0.0,0.0,1.0,1.0,21.0,2.74,16.0,0.0,4.0,0.0,0.0,3.0,0.39,1.0,0.0,2.0,0.0,0.0,0.0,0.0,0.0,0.0,0.0,0.0,0.0,2.0,3.0,0.0,0.0,7.0,0.0,261.0,7.0,34.0,7.0,53.8,6.0,46.2,148.0,3.0,19.0,5.0,193.0,44.0,32.3,82.0,4,10,21.0,2,1.38,10.0,17.0,-7.0,-0.9,-0.97,7.4,13.5,-6.2,-0.8,-0.93,0.0,12.0,0.0,0.0,0.0,22.0,14.0,45.2,2.08,0.78,90.52,0.78,0.13,0.91,0.78,0.0,0.0,0.39,0.0,0.25,0.25,0.1,0.35,1.82,2.73,6.75,0.1,0.02,0.12,0.1,0.12,0.03,0.01,0.05,0.03,0.05,2.34,1.17,0.3,0.15,1.96,0.0,0.53,0.53,19.09,25.45,271.95,55.71,11.69,14.16,5.58,7.53,0.91,1.69,0.12,0.03,0.78,1.3,1.04,0.13,22.6,2.73,0.13,0.13,0.39,0.39,0.0,0.0,0.0,0.0,0.13,0.13,2.73,0.36,2.08,0.0,0.52,0.0,0.0,0.39,0.05,0.13,0.0,0.26,0.0,0.0,0.0,0.0,0.0,0.0,0.0,0.0,0.26,0.39,0.0,0.0,0.91,0.0,33.9,0.91,4.42,0.91,0.78,19.22,0.39,2.47,0.65,25.06,0.52,1.3,0.26,0.18,1.3,2.21,-0.91,-0.12,0.96,1.75,-0.81,-0.1,0.0,1.56,0.0,0.0,0.0,2.86,1.82
122.0,Iury de Castilho,br BRA,FW,Mirassol,30-017,1995.0,9.0,6.0,499.0,5.5,1.0,0.0,1.0,1.0,0.0,0.0,2.0,0.0,1.5,1.5,0.2,1.7,10.0,14.0,26.0,0.18,0.0,0.18,0.18,0.18,0.27,0.03,0.3,0.27,0.3,Matches,9.0,3.0,33.3,1.62,0.54,0.11,0.33,19.0,0.0,0.16,-0.5,-0.5,69.0,87.0,79.3,1034.0,256.0,38.0,41.0,92.7,21.0,27.0,77.8,5.0,7.0,71.4,0.2,-0.2,3.0,5.0,3.0,0.0,76.0,9.0,2.0,0.0,4.0,1.0,0.0,0.0,0.0,0.0,2.0,4.0,11.0,1.98,8.0,0.0,0.0,1.0,0.0,3.0,0.54,0.0,0.0,0.0,1.0,0.0,7.0,7.0,2.0,5.0,0.0,0.0,0.0,4.0,3.0,2.0,9.0,4.0,0.0,149.0,4.0,13.0,0.0,0.0,9.0,69.2,93.0,2.0,16.0,6.0,107.0,55.0,24.1,72.0,0,3,23.0,0,1.22,9.0,10.0,-1.0,-0.18,-1.27,9.0,8.9,0.0,0.0,-0.43,0.0,7.0,0.0,0.0,0.0,11.0,5.0,41.7,1.64,1.09,90.73,0.18,0.0,0.18,0.18,0.0,0.0,0.36,0.0,0.27,0.27,0.04,0.31,1.82,2.55,4.73,0.03,0.0,0.03,0.03,0.03,0.05,0.01,0.05,0.05,0.05,1.64,0.55,0.29,0.1,3.45,0.0,-0.09,-0.09,12.55,15.82,188.0,46.55,6.91,7.45,3.82,4.91,0.91,1.27,0.04,-0.04,0.55,0.91,0.55,0.0,13.82,1.64,0.36,0.0,0.73,0.18,0.0,0.0,0.0,0.0,0.36,0.73,2.0,0.36,1.45,0.0,0.0,0.18,0.0,0.55,0.1,0.0,0.0,0.0,0.18,0.0,1.27,1.27,0.36,0.91,0.0,0.0,0.73,0.55,0.36,1.64,0.73,0.0,27.09,0.73,2.36,0.0,1.64,16.91,0.36,2.91,1.09,19.45,0.0,0.55,0.0,0.22,1.64,1.82,-0.18,-0.03,1.64,1.62,0.0,0.0,0.0,1.27,0.0,0.0,0.0,2.0,0.91
301.0,Jadson,br BRA,MF,Juventude,32-024,1993.0,22.0,22.0,1956.0,21.7,0.0,1.0,1.0,0.0,0.0,0.0,6.0,0.0,0.7,0.7,0.8,1.5,11.0,94.0,52.0,0.0,0.05,0.05,0.0,0.05,0.03,0.04,0.07,0.03,0.07,Matches,14.0,2.0,14.3,0.64,0.09,0.0,0.0,21.9,0.0,0.05,-0.7,-0.7,666.0,838.0,79.5,11779.0,3512.0,296.0,327.0,90.5,287.0,337.0,85.2,67.0,123.0,54.5,0.7,0.2,17.0,83.0,12.0,4.0,798.0,34.0,2.0,4.0,20.0,8.0,0.0,0.0,0.0,0.0,6.0,18.0,46.0,2.12,37.0,0.0,1.0,2.0,5.0,4.0,0.18,4.0,0.0,0.0,0.0,0.0,35.0,21.0,16.0,16.0,3.0,7.0,21.2,26.0,24.0,28.0,63.0,26.0,2.0,1046.0,44.0,9.0,10.0,40.0,14.0,56.0,575.0,0.0,27.0,19.0,665.0,89.0,94.5,89.0,20,0,,0,0.95,19.0,42.0,-23.0,-1.06,1.31,16.4,35.7,-19.2,-0.88,0.56,0.0,31.0,0.0,1.0,0.0,113.0,4.0,22.2,1.01,1.01,90.14,0.0,0.05,0.05,0.0,0.0,0.0,0.28,0.0,0.03,0.03,0.04,0.07,0.51,4.33,2.4,0.0,0.0,0.0,0.0,0.0,0.0,0.0,0.0,0.0,0.0,0.65,0.09,0.03,0.0,1.01,0.0,-0.03,-0.03,30.69,38.62,542.81,161.84,13.64,15.07,13.23,15.53,3.09,5.67,0.03,0.01,0.78,3.82,0.55,0.18,36.77,1.57,0.09,0.18,0.92,0.37,0.0,0.0,0.0,0.0,0.28,0.83,2.12,0.1,1.71,0.0,0.05,0.09,0.23,0.18,0.01,0.18,0.0,0.0,0.0,0.0,1.61,0.97,0.74,0.74,0.14,0.32,1.2,1.11,1.29,2.9,1.2,0.09,48.2,2.03,0.41,0.46,0.65,26.5,0.0,1.24,0.88,30.65,0.92,0.0,0.0,0.04,0.88,1.94,-1.06,-0.05,0.76,1.65,-0.88,-0.04,0.0,1.43,0.0,0.05,0.0,5.21,0.18
302.0,Jair,br BRA,MF,Vasco da Gama,31-028,1994.0,11.0,7.0,559.0,6.2,0.0,0.0,0.0,0.0,0.0,0.0,3.0,0.0,0.1,0.1,0.3,0.4,5.0,33.0,2.0,0.0,0.0,0.0,0.0,0.0,0.01,0.05,0.06,0.01,0.06,Matches,2.0,0.0,0.0,0.32,0.0,0.0,,16.8,0.0,0.03,-0.1,-0.1,383.0,417.0,91.8,6456.0,1519.0,163.0,177.0,92.1,168.0,178.0,94.4,32.0,36.0,88.9,0.1,-0.3,7.0,35.0,1.0,0.0,407.0,10.0,0.0,4.0,3.0,1.0,0.0,0.0,0.0,0.0,0.0,3.0,15.0,2.42,13.0,0.0,1.0,0.0,0.0,1.0,0.16,1.0,0.0,0.0,0.0,0.0,13.0,9.0,7.0,6.0,0.0,8.0,53.3,7.0,6.0,6.0,19.0,9.0,0.0,477.0,27.0,6.0,7.0,53.8,4.0,30.8,322.0,1.0,8.0,4.0,357.0,51.0,27.0,64.0,0,4,28.0,6,1.18,12.0,10.0,2.0,0.32,0.5,8.4,9.6,-1.1,-0.18,0.1,0.0,13.0,0.0,0.0,0.0,36.0,8.0,66.7,1.77,1.13,90.16,0.0,0.0,0.0,0.0,0.0,0.0,0.48,0.0,0.02,0.02,0.05,0.06,0.81,5.32,0.32,0.0,0.0,0.0,0.0,0.0,0.0,0.01,0.01,0.0,0.01,0.32,0.0,0.05,0.0,2.71,0.0,-0.02,-0.02,61.77,67.26,1041.29,245.0,26.29,28.55,27.1,28.71,5.16,5.81,0.02,-0.05,1.13,5.65,0.16,0.0,65.65,1.61,0.0,0.65,0.48,0.16,0.0,0.0,0.0,0.0,0.0,0.48,2.42,0.39,2.1,0.0,0.16,0.0,0.0,0.16,0.03,0.16,0.0,0.0,0.0,0.0,2.1,1.45,1.13,0.97,0.0,1.29,1.13,0.97,0.97,3.06,1.45,0.0,76.94,4.35,0.97,1.13,0.65,51.94,0.16,1.29,0.65,57.58,0.0,0.65,0.97,0.19,1.94,1.61,0.32,0.05,1.35,1.55,-0.18,-0.03,0.0,2.1,0.0,0.0,0.0,5.81,1.29
146.0,Jair Cunha,br BRA,DF,Botafogo (RJ),20-200,2005.0,11.0,11.0,990.0,11.0,0.0,1.0,1.0,0.0,0.0,0.0,0.0,0.0,0.5,0.5,0.2,0.7,3.0,31.0,3.0,0.0,0.09,0.09,0.0,0.09,0.04,0.02,0.06,0.04,0.06,Matches,8.0,1.0,12.5,0.73,0.09,0.0,0.0,13.0,0.0,0.06,-0.5,-0.5,541.0,620.0,87.3,10150.0,3475.0,197.0,215.0,91.6,282.0,302.0,93.4,52.0,85.0,61.2,0.4,0.8,3.0,23.0,3.0,1.0,605.0,15.0,0.0,4.0,2.0,2.0,0.0,0.0,0.0,0.0,0.0,9.0,7.0,0.64,6.0,1.0,0.0,0.0,0.0,1.0,0.09,1.0,0.0,0.0,0.0,0.0,14.0,11.0,10.0,4.0,0.0,8.0,66.7,4.0,3.0,11.0,25.0,63.0,2.0,736.0,83.0,13.0,3.0,50.0,1.0,16.7,460.0,0.0,5.0,2.0,523.0,90.0,47.8,90.0,11,0,,0,1.64,14.0,7.0,7.0,0.64,-0.2,12.1,11.4,0.7,0.06,-0.51,0.0,4.0,0.0,0.0,0.0,38.0,21.0,80.8,1.0,1.0,90.0,0.0,0.09,0.09,0.0,0.0,0.0,0.0,0.0,0.05,0.05,0.02,0.06,0.27,2.82,0.27,0.0,0.01,0.01,0.0,0.01,0.0,0.0,0.01,0.0,0.01,0.73,0.09,0.07,0.01,1.18,0.0,-0.05,-0.05,49.18,56.36,922.73,315.91,17.91,19.55,25.64,27.45,4.73,7.73,0.04,0.07,0.27,2.09,0.27,0.09,55.0,1.36,0.0,0.36,0.18,0.18,0.0,0.0,0.0,0.0,0.0,0.82,0.64,0.06,0.55,0.09,0.0,0.0,0.0,0.09,0.01,0.09,0.0,0.0,0.0,0.0,1.27,1.0,0.91,0.36,0.0,0.73,0.36,0.27,1.0,2.27,5.73,0.18,66.91,7.55,1.18,0.27,0.09,41.82,0.0,0.45,0.18,47.55,1.0,0.0,0.0,0.15,1.27,0.64,0.64,0.06,1.1,1.04,0.06,0.01,0.0,0.36,0.0,0.0,0.0,3.45,1.91
303.0,Jamerson,br BRA,DF,Vitória,27-014,1998.0,12.0,12.0,1026.0,11.4,0.0,2.0,2.0,0.0,0.0,0.0,0.0,0.0,0.4,0.4,1.0,1.4,33.0,42.0,51.0,0.0,0.18,0.18,0.0,0.18,0.04,0.09,0.12,0.04,0.12,Matches,14.0,5.0,35.7,1.23,0.44,0.0,0.0,26.6,2.0,0.03,-0.4,-0.4,477.0,604.0,79.0,7609.0,2449.0,267.0,281.0,95.0,179.0,227.0,78.9,29.0,74.0,39.2,0.9,1.0,14.0,38.0,6.0,5.0,481.0,118.0,0.0,2.0,66.0,91.0,10.0,1.0,8.0,0.0,5.0,13.0,29.0,2.54,17.0,8.0,2.0,1.0,0.0,4.0,0.35,2.0,1.0,0.0,1.0,0.0,27.0,19.0,18.0,5.0,4.0,12.0,63.2,7.0,5.0,12.0,39.0,42.0,0.0,743.0,35.0,6.0,18.0,62.1,6.0,20.7,400.0,2.0,15.0,10.0,414.0,86.0,47.5,86.0,10,0,,0,0.92,10.0,14.0,-4.0,-0.35,0.6,11.8,12.4,-0.6,-0.05,0.73,0.0,10.0,0.0,0.0,0.0,60.0,12.0,52.2,1.05,1.05,90.0,0.0,0.18,0.18,0.0,0.0,0.0,0.0,0.0,0.04,0.04,0.09,0.12,2.89,3.68,4.47,0.0,0.02,0.02,0.0,0.02,0.0,0.01,0.01,0.0,0.01,1.23,0.44,0.11,0.04,2.33,0.18,-0.04,-0.04,41.84,52.98,667.46,214.82,23.42,24.65,15.7,19.91,2.54,6.49,0.08,0.09,1.23,3.33,0.53,0.44,42.19,10.35,0.0,0.18,5.79,7.98,0.88,0.09,0.7,0.0,0.44,1.14,2.54,0.22,1.49,0.7,0.18,0.09,0.0,0.35,0.03,0.18,0.09,0.0,0.09,0.0,2.37,1.67,1.58,0.44,0.35,1.05,0.61,0.44,1.05,3.42,3.68,0.0,65.18,3.07,0.53,1.58,0.53,35.09,0.18,1.32,0.88,36.32,0.88,0.0,0.0,0.08,0.88,1.23,-0.35,-0.03,1.04,1.09,-0.05,-0.0,0.0,0.88,0.0,0.0,0.0,5.26,1.05
304.0,Janderson,br BRA,"FW,MF",Vitória,26-140,1999.0,11.0,9.0,729.0,8.1,1.0,0.0,1.0,1.0,0.0,0.0,3.0,0.0,0.7,0.7,0.3,1.0,9.0,12.0,33.0,0.12,0.0,0.12,0.12,0.12,0.09,0.04,0.13,0.09,0.13,Matches,10.0,3.0,30.0,1.23,0.37,0.1,0.33,13.8,0.0,0.07,0.3,0.3,96.0,136.0,70.6,1294.0,226.0,65.0,76.0,85.5,25.0,39.0,64.1,3.0,11.0,27.3,0.2,-0.3,6.0,5.0,1.0,0.0,119.0,16.0,0.0,1.0,5.0,3.0,0.0,0.0,0.0,0.0,1.0,5.0,13.0,1.6,8.0,0.0,2.0,2.0,0.0,0.0,0.0,0.0,0.0,0.0,0.0,0.0,10.0,5.0,0.0,6.0,4.0,4.0,30.8,9.0,9.0,2.0,12.0,6.0,0.0,226.0,10.0,20.0,11.0,42.3,12.0,46.2,119.0,2.0,18.0,10.0,140.0,66.0,33.8,78.0,4,2,13.0,0,0.91,5.0,10.0,-5.0,-0.62,0.07,6.0,8.8,-2.8,-0.34,0.14,0.0,16.0,0.0,0.0,0.0,15.0,11.0,32.4,1.36,1.11,90.0,0.12,0.0,0.12,0.12,0.0,0.0,0.37,0.0,0.09,0.09,0.04,0.12,1.11,1.48,4.07,0.01,0.0,0.01,0.01,0.01,0.01,0.0,0.02,0.01,0.02,1.23,0.37,0.15,0.05,1.7,0.0,0.04,0.04,11.85,16.79,159.75,27.9,8.02,9.38,3.09,4.81,0.37,1.36,0.02,-0.04,0.74,0.62,0.12,0.0,14.69,1.98,0.0,0.12,0.62,0.37,0.0,0.0,0.0,0.0,0.12,0.62,1.6,0.2,0.99,0.0,0.25,0.25,0.0,0.0,0.0,0.0,0.0,0.0,0.0,0.0,1.23,0.62,0.0,0.74,0.49,0.49,1.11,1.11,0.25,1.48,0.74,0.0,27.9,1.23,2.47,1.36,1.48,14.69,0.25,2.22,1.23,17.28,0.49,0.25,0.0,0.11,0.62,1.23,-0.62,-0.08,0.74,1.09,-0.35,-0.04,0.0,1.98,0.0,0.0,0.0,1.85,1.36
305.0,Jandrei,br BRA,GK,Juventude,32-206,1993.0,6.0,6.0,540.0,6.0,0.0,0.0,0.0,0.0,0.0,0.0,1.0,0.0,0.0,0.0,0.0,0.0,0.0,0.0,0.0,0.0,0.0,0.0,0.0,0.0,0.0,0.0,0.0,0.0,0.0,Matches,0.0,0.0,,0.0,0.0,,,,0.0,,0.0,0.0,132.0,187.0,70.6,4509.0,3289.0,4.0,4.0,100.0,65.0,66.0,98.5,63.0,117.0,53.8,0.0,0.0,0.0,7.0,0.0,0.0,140.0,47.0,0.0,2.0,0.0,0.0,0.0,0.0,0.0,0.0,0.0,0.0,2.0,0.33,2.0,0.0,0.0,0.0,0.0,0.0,0.0,0.0,0.0,0.0,0.0,0.0,0.0,0.0,0.0,0.0,0.0,0.0,,0.0,0.0,0.0,0.0,2.0,0.0,198.0,163.0,0.0,0.0,,0.0,,123.0,0.0,0.0,0.0,96.0,,,,0,0,,18,,,,,,,,,,,,0.0,0.0,0.0,0.0,0.0,4.0,0.0,,1.0,1.0,90.0,0.0,0.0,0.0,0.0,0.0,0.0,0.17,0.0,0.0,0.0,0.0,0.0,0.0,0.0,0.0,0.0,0.0,0.0,0.0,0.0,0.0,0.0,0.0,0.0,0.0,0.0,0.0,0.0,0.0,,0.0,0.0,0.0,22.0,31.17,751.5,548.17,0.67,0.67,10.83,11.0,10.5,19.5,0.0,0.0,0.0,1.17,0.0,0.0,23.33,7.83,0.0,0.33,0.0,0.0,0.0,0.0,0.0,0.0,0.0,0.0,0.33,0.06,0.33,0.0,0.0,0.0,0.0,0.0,0.0,0.0,0.0,0.0,0.0,0.0,0.0,0.0,0.0,0.0,0.0,0.0,0.0,0.0,0.0,0.0,0.33,0.0,33.0,27.17,0.0,0.0,0.0,20.5,0.0,0.0,0.0,16.0,0.0,0.0,3.0,,,,,,,,,,0.0,0.0,0.0,0.0,0.0,0.67,0.0
363.0,Jean Lucas,br BRA,MF,Bahia,27-093,1998.0,20.0,19.0,1582.0,17.6,3.0,1.0,4.0,3.0,0.0,0.0,2.0,1.0,2.0,2.0,2.6,4.6,43.0,74.0,84.0,0.17,0.06,0.23,0.17,0.23,0.12,0.15,0.26,0.12,0.26,Matches,25.0,9.0,36.0,1.42,0.51,0.12,0.33,19.8,0.0,0.08,1.0,1.0,596.0,687.0,86.8,9064.0,1993.0,344.0,376.0,91.5,190.0,211.0,90.0,36.0,51.0,70.6,2.3,-1.6,19.0,49.0,15.0,2.0,661.0,25.0,1.0,11.0,14.0,16.0,1.0,0.0,0.0,0.0,1.0,13.0,49.0,2.79,38.0,0.0,4.0,1.0,1.0,4.0,0.23,4.0,0.0,0.0,0.0,0.0,33.0,26.0,12.0,15.0,6.0,14.0,51.9,13.0,13.0,10.0,43.0,17.0,0.0,850.0,16.0,52.0,23.0,67.6,10.0,29.4,488.0,11.0,32.0,23.0,618.0,79.0,79.9,82.0,14,1,25.0,1,1.7,25.0,21.0,4.0,0.23,0.0,23.4,20.6,2.8,0.16,0.64,0.0,28.0,0.0,1.0,0.0,78.0,16.0,45.7,1.14,1.08,89.89,0.17,0.06,0.23,0.17,0.0,0.0,0.11,0.06,0.11,0.11,0.15,0.26,2.44,4.2,4.77,0.01,0.0,0.01,0.01,0.01,0.01,0.01,0.01,0.01,0.01,1.42,0.51,0.08,0.03,1.12,0.0,0.06,0.06,33.86,39.03,515.0,113.24,19.55,21.36,10.8,11.99,2.05,2.9,0.13,-0.09,1.08,2.78,0.85,0.11,37.56,1.42,0.06,0.62,0.8,0.91,0.06,0.0,0.0,0.0,0.06,0.74,2.78,0.16,2.16,0.0,0.23,0.06,0.06,0.23,0.01,0.23,0.0,0.0,0.0,0.0,1.87,1.48,0.68,0.85,0.34,0.8,0.74,0.74,0.57,2.44,0.97,0.0,48.3,0.91,2.95,1.31,0.57,27.73,0.62,1.82,1.31,35.11,0.8,0.06,0.06,0.1,1.42,1.19,0.23,0.01,1.33,1.17,0.16,0.01,0.0,1.59,0.0,0.06,0.0,4.43,0.91
604.0,Jefferson Savarino,ve VEN,MF,Botafogo (RJ),28-316,1996.0,17.0,15.0,1261.0,14.0,4.0,2.0,6.0,4.0,0.0,0.0,1.0,0.0,2.3,2.3,3.0,5.3,26.0,70.0,86.0,0.29,0.14,0.43,0.29,0.43,0.16,0.21,0.38,0.16,0.38,Matches,36.0,14.0,38.9,2.57,1.0,0.11,0.29,20.7,1.0,0.06,1.7,1.7,451.0,568.0,79.4,7826.0,2134.0,210.0,235.0,89.4,162.0,198.0,81.8,59.0,101.0,58.4,3.4,-1.0,33.0,38.0,21.0,5.0,499.0,67.0,6.0,8.0,65.0,1.0,39.0,15.0,17.0,0.0,2.0,8.0,60.0,4.28,41.0,13.0,0.0,2.0,0.0,5.0,0.36,2.0,2.0,0.0,1.0,0.0,6.0,4.0,3.0,3.0,0.0,0.0,0.0,4.0,3.0,2.0,8.0,6.0,0.0,664.0,3.0,46.0,7.0,38.9,11.0,61.1,409.0,10.0,20.0,12.0,506.0,74.0,60.9,80.0,7,2,30.0,1,1.53,18.0,12.0,6.0,0.43,-0.8,16.2,13.2,3.0,0.21,-0.31,0.0,8.0,0.0,0.0,0.0,47.0,0.0,0.0,1.21,1.07,90.07,0.29,0.14,0.43,0.29,0.0,0.0,0.07,0.0,0.16,0.16,0.21,0.38,1.86,5.0,6.14,0.02,0.01,0.03,0.02,0.03,0.01,0.02,0.03,0.01,0.03,2.57,1.0,0.18,0.07,1.48,0.07,0.12,0.12,32.21,40.57,559.0,152.43,15.0,16.79,11.57,14.14,4.21,7.21,0.24,-0.07,2.36,2.71,1.5,0.36,35.64,4.79,0.43,0.57,4.64,0.07,2.79,1.07,1.21,0.0,0.14,0.57,4.29,0.31,2.93,0.93,0.0,0.14,0.0,0.36,0.03,0.14,0.14,0.0,0.07,0.0,0.43,0.29,0.21,0.21,0.0,0.0,0.29,0.21,0.14,0.57,0.43,0.0,47.43,0.21,3.29,0.5,0.79,29.21,0.71,1.43,0.86,36.14,0.5,0.14,0.07,0.11,1.29,0.86,0.43,0.03,1.16,0.94,0.21,0.02,0.0,0.57,0.0,0.0,0.0,3.36,0.0
311.0,Jemerson,br BRA,DF,Grêmio,33-030,1992.0,9.0,8.0,770.0,8.6,1.0,0.0,1.0,1.0,0.0,0.0,3.0,0.0,0.9,0.9,0.0,0.9,4.0,21.0,2.0,0.12,0.0,0.12,0.12,0.12,0.11,0.0,0.11,0.11,0.11,Matches,3.0,1.0,33.3,0.35,0.12,0.33,1.0,7.3,0.0,0.3,0.1,0.1,296.0,336.0,88.1,5899.0,1603.0,76.0,84.0,90.5,179.0,186.0,96.2,32.0,52.0,61.5,0.1,0.0,0.0,18.0,1.0,0.0,318.0,18.0,0.0,4.0,0.0,0.0,0.0,0.0,0.0,0.0,0.0,1.0,3.0,0.35,2.0,0.0,0.0,0.0,0.0,0.0,0.0,0.0,0.0,0.0,0.0,0.0,18.0,12.0,12.0,6.0,0.0,10.0,83.3,2.0,3.0,9.0,27.0,53.0,0.0,435.0,57.0,6.0,0.0,,0.0,,231.0,0.0,3.0,3.0,262.0,86.0,37.2,88.0,7,1,64.0,12,1.0,8.0,13.0,-5.0,-0.58,-0.52,7.7,12.8,-5.1,-0.59,-0.14,0.0,14.0,0.0,0.0,0.0,17.0,22.0,66.7,1.05,0.93,89.53,0.12,0.0,0.12,0.12,0.0,0.0,0.35,0.0,0.1,0.1,0.0,0.1,0.47,2.44,0.23,0.01,0.0,0.01,0.01,0.01,0.01,0.0,0.01,0.01,0.01,0.35,0.12,0.04,0.01,0.85,0.0,0.01,0.01,34.42,39.07,685.93,186.4,8.84,9.77,20.81,21.63,3.72,6.05,0.01,0.0,0.0,2.09,0.12,0.0,36.98,2.09,0.0,0.47,0.0,0.0,0.0,0.0,0.0,0.0,0.0,0.12,0.35,0.04,0.23,0.0,0.0,0.0,0.0,0.0,0.0,0.0,0.0,0.0,0.0,0.0,2.09,1.4,1.4,0.7,0.0,1.16,0.23,0.35,1.05,3.14,6.16,0.0,50.58,6.63,0.7,0.0,0.0,26.86,0.0,0.35,0.35,30.47,0.81,0.12,1.4,0.12,0.93,1.51,-0.58,-0.07,0.9,1.49,-0.59,-0.07,0.0,1.63,0.0,0.0,0.0,1.98,2.56
312.0,Jemmes,br BRA,DF,Mirassol,25-167,2000.0,23.0,23.0,2070.0,23.0,2.0,0.0,2.0,2.0,0.0,0.0,2.0,0.0,1.5,1.5,0.1,1.6,17.0,45.0,2.0,0.09,0.0,0.09,0.09,0.09,0.07,0.0,0.07,0.07,0.07,Matches,9.0,3.0,33.3,0.39,0.13,0.22,0.67,10.7,0.0,0.17,0.5,0.5,927.0,1040.0,89.1,16558.0,6141.0,387.0,414.0,93.5,446.0,484.0,92.1,82.0,115.0,71.3,0.1,-0.1,4.0,34.0,0.0,0.0,937.0,101.0,0.0,2.0,0.0,2.0,0.0,0.0,0.0,0.0,2.0,10.0,9.0,0.39,6.0,1.0,1.0,0.0,0.0,1.0,0.04,1.0,0.0,0.0,0.0,0.0,42.0,31.0,27.0,12.0,3.0,27.0,64.3,15.0,5.0,29.0,71.0,156.0,1.0,1321.0,252.0,11.0,9.0,56.3,6.0,37.5,702.0,0.0,12.0,6.0,754.0,90.0,100.0,90.0,23,0,,0,1.83,41.0,23.0,18.0,0.78,,34.3,26.8,7.5,0.32,,0.0,23.0,0.0,0.0,0.0,78.0,39.0,48.1,1.0,1.0,90.0,0.09,0.0,0.09,0.09,0.0,0.0,0.09,0.0,0.07,0.07,0.0,0.07,0.74,1.96,0.09,0.0,0.0,0.0,0.0,0.0,0.0,0.0,0.0,0.0,0.0,0.39,0.13,0.02,0.01,0.47,0.0,0.02,0.02,40.3,45.22,719.91,267.0,16.83,18.0,19.39,21.04,3.57,5.0,0.0,-0.0,0.17,1.48,0.0,0.0,40.74,4.39,0.0,0.09,0.0,0.09,0.0,0.0,0.0,0.0,0.09,0.43,0.39,0.02,0.26,0.04,0.04,0.0,0.0,0.04,0.0,0.04,0.0,0.0,0.0,0.0,1.83,1.35,1.17,0.52,0.13,1.17,0.65,0.22,1.26,3.09,6.78,0.04,57.43,10.96,0.48,0.39,0.26,30.52,0.0,0.52,0.26,32.78,1.0,0.0,0.0,0.08,1.78,1.0,0.78,0.03,1.49,1.17,0.33,0.01,0.0,1.0,0.0,0.0,0.0,3.39,1.7
39.0,Jhon Arias,co COL,FW,Fluminense,28-002,1997.0,12.0,12.0,1079.0,12.0,1.0,4.0,5.0,0.0,1.0,1.0,1.0,0.0,2.2,1.4,2.9,4.3,48.0,55.0,106.0,0.08,0.33,0.42,0.0,0.33,0.18,0.24,0.42,0.12,0.36,Matches,17.0,4.0,23.5,1.42,0.33,0.0,0.0,22.6,3.0,0.08,-1.2,-1.4,610.0,732.0,83.3,8431.0,2112.0,375.0,405.0,92.6,163.0,189.0,86.2,30.0,74.0,40.5,3.0,1.1,33.0,37.0,24.0,10.0,644.0,87.0,2.0,3.0,74.0,22.0,40.0,6.0,19.0,0.0,1.0,14.0,68.0,5.67,44.0,13.0,5.0,4.0,1.0,8.0,0.67,6.0,0.0,2.0,0.0,0.0,13.0,10.0,3.0,3.0,7.0,7.0,43.8,9.0,17.0,4.0,17.0,2.0,0.0,864.0,5.0,33.0,27.0,44.3,22.0,36.1,574.0,8.0,24.0,46.0,663.0,90.0,54.5,90.0,11,0,,0,1.67,15.0,14.0,1.0,0.08,0.48,14.1,10.4,3.7,0.31,0.67,0.0,14.0,0.0,0.0,0.0,64.0,6.0,28.6,1.0,1.0,89.92,0.08,0.33,0.42,0.0,0.08,0.08,0.08,0.0,0.18,0.12,0.24,0.36,4.0,4.58,8.83,0.01,0.03,0.03,0.0,0.03,0.02,0.02,0.03,0.01,0.03,1.42,0.33,0.12,0.03,1.88,0.25,-0.1,-0.12,50.83,61.0,702.58,176.0,31.25,33.75,13.58,15.75,2.5,6.17,0.25,0.09,2.75,3.08,2.0,0.83,53.67,7.25,0.17,0.25,6.17,1.83,3.33,0.5,1.58,0.0,0.08,1.17,5.67,0.47,3.67,1.08,0.42,0.33,0.08,0.67,0.06,0.5,0.0,0.17,0.0,0.0,1.08,0.83,0.25,0.25,0.58,0.58,0.75,1.42,0.33,1.42,0.17,0.0,72.0,0.42,2.75,2.25,1.83,47.83,0.67,2.0,3.83,55.25,0.92,0.0,0.0,0.14,1.25,1.17,0.08,0.01,1.18,0.87,0.31,0.03,0.0,1.17,0.0,0.0,0.0,5.33,0.5
323.0,Jhonatan Jowjow,br BRA,"MF,FW",RB Bragantino,23-014,2002.0,22.0,22.0,1784.0,19.8,5.0,3.0,8.0,5.0,0.0,0.0,5.0,0.0,2.5,2.5,6.0,8.5,51.0,114.0,91.0,0.25,0.15,0.4,0.25,0.4,0.13,0.3,0.43,0.13,0.43,Matches,27.0,10.0,37.0,1.36,0.5,0.19,0.5,22.2,7.0,0.09,2.5,2.5,585.0,796.0,73.5,10914.0,3774.0,257.0,300.0,85.7,225.0,286.0,78.7,88.0,172.0,51.2,4.8,-3.0,65.0,73.0,40.0,6.0,667.0,126.0,13.0,5.0,111.0,7.0,79.0,27.0,35.0,2.0,3.0,10.0,108.0,5.45,69.0,23.0,9.0,4.0,0.0,9.0,0.45,6.0,1.0,1.0,1.0,0.0,11.0,9.0,6.0,3.0,2.0,5.0,27.8,13.0,20.0,9.0,20.0,11.0,2.0,1021.0,10.0,34.0,60.0,52.2,48.0,41.7,647.0,7.0,46.0,39.0,726.0,81.0,82.6,81.0,11,0,,0,1.41,24.0,29.0,-5.0,-0.25,-0.01,22.2,24.2,-1.9,-0.1,0.41,0.0,19.0,0.0,0.0,0.0,74.0,6.0,20.7,1.11,1.11,90.1,0.25,0.15,0.4,0.25,0.0,0.0,0.25,0.0,0.13,0.13,0.3,0.43,2.58,5.76,4.6,0.01,0.01,0.02,0.01,0.02,0.01,0.02,0.02,0.01,0.02,1.36,0.51,0.07,0.03,1.12,0.35,0.13,0.13,29.55,40.2,551.21,190.61,12.98,15.15,11.36,14.44,4.44,8.69,0.24,-0.15,3.28,3.69,2.02,0.3,33.69,6.36,0.66,0.25,5.61,0.35,3.99,1.36,1.77,0.1,0.15,0.51,5.45,0.28,3.48,1.16,0.45,0.2,0.0,0.45,0.02,0.3,0.05,0.05,0.05,0.0,0.56,0.45,0.3,0.15,0.1,0.25,0.66,1.01,0.45,1.01,0.56,0.1,51.57,0.51,1.72,3.03,2.42,32.68,0.35,2.32,1.97,36.67,0.56,0.0,0.0,0.07,1.21,1.46,-0.25,-0.01,1.12,1.22,-0.1,-0.01,0.0,0.96,0.0,0.0,0.0,3.74,0.3
137.0,Joaquín Correa,ar ARG,MF,Botafogo (RJ),31-041,1994.0,11.0,4.0,463.0,5.1,0.0,0.0,0.0,0.0,0.0,0.0,1.0,0.0,1.6,1.6,0.5,2.2,10.0,28.0,46.0,0.0,0.0,0.0,0.0,0.0,0.32,0.1,0.42,0.32,0.42,Matches,10.0,5.0,50.0,1.94,0.97,0.0,0.0,18.3,1.0,0.16,-1.6,-1.6,197.0,242.0,81.4,3086.0,727.0,101.0,114.0,88.6,79.0,91.0,86.8,12.0,20.0,60.0,0.8,-0.5,10.0,18.0,11.0,1.0,223.0,18.0,1.0,1.0,12.0,5.0,8.0,4.0,1.0,0.0,1.0,8.0,30.0,5.83,23.0,2.0,2.0,0.0,0.0,0.0,0.0,0.0,0.0,0.0,0.0,0.0,6.0,4.0,1.0,5.0,0.0,0.0,0.0,7.0,4.0,0.0,6.0,0.0,0.0,288.0,0.0,18.0,7.0,43.8,6.0,37.5,190.0,4.0,13.0,6.0,224.0,42.0,22.4,70.0,1,7,26.0,1,1.82,5.0,2.0,3.0,0.58,-0.2,8.1,4.8,3.3,0.65,0.41,0.0,5.0,0.0,0.0,0.0,13.0,1.0,20.0,2.16,0.78,90.78,0.0,0.0,0.0,0.0,0.0,0.0,0.2,0.0,0.31,0.31,0.1,0.43,1.96,5.49,9.02,0.0,0.0,0.0,0.0,0.0,0.06,0.02,0.08,0.06,0.08,1.96,0.98,0.38,0.19,3.59,0.2,-0.31,-0.31,38.63,47.45,605.1,142.55,19.8,22.35,15.49,17.84,2.35,3.92,0.16,-0.1,1.96,3.53,2.16,0.2,43.73,3.53,0.2,0.2,2.35,0.98,1.57,0.78,0.2,0.0,0.2,1.57,5.88,1.14,4.51,0.39,0.39,0.0,0.0,0.0,0.0,0.0,0.0,0.0,0.0,0.0,1.18,0.78,0.2,0.98,0.0,0.0,1.37,0.78,0.0,1.18,0.0,0.0,56.47,0.0,3.53,1.37,1.18,37.25,0.78,2.55,1.18,43.92,0.2,1.37,0.2,0.36,0.98,0.39,0.59,0.11,1.59,0.94,0.65,0.13,0.0,0.98,0.0,0.0,0.0,2.55,0.2
504.0,Joaquín Piquerez,uy URU,DF,Palmeiras,27-030,1998.0,20.0,18.0,1691.0,18.8,3.0,1.0,4.0,1.0,2.0,3.0,2.0,0.0,2.9,0.5,2.1,2.6,24.0,109.0,107.0,0.16,0.05,0.21,0.05,0.11,0.15,0.11,0.27,0.03,0.14,Matches,21.0,3.0,14.3,1.12,0.16,0.05,0.33,30.0,3.0,0.02,0.1,0.5,868.0,1093.0,79.4,15239.0,5513.0,412.0,456.0,90.4,360.0,422.0,85.3,91.0,165.0,55.2,2.5,-1.1,24.0,88.0,21.0,14.0,872.0,214.0,0.0,17.0,93.0,164.0,17.0,0.0,16.0,0.0,7.0,27.0,59.0,3.14,43.0,10.0,2.0,0.0,1.0,5.0,0.27,3.0,1.0,1.0,0.0,0.0,35.0,21.0,11.0,17.0,7.0,25.0,62.5,15.0,16.0,16.0,51.0,37.0,1.0,1286.0,46.0,20.0,10.0,37.0,16.0,59.3,639.0,4.0,20.0,10.0,752.0,85.0,85.4,90.0,17,2,36.0,1,2.15,29.0,14.0,15.0,0.8,-0.14,28.1,14.3,13.8,0.73,0.2,0.0,7.0,0.0,0.0,1.0,81.0,10.0,52.6,1.06,0.96,89.95,0.16,0.05,0.21,0.05,0.11,0.16,0.11,0.0,0.15,0.03,0.11,0.14,1.28,5.8,5.69,0.01,0.0,0.01,0.0,0.01,0.01,0.01,0.01,0.0,0.01,1.12,0.16,0.06,0.01,1.6,0.16,0.01,0.03,46.17,58.14,810.59,293.24,21.91,24.26,19.15,22.45,4.84,8.78,0.13,-0.06,1.28,4.68,1.12,0.74,46.38,11.38,0.0,0.9,4.95,8.72,0.9,0.0,0.85,0.0,0.37,1.44,3.14,0.17,2.29,0.53,0.11,0.0,0.05,0.27,0.01,0.16,0.05,0.05,0.0,0.0,1.86,1.12,0.59,0.9,0.37,1.33,0.8,0.85,0.85,2.71,1.97,0.05,68.4,2.45,1.06,0.53,0.85,33.99,0.21,1.06,0.53,40.0,0.9,0.11,0.05,0.11,1.54,0.74,0.8,0.04,1.49,0.76,0.73,0.04,0.0,0.37,0.0,0.0,0.05,4.31,0.53
110.0,Johan Carbonero,co COL,"FW,MF",Internacional,26-065,1999.0,12.0,8.0,704.0,7.8,3.0,0.0,3.0,3.0,0.0,0.0,1.0,0.0,2.1,2.1,1.6,3.7,24.0,45.0,78.0,0.38,0.0,0.38,0.38,0.38,0.27,0.21,0.48,0.27,0.48,Matches,22.0,7.0,31.8,2.81,0.89,0.14,0.43,16.7,0.0,0.1,0.9,0.9,226.0,279.0,81.0,3329.0,864.0,134.0,159.0,84.3,69.0,82.0,84.1,14.0,21.0,66.7,1.2,-1.6,12.0,14.0,12.0,2.0,276.0,3.0,3.0,2.0,11.0,2.0,0.0,0.0,0.0,0.0,0.0,4.0,36.0,4.6,22.0,1.0,1.0,10.0,0.0,2.0,0.26,0.0,0.0,0.0,2.0,0.0,6.0,2.0,1.0,3.0,2.0,3.0,50.0,3.0,7.0,1.0,7.0,2.0,0.0,383.0,1.0,29.0,13.0,40.6,12.0,37.5,306.0,9.0,25.0,22.0,338.0,59.0,34.0,72.0,2,4,32.0,0,1.5,12.0,9.0,3.0,0.38,1.11,15.8,6.8,9.0,1.15,1.14,0.0,15.0,2.0,0.0,0.0,27.0,3.0,21.4,1.54,1.03,90.26,0.38,0.0,0.38,0.38,0.0,0.0,0.13,0.0,0.27,0.27,0.21,0.47,3.08,5.77,10.0,0.05,0.0,0.05,0.05,0.05,0.03,0.03,0.06,0.03,0.06,2.82,0.9,0.36,0.11,2.14,0.0,0.12,0.12,28.97,35.77,426.79,110.77,17.18,20.38,8.85,10.51,1.79,2.69,0.15,-0.21,1.54,1.79,1.54,0.26,35.38,0.38,0.38,0.26,1.41,0.26,0.0,0.0,0.0,0.0,0.0,0.51,4.62,0.59,2.82,0.13,0.13,1.28,0.0,0.26,0.03,0.0,0.0,0.0,0.26,0.0,0.77,0.26,0.13,0.38,0.26,0.38,0.38,0.9,0.13,0.9,0.26,0.0,49.1,0.13,3.72,1.67,1.54,39.23,1.15,3.21,2.82,43.33,0.26,0.51,0.0,0.19,1.54,1.15,0.38,0.05,2.03,0.87,1.15,0.15,0.0,1.92,0.26,0.0,0.0,3.46,0.38
316.0,John,br BRA,GK,Botafogo (RJ),29-222,1996.0,17.0,17.0,1530.0,17.0,0.0,0.0,0.0,0.0,0.0,0.0,2.0,0.0,0.0,0.0,0.0,0.0,0.0,1.0,0.0,0.0,0.0,0.0,0.0,0.0,0.0,0.0,0.0,0.0,0.0,Matches,0.0,0.0,,0.0,0.0,,,,0.0,,0.0,0.0,481.0,599.0,80.3,12218.0,7896.0,75.0,77.0,97.4,291.0,295.0,98.6,113.0,225.0,50.2,0.0,0.0,0.0,2.0,0.0,0.0,482.0,117.0,0.0,0.0,0.0,0.0,0.0,0.0,0.0,0.0,0.0,0.0,2.0,0.12,2.0,0.0,0.0,0.0,0.0,0.0,0.0,0.0,0.0,0.0,0.0,0.0,1.0,1.0,1.0,0.0,0.0,1.0,100.0,0.0,2.0,1.0,2.0,7.0,1.0,629.0,542.0,0.0,0.0,,0.0,,381.0,0.0,0.0,0.0,343.0,90.0,73.9,90.0,17,0,,1,1.53,18.0,11.0,7.0,0.41,-1.25,20.9,17.1,3.8,0.23,-0.41,0.0,1.0,0.0,0.0,0.0,40.0,3.0,100.0,1.0,1.0,90.0,0.0,0.0,0.0,0.0,0.0,0.0,0.12,0.0,0.0,0.0,0.0,0.0,0.0,0.06,0.0,0.0,0.0,0.0,0.0,0.0,0.0,0.0,0.0,0.0,0.0,0.0,0.0,0.0,0.0,,0.0,0.0,0.0,28.29,35.24,718.71,464.47,4.41,4.53,17.12,17.35,6.65,13.24,0.0,0.0,0.0,0.12,0.0,0.0,28.35,6.88,0.0,0.0,0.0,0.0,0.0,0.0,0.0,0.0,0.0,0.0,0.12,0.01,0.12,0.0,0.0,0.0,0.0,0.0,0.0,0.0,0.0,0.0,0.0,0.0,0.06,0.06,0.06,0.0,0.0,0.06,0.0,0.12,0.06,0.12,0.41,0.06,37.0,31.88,0.0,0.0,0.0,22.41,0.0,0.0,0.0,20.18,1.0,0.0,0.06,0.09,1.06,0.65,0.41,0.02,1.23,1.01,0.22,0.01,0.0,0.06,0.0,0.0,0.0,2.35,0.18
320.0,Jorginho,it ITA,MF,Flamengo,33-277,1991.0,8.0,8.0,673.0,7.5,0.0,0.0,0.0,0.0,0.0,0.0,3.0,0.0,0.2,0.2,0.3,0.6,5.0,76.0,6.0,0.0,0.0,0.0,0.0,0.0,0.03,0.04,0.08,0.03,0.08,Matches,4.0,1.0,25.0,0.53,0.13,0.0,0.0,18.0,0.0,0.06,-0.2,-0.2,656.0,720.0,91.1,10340.0,3180.0,330.0,350.0,94.3,280.0,304.0,92.1,32.0,46.0,69.6,1.1,-0.3,9.0,79.0,13.0,1.0,707.0,13.0,3.0,2.0,3.0,2.0,0.0,0.0,0.0,0.0,0.0,4.0,24.0,3.21,23.0,0.0,1.0,0.0,0.0,1.0,0.13,1.0,0.0,0.0,0.0,0.0,13.0,9.0,3.0,8.0,2.0,11.0,68.8,5.0,2.0,13.0,26.0,1.0,1.0,768.0,15.0,4.0,3.0,50.0,3.0,50.0,490.0,0.0,8.0,5.0,625.0,84.0,32.5,84.0,5,0,,0,2.38,17.0,3.0,14.0,1.87,0.39,10.2,5.3,4.9,0.66,-0.29,0.0,12.0,0.0,0.0,0.0,55.0,4.0,44.4,1.07,1.07,89.73,0.0,0.0,0.0,0.0,0.0,0.0,0.4,0.0,0.03,0.03,0.04,0.08,0.67,10.13,0.8,0.0,0.0,0.0,0.0,0.0,0.0,0.01,0.01,0.0,0.01,0.53,0.13,0.07,0.02,2.4,0.0,-0.03,-0.03,87.47,96.0,1378.67,424.0,44.0,46.67,37.33,40.53,4.27,6.13,0.15,-0.04,1.2,10.53,1.73,0.13,94.27,1.73,0.4,0.27,0.4,0.27,0.0,0.0,0.0,0.0,0.0,0.53,3.2,0.43,3.07,0.0,0.13,0.0,0.0,0.13,0.02,0.13,0.0,0.0,0.0,0.0,1.73,1.2,0.4,1.07,0.27,1.47,0.67,0.27,1.73,3.47,0.13,0.13,102.4,2.0,0.53,0.4,0.4,65.33,0.0,1.07,0.67,83.33,0.67,0.0,0.0,0.32,2.27,0.4,1.87,0.25,1.36,0.71,0.65,0.09,0.0,1.6,0.0,0.0,0.0,7.33,0.53
8.0,José Aldo,br BRA,MF,Mirassol,27-060,1998.0,20.0,10.0,939.0,10.4,0.0,1.0,1.0,0.0,0.0,0.0,2.0,0.0,0.8,0.8,1.9,2.6,6.0,68.0,34.0,0.0,0.1,0.1,0.0,0.1,0.07,0.18,0.25,0.07,0.25,Matches,15.0,6.0,40.0,1.44,0.58,0.0,0.0,21.4,0.0,0.05,-0.8,-0.8,423.0,506.0,83.6,6924.0,2300.0,209.0,235.0,88.9,156.0,179.0,87.2,38.0,52.0,73.1,1.4,-0.9,14.0,39.0,5.0,2.0,491.0,13.0,1.0,5.0,6.0,2.0,1.0,0.0,1.0,0.0,2.0,9.0,39.0,3.74,31.0,2.0,3.0,0.0,1.0,4.0,0.38,2.0,1.0,0.0,0.0,0.0,26.0,18.0,16.0,8.0,2.0,14.0,70.0,6.0,12.0,17.0,43.0,23.0,0.0,652.0,25.0,21.0,10.0,40.0,15.0,60.0,340.0,1.0,21.0,14.0,422.0,47.0,45.4,71.0,1,10,23.0,3,1.65,22.0,9.0,13.0,1.25,0.85,17.7,12.5,5.1,0.49,0.31,0.0,22.0,0.0,0.0,0.0,56.0,11.0,50.0,1.92,0.96,90.29,0.0,0.1,0.1,0.0,0.0,0.0,0.19,0.0,0.08,0.08,0.18,0.25,0.58,6.54,3.27,0.0,0.01,0.01,0.0,0.01,0.01,0.02,0.02,0.01,0.02,1.44,0.58,0.14,0.06,2.06,0.0,-0.08,-0.08,40.67,48.65,665.77,221.15,20.1,22.6,15.0,17.21,3.65,5.0,0.13,-0.09,1.35,3.75,0.48,0.19,47.21,1.25,0.1,0.48,0.58,0.19,0.1,0.0,0.1,0.0,0.19,0.87,3.75,0.36,2.98,0.19,0.29,0.0,0.1,0.38,0.04,0.19,0.1,0.0,0.0,0.0,2.5,1.73,1.54,0.77,0.19,1.35,0.58,1.15,1.63,4.13,2.21,0.0,62.69,2.4,2.02,0.96,1.44,32.69,0.1,2.02,1.35,40.58,0.1,0.96,0.29,0.16,2.12,0.87,1.25,0.12,1.7,1.2,0.49,0.05,0.0,2.12,0.0,0.0,0.0,5.38,1.06
24.0,José Andrés Martínez,ve VEN,MF,Corinthians,31-047,1994.0,15.0,11.0,936.0,10.4,0.0,1.0,1.0,0.0,0.0,0.0,7.0,0.0,0.4,0.4,0.8,1.2,12.0,55.0,40.0,0.0,0.1,0.1,0.0,0.1,0.04,0.08,0.12,0.04,0.12,Matches,8.0,2.0,25.0,0.77,0.19,0.0,0.0,26.6,0.0,0.05,-0.4,-0.4,384.0,476.0,80.7,7469.0,1953.0,155.0,179.0,86.6,167.0,196.0,85.2,53.0,70.0,75.7,1.0,0.2,8.0,48.0,9.0,3.0,455.0,16.0,1.0,15.0,24.0,4.0,0.0,0.0,0.0,0.0,5.0,8.0,17.0,1.64,15.0,0.0,1.0,0.0,1.0,1.0,0.1,1.0,0.0,0.0,0.0,0.0,18.0,16.0,6.0,8.0,4.0,14.0,58.3,10.0,5.0,10.0,28.0,13.0,2.0,569.0,9.0,4.0,8.0,42.1,8.0,42.1,334.0,0.0,16.0,4.0,400.0,62.0,43.3,73.0,3,4,34.0,1,1.0,6.0,14.0,-8.0,-0.77,-0.99,10.4,13.8,-3.4,-0.32,-0.36,0.0,11.0,0.0,1.0,0.0,45.0,4.0,26.7,1.44,1.06,90.0,0.0,0.1,0.1,0.0,0.0,0.0,0.67,0.0,0.04,0.04,0.08,0.12,1.15,5.29,3.85,0.0,0.01,0.01,0.0,0.01,0.0,0.01,0.01,0.0,0.01,0.77,0.19,0.07,0.02,2.56,0.0,-0.04,-0.04,36.92,45.77,718.17,187.79,14.9,17.21,16.06,18.85,5.1,6.73,0.1,0.02,0.77,4.62,0.87,0.29,43.75,1.54,0.1,1.44,2.31,0.38,0.0,0.0,0.0,0.0,0.48,0.77,1.63,0.16,1.44,0.0,0.1,0.0,0.1,0.1,0.01,0.1,0.0,0.0,0.0,0.0,1.73,1.54,0.58,0.77,0.38,1.35,0.96,0.48,0.96,2.69,1.25,0.19,54.71,0.87,0.38,0.77,0.77,32.12,0.0,1.54,0.38,38.46,0.29,0.38,0.1,0.1,0.58,1.35,-0.77,-0.07,1.0,1.33,-0.33,-0.03,0.0,1.06,0.0,0.1,0.0,4.33,0.38
287.0,José Hurtado,ec ECU,DF,RB Bragantino,23-274,2001.0,18.0,14.0,1193.0,13.3,1.0,0.0,1.0,1.0,0.0,0.0,2.0,1.0,0.4,0.4,0.4,0.8,28.0,51.0,34.0,0.08,0.0,0.08,0.08,0.08,0.03,0.03,0.06,0.03,0.06,Matches,10.0,2.0,20.0,0.75,0.15,0.1,0.5,21.2,0.0,0.04,0.6,0.6,490.0,613.0,79.9,8739.0,3288.0,201.0,229.0,87.8,239.0,280.0,85.4,41.0,74.0,55.4,0.8,-0.4,5.0,46.0,9.0,5.0,506.0,103.0,0.0,4.0,37.0,89.0,0.0,0.0,0.0,0.0,4.0,12.0,24.0,1.81,15.0,3.0,2.0,0.0,0.0,1.0,0.08,1.0,0.0,0.0,0.0,0.0,25.0,18.0,13.0,11.0,1.0,15.0,62.5,9.0,12.0,14.0,39.0,46.0,0.0,759.0,37.0,13.0,14.0,73.7,4.0,21.1,374.0,5.0,15.0,7.0,418.0,66.0,55.2,80.0,8,4,20.0,0,1.33,16.0,14.0,2.0,0.15,0.9,14.6,14.4,0.3,0.02,0.42,0.0,18.0,0.0,0.0,0.0,57.0,19.0,43.2,1.35,1.05,89.7,0.08,0.0,0.08,0.08,0.0,0.0,0.15,0.08,0.03,0.03,0.03,0.06,2.11,3.83,2.56,0.01,0.0,0.01,0.01,0.01,0.0,0.0,0.0,0.0,0.0,0.75,0.15,0.06,0.01,1.59,0.0,0.05,0.05,36.84,46.09,657.07,247.22,15.11,17.22,17.97,21.05,3.08,5.56,0.06,-0.03,0.38,3.46,0.68,0.38,38.05,7.74,0.0,0.3,2.78,6.69,0.0,0.0,0.0,0.0,0.3,0.9,1.8,0.14,1.13,0.23,0.15,0.0,0.0,0.08,0.01,0.08,0.0,0.0,0.0,0.0,1.88,1.35,0.98,0.83,0.08,1.13,0.68,0.9,1.05,2.93,3.46,0.0,57.07,2.78,0.98,1.05,0.3,28.12,0.38,1.13,0.53,31.43,0.6,0.3,0.0,0.1,1.2,1.05,0.15,0.01,1.1,1.08,0.02,0.0,0.0,1.35,0.0,0.0,0.0,4.29,1.43
69.0,José Luis Rodríguez Bebanz,uy URU,DF,Vasco da Gama,28-193,1997.0,13.0,9.0,842.0,9.4,1.0,2.0,3.0,1.0,0.0,0.0,0.0,0.0,0.7,0.7,1.5,2.2,10.0,21.0,65.0,0.11,0.21,0.32,0.11,0.32,0.07,0.17,0.24,0.07,0.24,Matches,12.0,4.0,33.3,1.28,0.43,0.08,0.25,17.4,0.0,0.06,0.3,0.3,392.0,484.0,81.0,6397.0,1441.0,206.0,229.0,90.0,157.0,192.0,81.8,24.0,51.0,47.1,1.9,0.5,14.0,24.0,8.0,6.0,412.0,72.0,0.0,9.0,40.0,62.0,0.0,0.0,0.0,0.0,0.0,5.0,23.0,2.46,21.0,1.0,0.0,1.0,0.0,3.0,0.32,3.0,0.0,0.0,0.0,0.0,15.0,8.0,6.0,6.0,3.0,9.0,64.3,5.0,6.0,4.0,19.0,34.0,0.0,578.0,29.0,22.0,5.0,55.6,4.0,44.4,299.0,0.0,9.0,9.0,371.0,65.0,40.7,90.0,9,4,8.0,8,0.92,12.0,20.0,-8.0,-0.86,-1.37,9.7,14.2,-4.5,-0.48,-0.39,0.0,5.0,0.0,0.0,0.0,35.0,18.0,62.1,1.38,0.96,89.57,0.11,0.21,0.32,0.11,0.0,0.0,0.0,0.0,0.07,0.07,0.16,0.23,1.06,2.23,6.91,0.01,0.02,0.03,0.01,0.03,0.01,0.02,0.03,0.01,0.03,1.28,0.43,0.14,0.05,1.85,0.0,0.03,0.03,41.7,51.49,680.53,153.3,21.91,24.36,16.7,20.43,2.55,5.43,0.2,0.05,1.49,2.55,0.85,0.64,43.83,7.66,0.0,0.96,4.26,6.6,0.0,0.0,0.0,0.0,0.0,0.53,2.45,0.26,2.23,0.11,0.0,0.11,0.0,0.32,0.03,0.32,0.0,0.0,0.0,0.0,1.6,0.85,0.64,0.64,0.32,0.96,0.53,0.64,0.43,2.02,3.62,0.0,61.49,3.09,2.34,0.53,0.43,31.81,0.0,0.96,0.96,39.47,0.96,0.43,0.85,0.1,1.28,2.13,-0.85,-0.09,1.03,1.51,-0.48,-0.05,0.0,0.53,0.0,0.0,0.0,3.72,1.91
358.0,José López,ar ARG,"FW,MF",Palmeiras,24-291,2000.0,20.0,11.0,1057.0,11.7,6.0,0.0,6.0,4.0,2.0,2.0,3.0,0.0,6.6,5.0,0.9,6.0,28.0,38.0,52.0,0.51,0.0,0.51,0.34,0.34,0.56,0.08,0.64,0.43,0.51,Matches,45.0,12.0,26.7,3.83,1.02,0.09,0.33,17.6,0.0,0.11,-0.6,-1.0,143.0,232.0,61.6,2383.0,711.0,70.0,101.0,69.3,47.0,73.0,64.4,16.0,28.0,57.1,1.0,-0.9,15.0,15.0,13.0,2.0,222.0,6.0,2.0,3.0,10.0,1.0,0.0,0.0,0.0,0.0,4.0,2.0,32.0,2.72,24.0,0.0,2.0,6.0,0.0,5.0,0.43,3.0,0.0,0.0,2.0,0.0,18.0,12.0,3.0,10.0,5.0,6.0,54.5,5.0,13.0,4.0,22.0,12.0,0.0,428.0,12.0,69.0,14.0,30.4,30.0,65.2,210.0,12.0,35.0,19.0,282.0,53.0,53.4,78.0,6,9,22.0,1,2.15,20.0,13.0,7.0,0.6,-0.48,20.3,9.9,10.5,0.89,0.4,0.0,30.0,2.0,0.0,0.0,41.0,49.0,50.0,1.71,0.94,90.34,0.51,0.0,0.51,0.34,0.17,0.17,0.26,0.0,0.56,0.43,0.08,0.51,2.39,3.25,4.44,0.04,0.0,0.04,0.03,0.03,0.05,0.01,0.05,0.04,0.04,3.85,1.03,0.33,0.09,1.5,0.0,-0.05,-0.09,12.22,19.83,203.68,60.77,5.98,8.63,4.02,6.24,1.37,2.39,0.09,-0.08,1.28,1.28,1.11,0.17,18.97,0.51,0.17,0.26,0.85,0.09,0.0,0.0,0.0,0.0,0.34,0.17,2.74,0.23,2.05,0.0,0.17,0.51,0.0,0.43,0.04,0.26,0.0,0.0,0.17,0.0,1.54,1.03,0.26,0.85,0.43,0.51,0.43,1.11,0.34,1.88,1.03,0.0,36.58,1.03,5.9,1.2,2.56,17.95,1.03,2.99,1.62,24.1,0.51,0.77,0.09,0.18,1.71,1.11,0.6,0.05,1.74,0.85,0.9,0.08,0.0,2.56,0.17,0.0,0.0,3.5,4.19
590.0,José Sabino,br BRA,DF,São Paulo,28-333,1996.0,18.0,14.0,1249.0,13.9,1.0,0.0,1.0,1.0,0.0,0.0,2.0,0.0,1.3,1.3,0.1,1.3,12.0,73.0,7.0,0.07,0.0,0.07,0.07,0.07,0.09,0.01,0.1,0.09,0.1,Matches,10.0,3.0,30.0,0.72,0.22,0.1,0.33,15.6,0.0,0.13,-0.3,-0.3,650.0,769.0,84.5,12624.0,4993.0,189.0,219.0,86.3,402.0,436.0,92.2,56.0,103.0,54.4,0.2,-0.1,3.0,74.0,2.0,0.0,740.0,27.0,1.0,4.0,2.0,7.0,0.0,0.0,0.0,0.0,2.0,3.0,19.0,1.37,17.0,1.0,1.0,0.0,0.0,1.0,0.07,1.0,0.0,0.0,0.0,0.0,18.0,14.0,14.0,3.0,1.0,7.0,50.0,7.0,1.0,30.0,48.0,85.0,1.0,953.0,90.0,11.0,5.0,83.3,1.0,16.7,580.0,1.0,10.0,3.0,620.0,69.0,57.8,87.0,13,4,9.0,6,1.72,18.0,12.0,6.0,0.43,0.73,18.8,14.0,4.8,0.35,0.25,0.0,20.0,0.0,0.0,0.0,55.0,37.0,56.1,1.29,1.01,89.86,0.07,0.0,0.07,0.07,0.0,0.0,0.14,0.0,0.09,0.09,0.01,0.09,0.86,5.25,0.5,0.01,0.0,0.01,0.01,0.01,0.01,0.0,0.01,0.01,0.01,0.72,0.22,0.05,0.02,1.12,0.0,-0.02,-0.02,46.76,55.32,908.2,359.21,13.6,15.76,28.92,31.37,4.03,7.41,0.01,-0.01,0.22,5.32,0.14,0.0,53.24,1.94,0.07,0.29,0.14,0.5,0.0,0.0,0.0,0.0,0.14,0.22,1.37,0.1,1.22,0.07,0.07,0.0,0.0,0.07,0.01,0.07,0.0,0.0,0.0,0.0,1.29,1.01,1.01,0.22,0.07,0.5,0.5,0.07,2.16,3.45,6.12,0.07,68.56,6.47,0.79,0.36,0.07,41.73,0.07,0.72,0.22,44.6,0.94,0.29,0.43,0.12,1.29,0.86,0.43,0.03,1.35,1.01,0.35,0.03,0.0,1.44,0.0,0.0,0.0,3.96,2.66
473.0,João Othavio Basso,br BRA,DF,Santos,28-253,1997.0,6.0,6.0,518.0,5.8,1.0,0.0,1.0,1.0,0.0,0.0,2.0,0.0,0.2,0.2,0.0,0.2,3.0,8.0,0.0,0.17,0.0,0.17,0.17,0.17,0.03,0.0,0.04,0.03,0.04,Matches,1.0,1.0,100.0,0.17,0.17,1.0,1.0,9.1,0.0,0.19,0.8,0.8,219.0,258.0,84.9,4282.0,1616.0,72.0,79.0,91.1,125.0,138.0,90.6,22.0,36.0,61.1,0.0,0.0,1.0,17.0,0.0,0.0,235.0,23.0,0.0,1.0,0.0,3.0,0.0,0.0,0.0,0.0,0.0,3.0,3.0,0.52,3.0,0.0,0.0,0.0,0.0,0.0,0.0,0.0,0.0,0.0,0.0,0.0,7.0,4.0,7.0,0.0,0.0,3.0,60.0,2.0,1.0,5.0,12.0,25.0,0.0,308.0,48.0,4.0,2.0,100.0,0.0,0.0,142.0,0.0,2.0,1.0,184.0,86.0,25.0,86.0,4,0,,12,1.67,8.0,7.0,1.0,0.17,0.81,6.8,9.7,-2.9,-0.51,-0.43,0.0,10.0,0.0,0.0,0.0,14.0,15.0,78.9,1.03,1.03,89.31,0.17,0.0,0.17,0.17,0.0,0.0,0.34,0.0,0.03,0.03,0.0,0.03,0.52,1.38,0.0,0.03,0.0,0.03,0.03,0.03,0.01,0.0,0.01,0.01,0.01,0.17,0.17,0.03,0.03,1.57,0.0,0.14,0.14,37.76,44.48,738.28,278.62,12.41,13.62,21.55,23.79,3.79,6.21,0.0,0.0,0.17,2.93,0.0,0.0,40.52,3.97,0.0,0.17,0.0,0.52,0.0,0.0,0.0,0.0,0.0,0.52,0.52,0.09,0.52,0.0,0.0,0.0,0.0,0.0,0.0,0.0,0.0,0.0,0.0,0.0,1.21,0.69,1.21,0.0,0.0,0.52,0.34,0.17,0.86,2.07,4.31,0.0,53.1,8.28,0.69,0.34,0.0,24.48,0.0,0.34,0.17,31.72,0.69,0.0,2.07,0.29,1.38,1.21,0.17,0.03,1.17,1.67,-0.5,-0.09,0.0,1.72,0.0,0.0,0.0,2.41,2.59
493.0,João Pedro,br BRA,DF,Grêmio,28-312,1996.0,7.0,6.0,454.0,5.0,0.0,0.0,0.0,0.0,0.0,0.0,0.0,0.0,0.1,0.1,0.2,0.2,10.0,29.0,18.0,0.0,0.0,0.0,0.0,0.0,0.01,0.03,0.04,0.01,0.04,Matches,1.0,0.0,0.0,0.34,0.0,0.0,,13.7,0.0,0.03,0.0,0.0,149.0,170.0,87.6,2835.0,1276.0,48.0,52.0,92.3,84.0,89.0,94.4,15.0,26.0,57.7,0.1,0.9,2.0,14.0,1.0,0.0,159.0,11.0,0.0,0.0,1.0,1.0,0.0,0.0,0.0,0.0,0.0,1.0,2.0,0.68,2.0,0.0,0.0,0.0,0.0,0.0,0.0,0.0,0.0,0.0,0.0,0.0,4.0,1.0,3.0,1.0,0.0,3.0,60.0,2.0,2.0,3.0,7.0,16.0,0.0,206.0,29.0,2.0,2.0,66.7,1.0,33.3,128.0,0.0,0.0,2.0,137.0,53.0,12.2,90.0,2,3,28.0,16,1.4,2.0,1.0,1.0,0.34,0.63,2.1,2.9,-0.9,-0.29,-0.2,0.0,7.0,0.0,0.0,0.0,15.0,2.0,28.6,1.4,1.2,90.8,0.0,0.0,0.0,0.0,0.0,0.0,0.0,0.0,0.02,0.02,0.04,0.04,2.0,5.8,3.6,0.0,0.0,0.0,0.0,0.0,0.0,0.01,0.01,0.0,0.01,0.2,0.0,0.07,0.0,2.74,0.0,0.0,0.0,29.8,34.0,567.0,255.2,9.6,10.4,16.8,17.8,3.0,5.2,0.02,0.18,0.4,2.8,0.2,0.0,31.8,2.2,0.0,0.0,0.2,0.2,0.0,0.0,0.0,0.0,0.0,0.2,0.4,0.14,0.4,0.0,0.0,0.0,0.0,0.0,0.0,0.0,0.0,0.0,0.0,0.0,0.8,0.2,0.6,0.2,0.0,0.6,0.4,0.4,0.6,1.4,3.2,0.0,41.2,5.8,0.4,0.4,0.2,25.6,0.0,0.0,0.4,27.4,0.4,0.6,3.2,0.28,0.4,0.2,0.2,0.07,0.42,0.58,-0.18,-0.06,0.0,1.4,0.0,0.0,0.0,3.0,0.4
494.0,João Pedro Pepê,br BRA,MF,Vitória,27-260,1998.0,12.0,6.0,590.0,6.6,0.0,0.0,0.0,0.0,0.0,0.0,3.0,1.0,0.1,0.1,0.1,0.2,9.0,28.0,7.0,0.0,0.0,0.0,0.0,0.0,0.01,0.02,0.03,0.01,0.03,Matches,3.0,1.0,33.3,0.46,0.15,0.0,0.0,31.8,0.0,0.02,-0.1,-0.1,234.0,288.0,81.3,3833.0,1160.0,124.0,139.0,89.2,76.0,91.0,83.5,25.0,43.0,58.1,0.3,-0.1,3.0,29.0,1.0,1.0,263.0,24.0,0.0,4.0,10.0,5.0,5.0,3.0,2.0,0.0,1.0,2.0,11.0,1.68,11.0,0.0,0.0,0.0,0.0,2.0,0.31,2.0,0.0,0.0,0.0,0.0,21.0,14.0,6.0,11.0,4.0,10.0,71.4,4.0,4.0,9.0,30.0,10.0,0.0,362.0,18.0,4.0,3.0,37.5,4.0,50.0,177.0,0.0,9.0,5.0,218.0,49.0,27.3,81.0,4,6,17.0,4,0.92,5.0,18.0,-13.0,-1.98,-1.81,6.4,12.2,-5.8,-0.88,-0.62,0.0,20.0,0.0,0.0,0.0,38.0,8.0,57.1,1.82,0.91,89.39,0.0,0.0,0.0,0.0,0.0,0.0,0.45,0.15,0.02,0.02,0.02,0.03,1.36,4.24,1.06,0.0,0.0,0.0,0.0,0.0,0.0,0.0,0.0,0.0,0.0,0.45,0.15,0.07,0.02,4.82,0.0,-0.02,-0.02,35.45,43.64,580.76,175.76,18.79,21.06,11.52,13.79,3.79,6.52,0.05,-0.02,0.45,4.39,0.15,0.15,39.85,3.64,0.0,0.61,1.52,0.76,0.76,0.45,0.3,0.0,0.15,0.3,1.67,0.25,1.67,0.0,0.0,0.0,0.0,0.3,0.05,0.3,0.0,0.0,0.0,0.0,3.18,2.12,0.91,1.67,0.61,1.52,0.61,0.61,1.36,4.55,1.52,0.0,54.85,2.73,0.61,0.45,0.61,26.82,0.0,1.36,0.76,33.03,0.61,0.91,0.61,0.14,0.76,2.73,-1.97,-0.3,0.97,1.85,-0.88,-0.13,0.0,3.03,0.0,0.0,0.0,5.76,1.21
544.0,João Ricardo Riedi,br BRA,GK,Fortaleza,37-017,1988.0,13.0,13.0,1170.0,13.0,0.0,0.0,0.0,0.0,0.0,0.0,1.0,0.0,0.0,0.0,0.1,0.1,0.0,0.0,0.0,0.0,0.0,0.0,0.0,0.0,0.0,0.01,0.01,0.0,0.01,Matches,0.0,0.0,,0.0,0.0,,,,0.0,,0.0,0.0,261.0,362.0,72.1,7956.0,6282.0,50.0,50.0,100.0,115.0,115.0,100.0,95.0,195.0,48.7,0.0,-0.1,1.0,6.0,0.0,0.0,237.0,125.0,0.0,1.0,0.0,0.0,0.0,0.0,0.0,0.0,0.0,0.0,4.0,0.31,3.0,1.0,0.0,0.0,0.0,0.0,0.0,0.0,0.0,0.0,0.0,0.0,0.0,0.0,0.0,0.0,0.0,0.0,,0.0,0.0,0.0,0.0,8.0,0.0,390.0,324.0,0.0,0.0,,0.0,,200.0,0.0,0.0,0.0,149.0,90.0,56.5,90.0,13,0,,2,1.0,14.0,18.0,-4.0,-0.31,0.79,14.9,16.0,-1.2,-0.09,0.51,0.0,1.0,0.0,1.0,1.0,9.0,1.0,50.0,1.0,1.0,90.0,0.0,0.0,0.0,0.0,0.0,0.0,0.08,0.0,0.0,0.0,0.01,0.01,0.0,0.0,0.0,0.0,0.0,0.0,0.0,0.0,0.0,0.0,0.0,0.0,0.0,0.0,0.0,0.0,0.0,,0.0,0.0,0.0,20.08,27.85,612.0,483.23,3.85,3.85,8.85,8.85,7.31,15.0,0.0,-0.01,0.08,0.46,0.0,0.0,18.23,9.62,0.0,0.08,0.0,0.0,0.0,0.0,0.0,0.0,0.0,0.0,0.31,0.02,0.23,0.08,0.0,0.0,0.0,0.0,0.0,0.0,0.0,0.0,0.0,0.0,0.0,0.0,0.0,0.0,0.0,0.0,0.0,0.0,0.0,0.0,0.62,0.0,30.0,24.92,0.0,0.0,0.0,15.38,0.0,0.0,0.0,11.46,1.0,0.0,0.15,0.08,1.08,1.38,-0.31,-0.02,1.15,1.23,-0.09,-0.01,0.0,0.08,0.0,0.08,0.08,0.69,0.08
606.0,João Schmidt,br BRA,MF,Santos,32-127,1993.0,17.0,13.0,1157.0,12.9,0.0,1.0,1.0,0.0,0.0,0.0,4.0,0.0,0.5,0.5,0.7,1.2,4.0,83.0,6.0,0.0,0.08,0.08,0.0,0.08,0.04,0.05,0.09,0.04,0.09,Matches,8.0,1.0,12.5,0.62,0.08,0.0,0.0,15.5,0.0,0.06,-0.5,-0.5,608.0,689.0,88.2,10330.0,3709.0,278.0,296.0,93.9,266.0,286.0,93.0,48.0,74.0,64.9,0.5,0.3,8.0,78.0,9.0,0.0,666.0,18.0,1.0,4.0,1.0,1.0,0.0,0.0,0.0,0.0,5.0,8.0,19.0,1.48,17.0,1.0,0.0,0.0,0.0,1.0,0.08,1.0,0.0,0.0,0.0,0.0,22.0,12.0,6.0,12.0,4.0,8.0,34.8,15.0,15.0,17.0,39.0,36.0,0.0,816.0,56.0,10.0,2.0,66.7,1.0,33.3,466.0,0.0,9.0,8.0,553.0,68.0,55.9,86.0,7,4,10.0,2,1.12,14.0,18.0,-4.0,-0.31,0.28,14.9,16.6,-1.7,-0.13,0.14,0.0,29.0,0.0,0.0,0.0,60.0,25.0,71.4,1.32,1.01,89.69,0.0,0.08,0.08,0.0,0.0,0.0,0.31,0.0,0.04,0.04,0.05,0.09,0.31,6.43,0.47,0.0,0.01,0.01,0.0,0.01,0.0,0.0,0.01,0.0,0.01,0.62,0.08,0.05,0.01,1.2,0.0,-0.04,-0.04,47.13,53.41,800.78,287.52,21.55,22.95,20.62,22.17,3.72,5.74,0.04,0.02,0.62,6.05,0.7,0.0,51.63,1.4,0.08,0.31,0.08,0.08,0.0,0.0,0.0,0.0,0.39,0.62,1.47,0.11,1.32,0.08,0.0,0.0,0.0,0.08,0.01,0.08,0.0,0.0,0.0,0.0,1.71,0.93,0.47,0.93,0.31,0.62,1.16,1.16,1.32,3.02,2.79,0.0,63.26,4.34,0.78,0.16,0.08,36.12,0.0,0.7,0.62,42.87,0.54,0.31,0.16,0.09,1.09,1.4,-0.31,-0.02,1.16,1.29,-0.13,-0.01,0.0,2.25,0.0,0.0,0.0,4.65,1.94
617.0,João Silva,pt POR,DF,Sport Recife,26-252,1999.0,11.0,9.0,810.0,9.0,0.0,0.0,0.0,0.0,0.0,0.0,1.0,0.0,0.2,0.2,0.5,0.6,4.0,41.0,0.0,0.0,0.0,0.0,0.0,0.0,0.02,0.05,0.07,0.02,0.07,Matches,4.0,1.0,25.0,0.44,0.11,0.0,0.0,9.7,0.0,0.04,-0.2,-0.2,335.0,406.0,82.5,6981.0,2803.0,93.0,105.0,88.6,195.0,212.0,92.0,44.0,78.0,56.4,0.4,-0.5,1.0,32.0,3.0,0.0,393.0,13.0,1.0,2.0,2.0,2.0,0.0,0.0,0.0,0.0,0.0,5.0,4.0,0.44,4.0,0.0,0.0,0.0,0.0,0.0,0.0,0.0,0.0,0.0,0.0,0.0,9.0,6.0,7.0,1.0,1.0,2.0,25.0,6.0,3.0,7.0,16.0,35.0,0.0,490.0,63.0,9.0,1.0,100.0,0.0,0.0,269.0,1.0,7.0,2.0,325.0,74.0,40.9,90.0,8,2,2.0,11,0.55,6.0,18.0,-12.0,-1.33,-0.87,7.9,15.3,-7.4,-0.82,-0.49,0.0,9.0,0.0,0.0,0.0,19.0,21.0,56.8,1.22,1.0,90.0,0.0,0.0,0.0,0.0,0.0,0.0,0.11,0.0,0.02,0.02,0.06,0.07,0.44,4.56,0.0,0.0,0.0,0.0,0.0,0.0,0.0,0.01,0.01,0.0,0.01,0.44,0.11,0.05,0.01,1.08,0.0,-0.02,-0.02,37.22,45.11,775.67,311.44,10.33,11.67,21.67,23.56,4.89,8.67,0.04,-0.06,0.11,3.56,0.33,0.0,43.67,1.44,0.11,0.22,0.22,0.22,0.0,0.0,0.0,0.0,0.0,0.56,0.44,0.05,0.44,0.0,0.0,0.0,0.0,0.0,0.0,0.0,0.0,0.0,0.0,0.0,1.0,0.67,0.78,0.11,0.11,0.22,0.67,0.33,0.78,1.78,3.89,0.0,54.44,7.0,1.0,0.11,0.0,29.89,0.11,0.78,0.22,36.11,0.89,0.22,1.22,0.06,0.67,2.0,-1.33,-0.15,0.88,1.7,-0.82,-0.09,0.0,1.0,0.0,0.0,0.0,2.11,2.33
664.0,João Victor,br BRA,DF,Mirassol,28-021,1997.0,19.0,19.0,1709.0,19.0,1.0,1.0,2.0,1.0,0.0,0.0,6.0,1.0,1.2,1.2,0.7,1.9,6.0,40.0,4.0,0.05,0.05,0.11,0.05,0.11,0.06,0.04,0.1,0.06,0.1,Matches,8.0,2.0,25.0,0.42,0.11,0.13,0.5,17.5,0.0,0.15,-0.2,-0.2,763.0,844.0,90.4,14878.0,5327.0,265.0,283.0,93.6,392.0,411.0,95.4,98.0,135.0,72.6,0.6,0.3,4.0,19.0,0.0,0.0,783.0,60.0,0.0,5.0,1.0,2.0,0.0,0.0,0.0,0.0,1.0,3.0,14.0,0.74,10.0,0.0,0.0,0.0,2.0,2.0,0.11,1.0,0.0,0.0,0.0,0.0,15.0,10.0,7.0,7.0,1.0,8.0,72.7,3.0,8.0,18.0,33.0,109.0,0.0,1052.0,210.0,12.0,1.0,33.3,1.0,33.3,584.0,0.0,8.0,1.0,647.0,90.0,82.6,90.0,18,0,,0,1.79,35.0,21.0,14.0,0.74,-0.26,29.3,22.8,6.5,0.34,0.1,0.0,18.0,0.0,1.0,0.0,66.0,37.0,63.8,1.0,1.0,89.95,0.05,0.05,0.11,0.05,0.0,0.0,0.32,0.05,0.06,0.06,0.04,0.1,0.32,2.11,0.21,0.0,0.0,0.01,0.0,0.01,0.0,0.0,0.01,0.0,0.01,0.42,0.11,0.02,0.01,0.92,0.0,-0.01,-0.01,40.16,44.42,783.05,280.37,13.95,14.89,20.63,21.63,5.16,7.11,0.03,0.02,0.21,1.0,0.0,0.0,41.21,3.16,0.0,0.26,0.05,0.11,0.0,0.0,0.0,0.0,0.05,0.16,0.74,0.04,0.53,0.0,0.0,0.0,0.11,0.11,0.01,0.05,0.0,0.0,0.0,0.0,0.79,0.53,0.37,0.37,0.05,0.42,0.16,0.42,0.95,1.74,5.74,0.0,55.37,11.05,0.63,0.05,0.05,30.74,0.0,0.42,0.05,34.05,0.95,0.0,0.0,0.09,1.84,1.11,0.74,0.04,1.54,1.2,0.34,0.02,0.0,0.95,0.0,0.05,0.0,3.47,1.95
666.0,João Victor,br BRA,DF,Vasco da Gama,27-068,1998.0,16.0,16.0,1435.0,15.9,1.0,0.0,1.0,1.0,0.0,0.0,3.0,0.0,1.6,1.6,0.1,1.7,5.0,70.0,7.0,0.06,0.0,0.06,0.06,0.06,0.1,0.01,0.11,0.1,0.11,Matches,8.0,2.0,25.0,0.42,0.11,0.13,0.5,17.5,0.0,0.15,-0.2,-0.2,763.0,844.0,90.4,14878.0,5327.0,265.0,283.0,93.6,392.0,411.0,95.4,98.0,135.0,72.6,0.6,0.3,4.0,19.0,0.0,0.0,783.0,60.0,0.0,5.0,1.0,2.0,0.0,0.0,0.0,0.0,1.0,3.0,14.0,0.74,10.0,0.0,0.0,0.0,2.0,2.0,0.11,1.0,0.0,0.0,0.0,0.0,15.0,10.0,7.0,7.0,1.0,8.0,72.7,3.0,8.0,18.0,33.0,109.0,0.0,1052.0,210.0,12.0,1.0,33.3,1.0,33.3,584.0,0.0,8.0,1.0,647.0,90.0,82.6,90.0,18,0,,0,1.79,35.0,21.0,14.0,0.74,-0.26,29.3,22.8,6.5,0.34,0.1,0.0,18.0,0.0,1.0,0.0,66.0,37.0,63.8,1.01,1.01,90.25,0.06,0.0,0.06,0.06,0.0,0.0,0.19,0.0,0.1,0.1,0.01,0.11,0.31,4.4,0.44,0.0,0.0,0.0,0.0,0.0,0.01,0.0,0.01,0.01,0.01,0.5,0.13,0.03,0.01,1.1,0.0,-0.01,-0.01,47.99,53.08,935.72,335.03,16.67,17.8,24.65,25.85,6.16,8.49,0.04,0.02,0.25,1.19,0.0,0.0,49.25,3.77,0.0,0.31,0.06,0.13,0.0,0.0,0.0,0.0,0.06,0.19,0.88,0.05,0.63,0.0,0.0,0.0,0.13,0.13,0.01,0.06,0.0,0.0,0.0,0.0,0.94,0.63,0.44,0.44,0.06,0.5,0.19,0.5,1.13,2.08,6.86,0.0,66.16,13.21,0.75,0.06,0.06,36.73,0.0,0.5,0.06,40.69,1.13,0.0,0.0,0.11,2.2,1.32,0.88,0.05,1.84,1.43,0.41,0.02,0.0,1.13,0.0,0.06,0.0,4.15,2.33
219.0,Juan Freytes,ar ARG,DF,Fluminense,25-255,2000.0,18.0,18.0,1619.0,18.0,0.0,0.0,0.0,0.0,0.0,0.0,3.0,1.0,0.5,0.5,0.1,0.6,13.0,69.0,6.0,0.0,0.0,0.0,0.0,0.0,0.03,0.0,0.03,0.03,0.03,Matches,16.0,3.0,18.8,0.89,0.17,0.0,0.0,21.3,0.0,0.03,-0.5,-0.5,1082.0,1259.0,85.9,21785.0,8869.0,348.0,370.0,94.1,590.0,626.0,94.2,139.0,235.0,59.1,0.5,-0.1,3.0,72.0,5.0,1.0,1203.0,56.0,0.0,16.0,6.0,3.0,0.0,0.0,0.0,0.0,0.0,16.0,18.0,1.0,16.0,0.0,0.0,1.0,0.0,2.0,0.11,1.0,0.0,0.0,1.0,0.0,11.0,8.0,9.0,1.0,1.0,8.0,44.4,10.0,7.0,11.0,22.0,116.0,3.0,1451.0,208.0,13.0,7.0,63.6,3.0,27.3,954.0,0.0,8.0,2.0,1059.0,90.0,81.8,90.0,17,0,,0,1.22,22.0,27.0,-5.0,-0.28,-0.78,17.9,18.5,-0.6,-0.03,-0.21,0.0,10.0,1.0,0.0,0.0,75.0,33.0,54.1,1.0,1.0,89.94,0.0,0.0,0.0,0.0,0.0,0.0,0.17,0.06,0.03,0.03,0.01,0.03,0.72,3.83,0.33,0.0,0.0,0.0,0.0,0.0,0.0,0.0,0.0,0.0,0.0,0.89,0.17,0.05,0.01,1.18,0.0,-0.03,-0.03,60.11,69.94,1210.28,492.72,19.33,20.56,32.78,34.78,7.72,13.06,0.03,-0.01,0.17,4.0,0.28,0.06,66.83,3.11,0.0,0.89,0.33,0.17,0.0,0.0,0.0,0.0,0.0,0.89,1.0,0.06,0.89,0.0,0.0,0.06,0.0,0.11,0.01,0.06,0.0,0.0,0.06,0.0,0.61,0.44,0.5,0.06,0.06,0.44,0.56,0.39,0.61,1.22,6.44,0.17,80.61,11.56,0.72,0.39,0.17,53.0,0.0,0.44,0.11,58.83,0.94,0.0,0.0,0.07,1.22,1.5,-0.28,-0.02,0.99,1.03,-0.03,-0.0,0.0,0.56,0.06,0.0,0.0,4.17,1.83
399.0,Juan Martín Lucero,ar ARG,FW,Fortaleza,33-297,1991.0,21.0,13.0,1178.0,13.1,3.0,1.0,4.0,3.0,0.0,1.0,5.0,0.0,4.2,3.4,2.3,5.7,4.0,14.0,50.0,0.23,0.08,0.31,0.23,0.31,0.32,0.18,0.5,0.26,0.44,Matches,22.0,10.0,45.5,1.68,0.76,0.14,0.3,15.1,0.0,0.16,-1.2,-0.4,152.0,208.0,73.1,2051.0,309.0,84.0,111.0,75.7,50.0,65.0,76.9,6.0,8.0,75.0,1.9,-1.3,12.0,8.0,5.0,1.0,179.0,28.0,1.0,0.0,5.0,2.0,0.0,0.0,0.0,0.0,1.0,4.0,23.0,1.76,18.0,0.0,0.0,2.0,0.0,1.0,0.08,1.0,0.0,0.0,0.0,0.0,15.0,4.0,3.0,6.0,6.0,4.0,26.7,11.0,10.0,2.0,17.0,7.0,1.0,318.0,8.0,39.0,1.0,20.0,4.0,80.0,134.0,3.0,28.0,11.0,196.0,56.0,56.9,78.0,4,8,21.0,1,0.71,14.0,18.0,-4.0,-0.31,0.8,14.1,19.9,-5.8,-0.45,-0.32,0.0,31.0,0.0,0.0,0.0,19.0,23.0,36.5,1.6,0.99,89.92,0.23,0.08,0.31,0.23,0.0,0.08,0.38,0.0,0.32,0.26,0.18,0.44,0.31,1.07,3.82,0.02,0.01,0.02,0.02,0.02,0.02,0.01,0.04,0.02,0.03,1.68,0.76,0.13,0.06,1.15,0.0,-0.09,-0.03,11.6,15.88,156.56,23.59,6.41,8.47,3.82,4.96,0.46,0.61,0.15,-0.1,0.92,0.61,0.38,0.08,13.66,2.14,0.08,0.0,0.38,0.15,0.0,0.0,0.0,0.0,0.08,0.31,1.76,0.13,1.37,0.0,0.0,0.15,0.0,0.08,0.01,0.08,0.0,0.0,0.0,0.0,1.15,0.31,0.23,0.46,0.46,0.31,0.84,0.76,0.15,1.3,0.53,0.08,24.27,0.61,2.98,0.08,0.31,10.23,0.23,2.14,0.84,14.96,0.31,0.61,0.08,0.05,1.07,1.37,-0.31,-0.02,1.08,1.52,-0.44,-0.03,0.0,2.37,0.0,0.0,0.0,1.45,1.76
326.0,Juninho,br BRA,DF,Internacional,29-271,1995.0,11.0,11.0,990.0,11.0,0.0,0.0,0.0,0.0,0.0,0.0,3.0,0.0,0.9,0.9,0.0,0.9,5.0,39.0,2.0,0.0,0.0,0.0,0.0,0.0,0.08,0.0,0.08,0.08,0.08,Matches,10.0,2.0,20.0,3.23,0.65,0.0,0.0,16.1,0.0,0.08,-0.8,-0.8,32.0,39.0,82.1,435.0,64.0,18.0,22.0,81.8,12.0,13.0,92.3,0.0,0.0,,0.1,-0.2,3.0,1.0,1.0,0.0,35.0,3.0,0.0,0.0,0.0,0.0,0.0,0.0,0.0,0.0,1.0,1.0,8.0,2.6,5.0,0.0,0.0,1.0,0.0,0.0,0.0,0.0,0.0,0.0,0.0,0.0,7.0,6.0,1.0,4.0,2.0,1.0,25.0,3.0,2.0,1.0,8.0,4.0,0.0,79.0,3.0,11.0,0.0,0.0,5.0,83.3,44.0,0.0,9.0,9.0,51.0,25.0,13.5,78.0,0,9,14.0,6,1.91,3.0,2.0,1.0,0.32,-1.49,3.7,2.2,1.5,0.47,-0.44,0.0,6.0,0.0,0.0,0.0,8.0,6.0,42.9,1.0,1.0,90.0,0.0,0.0,0.0,0.0,0.0,0.0,0.27,0.0,0.08,0.08,0.0,0.08,0.45,3.55,0.18,0.0,0.0,0.0,0.0,0.0,0.01,0.0,0.01,0.01,0.01,0.91,0.18,0.29,0.06,1.46,0.0,-0.07,-0.07,2.91,3.55,39.55,5.82,1.64,2.0,1.09,1.18,0.0,0.0,0.01,-0.02,0.27,0.09,0.09,0.0,3.18,0.27,0.0,0.0,0.0,0.0,0.0,0.0,0.0,0.0,0.09,0.09,0.73,0.24,0.45,0.0,0.0,0.09,0.0,0.0,0.0,0.0,0.0,0.0,0.0,0.0,0.64,0.55,0.09,0.36,0.18,0.09,0.27,0.18,0.09,0.73,0.36,0.0,7.18,0.27,1.0,0.0,0.45,4.0,0.0,0.82,0.82,4.64,0.0,0.82,0.55,0.17,0.27,0.18,0.09,0.03,0.34,0.2,0.14,0.04,0.0,0.55,0.0,0.0,0.0,0.73,0.55
109.0,Juninho Capixaba,br BRA,DF,RB Bragantino,28-079,1997.0,12.0,12.0,1080.0,12.0,1.0,0.0,1.0,1.0,0.0,0.0,1.0,0.0,1.5,1.5,1.2,2.7,20.0,78.0,50.0,0.08,0.0,0.08,0.08,0.08,0.13,0.1,0.22,0.13,0.22,Matches,16.0,4.0,25.0,1.33,0.33,0.06,0.25,18.2,3.0,0.1,-0.5,-0.5,581.0,740.0,78.5,11093.0,4813.0,225.0,264.0,85.2,272.0,328.0,82.9,73.0,110.0,66.4,1.2,-1.2,15.0,63.0,10.0,3.0,596.0,140.0,1.0,6.0,27.0,100.0,1.0,0.0,1.0,0.0,4.0,16.0,36.0,3.0,28.0,5.0,0.0,1.0,0.0,2.0,0.17,2.0,0.0,0.0,0.0,0.0,33.0,24.0,17.0,13.0,3.0,14.0,51.9,13.0,15.0,16.0,49.0,57.0,1.0,919.0,55.0,16.0,7.0,25.0,15.0,53.6,458.0,2.0,15.0,7.0,522.0,90.0,50.0,90.0,12,0,,0,2.17,16.0,9.0,7.0,0.58,1.67,13.9,12.2,1.7,0.15,0.63,0.0,17.0,0.0,0.0,0.0,56.0,22.0,55.0,1.0,1.0,90.0,0.08,0.0,0.08,0.08,0.0,0.0,0.08,0.0,0.12,0.12,0.1,0.22,1.67,6.5,4.17,0.01,0.0,0.01,0.01,0.01,0.01,0.01,0.02,0.01,0.02,1.33,0.33,0.11,0.03,1.52,0.25,-0.04,-0.04,48.42,61.67,924.42,401.08,18.75,22.0,22.67,27.33,6.08,9.17,0.1,-0.1,1.25,5.25,0.83,0.25,49.67,11.67,0.08,0.5,2.25,8.33,0.08,0.0,0.08,0.0,0.33,1.33,3.0,0.25,2.33,0.42,0.0,0.08,0.0,0.17,0.01,0.17,0.0,0.0,0.0,0.0,2.75,2.0,1.42,1.08,0.25,1.17,1.08,1.25,1.33,4.08,4.75,0.08,76.58,4.58,1.33,0.58,1.25,38.17,0.17,1.25,0.58,43.5,1.0,0.0,0.0,0.18,1.33,0.75,0.58,0.05,1.16,1.02,0.14,0.01,0.0,1.42,0.0,0.0,0.0,4.67,1.83
18.0,Júnior Alonso,py PAR,DF,Atlético Mineiro,32-226,1993.0,20.0,20.0,1725.0,19.2,0.0,1.0,1.0,0.0,0.0,0.0,3.0,1.0,0.4,0.4,0.1,0.6,20.0,114.0,12.0,0.0,0.05,0.05,0.0,0.05,0.02,0.01,0.03,0.02,0.03,Matches,11.0,3.0,27.3,0.57,0.16,0.0,0.0,17.5,0.0,0.04,-0.4,-0.4,1157.0,1327.0,87.2,22006.0,8356.0,392.0,422.0,92.9,633.0,692.0,91.5,119.0,175.0,68.0,0.4,0.9,5.0,112.0,6.0,1.0,1215.0,104.0,0.0,5.0,6.0,28.0,0.0,0.0,0.0,0.0,8.0,12.0,20.0,1.04,18.0,1.0,0.0,0.0,0.0,2.0,0.1,2.0,0.0,0.0,0.0,0.0,23.0,13.0,14.0,8.0,1.0,15.0,65.2,8.0,4.0,22.0,45.0,98.0,0.0,1517.0,156.0,18.0,2.0,66.7,1.0,33.3,882.0,2.0,5.0,4.0,1004.0,86.0,87.1,86.0,14,0,,0,1.2,18.0,21.0,-3.0,-0.16,0.55,21.1,18.6,2.5,0.13,0.42,0.0,16.0,0.0,0.0,1.0,88.0,42.0,58.3,1.04,1.04,89.84,0.0,0.05,0.05,0.0,0.0,0.0,0.16,0.05,0.02,0.02,0.01,0.03,1.04,5.94,0.62,0.0,0.0,0.0,0.0,0.0,0.0,0.0,0.0,0.0,0.0,0.57,0.16,0.03,0.01,0.91,0.0,-0.02,-0.02,60.26,69.11,1146.15,435.21,20.42,21.98,32.97,36.04,6.2,9.11,0.02,0.05,0.26,5.83,0.31,0.05,63.28,5.42,0.0,0.26,0.31,1.46,0.0,0.0,0.0,0.0,0.42,0.62,1.04,0.05,0.94,0.05,0.0,0.0,0.0,0.1,0.01,0.1,0.0,0.0,0.0,0.0,1.2,0.68,0.73,0.42,0.05,0.78,0.42,0.21,1.15,2.34,5.1,0.0,79.01,8.12,0.94,0.1,0.05,45.94,0.1,0.26,0.21,52.29,0.73,0.0,0.0,0.06,0.94,1.09,-0.16,-0.01,1.1,0.97,0.13,0.01,0.0,0.83,0.0,0.0,0.05,4.58,2.19
328.0,Kaiki,br BRA,DF,Cruzeiro,22-199,2003.0,22.0,22.0,1943.0,21.6,1.0,3.0,4.0,1.0,0.0,0.0,6.0,0.0,2.5,2.5,2.5,5.0,42.0,66.0,97.0,0.05,0.14,0.19,0.05,0.19,0.12,0.12,0.23,0.12,0.23,Matches,31.0,7.0,22.6,1.44,0.32,0.03,0.14,16.2,0.0,0.08,-1.5,-1.5,603.0,810.0,74.4,9692.0,3510.0,296.0,332.0,89.2,261.0,345.0,75.7,35.0,92.0,38.0,1.2,0.5,18.0,48.0,15.0,9.0,612.0,196.0,0.0,0.0,58.0,186.0,0.0,0.0,0.0,0.0,2.0,20.0,37.0,1.71,24.0,2.0,5.0,0.0,1.0,4.0,0.19,2.0,0.0,0.0,0.0,0.0,66.0,53.0,45.0,17.0,4.0,24.0,72.7,9.0,19.0,30.0,96.0,97.0,0.0,1159.0,90.0,41.0,24.0,46.2,26.0,50.0,512.0,6.0,29.0,25.0,567.0,88.0,90.0,88.0,19,0,,0,2.09,35.0,16.0,19.0,0.88,-0.36,29.6,17.4,12.2,0.56,0.88,0.0,44.0,0.0,0.0,0.0,100.0,33.0,50.0,1.02,1.02,89.95,0.05,0.14,0.19,0.05,0.0,0.0,0.28,0.0,0.12,0.12,0.12,0.23,1.94,3.06,4.49,0.0,0.01,0.01,0.0,0.01,0.01,0.01,0.01,0.01,0.01,1.44,0.32,0.07,0.01,0.75,0.0,-0.07,-0.07,27.92,37.5,448.7,162.5,13.7,15.37,12.08,15.97,1.62,4.26,0.06,0.02,0.83,2.22,0.69,0.42,28.33,9.07,0.0,0.0,2.69,8.61,0.0,0.0,0.0,0.0,0.09,0.93,1.71,0.08,1.11,0.09,0.23,0.0,0.05,0.19,0.01,0.09,0.0,0.0,0.0,0.0,3.06,2.45,2.08,0.79,0.19,1.11,0.42,0.88,1.39,4.44,4.49,0.0,53.66,4.17,1.9,1.11,1.2,23.7,0.28,1.34,1.16,26.25,0.88,0.0,0.0,0.1,1.62,0.74,0.88,0.04,1.37,0.81,0.56,0.03,0.0,2.04,0.0,0.0,0.0,4.63,1.53
319.0,Kaio Jorge,br BRA,FW,Cruzeiro,23-242,2002.0,23.0,23.0,1787.0,19.9,15.0,6.0,21.0,15.0,0.0,1.0,2.0,0.0,11.7,10.9,2.3,13.2,40.0,28.0,132.0,0.76,0.3,1.06,0.76,1.06,0.59,0.12,0.7,0.55,0.66,Matches,68.0,26.0,38.2,3.42,1.31,0.22,0.58,17.4,1.0,0.16,3.3,4.1,240.0,329.0,72.9,3470.0,590.0,132.0,165.0,80.0,61.0,78.0,78.2,20.0,29.0,69.0,1.1,3.7,20.0,9.0,9.0,0.0,295.0,32.0,1.0,7.0,14.0,4.0,0.0,0.0,0.0,0.0,2.0,12.0,48.0,2.42,27.0,0.0,3.0,10.0,0.0,12.0,0.6,6.0,0.0,2.0,2.0,0.0,9.0,6.0,2.0,5.0,2.0,4.0,44.4,5.0,13.0,5.0,14.0,6.0,0.0,576.0,11.0,110.0,21.0,38.9,29.0,53.7,357.0,26.0,61.0,20.0,424.0,78.0,82.7,78.0,4,0,,1,2.17,34.0,13.0,21.0,1.06,0.82,27.6,15.3,12.3,0.62,0.84,0.0,26.0,2.0,0.0,0.0,37.0,30.0,38.5,1.16,1.16,89.8,0.75,0.3,1.06,0.75,0.0,0.05,0.1,0.0,0.59,0.55,0.12,0.66,2.01,1.41,6.63,0.04,0.02,0.05,0.04,0.05,0.03,0.01,0.04,0.03,0.03,3.42,1.31,0.17,0.07,0.87,0.05,0.17,0.21,12.06,16.53,174.37,29.65,6.63,8.29,3.07,3.92,1.01,1.46,0.06,0.19,1.01,0.45,0.45,0.0,14.82,1.61,0.05,0.35,0.7,0.2,0.0,0.0,0.0,0.0,0.1,0.6,2.41,0.12,1.36,0.0,0.15,0.5,0.0,0.6,0.03,0.3,0.0,0.1,0.1,0.0,0.45,0.3,0.1,0.25,0.1,0.2,0.25,0.65,0.25,0.7,0.3,0.0,28.94,0.55,5.53,1.06,1.46,17.94,1.31,3.07,1.01,21.31,0.2,0.0,0.05,0.11,1.71,0.65,1.06,0.05,1.39,0.77,0.62,0.03,0.0,1.31,0.1,0.0,0.0,1.86,1.51
480.0,Kaio Pantaleão,br BRA,DF,Botafogo (RJ),30-015,1995.0,9.0,9.0,765.0,8.5,0.0,0.0,0.0,0.0,0.0,0.0,0.0,0.0,0.6,0.6,0.0,0.6,8.0,16.0,5.0,0.0,0.0,0.0,0.0,0.0,0.07,0.0,0.07,0.07,0.07,Matches,8.0,2.0,25.0,0.94,0.24,0.0,0.0,13.4,0.0,0.08,-0.6,-0.6,368.0,425.0,86.6,6569.0,1895.0,137.0,151.0,90.7,200.0,217.0,92.2,26.0,46.0,56.5,0.0,0.0,0.0,18.0,0.0,0.0,409.0,15.0,0.0,2.0,1.0,1.0,0.0,0.0,0.0,0.0,1.0,4.0,4.0,0.47,4.0,0.0,0.0,0.0,0.0,0.0,0.0,0.0,0.0,0.0,0.0,0.0,10.0,8.0,4.0,5.0,1.0,3.0,37.5,5.0,5.0,14.0,24.0,49.0,1.0,526.0,55.0,10.0,3.0,42.9,1.0,14.3,322.0,1.0,5.0,1.0,346.0,85.0,37.0,85.0,8,0,,0,1.67,12.0,8.0,4.0,0.47,-0.43,12.1,8.3,3.8,0.44,0.18,0.0,11.0,0.0,0.0,0.0,41.0,26.0,61.9,1.06,1.06,90.0,0.0,0.0,0.0,0.0,0.0,0.0,0.0,0.0,0.07,0.07,0.0,0.07,0.94,1.88,0.59,0.0,0.0,0.0,0.0,0.0,0.01,0.0,0.01,0.01,0.01,0.94,0.24,0.11,0.03,1.58,0.0,-0.07,-0.07,43.29,50.0,772.82,222.94,16.12,17.76,23.53,25.53,3.06,5.41,0.0,0.0,0.0,2.12,0.0,0.0,48.12,1.76,0.0,0.24,0.12,0.12,0.0,0.0,0.0,0.0,0.12,0.47,0.47,0.06,0.47,0.0,0.0,0.0,0.0,0.0,0.0,0.0,0.0,0.0,0.0,0.0,1.18,0.94,0.47,0.59,0.12,0.35,0.59,0.59,1.65,2.82,5.76,0.12,61.88,6.47,1.18,0.35,0.12,37.88,0.12,0.59,0.12,40.71,0.94,0.0,0.0,0.2,1.41,0.94,0.47,0.06,1.42,0.98,0.45,0.05,0.0,1.29,0.0,0.0,0.0,4.82,3.06
126.0,Kayky Chagas,br BRA,"FW,MF",Bahia,22-104,2003.0,17.0,5.0,606.0,6.7,1.0,1.0,2.0,1.0,0.0,0.0,1.0,0.0,1.1,1.1,0.8,1.9,28.0,23.0,66.0,0.15,0.15,0.3,0.15,0.3,0.17,0.12,0.29,0.17,0.29,Matches,12.0,5.0,41.7,1.78,0.74,0.08,0.2,15.2,0.0,0.09,-0.1,-0.1,207.0,256.0,80.9,3003.0,652.0,128.0,155.0,82.6,63.0,71.0,88.7,13.0,16.0,81.3,1.2,0.2,10.0,15.0,11.0,1.0,251.0,4.0,1.0,2.0,7.0,4.0,0.0,0.0,0.0,0.0,1.0,8.0,25.0,3.71,14.0,0.0,7.0,2.0,0.0,4.0,0.59,1.0,0.0,1.0,2.0,0.0,12.0,5.0,6.0,3.0,3.0,2.0,18.2,9.0,8.0,2.0,14.0,4.0,0.0,340.0,2.0,28.0,15.0,60.0,8.0,32.0,224.0,12.0,19.0,7.0,273.0,36.0,30.6,66.0,0,12,23.0,5,1.59,14.0,10.0,4.0,0.59,0.53,8.9,9.6,-0.7,-0.11,-0.2,0.0,5.0,2.0,0.0,0.0,15.0,3.0,100.0,2.54,0.75,90.45,0.15,0.15,0.3,0.15,0.0,0.0,0.15,0.0,0.16,0.16,0.12,0.28,4.18,3.43,9.85,0.02,0.02,0.04,0.02,0.04,0.03,0.02,0.04,0.03,0.04,1.79,0.75,0.27,0.11,2.27,0.0,-0.01,-0.01,30.9,38.21,448.21,97.31,19.1,23.13,9.4,10.6,1.94,2.39,0.18,0.03,1.49,2.24,1.64,0.15,37.46,0.6,0.15,0.3,1.04,0.6,0.0,0.0,0.0,0.0,0.15,1.19,3.73,0.55,2.09,0.0,1.04,0.3,0.0,0.6,0.09,0.15,0.0,0.15,0.3,0.0,1.79,0.75,0.9,0.45,0.45,0.3,1.34,1.19,0.3,2.09,0.6,0.0,50.75,0.3,4.18,2.24,1.19,33.43,1.79,2.84,1.04,40.75,0.0,1.79,0.75,0.24,2.09,1.49,0.6,0.09,1.33,1.43,-0.1,-0.02,0.0,0.75,0.3,0.0,0.0,2.24,0.45
609.0,Kevin Serna,co COL,"FW,MF",Fluminense,27-280,1997.0,18.0,10.0,924.0,10.3,3.0,2.0,5.0,3.0,0.0,0.0,2.0,0.0,2.6,2.6,1.5,4.1,44.0,24.0,92.0,0.29,0.19,0.49,0.29,0.49,0.26,0.15,0.4,0.26,0.4,Matches,21.0,7.0,33.3,2.05,0.68,0.14,0.43,14.4,0.0,0.13,0.4,0.4,223.0,331.0,67.4,3052.0,885.0,145.0,182.0,79.7,63.0,94.0,67.0,9.0,25.0,36.0,2.1,0.5,17.0,16.0,10.0,5.0,322.0,9.0,0.0,0.0,35.0,6.0,3.0,0.0,1.0,0.0,0.0,13.0,40.0,3.9,26.0,1.0,5.0,3.0,1.0,4.0,0.39,2.0,0.0,1.0,1.0,0.0,22.0,16.0,8.0,12.0,2.0,11.0,61.1,7.0,4.0,5.0,27.0,8.0,0.0,477.0,8.0,58.0,23.0,39.7,32.0,55.2,304.0,23.0,35.0,12.0,329.0,51.0,46.7,68.0,3,8,31.0,2,1.33,14.0,17.0,-3.0,-0.29,-0.29,13.1,12.8,0.3,0.03,0.04,0.0,8.0,1.0,0.0,0.0,50.0,21.0,55.3,1.75,0.97,89.71,0.29,0.19,0.49,0.29,0.0,0.0,0.19,0.0,0.25,0.25,0.15,0.4,4.27,2.33,8.93,0.03,0.02,0.05,0.03,0.05,0.03,0.01,0.04,0.03,0.04,2.04,0.68,0.2,0.07,1.4,0.0,0.04,0.04,21.65,32.14,296.31,85.92,14.08,17.67,6.12,9.13,0.87,2.43,0.2,0.05,1.65,1.55,0.97,0.49,31.26,0.87,0.0,0.0,3.4,0.58,0.29,0.0,0.1,0.0,0.0,1.26,3.88,0.38,2.52,0.1,0.49,0.29,0.1,0.39,0.04,0.19,0.0,0.1,0.1,0.0,2.14,1.55,0.78,1.17,0.19,1.07,0.68,0.39,0.49,2.62,0.78,0.0,46.31,0.78,5.63,2.23,3.11,29.51,2.23,3.4,1.17,31.94,0.29,0.78,0.19,0.13,1.36,1.65,-0.29,-0.03,1.27,1.24,0.03,0.0,0.0,0.78,0.1,0.0,0.0,4.85,2.04
181.0,Leandro Emmanuel Martínez,ar ARG,MF,Fortaleza,31-111,1994.0,14.0,8.0,741.0,8.2,1.0,1.0,2.0,1.0,0.0,0.0,6.0,0.0,0.4,0.4,0.6,1.0,12.0,37.0,22.0,0.12,0.12,0.24,0.12,0.24,0.05,0.07,0.13,0.05,0.13,Matches,10.0,4.0,40.0,1.21,0.49,0.1,0.25,24.2,0.0,0.04,0.6,0.6,373.0,423.0,88.2,5897.0,1654.0,183.0,199.0,92.0,159.0,175.0,90.9,20.0,30.0,66.7,0.5,0.4,8.0,32.0,6.0,4.0,396.0,24.0,1.0,2.0,18.0,1.0,12.0,1.0,8.0,0.0,3.0,7.0,28.0,3.4,23.0,4.0,0.0,0.0,1.0,3.0,0.36,3.0,0.0,0.0,0.0,0.0,17.0,10.0,5.0,11.0,1.0,9.0,50.0,9.0,8.0,7.0,24.0,10.0,1.0,494.0,18.0,9.0,7.0,43.8,8.0,50.0,279.0,2.0,7.0,9.0,342.0,53.0,35.8,75.0,3,6,23.0,2,0.79,7.0,16.0,-9.0,-1.09,-0.69,7.8,15.5,-7.7,-0.93,-0.97,0.0,18.0,0.0,0.0,0.0,51.0,1.0,16.7,1.71,0.98,90.37,0.12,0.12,0.24,0.12,0.0,0.0,0.73,0.0,0.05,0.05,0.07,0.12,1.46,4.51,2.68,0.01,0.01,0.03,0.01,0.03,0.01,0.01,0.02,0.01,0.02,1.22,0.49,0.15,0.06,2.95,0.0,0.07,0.07,45.49,51.59,719.15,201.71,22.32,24.27,19.39,21.34,2.44,3.66,0.06,0.05,0.98,3.9,0.73,0.49,48.29,2.93,0.12,0.24,2.2,0.12,1.46,0.12,0.98,0.0,0.37,0.85,3.41,0.41,2.8,0.49,0.0,0.0,0.12,0.37,0.04,0.37,0.0,0.0,0.0,0.0,2.07,1.22,0.61,1.34,0.12,1.1,1.1,0.98,0.85,2.93,1.22,0.12,60.24,2.2,1.1,0.85,0.98,34.02,0.24,0.85,1.1,41.71,0.37,0.73,0.24,0.1,0.85,1.95,-1.1,-0.13,0.95,1.89,-0.94,-0.11,0.0,2.2,0.0,0.0,0.0,6.22,0.12
47.0,Leo Augusto Pereira,br BRA,FW,Sport Recife,25-086,2000.0,7.0,6.0,481.0,5.3,0.0,1.0,1.0,0.0,0.0,0.0,0.0,0.0,1.0,1.0,1.1,2.1,17.0,6.0,39.0,0.0,0.19,0.19,0.0,0.19,0.18,0.21,0.39,0.18,0.39,Matches,4.0,1.0,25.0,2.17,0.54,0.0,0.0,19.9,0.0,0.03,-0.1,-0.1,16.0,27.0,59.3,186.0,24.0,15.0,16.0,93.8,1.0,5.0,20.0,0.0,1.0,0.0,0.0,-0.1,3.0,0.0,0.0,0.0,25.0,1.0,0.0,0.0,8.0,1.0,0.0,0.0,0.0,0.0,1.0,2.0,5.0,2.73,2.0,1.0,0.0,1.0,0.0,0.0,0.0,0.0,0.0,0.0,0.0,0.0,3.0,3.0,0.0,3.0,0.0,1.0,33.3,2.0,0.0,1.0,4.0,0.0,0.0,52.0,1.0,5.0,2.0,28.6,2.0,28.6,35.0,0.0,8.0,5.0,39.0,28.0,7.7,,0,6,28.0,9,0.33,1.0,4.0,-3.0,-1.63,-1.04,1.1,2.7,-1.7,-0.9,-0.5,0.0,5.0,0.0,0.0,0.0,3.0,3.0,50.0,1.32,1.13,90.75,0.0,0.19,0.19,0.0,0.0,0.0,0.0,0.0,0.19,0.19,0.21,0.4,3.21,1.13,7.36,0.0,0.04,0.04,0.0,0.04,0.03,0.04,0.07,0.03,0.07,0.75,0.19,0.41,0.1,3.75,0.0,-0.02,-0.02,3.02,5.09,35.09,4.53,2.83,3.02,0.19,0.94,0.0,0.19,0.0,-0.02,0.57,0.0,0.0,0.0,4.72,0.19,0.0,0.0,1.51,0.19,0.0,0.0,0.0,0.0,0.19,0.38,0.94,0.52,0.38,0.19,0.0,0.19,0.0,0.0,0.0,0.0,0.0,0.0,0.0,0.0,0.57,0.57,0.0,0.57,0.0,0.19,0.38,0.0,0.19,0.75,0.0,0.0,9.81,0.19,0.94,0.38,0.38,6.6,0.0,1.51,0.94,7.36,0.0,1.13,1.7,0.06,0.19,0.75,-0.57,-0.31,0.21,0.51,-0.32,-0.17,0.0,0.94,0.0,0.0,0.0,0.57,0.57
468.0,Leo Ortiz,br BRA,DF,Flamengo,29-263,1996.0,21.0,21.0,1818.0,20.2,1.0,2.0,3.0,1.0,0.0,0.0,3.0,0.0,0.9,0.9,1.4,2.3,22.0,151.0,3.0,0.05,0.1,0.15,0.05,0.15,0.04,0.07,0.11,0.04,0.11,Matches,15.0,5.0,33.3,0.74,0.25,0.07,0.2,12.0,0.0,0.06,0.1,0.1,1456.0,1600.0,91.0,28040.0,10821.0,489.0,522.0,93.7,788.0,831.0,94.8,165.0,221.0,74.7,0.8,0.6,8.0,151.0,10.0,4.0,1547.0,51.0,2.0,20.0,5.0,1.0,1.0,0.0,0.0,0.0,2.0,1.0,23.0,1.14,21.0,0.0,0.0,0.0,1.0,3.0,0.15,2.0,0.0,0.0,0.0,0.0,26.0,15.0,13.0,12.0,1.0,8.0,80.0,2.0,2.0,12.0,38.0,87.0,4.0,1781.0,131.0,18.0,6.0,75.0,1.0,12.5,1106.0,0.0,12.0,2.0,1343.0,87.0,87.8,87.0,18,0,,1,2.14,40.0,9.0,31.0,1.53,-0.61,30.8,14.1,16.7,0.83,-0.24,0.0,16.0,0.0,0.0,0.0,87.0,47.0,66.2,1.04,1.04,90.0,0.05,0.1,0.15,0.05,0.0,0.0,0.15,0.0,0.04,0.04,0.07,0.11,1.09,7.48,0.15,0.0,0.0,0.01,0.0,0.01,0.0,0.0,0.01,0.0,0.01,0.74,0.25,0.04,0.01,0.59,0.0,0.0,0.0,72.08,79.21,1388.12,535.69,24.21,25.84,39.01,41.14,8.17,10.94,0.04,0.03,0.4,7.48,0.5,0.2,76.58,2.52,0.1,0.99,0.25,0.05,0.05,0.0,0.0,0.0,0.1,0.05,1.14,0.06,1.04,0.0,0.0,0.0,0.05,0.15,0.01,0.1,0.0,0.0,0.0,0.0,1.29,0.74,0.64,0.59,0.05,0.4,0.1,0.1,0.59,1.88,4.31,0.2,88.17,6.49,0.89,0.3,0.05,54.75,0.0,0.59,0.1,66.49,0.89,0.0,0.05,0.11,1.98,0.45,1.53,0.08,1.52,0.7,0.83,0.04,0.0,0.79,0.0,0.0,0.0,4.31,2.33
349.0,Lima,br BRA,"MF,FW",Fluminense,29-104,1996.0,16.0,9.0,780.0,8.7,1.0,0.0,1.0,1.0,0.0,0.0,2.0,0.0,2.0,2.0,0.3,2.3,15.0,22.0,42.0,0.12,0.0,0.12,0.12,0.12,0.23,0.04,0.27,0.23,0.27,Matches,20.0,4.0,20.0,2.31,0.46,0.05,0.25,19.5,0.0,0.1,-1.0,-1.0,331.0,383.0,86.4,4274.0,846.0,209.0,226.0,92.5,100.0,110.0,90.9,8.0,18.0,44.4,0.2,-0.3,5.0,28.0,1.0,0.0,362.0,19.0,1.0,1.0,8.0,3.0,6.0,3.0,1.0,0.0,2.0,7.0,22.0,2.54,16.0,0.0,1.0,4.0,0.0,2.0,0.23,1.0,0.0,1.0,0.0,0.0,12.0,7.0,2.0,9.0,1.0,3.0,37.5,5.0,4.0,7.0,19.0,1.0,0.0,472.0,5.0,19.0,13.0,46.4,13.0,46.4,273.0,1.0,15.0,13.0,370.0,49.0,39.4,63.0,1,7,30.0,3,1.75,8.0,8.0,0.0,0.0,0.23,8.6,6.2,2.4,0.28,0.44,0.0,13.0,0.0,0.0,0.0,32.0,5.0,41.7,1.84,1.03,89.66,0.11,0.0,0.11,0.11,0.0,0.0,0.23,0.0,0.23,0.23,0.03,0.26,1.72,2.53,4.83,0.01,0.0,0.01,0.01,0.01,0.03,0.0,0.03,0.03,0.03,2.3,0.46,0.27,0.05,2.24,0.0,-0.11,-0.11,38.05,44.02,491.26,97.24,24.02,25.98,11.49,12.64,0.92,2.07,0.02,-0.03,0.57,3.22,0.11,0.0,41.61,2.18,0.11,0.11,0.92,0.34,0.69,0.34,0.11,0.0,0.23,0.8,2.53,0.29,1.84,0.0,0.11,0.46,0.0,0.23,0.03,0.11,0.0,0.11,0.0,0.0,1.38,0.8,0.23,1.03,0.11,0.34,0.57,0.46,0.8,2.18,0.11,0.0,54.25,0.57,2.18,1.49,1.49,31.38,0.11,1.72,1.49,42.53,0.11,0.8,0.34,0.2,0.92,0.92,0.0,0.0,0.99,0.71,0.28,0.03,0.0,1.49,0.0,0.0,0.0,3.68,0.57
360.0,Lourenço,br BRA,MF,Ceará,28-016,1997.0,20.0,9.0,864.0,9.6,2.0,1.0,3.0,2.0,0.0,1.0,0.0,0.0,1.7,0.8,1.4,2.2,7.0,43.0,25.0,0.21,0.1,0.31,0.21,0.31,0.17,0.15,0.32,0.08,0.23,Matches,18.0,6.0,33.3,1.87,0.62,0.11,0.33,28.4,4.0,0.04,0.3,1.2,277.0,377.0,73.5,5728.0,1842.0,92.0,112.0,82.1,135.0,164.0,82.3,47.0,79.0,59.5,1.1,-0.4,14.0,36.0,6.0,1.0,328.0,44.0,1.0,9.0,29.0,1.0,18.0,7.0,9.0,0.0,5.0,12.0,40.0,4.17,25.0,7.0,2.0,2.0,0.0,4.0,0.42,1.0,1.0,0.0,0.0,0.0,16.0,10.0,9.0,5.0,2.0,7.0,77.8,2.0,7.0,9.0,25.0,24.0,0.0,489.0,23.0,7.0,4.0,36.4,5.0,45.5,241.0,1.0,16.0,14.0,274.0,43.0,41.7,69.0,0,11,22.0,2,1.25,11.0,11.0,0.0,0.0,0.07,10.5,12.2,-1.7,-0.18,-0.31,0.0,19.0,0.0,0.0,0.0,45.0,13.0,56.5,2.08,0.94,90.0,0.21,0.1,0.31,0.21,0.0,0.1,0.0,0.0,0.18,0.08,0.15,0.23,0.73,4.48,2.6,0.02,0.01,0.03,0.02,0.03,0.02,0.02,0.03,0.01,0.02,1.88,0.62,0.19,0.06,2.96,0.42,0.03,0.12,28.85,39.27,596.67,191.88,9.58,11.67,14.06,17.08,4.9,8.23,0.11,-0.04,1.46,3.75,0.62,0.1,34.17,4.58,0.1,0.94,3.02,0.1,1.88,0.73,0.94,0.0,0.52,1.25,4.17,0.43,2.6,0.73,0.21,0.21,0.0,0.42,0.04,0.1,0.1,0.0,0.0,0.0,1.67,1.04,0.94,0.52,0.21,0.73,0.21,0.73,0.94,2.6,2.5,0.0,50.94,2.4,0.73,0.42,0.52,25.1,0.1,1.67,1.46,28.54,0.0,1.15,0.21,0.13,1.15,1.15,0.0,0.0,1.09,1.27,-0.18,-0.02,0.0,1.98,0.0,0.0,0.0,4.69,1.35
499.0,Luan Peres Petroni,br BRA,DF,Santos,31-066,1994.0,15.0,15.0,1350.0,15.0,0.0,0.0,0.0,0.0,0.0,0.0,4.0,0.0,0.0,0.0,0.2,0.2,11.0,34.0,1.0,0.0,0.0,0.0,0.0,0.0,0.0,0.01,0.01,0.0,0.01,Matches,1.0,1.0,100.0,0.07,0.07,0.0,0.0,12.9,0.0,0.02,0.0,0.0,605.0,701.0,86.3,10726.0,4202.0,246.0,262.0,93.9,319.0,339.0,94.1,36.0,91.0,39.6,0.4,-0.2,2.0,31.0,0.0,0.0,668.0,32.0,0.0,3.0,3.0,0.0,0.0,0.0,0.0,0.0,1.0,3.0,5.0,0.33,5.0,0.0,0.0,0.0,0.0,1.0,0.07,1.0,0.0,0.0,0.0,0.0,16.0,9.0,10.0,5.0,1.0,5.0,55.6,4.0,5.0,11.0,27.0,98.0,1.0,861.0,138.0,6.0,2.0,50.0,2.0,50.0,526.0,0.0,4.0,1.0,585.0,90.0,65.2,90.0,15,0,,5,1.27,13.0,21.0,-8.0,-0.53,-0.28,15.6,19.5,-3.9,-0.26,-0.19,0.0,18.0,0.0,0.0,0.0,40.0,31.0,70.5,1.0,1.0,90.0,0.0,0.0,0.0,0.0,0.0,0.0,0.27,0.0,0.0,0.0,0.01,0.01,0.73,2.27,0.07,0.0,0.0,0.0,0.0,0.0,0.0,0.0,0.0,0.0,0.0,0.07,0.07,0.0,0.0,0.86,0.0,0.0,0.0,40.33,46.73,715.07,280.13,16.4,17.47,21.27,22.6,2.4,6.07,0.03,-0.01,0.13,2.07,0.0,0.0,44.53,2.13,0.0,0.2,0.2,0.0,0.0,0.0,0.0,0.0,0.07,0.2,0.33,0.02,0.33,0.0,0.0,0.0,0.0,0.07,0.0,0.07,0.0,0.0,0.0,0.0,1.07,0.6,0.67,0.33,0.07,0.33,0.27,0.33,0.73,1.8,6.53,0.07,57.4,9.2,0.4,0.13,0.13,35.07,0.0,0.27,0.07,39.0,1.0,0.0,0.33,0.08,0.87,1.4,-0.53,-0.04,1.04,1.3,-0.26,-0.02,0.0,1.2,0.0,0.0,0.0,2.67,2.07
37.0,Lucas Arcanjo,br BRA,GK,Vitória,27-046,1998.0,23.0,23.0,2070.0,23.0,0.0,0.0,0.0,0.0,0.0,0.0,2.0,0.0,0.0,0.0,0.1,0.1,0.0,1.0,0.0,0.0,0.0,0.0,0.0,0.0,0.0,0.0,0.0,0.0,0.0,Matches,0.0,0.0,,0.0,0.0,,,,0.0,,0.0,0.0,483.0,681.0,70.9,13966.0,9305.0,54.0,54.0,100.0,278.0,283.0,98.2,148.0,341.0,43.4,0.0,-0.1,3.0,11.0,0.0,0.0,420.0,261.0,0.0,2.0,0.0,0.0,0.0,0.0,0.0,0.0,0.0,0.0,9.0,0.39,6.0,3.0,0.0,0.0,0.0,0.0,0.0,0.0,0.0,0.0,0.0,0.0,0.0,0.0,0.0,0.0,0.0,0.0,,0.0,0.0,0.0,0.0,10.0,2.0,730.0,624.0,0.0,0.0,,0.0,,356.0,0.0,1.0,0.0,262.0,90.0,95.8,90.0,23,0,,1,0.96,19.0,33.0,-14.0,-0.61,1.39,23.2,33.5,-10.3,-0.45,-0.29,0.0,0.0,0.0,0.0,0.0,26.0,1.0,100.0,1.0,1.0,90.0,0.0,0.0,0.0,0.0,0.0,0.0,0.09,0.0,0.0,0.0,0.0,0.0,0.0,0.04,0.0,0.0,0.0,0.0,0.0,0.0,0.0,0.0,0.0,0.0,0.0,0.0,0.0,0.0,0.0,,0.0,0.0,0.0,21.0,29.61,607.22,404.57,2.35,2.35,12.09,12.3,6.43,14.83,0.0,-0.0,0.13,0.48,0.0,0.0,18.26,11.35,0.0,0.09,0.0,0.0,0.0,0.0,0.0,0.0,0.0,0.0,0.39,0.02,0.26,0.13,0.0,0.0,0.0,0.0,0.0,0.0,0.0,0.0,0.0,0.0,0.0,0.0,0.0,0.0,0.0,0.0,0.0,0.0,0.0,0.0,0.43,0.09,31.74,27.13,0.0,0.0,0.0,15.48,0.0,0.04,0.0,11.39,1.0,0.0,0.04,0.04,0.83,1.43,-0.61,-0.03,1.01,1.46,-0.45,-0.02,0.0,0.0,0.0,0.0,0.0,1.13,0.04
59.0,Lucas Barbosa,br BRA,"FW,MF",RB Bragantino,24-213,2001.0,21.0,18.0,1336.0,14.8,1.0,2.0,3.0,1.0,0.0,0.0,7.0,1.0,3.4,3.4,1.1,4.5,32.0,27.0,97.0,0.07,0.13,0.2,0.07,0.2,0.23,0.07,0.3,0.23,0.3,Matches,34.0,12.0,35.3,2.29,0.81,0.03,0.08,17.5,0.0,0.1,-2.4,-2.4,254.0,382.0,66.5,4092.0,1000.0,126.0,159.0,79.2,107.0,146.0,73.3,16.0,42.0,38.1,0.8,0.9,10.0,18.0,9.0,3.0,363.0,18.0,2.0,4.0,26.0,12.0,0.0,0.0,0.0,0.0,1.0,25.0,23.0,1.55,13.0,1.0,0.0,4.0,0.0,5.0,0.34,3.0,0.0,0.0,1.0,0.0,27.0,18.0,10.0,10.0,7.0,8.0,36.4,14.0,28.0,12.0,39.0,28.0,0.0,611.0,34.0,56.0,13.0,43.3,15.0,50.0,353.0,8.0,49.0,19.0,390.0,64.0,61.9,70.0,4,3,28.0,0,1.19,18.0,22.0,-4.0,-0.27,-0.05,18.1,16.7,1.4,0.09,0.68,1.0,38.0,0.0,0.0,0.0,64.0,22.0,48.9,1.42,1.22,90.27,0.07,0.14,0.2,0.07,0.0,0.0,0.47,0.07,0.23,0.23,0.07,0.3,2.16,1.82,6.55,0.0,0.01,0.01,0.0,0.01,0.02,0.0,0.02,0.02,0.02,2.3,0.81,0.15,0.05,1.18,0.0,-0.16,-0.16,17.16,25.81,276.49,67.57,8.51,10.74,7.23,9.86,1.08,2.84,0.05,0.06,0.68,1.22,0.61,0.2,24.53,1.22,0.14,0.27,1.76,0.81,0.0,0.0,0.0,0.0,0.07,1.69,1.55,0.1,0.88,0.07,0.0,0.27,0.0,0.34,0.02,0.2,0.0,0.0,0.07,0.0,1.82,1.22,0.68,0.68,0.47,0.54,0.95,1.89,0.81,2.64,1.89,0.0,41.28,2.3,3.78,0.88,1.01,23.85,0.54,3.31,1.28,26.35,0.27,0.2,0.0,0.08,1.22,1.49,-0.27,-0.02,1.22,1.13,0.09,0.01,0.07,2.57,0.0,0.0,0.0,4.32,1.49
88.0,Lucas Braga,br BRA,"FW,DF",Vitória,28-317,1996.0,14.0,11.0,836.0,9.3,1.0,0.0,1.0,1.0,0.0,0.0,1.0,0.0,1.2,1.2,0.7,1.9,21.0,26.0,41.0,0.11,0.0,0.11,0.11,0.11,0.13,0.07,0.2,0.13,0.2,Matches,8.0,3.0,37.5,0.86,0.32,0.13,0.33,15.8,0.0,0.15,-0.2,-0.2,214.0,265.0,80.8,3319.0,913.0,112.0,127.0,88.2,79.0,95.0,83.2,15.0,25.0,60.0,0.8,-0.7,5.0,17.0,5.0,0.0,243.0,19.0,0.0,1.0,13.0,15.0,0.0,0.0,0.0,0.0,3.0,3.0,16.0,1.72,13.0,0.0,0.0,2.0,0.0,0.0,0.0,0.0,0.0,0.0,0.0,0.0,18.0,11.0,9.0,8.0,1.0,6.0,54.5,5.0,12.0,4.0,22.0,11.0,0.0,375.0,11.0,15.0,8.0,32.0,13.0,52.0,237.0,1.0,22.0,9.0,267.0,60.0,38.7,70.0,3,3,23.0,6,0.79,5.0,14.0,-9.0,-0.97,-0.49,8.3,17.4,-9.1,-0.98,-0.89,0.0,12.0,0.0,0.0,0.0,29.0,7.0,28.0,1.51,1.18,89.89,0.11,0.0,0.11,0.11,0.0,0.0,0.11,0.0,0.13,0.13,0.08,0.2,2.26,2.8,4.41,0.01,0.0,0.01,0.01,0.01,0.01,0.01,0.02,0.01,0.02,0.86,0.32,0.09,0.03,1.7,0.0,-0.02,-0.02,23.01,28.49,356.88,98.17,12.04,13.66,8.49,10.22,1.61,2.69,0.09,-0.08,0.54,1.83,0.54,0.0,26.13,2.04,0.0,0.11,1.4,1.61,0.0,0.0,0.0,0.0,0.32,0.32,1.72,0.18,1.4,0.0,0.0,0.22,0.0,0.0,0.0,0.0,0.0,0.0,0.0,0.0,1.94,1.18,0.97,0.86,0.11,0.65,0.54,1.29,0.43,2.37,1.18,0.0,40.32,1.18,1.61,0.86,1.4,25.48,0.11,2.37,0.97,28.71,0.32,0.32,0.65,0.08,0.54,1.51,-0.97,-0.1,0.89,1.87,-0.98,-0.11,0.0,1.29,0.0,0.0,0.0,3.12,0.75
186.0,Lucas Esteves,br BRA,DF,Grêmio,25-091,2000.0,6.0,6.0,510.0,5.7,0.0,0.0,0.0,0.0,0.0,0.0,1.0,0.0,0.1,0.1,0.2,0.3,5.0,20.0,23.0,0.0,0.0,0.0,0.0,0.0,0.02,0.04,0.06,0.02,0.06,Matches,5.0,1.0,20.0,0.88,0.18,0.0,0.0,27.5,1.0,0.02,-0.1,-0.1,234.0,295.0,79.3,3820.0,1315.0,122.0,139.0,87.8,92.0,113.0,81.4,14.0,30.0,46.7,0.4,-0.2,6.0,20.0,6.0,5.0,258.0,35.0,0.0,0.0,23.0,25.0,4.0,0.0,2.0,0.0,2.0,4.0,16.0,2.82,14.0,1.0,1.0,0.0,0.0,2.0,0.35,1.0,0.0,1.0,0.0,0.0,9.0,8.0,5.0,3.0,1.0,4.0,80.0,1.0,7.0,6.0,15.0,19.0,0.0,356.0,24.0,3.0,6.0,75.0,2.0,25.0,160.0,0.0,8.0,1.0,203.0,85.0,24.6,85.0,5,0,,15,0.5,4.0,13.0,-9.0,-1.59,-1.76,3.9,9.4,-5.5,-0.97,-0.62,0.0,8.0,0.0,1.0,0.0,25.0,13.0,86.7,1.05,1.05,89.47,0.0,0.0,0.0,0.0,0.0,0.0,0.18,0.0,0.02,0.02,0.04,0.05,0.88,3.51,4.04,0.0,0.0,0.0,0.0,0.0,0.0,0.01,0.01,0.0,0.01,0.88,0.18,0.15,0.03,4.82,0.18,-0.02,-0.02,41.05,51.75,670.18,230.7,21.4,24.39,16.14,19.82,2.46,5.26,0.07,-0.04,1.05,3.51,1.05,0.88,45.26,6.14,0.0,0.0,4.04,4.39,0.7,0.0,0.35,0.0,0.35,0.7,2.81,0.49,2.46,0.18,0.18,0.0,0.0,0.35,0.06,0.18,0.0,0.18,0.0,0.0,1.58,1.4,0.88,0.53,0.18,0.7,0.18,1.23,1.05,2.63,3.33,0.0,62.46,4.21,0.53,1.05,0.35,28.07,0.0,1.4,0.18,35.61,0.88,0.0,2.63,0.09,0.7,2.28,-1.58,-0.28,0.68,1.65,-0.96,-0.17,0.0,1.4,0.0,0.18,0.0,4.39,2.28
187.0,Lucas Evangelista,br BRA,MF,Palmeiras,30-140,1995.0,18.0,11.0,1028.0,11.4,2.0,1.0,3.0,2.0,0.0,0.0,2.0,0.0,1.1,1.1,0.6,1.7,9.0,57.0,26.0,0.18,0.09,0.26,0.18,0.26,0.1,0.05,0.15,0.1,0.15,Matches,15.0,7.0,46.7,1.31,0.61,0.13,0.29,19.6,0.0,0.07,0.9,0.9,455.0,530.0,85.8,7801.0,1917.0,214.0,240.0,89.2,173.0,197.0,87.8,50.0,62.0,80.6,0.5,0.4,9.0,50.0,5.0,4.0,514.0,15.0,0.0,2.0,9.0,1.0,1.0,0.0,1.0,0.0,1.0,5.0,22.0,1.93,21.0,0.0,0.0,0.0,1.0,3.0,0.26,3.0,0.0,0.0,0.0,0.0,29.0,18.0,9.0,20.0,0.0,10.0,40.0,15.0,5.0,6.0,35.0,8.0,0.0,632.0,11.0,14.0,3.0,37.5,5.0,62.5,362.0,0.0,15.0,12.0,451.0,57.0,51.9,81.0,5,7,20.0,2,2.17,25.0,8.0,17.0,1.49,1.39,20.2,8.6,11.6,1.02,0.65,0.0,18.0,0.0,0.0,0.0,47.0,16.0,43.2,1.58,0.96,90.18,0.18,0.09,0.26,0.18,0.0,0.0,0.18,0.0,0.1,0.1,0.05,0.15,0.79,5.0,2.28,0.02,0.01,0.02,0.02,0.02,0.01,0.0,0.01,0.01,0.01,1.32,0.61,0.11,0.05,1.72,0.0,0.08,0.08,39.91,46.49,684.3,168.16,18.77,21.05,15.18,17.28,4.39,5.44,0.04,0.04,0.79,4.39,0.44,0.35,45.09,1.32,0.0,0.18,0.79,0.09,0.09,0.0,0.09,0.0,0.09,0.44,1.93,0.17,1.84,0.0,0.0,0.0,0.09,0.26,0.02,0.26,0.0,0.0,0.0,0.0,2.54,1.58,0.79,1.75,0.0,0.88,1.32,0.44,0.53,3.07,0.7,0.0,55.44,0.96,1.23,0.26,0.44,31.75,0.0,1.32,1.05,39.56,0.44,0.61,0.18,0.19,2.19,0.7,1.49,0.13,1.77,0.75,1.02,0.09,0.0,1.58,0.0,0.0,0.0,4.12,1.4
206.0,Lucas Ferreira,br BRA,FW,São Paulo,19-148,2006.0,13.0,8.0,761.0,8.5,0.0,0.0,0.0,0.0,0.0,0.0,1.0,0.0,1.1,1.1,0.6,1.7,34.0,17.0,75.0,0.0,0.0,0.0,0.0,0.0,0.13,0.07,0.2,0.13,0.2,Matches,16.0,5.0,31.3,1.89,0.59,0.0,0.0,21.9,0.0,0.07,-1.1,-1.1,137.0,194.0,70.6,1922.0,591.0,76.0,92.0,82.6,50.0,61.0,82.0,5.0,20.0,25.0,0.5,-0.6,12.0,6.0,8.0,3.0,173.0,20.0,1.0,0.0,29.0,5.0,14.0,6.0,2.0,0.0,1.0,14.0,33.0,3.91,24.0,1.0,0.0,5.0,2.0,2.0,0.24,1.0,0.0,0.0,1.0,0.0,18.0,10.0,5.0,9.0,4.0,5.0,38.5,8.0,15.0,6.0,24.0,11.0,0.0,336.0,8.0,20.0,11.0,23.9,30.0,65.2,195.0,8.0,22.0,14.0,214.0,59.0,35.2,84.0,3,5,18.0,5,1.15,8.0,12.0,-4.0,-0.47,-0.92,11.0,11.4,-0.4,-0.05,-0.44,0.0,11.0,1.0,0.0,0.0,31.0,13.0,59.1,1.53,0.94,89.53,0.0,0.0,0.0,0.0,0.0,0.0,0.12,0.0,0.13,0.13,0.07,0.2,4.0,2.0,8.82,0.0,0.0,0.0,0.0,0.0,0.02,0.01,0.02,0.02,0.02,1.88,0.59,0.22,0.07,2.58,0.0,-0.13,-0.13,16.12,22.82,226.12,69.53,8.94,10.82,5.88,7.18,0.59,2.35,0.06,-0.07,1.41,0.71,0.94,0.35,20.35,2.35,0.12,0.0,3.41,0.59,1.65,0.71,0.24,0.0,0.12,1.65,3.88,0.46,2.82,0.12,0.0,0.59,0.24,0.24,0.03,0.12,0.0,0.0,0.12,0.0,2.12,1.18,0.59,1.06,0.47,0.59,0.94,1.76,0.71,2.82,1.29,0.0,39.53,0.94,2.35,1.29,3.53,22.94,0.94,2.59,1.65,25.18,0.35,0.59,0.59,0.14,0.94,1.41,-0.47,-0.06,1.29,1.34,-0.05,-0.01,0.0,1.29,0.12,0.0,0.0,3.65,1.53
216.0,Lucas Freitas,br BRA,DF,Vasco da Gama,24-246,2001.0,18.0,17.0,1403.0,15.6,1.0,0.0,1.0,1.0,0.0,0.0,4.0,0.0,0.3,0.3,0.0,0.3,14.0,65.0,5.0,0.06,0.0,0.06,0.06,0.06,0.02,0.0,0.02,0.02,0.02,Matches,5.0,1.0,20.0,0.32,0.06,0.2,1.0,10.8,0.0,0.06,0.7,0.7,999.0,1081.0,92.4,17337.0,6226.0,425.0,435.0,97.7,473.0,496.0,95.4,79.0,117.0,67.5,0.2,0.0,1.0,63.0,2.0,0.0,1054.0,26.0,0.0,1.0,6.0,2.0,0.0,0.0,0.0,0.0,1.0,6.0,13.0,0.83,10.0,0.0,0.0,1.0,1.0,1.0,0.06,0.0,0.0,0.0,1.0,0.0,15.0,8.0,8.0,6.0,1.0,11.0,64.7,6.0,3.0,18.0,33.0,78.0,3.0,1246.0,160.0,9.0,7.0,58.3,2.0,16.7,815.0,0.0,12.0,3.0,957.0,78.0,67.8,81.0,10,1,31.0,2,0.94,22.0,23.0,-1.0,-0.06,-0.06,18.9,19.8,-0.8,-0.05,0.62,0.0,15.0,1.0,1.0,0.0,51.0,20.0,48.8,1.15,1.09,89.94,0.06,0.0,0.06,0.06,0.0,0.0,0.26,0.0,0.02,0.02,0.0,0.02,0.9,4.17,0.32,0.0,0.0,0.0,0.0,0.0,0.0,0.0,0.0,0.0,0.0,0.32,0.06,0.02,0.0,0.69,0.0,0.04,0.04,64.04,69.29,1111.35,399.1,27.24,27.88,30.32,31.79,5.06,7.5,0.01,0.0,0.06,4.04,0.13,0.0,67.56,1.67,0.0,0.06,0.38,0.13,0.0,0.0,0.0,0.0,0.06,0.38,0.83,0.05,0.64,0.0,0.0,0.06,0.06,0.06,0.0,0.0,0.0,0.0,0.06,0.0,0.96,0.51,0.51,0.38,0.06,0.71,0.38,0.19,1.15,2.12,5.0,0.19,79.87,10.26,0.58,0.45,0.13,52.24,0.0,0.77,0.19,61.35,0.64,0.06,0.13,0.06,1.41,1.47,-0.06,-0.0,1.21,1.27,-0.05,-0.0,0.0,0.96,0.06,0.06,0.0,3.27,1.28
263.0,Lucas Halter,br BRA,DF,Vitória,25-144,2000.0,22.0,22.0,1980.0,22.0,1.0,0.0,1.0,1.0,0.0,0.0,4.0,0.0,1.2,1.2,0.0,1.2,11.0,53.0,0.0,0.05,0.0,0.05,0.05,0.05,0.05,0.0,0.06,0.05,0.06,Matches,14.0,3.0,21.4,0.64,0.14,0.07,0.33,11.9,0.0,0.08,-0.2,-0.2,928.0,1039.0,89.3,18439.0,6790.0,238.0,253.0,94.1,602.0,635.0,94.8,83.0,138.0,60.1,0.2,0.0,1.0,64.0,1.0,0.0,984.0,53.0,1.0,2.0,0.0,3.0,0.0,0.0,0.0,0.0,2.0,2.0,16.0,0.73,12.0,1.0,0.0,0.0,0.0,1.0,0.05,0.0,0.0,0.0,0.0,0.0,27.0,19.0,24.0,3.0,0.0,15.0,68.2,7.0,3.0,7.0,34.0,140.0,3.0,1266.0,232.0,17.0,1.0,100.0,0.0,0.0,725.0,0.0,3.0,3.0,856.0,90.0,91.7,90.0,22,0,,0,0.91,19.0,35.0,-16.0,-0.73,-0.73,22.9,31.8,-8.9,-0.4,0.39,0.0,13.0,0.0,0.0,0.0,62.0,38.0,61.3,1.0,1.0,90.0,0.05,0.0,0.05,0.05,0.0,0.0,0.18,0.0,0.05,0.05,0.0,0.05,0.5,2.41,0.0,0.0,0.0,0.0,0.0,0.0,0.0,0.0,0.0,0.0,0.0,0.64,0.14,0.03,0.01,0.54,0.0,-0.01,-0.01,42.18,47.23,838.14,308.64,10.82,11.5,27.36,28.86,3.77,6.27,0.01,0.0,0.05,2.91,0.05,0.0,44.73,2.41,0.05,0.09,0.0,0.14,0.0,0.0,0.0,0.0,0.09,0.09,0.73,0.03,0.55,0.05,0.0,0.0,0.0,0.05,0.0,0.0,0.0,0.0,0.0,0.0,1.23,0.86,1.09,0.14,0.0,0.68,0.32,0.14,0.32,1.55,6.36,0.14,57.55,10.55,0.77,0.05,0.0,32.95,0.0,0.14,0.14,38.91,1.0,0.0,0.0,0.04,0.86,1.59,-0.73,-0.03,1.04,1.45,-0.4,-0.02,0.0,0.59,0.0,0.0,0.0,2.82,1.73
351.0,Lucas Lima,br BRA,"MF,FW",Sport Recife,35-076,1990.0,19.0,18.0,1526.0,17.0,2.0,3.0,5.0,1.0,1.0,1.0,9.0,0.0,2.1,1.3,3.1,4.5,32.0,137.0,72.0,0.12,0.18,0.29,0.06,0.24,0.13,0.19,0.31,0.08,0.27,Matches,2.0,0.0,0.0,1.42,0.0,0.0,,15.7,0.0,0.06,-0.1,-0.1,63.0,70.0,90.0,1001.0,288.0,37.0,42.0,88.1,19.0,19.0,100.0,6.0,7.0,85.7,0.0,-0.1,1.0,3.0,1.0,0.0,66.0,4.0,0.0,0.0,0.0,0.0,0.0,0.0,0.0,0.0,0.0,1.0,4.0,2.83,3.0,0.0,0.0,0.0,0.0,0.0,0.0,0.0,0.0,0.0,0.0,0.0,7.0,6.0,4.0,3.0,0.0,3.0,75.0,1.0,2.0,2.0,9.0,4.0,0.0,90.0,4.0,3.0,0.0,,0.0,,42.0,0.0,1.0,1.0,48.0,12.0,6.1,58.0,0,10,7.0,11,1.18,1.0,4.0,-3.0,-2.13,-2.22,2.3,3.4,-1.1,-0.79,-0.84,0.0,1.0,0.0,0.0,0.0,9.0,5.0,55.6,1.12,1.06,89.76,0.12,0.18,0.29,0.06,0.06,0.06,0.53,0.0,0.12,0.08,0.18,0.26,1.88,8.06,4.24,0.01,0.01,0.02,0.0,0.01,0.01,0.01,0.02,0.0,0.02,0.12,0.0,0.08,0.0,0.92,0.0,-0.01,-0.01,3.71,4.12,58.88,16.94,2.18,2.47,1.12,1.12,0.35,0.41,0.0,-0.01,0.06,0.18,0.06,0.0,3.88,0.24,0.0,0.0,0.0,0.0,0.0,0.0,0.0,0.0,0.0,0.06,0.24,0.17,0.18,0.0,0.0,0.0,0.0,0.0,0.0,0.0,0.0,0.0,0.0,0.0,0.41,0.35,0.24,0.18,0.0,0.18,0.06,0.12,0.12,0.53,0.24,0.0,5.29,0.24,0.18,0.0,0.0,2.47,0.0,0.06,0.06,2.82,0.0,0.59,0.65,0.07,0.06,0.24,-0.18,-0.13,0.14,0.2,-0.06,-0.05,0.0,0.06,0.0,0.0,0.0,0.53,0.29
440.0,Lucas Mugni,ar ARG,MF,Ceará,33-254,1992.0,19.0,15.0,1127.0,12.5,1.0,5.0,6.0,1.0,0.0,0.0,4.0,0.0,0.6,0.6,2.9,3.5,8.0,40.0,48.0,0.08,0.4,0.48,0.08,0.48,0.05,0.23,0.28,0.05,0.28,Matches,11.0,2.0,18.2,0.88,0.16,0.09,0.5,21.5,3.0,0.06,0.4,0.4,351.0,507.0,69.2,5802.0,2141.0,180.0,221.0,81.4,117.0,152.0,77.0,41.0,99.0,41.4,2.9,2.1,31.0,40.0,11.0,4.0,407.0,95.0,2.0,3.0,93.0,7.0,43.0,27.0,15.0,0.0,5.0,9.0,54.0,4.3,30.0,20.0,1.0,1.0,1.0,5.0,0.4,2.0,3.0,0.0,0.0,0.0,30.0,23.0,15.0,11.0,4.0,12.0,60.0,8.0,19.0,3.0,33.0,5.0,2.0,645.0,10.0,22.0,23.0,46.9,24.0,49.0,299.0,2.0,21.0,30.0,375.0,59.0,54.4,68.0,0,4,26.0,0,1.37,12.0,8.0,4.0,0.32,0.8,11.1,9.9,1.2,0.1,0.21,0.0,25.0,0.0,0.0,0.0,66.0,9.0,40.9,1.52,1.2,90.16,0.08,0.4,0.48,0.08,0.0,0.0,0.32,0.0,0.05,0.05,0.23,0.28,0.64,3.2,3.84,0.01,0.03,0.04,0.01,0.04,0.0,0.02,0.02,0.0,0.02,0.88,0.16,0.07,0.01,1.72,0.24,0.03,0.03,28.08,40.56,464.16,171.28,14.4,17.68,9.36,12.16,3.28,7.92,0.23,0.17,2.48,3.2,0.88,0.32,32.56,7.6,0.16,0.24,7.44,0.56,3.44,2.16,1.2,0.0,0.4,0.72,4.32,0.34,2.4,1.6,0.08,0.08,0.08,0.4,0.03,0.16,0.24,0.0,0.0,0.0,2.4,1.84,1.2,0.88,0.32,0.96,0.64,1.52,0.24,2.64,0.4,0.16,51.6,0.8,1.76,1.84,1.92,23.92,0.16,1.68,2.4,30.0,0.0,0.32,0.0,0.11,0.96,0.64,0.32,0.03,0.89,0.79,0.1,0.01,0.0,2.0,0.0,0.0,0.0,5.28,0.72
506.0,Lucas Piton,br BRA,DF,Vasco da Gama,24-349,2000.0,19.0,19.0,1704.0,18.9,1.0,5.0,6.0,1.0,0.0,0.0,4.0,0.0,0.5,0.5,2.8,3.3,35.0,84.0,134.0,0.05,0.26,0.32,0.05,0.32,0.02,0.15,0.17,0.02,0.17,Matches,9.0,1.0,11.1,0.48,0.05,0.11,1.0,24.4,1.0,0.05,0.5,0.5,1075.0,1316.0,81.7,16769.0,5746.0,604.0,639.0,94.5,362.0,431.0,84.0,81.0,179.0,45.3,3.3,2.2,27.0,71.0,24.0,16.0,1086.0,224.0,0.0,9.0,104.0,155.0,27.0,11.0,12.0,0.0,6.0,24.0,56.0,2.96,41.0,12.0,0.0,0.0,0.0,8.0,0.42,6.0,2.0,0.0,0.0,0.0,19.0,16.0,7.0,10.0,2.0,10.0,52.6,9.0,7.0,22.0,41.0,53.0,0.0,1463.0,44.0,15.0,8.0,40.0,11.0,55.0,786.0,3.0,16.0,5.0,979.0,90.0,82.3,90.0,18,0,,0,1.11,29.0,28.0,1.0,0.05,0.54,22.8,26.0,-3.1,-0.17,0.5,0.0,31.0,0.0,1.0,0.0,59.0,18.0,50.0,1.01,1.01,90.16,0.05,0.26,0.32,0.05,0.0,0.0,0.21,0.0,0.03,0.03,0.15,0.17,1.85,4.44,7.09,0.0,0.01,0.02,0.0,0.02,0.0,0.01,0.01,0.0,0.01,0.48,0.05,0.03,0.0,1.29,0.05,0.03,0.03,56.88,69.63,887.25,304.02,31.96,33.81,19.15,22.8,4.29,9.47,0.17,0.12,1.43,3.76,1.27,0.85,57.46,11.85,0.0,0.48,5.5,8.2,1.43,0.58,0.63,0.0,0.32,1.27,2.96,0.16,2.17,0.63,0.0,0.0,0.0,0.42,0.02,0.32,0.11,0.0,0.0,0.0,1.01,0.85,0.37,0.53,0.11,0.53,0.48,0.37,1.16,2.17,2.8,0.0,77.41,2.33,0.79,0.42,0.58,41.59,0.16,0.85,0.26,51.8,0.95,0.0,0.0,0.06,1.53,1.48,0.05,0.0,1.21,1.38,-0.16,-0.01,0.0,1.64,0.0,0.05,0.0,3.12,0.95
526.0,Lucas Ramon,br BRA,DF,Mirassol,31-200,1994.0,21.0,21.0,1786.0,19.8,2.0,2.0,4.0,2.0,0.0,0.0,5.0,0.0,1.8,1.8,2.3,4.1,46.0,67.0,104.0,0.1,0.1,0.2,0.1,0.2,0.09,0.12,0.21,0.09,0.21,Matches,20.0,9.0,45.0,1.01,0.45,0.1,0.22,16.0,0.0,0.09,0.2,0.2,652.0,930.0,70.1,10840.0,4624.0,338.0,401.0,84.3,246.0,354.0,69.5,60.0,130.0,46.2,2.6,-0.3,20.0,47.0,29.0,20.0,729.0,198.0,2.0,2.0,80.0,185.0,0.0,0.0,0.0,0.0,3.0,29.0,50.0,2.52,34.0,4.0,3.0,3.0,3.0,7.0,0.35,5.0,0.0,0.0,1.0,0.0,51.0,35.0,27.0,17.0,7.0,26.0,45.6,31.0,14.0,37.0,88.0,103.0,0.0,1234.0,117.0,28.0,13.0,33.3,21.0,53.8,531.0,2.0,26.0,14.0,623.0,85.0,86.3,85.0,16,0,,1,1.71,31.0,19.0,12.0,0.6,-1.3,30.6,22.3,8.3,0.42,0.68,0.0,20.0,1.0,0.0,0.0,69.0,38.0,57.6,1.06,1.06,90.2,0.1,0.1,0.2,0.1,0.0,0.0,0.25,0.0,0.09,0.09,0.12,0.21,2.32,3.38,5.25,0.01,0.01,0.01,0.01,0.01,0.0,0.01,0.01,0.0,0.01,1.01,0.45,0.05,0.02,0.81,0.0,0.01,0.01,32.93,46.97,547.47,233.54,17.07,20.25,12.42,17.88,3.03,6.57,0.13,-0.02,1.01,2.37,1.46,1.01,36.82,10.0,0.1,0.1,4.04,9.34,0.0,0.0,0.0,0.0,0.15,1.46,2.53,0.13,1.72,0.2,0.15,0.15,0.15,0.35,0.02,0.25,0.0,0.0,0.05,0.0,2.58,1.77,1.36,0.86,0.35,1.31,1.57,0.71,1.87,4.44,5.2,0.0,62.32,5.91,1.41,0.66,1.06,26.82,0.1,1.31,0.71,31.46,0.81,0.0,0.05,0.09,1.57,0.96,0.61,0.03,1.55,1.13,0.42,0.02,0.0,1.01,0.05,0.0,0.0,3.48,1.92
572.0,Lucas Romero,ar ARG,MF,Cruzeiro,31-158,1994.0,22.0,21.0,1871.0,20.8,1.0,2.0,3.0,1.0,0.0,0.0,8.0,0.0,0.4,0.4,1.2,1.6,17.0,101.0,21.0,0.05,0.1,0.14,0.05,0.14,0.02,0.06,0.08,0.02,0.08,Matches,12.0,3.0,25.0,0.58,0.14,0.08,0.33,29.2,1.0,0.03,0.6,0.6,785.0,979.0,80.2,13670.0,4969.0,362.0,423.0,85.6,308.0,359.0,85.8,84.0,138.0,60.9,1.4,0.8,17.0,96.0,8.0,0.0,934.0,42.0,3.0,5.0,16.0,4.0,0.0,0.0,0.0,0.0,3.0,10.0,42.0,2.02,39.0,2.0,0.0,0.0,1.0,4.0,0.19,4.0,0.0,0.0,0.0,0.0,46.0,24.0,20.0,23.0,3.0,22.0,50.0,22.0,17.0,25.0,71.0,30.0,1.0,1174.0,47.0,7.0,13.0,48.1,9.0,33.3,619.0,1.0,21.0,15.0,795.0,85.0,86.6,87.0,15,1,45.0,0,2.09,30.0,14.0,16.0,0.77,-1.1,27.2,16.0,11.2,0.54,0.47,0.0,24.0,0.0,0.0,0.0,101.0,14.0,42.4,1.06,1.01,89.95,0.05,0.1,0.14,0.05,0.0,0.0,0.38,0.0,0.02,0.02,0.06,0.08,0.82,4.86,1.01,0.0,0.0,0.01,0.0,0.01,0.0,0.0,0.0,0.0,0.0,0.58,0.14,0.03,0.01,1.4,0.05,0.03,0.03,37.74,47.07,657.21,238.89,17.4,20.34,14.81,17.26,4.04,6.63,0.07,0.04,0.82,4.62,0.38,0.0,44.9,2.02,0.14,0.24,0.77,0.19,0.0,0.0,0.0,0.0,0.14,0.48,2.02,0.1,1.88,0.1,0.0,0.0,0.05,0.19,0.01,0.19,0.0,0.0,0.0,0.0,2.21,1.15,0.96,1.11,0.14,1.06,1.06,0.82,1.2,3.41,1.44,0.05,56.44,2.26,0.34,0.62,0.43,29.76,0.05,1.01,0.72,38.22,0.72,0.05,0.0,0.1,1.44,0.67,0.77,0.04,1.31,0.77,0.54,0.03,0.0,1.15,0.0,0.0,0.0,4.86,0.67
603.0,Lucas Sasha,br BRA,MF,Fortaleza,35-206,1990.0,17.0,17.0,1411.0,15.7,0.0,0.0,0.0,0.0,0.0,0.0,1.0,0.0,0.4,0.4,0.5,0.9,12.0,59.0,27.0,0.0,0.0,0.0,0.0,0.0,0.03,0.03,0.06,0.03,0.06,Matches,9.0,2.0,22.2,0.57,0.13,0.0,0.0,20.6,0.0,0.04,-0.4,-0.4,533.0,630.0,84.6,8685.0,2681.0,269.0,302.0,89.1,204.0,236.0,86.4,40.0,52.0,76.9,0.5,-0.5,7.0,61.0,2.0,0.0,611.0,17.0,1.0,3.0,11.0,2.0,1.0,0.0,0.0,0.0,2.0,13.0,25.0,1.59,21.0,1.0,0.0,1.0,1.0,1.0,0.06,1.0,0.0,0.0,0.0,0.0,63.0,41.0,33.0,28.0,2.0,28.0,45.9,33.0,22.0,33.0,96.0,27.0,0.0,828.0,28.0,13.0,3.0,30.0,6.0,60.0,408.0,3.0,17.0,10.0,454.0,83.0,68.2,83.0,12,0,,1,0.88,14.0,22.0,-8.0,-0.51,0.45,19.1,22.4,-3.3,-0.21,0.32,0.0,25.0,0.0,1.0,0.0,101.0,21.0,58.3,1.08,1.08,89.87,0.0,0.0,0.0,0.0,0.0,0.0,0.06,0.0,0.03,0.03,0.03,0.06,0.76,3.76,1.72,0.0,0.0,0.0,0.0,0.0,0.0,0.0,0.0,0.0,0.0,0.57,0.13,0.04,0.01,1.31,0.0,-0.03,-0.03,33.95,40.13,553.18,170.76,17.13,19.24,12.99,15.03,2.55,3.31,0.03,-0.03,0.45,3.89,0.13,0.0,38.92,1.08,0.06,0.19,0.7,0.13,0.06,0.0,0.0,0.0,0.13,0.83,1.59,0.1,1.34,0.06,0.0,0.06,0.06,0.06,0.0,0.06,0.0,0.0,0.0,0.0,4.01,2.61,2.1,1.78,0.13,1.78,2.1,1.4,2.1,6.11,1.72,0.0,52.74,1.78,0.83,0.19,0.38,25.99,0.19,1.08,0.64,28.92,0.76,0.0,0.06,0.06,0.89,1.4,-0.51,-0.03,1.22,1.43,-0.21,-0.01,0.0,1.59,0.0,0.06,0.0,6.43,1.34
619.0,Lucas Silva,br BRA,MF,Cruzeiro,32-219,1993.0,22.0,20.0,1774.0,19.7,2.0,2.0,4.0,2.0,0.0,0.0,4.0,0.0,0.7,0.7,1.2,1.9,26.0,112.0,11.0,0.1,0.1,0.2,0.1,0.2,0.03,0.06,0.1,0.03,0.1,Matches,15.0,4.0,26.7,0.76,0.2,0.13,0.5,26.5,1.0,0.04,1.3,1.3,761.0,885.0,86.0,12813.0,3300.0,363.0,398.0,91.2,319.0,356.0,89.6,60.0,80.0,75.0,0.9,0.8,19.0,97.0,8.0,1.0,857.0,25.0,1.0,10.0,2.0,2.0,0.0,0.0,0.0,0.0,3.0,18.0,44.0,2.23,38.0,0.0,2.0,0.0,0.0,3.0,0.15,2.0,0.0,1.0,0.0,0.0,43.0,26.0,16.0,22.0,5.0,22.0,59.5,15.0,11.0,7.0,50.0,27.0,0.0,1058.0,43.0,5.0,16.0,48.5,16.0,48.5,585.0,2.0,19.0,17.0,671.0,81.0,82.1,87.0,15,2,17.0,1,2.14,31.0,12.0,19.0,0.96,0.26,26.2,14.8,11.5,0.58,0.59,0.0,32.0,0.0,0.0,0.0,102.0,13.0,41.9,1.12,1.02,90.05,0.1,0.1,0.2,0.1,0.0,0.0,0.2,0.0,0.04,0.04,0.06,0.1,1.32,5.69,0.56,0.01,0.01,0.01,0.01,0.01,0.0,0.0,0.01,0.0,0.01,0.76,0.2,0.04,0.01,1.35,0.05,0.07,0.07,38.63,44.92,650.41,167.51,18.43,20.2,16.19,18.07,3.05,4.06,0.05,0.04,0.96,4.92,0.41,0.05,43.5,1.27,0.05,0.51,0.1,0.1,0.0,0.0,0.0,0.0,0.15,0.91,2.23,0.11,1.93,0.0,0.1,0.0,0.0,0.15,0.01,0.1,0.0,0.05,0.0,0.0,2.18,1.32,0.81,1.12,0.25,1.12,0.76,0.56,0.36,2.54,1.37,0.0,53.71,2.18,0.25,0.81,0.81,29.7,0.1,0.96,0.86,34.06,0.76,0.1,0.05,0.11,1.57,0.61,0.96,0.05,1.33,0.75,0.58,0.03,0.0,1.62,0.0,0.0,0.0,5.18,0.66
669.0,Lucas Villalba,ar ARG,DF,Cruzeiro,31-035,1994.0,21.0,21.0,1874.0,20.8,1.0,0.0,1.0,1.0,0.0,0.0,6.0,0.0,1.5,1.5,0.1,1.6,31.0,72.0,5.0,0.05,0.0,0.05,0.05,0.05,0.07,0.0,0.08,0.07,0.08,Matches,16.0,3.0,18.8,0.77,0.14,0.06,0.33,13.5,0.0,0.09,-0.5,-0.5,783.0,988.0,79.3,15335.0,5636.0,257.0,280.0,91.8,420.0,460.0,91.3,96.0,220.0,43.6,0.2,-0.1,3.0,73.0,5.0,1.0,949.0,35.0,1.0,11.0,10.0,1.0,0.0,0.0,0.0,0.0,4.0,14.0,14.0,0.67,12.0,0.0,0.0,0.0,0.0,0.0,0.0,0.0,0.0,0.0,0.0,0.0,22.0,15.0,10.0,11.0,1.0,10.0,58.8,7.0,8.0,29.0,51.0,129.0,1.0,1242.0,148.0,16.0,8.0,80.0,1.0,10.0,710.0,0.0,7.0,0.0,771.0,89.0,86.8,89.0,20,0,,2,2.1,35.0,12.0,23.0,1.1,1.42,29.1,15.5,13.6,0.65,1.33,0.0,14.0,0.0,0.0,0.0,73.0,41.0,49.4,1.01,1.01,90.1,0.05,0.0,0.05,0.05,0.0,0.0,0.29,0.0,0.07,0.07,0.0,0.08,1.49,3.46,0.24,0.0,0.0,0.0,0.0,0.0,0.0,0.0,0.0,0.0,0.0,0.77,0.14,0.04,0.01,0.65,0.0,-0.02,-0.02,37.64,47.5,737.26,270.96,12.36,13.46,20.19,22.12,4.62,10.58,0.01,-0.0,0.14,3.51,0.24,0.05,45.62,1.68,0.05,0.53,0.48,0.05,0.0,0.0,0.0,0.0,0.19,0.67,0.67,0.03,0.58,0.0,0.0,0.0,0.0,0.0,0.0,0.0,0.0,0.0,0.0,0.0,1.06,0.72,0.48,0.53,0.05,0.48,0.34,0.38,1.39,2.45,6.2,0.05,59.71,7.12,0.77,0.38,0.05,34.13,0.0,0.34,0.0,37.07,0.96,0.0,0.1,0.1,1.68,0.58,1.11,0.05,1.4,0.75,0.65,0.03,0.0,0.67,0.0,0.0,0.0,3.51,1.97
515.0,Lucca Prior,br BRA,"MF,FW",Fortaleza,21-223,2004.0,12.0,7.0,656.0,7.3,2.0,0.0,2.0,2.0,0.0,0.0,2.0,0.0,0.6,0.6,1.3,1.9,18.0,52.0,53.0,0.27,0.0,0.27,0.27,0.27,0.09,0.18,0.27,0.09,0.27,Matches,12.0,4.0,33.3,1.65,0.55,0.17,0.5,20.0,0.0,0.05,1.4,1.4,216.0,300.0,72.0,3386.0,1288.0,116.0,138.0,84.1,78.0,97.0,80.4,16.0,41.0,39.0,1.8,-1.3,18.0,29.0,20.0,4.0,264.0,35.0,5.0,1.0,42.0,2.0,24.0,11.0,7.0,0.0,1.0,12.0,28.0,3.85,23.0,4.0,0.0,1.0,0.0,1.0,0.14,1.0,0.0,0.0,0.0,0.0,11.0,6.0,7.0,3.0,1.0,4.0,30.8,9.0,7.0,3.0,14.0,6.0,0.0,400.0,4.0,19.0,10.0,41.7,13.0,54.2,241.0,4.0,19.0,13.0,268.0,55.0,31.7,72.0,2,5,30.0,5,0.58,7.0,15.0,-8.0,-1.1,-0.65,9.4,11.3,-1.9,-0.26,0.07,0.0,16.0,0.0,0.0,0.0,24.0,6.0,35.3,1.64,0.96,89.86,0.27,0.0,0.27,0.27,0.0,0.0,0.27,0.0,0.08,0.08,0.18,0.26,2.47,7.12,7.26,0.04,0.0,0.04,0.04,0.04,0.01,0.02,0.04,0.01,0.04,1.64,0.55,0.23,0.08,2.74,0.0,0.19,0.19,29.59,41.1,463.84,176.44,15.89,18.9,10.68,13.29,2.19,5.62,0.25,-0.18,2.47,3.97,2.74,0.55,36.16,4.79,0.68,0.14,5.75,0.27,3.29,1.51,0.96,0.0,0.14,1.64,3.84,0.53,3.15,0.55,0.0,0.14,0.0,0.14,0.02,0.14,0.0,0.0,0.0,0.0,1.51,0.82,0.96,0.41,0.14,0.55,1.23,0.96,0.41,1.92,0.82,0.0,54.79,0.55,2.6,1.37,1.78,33.01,0.55,2.6,1.78,36.71,0.27,0.68,0.68,0.08,0.96,2.05,-1.1,-0.15,1.29,1.55,-0.26,-0.04,0.0,2.19,0.0,0.0,0.0,3.29,0.82
366.0,Luciano,br BRA,"MF,FW",São Paulo,32-128,1993.0,20.0,14.0,1243.0,13.8,4.0,3.0,7.0,3.0,1.0,2.0,7.0,0.0,5.9,4.3,2.1,6.5,17.0,46.0,80.0,0.29,0.22,0.51,0.22,0.43,0.43,0.16,0.58,0.31,0.47,Matches,46.0,15.0,32.6,3.33,1.09,0.07,0.2,18.5,2.0,0.09,-1.9,-1.3,310.0,373.0,83.1,4910.0,1154.0,147.0,168.0,87.5,131.0,149.0,87.9,17.0,26.0,65.4,2.3,0.9,20.0,29.0,9.0,2.0,356.0,16.0,3.0,1.0,8.0,1.0,0.0,0.0,0.0,0.0,1.0,10.0,48.0,3.47,40.0,0.0,1.0,2.0,1.0,7.0,0.51,5.0,0.0,0.0,1.0,0.0,19.0,11.0,4.0,10.0,5.0,8.0,50.0,8.0,10.0,9.0,28.0,9.0,0.0,537.0,9.0,57.0,10.0,35.7,16.0,57.1,341.0,3.0,29.0,14.0,393.0,62.0,57.5,78.0,4,6,26.0,1,1.4,16.0,14.0,2.0,0.14,0.05,18.2,13.7,4.5,0.33,0.21,0.0,22.0,2.0,0.0,0.0,57.0,10.0,38.5,1.45,1.01,90.07,0.29,0.22,0.51,0.22,0.07,0.14,0.51,0.0,0.43,0.31,0.15,0.47,1.23,3.33,5.8,0.02,0.02,0.04,0.02,0.03,0.03,0.01,0.04,0.02,0.03,3.33,1.09,0.24,0.08,1.34,0.14,-0.14,-0.09,22.46,27.03,355.8,83.62,10.65,12.17,9.49,10.8,1.23,1.88,0.17,0.07,1.45,2.1,0.65,0.14,25.8,1.16,0.22,0.07,0.58,0.07,0.0,0.0,0.0,0.0,0.07,0.72,3.48,0.25,2.9,0.0,0.07,0.14,0.07,0.51,0.04,0.36,0.0,0.0,0.07,0.0,1.38,0.8,0.29,0.72,0.36,0.58,0.58,0.72,0.65,2.03,0.65,0.0,38.91,0.65,4.13,0.72,1.16,24.71,0.22,2.1,1.01,28.48,0.29,0.43,0.07,0.1,1.16,1.01,0.14,0.01,1.32,0.99,0.33,0.02,0.0,1.59,0.14,0.0,0.0,4.13,0.72
324.0,Luciano Juba,br BRA,DF,Bahia,26-025,1999.0,22.0,21.0,1884.0,20.9,5.0,3.0,8.0,5.0,0.0,0.0,2.0,0.0,1.9,1.9,2.8,4.7,42.0,99.0,53.0,0.24,0.14,0.38,0.24,0.38,0.09,0.13,0.22,0.09,0.22,Matches,21.0,8.0,38.1,1.0,0.38,0.24,0.63,23.2,3.0,0.09,3.1,3.1,1049.0,1257.0,83.5,18066.0,5209.0,511.0,549.0,93.1,411.0,484.0,84.9,102.0,176.0,58.0,3.5,0.2,28.0,76.0,23.0,9.0,1056.0,197.0,1.0,16.0,91.0,118.0,26.0,2.0,20.0,0.0,4.0,15.0,65.0,3.11,44.0,15.0,3.0,2.0,0.0,9.0,0.43,8.0,0.0,1.0,0.0,0.0,36.0,21.0,24.0,7.0,5.0,23.0,59.0,16.0,10.0,25.0,61.0,76.0,1.0,1468.0,85.0,28.0,14.0,56.0,10.0,40.0,705.0,11.0,24.0,8.0,899.0,86.0,95.2,88.0,19,1,32.0,0,1.68,30.0,24.0,6.0,0.29,1.22,28.6,26.8,1.8,0.09,1.1,0.0,15.0,0.0,0.0,0.0,96.0,14.0,50.0,1.05,1.0,90.14,0.24,0.14,0.38,0.24,0.0,0.0,0.1,0.0,0.09,0.09,0.13,0.22,2.01,4.74,2.54,0.01,0.01,0.02,0.01,0.02,0.0,0.01,0.01,0.0,0.01,1.0,0.38,0.05,0.02,1.11,0.14,0.15,0.15,50.19,60.14,864.4,249.23,24.45,26.27,19.67,23.16,4.88,8.42,0.17,0.01,1.34,3.64,1.1,0.43,50.53,9.43,0.05,0.77,4.35,5.65,1.24,0.1,0.96,0.0,0.19,0.72,3.11,0.15,2.11,0.72,0.14,0.1,0.0,0.43,0.02,0.38,0.0,0.05,0.0,0.0,1.72,1.0,1.15,0.33,0.24,1.1,0.77,0.48,1.2,2.92,3.64,0.05,70.24,4.07,1.34,0.67,0.48,33.73,0.53,1.15,0.38,43.01,0.91,0.05,0.0,0.08,1.44,1.15,0.29,0.01,1.37,1.28,0.09,0.0,0.0,0.72,0.0,0.0,0.0,4.59,0.67
562.0,Luciano Rodríguez,uy URU,FW,Bahia,22-069,2003.0,18.0,8.0,791.0,8.8,2.0,0.0,2.0,2.0,0.0,0.0,1.0,0.0,2.9,2.9,0.2,3.1,18.0,11.0,49.0,0.23,0.0,0.23,0.23,0.23,0.33,0.03,0.35,0.33,0.35,Matches,29.0,11.0,37.9,3.3,1.25,0.07,0.18,17.7,2.0,0.1,-0.9,-0.9,114.0,151.0,75.5,1471.0,248.0,75.0,89.0,84.3,27.0,36.0,75.0,3.0,8.0,37.5,0.2,-0.2,3.0,6.0,1.0,0.0,139.0,12.0,0.0,0.0,2.0,2.0,0.0,0.0,0.0,0.0,0.0,9.0,9.0,1.03,5.0,0.0,1.0,2.0,0.0,0.0,0.0,0.0,0.0,0.0,0.0,0.0,7.0,5.0,5.0,2.0,0.0,0.0,0.0,4.0,5.0,1.0,8.0,8.0,1.0,272.0,9.0,35.0,6.0,24.0,13.0,52.0,170.0,9.0,27.0,21.0,186.0,44.0,39.9,65.0,2,10,27.0,1,1.78,11.0,15.0,-4.0,-0.46,-1.14,9.6,11.3,-1.8,-0.2,-0.39,0.0,13.0,0.0,0.0,0.0,24.0,6.0,46.2,2.05,0.91,89.89,0.23,0.0,0.23,0.23,0.0,0.0,0.11,0.0,0.33,0.33,0.02,0.35,2.05,1.25,5.57,0.03,0.0,0.03,0.03,0.03,0.04,0.0,0.04,0.04,0.04,3.3,1.25,0.37,0.14,2.01,0.23,-0.1,-0.1,12.95,17.16,167.16,28.18,8.52,10.11,3.07,4.09,0.34,0.91,0.02,-0.02,0.34,0.68,0.11,0.0,15.8,1.36,0.0,0.0,0.23,0.23,0.0,0.0,0.0,0.0,0.0,1.02,1.02,0.12,0.57,0.0,0.11,0.23,0.0,0.0,0.0,0.0,0.0,0.0,0.0,0.0,0.8,0.57,0.57,0.23,0.0,0.0,0.45,0.57,0.11,0.91,0.91,0.11,30.91,1.02,3.98,0.68,1.48,19.32,1.02,3.07,2.39,21.14,0.23,1.14,0.11,0.2,1.25,1.7,-0.45,-0.05,1.09,1.28,-0.2,-0.02,0.0,1.48,0.0,0.0,0.0,2.73,0.68
384.0,Luis Mandaca,br BRA,"MF,FW",Juventude,23-356,2001.0,22.0,20.0,1661.0,18.5,2.0,0.0,2.0,2.0,0.0,0.0,2.0,0.0,1.9,1.9,0.7,2.6,39.0,60.0,67.0,0.11,0.0,0.11,0.11,0.11,0.1,0.04,0.14,0.1,0.14,Matches,35.0,10.0,28.6,1.9,0.54,0.06,0.2,15.9,0.0,0.06,0.1,0.1,395.0,507.0,77.9,6771.0,2135.0,197.0,239.0,82.4,149.0,175.0,85.1,40.0,51.0,78.4,1.0,-0.7,17.0,48.0,10.0,2.0,495.0,11.0,1.0,11.0,15.0,3.0,0.0,0.0,0.0,0.0,1.0,24.0,46.0,2.49,34.0,0.0,3.0,4.0,4.0,3.0,0.16,3.0,0.0,0.0,0.0,0.0,39.0,23.0,17.0,16.0,6.0,10.0,37.0,17.0,16.0,12.0,51.0,28.0,1.0,748.0,35.0,56.0,30.0,47.6,32.0,50.8,405.0,9.0,27.0,26.0,490.0,76.0,80.2,80.0,7,2,30.0,1,0.95,15.0,30.0,-15.0,-0.81,1.61,13.5,29.4,-15.8,-0.86,0.3,0.0,36.0,0.0,0.0,0.0,76.0,24.0,50.0,1.19,1.08,89.78,0.11,0.0,0.11,0.11,0.0,0.0,0.11,0.0,0.1,0.1,0.04,0.14,2.11,3.24,3.62,0.01,0.0,0.01,0.01,0.01,0.01,0.0,0.01,0.01,0.01,1.89,0.54,0.1,0.03,0.86,0.0,0.01,0.01,21.35,27.41,366.0,115.41,10.65,12.92,8.05,9.46,2.16,2.76,0.05,-0.04,0.92,2.59,0.54,0.11,26.76,0.59,0.05,0.59,0.81,0.16,0.0,0.0,0.0,0.0,0.05,1.3,2.49,0.13,1.84,0.0,0.16,0.22,0.22,0.16,0.01,0.16,0.0,0.0,0.0,0.0,2.11,1.24,0.92,0.86,0.32,0.54,0.92,0.86,0.65,2.76,1.51,0.05,40.43,1.89,3.03,1.62,1.73,21.89,0.49,1.46,1.41,26.49,0.38,0.11,0.05,0.05,0.81,1.62,-0.81,-0.04,0.73,1.59,-0.85,-0.05,0.0,1.95,0.0,0.0,0.0,4.11,1.3
32.0,Luiz Araújo,br BRA,"FW,MF",Flamengo,29-113,1996.0,21.0,10.0,1113.0,12.4,4.0,2.0,6.0,4.0,0.0,0.0,1.0,0.0,2.2,2.2,3.1,5.3,24.0,63.0,96.0,0.32,0.16,0.49,0.32,0.49,0.17,0.25,0.43,0.17,0.43,Matches,29.0,13.0,44.8,2.35,1.05,0.14,0.31,20.9,1.0,0.07,1.8,1.8,407.0,535.0,76.1,6839.0,1644.0,205.0,237.0,86.5,153.0,181.0,84.5,39.0,79.0,49.4,2.6,-1.1,29.0,29.0,15.0,3.0,481.0,54.0,3.0,6.0,69.0,1.0,38.0,16.0,20.0,0.0,0.0,18.0,44.0,3.56,26.0,13.0,1.0,0.0,0.0,5.0,0.4,3.0,1.0,0.0,0.0,0.0,36.0,26.0,10.0,19.0,7.0,12.0,54.5,10.0,14.0,5.0,41.0,10.0,0.0,688.0,11.0,44.0,12.0,40.0,16.0,53.3,362.0,8.0,25.0,15.0,456.0,53.0,53.8,77.0,4,11,31.0,1,2.33,26.0,7.0,19.0,1.54,-0.16,21.0,9.5,11.5,0.93,0.16,0.0,17.0,0.0,0.0,0.0,31.0,6.0,31.6,1.69,0.81,89.76,0.32,0.16,0.48,0.32,0.0,0.0,0.08,0.0,0.18,0.18,0.25,0.43,1.94,5.08,7.74,0.03,0.01,0.04,0.03,0.04,0.01,0.02,0.03,0.01,0.03,2.34,1.05,0.19,0.08,1.69,0.08,0.15,0.15,32.82,43.15,551.53,132.58,16.53,19.11,12.34,14.6,3.15,6.37,0.21,-0.09,2.34,2.34,1.21,0.24,38.79,4.35,0.24,0.48,5.56,0.08,3.06,1.29,1.61,0.0,0.0,1.45,3.55,0.29,2.1,1.05,0.08,0.0,0.0,0.4,0.03,0.24,0.08,0.0,0.0,0.0,2.9,2.1,0.81,1.53,0.56,0.97,0.81,1.13,0.4,3.31,0.81,0.0,55.48,0.89,3.55,0.97,1.29,29.19,0.65,2.02,1.21,36.77,0.32,0.89,0.08,0.19,2.1,0.56,1.53,0.12,1.69,0.77,0.93,0.08,0.0,1.37,0.0,0.0,0.0,2.5,0.48
372.0,Lyanco,br BRA,DF,Atlético Mineiro,28-234,1997.0,14.0,14.0,1213.0,13.5,0.0,0.0,0.0,0.0,0.0,0.0,9.0,2.0,0.6,0.6,0.1,0.7,9.0,50.0,1.0,0.0,0.0,0.0,0.0,0.0,0.04,0.01,0.05,0.04,0.05,Matches,11.0,3.0,27.3,0.82,0.22,0.0,0.0,17.8,0.0,0.05,-0.6,-0.6,630.0,716.0,88.0,12000.0,3680.0,230.0,240.0,95.8,325.0,348.0,93.4,64.0,107.0,59.8,0.2,-0.1,3.0,62.0,7.0,0.0,680.0,35.0,0.0,8.0,1.0,2.0,0.0,0.0,0.0,0.0,1.0,2.0,15.0,1.11,13.0,0.0,0.0,1.0,0.0,1.0,0.07,1.0,0.0,0.0,0.0,0.0,27.0,16.0,19.0,4.0,4.0,12.0,66.7,6.0,7.0,32.0,59.0,67.0,3.0,899.0,97.0,12.0,6.0,42.9,5.0,35.7,522.0,2.0,19.0,1.0,566.0,87.0,61.3,87.0,11,0,,0,1.21,13.0,14.0,-1.0,-0.07,0.4,16.3,13.6,2.7,0.2,0.31,2.0,27.0,0.0,1.0,0.0,96.0,29.0,61.7,1.04,1.04,89.85,0.0,0.0,0.0,0.0,0.0,0.0,0.67,0.15,0.04,0.04,0.01,0.05,0.67,3.7,0.07,0.0,0.0,0.0,0.0,0.0,0.0,0.0,0.0,0.0,0.0,0.81,0.22,0.06,0.02,1.32,0.0,-0.04,-0.04,46.67,53.04,888.89,272.59,17.04,17.78,24.07,25.78,4.74,7.93,0.01,-0.01,0.22,4.59,0.52,0.0,50.37,2.59,0.0,0.59,0.07,0.15,0.0,0.0,0.0,0.0,0.07,0.15,1.11,0.08,0.96,0.0,0.0,0.07,0.0,0.07,0.01,0.07,0.0,0.0,0.0,0.0,2.0,1.19,1.41,0.3,0.3,0.89,0.44,0.52,2.37,4.37,4.96,0.22,66.59,7.19,0.89,0.44,0.37,38.67,0.15,1.41,0.07,41.93,0.81,0.0,0.0,0.09,0.96,1.04,-0.07,-0.01,1.21,1.01,0.2,0.01,0.15,2.0,0.0,0.07,0.0,7.11,2.15
307.0,Léo Jardim,br BRA,GK,Vasco da Gama,30-187,1995.0,22.0,22.0,1975.0,21.9,0.0,0.0,0.0,0.0,0.0,0.0,2.0,1.0,0.0,0.0,0.0,0.0,0.0,0.0,0.0,0.0,0.0,0.0,0.0,0.0,0.0,0.0,0.0,0.0,0.0,Matches,0.0,0.0,,0.0,0.0,,,,0.0,,0.0,0.0,538.0,677.0,79.5,12210.0,7302.0,130.0,130.0,100.0,293.0,299.0,98.0,99.0,230.0,43.0,0.0,0.0,0.0,3.0,0.0,0.0,485.0,191.0,0.0,2.0,0.0,0.0,0.0,0.0,0.0,0.0,1.0,1.0,2.0,0.09,2.0,0.0,0.0,0.0,0.0,0.0,0.0,0.0,0.0,0.0,0.0,0.0,0.0,0.0,0.0,0.0,0.0,0.0,,0.0,0.0,0.0,0.0,21.0,4.0,736.0,634.0,0.0,1.0,100.0,0.0,0.0,404.0,0.0,0.0,0.0,358.0,90.0,95.4,90.0,21,0,,0,1.09,31.0,30.0,1.0,0.05,1.94,25.5,31.2,-5.7,-0.26,-0.1,1.0,0.0,0.0,0.0,0.0,27.0,7.0,87.5,1.0,1.0,90.18,0.0,0.0,0.0,0.0,0.0,0.0,0.09,0.05,0.0,0.0,0.0,0.0,0.0,0.0,0.0,0.0,0.0,0.0,0.0,0.0,0.0,0.0,0.0,0.0,0.0,0.0,0.0,0.0,0.0,,0.0,0.0,0.0,24.57,30.91,557.53,333.42,5.94,5.94,13.38,13.65,4.52,10.5,0.0,0.0,0.0,0.14,0.0,0.0,22.15,8.72,0.0,0.09,0.0,0.0,0.0,0.0,0.0,0.0,0.05,0.05,0.09,0.0,0.09,0.0,0.0,0.0,0.0,0.0,0.0,0.0,0.0,0.0,0.0,0.0,0.0,0.0,0.0,0.0,0.0,0.0,0.0,0.0,0.0,0.0,0.96,0.18,33.61,28.95,0.0,0.05,0.0,18.45,0.0,0.0,0.0,16.35,0.96,0.0,0.0,0.05,1.42,1.37,0.05,0.0,1.16,1.42,-0.26,-0.01,0.05,0.0,0.0,0.0,0.0,1.23,0.32
497.0,Léo Pereira,br BRA,DF,Flamengo,29-235,1996.0,21.0,20.0,1842.0,20.5,3.0,0.0,3.0,3.0,0.0,0.0,3.0,0.0,1.7,1.7,0.1,1.9,15.0,92.0,12.0,0.15,0.0,0.15,0.15,0.15,0.08,0.01,0.09,0.08,0.09,Matches,14.0,6.0,42.9,0.68,0.29,0.21,0.5,14.1,3.0,0.12,1.3,1.3,1569.0,1677.0,93.6,28542.0,9154.0,570.0,593.0,96.1,872.0,894.0,97.5,116.0,163.0,71.2,0.6,-0.1,6.0,103.0,6.0,0.0,1594.0,80.0,0.0,2.0,7.0,8.0,0.0,0.0,0.0,0.0,3.0,10.0,17.0,0.83,17.0,0.0,0.0,0.0,0.0,1.0,0.05,1.0,0.0,0.0,0.0,0.0,17.0,12.0,13.0,3.0,1.0,10.0,45.5,12.0,10.0,16.0,33.0,80.0,1.0,1847.0,156.0,17.0,1.0,50.0,1.0,50.0,1211.0,0.0,10.0,3.0,1424.0,88.0,89.0,90.0,19,1,45.0,2,2.24,42.0,10.0,32.0,1.56,-0.41,31.0,15.4,15.6,0.76,-0.86,0.0,15.0,0.0,1.0,0.0,76.0,36.0,57.1,1.02,0.98,89.85,0.15,0.0,0.15,0.15,0.0,0.0,0.15,0.0,0.08,0.08,0.0,0.09,0.73,4.49,0.59,0.01,0.0,0.01,0.01,0.01,0.0,0.0,0.0,0.0,0.0,0.68,0.29,0.03,0.01,0.69,0.15,0.06,0.06,76.54,81.8,1392.29,446.54,27.8,28.93,42.54,43.61,5.66,7.95,0.03,-0.0,0.29,5.02,0.29,0.0,77.76,3.9,0.0,0.1,0.34,0.39,0.0,0.0,0.0,0.0,0.15,0.49,0.83,0.04,0.83,0.0,0.0,0.0,0.0,0.05,0.0,0.05,0.0,0.0,0.0,0.0,0.83,0.59,0.63,0.15,0.05,0.49,0.59,0.49,0.78,1.61,3.9,0.05,90.1,7.61,0.83,0.05,0.05,59.07,0.0,0.49,0.15,69.46,0.93,0.05,0.1,0.11,2.05,0.49,1.56,0.08,1.51,0.75,0.76,0.04,0.0,0.73,0.0,0.05,0.0,3.71,1.76
276.0,Marcelo Hermes,br BRA,DF,Juventude,30-234,1995.0,10.0,9.0,855.0,9.5,0.0,2.0,2.0,0.0,0.0,0.0,2.0,0.0,0.4,0.4,1.8,2.1,13.0,39.0,39.0,0.0,0.21,0.21,0.0,0.21,0.04,0.18,0.23,0.04,0.23,Matches,9.0,2.0,22.2,0.95,0.21,0.0,0.0,20.1,1.0,0.04,-0.4,-0.4,360.0,515.0,69.9,6417.0,3024.0,153.0,175.0,87.4,167.0,214.0,78.0,34.0,93.0,36.6,1.0,0.2,11.0,33.0,5.0,2.0,352.0,158.0,1.0,3.0,75.0,101.0,33.0,14.0,17.0,0.0,5.0,17.0,23.0,2.42,12.0,8.0,0.0,0.0,1.0,2.0,0.21,1.0,1.0,0.0,0.0,0.0,19.0,12.0,9.0,8.0,2.0,9.0,56.3,7.0,8.0,9.0,28.0,34.0,2.0,618.0,35.0,9.0,3.0,30.0,7.0,70.0,255.0,0.0,11.0,4.0,318.0,86.0,41.3,90.0,9,1,45.0,2,1.0,8.0,18.0,-10.0,-1.05,0.13,8.1,15.9,-7.8,-0.82,0.16,0.0,10.0,0.0,0.0,0.0,34.0,7.0,36.8,1.05,0.95,90.0,0.0,0.21,0.21,0.0,0.0,0.0,0.21,0.0,0.04,0.04,0.19,0.22,1.37,4.11,4.11,0.0,0.02,0.02,0.0,0.02,0.0,0.02,0.02,0.0,0.02,0.95,0.21,0.1,0.02,2.12,0.11,-0.04,-0.04,37.89,54.21,675.47,318.32,16.11,18.42,17.58,22.53,3.58,9.79,0.11,0.02,1.16,3.47,0.53,0.21,37.05,16.63,0.11,0.32,7.89,10.63,3.47,1.47,1.79,0.0,0.53,1.79,2.42,0.25,1.26,0.84,0.0,0.0,0.11,0.21,0.02,0.11,0.11,0.0,0.0,0.0,2.0,1.26,0.95,0.84,0.21,0.95,0.74,0.84,0.95,2.95,3.58,0.21,65.05,3.68,0.95,0.32,0.74,26.84,0.0,1.16,0.42,33.47,0.95,0.11,0.21,0.11,0.84,1.89,-1.05,-0.11,0.85,1.67,-0.82,-0.09,0.0,1.05,0.0,0.0,0.0,3.58,0.74
28.0,Marcos Antônio,br BRA,MF,São Paulo,25-102,2000.0,18.0,15.0,1188.0,13.2,0.0,2.0,2.0,0.0,0.0,0.0,4.0,0.0,0.2,0.2,1.3,1.5,19.0,63.0,51.0,0.0,0.15,0.15,0.0,0.15,0.02,0.1,0.11,0.02,0.11,Matches,7.0,1.0,14.3,0.53,0.08,0.0,0.0,28.5,0.0,0.03,-0.2,-0.2,599.0,681.0,88.0,10140.0,2341.0,287.0,317.0,90.5,250.0,269.0,92.9,46.0,54.0,85.2,1.7,0.7,18.0,58.0,14.0,1.0,668.0,12.0,1.0,4.0,8.0,2.0,0.0,0.0,0.0,0.0,1.0,16.0,36.0,2.72,34.0,0.0,0.0,1.0,1.0,4.0,0.3,4.0,0.0,0.0,0.0,0.0,14.0,9.0,8.0,6.0,0.0,8.0,38.1,13.0,10.0,6.0,20.0,22.0,0.0,786.0,30.0,15.0,3.0,30.0,7.0,70.0,519.0,4.0,20.0,8.0,601.0,66.0,55.0,74.0,6,3,28.0,0,1.83,17.0,10.0,7.0,0.53,0.9,16.4,13.2,3.2,0.24,0.01,0.0,18.0,0.0,0.0,0.0,62.0,5.0,26.3,1.36,1.14,90.0,0.0,0.15,0.15,0.0,0.0,0.0,0.3,0.0,0.02,0.02,0.1,0.11,1.44,4.77,3.86,0.0,0.01,0.01,0.0,0.01,0.0,0.01,0.01,0.0,0.01,0.53,0.08,0.04,0.01,2.16,0.0,-0.02,-0.02,45.38,51.59,768.18,177.35,21.74,24.02,18.94,20.38,3.48,4.09,0.13,0.05,1.36,4.39,1.06,0.08,50.61,0.91,0.08,0.3,0.61,0.15,0.0,0.0,0.0,0.0,0.08,1.21,2.73,0.21,2.58,0.0,0.0,0.08,0.08,0.3,0.02,0.3,0.0,0.0,0.0,0.0,1.06,0.68,0.61,0.45,0.0,0.61,0.98,0.76,0.45,1.52,1.67,0.0,59.55,2.27,1.14,0.23,0.53,39.32,0.3,1.52,0.61,45.53,0.45,0.23,0.0,0.14,1.29,0.76,0.53,0.04,1.24,1.0,0.24,0.02,0.0,1.36,0.0,0.0,0.0,4.7,0.38
196.0,Marcos Felipe,br BRA,GK,Bahia,29-163,1996.0,11.0,10.0,972.0,10.8,0.0,0.0,0.0,0.0,0.0,0.0,0.0,0.0,0.0,0.0,0.0,0.0,0.0,0.0,0.0,0.0,0.0,0.0,0.0,0.0,0.0,0.0,0.0,0.0,0.0,Matches,0.0,0.0,,0.0,0.0,,,,0.0,,0.0,0.0,347.0,429.0,80.9,7943.0,5107.0,90.0,90.0,100.0,168.0,169.0,99.4,73.0,153.0,47.7,0.0,0.0,0.0,1.0,0.0,0.0,315.0,113.0,0.0,2.0,0.0,0.0,0.0,0.0,0.0,0.0,1.0,0.0,2.0,0.19,1.0,1.0,0.0,0.0,0.0,0.0,0.0,0.0,0.0,0.0,0.0,0.0,0.0,0.0,0.0,0.0,0.0,0.0,,0.0,0.0,1.0,1.0,10.0,1.0,458.0,353.0,0.0,0.0,,0.0,,234.0,0.0,1.0,0.0,230.0,88.0,49.1,90.0,10,1,72.0,6,2.0,13.0,9.0,4.0,0.37,0.28,14.9,14.9,0.0,0.0,-0.06,0.0,1.0,0.0,1.0,0.0,10.0,2.0,100.0,1.02,0.93,90.0,0.0,0.0,0.0,0.0,0.0,0.0,0.0,0.0,0.0,0.0,0.0,0.0,0.0,0.0,0.0,0.0,0.0,0.0,0.0,0.0,0.0,0.0,0.0,0.0,0.0,0.0,0.0,0.0,0.0,,0.0,0.0,0.0,32.13,39.72,735.46,472.87,8.33,8.33,15.56,15.65,6.76,14.17,0.0,0.0,0.0,0.09,0.0,0.0,29.17,10.46,0.0,0.19,0.0,0.0,0.0,0.0,0.0,0.0,0.09,0.0,0.19,0.02,0.09,0.09,0.0,0.0,0.0,0.0,0.0,0.0,0.0,0.0,0.0,0.0,0.0,0.0,0.0,0.0,0.0,0.0,0.0,0.0,0.09,0.09,0.93,0.09,42.41,32.69,0.0,0.0,0.0,21.67,0.0,0.09,0.0,21.3,0.93,0.09,0.56,0.19,1.2,0.83,0.37,0.03,1.38,1.38,0.0,0.0,0.0,0.09,0.0,0.09,0.0,0.93,0.19
487.0,Marcos Paulo,br BRA,DF,Juventude,22-248,2003.0,10.0,9.0,783.0,8.7,0.0,0.0,0.0,0.0,0.0,0.0,4.0,0.0,0.2,0.2,0.1,0.3,7.0,29.0,2.0,0.0,0.0,0.0,0.0,0.0,0.02,0.01,0.03,0.02,0.03,Matches,3.0,2.0,66.7,0.34,0.23,0.0,0.0,23.6,0.0,0.06,-0.2,-0.2,319.0,389.0,82.0,6560.0,2482.0,93.0,104.0,89.4,180.0,198.0,90.9,44.0,76.0,57.9,0.1,-0.1,2.0,20.0,1.0,0.0,372.0,17.0,0.0,3.0,0.0,0.0,0.0,0.0,0.0,0.0,0.0,7.0,8.0,0.92,7.0,0.0,0.0,0.0,0.0,1.0,0.11,1.0,0.0,0.0,0.0,0.0,10.0,8.0,4.0,4.0,2.0,7.0,77.8,2.0,5.0,6.0,16.0,51.0,1.0,481.0,70.0,5.0,3.0,75.0,1.0,25.0,286.0,1.0,4.0,2.0,319.0,78.0,37.8,82.0,6,1,45.0,5,0.4,5.0,17.0,-12.0,-1.38,-0.4,5.0,16.2,-11.2,-1.28,-0.59,0.0,14.0,0.0,1.0,1.0,36.0,15.0,57.7,1.15,1.03,90.0,0.0,0.0,0.0,0.0,0.0,0.0,0.46,0.0,0.02,0.02,0.01,0.03,0.8,3.33,0.23,0.0,0.0,0.0,0.0,0.0,0.0,0.0,0.0,0.0,0.0,0.34,0.23,0.04,0.03,2.71,0.0,-0.02,-0.02,36.67,44.71,754.02,285.29,10.69,11.95,20.69,22.76,5.06,8.74,0.01,-0.01,0.23,2.3,0.11,0.0,42.76,1.95,0.0,0.34,0.0,0.0,0.0,0.0,0.0,0.0,0.0,0.8,0.92,0.11,0.8,0.0,0.0,0.0,0.0,0.11,0.01,0.11,0.0,0.0,0.0,0.0,1.15,0.92,0.46,0.46,0.23,0.8,0.23,0.57,0.69,1.84,5.86,0.11,55.29,8.05,0.57,0.34,0.11,32.87,0.11,0.46,0.23,36.67,0.69,0.11,0.57,0.05,0.57,1.95,-1.38,-0.16,0.57,1.86,-1.29,-0.15,0.0,1.61,0.0,0.11,0.11,4.14,1.72
388.0,Marcão,br BRA,GK,Juventude,33-201,1992.0,6.0,5.0,495.0,5.5,0.0,0.0,0.0,0.0,0.0,0.0,0.0,0.0,0.0,0.0,0.0,0.0,0.0,0.0,0.0,0.0,0.0,0.0,0.0,0.0,0.0,0.0,0.0,0.0,0.0,Matches,0.0,0.0,,0.0,0.0,,,,0.0,,0.0,0.0,105.0,155.0,67.7,2584.0,1649.0,17.0,18.0,94.4,61.0,61.0,100.0,27.0,75.0,36.0,0.0,0.0,0.0,0.0,0.0,0.0,124.0,30.0,0.0,0.0,0.0,0.0,0.0,0.0,0.0,0.0,1.0,0.0,0.0,0.0,0.0,0.0,0.0,0.0,0.0,0.0,0.0,0.0,0.0,0.0,0.0,0.0,0.0,0.0,0.0,0.0,0.0,0.0,,0.0,0.0,0.0,0.0,1.0,0.0,175.0,163.0,0.0,0.0,,0.0,,107.0,0.0,0.0,0.0,82.0,83.0,23.9,90.0,5,1,45.0,4,0.5,2.0,10.0,-8.0,-1.45,-0.43,3.1,9.3,-6.2,-1.12,-0.27,0.0,1.0,0.0,1.0,0.0,6.0,0.0,,1.09,0.91,90.0,0.0,0.0,0.0,0.0,0.0,0.0,0.0,0.0,0.0,0.0,0.0,0.0,0.0,0.0,0.0,0.0,0.0,0.0,0.0,0.0,0.0,0.0,0.0,0.0,0.0,0.0,0.0,0.0,0.0,,0.0,0.0,0.0,19.09,28.18,469.82,299.82,3.09,3.27,11.09,11.09,4.91,13.64,0.0,0.0,0.0,0.0,0.0,0.0,22.55,5.45,0.0,0.0,0.0,0.0,0.0,0.0,0.0,0.0,0.18,0.0,0.0,0.0,0.0,0.0,0.0,0.0,0.0,0.0,0.0,0.0,0.0,0.0,0.0,0.0,0.0,0.0,0.0,0.0,0.0,0.0,0.0,0.0,0.0,0.0,0.18,0.0,31.82,29.64,0.0,0.0,0.0,19.45,0.0,0.0,0.0,14.91,0.91,0.18,0.73,0.09,0.36,1.82,-1.45,-0.26,0.56,1.69,-1.13,-0.2,0.0,0.18,0.0,0.18,0.0,1.09,0.0
391.0,Marinho,br BRA,FW,Fortaleza,35-117,1990.0,15.0,8.0,683.0,7.6,1.0,2.0,3.0,1.0,0.0,0.0,3.0,1.0,2.3,2.3,2.5,4.9,33.0,19.0,77.0,0.13,0.26,0.4,0.13,0.4,0.3,0.34,0.64,0.3,0.64,Matches,27.0,6.0,22.2,3.56,0.79,0.04,0.17,21.1,1.0,0.09,-1.3,-1.3,134.0,203.0,66.0,2173.0,596.0,71.0,85.0,83.5,48.0,65.0,73.8,12.0,34.0,35.3,1.0,-0.5,11.0,13.0,12.0,5.0,186.0,14.0,0.0,2.0,31.0,1.0,10.0,3.0,3.0,1.0,3.0,11.0,26.0,3.43,14.0,2.0,2.0,2.0,0.0,3.0,0.4,1.0,0.0,0.0,0.0,0.0,11.0,7.0,5.0,6.0,0.0,5.0,50.0,5.0,7.0,4.0,15.0,2.0,0.0,315.0,1.0,27.0,14.0,48.3,11.0,37.9,204.0,13.0,23.0,13.0,226.0,46.0,33.0,67.0,0,7,21.0,2,1.0,10.0,13.0,-3.0,-0.4,0.38,8.6,9.5,-0.8,-0.11,0.3,0.0,24.0,0.0,0.0,0.0,30.0,2.0,11.8,1.97,1.05,89.87,0.13,0.26,0.39,0.13,0.0,0.0,0.39,0.13,0.3,0.3,0.33,0.64,4.34,2.5,10.13,0.02,0.03,0.05,0.02,0.05,0.04,0.04,0.08,0.04,0.08,3.55,0.79,0.47,0.1,2.78,0.13,-0.17,-0.17,17.63,26.71,285.92,78.42,9.34,11.18,6.32,8.55,1.58,4.47,0.13,-0.07,1.45,1.71,1.58,0.66,24.47,1.84,0.0,0.26,4.08,0.13,1.32,0.39,0.39,0.13,0.39,1.45,3.42,0.45,1.84,0.26,0.26,0.26,0.0,0.39,0.05,0.13,0.0,0.0,0.0,0.0,1.45,0.92,0.66,0.79,0.0,0.66,0.66,0.92,0.53,1.97,0.26,0.0,41.45,0.13,3.55,1.84,1.45,26.84,1.71,3.03,1.71,29.74,0.0,0.92,0.26,0.13,1.32,1.71,-0.39,-0.05,1.13,1.25,-0.11,-0.01,0.0,3.16,0.0,0.0,0.0,3.95,0.26
84.0,Marllon Borges,br BRA,DF,Ceará,33-160,1992.0,19.0,19.0,1710.0,19.0,2.0,0.0,2.0,2.0,0.0,0.0,2.0,0.0,0.4,0.4,0.0,0.5,2.0,31.0,1.0,0.11,0.0,0.11,0.11,0.11,0.02,0.0,0.02,0.02,0.02,Matches,6.0,2.0,33.3,0.32,0.11,0.33,1.0,10.8,0.0,0.07,1.6,1.6,518.0,605.0,85.6,10740.0,4003.0,145.0,158.0,91.8,296.0,323.0,91.6,73.0,110.0,66.4,0.1,0.0,2.0,23.0,1.0,0.0,562.0,41.0,0.0,2.0,2.0,0.0,0.0,0.0,0.0,0.0,2.0,5.0,10.0,0.53,5.0,1.0,0.0,1.0,1.0,0.0,0.0,0.0,0.0,0.0,0.0,0.0,19.0,8.0,12.0,6.0,1.0,8.0,50.0,8.0,1.0,10.0,29.0,120.0,2.0,793.0,132.0,9.0,0.0,0.0,1.0,100.0,380.0,0.0,7.0,0.0,441.0,90.0,82.6,90.0,19,0,,4,1.11,17.0,19.0,-2.0,-0.11,-0.36,20.3,21.5,-1.1,-0.06,-0.35,0.0,14.0,0.0,0.0,0.0,40.0,33.0,52.4,1.0,1.0,90.0,0.11,0.0,0.11,0.11,0.0,0.0,0.11,0.0,0.02,0.02,0.0,0.03,0.11,1.63,0.05,0.01,0.0,0.01,0.01,0.01,0.0,0.0,0.0,0.0,0.0,0.32,0.11,0.02,0.01,0.57,0.0,0.08,0.08,27.26,31.84,565.26,210.68,7.63,8.32,15.58,17.0,3.84,5.79,0.01,0.0,0.11,1.21,0.05,0.0,29.58,2.16,0.0,0.11,0.11,0.0,0.0,0.0,0.0,0.0,0.11,0.26,0.53,0.03,0.26,0.05,0.0,0.05,0.05,0.0,0.0,0.0,0.0,0.0,0.0,0.0,1.0,0.42,0.63,0.32,0.05,0.42,0.42,0.05,0.53,1.53,6.32,0.11,41.74,6.95,0.47,0.0,0.05,20.0,0.0,0.37,0.0,23.21,1.0,0.0,0.21,0.06,0.89,1.0,-0.11,-0.01,1.07,1.13,-0.06,-0.0,0.0,0.74,0.0,0.0,0.0,2.11,1.74
394.0,Marlon,br BRA,DF,Grêmio,28-126,1997.0,17.0,17.0,1530.0,17.0,0.0,2.0,2.0,0.0,0.0,0.0,4.0,0.0,0.4,0.4,1.8,2.2,23.0,44.0,50.0,0.0,0.12,0.12,0.0,0.12,0.02,0.11,0.13,0.02,0.13,Matches,0.0,0.0,,0.0,0.0,,,,0.0,,0.0,0.0,6.0,6.0,100.0,80.0,52.0,5.0,5.0,100.0,0.0,0.0,,1.0,1.0,100.0,0.0,0.0,1.0,2.0,0.0,0.0,5.0,1.0,0.0,0.0,0.0,1.0,0.0,0.0,0.0,0.0,0.0,0.0,1.0,15.0,1.0,0.0,0.0,0.0,0.0,0.0,0.0,0.0,0.0,0.0,0.0,0.0,0.0,0.0,0.0,0.0,0.0,0.0,,0.0,0.0,0.0,0.0,0.0,0.0,7.0,0.0,0.0,0.0,,0.0,,3.0,0.0,1.0,0.0,4.0,6.0,0.3,,0,1,6.0,1,0.0,0.0,0.0,0.0,0.0,-0.92,0.1,0.2,-0.1,-1.58,-2.06,0.0,0.0,0.0,0.0,0.0,0.0,0.0,,1.0,1.0,90.0,0.0,0.12,0.12,0.0,0.0,0.0,0.24,0.0,0.02,0.02,0.11,0.13,1.35,2.59,2.94,0.0,0.01,0.01,0.0,0.01,0.0,0.01,0.01,0.0,0.01,0.0,0.0,0.0,0.0,,0.0,0.0,0.0,0.35,0.35,4.71,3.06,0.29,0.29,0.0,0.0,0.06,0.06,0.0,0.0,0.06,0.12,0.0,0.0,0.29,0.06,0.0,0.0,0.0,0.06,0.0,0.0,0.0,0.0,0.0,0.0,0.06,0.88,0.06,0.0,0.0,0.0,0.0,0.0,0.0,0.0,0.0,0.0,0.0,0.0,0.0,0.0,0.0,0.0,0.0,0.0,0.0,0.0,0.0,0.0,0.0,0.0,0.41,0.0,0.0,0.0,0.0,0.18,0.0,0.06,0.0,0.24,0.0,0.06,0.06,0.0,0.0,0.0,0.0,0.0,0.01,0.01,-0.01,-0.09,0.0,0.0,0.0,0.0,0.0,0.0,0.0
217.0,Marlon Freitas,br BRA,MF,Botafogo (RJ),30-180,1995.0,21.0,19.0,1664.0,18.5,1.0,3.0,4.0,1.0,0.0,0.0,4.0,0.0,0.6,0.6,1.7,2.3,19.0,137.0,21.0,0.05,0.16,0.22,0.05,0.22,0.03,0.09,0.12,0.03,0.12,Matches,13.0,5.0,38.5,0.7,0.27,0.08,0.2,22.3,0.0,0.05,0.4,0.4,1110.0,1247.0,89.0,22301.0,5750.0,396.0,424.0,93.4,540.0,580.0,93.1,161.0,205.0,78.5,2.0,1.3,20.0,138.0,23.0,2.0,1172.0,71.0,4.0,16.0,6.0,8.0,0.0,0.0,0.0,0.0,4.0,13.0,55.0,2.97,50.0,2.0,0.0,0.0,0.0,8.0,0.43,8.0,0.0,0.0,0.0,0.0,26.0,14.0,11.0,11.0,4.0,16.0,48.5,17.0,10.0,16.0,42.0,36.0,0.0,1379.0,52.0,9.0,1.0,20.0,3.0,60.0,863.0,0.0,10.0,6.0,1053.0,79.0,80.4,86.0,12,2,19.0,0,1.67,23.0,13.0,10.0,0.54,-1.01,25.4,19.6,5.8,0.31,-0.09,0.0,21.0,0.0,0.0,0.0,63.0,9.0,47.4,1.14,1.03,89.95,0.05,0.16,0.22,0.05,0.0,0.0,0.22,0.0,0.03,0.03,0.09,0.12,1.03,7.41,1.14,0.0,0.01,0.01,0.0,0.01,0.0,0.0,0.01,0.0,0.01,0.7,0.27,0.04,0.01,1.21,0.0,0.02,0.02,60.0,67.41,1205.46,310.81,21.41,22.92,29.19,31.35,8.7,11.08,0.11,0.07,1.08,7.46,1.24,0.11,63.35,3.84,0.22,0.86,0.32,0.43,0.0,0.0,0.0,0.0,0.22,0.7,2.97,0.16,2.7,0.11,0.0,0.0,0.0,0.43,0.02,0.43,0.0,0.0,0.0,0.0,1.41,0.76,0.59,0.59,0.22,0.86,0.92,0.54,0.86,2.27,1.95,0.0,74.54,2.81,0.49,0.05,0.16,46.65,0.0,0.54,0.32,56.92,0.65,0.11,0.0,0.09,1.24,0.7,0.54,0.03,1.37,1.06,0.31,0.02,0.0,1.14,0.0,0.0,0.0,3.41,0.49
89.0,Martin Braithwaite,dk DEN,FW,Grêmio,34-110,1991.0,18.0,18.0,1456.0,16.2,6.0,1.0,7.0,2.0,4.0,4.0,3.0,0.0,6.1,3.0,0.8,3.8,12.0,27.0,57.0,0.37,0.06,0.43,0.12,0.19,0.38,0.05,0.43,0.19,0.24,Matches,33.0,12.0,36.4,2.04,0.74,0.06,0.17,15.6,2.0,0.09,-0.1,-1.0,201.0,265.0,75.8,3067.0,569.0,109.0,136.0,80.1,72.0,92.0,78.3,12.0,16.0,75.0,0.8,0.2,16.0,18.0,5.0,0.0,231.0,33.0,0.0,2.0,3.0,0.0,0.0,0.0,0.0,0.0,1.0,8.0,42.0,2.6,29.0,0.0,2.0,4.0,1.0,4.0,0.25,2.0,0.0,1.0,1.0,0.0,9.0,5.0,3.0,3.0,3.0,4.0,57.1,3.0,4.0,3.0,12.0,10.0,0.0,398.0,12.0,67.0,11.0,36.7,15.0,50.0,205.0,8.0,22.0,23.0,269.0,81.0,70.3,81.0,9,0,,0,1.06,12.0,19.0,-7.0,-0.43,-0.58,16.8,22.9,-6.1,-0.38,0.42,0.0,23.0,1.0,0.0,0.0,27.0,23.0,43.4,1.11,1.11,89.88,0.37,0.06,0.43,0.12,0.25,0.25,0.19,0.0,0.38,0.19,0.05,0.23,0.74,1.67,3.52,0.02,0.0,0.03,0.01,0.01,0.02,0.0,0.03,0.01,0.01,2.04,0.74,0.13,0.05,0.96,0.12,-0.01,-0.06,12.41,16.36,189.32,35.12,6.73,8.4,4.44,5.68,0.74,0.99,0.05,0.01,0.99,1.11,0.31,0.0,14.26,2.04,0.0,0.12,0.19,0.0,0.0,0.0,0.0,0.0,0.06,0.49,2.59,0.16,1.79,0.0,0.12,0.25,0.06,0.25,0.02,0.12,0.0,0.06,0.06,0.0,0.56,0.31,0.19,0.19,0.19,0.25,0.19,0.25,0.19,0.74,0.62,0.0,24.57,0.74,4.14,0.68,0.93,12.65,0.49,1.36,1.42,16.6,0.56,0.0,0.0,0.07,0.74,1.17,-0.43,-0.03,1.04,1.41,-0.38,-0.02,0.0,1.42,0.06,0.0,0.0,1.67,1.42
400.0,Martinelli,br BRA,MF,Fluminense,24-136,2001.0,19.0,18.0,1478.0,16.4,1.0,1.0,2.0,1.0,0.0,0.0,4.0,0.0,1.5,1.5,1.2,2.7,19.0,76.0,21.0,0.06,0.06,0.12,0.06,0.12,0.09,0.07,0.16,0.09,0.16,Matches,10.0,4.0,40.0,0.61,0.24,0.1,0.25,13.9,0.0,0.18,-0.5,-0.5,734.0,852.0,86.2,12366.0,3241.0,358.0,400.0,89.5,290.0,327.0,88.7,63.0,86.0,73.3,1.4,-0.2,12.0,65.0,7.0,0.0,824.0,28.0,3.0,15.0,4.0,4.0,0.0,0.0,0.0,0.0,0.0,13.0,28.0,1.71,24.0,0.0,0.0,1.0,1.0,3.0,0.18,2.0,0.0,0.0,0.0,1.0,30.0,21.0,17.0,9.0,4.0,10.0,50.0,10.0,17.0,9.0,39.0,18.0,3.0,1005.0,36.0,20.0,9.0,37.5,10.0,41.7,594.0,4.0,19.0,18.0,741.0,78.0,74.6,80.0,7,1,30.0,0,1.47,18.0,16.0,2.0,0.12,1.02,17.3,14.4,2.8,0.17,0.65,0.0,25.0,0.0,1.0,0.0,66.0,16.0,55.2,1.16,1.1,90.12,0.06,0.06,0.12,0.06,0.0,0.0,0.24,0.0,0.09,0.09,0.07,0.16,1.16,4.63,1.28,0.0,0.0,0.01,0.0,0.01,0.01,0.0,0.01,0.01,0.01,0.61,0.24,0.04,0.01,0.85,0.0,-0.03,-0.03,44.76,51.95,754.02,197.62,21.83,24.39,17.68,19.94,3.84,5.24,0.09,-0.01,0.73,3.96,0.43,0.0,50.24,1.71,0.18,0.91,0.24,0.24,0.0,0.0,0.0,0.0,0.0,0.79,1.71,0.1,1.46,0.0,0.0,0.06,0.06,0.18,0.01,0.12,0.0,0.0,0.0,0.06,1.83,1.28,1.04,0.55,0.24,0.61,0.61,1.04,0.55,2.38,1.1,0.18,61.28,2.2,1.22,0.55,0.61,36.22,0.24,1.16,1.1,45.18,0.43,0.06,0.0,0.09,1.1,0.98,0.12,0.01,1.05,0.88,0.17,0.01,0.0,1.52,0.0,0.06,0.0,4.02,0.98
11.0,Matheus Alexandre,br BRA,DF,Sport Recife,26-169,1999.0,15.0,12.0,1053.0,11.7,0.0,1.0,1.0,0.0,0.0,0.0,5.0,0.0,0.4,0.4,0.7,1.0,26.0,40.0,45.0,0.0,0.09,0.09,0.0,0.09,0.03,0.06,0.09,0.03,0.09,Matches,6.0,1.0,16.7,0.51,0.09,0.0,0.0,19.0,0.0,0.06,-0.4,-0.4,371.0,466.0,79.6,5731.0,2350.0,197.0,216.0,91.2,149.0,184.0,81.0,17.0,34.0,50.0,0.6,0.3,5.0,17.0,10.0,6.0,358.0,107.0,0.0,0.0,30.0,102.0,0.0,0.0,0.0,0.0,1.0,16.0,14.0,1.2,9.0,2.0,0.0,1.0,2.0,2.0,0.17,1.0,0.0,0.0,1.0,0.0,25.0,18.0,14.0,8.0,3.0,16.0,64.0,9.0,9.0,21.0,46.0,37.0,0.0,589.0,35.0,14.0,7.0,43.8,6.0,37.5,282.0,1.0,7.0,6.0,290.0,70.0,53.2,81.0,9,3,26.0,3,0.8,10.0,22.0,-12.0,-1.03,-0.44,13.2,20.5,-7.4,-0.63,-0.21,0.0,18.0,1.0,1.0,0.0,37.0,19.0,65.5,1.28,1.03,90.0,0.0,0.09,0.09,0.0,0.0,0.0,0.43,0.0,0.03,0.03,0.06,0.09,2.22,3.42,3.85,0.0,0.01,0.01,0.0,0.01,0.0,0.01,0.01,0.0,0.01,0.51,0.09,0.04,0.01,1.62,0.0,-0.03,-0.03,31.71,39.83,489.83,200.85,16.84,18.46,12.74,15.73,1.45,2.91,0.05,0.03,0.43,1.45,0.85,0.51,30.6,9.15,0.0,0.0,2.56,8.72,0.0,0.0,0.0,0.0,0.09,1.37,1.2,0.1,0.77,0.17,0.0,0.09,0.17,0.17,0.01,0.09,0.0,0.0,0.09,0.0,2.14,1.54,1.2,0.68,0.26,1.37,0.77,0.77,1.79,3.93,3.16,0.0,50.34,2.99,1.2,0.6,0.51,24.1,0.09,0.6,0.51,24.79,0.77,0.26,0.26,0.07,0.85,1.88,-1.03,-0.09,1.13,1.75,-0.63,-0.05,0.0,1.54,0.09,0.09,0.0,3.16,1.62
53.0,Matheus Bahia,br BRA,DF,Ceará,26-043,1999.0,14.0,14.0,1236.0,13.7,0.0,1.0,1.0,0.0,0.0,0.0,4.0,0.0,0.2,0.2,1.0,1.1,17.0,33.0,49.0,0.0,0.07,0.07,0.0,0.07,0.01,0.07,0.08,0.01,0.08,Matches,6.0,2.0,33.3,0.44,0.15,0.0,0.0,23.7,0.0,0.03,-0.2,-0.2,415.0,554.0,74.9,7087.0,3214.0,192.0,224.0,85.7,180.0,233.0,77.3,37.0,73.0,50.7,1.6,0.0,12.0,28.0,18.0,16.0,445.0,106.0,1.0,0.0,42.0,99.0,2.0,0.0,2.0,0.0,3.0,15.0,23.0,1.67,18.0,4.0,0.0,1.0,0.0,1.0,0.07,1.0,0.0,0.0,0.0,0.0,27.0,16.0,16.0,7.0,4.0,13.0,56.5,10.0,5.0,10.0,37.0,45.0,0.0,699.0,43.0,9.0,8.0,33.3,11.0,45.8,344.0,1.0,14.0,6.0,386.0,88.0,59.7,88.0,11,0,,0,1.64,17.0,12.0,5.0,0.36,1.01,14.4,13.4,1.1,0.08,0.19,0.0,13.0,0.0,0.0,0.0,47.0,3.0,27.3,1.02,1.02,90.22,0.0,0.07,0.07,0.0,0.0,0.0,0.29,0.0,0.01,0.01,0.07,0.08,1.24,2.41,3.58,0.0,0.01,0.01,0.0,0.01,0.0,0.01,0.01,0.0,0.01,0.44,0.15,0.03,0.01,1.73,0.0,-0.01,-0.01,30.29,40.44,517.3,234.6,14.01,16.35,13.14,17.01,2.7,5.33,0.12,0.0,0.88,2.04,1.31,1.17,32.48,7.74,0.07,0.0,3.07,7.23,0.15,0.0,0.15,0.0,0.22,1.09,1.68,0.12,1.31,0.29,0.0,0.07,0.0,0.07,0.01,0.07,0.0,0.0,0.0,0.0,1.97,1.17,1.17,0.51,0.29,0.95,0.73,0.36,0.73,2.7,3.28,0.0,51.02,3.14,0.66,0.58,0.8,25.11,0.07,1.02,0.44,28.18,0.8,0.0,0.0,0.12,1.24,0.88,0.36,0.03,1.05,0.98,0.08,0.01,0.0,0.95,0.0,0.0,0.0,3.43,0.22
76.0,Matheus Bidu,br BRA,DF,Corinthians,26-142,1999.0,15.0,13.0,1100.0,12.2,0.0,2.0,2.0,0.0,0.0,0.0,4.0,0.0,0.5,0.5,2.7,3.2,25.0,49.0,80.0,0.0,0.16,0.16,0.0,0.16,0.04,0.22,0.26,0.04,0.26,Matches,12.0,3.0,25.0,0.98,0.25,0.0,0.0,17.8,0.0,0.05,-0.5,-0.5,618.0,769.0,80.4,10784.0,3760.0,274.0,311.0,88.1,290.0,333.0,87.1,49.0,88.0,55.7,2.4,-0.7,19.0,45.0,9.0,6.0,620.0,144.0,0.0,3.0,47.0,105.0,6.0,1.0,5.0,0.0,5.0,19.0,35.0,2.86,27.0,3.0,0.0,2.0,0.0,4.0,0.33,2.0,0.0,0.0,1.0,0.0,22.0,17.0,12.0,6.0,4.0,12.0,66.7,6.0,15.0,13.0,35.0,29.0,1.0,902.0,34.0,29.0,11.0,55.0,8.0,40.0,501.0,2.0,19.0,15.0,563.0,73.0,50.9,80.0,7,2,31.0,7,1.27,13.0,11.0,2.0,0.16,0.76,15.3,12.5,2.8,0.23,0.71,0.0,11.0,1.0,0.0,0.0,71.0,14.0,63.6,1.23,1.07,90.16,0.0,0.16,0.16,0.0,0.0,0.0,0.33,0.0,0.04,0.04,0.22,0.26,2.05,4.02,6.56,0.0,0.01,0.01,0.0,0.01,0.0,0.02,0.02,0.0,0.02,0.98,0.25,0.08,0.02,1.46,0.0,-0.04,-0.04,50.66,63.03,883.93,308.2,22.46,25.49,23.77,27.3,4.02,7.21,0.2,-0.06,1.56,3.69,0.74,0.49,50.82,11.8,0.0,0.25,3.85,8.61,0.49,0.08,0.41,0.0,0.41,1.56,2.87,0.23,2.21,0.25,0.0,0.16,0.0,0.33,0.03,0.16,0.0,0.0,0.08,0.0,1.8,1.39,0.98,0.49,0.33,0.98,0.49,1.23,1.07,2.87,2.38,0.08,73.93,2.79,2.38,0.9,0.66,41.07,0.16,1.56,1.23,46.15,0.57,0.16,0.57,0.1,1.07,0.9,0.16,0.01,1.25,1.02,0.23,0.02,0.0,0.9,0.08,0.0,0.0,5.82,1.15
165.0,Matheus Donelli,br BRA,GK,Corinthians,23-129,2002.0,5.0,5.0,450.0,5.0,0.0,0.0,0.0,0.0,0.0,0.0,1.0,0.0,0.0,0.0,0.0,0.0,0.0,0.0,0.0,0.0,0.0,0.0,0.0,0.0,0.0,0.0,0.0,0.0,0.0,Matches,0.0,0.0,,0.0,0.0,,,,0.0,,0.0,0.0,110.0,133.0,82.7,2644.0,1671.0,22.0,22.0,100.0,62.0,63.0,98.4,24.0,45.0,53.3,0.0,0.0,0.0,1.0,0.0,0.0,88.0,44.0,0.0,0.0,0.0,0.0,0.0,0.0,0.0,0.0,1.0,0.0,0.0,0.0,0.0,0.0,0.0,0.0,0.0,0.0,0.0,0.0,0.0,0.0,0.0,0.0,0.0,0.0,0.0,0.0,0.0,0.0,,0.0,0.0,0.0,0.0,2.0,0.0,144.0,130.0,0.0,0.0,,0.0,,68.0,0.0,0.0,0.0,63.0,90.0,20.8,90.0,5,0,,7,1.4,6.0,6.0,0.0,0.0,0.26,4.8,5.0,-0.1,-0.03,0.11,0.0,0.0,0.0,0.0,0.0,5.0,1.0,100.0,1.0,1.0,90.0,0.0,0.0,0.0,0.0,0.0,0.0,0.2,0.0,0.0,0.0,0.0,0.0,0.0,0.0,0.0,0.0,0.0,0.0,0.0,0.0,0.0,0.0,0.0,0.0,0.0,0.0,0.0,0.0,0.0,,0.0,0.0,0.0,22.0,26.6,528.8,334.2,4.4,4.4,12.4,12.6,4.8,9.0,0.0,0.0,0.0,0.2,0.0,0.0,17.6,8.8,0.0,0.0,0.0,0.0,0.0,0.0,0.0,0.0,0.2,0.0,0.0,0.0,0.0,0.0,0.0,0.0,0.0,0.0,0.0,0.0,0.0,0.0,0.0,0.0,0.0,0.0,0.0,0.0,0.0,0.0,0.0,0.0,0.0,0.0,0.4,0.0,28.8,26.0,0.0,0.0,0.0,13.6,0.0,0.0,0.0,12.6,1.0,0.0,1.4,0.28,1.2,1.2,0.0,0.0,0.96,1.0,-0.02,-0.01,0.0,0.0,0.0,0.0,0.0,1.0,0.2
270.0,Matheus Henrique,br BRA,"MF,FW",Cruzeiro,27-278,1997.0,10.0,4.0,454.0,5.0,0.0,0.0,0.0,0.0,0.0,0.0,2.0,0.0,0.1,0.1,0.3,0.3,7.0,12.0,4.0,0.0,0.0,0.0,0.0,0.0,0.01,0.05,0.07,0.01,0.07,Matches,3.0,1.0,33.3,0.59,0.2,0.0,0.0,31.9,0.0,0.02,-0.1,-0.1,170.0,200.0,85.0,2650.0,710.0,94.0,106.0,88.7,56.0,61.0,91.8,13.0,18.0,72.2,0.1,-0.3,4.0,14.0,1.0,0.0,190.0,9.0,0.0,1.0,3.0,3.0,1.0,0.0,0.0,0.0,1.0,5.0,11.0,2.18,8.0,0.0,1.0,2.0,0.0,1.0,0.2,0.0,0.0,0.0,1.0,0.0,16.0,10.0,5.0,11.0,0.0,6.0,54.5,5.0,2.0,4.0,20.0,4.0,0.0,250.0,10.0,1.0,4.0,30.8,6.0,46.2,145.0,1.0,4.0,5.0,153.0,45.0,21.0,90.0,4,6,16.0,0,1.9,6.0,6.0,0.0,0.0,-1.16,4.6,7.2,-2.6,-0.52,-1.26,0.0,8.0,0.0,0.0,0.0,34.0,2.0,25.0,2.0,0.8,90.8,0.0,0.0,0.0,0.0,0.0,0.0,0.4,0.0,0.02,0.02,0.06,0.06,1.4,2.4,0.8,0.0,0.0,0.0,0.0,0.0,0.0,0.01,0.01,0.0,0.01,0.6,0.2,0.12,0.04,6.38,0.0,-0.02,-0.02,34.0,40.0,530.0,142.0,18.8,21.2,11.2,12.2,2.6,3.6,0.02,-0.06,0.8,2.8,0.2,0.0,38.0,1.8,0.0,0.2,0.6,0.6,0.2,0.0,0.0,0.0,0.2,1.0,2.2,0.44,1.6,0.0,0.2,0.4,0.0,0.2,0.04,0.0,0.0,0.0,0.2,0.0,3.2,2.0,1.0,2.2,0.0,1.2,1.0,0.4,0.8,4.0,0.8,0.0,50.0,2.0,0.2,0.8,1.2,29.0,0.2,0.8,1.0,30.6,0.8,1.2,0.0,0.38,1.2,1.2,0.0,0.0,0.92,1.44,-0.52,-0.1,0.0,1.6,0.0,0.0,0.0,6.8,0.4
405.0,Matheus Martins,br BRA,"FW,MF",Botafogo (RJ),22-069,2003.0,10.0,4.0,496.0,5.5,1.0,0.0,1.0,1.0,0.0,0.0,2.0,0.0,1.0,1.0,0.3,1.3,38.0,22.0,44.0,0.18,0.0,0.18,0.18,0.18,0.18,0.05,0.23,0.18,0.23,Matches,12.0,7.0,58.3,2.18,1.27,0.08,0.14,16.5,0.0,0.08,0.0,0.0,168.0,199.0,84.4,2662.0,583.0,91.0,100.0,91.0,64.0,78.0,82.1,10.0,14.0,71.4,0.5,-0.3,8.0,11.0,13.0,4.0,195.0,4.0,1.0,1.0,12.0,1.0,2.0,1.0,0.0,0.0,0.0,0.0,22.0,3.99,18.0,0.0,1.0,3.0,0.0,4.0,0.73,4.0,0.0,0.0,0.0,0.0,10.0,7.0,2.0,8.0,0.0,5.0,50.0,5.0,4.0,3.0,13.0,3.0,0.0,277.0,2.0,25.0,11.0,36.7,15.0,50.0,190.0,12.0,16.0,10.0,203.0,50.0,24.0,79.0,2,6,30.0,5,1.2,7.0,4.0,3.0,0.54,-0.26,6.5,6.0,0.6,0.1,-0.31,0.0,7.0,0.0,0.0,0.0,30.0,0.0,0.0,1.82,0.73,90.18,0.18,0.0,0.18,0.18,0.0,0.0,0.36,0.0,0.18,0.18,0.05,0.24,6.91,4.0,8.0,0.03,0.0,0.03,0.03,0.03,0.03,0.01,0.04,0.03,0.04,2.18,1.27,0.4,0.23,3.0,0.0,0.0,0.0,30.55,36.18,484.0,106.0,16.55,18.18,11.64,14.18,1.82,2.55,0.09,-0.05,1.45,2.0,2.36,0.73,35.45,0.73,0.18,0.18,2.18,0.18,0.36,0.18,0.0,0.0,0.0,0.0,4.0,0.73,3.27,0.0,0.18,0.55,0.0,0.73,0.13,0.73,0.0,0.0,0.0,0.0,1.82,1.27,0.36,1.45,0.0,0.91,0.91,0.73,0.55,2.36,0.55,0.0,50.36,0.36,4.55,2.0,2.73,34.55,2.18,2.91,1.82,36.91,0.36,1.09,0.91,0.22,1.27,0.73,0.55,0.1,1.18,1.09,0.11,0.02,0.0,1.27,0.0,0.0,0.0,5.45,0.0
498.0,Matheus Pereira,br BRA,"MF,FW",Cruzeiro,29-141,1996.0,22.0,20.0,1745.0,19.4,5.0,6.0,11.0,5.0,0.0,0.0,5.0,0.0,2.7,2.7,4.5,7.2,43.0,103.0,107.0,0.26,0.31,0.57,0.26,0.57,0.14,0.23,0.37,0.14,0.37,Matches,46.0,20.0,43.5,2.37,1.03,0.11,0.25,22.2,8.0,0.06,2.3,2.3,645.0,893.0,72.2,9436.0,3336.0,378.0,440.0,85.9,168.0,235.0,71.5,56.0,128.0,43.8,4.2,1.5,47.0,91.0,35.0,12.0,770.0,121.0,8.0,5.0,112.0,10.0,62.0,15.0,13.0,0.0,2.0,23.0,116.0,5.98,72.0,26.0,4.0,8.0,2.0,12.0,0.62,7.0,2.0,1.0,0.0,0.0,26.0,21.0,7.0,15.0,4.0,14.0,41.2,20.0,11.0,9.0,35.0,6.0,0.0,1088.0,5.0,54.0,15.0,35.7,22.0,52.4,671.0,14.0,35.0,30.0,804.0,79.0,80.8,85.0,6,2,23.0,0,2.14,30.0,13.0,17.0,0.88,-0.21,24.6,13.7,10.9,0.56,0.46,0.0,26.0,0.0,0.0,0.0,77.0,10.0,45.5,1.13,1.03,89.95,0.26,0.31,0.57,0.26,0.0,0.0,0.26,0.0,0.14,0.14,0.23,0.37,2.22,5.31,5.52,0.01,0.02,0.03,0.01,0.03,0.01,0.01,0.02,0.01,0.02,2.37,1.03,0.12,0.05,1.14,0.41,0.12,0.12,33.25,46.03,486.39,171.96,19.48,22.68,8.66,12.11,2.89,6.6,0.22,0.08,2.42,4.69,1.8,0.62,39.69,6.24,0.41,0.26,5.77,0.52,3.2,0.77,0.67,0.0,0.1,1.19,5.98,0.31,3.71,1.34,0.21,0.41,0.1,0.62,0.03,0.36,0.1,0.05,0.0,0.0,1.34,1.08,0.36,0.77,0.21,0.72,1.03,0.57,0.46,1.8,0.31,0.0,56.08,0.26,2.78,0.77,1.13,34.59,0.72,1.8,1.55,41.44,0.31,0.1,0.0,0.11,1.55,0.67,0.88,0.05,1.27,0.71,0.56,0.03,0.0,1.34,0.0,0.0,0.0,3.97,0.52
620.0,Matheus Pereira da Silva,br BRA,MF,Fortaleza,27-210,1998.0,10.0,10.0,828.0,9.2,0.0,3.0,3.0,0.0,0.0,0.0,2.0,0.0,0.4,0.4,1.3,1.7,12.0,73.0,8.0,0.0,0.33,0.33,0.0,0.33,0.05,0.14,0.19,0.05,0.19,Matches,6.0,0.0,0.0,0.65,0.0,0.0,,27.5,1.0,0.07,-0.4,-0.4,446.0,543.0,82.1,8038.0,2575.0,189.0,213.0,88.7,196.0,224.0,87.5,52.0,79.0,65.8,1.2,1.7,9.0,80.0,6.0,2.0,518.0,23.0,3.0,7.0,12.0,0.0,1.0,0.0,1.0,0.0,2.0,11.0,30.0,3.26,28.0,0.0,0.0,0.0,0.0,4.0,0.43,4.0,0.0,0.0,0.0,0.0,12.0,5.0,4.0,7.0,1.0,8.0,40.0,12.0,7.0,13.0,25.0,8.0,2.0,610.0,12.0,3.0,10.0,66.7,4.0,26.7,373.0,1.0,7.0,6.0,436.0,83.0,40.0,83.0,6,0,,1,0.8,10.0,14.0,-4.0,-0.43,0.36,11.5,16.9,-5.4,-0.59,-0.47,0.0,13.0,0.0,0.0,0.0,48.0,6.0,42.9,1.09,1.09,90.0,0.0,0.33,0.33,0.0,0.0,0.0,0.22,0.0,0.04,0.04,0.14,0.18,1.3,7.93,0.87,0.0,0.04,0.04,0.0,0.04,0.01,0.02,0.02,0.01,0.02,0.65,0.0,0.07,0.0,2.99,0.11,-0.04,-0.04,48.48,59.02,873.7,279.89,20.54,23.15,21.3,24.35,5.65,8.59,0.13,0.18,0.98,8.7,0.65,0.22,56.3,2.5,0.33,0.76,1.3,0.0,0.11,0.0,0.11,0.0,0.22,1.2,3.26,0.35,3.04,0.0,0.0,0.0,0.0,0.43,0.05,0.43,0.0,0.0,0.0,0.0,1.3,0.54,0.43,0.76,0.11,0.87,1.3,0.76,1.41,2.72,0.87,0.22,66.3,1.3,0.33,1.09,0.43,40.54,0.11,0.76,0.65,47.39,0.65,0.0,0.11,0.09,1.09,1.52,-0.43,-0.05,1.25,1.84,-0.59,-0.06,0.0,1.41,0.0,0.0,0.0,5.22,0.65
584.0,Matheus Rossetto,br BRA,MF,Fortaleza,29-112,1996.0,11.0,9.0,703.0,7.8,0.0,0.0,0.0,0.0,0.0,0.0,0.0,0.0,0.0,0.0,0.0,0.1,4.0,48.0,6.0,0.0,0.0,0.0,0.0,0.0,0.0,0.01,0.01,0.0,0.01,Matches,1.0,0.0,0.0,0.13,0.0,0.0,,26.2,0.0,0.02,0.0,0.0,403.0,445.0,90.6,6921.0,1915.0,179.0,194.0,92.3,185.0,199.0,93.0,32.0,40.0,80.0,0.2,0.0,3.0,45.0,1.0,0.0,430.0,15.0,1.0,1.0,1.0,0.0,0.0,0.0,0.0,0.0,0.0,3.0,8.0,1.02,6.0,1.0,0.0,0.0,0.0,0.0,0.0,0.0,0.0,0.0,0.0,0.0,12.0,5.0,4.0,7.0,1.0,7.0,58.3,5.0,4.0,0.0,12.0,15.0,0.0,499.0,19.0,1.0,5.0,55.6,3.0,33.3,270.0,0.0,6.0,4.0,364.0,64.0,34.0,72.0,1,2,28.0,9,0.82,6.0,12.0,-6.0,-0.77,-0.18,8.4,9.2,-0.8,-0.1,0.31,0.0,4.0,0.0,0.0,0.0,42.0,3.0,50.0,1.41,1.15,90.13,0.0,0.0,0.0,0.0,0.0,0.0,0.0,0.0,0.0,0.0,0.0,0.01,0.51,6.15,0.77,0.0,0.0,0.0,0.0,0.0,0.0,0.0,0.0,0.0,0.0,0.13,0.0,0.02,0.0,3.36,0.0,0.0,0.0,51.67,57.05,887.31,245.51,22.95,24.87,23.72,25.51,4.1,5.13,0.03,0.0,0.38,5.77,0.13,0.0,55.13,1.92,0.13,0.13,0.13,0.0,0.0,0.0,0.0,0.0,0.0,0.38,1.03,0.13,0.77,0.13,0.0,0.0,0.0,0.0,0.0,0.0,0.0,0.0,0.0,0.0,1.54,0.64,0.51,0.9,0.13,0.9,0.64,0.51,0.0,1.54,1.92,0.0,63.97,2.44,0.13,0.64,0.38,34.62,0.0,0.77,0.51,46.67,0.13,0.26,1.15,0.11,0.77,1.54,-0.77,-0.1,1.08,1.18,-0.1,-0.01,0.0,0.51,0.0,0.0,0.0,5.38,0.38
408.0,Matheusinho,br BRA,"MF,FW",Vitória,27-340,1997.0,16.0,14.0,1204.0,13.4,2.0,0.0,2.0,2.0,0.0,0.0,3.0,1.0,2.3,2.3,0.7,2.9,34.0,48.0,44.0,0.15,0.0,0.15,0.15,0.15,0.17,0.05,0.22,0.17,0.22,Matches,23.0,11.0,47.8,1.72,0.82,0.09,0.18,19.5,0.0,0.1,-0.3,-0.3,368.0,465.0,79.1,5786.0,1179.0,199.0,222.0,89.6,125.0,152.0,82.2,28.0,61.0,45.9,0.8,-0.7,13.0,47.0,9.0,3.0,421.0,40.0,1.0,3.0,42.0,3.0,18.0,12.0,3.0,0.0,4.0,8.0,38.0,2.84,30.0,2.0,1.0,2.0,1.0,1.0,0.07,0.0,0.0,0.0,0.0,0.0,14.0,10.0,4.0,7.0,3.0,2.0,33.3,4.0,2.0,8.0,22.0,5.0,1.0,601.0,3.0,27.0,13.0,34.2,19.0,50.0,383.0,5.0,31.0,17.0,439.0,75.0,55.7,82.0,7,2,27.0,0,1.13,9.0,11.0,-2.0,-0.15,1.17,11.8,16.7,-4.9,-0.37,0.16,0.0,11.0,0.0,0.0,0.0,47.0,7.0,38.9,1.19,1.04,89.85,0.15,0.0,0.15,0.15,0.0,0.0,0.22,0.07,0.17,0.17,0.05,0.22,2.54,3.58,3.28,0.01,0.0,0.01,0.01,0.01,0.01,0.0,0.02,0.01,0.02,1.72,0.82,0.13,0.06,1.46,0.0,-0.02,-0.02,27.46,34.7,431.79,87.99,14.85,16.57,9.33,11.34,2.09,4.55,0.06,-0.05,0.97,3.51,0.67,0.22,31.42,2.99,0.07,0.22,3.13,0.22,1.34,0.9,0.22,0.0,0.3,0.6,2.84,0.21,2.24,0.15,0.07,0.15,0.07,0.07,0.01,0.0,0.0,0.0,0.0,0.0,1.04,0.75,0.3,0.52,0.22,0.15,0.3,0.15,0.6,1.64,0.37,0.07,44.85,0.22,2.01,0.97,1.42,28.58,0.37,2.31,1.27,32.76,0.52,0.15,0.0,0.08,0.67,0.82,-0.15,-0.01,0.88,1.25,-0.37,-0.03,0.0,0.82,0.0,0.0,0.0,3.51,0.52
409.0,Matheusinho,br BRA,"FW,MF",Sport Recife,27-224,1998.0,10.0,7.0,669.0,7.4,2.0,0.0,2.0,2.0,0.0,0.0,1.0,0.0,1.4,1.4,1.3,2.7,12.0,36.0,50.0,0.27,0.0,0.27,0.27,0.27,0.19,0.17,0.36,0.19,0.36,Matches,23.0,11.0,47.8,1.72,0.82,0.09,0.18,19.5,0.0,0.1,-0.3,-0.3,368.0,465.0,79.1,5786.0,1179.0,199.0,222.0,89.6,125.0,152.0,82.2,28.0,61.0,45.9,0.8,-0.7,13.0,47.0,9.0,3.0,421.0,40.0,1.0,3.0,42.0,3.0,18.0,12.0,3.0,0.0,4.0,8.0,38.0,2.84,30.0,2.0,1.0,2.0,1.0,1.0,0.07,0.0,0.0,0.0,0.0,0.0,14.0,10.0,4.0,7.0,3.0,2.0,33.3,4.0,2.0,8.0,22.0,5.0,1.0,601.0,3.0,27.0,13.0,34.2,19.0,50.0,383.0,5.0,31.0,17.0,439.0,75.0,55.7,82.0,7,2,27.0,0,1.13,9.0,11.0,-2.0,-0.15,1.17,11.8,16.7,-4.9,-0.37,0.16,0.0,11.0,0.0,0.0,0.0,47.0,7.0,38.9,1.35,0.95,90.41,0.27,0.0,0.27,0.27,0.0,0.0,0.14,0.0,0.19,0.19,0.18,0.36,1.62,4.86,6.76,0.04,0.0,0.04,0.04,0.04,0.03,0.02,0.05,0.03,0.05,3.11,1.49,0.23,0.11,2.64,0.0,-0.04,-0.04,49.73,62.84,781.89,159.32,26.89,30.0,16.89,20.54,3.78,8.24,0.11,-0.09,1.76,6.35,1.22,0.41,56.89,5.41,0.14,0.41,5.68,0.41,2.43,1.62,0.41,0.0,0.54,1.08,5.14,0.38,4.05,0.27,0.14,0.27,0.14,0.14,0.01,0.0,0.0,0.0,0.0,0.0,1.89,1.35,0.54,0.95,0.41,0.27,0.54,0.27,1.08,2.97,0.68,0.14,81.22,0.41,3.65,1.76,2.57,51.76,0.68,4.19,2.3,59.32,0.95,0.27,0.0,0.15,1.22,1.49,-0.27,-0.02,1.59,2.26,-0.66,-0.05,0.0,1.49,0.0,0.0,0.0,6.35,0.95
410.0,Matheuzinho,br BRA,DF,Corinthians,25-015,2000.0,19.0,17.0,1597.0,17.7,2.0,1.0,3.0,2.0,0.0,0.0,7.0,0.0,0.6,0.6,2.2,2.8,44.0,92.0,98.0,0.11,0.06,0.17,0.11,0.17,0.03,0.12,0.16,0.03,0.16,Matches,10.0,3.0,30.0,0.56,0.17,0.2,0.67,24.8,3.0,0.06,1.4,1.4,916.0,1106.0,82.8,16473.0,4895.0,378.0,420.0,90.0,442.0,515.0,85.8,81.0,127.0,63.8,2.4,-1.2,18.0,80.0,26.0,16.0,936.0,168.0,0.0,10.0,59.0,130.0,3.0,1.0,1.0,0.0,2.0,21.0,35.0,1.97,30.0,2.0,1.0,0.0,0.0,1.0,0.06,1.0,0.0,0.0,0.0,0.0,41.0,27.0,27.0,12.0,2.0,25.0,58.1,18.0,10.0,23.0,64.0,49.0,1.0,1269.0,44.0,15.0,6.0,33.3,11.0,61.1,663.0,4.0,13.0,7.0,819.0,84.0,73.9,89.0,14,2,45.0,1,1.11,18.0,21.0,-3.0,-0.17,0.15,20.4,21.2,-0.9,-0.05,0.27,0.0,15.0,0.0,1.0,0.0,67.0,13.0,50.0,1.07,0.96,90.23,0.11,0.06,0.17,0.11,0.0,0.0,0.4,0.0,0.03,0.03,0.12,0.16,2.49,5.2,5.54,0.01,0.0,0.01,0.01,0.01,0.0,0.01,0.01,0.0,0.01,0.56,0.17,0.03,0.01,1.4,0.17,0.08,0.08,51.75,62.49,930.68,276.55,21.36,23.73,24.97,29.1,4.58,7.18,0.14,-0.07,1.02,4.52,1.47,0.9,52.88,9.49,0.0,0.56,3.33,7.34,0.17,0.06,0.06,0.0,0.11,1.19,1.98,0.11,1.69,0.11,0.06,0.0,0.0,0.06,0.0,0.06,0.0,0.0,0.0,0.0,2.32,1.53,1.53,0.68,0.11,1.41,1.02,0.56,1.3,3.62,2.77,0.06,71.69,2.49,0.85,0.34,0.62,37.46,0.23,0.73,0.4,46.27,0.79,0.11,0.06,0.06,1.02,1.19,-0.17,-0.01,1.15,1.2,-0.05,-0.0,0.0,0.85,0.0,0.06,0.0,3.79,0.73
670.0,Mathías Villasanti,py PAR,MF,Grêmio,28-242,1997.0,16.0,14.0,1150.0,12.8,0.0,0.0,0.0,0.0,0.0,0.0,5.0,0.0,0.1,0.1,0.3,0.4,15.0,46.0,14.0,0.0,0.0,0.0,0.0,0.0,0.01,0.02,0.03,0.01,0.03,Matches,6.0,0.0,0.0,0.47,0.0,0.0,,25.4,0.0,0.02,-0.1,-0.1,457.0,546.0,83.7,7302.0,1959.0,219.0,245.0,89.4,195.0,217.0,89.9,27.0,50.0,54.0,0.4,-0.3,8.0,51.0,3.0,1.0,495.0,51.0,1.0,2.0,4.0,6.0,0.0,0.0,0.0,0.0,0.0,9.0,27.0,2.11,21.0,3.0,1.0,0.0,1.0,0.0,0.0,0.0,0.0,0.0,0.0,0.0,41.0,28.0,18.0,18.0,5.0,19.0,47.5,21.0,16.0,25.0,66.0,30.0,0.0,695.0,40.0,11.0,14.0,58.3,9.0,37.5,319.0,3.0,14.0,13.0,369.0,72.0,55.6,78.0,8,2,26.0,0,1.19,13.0,19.0,-6.0,-0.47,-0.47,13.9,19.5,-5.6,-0.44,0.15,0.0,28.0,0.0,0.0,0.0,75.0,14.0,51.9,1.25,1.09,89.84,0.0,0.0,0.0,0.0,0.0,0.0,0.39,0.0,0.01,0.01,0.02,0.03,1.17,3.59,1.09,0.0,0.0,0.0,0.0,0.0,0.0,0.0,0.0,0.0,0.0,0.47,0.0,0.04,0.0,1.98,0.0,-0.01,-0.01,35.7,42.66,570.47,153.05,17.11,19.14,15.23,16.95,2.11,3.91,0.03,-0.02,0.62,3.98,0.23,0.08,38.67,3.98,0.08,0.16,0.31,0.47,0.0,0.0,0.0,0.0,0.0,0.7,2.11,0.16,1.64,0.23,0.08,0.0,0.08,0.0,0.0,0.0,0.0,0.0,0.0,0.0,3.2,2.19,1.41,1.41,0.39,1.48,1.64,1.25,1.95,5.16,2.34,0.0,54.3,3.12,0.86,1.09,0.7,24.92,0.23,1.09,1.02,28.83,0.62,0.16,0.0,0.09,1.02,1.48,-0.47,-0.04,1.09,1.52,-0.44,-0.03,0.0,2.19,0.0,0.0,0.0,5.86,1.09
413.0,Mauricio,br BRA,"MF,FW",Palmeiras,24-124,2001.0,16.0,9.0,817.0,9.1,3.0,3.0,6.0,3.0,0.0,0.0,0.0,0.0,2.6,2.6,1.9,4.5,15.0,35.0,44.0,0.33,0.33,0.66,0.33,0.66,0.28,0.21,0.49,0.28,0.49,Matches,22.0,8.0,36.4,2.42,0.88,0.14,0.38,19.6,0.0,0.12,0.4,0.4,296.0,340.0,87.1,4437.0,933.0,165.0,180.0,91.7,109.0,120.0,90.8,16.0,23.0,69.6,1.5,1.1,10.0,26.0,11.0,3.0,314.0,25.0,0.0,1.0,13.0,7.0,3.0,2.0,0.0,0.0,1.0,8.0,25.0,2.75,22.0,1.0,0.0,0.0,0.0,4.0,0.44,4.0,0.0,0.0,0.0,0.0,5.0,2.0,1.0,3.0,1.0,3.0,37.5,5.0,6.0,4.0,9.0,3.0,0.0,401.0,7.0,31.0,0.0,0.0,3.0,75.0,249.0,3.0,9.0,8.0,296.0,51.0,41.3,71.0,0,7,26.0,3,2.19,17.0,10.0,7.0,0.77,-0.08,15.8,9.6,6.2,0.68,-0.04,0.0,9.0,0.0,0.0,0.0,27.0,4.0,19.0,1.76,0.99,89.78,0.33,0.33,0.66,0.33,0.0,0.0,0.0,0.0,0.29,0.29,0.21,0.49,1.65,3.85,4.84,0.04,0.04,0.07,0.04,0.07,0.03,0.02,0.05,0.03,0.05,2.42,0.88,0.27,0.1,2.15,0.0,0.04,0.04,32.53,37.36,487.58,102.53,18.13,19.78,11.98,13.19,1.76,2.53,0.16,0.12,1.1,2.86,1.21,0.33,34.51,2.75,0.0,0.11,1.43,0.77,0.33,0.22,0.0,0.0,0.11,0.88,2.75,0.3,2.42,0.11,0.0,0.0,0.0,0.44,0.05,0.44,0.0,0.0,0.0,0.0,0.55,0.22,0.11,0.33,0.11,0.33,0.55,0.66,0.44,0.99,0.33,0.0,44.07,0.77,3.41,0.0,0.33,27.36,0.33,0.99,0.88,32.53,0.0,0.77,0.33,0.24,1.87,1.1,0.77,0.08,1.74,1.05,0.68,0.07,0.0,0.99,0.0,0.0,0.0,2.97,0.44
414.0,Maycon,br BRA,MF,Corinthians,28-070,1997.0,15.0,9.0,830.0,9.2,1.0,0.0,1.0,1.0,0.0,0.0,0.0,0.0,0.4,0.4,0.3,0.7,7.0,45.0,19.0,0.11,0.0,0.11,0.11,0.11,0.05,0.03,0.07,0.05,0.07,Matches,6.0,1.0,16.7,0.65,0.11,0.17,1.0,20.7,0.0,0.07,0.6,0.6,394.0,453.0,87.0,7002.0,2163.0,167.0,189.0,88.4,184.0,200.0,92.0,35.0,48.0,72.9,0.4,-0.3,7.0,61.0,5.0,1.0,431.0,20.0,2.0,2.0,8.0,6.0,4.0,1.0,2.0,0.0,2.0,3.0,17.0,1.84,16.0,1.0,0.0,0.0,0.0,0.0,0.0,0.0,0.0,0.0,0.0,0.0,16.0,14.0,10.0,4.0,2.0,6.0,50.0,6.0,3.0,3.0,19.0,8.0,0.0,521.0,18.0,7.0,4.0,57.1,3.0,42.9,286.0,2.0,11.0,7.0,391.0,55.0,38.4,80.0,3,6,18.0,3,1.67,11.0,9.0,2.0,0.22,0.69,8.9,13.1,-4.3,-0.46,-0.56,0.0,7.0,0.0,0.0,0.0,32.0,5.0,38.5,1.63,0.98,90.22,0.11,0.0,0.11,0.11,0.0,0.0,0.0,0.0,0.04,0.04,0.03,0.08,0.76,4.89,2.07,0.01,0.0,0.01,0.01,0.01,0.01,0.0,0.01,0.01,0.01,0.65,0.11,0.07,0.01,2.25,0.0,0.07,0.07,42.83,49.24,761.09,235.11,18.15,20.54,20.0,21.74,3.8,5.22,0.04,-0.03,0.76,6.63,0.54,0.11,46.85,2.17,0.22,0.22,0.87,0.65,0.43,0.11,0.22,0.0,0.22,0.33,1.85,0.2,1.74,0.11,0.0,0.0,0.0,0.0,0.0,0.0,0.0,0.0,0.0,0.0,1.74,1.52,1.09,0.43,0.22,0.65,0.65,0.33,0.33,2.07,0.87,0.0,56.63,1.96,0.76,0.43,0.33,31.09,0.22,1.2,0.76,42.5,0.33,0.65,0.33,0.18,1.2,0.98,0.22,0.02,0.97,1.42,-0.47,-0.05,0.0,0.76,0.0,0.0,0.0,3.48,0.54
415.0,Mayke,br BRA,DF,Santos,32-317,1992.0,6.0,5.0,461.0,5.1,0.0,0.0,0.0,0.0,0.0,0.0,0.0,0.0,0.1,0.1,0.2,0.4,2.0,14.0,18.0,0.0,0.0,0.0,0.0,0.0,0.02,0.05,0.07,0.02,0.07,Matches,3.0,0.0,0.0,0.59,0.0,0.0,,20.4,0.0,0.04,-0.1,-0.1,185.0,220.0,84.1,3009.0,1051.0,99.0,106.0,93.4,66.0,77.0,85.7,18.0,25.0,72.0,0.1,-0.2,5.0,14.0,0.0,0.0,173.0,46.0,0.0,0.0,10.0,36.0,0.0,0.0,0.0,0.0,1.0,8.0,11.0,2.15,10.0,0.0,0.0,0.0,0.0,0.0,0.0,0.0,0.0,0.0,0.0,0.0,9.0,7.0,3.0,5.0,1.0,4.0,100.0,0.0,5.0,3.0,12.0,10.0,0.0,254.0,16.0,7.0,1.0,33.3,2.0,66.7,122.0,0.0,5.0,2.0,130.0,77.0,22.3,83.0,3,1,45.0,1,1.67,4.0,9.0,-5.0,-0.98,-0.7,6.2,6.1,0.1,0.01,0.26,0.0,4.0,0.0,0.0,0.0,21.0,6.0,46.2,1.18,0.98,90.39,0.0,0.0,0.0,0.0,0.0,0.0,0.0,0.0,0.02,0.02,0.04,0.08,0.39,2.75,3.53,0.0,0.0,0.0,0.0,0.0,0.0,0.01,0.01,0.0,0.01,0.59,0.0,0.12,0.0,4.0,0.0,-0.02,-0.02,36.27,43.14,590.0,206.08,19.41,20.78,12.94,15.1,3.53,4.9,0.02,-0.04,0.98,2.75,0.0,0.0,33.92,9.02,0.0,0.0,1.96,7.06,0.0,0.0,0.0,0.0,0.2,1.57,2.16,0.42,1.96,0.0,0.0,0.0,0.0,0.0,0.0,0.0,0.0,0.0,0.0,0.0,1.76,1.37,0.59,0.98,0.2,0.78,0.0,0.98,0.59,2.35,1.96,0.0,49.8,3.14,1.37,0.2,0.39,23.92,0.0,0.98,0.39,25.49,0.59,0.2,0.2,0.33,0.78,1.76,-0.98,-0.19,1.22,1.2,0.02,0.0,0.0,0.78,0.0,0.0,0.0,4.12,1.18
315.0,Maykon Jesus,br BRA,DF,Vitória,19-290,2005.0,7.0,6.0,586.0,6.5,0.0,0.0,0.0,0.0,0.0,0.0,1.0,0.0,0.1,0.1,0.3,0.4,10.0,18.0,21.0,0.0,0.0,0.0,0.0,0.0,0.01,0.05,0.05,0.01,0.05,Matches,4.0,1.0,25.0,0.61,0.15,0.0,0.0,27.5,0.0,0.01,-0.1,-0.1,171.0,274.0,62.4,2784.0,1197.0,88.0,107.0,82.2,71.0,117.0,60.7,10.0,27.0,37.0,0.3,-0.3,4.0,15.0,3.0,1.0,214.0,58.0,0.0,1.0,23.0,51.0,1.0,0.0,1.0,0.0,2.0,15.0,8.0,1.23,6.0,1.0,0.0,1.0,0.0,1.0,0.15,1.0,0.0,0.0,0.0,0.0,6.0,2.0,4.0,2.0,0.0,4.0,50.0,4.0,3.0,6.0,12.0,46.0,1.0,369.0,41.0,10.0,3.0,37.5,3.0,37.5,153.0,1.0,9.0,1.0,181.0,84.0,27.1,90.0,6,1,46.0,9,1.14,6.0,6.0,0.0,0.0,0.91,6.7,10.7,-4.1,-0.63,-0.26,0.0,11.0,0.0,0.0,0.0,22.0,8.0,61.5,1.08,0.92,90.15,0.0,0.0,0.0,0.0,0.0,0.0,0.15,0.0,0.02,0.02,0.05,0.06,1.54,2.77,3.23,0.0,0.0,0.0,0.0,0.0,0.0,0.01,0.01,0.0,0.01,0.62,0.15,0.09,0.02,4.23,0.0,-0.02,-0.02,26.31,42.15,428.31,184.15,13.54,16.46,10.92,18.0,1.54,4.15,0.05,-0.05,0.62,2.31,0.46,0.15,32.92,8.92,0.0,0.15,3.54,7.85,0.15,0.0,0.15,0.0,0.31,2.31,1.23,0.19,0.92,0.15,0.0,0.15,0.0,0.15,0.02,0.15,0.0,0.0,0.0,0.0,0.92,0.31,0.62,0.31,0.0,0.62,0.62,0.46,0.92,1.85,7.08,0.15,56.77,6.31,1.54,0.46,0.46,23.54,0.15,1.38,0.15,27.85,0.92,0.15,1.38,0.18,0.92,0.92,0.0,0.0,1.03,1.65,-0.63,-0.1,0.0,1.69,0.0,0.0,0.0,3.38,1.23
419.0,Memphis,nl NED,FW,Corinthians,31-222,1994.0,14.0,12.0,1035.0,11.5,4.0,3.0,7.0,4.0,0.0,1.0,4.0,0.0,4.1,3.3,2.5,5.8,15.0,43.0,89.0,0.35,0.26,0.61,0.35,0.61,0.36,0.22,0.57,0.28,0.5,Matches,34.0,14.0,41.2,2.96,1.22,0.12,0.29,19.9,3.0,0.1,-0.1,0.7,284.0,406.0,70.0,4706.0,1243.0,154.0,183.0,84.2,75.0,104.0,72.1,39.0,81.0,48.1,2.4,0.5,23.0,25.0,16.0,1.0,334.0,69.0,4.0,6.0,53.0,7.0,36.0,20.0,13.0,0.0,3.0,12.0,52.0,4.52,31.0,11.0,3.0,1.0,1.0,5.0,0.43,4.0,1.0,0.0,0.0,0.0,6.0,2.0,0.0,4.0,2.0,3.0,60.0,2.0,4.0,2.0,8.0,1.0,0.0,530.0,0.0,38.0,6.0,23.1,20.0,76.9,306.0,7.0,41.0,24.0,396.0,74.0,47.9,79.0,8,2,45.0,0,1.0,14.0,16.0,-2.0,-0.17,0.07,15.1,13.8,1.3,0.11,0.44,0.0,12.0,0.0,0.0,0.0,29.0,6.0,33.3,1.22,1.04,90.0,0.35,0.26,0.61,0.35,0.0,0.09,0.35,0.0,0.36,0.29,0.22,0.5,1.3,3.74,7.74,0.03,0.02,0.05,0.03,0.05,0.03,0.02,0.05,0.02,0.04,2.96,1.22,0.26,0.11,1.73,0.26,-0.01,0.06,24.7,35.3,409.22,108.09,13.39,15.91,6.52,9.04,3.39,7.04,0.21,0.04,2.0,2.17,1.39,0.09,29.04,6.0,0.35,0.52,4.61,0.61,3.13,1.74,1.13,0.0,0.26,1.04,4.52,0.39,2.7,0.96,0.26,0.09,0.09,0.43,0.04,0.35,0.09,0.0,0.0,0.0,0.52,0.17,0.0,0.35,0.17,0.26,0.17,0.35,0.17,0.7,0.09,0.0,46.09,0.0,3.3,0.52,1.74,26.61,0.61,3.57,2.09,34.43,0.7,0.17,0.0,0.09,1.22,1.39,-0.17,-0.01,1.31,1.2,0.11,0.01,0.0,1.04,0.0,0.0,0.0,2.52,0.52
427.0,Micael,br BRA,DF,Palmeiras,25-042,2000.0,10.0,10.0,900.0,10.0,0.0,1.0,1.0,0.0,0.0,0.0,3.0,0.0,0.1,0.1,0.1,0.2,9.0,29.0,2.0,0.0,0.1,0.1,0.0,0.1,0.01,0.01,0.02,0.01,0.02,Matches,4.0,1.0,25.0,0.4,0.1,0.0,0.0,11.9,0.0,0.04,-0.1,-0.1,417.0,465.0,89.7,8133.0,2296.0,134.0,142.0,94.4,239.0,250.0,95.6,42.0,68.0,61.8,0.1,0.9,2.0,31.0,2.0,1.0,454.0,11.0,0.0,8.0,1.0,1.0,0.0,0.0,0.0,0.0,0.0,3.0,7.0,0.7,5.0,0.0,0.0,1.0,0.0,2.0,0.2,1.0,0.0,0.0,1.0,0.0,19.0,13.0,10.0,8.0,1.0,7.0,70.0,3.0,3.0,6.0,25.0,72.0,1.0,589.0,87.0,8.0,2.0,50.0,2.0,50.0,344.0,0.0,5.0,0.0,389.0,90.0,45.5,90.0,10,0,,8,2.3,18.0,9.0,9.0,0.9,0.15,14.2,9.0,5.2,0.52,-0.34,0.0,18.0,0.0,0.0,0.0,39.0,27.0,71.1,1.0,1.0,90.0,0.0,0.1,0.1,0.0,0.0,0.0,0.3,0.0,0.01,0.01,0.01,0.02,0.9,2.9,0.2,0.0,0.01,0.01,0.0,0.01,0.0,0.0,0.0,0.0,0.0,0.4,0.1,0.04,0.01,1.19,0.0,-0.01,-0.01,41.7,46.5,813.3,229.6,13.4,14.2,23.9,25.0,4.2,6.8,0.01,0.09,0.2,3.1,0.2,0.1,45.4,1.1,0.0,0.8,0.1,0.1,0.0,0.0,0.0,0.0,0.0,0.3,0.7,0.07,0.5,0.0,0.0,0.1,0.0,0.2,0.02,0.1,0.0,0.0,0.1,0.0,1.9,1.3,1.0,0.8,0.1,0.7,0.3,0.3,0.6,2.5,7.2,0.1,58.9,8.7,0.8,0.2,0.2,34.4,0.0,0.5,0.0,38.9,1.0,0.0,0.8,0.23,1.8,0.9,0.9,0.09,1.42,0.9,0.52,0.05,0.0,1.8,0.0,0.0,0.0,3.9,2.7
124.0,Murilo Cerqueira,br BRA,DF,Palmeiras,28-180,1997.0,8.0,8.0,670.0,7.4,1.0,0.0,1.0,1.0,0.0,0.0,4.0,0.0,0.3,0.3,0.0,0.3,1.0,25.0,2.0,0.13,0.0,0.13,0.13,0.13,0.04,0.0,0.04,0.04,0.04,Matches,6.0,2.0,33.3,0.81,0.27,0.17,0.5,16.8,0.0,0.05,0.7,0.7,349.0,387.0,90.2,7237.0,2609.0,88.0,101.0,87.1,218.0,227.0,96.0,39.0,49.0,79.6,0.3,0.0,0.0,29.0,2.0,2.0,371.0,13.0,1.0,3.0,2.0,0.0,0.0,0.0,0.0,0.0,3.0,0.0,4.0,0.54,4.0,0.0,0.0,0.0,0.0,0.0,0.0,0.0,0.0,0.0,0.0,0.0,10.0,4.0,1.0,8.0,1.0,4.0,40.0,6.0,5.0,7.0,17.0,33.0,1.0,466.0,38.0,4.0,2.0,50.0,2.0,50.0,282.0,0.0,6.0,3.0,311.0,84.0,33.8,84.0,6,0,,5,2.13,13.0,6.0,7.0,0.94,0.18,13.4,5.4,8.0,1.08,0.57,0.0,14.0,0.0,1.0,0.0,29.0,14.0,82.4,1.08,1.08,90.54,0.14,0.0,0.14,0.14,0.0,0.0,0.54,0.0,0.04,0.04,0.0,0.04,0.14,3.38,0.27,0.02,0.0,0.02,0.02,0.02,0.01,0.0,0.01,0.01,0.01,0.81,0.27,0.11,0.04,2.27,0.0,0.09,0.09,47.16,52.3,977.97,352.57,11.89,13.65,29.46,30.68,5.27,6.62,0.04,0.0,0.0,3.92,0.27,0.27,50.14,1.76,0.14,0.41,0.27,0.0,0.0,0.0,0.0,0.0,0.41,0.0,0.54,0.07,0.54,0.0,0.0,0.0,0.0,0.0,0.0,0.0,0.0,0.0,0.0,0.0,1.35,0.54,0.14,1.08,0.14,0.54,0.81,0.68,0.95,2.3,4.46,0.14,62.97,5.14,0.54,0.27,0.27,38.11,0.0,0.81,0.41,42.03,0.81,0.0,0.68,0.29,1.76,0.81,0.95,0.13,1.81,0.73,1.08,0.15,0.0,1.89,0.0,0.14,0.0,3.92,1.89
203.0,Nahuel Ferraresi,ve VEN,DF,São Paulo,26-308,1998.0,18.0,15.0,1403.0,15.6,0.0,3.0,3.0,0.0,0.0,0.0,2.0,0.0,0.2,0.2,2.2,2.4,28.0,80.0,24.0,0.0,0.19,0.19,0.0,0.19,0.01,0.14,0.15,0.01,0.15,Matches,6.0,1.0,16.7,0.38,0.06,0.0,0.0,17.1,0.0,0.03,-0.2,-0.2,740.0,878.0,84.3,12844.0,5214.0,331.0,356.0,93.0,327.0,373.0,87.7,68.0,118.0,57.6,1.0,0.8,14.0,89.0,9.0,2.0,790.0,87.0,2.0,1.0,19.0,50.0,0.0,0.0,0.0,0.0,1.0,10.0,35.0,2.25,30.0,2.0,0.0,0.0,1.0,5.0,0.32,3.0,0.0,0.0,0.0,1.0,60.0,42.0,28.0,26.0,6.0,34.0,63.0,20.0,8.0,18.0,78.0,75.0,0.0,1075.0,83.0,11.0,11.0,64.7,6.0,35.3,593.0,2.0,13.0,6.0,663.0,78.0,65.0,89.0,13,3,23.0,6,1.67,22.0,12.0,10.0,0.64,1.47,22.5,13.5,9.0,0.58,0.96,0.0,23.0,0.0,0.0,1.0,82.0,25.0,62.5,1.15,0.96,89.94,0.0,0.19,0.19,0.0,0.0,0.0,0.13,0.0,0.01,0.01,0.14,0.15,1.79,5.13,1.54,0.0,0.01,0.01,0.0,0.01,0.0,0.01,0.01,0.0,0.01,0.38,0.06,0.02,0.0,1.1,0.0,-0.01,-0.01,47.44,56.28,823.33,334.23,21.22,22.82,20.96,23.91,4.36,7.56,0.06,0.05,0.9,5.71,0.58,0.13,50.64,5.58,0.13,0.06,1.22,3.21,0.0,0.0,0.0,0.0,0.06,0.64,2.24,0.14,1.92,0.13,0.0,0.0,0.06,0.32,0.02,0.19,0.0,0.0,0.0,0.06,3.85,2.69,1.79,1.67,0.38,2.18,1.28,0.51,1.15,5.0,4.81,0.0,68.91,5.32,0.71,0.71,0.38,38.01,0.13,0.83,0.38,42.5,0.83,0.19,0.38,0.11,1.41,0.77,0.64,0.04,1.44,0.87,0.58,0.04,0.0,1.47,0.0,0.0,0.06,5.26,1.6
444.0,Natanael,br BRA,DF,Atlético Mineiro,23-261,2002.0,22.0,19.0,1591.0,17.7,1.0,0.0,1.0,1.0,0.0,0.0,1.0,0.0,0.5,0.5,0.8,1.4,18.0,52.0,89.0,0.06,0.0,0.06,0.06,0.06,0.03,0.05,0.08,0.03,0.08,Matches,16.0,5.0,31.3,0.91,0.28,0.06,0.2,21.6,0.0,0.03,0.5,0.5,592.0,730.0,81.1,9093.0,2620.0,334.0,376.0,88.8,208.0,246.0,84.6,34.0,76.0,44.7,1.2,-0.8,5.0,37.0,4.0,1.0,599.0,130.0,0.0,3.0,36.0,119.0,0.0,0.0,0.0,0.0,1.0,11.0,30.0,1.7,23.0,0.0,1.0,4.0,0.0,0.0,0.0,0.0,0.0,0.0,0.0,0.0,40.0,24.0,17.0,20.0,3.0,16.0,55.2,13.0,13.0,18.0,58.0,42.0,0.0,921.0,30.0,26.0,7.0,29.2,15.0,62.5,450.0,3.0,25.0,9.0,505.0,72.0,80.4,78.0,7,3,35.0,0,1.14,12.0,18.0,-6.0,-0.34,-0.57,16.1,17.0,-0.9,-0.05,-0.64,0.0,18.0,0.0,0.0,0.0,69.0,17.0,40.5,1.24,1.07,89.89,0.06,0.0,0.06,0.06,0.0,0.0,0.06,0.0,0.03,0.03,0.05,0.08,1.02,2.94,5.03,0.0,0.0,0.0,0.0,0.0,0.0,0.0,0.0,0.0,0.0,0.9,0.28,0.05,0.02,1.22,0.0,0.03,0.03,33.45,41.24,513.73,148.02,18.87,21.24,11.75,13.9,1.92,4.29,0.07,-0.05,0.28,2.09,0.23,0.06,33.84,7.34,0.0,0.17,2.03,6.72,0.0,0.0,0.0,0.0,0.06,0.62,1.69,0.1,1.3,0.0,0.06,0.23,0.0,0.0,0.0,0.0,0.0,0.0,0.0,0.0,2.26,1.36,0.96,1.13,0.17,0.9,0.73,0.73,1.02,3.28,2.37,0.0,52.03,1.69,1.47,0.4,0.85,25.42,0.17,1.41,0.51,28.53,0.4,0.17,0.0,0.06,0.68,1.02,-0.34,-0.02,0.91,0.96,-0.05,-0.0,0.0,1.02,0.0,0.0,0.0,3.9,0.96
420.0,Nathan Mendes,br BRA,DF,RB Bragantino,23-035,2002.0,12.0,7.0,737.0,8.2,0.0,1.0,1.0,0.0,0.0,0.0,2.0,0.0,0.0,0.0,0.6,0.6,8.0,28.0,34.0,0.0,0.12,0.12,0.0,0.12,0.0,0.07,0.07,0.0,0.07,Matches,1.0,0.0,0.0,0.12,0.0,0.0,,30.9,0.0,0.01,0.0,0.0,339.0,414.0,81.9,5372.0,1825.0,186.0,204.0,91.2,125.0,151.0,82.8,24.0,39.0,61.5,0.4,0.4,8.0,25.0,4.0,1.0,315.0,99.0,1.0,1.0,12.0,81.0,0.0,0.0,0.0,0.0,0.0,10.0,20.0,2.44,16.0,3.0,0.0,1.0,0.0,4.0,0.49,1.0,2.0,0.0,1.0,0.0,14.0,8.0,7.0,5.0,2.0,13.0,81.3,3.0,3.0,11.0,25.0,23.0,0.0,480.0,30.0,6.0,3.0,42.9,2.0,28.6,266.0,1.0,3.0,7.0,273.0,61.0,34.1,87.0,5,5,25.0,3,0.92,10.0,17.0,-7.0,-0.85,-0.92,9.4,13.7,-4.2,-0.52,-0.53,0.0,7.0,1.0,0.0,0.0,37.0,7.0,58.3,1.46,0.85,89.88,0.0,0.12,0.12,0.0,0.0,0.0,0.24,0.0,0.0,0.0,0.07,0.07,0.98,3.41,4.15,0.0,0.01,0.01,0.0,0.01,0.0,0.01,0.01,0.0,0.01,0.12,0.0,0.01,0.0,3.77,0.0,0.0,0.0,41.34,50.49,655.12,222.56,22.68,24.88,15.24,18.41,2.93,4.76,0.05,0.05,0.98,3.05,0.49,0.12,38.41,12.07,0.12,0.12,1.46,9.88,0.0,0.0,0.0,0.0,0.0,1.22,2.44,0.3,1.95,0.37,0.0,0.12,0.0,0.49,0.06,0.12,0.24,0.0,0.12,0.0,1.71,0.98,0.85,0.61,0.24,1.59,0.37,0.37,1.34,3.05,2.8,0.0,58.54,3.66,0.73,0.37,0.24,32.44,0.12,0.37,0.85,33.29,0.61,0.61,0.37,0.11,1.22,2.07,-0.85,-0.1,1.15,1.67,-0.51,-0.06,0.0,0.85,0.12,0.0,0.0,4.51,0.85
450.0,Negueba,br BRA,FW,Mirassol,25-294,1999.0,19.0,14.0,1163.0,12.9,3.0,3.0,6.0,3.0,0.0,0.0,2.0,0.0,1.5,1.5,2.0,3.6,26.0,42.0,91.0,0.23,0.23,0.46,0.23,0.46,0.12,0.16,0.27,0.12,0.27,Matches,23.0,9.0,39.1,1.78,0.7,0.13,0.33,21.6,0.0,0.07,1.5,1.5,288.0,376.0,76.6,4224.0,1202.0,162.0,187.0,86.6,93.0,116.0,80.2,18.0,33.0,54.5,1.9,1.0,19.0,23.0,13.0,4.0,360.0,15.0,0.0,1.0,43.0,2.0,10.0,2.0,4.0,0.0,1.0,17.0,43.0,3.32,31.0,1.0,3.0,2.0,1.0,6.0,0.46,5.0,0.0,1.0,0.0,0.0,19.0,11.0,7.0,9.0,3.0,8.0,50.0,8.0,8.0,5.0,24.0,19.0,0.0,540.0,16.0,30.0,11.0,34.4,18.0,56.3,342.0,6.0,32.0,28.0,375.0,61.0,56.2,73.0,0,5,27.0,1,2.05,26.0,13.0,13.0,1.01,0.51,19.2,13.0,6.2,0.48,0.35,0.0,9.0,0.0,0.0,0.0,48.0,10.0,38.5,1.47,1.09,90.16,0.23,0.23,0.47,0.23,0.0,0.0,0.16,0.0,0.12,0.12,0.16,0.28,2.02,3.26,7.05,0.02,0.02,0.04,0.02,0.04,0.01,0.01,0.02,0.01,0.02,1.78,0.7,0.14,0.05,1.67,0.0,0.12,0.12,22.33,29.15,327.44,93.18,12.56,14.5,7.21,8.99,1.4,2.56,0.15,0.08,1.47,1.78,1.01,0.31,27.91,1.16,0.0,0.08,3.33,0.16,0.78,0.16,0.31,0.0,0.08,1.32,3.33,0.26,2.4,0.08,0.23,0.16,0.08,0.47,0.04,0.39,0.0,0.08,0.0,0.0,1.47,0.85,0.54,0.7,0.23,0.62,0.62,0.62,0.39,1.86,1.47,0.0,41.86,1.24,2.33,0.85,1.4,26.51,0.47,2.48,2.17,29.07,0.0,0.39,0.08,0.16,2.02,1.01,1.01,0.08,1.49,1.01,0.48,0.04,0.0,0.7,0.0,0.0,0.0,3.72,0.78
439.0,Neto Moura,br BRA,MF,Mirassol,29-048,1996.0,21.0,21.0,1591.0,17.7,0.0,0.0,0.0,0.0,0.0,0.0,5.0,0.0,0.1,0.1,0.3,0.5,1.0,89.0,14.0,0.0,0.0,0.0,0.0,0.0,0.01,0.02,0.03,0.01,0.03,Matches,6.0,0.0,0.0,0.34,0.0,0.0,,30.4,0.0,0.02,-0.1,-0.1,843.0,971.0,86.8,15465.0,5928.0,341.0,380.0,89.7,399.0,441.0,90.5,91.0,119.0,76.5,0.5,-0.3,7.0,107.0,8.0,1.0,918.0,49.0,0.0,5.0,3.0,3.0,0.0,0.0,0.0,0.0,4.0,9.0,28.0,1.58,22.0,3.0,0.0,1.0,0.0,2.0,0.11,2.0,0.0,0.0,0.0,0.0,47.0,26.0,18.0,25.0,4.0,14.0,45.2,17.0,17.0,31.0,78.0,44.0,0.0,1139.0,73.0,1.0,2.0,66.7,0.0,0.0,593.0,0.0,9.0,9.0,755.0,76.0,76.9,76.0,4,0,,1,1.81,29.0,19.0,10.0,0.57,-0.94,23.9,22.4,1.5,0.09,-1.03,0.0,25.0,0.0,0.0,0.0,79.0,19.0,61.3,1.19,1.19,89.89,0.0,0.0,0.0,0.0,0.0,0.0,0.28,0.0,0.01,0.01,0.02,0.03,0.06,5.03,0.79,0.0,0.0,0.0,0.0,0.0,0.0,0.0,0.0,0.0,0.0,0.34,0.0,0.02,0.0,1.72,0.0,-0.01,-0.01,47.63,54.86,873.73,334.92,19.27,21.47,22.54,24.92,5.14,6.72,0.03,-0.02,0.4,6.05,0.45,0.06,51.86,2.77,0.0,0.28,0.17,0.17,0.0,0.0,0.0,0.0,0.23,0.51,1.58,0.09,1.24,0.17,0.0,0.06,0.0,0.11,0.01,0.11,0.0,0.0,0.0,0.0,2.66,1.47,1.02,1.41,0.23,0.79,0.96,0.96,1.75,4.41,2.49,0.0,64.35,4.12,0.06,0.11,0.0,33.5,0.0,0.51,0.51,42.66,0.23,0.0,0.06,0.1,1.64,1.07,0.56,0.03,1.35,1.27,0.08,0.01,0.0,1.41,0.0,0.0,0.0,4.46,1.07
457.0,Newton,br BRA,MF,Botafogo (RJ),25-195,2000.0,12.0,8.0,748.0,8.3,1.0,0.0,1.0,1.0,0.0,0.0,2.0,0.0,0.4,0.4,0.1,0.5,9.0,41.0,10.0,0.12,0.0,0.12,0.12,0.12,0.05,0.02,0.06,0.05,0.06,Matches,13.0,4.0,30.8,1.56,0.48,0.08,0.25,27.5,0.0,0.03,0.6,0.6,405.0,461.0,87.9,7344.0,1771.0,178.0,193.0,92.2,191.0,205.0,93.2,32.0,46.0,69.6,0.5,-0.1,3.0,45.0,4.0,2.0,450.0,11.0,0.0,3.0,4.0,2.0,0.0,0.0,0.0,0.0,0.0,6.0,10.0,1.2,9.0,0.0,0.0,0.0,0.0,0.0,0.0,0.0,0.0,0.0,0.0,0.0,21.0,10.0,6.0,11.0,4.0,7.0,50.0,7.0,8.0,11.0,32.0,12.0,0.0,551.0,13.0,3.0,3.0,75.0,1.0,25.0,335.0,0.0,11.0,11.0,399.0,62.0,36.1,81.0,5,4,25.0,10,1.75,12.0,8.0,4.0,0.48,-0.4,8.9,8.5,0.4,0.05,-0.45,0.0,18.0,0.0,0.0,0.0,37.0,14.0,56.0,1.45,0.96,90.12,0.12,0.0,0.12,0.12,0.0,0.0,0.24,0.0,0.05,0.05,0.01,0.06,1.08,4.94,1.2,0.01,0.0,0.01,0.01,0.01,0.01,0.0,0.01,0.01,0.01,1.57,0.48,0.19,0.06,3.31,0.0,0.07,0.07,48.8,55.54,884.82,213.37,21.45,23.25,23.01,24.7,3.86,5.54,0.06,-0.01,0.36,5.42,0.48,0.24,54.22,1.33,0.0,0.36,0.48,0.24,0.0,0.0,0.0,0.0,0.0,0.72,1.2,0.14,1.08,0.0,0.0,0.0,0.0,0.0,0.0,0.0,0.0,0.0,0.0,0.0,2.53,1.2,0.72,1.33,0.48,0.84,0.84,0.96,1.33,3.86,1.45,0.0,66.39,1.57,0.36,0.36,0.12,40.36,0.0,1.33,1.33,48.07,0.6,0.48,1.2,0.21,1.45,0.96,0.48,0.06,1.07,1.02,0.05,0.01,0.0,2.17,0.0,0.0,0.0,4.46,1.69
458.0,Neymar,br BRA,"FW,MF",Santos,33-230,1992.0,13.0,11.0,979.0,10.9,3.0,0.0,3.0,2.0,1.0,1.0,7.0,1.0,4.2,3.4,1.7,5.1,35.0,84.0,57.0,0.28,0.0,0.28,0.18,0.18,0.39,0.15,0.54,0.31,0.47,Matches,27.0,12.0,44.4,2.48,1.1,0.07,0.17,18.5,7.0,0.13,-1.2,-1.4,379.0,510.0,74.3,6188.0,2351.0,200.0,241.0,83.0,120.0,154.0,77.9,42.0,78.0,53.8,2.0,-1.7,29.0,54.0,27.0,2.0,407.0,94.0,4.0,1.0,43.0,12.0,35.0,19.0,11.0,0.0,9.0,4.0,61.0,5.61,42.0,8.0,5.0,5.0,0.0,3.0,0.28,2.0,0.0,1.0,0.0,0.0,3.0,0.0,0.0,2.0,1.0,3.0,60.0,2.0,3.0,1.0,4.0,0.0,0.0,628.0,1.0,35.0,15.0,30.0,26.0,52.0,440.0,9.0,32.0,30.0,507.0,75.0,47.3,82.0,7,2,36.0,0,1.38,11.0,17.0,-6.0,-0.55,-0.22,12.8,14.9,-2.0,-0.19,0.01,1.0,16.0,0.0,0.0,0.0,28.0,5.0,41.7,1.19,1.01,89.82,0.28,0.0,0.28,0.18,0.09,0.09,0.64,0.09,0.39,0.31,0.16,0.47,3.21,7.71,5.23,0.03,0.0,0.03,0.02,0.02,0.04,0.01,0.05,0.03,0.04,2.48,1.1,0.23,0.1,1.7,0.64,-0.11,-0.13,34.77,46.79,567.71,215.69,18.35,22.11,11.01,14.13,3.85,7.16,0.18,-0.16,2.66,4.95,2.48,0.18,37.34,8.62,0.37,0.09,3.94,1.1,3.21,1.74,1.01,0.0,0.83,0.37,5.6,0.51,3.85,0.73,0.46,0.46,0.0,0.28,0.03,0.18,0.0,0.09,0.0,0.0,0.28,0.0,0.0,0.18,0.09,0.28,0.18,0.28,0.09,0.37,0.0,0.0,57.61,0.09,3.21,1.38,2.39,40.37,0.83,2.94,2.75,46.51,0.64,0.18,0.0,0.13,1.01,1.56,-0.55,-0.05,1.17,1.37,-0.18,-0.02,0.09,1.47,0.0,0.0,0.0,2.57,0.46
459.0,Nicolas,br BRA,DF,Ceará,28-211,1997.0,11.0,6.0,575.0,6.4,0.0,0.0,0.0,0.0,0.0,0.0,1.0,0.0,0.1,0.1,0.4,0.5,16.0,23.0,35.0,0.0,0.0,0.0,0.0,0.0,0.01,0.06,0.07,0.01,0.07,Matches,4.0,1.0,25.0,0.63,0.16,0.0,0.0,23.3,0.0,0.02,-0.1,-0.1,235.0,323.0,72.8,3987.0,1646.0,115.0,130.0,88.5,101.0,134.0,75.4,19.0,49.0,38.8,0.4,-0.4,10.0,16.0,7.0,3.0,255.0,68.0,0.0,2.0,43.0,50.0,5.0,1.0,4.0,0.0,0.0,8.0,21.0,3.29,14.0,5.0,1.0,1.0,0.0,1.0,0.16,1.0,0.0,0.0,0.0,0.0,14.0,7.0,2.0,11.0,1.0,4.0,57.1,3.0,4.0,8.0,22.0,13.0,0.0,386.0,10.0,5.0,2.0,28.6,4.0,57.1,176.0,1.0,5.0,2.0,220.0,52.0,27.8,89.0,4,5,9.0,9,1.09,5.0,8.0,-3.0,-0.47,-0.59,5.6,5.9,-0.3,-0.05,-0.07,0.0,10.0,0.0,0.0,0.0,27.0,2.0,40.0,1.72,0.94,89.84,0.0,0.0,0.0,0.0,0.0,0.0,0.16,0.0,0.02,0.02,0.06,0.08,2.5,3.59,5.47,0.0,0.0,0.0,0.0,0.0,0.0,0.01,0.01,0.0,0.01,0.62,0.16,0.1,0.02,3.64,0.0,-0.02,-0.02,36.72,50.47,622.97,257.19,17.97,20.31,15.78,20.94,2.97,7.66,0.06,-0.06,1.56,2.5,1.09,0.47,39.84,10.62,0.0,0.31,6.72,7.81,0.78,0.16,0.62,0.0,0.0,1.25,3.28,0.51,2.19,0.78,0.16,0.16,0.0,0.16,0.02,0.16,0.0,0.0,0.0,0.0,2.19,1.09,0.31,1.72,0.16,0.62,0.47,0.62,1.25,3.44,2.03,0.0,60.31,1.56,0.78,0.31,0.62,27.5,0.16,0.78,0.31,34.38,0.62,0.78,1.41,0.17,0.78,1.25,-0.47,-0.07,0.87,0.92,-0.05,-0.01,0.0,1.56,0.0,0.0,0.0,4.22,0.31
2.0,Nicolás Acevedo,uy URU,"MF,DF",Bahia,26-162,1999.0,17.0,6.0,639.0,7.1,0.0,0.0,0.0,0.0,0.0,0.0,2.0,0.0,0.2,0.2,0.5,0.7,9.0,39.0,6.0,0.0,0.0,0.0,0.0,0.0,0.03,0.07,0.1,0.03,0.1,Matches,7.0,4.0,57.1,0.99,0.56,0.0,0.0,26.0,0.0,0.03,-0.2,-0.2,434.0,516.0,84.1,6756.0,1932.0,245.0,261.0,93.9,149.0,177.0,84.2,27.0,46.0,58.7,0.4,-0.5,6.0,44.0,3.0,0.0,482.0,34.0,1.0,6.0,6.0,7.0,0.0,0.0,0.0,0.0,0.0,12.0,14.0,1.97,11.0,0.0,0.0,0.0,2.0,4.0,0.56,4.0,0.0,0.0,0.0,0.0,24.0,17.0,8.0,8.0,8.0,10.0,37.0,17.0,8.0,12.0,36.0,12.0,0.0,602.0,33.0,6.0,8.0,61.5,4.0,30.8,338.0,4.0,12.0,17.0,410.0,38.0,32.3,72.0,2,11,19.0,5,1.88,11.0,10.0,1.0,0.14,-0.13,9.0,12.7,-3.7,-0.53,-0.83,0.0,13.0,0.0,0.0,0.0,44.0,10.0,52.6,2.39,0.85,90.0,0.0,0.0,0.0,0.0,0.0,0.0,0.28,0.0,0.03,0.03,0.07,0.1,1.27,5.49,0.85,0.0,0.0,0.0,0.0,0.0,0.0,0.01,0.01,0.0,0.01,0.99,0.56,0.14,0.08,3.66,0.0,-0.03,-0.03,61.13,72.68,951.55,272.11,34.51,36.76,20.99,24.93,3.8,6.48,0.06,-0.07,0.85,6.2,0.42,0.0,67.89,4.79,0.14,0.85,0.85,0.99,0.0,0.0,0.0,0.0,0.0,1.69,1.97,0.28,1.55,0.0,0.0,0.0,0.28,0.56,0.08,0.56,0.0,0.0,0.0,0.0,3.38,2.39,1.13,1.13,1.13,1.41,2.39,1.13,1.69,5.07,1.69,0.0,84.79,4.65,0.85,1.13,0.56,47.61,0.56,1.69,2.39,57.75,0.28,1.55,0.7,0.26,1.55,1.41,0.14,0.02,1.27,1.79,-0.52,-0.07,0.0,1.83,0.0,0.0,0.0,6.2,1.41
154.0,Nicolás De La Cruz,uy URU,MF,Flamengo,28-114,1997.0,12.0,8.0,717.0,8.0,0.0,0.0,0.0,0.0,0.0,0.0,3.0,0.0,0.5,0.5,0.6,1.1,6.0,67.0,19.0,0.0,0.0,0.0,0.0,0.0,0.06,0.08,0.14,0.06,0.14,Matches,9.0,3.0,33.3,1.13,0.38,0.0,0.0,24.2,3.0,0.05,-0.5,-0.5,578.0,659.0,87.7,9693.0,2730.0,283.0,302.0,93.7,241.0,256.0,94.1,43.0,72.0,59.7,1.3,-0.6,9.0,65.0,13.0,2.0,612.0,45.0,0.0,4.0,24.0,0.0,18.0,10.0,7.0,0.0,2.0,12.0,23.0,2.88,17.0,5.0,0.0,0.0,0.0,3.0,0.38,2.0,1.0,0.0,0.0,0.0,14.0,9.0,9.0,5.0,0.0,9.0,64.3,5.0,1.0,6.0,20.0,6.0,0.0,721.0,11.0,4.0,1.0,20.0,2.0,40.0,448.0,0.0,16.0,7.0,554.0,60.0,34.6,80.0,3,4,20.0,3,1.83,11.0,5.0,6.0,0.75,-1.31,11.2,5.2,5.9,0.74,-0.17,0.0,14.0,0.0,0.0,0.0,48.0,7.0,77.8,1.5,1.0,89.62,0.0,0.0,0.0,0.0,0.0,0.0,0.38,0.0,0.06,0.06,0.08,0.14,0.75,8.38,2.38,0.0,0.0,0.0,0.0,0.0,0.01,0.01,0.02,0.01,0.02,1.12,0.38,0.14,0.05,3.02,0.38,-0.06,-0.06,72.25,82.38,1211.62,341.25,35.38,37.75,30.12,32.0,5.38,9.0,0.16,-0.08,1.12,8.12,1.62,0.25,76.5,5.62,0.0,0.5,3.0,0.0,2.25,1.25,0.88,0.0,0.25,1.5,2.88,0.36,2.12,0.62,0.0,0.0,0.0,0.38,0.05,0.25,0.12,0.0,0.0,0.0,1.75,1.12,1.12,0.62,0.0,1.12,0.62,0.12,0.75,2.5,0.75,0.0,90.12,1.38,0.5,0.12,0.25,56.0,0.0,2.0,0.88,69.25,0.38,0.5,0.38,0.23,1.38,0.62,0.75,0.09,1.4,0.65,0.74,0.09,0.0,1.75,0.0,0.0,0.0,6.0,0.88
461.0,Nonato,br BRA,MF,Fluminense,27-204,1998.0,12.0,5.0,517.0,5.7,1.0,0.0,1.0,1.0,0.0,0.0,3.0,0.0,0.4,0.4,0.2,0.6,9.0,16.0,13.0,0.17,0.0,0.17,0.17,0.17,0.07,0.03,0.1,0.07,0.1,Matches,8.0,3.0,37.5,1.39,0.52,0.13,0.33,19.8,0.0,0.05,0.6,0.6,241.0,280.0,86.1,3441.0,1034.0,147.0,160.0,91.9,77.0,94.0,81.9,10.0,11.0,90.9,0.3,-0.2,5.0,22.0,5.0,2.0,270.0,10.0,1.0,0.0,4.0,2.0,0.0,0.0,0.0,0.0,0.0,5.0,12.0,2.08,10.0,1.0,0.0,1.0,0.0,0.0,0.0,0.0,0.0,0.0,0.0,0.0,14.0,10.0,4.0,7.0,3.0,9.0,69.2,4.0,7.0,5.0,19.0,4.0,0.0,335.0,9.0,9.0,1.0,20.0,4.0,80.0,189.0,1.0,5.0,1.0,246.0,43.0,26.1,68.0,1,7,25.0,4,1.0,10.0,10.0,0.0,0.0,0.18,7.0,7.0,0.0,0.0,-0.01,0.0,10.0,0.0,0.0,0.0,20.0,3.0,33.3,2.11,0.88,90.7,0.18,0.0,0.18,0.18,0.0,0.0,0.53,0.0,0.07,0.07,0.04,0.11,1.58,2.81,2.28,0.03,0.0,0.03,0.03,0.03,0.01,0.01,0.02,0.01,0.02,1.4,0.53,0.24,0.09,3.47,0.0,0.11,0.11,42.28,49.12,603.68,181.4,25.79,28.07,13.51,16.49,1.75,1.93,0.05,-0.04,0.88,3.86,0.88,0.35,47.37,1.75,0.18,0.0,0.7,0.35,0.0,0.0,0.0,0.0,0.0,0.88,2.11,0.36,1.75,0.18,0.0,0.18,0.0,0.0,0.0,0.0,0.0,0.0,0.0,0.0,2.46,1.75,0.7,1.23,0.53,1.58,0.7,1.23,0.88,3.33,0.7,0.0,58.77,1.58,1.58,0.18,0.7,33.16,0.18,0.88,0.18,43.16,0.18,1.23,0.7,0.18,1.75,1.75,0.0,0.0,1.23,1.23,0.0,0.0,0.0,1.75,0.0,0.0,0.0,3.51,0.53
251.0,Nuno Gonçalo Moreira,pt POR,"FW,MF",Vasco da Gama,26-099,1999.0,23.0,22.0,1688.0,18.8,4.0,4.0,8.0,4.0,0.0,0.0,1.0,0.0,1.7,1.7,3.9,5.6,48.0,93.0,120.0,0.21,0.21,0.43,0.21,0.43,0.09,0.21,0.3,0.09,0.3,Matches,24.0,12.0,50.0,1.28,0.64,0.17,0.33,21.9,0.0,0.07,2.3,2.3,600.0,764.0,78.5,8899.0,2282.0,357.0,399.0,89.5,183.0,234.0,78.2,35.0,78.0,44.9,3.4,0.1,35.0,58.0,17.0,9.0,723.0,39.0,4.0,9.0,70.0,11.0,16.0,5.0,6.0,0.0,2.0,14.0,76.0,4.05,61.0,6.0,2.0,3.0,2.0,11.0,0.59,11.0,0.0,0.0,0.0,0.0,25.0,13.0,4.0,9.0,12.0,11.0,37.9,18.0,14.0,10.0,35.0,24.0,0.0,950.0,17.0,45.0,21.0,40.4,22.0,42.3,577.0,11.0,32.0,19.0,681.0,73.0,81.5,76.0,2,1,15.0,0,1.04,27.0,25.0,2.0,0.11,0.81,22.2,23.2,-1.0,-0.05,1.09,0.0,12.0,0.0,0.0,0.0,79.0,11.0,47.8,1.22,1.17,89.79,0.21,0.21,0.43,0.21,0.0,0.0,0.05,0.0,0.09,0.09,0.21,0.3,2.55,4.95,6.38,0.01,0.01,0.02,0.01,0.02,0.0,0.01,0.02,0.0,0.02,1.28,0.64,0.07,0.03,1.16,0.0,0.12,0.12,31.91,40.64,473.35,121.38,18.99,21.22,9.73,12.45,1.86,4.15,0.18,0.01,1.86,3.09,0.9,0.48,38.46,2.07,0.21,0.48,3.72,0.59,0.85,0.27,0.32,0.0,0.11,0.74,4.04,0.22,3.24,0.32,0.11,0.16,0.11,0.59,0.03,0.59,0.0,0.0,0.0,0.0,1.33,0.69,0.21,0.48,0.64,0.59,0.96,0.74,0.53,1.86,1.28,0.0,50.53,0.9,2.39,1.12,1.17,30.69,0.59,1.7,1.01,36.22,0.11,0.05,0.0,0.06,1.44,1.33,0.11,0.01,1.18,1.23,-0.05,-0.0,0.0,0.64,0.0,0.0,0.0,4.2,0.59
470.0,Osvaldo,br BRA,"FW,MF",Vitória,38-165,1987.0,18.0,11.0,845.0,9.4,0.0,2.0,2.0,0.0,0.0,0.0,3.0,0.0,1.3,1.3,2.3,3.7,29.0,31.0,67.0,0.0,0.21,0.21,0.0,0.21,0.14,0.25,0.39,0.14,0.39,Matches,20.0,6.0,30.0,2.13,0.64,0.0,0.0,23.2,1.0,0.07,-1.3,-1.3,201.0,289.0,69.6,3512.0,1003.0,102.0,117.0,87.2,68.0,92.0,73.9,25.0,63.0,39.7,2.0,-0.3,17.0,15.0,11.0,1.0,236.0,49.0,3.0,4.0,56.0,2.0,27.0,14.0,3.0,0.0,4.0,6.0,41.0,4.37,17.0,12.0,6.0,1.0,1.0,3.0,0.32,1.0,1.0,0.0,0.0,0.0,9.0,5.0,5.0,4.0,0.0,4.0,36.4,7.0,5.0,6.0,15.0,7.0,0.0,388.0,5.0,13.0,20.0,58.8,10.0,29.4,234.0,5.0,24.0,8.0,267.0,47.0,39.1,64.0,0,7,21.0,3,1.0,8.0,12.0,-4.0,-0.43,0.4,10.0,11.6,-1.6,-0.17,0.43,0.0,6.0,0.0,0.0,0.0,32.0,4.0,50.0,1.91,1.17,89.89,0.0,0.21,0.21,0.0,0.0,0.0,0.32,0.0,0.14,0.14,0.24,0.39,3.09,3.3,7.13,0.0,0.02,0.02,0.0,0.02,0.01,0.03,0.04,0.01,0.04,2.13,0.64,0.23,0.07,2.47,0.11,-0.14,-0.14,21.38,30.74,373.62,106.7,10.85,12.45,7.23,9.79,2.66,6.7,0.21,-0.03,1.81,1.6,1.17,0.11,25.11,5.21,0.32,0.43,5.96,0.21,2.87,1.49,0.32,0.0,0.43,0.64,4.36,0.46,1.81,1.28,0.64,0.11,0.11,0.32,0.03,0.11,0.11,0.0,0.0,0.0,0.96,0.53,0.53,0.43,0.0,0.43,0.74,0.53,0.64,1.6,0.74,0.0,41.28,0.53,1.38,2.13,1.06,24.89,0.53,2.55,0.85,28.4,0.0,0.74,0.32,0.11,0.85,1.28,-0.43,-0.05,1.06,1.23,-0.17,-0.02,0.0,0.64,0.0,0.0,0.0,3.4,0.43
474.0,Pablo,br BRA,FW,Sport Recife,33-092,1992.0,11.0,8.0,613.0,6.8,1.0,0.0,1.0,1.0,0.0,0.0,1.0,0.0,1.3,1.3,0.2,1.5,3.0,8.0,23.0,0.15,0.0,0.15,0.15,0.15,0.19,0.03,0.22,0.19,0.22,Matches,13.0,3.0,23.1,1.91,0.44,0.08,0.33,14.6,1.0,0.1,-0.3,-0.3,113.0,156.0,72.4,1728.0,326.0,60.0,73.0,82.2,36.0,45.0,80.0,10.0,13.0,76.9,0.2,-0.2,5.0,8.0,0.0,0.0,134.0,21.0,0.0,0.0,1.0,0.0,0.0,0.0,0.0,0.0,1.0,6.0,12.0,1.76,8.0,0.0,0.0,2.0,0.0,0.0,0.0,0.0,0.0,0.0,0.0,0.0,6.0,5.0,2.0,3.0,1.0,2.0,33.3,4.0,4.0,4.0,10.0,6.0,0.0,235.0,9.0,26.0,2.0,28.6,5.0,71.4,121.0,1.0,24.0,12.0,171.0,,,,0,0,,3,,,,,,,,,,,,0.0,10.0,0.0,0.0,0.0,10.0,16.0,45.7,1.62,1.18,90.15,0.15,0.0,0.15,0.15,0.0,0.0,0.15,0.0,0.19,0.19,0.03,0.22,0.44,1.18,3.38,0.02,0.0,0.02,0.02,0.02,0.03,0.0,0.03,0.03,0.03,1.91,0.44,0.28,0.06,2.15,0.15,-0.04,-0.04,16.62,22.94,254.12,47.94,8.82,10.74,5.29,6.62,1.47,1.91,0.03,-0.03,0.74,1.18,0.0,0.0,19.71,3.09,0.0,0.0,0.15,0.0,0.0,0.0,0.0,0.0,0.15,0.88,1.76,0.26,1.18,0.0,0.0,0.29,0.0,0.0,0.0,0.0,0.0,0.0,0.0,0.0,0.88,0.74,0.29,0.44,0.15,0.29,0.59,0.59,0.59,1.47,0.88,0.0,34.56,1.32,3.82,0.29,0.74,17.79,0.15,3.53,1.76,25.15,0.0,0.0,0.44,,,,,,,,,,0.0,1.47,0.0,0.0,0.0,1.47,2.35
378.0,Pablo Maia,br BRA,MF,São Paulo,23-256,2002.0,14.0,8.0,709.0,7.9,1.0,0.0,1.0,1.0,0.0,0.0,2.0,0.0,0.2,0.2,0.1,0.3,7.0,35.0,9.0,0.13,0.0,0.13,0.13,0.13,0.02,0.01,0.04,0.02,0.04,Matches,5.0,1.0,20.0,0.63,0.13,0.2,1.0,23.2,0.0,0.04,0.8,0.8,392.0,426.0,92.0,6976.0,1715.0,159.0,170.0,93.5,190.0,203.0,93.6,35.0,39.0,89.7,0.2,-0.1,4.0,36.0,3.0,0.0,415.0,11.0,0.0,3.0,0.0,0.0,0.0,0.0,0.0,0.0,0.0,4.0,14.0,1.78,13.0,0.0,0.0,0.0,1.0,0.0,0.0,0.0,0.0,0.0,0.0,0.0,14.0,9.0,5.0,7.0,2.0,7.0,43.8,9.0,7.0,4.0,18.0,9.0,1.0,485.0,18.0,2.0,2.0,50.0,2.0,50.0,291.0,1.0,5.0,5.0,349.0,51.0,32.8,77.0,3,6,16.0,3,1.57,7.0,12.0,-5.0,-0.63,-1.13,8.4,10.0,-1.6,-0.2,-0.65,0.0,16.0,0.0,1.0,0.0,43.0,9.0,75.0,1.77,1.01,89.75,0.13,0.0,0.13,0.13,0.0,0.0,0.25,0.0,0.03,0.03,0.01,0.04,0.89,4.43,1.14,0.02,0.0,0.02,0.02,0.02,0.0,0.0,0.01,0.0,0.01,0.63,0.13,0.08,0.02,2.94,0.0,0.1,0.1,49.62,53.92,883.04,217.09,20.13,21.52,24.05,25.7,4.43,4.94,0.03,-0.01,0.51,4.56,0.38,0.0,52.53,1.39,0.0,0.38,0.0,0.0,0.0,0.0,0.0,0.0,0.0,0.51,1.77,0.23,1.65,0.0,0.0,0.0,0.13,0.0,0.0,0.0,0.0,0.0,0.0,0.0,1.77,1.14,0.63,0.89,0.25,0.89,1.14,0.89,0.51,2.28,1.14,0.13,61.39,2.28,0.25,0.25,0.25,36.84,0.13,0.63,0.63,44.18,0.38,0.76,0.38,0.2,0.89,1.52,-0.63,-0.08,1.06,1.27,-0.2,-0.03,0.0,2.03,0.0,0.13,0.0,5.44,1.14
659.0,Pablo Vegetti,ar ARG,FW,Vasco da Gama,36-343,1988.0,21.0,19.0,1711.0,19.0,12.0,1.0,13.0,9.0,3.0,3.0,3.0,0.0,10.6,8.2,1.0,9.2,3.0,13.0,37.0,0.63,0.05,0.68,0.47,0.53,0.56,0.05,0.61,0.43,0.49,Matches,56.0,17.0,30.4,2.95,0.89,0.16,0.53,11.3,0.0,0.15,1.4,0.8,170.0,235.0,72.3,2187.0,282.0,93.0,118.0,78.8,59.0,76.0,77.6,1.0,4.0,25.0,1.0,0.0,7.0,4.0,2.0,0.0,190.0,45.0,2.0,0.0,2.0,0.0,0.0,0.0,0.0,0.0,0.0,11.0,9.0,0.47,5.0,0.0,0.0,0.0,0.0,1.0,0.05,0.0,0.0,0.0,0.0,0.0,11.0,6.0,2.0,5.0,4.0,6.0,35.3,11.0,11.0,3.0,14.0,32.0,1.0,412.0,34.0,73.0,0.0,0.0,3.0,50.0,182.0,2.0,27.0,10.0,250.0,81.0,82.7,86.0,14,2,38.0,0,1.0,26.0,29.0,-3.0,-0.16,-0.66,22.5,26.8,-4.3,-0.23,0.17,0.0,22.0,0.0,0.0,1.0,34.0,48.0,41.0,1.11,1.0,90.05,0.63,0.05,0.68,0.47,0.16,0.16,0.16,0.0,0.56,0.43,0.05,0.48,0.16,0.68,1.95,0.03,0.0,0.04,0.02,0.03,0.03,0.0,0.03,0.02,0.03,2.95,0.89,0.16,0.05,0.59,0.0,0.07,0.04,8.95,12.37,115.11,14.84,4.89,6.21,3.11,4.0,0.05,0.21,0.05,0.0,0.37,0.21,0.11,0.0,10.0,2.37,0.11,0.0,0.11,0.0,0.0,0.0,0.0,0.0,0.0,0.58,0.47,0.02,0.26,0.0,0.0,0.0,0.0,0.05,0.0,0.0,0.0,0.0,0.0,0.0,0.58,0.32,0.11,0.26,0.21,0.32,0.58,0.58,0.16,0.74,1.68,0.05,21.68,1.79,3.84,0.0,0.16,9.58,0.11,1.42,0.53,13.16,0.74,0.11,0.0,0.05,1.37,1.53,-0.16,-0.01,1.18,1.41,-0.23,-0.01,0.0,1.16,0.0,0.0,0.05,1.79,2.53
271.0,Paulo Henrique,br BRA,DF,Vasco da Gama,29-060,1996.0,17.0,17.0,1503.0,16.7,0.0,3.0,3.0,0.0,0.0,0.0,7.0,0.0,0.9,0.9,2.2,3.1,57.0,54.0,120.0,0.0,0.18,0.18,0.0,0.18,0.05,0.13,0.18,0.05,0.18,Matches,14.0,7.0,50.0,0.84,0.42,0.0,0.0,22.7,0.0,0.07,-0.9,-0.9,680.0,860.0,79.1,10253.0,3290.0,393.0,431.0,91.2,232.0,300.0,77.3,37.0,72.0,51.4,2.0,0.8,25.0,41.0,17.0,14.0,709.0,151.0,0.0,3.0,66.0,147.0,0.0,0.0,0.0,0.0,0.0,30.0,48.0,2.87,36.0,1.0,5.0,1.0,0.0,5.0,0.3,4.0,0.0,1.0,0.0,0.0,58.0,38.0,29.0,25.0,4.0,33.0,68.8,15.0,20.0,21.0,79.0,68.0,2.0,1133.0,60.0,29.0,47.0,56.0,32.0,38.1,581.0,15.0,27.0,21.0,633.0,88.0,72.6,88.0,13,0,,1,1.24,25.0,18.0,7.0,0.42,1.69,20.3,23.8,-3.5,-0.21,0.16,0.0,37.0,0.0,0.0,0.0,105.0,17.0,54.8,1.02,1.02,90.0,0.0,0.18,0.18,0.0,0.0,0.0,0.42,0.0,0.05,0.05,0.13,0.19,3.41,3.23,7.19,0.0,0.01,0.01,0.0,0.01,0.0,0.01,0.01,0.0,0.01,0.84,0.42,0.05,0.03,1.36,0.0,-0.05,-0.05,40.72,51.5,613.95,197.01,23.53,25.81,13.89,17.96,2.22,4.31,0.12,0.05,1.5,2.46,1.02,0.84,42.46,9.04,0.0,0.18,3.95,8.8,0.0,0.0,0.0,0.0,0.0,1.8,2.87,0.17,2.16,0.06,0.3,0.06,0.0,0.3,0.02,0.24,0.0,0.06,0.0,0.0,3.47,2.28,1.74,1.5,0.24,1.98,0.9,1.2,1.26,4.73,4.07,0.12,67.84,3.59,1.74,2.81,1.92,34.79,0.9,1.62,1.26,37.9,0.78,0.0,0.06,0.07,1.5,1.08,0.42,0.03,1.22,1.43,-0.21,-0.01,0.0,2.22,0.0,0.0,0.0,6.29,1.02
490.0,Pedro,br BRA,FW,Flamengo,28-095,1997.0,17.0,10.0,861.0,9.6,10.0,4.0,14.0,9.0,1.0,2.0,3.0,0.0,8.7,7.0,1.4,8.3,6.0,14.0,68.0,1.05,0.42,1.46,0.94,1.36,0.91,0.14,1.05,0.73,0.87,Matches,39.0,21.0,53.8,4.08,2.2,0.23,0.43,15.0,0.0,0.18,1.3,2.0,125.0,164.0,76.2,1689.0,262.0,79.0,96.0,82.3,32.0,39.0,82.1,6.0,7.0,85.7,0.9,2.6,17.0,7.0,5.0,0.0,152.0,12.0,2.0,1.0,2.0,0.0,0.0,0.0,0.0,0.0,0.0,7.0,31.0,3.24,21.0,0.0,3.0,1.0,2.0,7.0,0.73,4.0,0.0,1.0,0.0,1.0,7.0,5.0,1.0,3.0,3.0,3.0,37.5,5.0,6.0,4.0,11.0,6.0,0.0,283.0,5.0,76.0,5.0,33.3,10.0,66.7,178.0,5.0,25.0,17.0,213.0,51.0,41.6,71.0,1,7,21.0,1,2.35,27.0,2.0,25.0,2.61,1.72,19.6,5.9,13.8,1.44,1.0,0.0,9.0,1.0,0.0,0.0,13.0,4.0,16.7,1.77,1.04,89.69,1.04,0.42,1.46,0.94,0.1,0.21,0.31,0.0,0.91,0.73,0.15,0.86,0.62,1.46,7.08,0.11,0.04,0.15,0.1,0.14,0.09,0.01,0.11,0.08,0.09,4.06,2.19,0.43,0.23,1.56,0.0,0.14,0.21,13.02,17.08,175.94,27.29,8.23,10.0,3.33,4.06,0.62,0.73,0.09,0.27,1.77,0.73,0.52,0.0,15.83,1.25,0.21,0.1,0.21,0.0,0.0,0.0,0.0,0.0,0.0,0.73,3.23,0.34,2.19,0.0,0.31,0.1,0.21,0.73,0.08,0.42,0.0,0.1,0.0,0.1,0.73,0.52,0.1,0.31,0.31,0.31,0.52,0.62,0.42,1.15,0.62,0.0,29.48,0.52,7.92,0.52,1.04,18.54,0.52,2.6,1.77,22.19,0.1,0.73,0.1,0.24,2.81,0.21,2.6,0.27,2.04,0.61,1.44,0.15,0.0,0.94,0.1,0.0,0.0,1.35,0.42
272.0,Pedro Henrique,br BRA,FW,Ceará,35-099,1990.0,16.0,11.0,863.0,9.6,2.0,0.0,2.0,2.0,0.0,0.0,4.0,0.0,1.6,1.6,0.7,2.3,26.0,11.0,44.0,0.21,0.0,0.21,0.21,0.21,0.17,0.07,0.24,0.17,0.24,Matches,24.0,9.0,37.5,2.5,0.94,0.08,0.22,21.6,4.0,0.07,0.4,0.4,135.0,201.0,67.2,2410.0,524.0,73.0,87.0,83.9,42.0,68.0,61.8,19.0,33.0,57.6,0.7,-0.7,7.0,8.0,4.0,2.0,181.0,18.0,0.0,6.0,28.0,6.0,6.0,3.0,1.0,0.0,2.0,1.0,20.0,2.09,14.0,2.0,0.0,3.0,0.0,2.0,0.21,1.0,0.0,0.0,0.0,0.0,22.0,18.0,7.0,9.0,6.0,9.0,52.9,8.0,3.0,5.0,27.0,7.0,3.0,301.0,9.0,23.0,1.0,8.3,9.0,75.0,161.0,3.0,25.0,5.0,200.0,54.0,41.7,71.0,1,5,15.0,0,1.13,8.0,11.0,-3.0,-0.31,-0.46,8.5,10.3,-1.8,-0.19,-0.32,0.0,22.0,0.0,1.0,0.0,35.0,12.0,33.3,1.67,1.15,89.9,0.21,0.0,0.21,0.21,0.0,0.0,0.42,0.0,0.17,0.17,0.07,0.24,2.71,1.15,4.58,0.02,0.0,0.02,0.02,0.02,0.02,0.01,0.02,0.02,0.02,2.5,0.94,0.26,0.1,2.25,0.42,0.04,0.04,14.06,20.94,251.04,54.58,7.6,9.06,4.38,7.08,1.98,3.44,0.07,-0.07,0.73,0.83,0.42,0.21,18.85,1.88,0.0,0.62,2.92,0.62,0.62,0.31,0.1,0.0,0.21,0.1,2.08,0.22,1.46,0.21,0.0,0.31,0.0,0.21,0.02,0.1,0.0,0.0,0.0,0.0,2.29,1.88,0.73,0.94,0.62,0.94,0.83,0.31,0.52,2.81,0.73,0.31,31.35,0.94,2.4,0.1,0.94,16.77,0.31,2.6,0.52,20.83,0.1,0.52,0.0,0.12,0.83,1.15,-0.31,-0.03,0.89,1.07,-0.19,-0.02,0.0,2.29,0.0,0.1,0.0,3.65,1.25
273.0,Pedro Henrique,br BRA,DF,RB Bragantino,29-356,1995.0,21.0,21.0,1834.0,20.4,0.0,1.0,1.0,0.0,0.0,0.0,4.0,0.0,0.4,0.4,0.6,1.0,16.0,78.0,1.0,0.0,0.05,0.05,0.0,0.05,0.02,0.03,0.05,0.02,0.05,Matches,24.0,9.0,37.5,2.5,0.94,0.08,0.22,21.6,4.0,0.07,0.4,0.4,135.0,201.0,67.2,2410.0,524.0,73.0,87.0,83.9,42.0,68.0,61.8,19.0,33.0,57.6,0.7,-0.7,7.0,8.0,4.0,2.0,181.0,18.0,0.0,6.0,28.0,6.0,6.0,3.0,1.0,0.0,2.0,1.0,20.0,2.09,14.0,2.0,0.0,3.0,0.0,2.0,0.21,1.0,0.0,0.0,0.0,0.0,22.0,18.0,7.0,9.0,6.0,9.0,52.9,8.0,3.0,5.0,27.0,7.0,3.0,301.0,9.0,23.0,1.0,8.3,9.0,75.0,161.0,3.0,25.0,5.0,200.0,54.0,41.7,71.0,1,5,15.0,0,1.13,8.0,11.0,-3.0,-0.31,-0.46,8.5,10.3,-1.8,-0.19,-0.32,0.0,22.0,0.0,1.0,0.0,35.0,12.0,33.3,1.03,1.03,89.9,0.0,0.05,0.05,0.0,0.0,0.0,0.2,0.0,0.02,0.02,0.03,0.05,0.78,3.82,0.05,0.0,0.0,0.0,0.0,0.0,0.0,0.0,0.0,0.0,0.0,1.18,0.44,0.12,0.05,1.06,0.2,0.02,0.02,6.62,9.85,118.14,25.69,3.58,4.26,2.06,3.33,0.93,1.62,0.03,-0.03,0.34,0.39,0.2,0.1,8.87,0.88,0.0,0.29,1.37,0.29,0.29,0.15,0.05,0.0,0.1,0.05,0.98,0.1,0.69,0.1,0.0,0.15,0.0,0.1,0.01,0.05,0.0,0.0,0.0,0.0,1.08,0.88,0.34,0.44,0.29,0.44,0.39,0.15,0.25,1.32,0.34,0.15,14.75,0.44,1.13,0.05,0.44,7.89,0.15,1.23,0.25,9.8,0.05,0.25,0.0,0.06,0.39,0.54,-0.15,-0.02,0.42,0.5,-0.09,-0.01,0.0,1.08,0.0,0.05,0.0,1.72,0.59
532.0,Pedro Raul,br BRA,FW,Ceará,28-322,1996.0,21.0,21.0,1796.0,20.0,7.0,0.0,7.0,6.0,1.0,1.0,3.0,0.0,7.5,6.7,2.3,9.0,11.0,25.0,74.0,0.35,0.0,0.35,0.3,0.3,0.38,0.11,0.49,0.34,0.45,Matches,63.0,25.0,39.7,3.16,1.25,0.1,0.24,14.4,0.0,0.11,-0.5,-0.7,227.0,339.0,67.0,2785.0,655.0,142.0,184.0,77.2,55.0,85.0,64.7,6.0,12.0,50.0,0.8,-2.3,20.0,24.0,3.0,0.0,309.0,25.0,1.0,1.0,3.0,1.0,0.0,0.0,0.0,0.0,5.0,16.0,40.0,2.0,30.0,0.0,2.0,3.0,0.0,2.0,0.1,2.0,0.0,0.0,0.0,0.0,10.0,4.0,1.0,9.0,0.0,3.0,42.9,4.0,6.0,3.0,13.0,17.0,0.0,583.0,21.0,110.0,6.0,28.6,11.0,52.4,289.0,7.0,80.0,35.0,433.0,86.0,86.8,86.0,13,0,,0,1.29,18.0,19.0,-1.0,-0.05,-0.05,19.2,21.4,-2.2,-0.11,-0.84,0.0,34.0,0.0,0.0,0.0,36.0,66.0,42.0,1.05,1.05,89.8,0.35,0.0,0.35,0.3,0.05,0.05,0.15,0.0,0.38,0.34,0.12,0.45,0.55,1.25,3.7,0.02,0.0,0.02,0.02,0.02,0.02,0.01,0.02,0.02,0.02,3.15,1.25,0.16,0.06,0.72,0.0,-0.02,-0.03,11.35,16.95,139.25,32.75,7.1,9.2,2.75,4.25,0.3,0.6,0.04,-0.12,1.0,1.2,0.15,0.0,15.45,1.25,0.05,0.05,0.15,0.05,0.0,0.0,0.0,0.0,0.25,0.8,2.0,0.1,1.5,0.0,0.1,0.15,0.0,0.1,0.0,0.1,0.0,0.0,0.0,0.0,0.5,0.2,0.05,0.45,0.0,0.15,0.2,0.3,0.15,0.65,0.85,0.0,29.15,1.05,5.5,0.3,0.55,14.45,0.35,4.0,1.75,21.65,0.65,0.0,0.0,0.06,0.9,0.95,-0.05,-0.0,0.96,1.07,-0.11,-0.01,0.0,1.7,0.0,0.0,0.0,1.8,3.3
139.0,Philippe Coutinho,br BRA,MF,Vasco da Gama,33-103,1992.0,17.0,17.0,1321.0,14.7,4.0,2.0,6.0,4.0,0.0,0.0,0.0,1.0,2.4,2.4,2.1,4.5,45.0,94.0,68.0,0.27,0.14,0.41,0.27,0.41,0.16,0.14,0.31,0.16,0.31,Matches,39.0,18.0,46.2,2.66,1.23,0.1,0.22,24.9,9.0,0.06,1.6,1.6,691.0,840.0,82.3,11013.0,3403.0,373.0,401.0,93.0,243.0,286.0,85.0,53.0,107.0,49.5,2.3,-0.1,30.0,95.0,16.0,4.0,757.0,81.0,2.0,5.0,67.0,3.0,44.0,13.0,21.0,1.0,2.0,14.0,72.0,4.91,44.0,15.0,3.0,6.0,0.0,8.0,0.55,2.0,3.0,1.0,2.0,0.0,12.0,5.0,4.0,4.0,4.0,6.0,42.9,8.0,8.0,6.0,18.0,4.0,0.0,972.0,13.0,27.0,19.0,45.2,17.0,40.5,649.0,3.0,20.0,26.0,784.0,78.0,63.8,78.0,4,0,,1,1.29,26.0,19.0,7.0,0.48,1.44,17.9,18.0,-0.1,-0.01,0.68,0.0,10.0,1.0,0.0,0.0,49.0,5.0,38.5,1.16,1.16,89.86,0.27,0.14,0.41,0.27,0.0,0.0,0.0,0.07,0.16,0.16,0.14,0.31,3.06,6.39,4.63,0.02,0.01,0.03,0.02,0.03,0.01,0.01,0.02,0.01,0.02,2.65,1.22,0.18,0.08,1.69,0.61,0.11,0.11,47.01,57.14,749.18,231.5,25.37,27.28,16.53,19.46,3.61,7.28,0.16,-0.01,2.04,6.46,1.09,0.27,51.5,5.51,0.14,0.34,4.56,0.2,2.99,0.88,1.43,0.07,0.14,0.95,4.9,0.33,2.99,1.02,0.2,0.41,0.0,0.54,0.04,0.14,0.2,0.07,0.14,0.0,0.82,0.34,0.27,0.27,0.27,0.41,0.54,0.54,0.41,1.22,0.27,0.0,66.12,0.88,1.84,1.29,1.16,44.15,0.2,1.36,1.77,53.33,0.27,0.0,0.07,0.09,1.77,1.29,0.48,0.03,1.22,1.22,-0.01,-0.0,0.0,0.68,0.07,0.0,0.0,3.33,0.34
87.0,Rafael Borré,co COL,FW,Internacional,30-008,1995.0,17.0,11.0,937.0,10.4,4.0,1.0,5.0,3.0,1.0,1.0,1.0,1.0,5.5,4.5,0.9,5.3,8.0,10.0,59.0,0.38,0.1,0.48,0.29,0.38,0.52,0.08,0.61,0.43,0.51,Matches,26.0,8.0,30.8,2.5,0.77,0.12,0.38,13.0,0.0,0.17,-1.5,-1.5,156.0,204.0,76.5,2244.0,313.0,86.0,107.0,80.4,49.0,59.0,83.1,10.0,17.0,58.8,0.9,0.1,9.0,9.0,0.0,0.0,185.0,19.0,1.0,1.0,5.0,2.0,0.0,0.0,0.0,0.0,0.0,8.0,22.0,2.11,16.0,0.0,3.0,1.0,1.0,4.0,0.38,2.0,0.0,2.0,0.0,0.0,15.0,9.0,3.0,5.0,7.0,2.0,18.2,9.0,8.0,2.0,17.0,6.0,0.0,305.0,7.0,47.0,7.0,46.7,7.0,46.7,181.0,4.0,18.0,21.0,219.0,55.0,45.3,74.0,3,6,20.0,0,1.29,10.0,11.0,-1.0,-0.1,0.46,16.3,9.1,7.3,0.7,0.55,0.0,21.0,0.0,0.0,0.0,25.0,20.0,40.8,1.63,1.06,90.1,0.38,0.1,0.48,0.29,0.1,0.1,0.1,0.1,0.53,0.43,0.09,0.51,0.77,0.96,5.67,0.04,0.01,0.05,0.03,0.04,0.05,0.01,0.06,0.04,0.05,2.5,0.77,0.24,0.07,1.25,0.0,-0.14,-0.14,15.0,19.62,215.77,30.1,8.27,10.29,4.71,5.67,0.96,1.63,0.09,0.01,0.87,0.87,0.0,0.0,17.79,1.83,0.1,0.1,0.48,0.19,0.0,0.0,0.0,0.0,0.0,0.77,2.12,0.2,1.54,0.0,0.29,0.1,0.1,0.38,0.04,0.19,0.0,0.19,0.0,0.0,1.44,0.87,0.29,0.48,0.67,0.19,0.87,0.77,0.19,1.63,0.58,0.0,29.33,0.67,4.52,0.67,0.67,17.4,0.38,1.73,2.02,21.06,0.29,0.58,0.0,0.12,0.96,1.06,-0.1,-0.01,1.57,0.87,0.7,0.07,0.0,2.02,0.0,0.0,0.0,2.4,1.92
505.0,Rafael Pires,br BRA,GK,São Paulo,36-092,1989.0,22.0,22.0,1980.0,22.0,0.0,0.0,0.0,0.0,0.0,0.0,2.0,0.0,0.0,0.0,0.0,0.0,0.0,0.0,0.0,0.0,0.0,0.0,0.0,0.0,0.0,0.0,0.0,0.0,0.0,Matches,0.0,0.0,,0.0,0.0,,,,0.0,,0.0,0.0,374.0,540.0,69.3,9011.0,5620.0,90.0,90.0,100.0,177.0,178.0,99.4,95.0,257.0,37.0,0.0,0.0,0.0,3.0,0.0,0.0,351.0,187.0,0.0,0.0,0.0,0.0,0.0,0.0,0.0,0.0,2.0,1.0,0.0,0.0,0.0,0.0,0.0,0.0,0.0,0.0,0.0,0.0,0.0,0.0,0.0,0.0,1.0,1.0,1.0,0.0,0.0,1.0,50.0,1.0,0.0,0.0,1.0,9.0,2.0,588.0,543.0,0.0,1.0,100.0,0.0,0.0,294.0,0.0,0.0,1.0,251.0,90.0,91.7,90.0,22,0,,1,1.55,25.0,21.0,4.0,0.18,0.68,28.8,22.5,6.3,0.29,0.54,0.0,0.0,0.0,0.0,0.0,16.0,4.0,100.0,1.0,1.0,90.0,0.0,0.0,0.0,0.0,0.0,0.0,0.09,0.0,0.0,0.0,0.0,0.0,0.0,0.0,0.0,0.0,0.0,0.0,0.0,0.0,0.0,0.0,0.0,0.0,0.0,0.0,0.0,0.0,0.0,,0.0,0.0,0.0,17.0,24.55,409.59,255.45,4.09,4.09,8.05,8.09,4.32,11.68,0.0,0.0,0.0,0.14,0.0,0.0,15.95,8.5,0.0,0.0,0.0,0.0,0.0,0.0,0.0,0.0,0.09,0.05,0.0,0.0,0.0,0.0,0.0,0.0,0.0,0.0,0.0,0.0,0.0,0.0,0.0,0.0,0.05,0.05,0.05,0.0,0.0,0.05,0.05,0.0,0.0,0.05,0.41,0.09,26.73,24.68,0.0,0.05,0.0,13.36,0.0,0.0,0.05,11.41,1.0,0.0,0.05,0.07,1.14,0.95,0.18,0.01,1.31,1.02,0.29,0.01,0.0,0.0,0.0,0.0,0.0,0.73,0.18
529.0,Rafael Ramos,pt POR,DF,Ceará,30-257,1995.0,14.0,5.0,551.0,6.1,0.0,0.0,0.0,0.0,0.0,0.0,2.0,0.0,0.1,0.1,0.4,0.6,14.0,27.0,22.0,0.0,0.0,0.0,0.0,0.0,0.02,0.07,0.09,0.02,0.09,Matches,5.0,1.0,20.0,0.82,0.16,0.0,0.0,24.7,0.0,0.02,-0.1,-0.1,203.0,284.0,71.5,3434.0,1805.0,94.0,107.0,87.9,84.0,118.0,71.2,19.0,37.0,51.4,0.5,-0.4,7.0,18.0,7.0,3.0,223.0,58.0,0.0,0.0,17.0,52.0,0.0,0.0,0.0,0.0,3.0,6.0,13.0,2.12,11.0,2.0,0.0,0.0,0.0,0.0,0.0,0.0,0.0,0.0,0.0,0.0,26.0,15.0,18.0,6.0,2.0,19.0,79.2,5.0,7.0,8.0,34.0,25.0,0.0,374.0,15.0,4.0,4.0,57.1,3.0,42.9,168.0,2.0,8.0,2.0,184.0,39.0,26.6,85.0,4,9,14.0,8,1.21,3.0,6.0,-3.0,-0.49,-0.61,8.3,7.2,1.1,0.18,0.24,0.0,16.0,0.0,0.0,0.0,23.0,8.0,42.1,2.3,0.82,90.33,0.0,0.0,0.0,0.0,0.0,0.0,0.33,0.0,0.02,0.02,0.07,0.1,2.3,4.43,3.61,0.0,0.0,0.0,0.0,0.0,0.0,0.01,0.01,0.0,0.01,0.82,0.16,0.13,0.03,4.05,0.0,-0.02,-0.02,33.28,46.56,562.95,295.9,15.41,17.54,13.77,19.34,3.11,6.07,0.08,-0.07,1.15,2.95,1.15,0.49,36.56,9.51,0.0,0.0,2.79,8.52,0.0,0.0,0.0,0.0,0.49,0.98,2.13,0.35,1.8,0.33,0.0,0.0,0.0,0.0,0.0,0.0,0.0,0.0,0.0,0.0,4.26,2.46,2.95,0.98,0.33,3.11,0.82,1.15,1.31,5.57,4.1,0.0,61.31,2.46,0.66,0.66,0.49,27.54,0.33,1.31,0.33,30.16,0.66,1.48,1.31,0.2,0.49,0.98,-0.49,-0.08,1.36,1.18,0.18,0.03,0.0,2.62,0.0,0.0,0.0,3.77,1.31
647.0,Rafael Thyere,br BRA,DF,Sport Recife,32-129,1993.0,10.0,10.0,900.0,10.0,0.0,0.0,0.0,0.0,0.0,0.0,0.0,0.0,0.5,0.5,0.0,0.5,6.0,21.0,3.0,0.0,0.0,0.0,0.0,0.0,0.05,0.0,0.05,0.05,0.05,Matches,6.0,3.0,50.0,0.6,0.3,0.0,0.0,12.5,0.0,0.09,-0.5,-0.5,352.0,416.0,84.6,6534.0,2413.0,126.0,135.0,93.3,191.0,208.0,91.8,33.0,61.0,54.1,0.1,0.0,0.0,30.0,0.0,0.0,398.0,17.0,0.0,2.0,1.0,0.0,0.0,0.0,0.0,0.0,1.0,6.0,1.0,0.1,1.0,0.0,0.0,0.0,0.0,0.0,0.0,0.0,0.0,0.0,0.0,0.0,10.0,7.0,4.0,6.0,0.0,4.0,40.0,6.0,2.0,14.0,24.0,55.0,0.0,521.0,76.0,8.0,0.0,,0.0,,303.0,0.0,5.0,0.0,336.0,90.0,45.5,90.0,10,0,,3,1.1,9.0,13.0,-4.0,-0.4,0.77,12.0,15.6,-3.6,-0.36,0.32,0.0,7.0,0.0,0.0,0.0,21.0,19.0,54.3,1.0,1.0,90.0,0.0,0.0,0.0,0.0,0.0,0.0,0.0,0.0,0.05,0.05,0.0,0.05,0.6,2.1,0.3,0.0,0.0,0.0,0.0,0.0,0.0,0.0,0.0,0.0,0.0,0.6,0.3,0.06,0.03,1.25,0.0,-0.05,-0.05,35.2,41.6,653.4,241.3,12.6,13.5,19.1,20.8,3.3,6.1,0.01,0.0,0.0,3.0,0.0,0.0,39.8,1.7,0.0,0.2,0.1,0.0,0.0,0.0,0.0,0.0,0.1,0.6,0.1,0.01,0.1,0.0,0.0,0.0,0.0,0.0,0.0,0.0,0.0,0.0,0.0,0.0,1.0,0.7,0.4,0.6,0.0,0.4,0.6,0.2,1.4,2.4,5.5,0.0,52.1,7.6,0.8,0.0,0.0,30.3,0.0,0.5,0.0,33.6,1.0,0.0,0.3,0.11,0.9,1.3,-0.4,-0.04,1.2,1.56,-0.36,-0.04,0.0,0.7,0.0,0.0,0.0,2.1,1.9
524.0,Ramon,br BRA,DF,Vitória,24-194,2001.0,6.0,6.0,540.0,6.0,0.0,0.0,0.0,0.0,0.0,0.0,1.0,0.0,0.2,0.2,0.2,0.4,12.0,22.0,31.0,0.0,0.0,0.0,0.0,0.0,0.03,0.03,0.06,0.03,0.06,Matches,5.0,0.0,0.0,0.83,0.0,0.0,,17.0,0.0,0.04,-0.2,-0.2,199.0,267.0,74.5,3255.0,1270.0,105.0,121.0,86.8,77.0,93.0,82.8,14.0,35.0,40.0,0.3,-0.2,4.0,15.0,6.0,3.0,215.0,50.0,0.0,0.0,18.0,43.0,2.0,0.0,2.0,0.0,2.0,12.0,8.0,1.33,5.0,3.0,0.0,0.0,0.0,1.0,0.17,0.0,1.0,0.0,0.0,0.0,6.0,3.0,2.0,2.0,2.0,4.0,57.1,3.0,8.0,7.0,13.0,21.0,0.0,337.0,21.0,5.0,2.0,20.0,7.0,70.0,155.0,2.0,7.0,1.0,184.0,90.0,25.0,90.0,6,0,,0,0.67,3.0,15.0,-12.0,-2.0,-1.78,5.2,10.8,-5.6,-0.93,-0.66,0.0,9.0,0.0,1.0,0.0,24.0,7.0,63.6,1.0,1.0,90.0,0.0,0.0,0.0,0.0,0.0,0.0,0.17,0.0,0.03,0.03,0.03,0.07,2.0,3.67,5.17,0.0,0.0,0.0,0.0,0.0,0.0,0.0,0.01,0.0,0.01,0.83,0.0,0.14,0.0,2.83,0.0,-0.03,-0.03,33.17,44.5,542.5,211.67,17.5,20.17,12.83,15.5,2.33,5.83,0.05,-0.03,0.67,2.5,1.0,0.5,35.83,8.33,0.0,0.0,3.0,7.17,0.33,0.0,0.33,0.0,0.33,2.0,1.33,0.22,0.83,0.5,0.0,0.0,0.0,0.17,0.03,0.0,0.17,0.0,0.0,0.0,1.0,0.5,0.33,0.33,0.33,0.67,0.5,1.33,1.17,2.17,3.5,0.0,56.17,3.5,0.83,0.33,1.17,25.83,0.33,1.17,0.17,30.67,1.0,0.0,0.0,0.11,0.5,2.5,-2.0,-0.33,0.87,1.8,-0.93,-0.16,0.0,1.5,0.0,0.17,0.0,4.0,1.17
424.0,Ramon Menezes Roma,br BRA,DF,Sport Recife,30-143,1995.0,10.0,10.0,875.0,9.7,1.0,0.0,1.0,1.0,0.0,0.0,2.0,0.0,0.9,0.9,0.1,0.9,1.0,14.0,1.0,0.1,0.0,0.1,0.1,0.1,0.09,0.01,0.1,0.09,0.1,Matches,8.0,4.0,50.0,0.82,0.41,0.13,0.25,9.8,0.0,0.11,0.1,0.1,335.0,388.0,86.3,6730.0,2359.0,95.0,106.0,89.6,197.0,213.0,92.5,41.0,62.0,66.1,0.2,-0.1,2.0,11.0,0.0,0.0,377.0,9.0,0.0,1.0,0.0,1.0,0.0,0.0,0.0,0.0,2.0,1.0,9.0,0.93,6.0,0.0,0.0,0.0,0.0,1.0,0.1,1.0,0.0,0.0,0.0,0.0,7.0,5.0,7.0,0.0,0.0,5.0,83.3,1.0,1.0,8.0,15.0,57.0,0.0,488.0,81.0,17.0,0.0,,0.0,,297.0,0.0,1.0,1.0,332.0,,,,0,0,,10,,,,,,,,,,,,0.0,10.0,0.0,0.0,0.0,17.0,27.0,69.2,1.03,1.03,90.21,0.1,0.0,0.1,0.1,0.0,0.0,0.21,0.0,0.09,0.09,0.01,0.09,0.1,1.44,0.1,0.01,0.0,0.01,0.01,0.01,0.01,0.0,0.01,0.01,0.01,0.82,0.41,0.08,0.04,1.01,0.0,0.01,0.01,34.54,40.0,693.81,243.2,9.79,10.93,20.31,21.96,4.23,6.39,0.02,-0.01,0.21,1.13,0.0,0.0,38.87,0.93,0.0,0.1,0.0,0.1,0.0,0.0,0.0,0.0,0.21,0.1,0.93,0.1,0.62,0.0,0.0,0.0,0.0,0.1,0.01,0.1,0.0,0.0,0.0,0.0,0.72,0.52,0.72,0.0,0.0,0.52,0.1,0.1,0.82,1.55,5.88,0.0,50.31,8.35,1.75,0.0,0.0,30.62,0.0,0.1,0.1,34.23,0.0,0.0,1.03,,,,,,,,,,0.0,1.03,0.0,0.0,0.0,1.75,2.78
530.0,Raniele,br BRA,MF,Corinthians,28-266,1996.0,19.0,16.0,1266.0,14.1,0.0,1.0,1.0,0.0,0.0,0.0,4.0,0.0,1.0,1.0,1.4,2.4,10.0,46.0,15.0,0.0,0.07,0.07,0.0,0.07,0.07,0.1,0.17,0.07,0.17,Matches,10.0,4.0,40.0,0.71,0.28,0.0,0.0,13.2,0.0,0.1,-1.0,-1.0,444.0,530.0,83.8,8366.0,2513.0,163.0,201.0,81.1,232.0,249.0,93.2,41.0,53.0,77.4,0.7,-0.4,10.0,35.0,4.0,1.0,501.0,29.0,2.0,3.0,3.0,1.0,0.0,0.0,0.0,0.0,0.0,11.0,24.0,1.71,18.0,0.0,3.0,1.0,1.0,3.0,0.21,3.0,0.0,0.0,0.0,0.0,31.0,24.0,11.0,17.0,3.0,15.0,65.2,8.0,10.0,17.0,48.0,32.0,4.0,689.0,41.0,17.0,9.0,37.5,11.0,45.8,377.0,1.0,20.0,12.0,438.0,67.0,58.6,74.0,5,3,28.0,2,1.16,15.0,19.0,-4.0,-0.28,-0.18,17.7,16.5,1.1,0.08,0.48,0.0,23.0,0.0,0.0,0.0,43.0,21.0,55.3,1.35,1.13,89.79,0.0,0.07,0.07,0.0,0.0,0.0,0.28,0.0,0.07,0.07,0.1,0.17,0.71,3.26,1.06,0.0,0.0,0.0,0.0,0.0,0.0,0.01,0.01,0.0,0.01,0.71,0.28,0.05,0.02,0.94,0.0,-0.07,-0.07,31.49,37.59,593.33,178.23,11.56,14.26,16.45,17.66,2.91,3.76,0.05,-0.03,0.71,2.48,0.28,0.07,35.53,2.06,0.14,0.21,0.21,0.07,0.0,0.0,0.0,0.0,0.0,0.78,1.7,0.12,1.28,0.0,0.21,0.07,0.07,0.21,0.01,0.21,0.0,0.0,0.0,0.0,2.2,1.7,0.78,1.21,0.21,1.06,0.57,0.71,1.21,3.4,2.27,0.28,48.87,2.91,1.21,0.64,0.78,26.74,0.07,1.42,0.85,31.06,0.35,0.21,0.14,0.08,1.06,1.35,-0.28,-0.02,1.26,1.17,0.08,0.01,0.0,1.63,0.0,0.0,0.0,3.05,1.49
678.0,Rayan Vitor,br BRA,FW,Vasco da Gama,19-051,2006.0,22.0,20.0,1762.0,19.6,6.0,1.0,7.0,5.0,1.0,1.0,3.0,0.0,4.8,4.0,1.3,5.3,53.0,44.0,128.0,0.31,0.05,0.36,0.26,0.31,0.24,0.07,0.31,0.2,0.27,Matches,63.0,22.0,34.9,3.22,1.12,0.08,0.23,21.7,2.0,0.06,1.2,1.0,345.0,447.0,77.2,5109.0,995.0,192.0,223.0,86.1,112.0,149.0,75.2,24.0,35.0,68.6,1.4,-0.3,17.0,28.0,13.0,5.0,440.0,5.0,1.0,3.0,33.0,1.0,0.0,0.0,0.0,0.0,2.0,11.0,59.0,3.01,33.0,0.0,6.0,10.0,0.0,8.0,0.41,3.0,0.0,1.0,1.0,0.0,23.0,10.0,7.0,9.0,7.0,10.0,66.7,5.0,11.0,10.0,33.0,33.0,0.0,684.0,32.0,70.0,20.0,42.6,22.0,46.8,413.0,25.0,33.0,16.0,512.0,80.0,85.1,85.0,12,2,29.0,1,0.95,29.0,28.0,1.0,0.05,0.64,23.6,26.3,-2.7,-0.14,0.78,0.0,18.0,0.0,0.0,0.0,45.0,34.0,60.7,1.12,1.02,89.9,0.31,0.05,0.36,0.26,0.05,0.05,0.15,0.0,0.24,0.2,0.07,0.27,2.7,2.24,6.53,0.02,0.0,0.02,0.01,0.02,0.01,0.0,0.02,0.01,0.01,3.21,1.12,0.16,0.06,1.11,0.1,0.06,0.05,17.6,22.81,260.66,50.77,9.8,11.38,5.71,7.6,1.22,1.79,0.07,-0.02,0.87,1.43,0.66,0.26,22.45,0.26,0.05,0.15,1.68,0.05,0.0,0.0,0.0,0.0,0.1,0.56,3.01,0.15,1.68,0.0,0.31,0.51,0.0,0.41,0.02,0.15,0.0,0.05,0.05,0.0,1.17,0.51,0.36,0.46,0.36,0.51,0.26,0.56,0.51,1.68,1.68,0.0,34.9,1.63,3.57,1.02,1.12,21.07,1.28,1.68,0.82,26.12,0.61,0.1,0.05,0.05,1.48,1.43,0.05,0.0,1.2,1.34,-0.14,-0.01,0.0,0.92,0.0,0.0,0.0,2.3,1.73
100.0,Raúl Cáceres,py PAR,DF,Vitória,34-005,1991.0,10.0,10.0,823.0,9.1,0.0,1.0,1.0,0.0,0.0,0.0,4.0,0.0,0.4,0.4,0.3,0.7,13.0,28.0,43.0,0.0,0.11,0.11,0.0,0.11,0.04,0.03,0.08,0.04,0.08,Matches,7.0,3.0,42.9,0.77,0.33,0.0,0.0,20.9,0.0,0.06,-0.4,-0.4,299.0,400.0,74.8,5204.0,2332.0,136.0,156.0,87.2,124.0,156.0,79.5,30.0,63.0,47.6,0.6,0.7,6.0,26.0,8.0,6.0,312.0,88.0,0.0,1.0,33.0,71.0,3.0,1.0,1.0,0.0,0.0,9.0,19.0,2.08,13.0,2.0,1.0,1.0,0.0,1.0,0.11,1.0,0.0,0.0,0.0,0.0,14.0,9.0,12.0,1.0,1.0,8.0,40.0,12.0,4.0,6.0,20.0,54.0,0.0,502.0,50.0,8.0,4.0,40.0,5.0,50.0,227.0,1.0,5.0,3.0,273.0,82.0,38.1,82.0,6,0,,6,1.1,8.0,10.0,-2.0,-0.22,0.72,9.6,12.8,-3.3,-0.36,0.12,0.0,12.0,0.0,0.0,0.0,22.0,13.0,56.5,1.1,1.1,90.44,0.0,0.11,0.11,0.0,0.0,0.0,0.44,0.0,0.04,0.04,0.03,0.08,1.43,3.08,4.73,0.0,0.01,0.01,0.0,0.01,0.0,0.0,0.01,0.0,0.01,0.77,0.33,0.08,0.04,2.3,0.0,-0.04,-0.04,32.86,43.96,571.87,256.26,14.95,17.14,13.63,17.14,3.3,6.92,0.07,0.08,0.66,2.86,0.88,0.66,34.29,9.67,0.0,0.11,3.63,7.8,0.33,0.11,0.11,0.0,0.0,0.99,2.09,0.23,1.43,0.22,0.11,0.11,0.0,0.11,0.01,0.11,0.0,0.0,0.0,0.0,1.54,0.99,1.32,0.11,0.11,0.88,1.32,0.44,0.66,2.2,5.93,0.0,55.16,5.49,0.88,0.44,0.55,24.95,0.11,0.55,0.33,30.0,0.66,0.0,0.66,0.12,0.88,1.1,-0.22,-0.02,1.05,1.41,-0.36,-0.04,0.0,1.32,0.0,0.0,0.0,2.42,1.43
534.0,Reginaldo,br BRA,DF,Juventude,32-213,1993.0,15.0,12.0,1005.0,11.2,0.0,2.0,2.0,0.0,0.0,0.0,1.0,0.0,0.1,0.1,0.4,0.5,18.0,18.0,62.0,0.0,0.18,0.18,0.0,0.18,0.0,0.04,0.04,0.0,0.04,Matches,3.0,1.0,33.3,0.27,0.09,0.0,0.0,22.0,0.0,0.02,-0.1,-0.1,353.0,448.0,78.8,5979.0,1897.0,176.0,202.0,87.1,142.0,178.0,79.8,29.0,44.0,65.9,0.5,1.6,9.0,22.0,11.0,10.0,356.0,92.0,0.0,0.0,50.0,79.0,4.0,0.0,2.0,0.0,0.0,13.0,16.0,1.43,13.0,1.0,0.0,1.0,0.0,2.0,0.18,2.0,0.0,0.0,0.0,0.0,8.0,5.0,5.0,3.0,0.0,3.0,50.0,3.0,5.0,9.0,17.0,31.0,0.0,542.0,35.0,5.0,2.0,18.2,6.0,54.5,265.0,1.0,12.0,3.0,323.0,67.0,48.6,80.0,7,3,17.0,8,1.33,10.0,20.0,-10.0,-0.9,0.46,8.2,19.5,-11.3,-1.01,-0.19,0.0,6.0,0.0,0.0,0.0,32.0,3.0,27.3,1.34,1.07,89.73,0.0,0.18,0.18,0.0,0.0,0.0,0.09,0.0,0.01,0.01,0.04,0.04,1.61,1.61,5.54,0.0,0.02,0.02,0.0,0.02,0.0,0.0,0.0,0.0,0.0,0.27,0.09,0.02,0.01,1.96,0.0,-0.01,-0.01,31.52,40.0,533.84,169.38,15.71,18.04,12.68,15.89,2.59,3.93,0.04,0.14,0.8,1.96,0.98,0.89,31.79,8.21,0.0,0.0,4.46,7.05,0.36,0.0,0.18,0.0,0.0,1.16,1.43,0.13,1.16,0.09,0.0,0.09,0.0,0.18,0.02,0.18,0.0,0.0,0.0,0.0,0.71,0.45,0.45,0.27,0.0,0.27,0.27,0.45,0.8,1.52,2.77,0.0,48.39,3.12,0.45,0.18,0.54,23.66,0.09,1.07,0.27,28.84,0.62,0.27,0.71,0.12,0.89,1.79,-0.89,-0.08,0.73,1.74,-1.01,-0.09,0.0,0.54,0.0,0.0,0.0,2.86,0.27
535.0,Reinaldo,br BRA,DF,Mirassol,35-360,1989.0,22.0,21.0,1901.0,21.1,8.0,3.0,11.0,4.0,4.0,5.0,3.0,0.0,6.0,2.1,5.4,7.5,35.0,93.0,69.0,0.38,0.14,0.52,0.19,0.33,0.29,0.26,0.54,0.1,0.35,Matches,30.0,10.0,33.3,1.42,0.47,0.13,0.4,26.5,4.0,0.07,2.0,1.9,802.0,1140.0,70.4,15420.0,8196.0,322.0,379.0,85.0,347.0,459.0,75.6,116.0,239.0,48.5,3.3,-2.4,32.0,72.0,16.0,11.0,828.0,307.0,1.0,20.0,113.0,213.0,50.0,16.0,23.0,1.0,5.0,33.0,65.0,3.08,37.0,21.0,5.0,0.0,1.0,9.0,0.43,5.0,3.0,0.0,0.0,0.0,26.0,20.0,12.0,8.0,6.0,14.0,43.8,18.0,16.0,11.0,37.0,79.0,2.0,1395.0,80.0,31.0,24.0,44.4,26.0,48.1,636.0,6.0,26.0,13.0,748.0,86.0,91.8,90.0,21,1,11.0,0,1.77,37.0,20.0,17.0,0.8,0.27,32.8,24.4,8.4,0.4,0.9,0.0,20.0,0.0,1.0,0.0,82.0,5.0,23.8,1.04,1.0,90.09,0.38,0.14,0.52,0.19,0.19,0.24,0.14,0.0,0.28,0.1,0.26,0.36,1.66,4.41,3.27,0.02,0.01,0.02,0.01,0.02,0.01,0.01,0.03,0.0,0.02,1.42,0.47,0.07,0.02,1.26,0.19,0.09,0.09,38.01,54.03,730.81,388.44,15.26,17.96,16.45,21.75,5.5,11.33,0.16,-0.11,1.52,3.41,0.76,0.52,39.24,14.55,0.05,0.95,5.36,10.09,2.37,0.76,1.09,0.05,0.24,1.56,3.08,0.15,1.75,1.0,0.24,0.0,0.05,0.43,0.02,0.24,0.14,0.0,0.0,0.0,1.23,0.95,0.57,0.38,0.28,0.66,0.85,0.76,0.52,1.75,3.74,0.09,66.11,3.79,1.47,1.14,1.23,30.14,0.28,1.23,0.62,35.45,1.0,0.05,0.0,0.08,1.75,0.95,0.81,0.04,1.55,1.16,0.4,0.02,0.0,0.95,0.0,0.05,0.0,3.89,0.24
333.0,Renato Kayser,br BRA,FW,Vitória,29-218,1996.0,17.0,16.0,1329.0,14.8,7.0,0.0,7.0,7.0,0.0,0.0,2.0,0.0,5.9,5.9,0.6,6.5,11.0,24.0,58.0,0.47,0.0,0.47,0.47,0.47,0.4,0.04,0.44,0.4,0.44,Matches,33.0,14.0,42.4,2.23,0.95,0.21,0.5,14.1,0.0,0.18,1.1,1.1,173.0,229.0,75.5,2793.0,560.0,87.0,106.0,82.1,70.0,84.0,83.3,10.0,16.0,62.5,0.6,-0.6,9.0,15.0,6.0,0.0,187.0,39.0,2.0,1.0,4.0,2.0,0.0,0.0,0.0,0.0,3.0,5.0,23.0,1.56,10.0,1.0,2.0,4.0,0.0,0.0,0.0,0.0,0.0,0.0,0.0,0.0,8.0,3.0,0.0,6.0,2.0,3.0,33.3,6.0,11.0,4.0,12.0,18.0,0.0,409.0,15.0,54.0,7.0,33.3,12.0,57.1,230.0,5.0,44.0,19.0,260.0,78.0,61.5,80.0,6,1,45.0,0,0.94,11.0,19.0,-8.0,-0.54,0.32,15.7,20.5,-4.7,-0.32,0.3,0.0,25.0,0.0,0.0,0.0,37.0,22.0,32.4,1.15,1.08,89.8,0.47,0.0,0.47,0.47,0.0,0.0,0.14,0.0,0.4,0.4,0.04,0.44,0.74,1.62,3.92,0.03,0.0,0.03,0.03,0.03,0.03,0.0,0.03,0.03,0.03,2.23,0.95,0.15,0.06,0.95,0.0,0.07,0.07,11.69,15.47,188.72,37.84,5.88,7.16,4.73,5.68,0.68,1.08,0.04,-0.04,0.61,1.01,0.41,0.0,12.64,2.64,0.14,0.07,0.27,0.14,0.0,0.0,0.0,0.0,0.2,0.34,1.55,0.11,0.68,0.07,0.14,0.27,0.0,0.0,0.0,0.0,0.0,0.0,0.0,0.0,0.54,0.2,0.0,0.41,0.14,0.2,0.41,0.74,0.27,0.81,1.22,0.0,27.64,1.01,3.65,0.47,0.81,15.54,0.34,2.97,1.28,17.57,0.41,0.07,0.0,0.06,0.74,1.28,-0.54,-0.04,1.06,1.39,-0.32,-0.02,0.0,1.69,0.0,0.0,0.0,2.5,1.49
539.0,Renê,br BRA,DF,Fluminense,33-009,1992.0,13.0,12.0,1088.0,12.1,1.0,0.0,1.0,1.0,0.0,0.0,0.0,0.0,0.1,0.1,1.0,1.1,27.0,54.0,34.0,0.08,0.0,0.08,0.08,0.08,0.01,0.08,0.09,0.01,0.09,Matches,5.0,1.0,20.0,0.41,0.08,0.2,1.0,21.1,0.0,0.03,0.9,0.9,606.0,763.0,79.4,9762.0,3655.0,317.0,343.0,92.4,229.0,290.0,79.0,46.0,82.0,56.1,1.5,-1.0,14.0,39.0,16.0,5.0,627.0,132.0,3.0,6.0,33.0,99.0,3.0,1.0,1.0,0.0,4.0,18.0,30.0,2.48,23.0,5.0,0.0,1.0,0.0,2.0,0.17,0.0,2.0,0.0,0.0,0.0,25.0,18.0,16.0,8.0,1.0,10.0,41.7,14.0,13.0,17.0,42.0,40.0,1.0,884.0,41.0,13.0,5.0,55.6,4.0,44.4,429.0,1.0,11.0,6.0,523.0,84.0,54.9,89.0,11,1,16.0,5,1.62,15.0,12.0,3.0,0.25,0.85,10.1,10.2,-0.1,-0.01,-0.04,0.0,11.0,0.0,0.0,0.0,55.0,23.0,69.7,1.07,0.99,89.92,0.08,0.0,0.08,0.08,0.0,0.0,0.0,0.0,0.01,0.01,0.08,0.09,2.23,4.46,2.81,0.01,0.0,0.01,0.01,0.01,0.0,0.01,0.01,0.0,0.01,0.41,0.08,0.03,0.01,1.74,0.0,0.07,0.07,50.08,63.06,806.78,302.07,26.2,28.35,18.93,23.97,3.8,6.78,0.12,-0.08,1.16,3.22,1.32,0.41,51.82,10.91,0.25,0.5,2.73,8.18,0.25,0.08,0.08,0.0,0.33,1.49,2.48,0.2,1.9,0.41,0.0,0.08,0.0,0.17,0.01,0.0,0.17,0.0,0.0,0.0,2.07,1.49,1.32,0.66,0.08,0.83,1.16,1.07,1.4,3.47,3.31,0.08,73.06,3.39,1.07,0.41,0.33,35.45,0.08,0.91,0.5,43.22,0.91,0.08,0.41,0.13,1.24,0.99,0.25,0.02,0.83,0.84,-0.01,-0.0,0.0,0.91,0.0,0.0,0.0,4.55,1.9
543.0,Ricardo,br BRA,MF,Vitória,31-208,1994.0,16.0,11.0,846.0,9.4,0.0,0.0,0.0,0.0,0.0,0.0,3.0,0.0,1.0,1.0,0.4,1.4,3.0,37.0,12.0,0.0,0.0,0.0,0.0,0.0,0.11,0.04,0.15,0.11,0.15,Matches,7.0,4.0,57.1,0.74,0.43,0.0,0.0,25.4,0.0,0.15,-1.0,-1.0,316.0,383.0,82.5,6394.0,1729.0,111.0,134.0,82.8,152.0,168.0,90.5,49.0,67.0,73.1,0.3,-0.4,4.0,35.0,2.0,1.0,365.0,18.0,0.0,6.0,4.0,1.0,0.0,0.0,0.0,0.0,0.0,11.0,12.0,1.28,10.0,0.0,1.0,0.0,0.0,0.0,0.0,0.0,0.0,0.0,0.0,0.0,16.0,10.0,7.0,5.0,4.0,8.0,66.7,4.0,6.0,9.0,25.0,20.0,1.0,487.0,33.0,3.0,5.0,50.0,4.0,40.0,261.0,0.0,10.0,4.0,294.0,53.0,39.2,68.0,2,5,20.0,7,0.81,7.0,16.0,-9.0,-0.96,-0.48,9.5,12.2,-2.7,-0.29,0.24,0.0,29.0,0.0,0.0,0.0,44.0,12.0,50.0,1.7,1.17,90.0,0.0,0.0,0.0,0.0,0.0,0.0,0.32,0.0,0.11,0.11,0.04,0.15,0.32,3.94,1.28,0.0,0.0,0.0,0.0,0.0,0.01,0.0,0.02,0.01,0.02,0.74,0.43,0.08,0.05,2.7,0.0,-0.11,-0.11,33.62,40.74,680.21,183.94,11.81,14.26,16.17,17.87,5.21,7.13,0.03,-0.04,0.43,3.72,0.21,0.11,38.83,1.91,0.0,0.64,0.43,0.11,0.0,0.0,0.0,0.0,0.0,1.17,1.28,0.14,1.06,0.0,0.11,0.0,0.0,0.0,0.0,0.0,0.0,0.0,0.0,0.0,1.7,1.06,0.74,0.53,0.43,0.85,0.43,0.64,0.96,2.66,2.13,0.11,51.81,3.51,0.32,0.53,0.43,27.77,0.0,1.06,0.43,31.28,0.21,0.53,0.74,0.09,0.74,1.7,-0.96,-0.1,1.01,1.3,-0.29,-0.03,0.0,3.09,0.0,0.0,0.0,4.68,1.28
411.0,Ricardo Mathias,br BRA,FW,Internacional,19-060,2006.0,12.0,6.0,481.0,5.3,3.0,0.0,3.0,3.0,0.0,0.0,1.0,0.0,3.9,3.9,0.3,4.2,2.0,6.0,18.0,0.56,0.0,0.56,0.56,0.56,0.74,0.05,0.79,0.74,0.79,Matches,16.0,7.0,43.8,2.99,1.31,0.19,0.43,11.8,0.0,0.25,-0.9,-0.9,46.0,76.0,60.5,635.0,137.0,27.0,36.0,75.0,15.0,28.0,53.6,1.0,1.0,100.0,0.2,-0.3,3.0,4.0,0.0,0.0,59.0,17.0,0.0,0.0,4.0,0.0,0.0,0.0,0.0,0.0,0.0,4.0,6.0,1.12,4.0,0.0,1.0,1.0,0.0,1.0,0.19,0.0,0.0,1.0,0.0,0.0,3.0,2.0,1.0,1.0,1.0,1.0,100.0,0.0,2.0,0.0,3.0,6.0,0.0,133.0,7.0,21.0,3.0,42.9,3.0,42.9,68.0,1.0,15.0,2.0,95.0,40.0,23.2,57.0,0,6,23.0,0,0.92,10.0,13.0,-3.0,-0.56,-0.28,11.7,8.3,3.3,0.62,0.3,0.0,9.0,0.0,0.0,0.0,8.0,17.0,39.5,2.26,1.13,90.75,0.57,0.0,0.57,0.57,0.0,0.0,0.19,0.0,0.74,0.74,0.06,0.79,0.38,1.13,3.4,0.11,0.0,0.11,0.11,0.11,0.14,0.01,0.15,0.14,0.15,3.02,1.32,0.56,0.25,2.23,0.0,-0.17,-0.17,8.68,14.34,119.81,25.85,5.09,6.79,2.83,5.28,0.19,0.19,0.04,-0.06,0.57,0.75,0.0,0.0,11.13,3.21,0.0,0.0,0.75,0.0,0.0,0.0,0.0,0.0,0.0,0.75,1.13,0.21,0.75,0.0,0.19,0.19,0.0,0.19,0.04,0.0,0.0,0.19,0.0,0.0,0.57,0.38,0.19,0.19,0.19,0.19,0.0,0.38,0.0,0.57,1.13,0.0,25.09,1.32,3.96,0.57,0.57,12.83,0.19,2.83,0.38,17.92,0.0,1.13,0.0,0.17,1.89,2.45,-0.57,-0.11,2.21,1.57,0.62,0.12,0.0,1.7,0.0,0.0,0.0,1.51,3.21
550.0,Richard Ríos,co COL,MF,Palmeiras,25-113,2000.0,10.0,10.0,733.0,8.1,0.0,2.0,2.0,0.0,0.0,0.0,4.0,0.0,0.6,0.6,0.7,1.3,13.0,34.0,24.0,0.0,0.25,0.25,0.0,0.25,0.07,0.09,0.16,0.07,0.16,Matches,12.0,2.0,16.7,1.47,0.25,0.0,0.0,25.3,4.0,0.05,-0.6,-0.6,275.0,338.0,81.4,5263.0,1155.0,114.0,125.0,91.2,113.0,129.0,87.6,42.0,63.0,66.7,0.8,1.3,9.0,29.0,6.0,1.0,303.0,33.0,1.0,5.0,26.0,1.0,4.0,3.0,1.0,0.0,2.0,12.0,25.0,3.07,15.0,5.0,1.0,3.0,0.0,5.0,0.61,3.0,1.0,1.0,0.0,0.0,14.0,7.0,6.0,5.0,3.0,7.0,36.8,12.0,15.0,8.0,22.0,6.0,0.0,453.0,13.0,16.0,8.0,34.8,11.0,47.8,232.0,3.0,22.0,8.0,279.0,73.0,37.0,73.0,2,0,,0,2.0,7.0,5.0,2.0,0.25,-0.91,7.3,5.8,1.5,0.18,-0.83,0.0,23.0,0.0,0.0,0.0,51.0,7.0,43.8,1.23,1.23,90.49,0.0,0.25,0.25,0.0,0.0,0.0,0.49,0.0,0.07,0.07,0.09,0.16,1.6,4.2,2.96,0.0,0.03,0.03,0.0,0.03,0.01,0.01,0.02,0.01,0.02,1.48,0.25,0.18,0.03,3.12,0.49,-0.07,-0.07,33.95,41.73,649.75,142.59,14.07,15.43,13.95,15.93,5.19,7.78,0.1,0.16,1.11,3.58,0.74,0.12,37.41,4.07,0.12,0.62,3.21,0.12,0.49,0.37,0.12,0.0,0.25,1.48,3.09,0.38,1.85,0.62,0.12,0.37,0.0,0.62,0.08,0.37,0.12,0.12,0.0,0.0,1.73,0.86,0.74,0.62,0.37,0.86,1.48,1.85,0.99,2.72,0.74,0.0,55.93,1.6,1.98,0.99,1.36,28.64,0.37,2.72,0.99,34.44,0.25,0.0,0.0,0.25,0.86,0.62,0.25,0.03,0.9,0.72,0.19,0.02,0.0,2.84,0.0,0.0,0.0,6.3,0.86
546.0,Richardson,br BRA,MF,Ceará,34-037,1991.0,8.0,7.0,491.0,5.5,0.0,0.0,0.0,0.0,0.0,0.0,3.0,0.0,0.0,0.0,0.2,0.2,4.0,18.0,0.0,0.0,0.0,0.0,0.0,0.0,0.0,0.03,0.03,0.0,0.03,Matches,1.0,0.0,0.0,0.18,0.0,0.0,,9.4,0.0,0.02,0.0,0.0,154.0,185.0,83.2,2917.0,789.0,57.0,65.0,87.7,80.0,94.0,85.1,16.0,22.0,72.7,0.2,-0.2,3.0,19.0,0.0,0.0,170.0,15.0,0.0,2.0,0.0,0.0,0.0,0.0,0.0,0.0,0.0,0.0,5.0,0.92,5.0,0.0,0.0,0.0,0.0,0.0,0.0,0.0,0.0,0.0,0.0,0.0,12.0,8.0,5.0,7.0,0.0,5.0,41.7,7.0,1.0,2.0,14.0,6.0,0.0,218.0,9.0,3.0,0.0,0.0,2.0,100.0,119.0,0.0,6.0,0.0,129.0,61.0,23.7,70.0,0,1,1.0,3,1.5,5.0,5.0,0.0,0.0,0.06,4.8,5.6,-0.8,-0.15,-0.19,0.0,6.0,0.0,0.0,0.0,15.0,5.0,55.6,1.45,1.27,89.27,0.0,0.0,0.0,0.0,0.0,0.0,0.55,0.0,0.0,0.0,0.04,0.04,0.73,3.27,0.0,0.0,0.0,0.0,0.0,0.0,0.0,0.01,0.01,0.0,0.01,0.18,0.0,0.03,0.0,1.71,0.0,0.0,0.0,28.0,33.64,530.36,143.45,10.36,11.82,14.55,17.09,2.91,4.0,0.04,-0.04,0.55,3.45,0.0,0.0,30.91,2.73,0.0,0.36,0.0,0.0,0.0,0.0,0.0,0.0,0.0,0.0,0.91,0.17,0.91,0.0,0.0,0.0,0.0,0.0,0.0,0.0,0.0,0.0,0.0,0.0,2.18,1.45,0.91,1.27,0.0,0.91,1.27,0.18,0.36,2.55,1.09,0.0,39.64,1.64,0.55,0.0,0.36,21.64,0.0,1.09,0.0,23.45,0.0,0.18,0.55,0.27,0.91,0.91,0.0,0.0,0.87,1.02,-0.15,-0.03,0.0,1.09,0.0,0.0,0.0,2.73,0.91
36.0,Robert Arboleda,ec ECU,DF,São Paulo,33-336,1991.0,14.0,13.0,1189.0,13.2,3.0,0.0,3.0,3.0,0.0,0.0,2.0,0.0,1.5,1.5,0.0,1.5,1.0,13.0,1.0,0.23,0.0,0.23,0.23,0.23,0.11,0.0,0.11,0.11,0.11,Matches,10.0,3.0,30.0,0.76,0.23,0.3,1.0,9.2,0.0,0.15,1.5,1.5,616.0,680.0,90.6,12251.0,3702.0,179.0,187.0,95.7,373.0,390.0,95.6,61.0,93.0,65.6,0.1,0.0,0.0,22.0,0.0,0.0,654.0,25.0,0.0,2.0,1.0,1.0,0.0,0.0,0.0,0.0,1.0,2.0,1.0,0.08,1.0,0.0,0.0,0.0,0.0,0.0,0.0,0.0,0.0,0.0,0.0,0.0,17.0,13.0,14.0,3.0,0.0,11.0,78.6,3.0,7.0,11.0,28.0,90.0,0.0,846.0,170.0,15.0,0.0,,0.0,,472.0,0.0,4.0,1.0,575.0,85.0,55.0,90.0,13,1,19.0,2,1.57,16.0,16.0,0.0,0.0,-0.28,17.5,15.5,2.1,0.16,-0.19,0.0,9.0,0.0,0.0,0.0,44.0,32.0,66.7,1.06,0.98,90.08,0.23,0.0,0.23,0.23,0.0,0.0,0.15,0.0,0.11,0.11,0.0,0.11,0.08,0.98,0.08,0.02,0.0,0.02,0.02,0.02,0.01,0.0,0.01,0.01,0.01,0.76,0.23,0.06,0.02,0.7,0.0,0.11,0.11,46.67,51.52,928.11,280.45,13.56,14.17,28.26,29.55,4.62,7.05,0.01,0.0,0.0,1.67,0.0,0.0,49.55,1.89,0.0,0.15,0.08,0.08,0.0,0.0,0.0,0.0,0.08,0.15,0.08,0.01,0.08,0.0,0.0,0.0,0.0,0.0,0.0,0.0,0.0,0.0,0.0,0.0,1.29,0.98,1.06,0.23,0.0,0.83,0.23,0.53,0.83,2.12,6.82,0.0,64.09,12.88,1.14,0.0,0.0,35.76,0.0,0.3,0.08,43.56,0.98,0.08,0.15,0.12,1.21,1.21,0.0,0.0,1.33,1.17,0.16,0.01,0.0,0.68,0.0,0.0,0.0,3.33,2.42
558.0,Rodrigo,br BRA,"MF,FW",São Paulo,21-191,2004.0,14.0,5.0,519.0,5.8,0.0,0.0,0.0,0.0,0.0,0.0,5.0,0.0,1.0,1.0,0.5,1.5,16.0,22.0,48.0,0.0,0.0,0.0,0.0,0.0,0.18,0.08,0.25,0.18,0.25,Matches,18.0,3.0,16.7,3.12,0.52,0.0,0.0,21.1,1.0,0.06,-1.0,-1.0,220.0,271.0,81.2,3372.0,774.0,124.0,141.0,87.9,73.0,89.0,82.0,16.0,27.0,59.3,0.7,-0.5,10.0,17.0,6.0,0.0,251.0,19.0,0.0,1.0,20.0,5.0,10.0,8.0,1.0,0.0,1.0,4.0,25.0,4.34,15.0,6.0,2.0,1.0,0.0,2.0,0.35,2.0,0.0,0.0,0.0,0.0,11.0,7.0,1.0,8.0,2.0,4.0,30.8,9.0,6.0,4.0,15.0,5.0,0.0,360.0,5.0,17.0,15.0,60.0,10.0,40.0,221.0,3.0,15.0,14.0,253.0,37.0,24.0,69.0,2,9,19.0,5,1.57,6.0,5.0,1.0,0.17,0.06,7.5,4.4,3.1,0.54,0.39,0.0,15.0,0.0,0.0,0.0,18.0,3.0,33.3,2.41,0.86,89.48,0.0,0.0,0.0,0.0,0.0,0.0,0.86,0.0,0.17,0.17,0.09,0.26,2.76,3.79,8.28,0.0,0.0,0.0,0.0,0.0,0.03,0.01,0.04,0.03,0.04,3.1,0.52,0.54,0.09,3.64,0.17,-0.17,-0.17,37.93,46.72,581.38,133.45,21.38,24.31,12.59,15.34,2.76,4.66,0.12,-0.09,1.72,2.93,1.03,0.0,43.28,3.28,0.0,0.17,3.45,0.86,1.72,1.38,0.17,0.0,0.17,0.69,4.31,0.75,2.59,1.03,0.34,0.17,0.0,0.34,0.06,0.34,0.0,0.0,0.0,0.0,1.9,1.21,0.17,1.38,0.34,0.69,1.55,1.03,0.69,2.59,0.86,0.0,62.07,0.86,2.93,2.59,1.72,38.1,0.52,2.59,2.41,43.62,0.34,1.55,0.86,0.27,1.03,0.86,0.17,0.03,1.29,0.76,0.53,0.09,0.0,2.59,0.0,0.0,0.0,3.1,0.52
236.0,Rodrigo Garro,ar ARG,MF,Corinthians,27-262,1998.0,11.0,8.0,820.0,9.1,0.0,1.0,1.0,0.0,0.0,0.0,3.0,0.0,0.8,0.8,2.2,3.0,9.0,65.0,57.0,0.0,0.11,0.11,0.0,0.11,0.09,0.24,0.33,0.09,0.33,Matches,14.0,5.0,35.7,1.54,0.55,0.0,0.0,25.1,3.0,0.06,-0.8,-0.8,350.0,511.0,68.5,6553.0,1998.0,153.0,186.0,82.3,145.0,193.0,75.1,47.0,108.0,43.5,2.4,-1.2,24.0,52.0,21.0,1.0,409.0,96.0,8.0,6.0,70.0,4.0,39.0,22.0,16.0,0.0,6.0,8.0,41.0,4.5,21.0,9.0,1.0,7.0,0.0,4.0,0.44,1.0,1.0,0.0,1.0,0.0,7.0,6.0,1.0,3.0,3.0,2.0,13.3,13.0,4.0,3.0,10.0,0.0,0.0,597.0,1.0,11.0,11.0,47.8,11.0,47.8,334.0,2.0,25.0,11.0,436.0,75.0,38.0,88.0,6,3,39.0,1,1.0,9.0,11.0,-2.0,-0.22,-0.02,12.1,12.6,-0.5,-0.06,0.1,0.0,15.0,0.0,0.0,0.0,32.0,1.0,14.3,1.21,0.88,90.11,0.0,0.11,0.11,0.0,0.0,0.0,0.33,0.0,0.09,0.09,0.24,0.33,0.99,7.14,6.26,0.0,0.01,0.01,0.0,0.01,0.01,0.03,0.04,0.01,0.04,1.54,0.55,0.17,0.06,2.76,0.33,-0.09,-0.09,38.46,56.15,720.11,219.56,16.81,20.44,15.93,21.21,5.16,11.87,0.26,-0.13,2.64,5.71,2.31,0.11,44.95,10.55,0.88,0.66,7.69,0.44,4.29,2.42,1.76,0.0,0.66,0.88,4.51,0.49,2.31,0.99,0.11,0.77,0.0,0.44,0.05,0.11,0.11,0.0,0.11,0.0,0.77,0.66,0.11,0.33,0.33,0.22,1.43,0.44,0.33,1.1,0.0,0.0,65.6,0.11,1.21,1.21,1.21,36.7,0.22,2.75,1.21,47.91,0.66,0.33,0.11,0.11,0.99,1.21,-0.22,-0.02,1.33,1.38,-0.05,-0.01,0.0,1.65,0.0,0.0,0.0,3.52,0.11
576.0,Ronald,br BRA,MF,Vitória,28-097,1997.0,20.0,15.0,1276.0,14.2,0.0,2.0,2.0,0.0,0.0,0.0,3.0,0.0,0.2,0.2,1.5,1.7,22.0,63.0,43.0,0.0,0.14,0.14,0.0,0.14,0.02,0.1,0.12,0.02,0.12,Matches,9.0,5.0,55.6,0.63,0.35,0.0,0.0,29.6,0.0,0.03,-0.2,-0.2,461.0,542.0,85.1,8039.0,2034.0,204.0,226.0,90.3,193.0,216.0,89.4,49.0,65.0,75.4,1.2,0.5,24.0,57.0,10.0,2.0,504.0,37.0,1.0,7.0,21.0,7.0,13.0,1.0,7.0,0.0,1.0,15.0,44.0,3.11,37.0,4.0,1.0,1.0,1.0,3.0,0.21,2.0,0.0,0.0,1.0,0.0,32.0,21.0,15.0,13.0,4.0,15.0,60.0,10.0,9.0,10.0,42.0,8.0,0.0,695.0,15.0,12.0,20.0,55.6,14.0,38.9,399.0,4.0,37.0,20.0,428.0,64.0,59.1,76.0,7,5,27.0,2,1.0,11.0,21.0,-10.0,-0.71,-0.09,14.6,21.5,-6.8,-0.48,-0.12,0.0,22.0,0.0,0.0,0.0,88.0,4.0,30.8,1.41,1.06,89.86,0.0,0.14,0.14,0.0,0.0,0.0,0.21,0.0,0.01,0.01,0.11,0.12,1.55,4.44,3.03,0.0,0.01,0.01,0.0,0.01,0.0,0.01,0.01,0.0,0.01,0.63,0.35,0.04,0.02,2.08,0.0,-0.01,-0.01,32.46,38.17,566.13,143.24,14.37,15.92,13.59,15.21,3.45,4.58,0.08,0.04,1.69,4.01,0.7,0.14,35.49,2.61,0.07,0.49,1.48,0.49,0.92,0.07,0.49,0.0,0.07,1.06,3.1,0.22,2.61,0.28,0.07,0.07,0.07,0.21,0.01,0.14,0.0,0.0,0.07,0.0,2.25,1.48,1.06,0.92,0.28,1.06,0.7,0.63,0.7,2.96,0.56,0.0,48.94,1.06,0.85,1.41,0.99,28.1,0.28,2.61,1.41,30.14,0.49,0.35,0.14,0.07,0.77,1.48,-0.7,-0.05,1.03,1.51,-0.48,-0.03,0.0,1.55,0.0,0.0,0.0,6.2,0.28
578.0,Ronaldo,br BRA,GK,Bahia,29-032,1996.0,12.0,12.0,1008.0,11.2,0.0,0.0,0.0,0.0,0.0,0.0,0.0,0.0,0.0,0.0,0.0,0.0,0.0,0.0,0.0,0.0,0.0,0.0,0.0,0.0,0.0,0.0,0.0,0.0,0.0,Matches,0.0,0.0,,0.0,0.0,,,,0.0,,0.0,0.0,285.0,388.0,73.5,6600.0,4050.0,52.0,52.0,100.0,160.0,165.0,97.0,61.0,159.0,38.4,0.0,0.0,0.0,1.0,0.0,0.0,301.0,87.0,0.0,0.0,0.0,0.0,0.0,0.0,0.0,0.0,0.0,0.0,0.0,0.0,0.0,0.0,0.0,0.0,0.0,0.0,0.0,0.0,0.0,0.0,0.0,0.0,0.0,0.0,0.0,0.0,0.0,0.0,,0.0,0.0,0.0,0.0,13.0,2.0,421.0,362.0,0.0,0.0,,0.0,,226.0,0.0,1.0,0.0,228.0,84.0,50.9,84.0,11,0,,5,1.25,17.0,16.0,1.0,0.09,-0.28,14.3,13.6,0.7,0.06,0.06,0.0,1.0,0.0,1.0,1.0,15.0,5.0,83.3,1.07,1.07,90.0,0.0,0.0,0.0,0.0,0.0,0.0,0.0,0.0,0.0,0.0,0.0,0.0,0.0,0.0,0.0,0.0,0.0,0.0,0.0,0.0,0.0,0.0,0.0,0.0,0.0,0.0,0.0,0.0,0.0,,0.0,0.0,0.0,25.45,34.64,589.29,361.61,4.64,4.64,14.29,14.73,5.45,14.2,0.0,0.0,0.0,0.09,0.0,0.0,26.88,7.77,0.0,0.0,0.0,0.0,0.0,0.0,0.0,0.0,0.0,0.0,0.0,0.0,0.0,0.0,0.0,0.0,0.0,0.0,0.0,0.0,0.0,0.0,0.0,0.0,0.0,0.0,0.0,0.0,0.0,0.0,0.0,0.0,0.0,0.0,1.16,0.18,37.59,32.32,0.0,0.0,0.0,20.18,0.0,0.09,0.0,20.36,0.98,0.0,0.45,0.11,1.52,1.43,0.09,0.01,1.28,1.21,0.06,0.01,0.0,0.09,0.0,0.09,0.09,1.34,0.45
579.0,Ronaldo,br BRA,MF,Internacional,28-335,1996.0,11.0,6.0,683.0,7.6,0.0,0.0,0.0,0.0,0.0,0.0,3.0,1.0,0.5,0.5,0.0,0.6,4.0,30.0,1.0,0.0,0.0,0.0,0.0,0.0,0.07,0.01,0.07,0.07,0.07,Matches,0.0,0.0,,0.0,0.0,,,,0.0,,0.0,0.0,285.0,388.0,73.5,6600.0,4050.0,52.0,52.0,100.0,160.0,165.0,97.0,61.0,159.0,38.4,0.0,0.0,0.0,1.0,0.0,0.0,301.0,87.0,0.0,0.0,0.0,0.0,0.0,0.0,0.0,0.0,0.0,0.0,0.0,0.0,0.0,0.0,0.0,0.0,0.0,0.0,0.0,0.0,0.0,0.0,0.0,0.0,0.0,0.0,0.0,0.0,0.0,0.0,,0.0,0.0,0.0,0.0,13.0,2.0,421.0,362.0,0.0,0.0,,0.0,,226.0,0.0,1.0,0.0,228.0,84.0,50.9,84.0,11,0,,5,1.25,17.0,16.0,1.0,0.09,-0.28,14.3,13.6,0.7,0.06,0.06,0.0,1.0,0.0,1.0,1.0,15.0,5.0,83.3,1.45,0.79,89.87,0.0,0.0,0.0,0.0,0.0,0.0,0.39,0.13,0.07,0.07,0.0,0.08,0.53,3.95,0.13,0.0,0.0,0.0,0.0,0.0,0.01,0.0,0.01,0.01,0.01,0.0,0.0,0.0,0.0,,0.0,0.0,0.0,37.5,51.05,868.42,532.89,6.84,6.84,21.05,21.71,8.03,20.92,0.0,0.0,0.0,0.13,0.0,0.0,39.61,11.45,0.0,0.0,0.0,0.0,0.0,0.0,0.0,0.0,0.0,0.0,0.0,0.0,0.0,0.0,0.0,0.0,0.0,0.0,0.0,0.0,0.0,0.0,0.0,0.0,0.0,0.0,0.0,0.0,0.0,0.0,0.0,0.0,0.0,0.0,1.71,0.26,55.39,47.63,0.0,0.0,0.0,29.74,0.0,0.13,0.0,30.0,1.45,0.0,0.66,0.16,2.24,2.11,0.13,0.01,1.88,1.79,0.09,0.01,0.0,0.13,0.0,0.13,0.13,1.97,0.66
581.0,Rony,br BRA,FW,Atlético Mineiro,30-135,1995.0,21.0,18.0,1529.0,17.0,3.0,0.0,3.0,3.0,0.0,0.0,3.0,0.0,4.9,4.9,0.9,5.8,23.0,24.0,117.0,0.18,0.0,0.18,0.18,0.18,0.29,0.06,0.34,0.29,0.34,Matches,48.0,18.0,37.5,2.83,1.06,0.06,0.17,18.2,0.0,0.1,-1.9,-1.9,210.0,305.0,68.9,3359.0,705.0,113.0,143.0,79.0,75.0,102.0,73.5,15.0,32.0,46.9,1.1,-0.9,13.0,17.0,8.0,2.0,282.0,22.0,1.0,4.0,32.0,11.0,1.0,0.0,0.0,0.0,1.0,12.0,35.0,2.06,20.0,0.0,2.0,6.0,0.0,5.0,0.29,2.0,0.0,0.0,3.0,0.0,13.0,8.0,2.0,5.0,6.0,3.0,37.5,5.0,11.0,6.0,19.0,12.0,0.0,481.0,12.0,54.0,6.0,26.1,14.0,60.9,278.0,7.0,37.0,15.0,331.0,73.0,77.2,81.0,7,3,21.0,0,1.19,14.0,16.0,-2.0,-0.12,0.48,17.4,17.6,-0.2,-0.01,-0.38,0.0,35.0,1.0,0.0,0.0,46.0,20.0,34.5,1.24,1.06,89.94,0.18,0.0,0.18,0.18,0.0,0.0,0.18,0.0,0.29,0.29,0.05,0.34,1.35,1.41,6.88,0.01,0.0,0.01,0.01,0.01,0.02,0.0,0.02,0.02,0.02,2.82,1.06,0.17,0.06,1.07,0.0,-0.11,-0.11,12.35,17.94,197.59,41.47,6.65,8.41,4.41,6.0,0.88,1.88,0.06,-0.05,0.76,1.0,0.47,0.12,16.59,1.29,0.06,0.24,1.88,0.65,0.06,0.0,0.0,0.0,0.06,0.71,2.06,0.12,1.18,0.0,0.12,0.35,0.0,0.29,0.02,0.12,0.0,0.0,0.18,0.0,0.76,0.47,0.12,0.29,0.35,0.18,0.29,0.65,0.35,1.12,0.71,0.0,28.29,0.71,3.18,0.35,0.82,16.35,0.41,2.18,0.88,19.47,0.41,0.18,0.0,0.07,0.82,0.94,-0.12,-0.01,1.02,1.04,-0.01,-0.0,0.0,2.06,0.06,0.0,0.0,2.71,1.18
587.0,Rubens,br BRA,"MF,DF",Atlético Mineiro,24-094,2001.0,13.0,11.0,1033.0,11.5,1.0,0.0,1.0,1.0,0.0,0.0,2.0,0.0,1.5,1.5,0.3,1.8,13.0,48.0,39.0,0.09,0.0,0.09,0.09,0.09,0.13,0.03,0.16,0.13,0.16,Matches,17.0,5.0,29.4,1.48,0.44,0.06,0.2,21.0,0.0,0.09,-0.5,-0.5,417.0,504.0,82.7,6982.0,1770.0,201.0,222.0,90.5,178.0,202.0,88.1,33.0,65.0,50.8,0.6,-0.3,8.0,40.0,5.0,1.0,456.0,48.0,1.0,3.0,18.0,37.0,0.0,0.0,0.0,0.0,0.0,8.0,28.0,2.44,20.0,0.0,3.0,1.0,2.0,2.0,0.17,0.0,0.0,1.0,0.0,0.0,38.0,30.0,17.0,16.0,5.0,13.0,65.0,7.0,13.0,29.0,67.0,41.0,1.0,662.0,32.0,13.0,8.0,47.1,7.0,41.2,337.0,2.0,10.0,5.0,378.0,79.0,52.2,88.0,9,2,32.0,0,1.54,12.0,10.0,2.0,0.17,0.84,13.1,10.4,2.7,0.23,0.33,0.0,17.0,0.0,0.0,0.0,47.0,10.0,50.0,1.13,0.96,89.83,0.09,0.0,0.09,0.09,0.0,0.0,0.17,0.0,0.13,0.13,0.03,0.16,1.13,4.17,3.39,0.01,0.0,0.01,0.01,0.01,0.01,0.0,0.01,0.01,0.01,1.48,0.43,0.13,0.04,1.83,0.0,-0.04,-0.04,36.26,43.83,607.13,153.91,17.48,19.3,15.48,17.57,2.87,5.65,0.05,-0.03,0.7,3.48,0.43,0.09,39.65,4.17,0.09,0.26,1.57,3.22,0.0,0.0,0.0,0.0,0.0,0.7,2.43,0.21,1.74,0.0,0.26,0.09,0.17,0.17,0.01,0.0,0.0,0.09,0.0,0.0,3.3,2.61,1.48,1.39,0.43,1.13,0.61,1.13,2.52,5.83,3.57,0.09,57.57,2.78,1.13,0.7,0.61,29.3,0.17,0.87,0.43,32.87,0.78,0.17,0.0,0.13,1.04,0.87,0.17,0.01,1.14,0.9,0.23,0.02,0.0,1.48,0.0,0.0,0.0,4.09,0.87
354.0,Samuel Lino,br BRA,FW,Flamengo,25-274,1999.0,7.0,6.0,525.0,5.8,2.0,4.0,6.0,2.0,0.0,0.0,0.0,0.0,1.7,1.7,1.5,3.2,43.0,25.0,75.0,0.34,0.69,1.03,0.34,1.03,0.29,0.26,0.55,0.29,0.55,Matches,20.0,3.0,15.0,3.43,0.51,0.1,0.67,17.0,0.0,0.08,0.3,0.3,229.0,286.0,80.1,3284.0,846.0,129.0,149.0,86.6,78.0,91.0,85.7,9.0,16.0,56.3,1.1,2.5,10.0,12.0,12.0,4.0,274.0,11.0,0.0,1.0,21.0,6.0,3.0,1.0,0.0,0.0,1.0,14.0,40.0,6.86,29.0,2.0,4.0,3.0,0.0,8.0,1.37,7.0,0.0,1.0,0.0,0.0,12.0,6.0,4.0,7.0,1.0,3.0,21.4,11.0,11.0,1.0,13.0,4.0,0.0,362.0,1.0,39.0,17.0,56.7,13.0,43.3,239.0,19.0,7.0,8.0,285.0,75.0,25.4,82.0,3,1,34.0,0,2.14,15.0,3.0,12.0,2.06,0.6,11.6,5.0,6.6,1.14,0.38,0.0,8.0,0.0,0.0,0.0,20.0,2.0,40.0,1.21,1.03,90.52,0.34,0.69,1.03,0.34,0.0,0.0,0.0,0.0,0.29,0.29,0.26,0.55,7.41,4.31,12.93,0.06,0.12,0.18,0.06,0.18,0.05,0.04,0.09,0.05,0.09,3.45,0.52,0.59,0.09,2.93,0.0,0.05,0.05,39.48,49.31,566.21,145.86,22.24,25.69,13.45,15.69,1.55,2.76,0.19,0.43,1.72,2.07,2.07,0.69,47.24,1.9,0.0,0.17,3.62,1.03,0.52,0.17,0.0,0.0,0.17,2.41,6.9,1.18,5.0,0.34,0.69,0.52,0.0,1.38,0.24,1.21,0.0,0.17,0.0,0.0,2.07,1.03,0.69,1.21,0.17,0.52,1.9,1.9,0.17,2.24,0.69,0.0,62.41,0.17,6.72,2.93,2.24,41.21,3.28,1.21,1.38,49.14,0.52,0.17,0.0,0.37,2.59,0.52,2.07,0.36,2.0,0.86,1.14,0.2,0.0,1.38,0.0,0.0,0.0,3.45,0.34
698.0,Samuel Xavier,br BRA,DF,Fluminense,35-109,1990.0,14.0,12.0,1147.0,12.7,2.0,1.0,3.0,2.0,0.0,0.0,3.0,0.0,0.4,0.4,0.8,1.2,31.0,78.0,52.0,0.16,0.08,0.24,0.16,0.24,0.03,0.06,0.09,0.03,0.09,Matches,12.0,3.0,25.0,0.94,0.24,0.17,0.67,23.5,0.0,0.03,1.6,1.6,718.0,838.0,85.7,11090.0,3905.0,422.0,446.0,94.6,240.0,289.0,83.0,44.0,76.0,57.9,1.8,0.2,8.0,65.0,17.0,4.0,711.0,126.0,1.0,5.0,30.0,100.0,4.0,1.0,2.0,0.0,1.0,11.0,34.0,2.67,27.0,3.0,0.0,2.0,0.0,2.0,0.16,2.0,0.0,0.0,0.0,0.0,17.0,12.0,10.0,4.0,3.0,11.0,57.9,8.0,11.0,5.0,22.0,38.0,1.0,957.0,35.0,15.0,5.0,41.7,6.0,50.0,559.0,4.0,7.0,5.0,648.0,82.0,57.9,89.0,9,2,42.0,3,1.64,15.0,16.0,-1.0,-0.08,0.14,14.7,12.7,2.0,0.16,0.36,0.0,16.0,0.0,0.0,0.0,44.0,3.0,13.0,1.1,0.94,90.31,0.16,0.08,0.24,0.16,0.0,0.0,0.24,0.0,0.03,0.03,0.06,0.09,2.44,6.14,4.09,0.01,0.01,0.02,0.01,0.02,0.0,0.0,0.01,0.0,0.01,0.94,0.24,0.07,0.02,1.85,0.0,0.13,0.13,56.54,65.98,873.23,307.48,33.23,35.12,18.9,22.76,3.46,5.98,0.14,0.02,0.63,5.12,1.34,0.31,55.98,9.92,0.08,0.39,2.36,7.87,0.31,0.08,0.16,0.0,0.08,0.87,2.68,0.21,2.13,0.24,0.0,0.16,0.0,0.16,0.01,0.16,0.0,0.0,0.0,0.0,1.34,0.94,0.79,0.31,0.24,0.87,0.63,0.87,0.39,1.73,2.99,0.08,75.35,2.76,1.18,0.39,0.47,44.02,0.31,0.55,0.39,51.02,0.71,0.16,0.24,0.13,1.18,1.26,-0.08,-0.01,1.16,1.0,0.16,0.01,0.0,1.26,0.0,0.0,0.0,3.46,0.24
528.0,Santi Ramos Mingo,ar ARG,DF,Bahia,23-306,2001.0,21.0,21.0,1890.0,21.0,0.0,0.0,0.0,0.0,0.0,0.0,4.0,0.0,0.6,0.6,0.4,0.9,24.0,79.0,2.0,0.0,0.0,0.0,0.0,0.0,0.03,0.02,0.04,0.03,0.04,Matches,10.0,0.0,0.0,0.48,0.0,0.0,,10.0,0.0,0.06,-0.6,-0.6,1040.0,1176.0,88.4,18147.0,7264.0,416.0,440.0,94.5,542.0,580.0,93.4,65.0,116.0,56.0,0.3,-0.4,4.0,96.0,3.0,1.0,1131.0,44.0,0.0,3.0,3.0,4.0,0.0,0.0,0.0,0.0,1.0,12.0,12.0,0.57,9.0,0.0,0.0,0.0,0.0,0.0,0.0,0.0,0.0,0.0,0.0,0.0,19.0,13.0,10.0,8.0,1.0,10.0,66.7,5.0,8.0,15.0,34.0,100.0,2.0,1373.0,149.0,14.0,6.0,66.7,2.0,22.2,805.0,0.0,5.0,3.0,1005.0,90.0,95.5,90.0,21,0,,0,1.62,27.0,25.0,2.0,0.1,-2.9,26.9,28.3,-1.4,-0.07,-2.17,0.0,21.0,0.0,0.0,0.0,49.0,48.0,56.5,1.0,1.0,90.0,0.0,0.0,0.0,0.0,0.0,0.0,0.19,0.0,0.03,0.03,0.02,0.04,1.14,3.76,0.1,0.0,0.0,0.0,0.0,0.0,0.0,0.0,0.0,0.0,0.0,0.48,0.0,0.02,0.0,0.48,0.0,-0.03,-0.03,49.52,56.0,864.14,345.9,19.81,20.95,25.81,27.62,3.1,5.52,0.01,-0.02,0.19,4.57,0.14,0.05,53.86,2.1,0.0,0.14,0.14,0.19,0.0,0.0,0.0,0.0,0.05,0.57,0.57,0.03,0.43,0.0,0.0,0.0,0.0,0.0,0.0,0.0,0.0,0.0,0.0,0.0,0.9,0.62,0.48,0.38,0.05,0.48,0.24,0.38,0.71,1.62,4.76,0.1,65.38,7.1,0.67,0.29,0.1,38.33,0.0,0.24,0.14,47.86,1.0,0.0,0.0,0.08,1.29,1.19,0.1,0.0,1.28,1.35,-0.07,-0.0,0.0,1.0,0.0,0.0,0.0,2.33,2.29
40.0,Santiago Arias,co COL,DF,Bahia,33-253,1992.0,11.0,6.0,609.0,6.8,0.0,0.0,0.0,0.0,0.0,0.0,2.0,0.0,0.3,0.3,0.3,0.5,11.0,27.0,36.0,0.0,0.0,0.0,0.0,0.0,0.04,0.04,0.08,0.04,0.08,Matches,4.0,2.0,50.0,0.59,0.3,0.0,0.0,24.0,0.0,0.06,-0.3,-0.3,395.0,468.0,84.4,6068.0,2312.0,207.0,224.0,92.4,170.0,193.0,88.1,11.0,24.0,45.8,0.6,-0.3,5.0,27.0,7.0,5.0,415.0,53.0,0.0,0.0,25.0,46.0,0.0,0.0,0.0,0.0,0.0,12.0,13.0,1.92,12.0,0.0,0.0,0.0,0.0,1.0,0.15,1.0,0.0,0.0,0.0,0.0,13.0,9.0,7.0,6.0,0.0,9.0,69.2,4.0,3.0,10.0,23.0,22.0,1.0,533.0,24.0,7.0,1.0,25.0,1.0,25.0,289.0,2.0,1.0,3.0,349.0,55.0,30.8,87.0,5,5,18.0,6,1.55,9.0,10.0,-1.0,-0.15,-0.54,6.9,10.6,-3.7,-0.55,-0.84,0.0,6.0,0.0,1.0,0.0,31.0,4.0,40.0,1.62,0.88,89.56,0.0,0.0,0.0,0.0,0.0,0.0,0.29,0.0,0.04,0.04,0.04,0.07,1.62,3.97,5.29,0.0,0.0,0.0,0.0,0.0,0.01,0.01,0.01,0.01,0.01,0.59,0.29,0.09,0.04,3.53,0.0,-0.04,-0.04,58.09,68.82,892.35,340.0,30.44,32.94,25.0,28.38,1.62,3.53,0.09,-0.04,0.74,3.97,1.03,0.74,61.03,7.79,0.0,0.0,3.68,6.76,0.0,0.0,0.0,0.0,0.0,1.76,1.91,0.28,1.76,0.0,0.0,0.0,0.0,0.15,0.02,0.15,0.0,0.0,0.0,0.0,1.91,1.32,1.03,0.88,0.0,1.32,0.59,0.44,1.47,3.38,3.24,0.15,78.38,3.53,1.03,0.15,0.15,42.5,0.29,0.15,0.44,51.32,0.74,0.74,0.88,0.23,1.32,1.47,-0.15,-0.02,1.01,1.56,-0.54,-0.08,0.0,0.88,0.0,0.15,0.0,4.56,0.59
563.0,Santiago Rodríguez,uy URU,"FW,MF",Botafogo (RJ),25-258,2000.0,15.0,5.0,562.0,6.2,1.0,3.0,4.0,1.0,0.0,0.0,3.0,0.0,0.6,0.6,2.2,2.8,13.0,30.0,50.0,0.16,0.48,0.64,0.16,0.64,0.1,0.35,0.44,0.1,0.44,Matches,15.0,6.0,40.0,2.4,0.96,0.07,0.17,20.2,0.0,0.04,0.4,0.4,227.0,287.0,79.1,3249.0,906.0,140.0,156.0,89.7,66.0,81.0,81.5,11.0,24.0,45.8,0.8,0.8,13.0,20.0,9.0,2.0,272.0,14.0,3.0,2.0,22.0,1.0,8.0,4.0,4.0,0.0,1.0,7.0,28.0,4.48,21.0,2.0,0.0,0.0,2.0,5.0,0.8,3.0,0.0,0.0,0.0,1.0,13.0,12.0,4.0,8.0,1.0,7.0,41.2,10.0,8.0,7.0,20.0,5.0,0.0,393.0,2.0,22.0,10.0,33.3,14.0,46.7,244.0,3.0,19.0,12.0,283.0,37.0,27.1,75.0,0,10,19.0,4,1.93,13.0,7.0,6.0,0.96,0.3,10.1,6.1,4.0,0.63,0.41,0.0,14.0,0.0,0.0,0.0,28.0,7.0,41.2,2.42,0.81,90.65,0.16,0.48,0.65,0.16,0.0,0.0,0.48,0.0,0.1,0.1,0.35,0.45,2.1,4.84,8.06,0.03,0.08,0.1,0.03,0.1,0.02,0.06,0.07,0.02,0.07,2.42,0.97,0.39,0.15,3.26,0.0,0.06,0.06,36.61,46.29,524.03,146.13,22.58,25.16,10.65,13.06,1.77,3.87,0.13,0.13,2.1,3.23,1.45,0.32,43.87,2.26,0.48,0.32,3.55,0.16,1.29,0.65,0.65,0.0,0.16,1.13,4.52,0.72,3.39,0.32,0.0,0.0,0.32,0.81,0.13,0.48,0.0,0.0,0.0,0.16,2.1,1.94,0.65,1.29,0.16,1.13,1.61,1.29,1.13,3.23,0.81,0.0,63.39,0.32,3.55,1.61,2.26,39.35,0.48,3.06,1.94,45.65,0.0,1.61,0.65,0.31,2.1,1.13,0.97,0.15,1.63,0.98,0.65,0.1,0.0,2.26,0.0,0.0,0.0,4.52,1.13
460.0,Saúl Ñíguez,es ESP,"MF,FW",Flamengo,30-306,1994.0,6.0,5.0,474.0,5.3,0.0,1.0,1.0,0.0,0.0,0.0,0.0,0.0,0.4,0.4,0.5,0.9,3.0,28.0,7.0,0.0,0.19,0.19,0.0,0.19,0.07,0.09,0.16,0.07,0.16,Matches,8.0,1.0,12.5,1.52,0.19,0.0,0.0,22.0,0.0,0.05,-0.4,-0.4,315.0,343.0,91.8,4971.0,1287.0,161.0,167.0,96.4,129.0,137.0,94.2,17.0,26.0,65.4,0.9,0.5,8.0,33.0,8.0,3.0,339.0,4.0,1.0,1.0,4.0,0.0,0.0,0.0,0.0,0.0,0.0,4.0,15.0,2.85,15.0,0.0,0.0,0.0,0.0,2.0,0.38,2.0,0.0,0.0,0.0,0.0,12.0,8.0,8.0,4.0,0.0,4.0,30.8,9.0,7.0,9.0,21.0,8.0,0.0,397.0,10.0,3.0,2.0,100.0,0.0,0.0,213.0,0.0,3.0,6.0,282.0,79.0,22.9,86.0,4,1,45.0,1,2.0,14.0,4.0,10.0,1.9,0.38,10.4,4.1,6.2,1.18,0.43,0.0,10.0,0.0,0.0,0.0,25.0,3.0,30.0,1.13,0.94,89.43,0.0,0.19,0.19,0.0,0.0,0.0,0.0,0.0,0.08,0.08,0.09,0.17,0.57,5.28,1.32,0.0,0.04,0.04,0.0,0.04,0.01,0.02,0.03,0.01,0.03,1.51,0.19,0.29,0.04,4.15,0.0,-0.08,-0.08,59.43,64.72,937.92,242.83,30.38,31.51,24.34,25.85,3.21,4.91,0.17,0.09,1.51,6.23,1.51,0.57,63.96,0.75,0.19,0.19,0.75,0.0,0.0,0.0,0.0,0.0,0.0,0.75,2.83,0.54,2.83,0.0,0.0,0.0,0.0,0.38,0.07,0.38,0.0,0.0,0.0,0.0,2.26,1.51,1.51,0.75,0.0,0.75,1.7,1.32,1.7,3.96,1.51,0.0,74.91,1.89,0.57,0.38,0.0,40.19,0.0,0.57,1.13,53.21,0.75,0.19,0.19,0.38,2.64,0.75,1.89,0.36,1.96,0.77,1.17,0.22,0.0,1.89,0.0,0.0,0.0,4.72,0.57
557.0,Sergio Rochet,uy URU,GK,Internacional,32-184,1993.0,11.0,11.0,945.0,10.5,0.0,0.0,0.0,0.0,0.0,0.0,0.0,0.0,0.0,0.0,0.0,0.0,0.0,0.0,0.0,0.0,0.0,0.0,0.0,0.0,0.0,0.0,0.0,0.0,0.0,Matches,0.0,0.0,,0.0,0.0,,,,0.0,,0.0,0.0,202.0,292.0,69.2,5401.0,4094.0,45.0,45.0,100.0,99.0,101.0,98.0,57.0,141.0,40.4,0.0,0.0,0.0,1.0,0.0,0.0,203.0,85.0,0.0,1.0,0.0,0.0,0.0,0.0,0.0,0.0,4.0,0.0,0.0,0.0,0.0,0.0,0.0,0.0,0.0,0.0,0.0,0.0,0.0,0.0,0.0,0.0,0.0,0.0,0.0,0.0,0.0,0.0,,0.0,0.0,0.0,0.0,1.0,1.0,306.0,277.0,0.0,0.0,,0.0,,179.0,0.0,0.0,0.0,125.0,86.0,45.7,86.0,10,0,,1,1.55,16.0,15.0,1.0,0.1,0.82,18.8,11.2,7.6,0.72,0.6,0.0,0.0,0.0,0.0,0.0,9.0,1.0,100.0,1.05,1.05,90.0,0.0,0.0,0.0,0.0,0.0,0.0,0.0,0.0,0.0,0.0,0.0,0.0,0.0,0.0,0.0,0.0,0.0,0.0,0.0,0.0,0.0,0.0,0.0,0.0,0.0,0.0,0.0,0.0,0.0,,0.0,0.0,0.0,19.24,27.81,514.38,389.9,4.29,4.29,9.43,9.62,5.43,13.43,0.0,0.0,0.0,0.1,0.0,0.0,19.33,8.1,0.0,0.1,0.0,0.0,0.0,0.0,0.0,0.0,0.38,0.0,0.0,0.0,0.0,0.0,0.0,0.0,0.0,0.0,0.0,0.0,0.0,0.0,0.0,0.0,0.0,0.0,0.0,0.0,0.0,0.0,0.0,0.0,0.0,0.0,0.1,0.1,29.14,26.38,0.0,0.0,0.0,17.05,0.0,0.0,0.0,11.9,0.95,0.0,0.1,0.15,1.52,1.43,0.1,0.01,1.79,1.07,0.72,0.07,0.0,0.0,0.0,0.0,0.0,0.86,0.1
632.0,Souza,br BRA,DF,Santos,19-099,2006.0,11.0,10.0,764.0,8.5,0.0,1.0,1.0,0.0,0.0,0.0,1.0,0.0,0.2,0.2,0.6,0.8,15.0,24.0,34.0,0.0,0.12,0.12,0.0,0.12,0.03,0.07,0.09,0.03,0.09,Matches,7.0,0.0,0.0,0.82,0.0,0.0,,18.5,0.0,0.03,-0.2,-0.2,298.0,375.0,79.5,4216.0,1839.0,187.0,211.0,88.6,99.0,123.0,80.5,7.0,18.0,38.9,0.5,0.4,5.0,16.0,5.0,4.0,305.0,69.0,0.0,0.0,21.0,61.0,0.0,0.0,0.0,0.0,1.0,13.0,8.0,0.94,6.0,1.0,0.0,0.0,0.0,3.0,0.35,1.0,1.0,0.0,0.0,0.0,26.0,20.0,19.0,5.0,2.0,15.0,71.4,6.0,4.0,10.0,36.0,38.0,0.0,493.0,27.0,13.0,11.0,57.9,7.0,36.8,239.0,4.0,10.0,9.0,271.0,69.0,36.9,76.0,6,1,5.0,5,1.45,10.0,11.0,-1.0,-0.12,0.5,11.5,14.5,-2.9,-0.35,-0.24,0.0,14.0,0.0,1.0,0.0,34.0,7.0,70.0,1.29,1.18,89.88,0.0,0.12,0.12,0.0,0.0,0.0,0.12,0.0,0.02,0.02,0.07,0.09,1.76,2.82,4.0,0.0,0.01,0.01,0.0,0.01,0.0,0.01,0.01,0.0,0.01,0.82,0.0,0.1,0.0,2.18,0.0,-0.02,-0.02,35.06,44.12,496.0,216.35,22.0,24.82,11.65,14.47,0.82,2.12,0.06,0.05,0.59,1.88,0.59,0.47,35.88,8.12,0.0,0.0,2.47,7.18,0.0,0.0,0.0,0.0,0.12,1.53,0.94,0.11,0.71,0.12,0.0,0.0,0.0,0.35,0.04,0.12,0.12,0.0,0.0,0.0,3.06,2.35,2.24,0.59,0.24,1.76,0.71,0.47,1.18,4.24,4.47,0.0,58.0,3.18,1.53,1.29,0.82,28.12,0.47,1.18,1.06,31.88,0.71,0.12,0.59,0.17,1.18,1.29,-0.12,-0.01,1.35,1.71,-0.34,-0.04,0.0,1.65,0.0,0.12,0.0,4.0,0.82
464.0,Sérgio Oliveira,pt POR,MF,Sport Recife,33-113,1992.0,8.0,7.0,603.0,6.7,1.0,0.0,1.0,1.0,0.0,0.0,3.0,0.0,0.6,0.6,0.4,0.9,10.0,41.0,14.0,0.15,0.0,0.15,0.15,0.15,0.08,0.06,0.14,0.08,0.14,Matches,14.0,3.0,21.4,2.09,0.45,0.07,0.33,25.5,5.0,0.04,0.4,0.4,252.0,343.0,73.5,4294.0,1143.0,133.0,148.0,89.9,80.0,101.0,79.2,28.0,70.0,40.0,1.0,-0.4,6.0,35.0,7.0,0.0,313.0,28.0,2.0,10.0,33.0,1.0,19.0,9.0,8.0,0.0,2.0,5.0,18.0,2.69,11.0,2.0,1.0,2.0,0.0,2.0,0.3,2.0,0.0,0.0,0.0,0.0,13.0,9.0,3.0,9.0,1.0,7.0,50.0,7.0,5.0,5.0,18.0,6.0,1.0,413.0,11.0,5.0,8.0,61.5,4.0,30.8,205.0,1.0,6.0,10.0,268.0,75.0,30.5,80.0,4,1,45.0,1,0.25,4.0,15.0,-11.0,-1.64,-1.18,4.4,11.0,-6.6,-0.99,-0.65,0.0,12.0,0.0,0.0,0.0,35.0,3.0,42.9,1.19,1.04,90.0,0.15,0.0,0.15,0.15,0.0,0.0,0.45,0.0,0.09,0.09,0.06,0.13,1.49,6.12,2.09,0.02,0.0,0.02,0.02,0.02,0.01,0.01,0.02,0.01,0.02,2.09,0.45,0.31,0.07,3.81,0.75,0.06,0.06,37.61,51.19,640.9,170.6,19.85,22.09,11.94,15.07,4.18,10.45,0.15,-0.06,0.9,5.22,1.04,0.0,46.72,4.18,0.3,1.49,4.93,0.15,2.84,1.34,1.19,0.0,0.3,0.75,2.69,0.4,1.64,0.3,0.15,0.3,0.0,0.3,0.04,0.3,0.0,0.0,0.0,0.0,1.94,1.34,0.45,1.34,0.15,1.04,1.04,0.75,0.75,2.69,0.9,0.15,61.64,1.64,0.75,1.19,0.6,30.6,0.15,0.9,1.49,40.0,0.6,0.15,0.15,0.04,0.6,2.24,-1.64,-0.24,0.66,1.64,-0.99,-0.15,0.0,1.79,0.0,0.0,0.0,5.22,0.45
375.0,Talles Magno,br BRA,"FW,MF",Corinthians,23-089,2002.0,20.0,9.0,847.0,9.4,1.0,1.0,2.0,1.0,0.0,0.0,2.0,0.0,4.1,4.1,0.6,4.7,26.0,23.0,83.0,0.11,0.11,0.21,0.11,0.21,0.43,0.06,0.49,0.43,0.49,Matches,25.0,6.0,24.0,2.66,0.64,0.04,0.17,12.9,0.0,0.16,-3.1,-3.1,223.0,280.0,79.6,3041.0,714.0,128.0,150.0,85.3,76.0,88.0,86.4,6.0,13.0,46.2,0.5,0.4,7.0,15.0,9.0,0.0,261.0,18.0,3.0,1.0,2.0,10.0,0.0,0.0,0.0,0.0,1.0,14.0,26.0,2.76,15.0,0.0,1.0,4.0,1.0,4.0,0.42,1.0,0.0,1.0,1.0,1.0,18.0,13.0,8.0,7.0,3.0,11.0,55.0,9.0,7.0,5.0,23.0,12.0,0.0,427.0,14.0,46.0,10.0,32.3,17.0,54.8,255.0,6.0,26.0,17.0,304.0,42.0,39.2,72.0,1,11,18.0,3,1.0,6.0,8.0,-2.0,-0.21,-0.01,10.0,11.0,-1.0,-0.11,0.02,0.0,18.0,0.0,0.0,0.0,41.0,19.0,52.8,2.13,0.96,90.11,0.11,0.11,0.21,0.11,0.0,0.0,0.21,0.0,0.44,0.44,0.06,0.5,2.77,2.45,8.83,0.01,0.01,0.02,0.01,0.02,0.05,0.01,0.05,0.05,0.05,2.66,0.64,0.28,0.07,1.37,0.0,-0.33,-0.33,23.72,29.79,323.51,75.96,13.62,15.96,8.09,9.36,0.64,1.38,0.05,0.04,0.74,1.6,0.96,0.0,27.77,1.91,0.32,0.11,0.21,1.06,0.0,0.0,0.0,0.0,0.11,1.49,2.77,0.29,1.6,0.0,0.11,0.43,0.11,0.43,0.04,0.11,0.0,0.11,0.11,0.11,1.91,1.38,0.85,0.74,0.32,1.17,0.96,0.74,0.53,2.45,1.28,0.0,45.43,1.49,4.89,1.06,1.81,27.13,0.64,2.77,1.81,32.34,0.11,1.17,0.32,0.11,0.64,0.85,-0.21,-0.02,1.06,1.17,-0.11,-0.01,0.0,1.91,0.0,0.0,0.0,4.36,2.02
642.0,Tchê Tchê,br BRA,MF,Vasco da Gama,33-024,1992.0,17.0,15.0,1260.0,14.0,1.0,0.0,1.0,1.0,0.0,0.0,1.0,0.0,0.4,0.4,0.4,0.8,18.0,72.0,23.0,0.07,0.0,0.07,0.07,0.07,0.03,0.03,0.06,0.03,0.06,Matches,12.0,2.0,16.7,0.86,0.14,0.08,0.5,22.8,0.0,0.03,0.6,0.6,689.0,744.0,92.6,10644.0,3253.0,357.0,370.0,96.5,257.0,273.0,94.1,45.0,59.0,76.3,1.0,-0.4,14.0,90.0,9.0,1.0,720.0,23.0,2.0,5.0,5.0,4.0,0.0,0.0,0.0,0.0,1.0,9.0,41.0,2.93,33.0,1.0,1.0,4.0,0.0,2.0,0.14,2.0,0.0,0.0,0.0,0.0,12.0,5.0,2.0,7.0,3.0,8.0,61.5,5.0,5.0,6.0,18.0,6.0,0.0,851.0,24.0,7.0,15.0,60.0,5.0,20.0,603.0,2.0,23.0,17.0,706.0,74.0,60.9,81.0,7,2,24.0,0,1.06,21.0,19.0,2.0,0.14,0.48,17.6,16.8,0.8,0.06,0.79,0.0,13.0,0.0,0.0,0.0,45.0,3.0,27.3,1.21,1.07,90.0,0.07,0.0,0.07,0.07,0.0,0.0,0.07,0.0,0.03,0.03,0.03,0.06,1.29,5.14,1.64,0.0,0.0,0.0,0.0,0.0,0.0,0.0,0.0,0.0,0.0,0.86,0.14,0.06,0.01,1.63,0.0,0.04,0.04,49.21,53.14,760.29,232.36,25.5,26.43,18.36,19.5,3.21,4.21,0.07,-0.03,1.0,6.43,0.64,0.07,51.43,1.64,0.14,0.36,0.36,0.29,0.0,0.0,0.0,0.0,0.07,0.64,2.93,0.21,2.36,0.07,0.07,0.29,0.0,0.14,0.01,0.14,0.0,0.0,0.0,0.0,0.86,0.36,0.14,0.5,0.21,0.57,0.36,0.36,0.43,1.29,0.43,0.0,60.79,1.71,0.5,1.07,0.36,43.07,0.14,1.64,1.21,50.43,0.5,0.14,0.0,0.08,1.5,1.36,0.14,0.01,1.26,1.2,0.06,0.0,0.0,0.93,0.0,0.0,0.0,3.21,0.21
379.0,Thiago Maia,br BRA,MF,Internacional,28-184,1997.0,18.0,13.0,1076.0,12.0,1.0,1.0,2.0,1.0,0.0,0.0,1.0,0.0,0.7,0.7,0.3,1.0,5.0,73.0,21.0,0.08,0.08,0.17,0.08,0.17,0.06,0.03,0.09,0.06,0.09,Matches,5.0,1.0,20.0,0.42,0.08,0.2,1.0,19.5,0.0,0.14,0.3,0.3,651.0,732.0,88.9,10472.0,3258.0,314.0,342.0,91.8,282.0,309.0,91.3,38.0,49.0,77.6,0.5,0.7,13.0,86.0,4.0,0.0,698.0,32.0,0.0,1.0,3.0,10.0,0.0,0.0,0.0,0.0,2.0,6.0,37.0,3.09,31.0,0.0,2.0,1.0,2.0,5.0,0.42,4.0,0.0,1.0,0.0,0.0,18.0,14.0,6.0,10.0,2.0,8.0,44.4,10.0,13.0,18.0,36.0,24.0,0.0,841.0,21.0,7.0,5.0,71.4,1.0,14.3,465.0,0.0,8.0,3.0,563.0,60.0,52.0,71.0,3,5,30.0,3,1.28,17.0,14.0,3.0,0.25,1.25,18.2,12.2,6.0,0.5,0.22,0.0,10.0,0.0,0.0,0.0,71.0,17.0,56.7,1.5,1.08,89.67,0.08,0.08,0.17,0.08,0.0,0.0,0.08,0.0,0.06,0.06,0.02,0.08,0.42,6.08,1.75,0.01,0.01,0.01,0.01,0.01,0.0,0.0,0.01,0.0,0.01,0.42,0.08,0.03,0.01,1.62,0.0,0.02,0.02,54.25,61.0,872.67,271.5,26.17,28.5,23.5,25.75,3.17,4.08,0.04,0.06,1.08,7.17,0.33,0.0,58.17,2.67,0.0,0.08,0.25,0.83,0.0,0.0,0.0,0.0,0.17,0.5,3.08,0.26,2.58,0.0,0.17,0.08,0.17,0.42,0.03,0.33,0.0,0.08,0.0,0.0,1.5,1.17,0.5,0.83,0.17,0.67,0.83,1.08,1.5,3.0,2.0,0.0,70.08,1.75,0.58,0.42,0.08,38.75,0.0,0.67,0.25,46.92,0.25,0.42,0.25,0.11,1.42,1.17,0.25,0.02,1.52,1.02,0.5,0.04,0.0,0.83,0.0,0.0,0.0,5.92,1.42
622.0,Thiago Silva,br BRA,DF,Fluminense,41-001,1984.0,13.0,12.0,1110.0,12.3,0.0,0.0,0.0,0.0,0.0,0.0,0.0,0.0,0.4,0.4,0.2,0.7,6.0,53.0,3.0,0.0,0.0,0.0,0.0,0.0,0.03,0.02,0.05,0.03,0.05,Matches,6.0,1.0,16.7,0.49,0.08,0.0,0.0,11.2,0.0,0.07,-0.4,-0.4,750.0,819.0,91.6,14127.0,5540.0,270.0,279.0,96.8,401.0,417.0,96.2,72.0,112.0,64.3,0.4,-0.2,6.0,33.0,6.0,1.0,777.0,42.0,0.0,4.0,3.0,6.0,0.0,0.0,0.0,0.0,0.0,3.0,12.0,0.97,9.0,1.0,0.0,0.0,0.0,1.0,0.08,0.0,0.0,0.0,0.0,0.0,6.0,4.0,4.0,2.0,0.0,2.0,66.7,1.0,1.0,11.0,17.0,71.0,1.0,928.0,130.0,11.0,2.0,66.7,1.0,33.3,576.0,0.0,3.0,0.0,675.0,85.0,56.1,90.0,12,1,30.0,0,1.31,12.0,15.0,-3.0,-0.24,-0.24,12.2,11.6,0.6,0.05,0.09,0.0,6.0,0.0,0.0,0.0,36.0,22.0,57.9,1.06,0.98,90.24,0.0,0.0,0.0,0.0,0.0,0.0,0.0,0.0,0.03,0.03,0.02,0.06,0.49,4.31,0.24,0.0,0.0,0.0,0.0,0.0,0.0,0.0,0.0,0.0,0.0,0.49,0.08,0.04,0.01,0.91,0.0,-0.03,-0.03,60.98,66.59,1148.54,450.41,21.95,22.68,32.6,33.9,5.85,9.11,0.03,-0.02,0.49,2.68,0.49,0.08,63.17,3.41,0.0,0.33,0.24,0.49,0.0,0.0,0.0,0.0,0.0,0.24,0.98,0.08,0.73,0.08,0.0,0.0,0.0,0.08,0.01,0.0,0.0,0.0,0.0,0.0,0.49,0.33,0.33,0.16,0.0,0.16,0.08,0.08,0.89,1.38,5.77,0.08,75.45,10.57,0.89,0.16,0.08,46.83,0.0,0.24,0.0,54.88,0.98,0.08,0.0,0.11,0.98,1.22,-0.24,-0.02,0.99,0.94,0.05,0.0,0.0,0.49,0.0,0.0,0.0,2.93,1.79
679.0,Tiago Volpi,br BRA,GK,Grêmio,34-278,1990.0,23.0,23.0,2070.0,23.0,1.0,0.0,1.0,0.0,1.0,1.0,2.0,0.0,0.8,0.0,0.0,0.0,0.0,0.0,1.0,0.04,0.0,0.04,0.0,0.0,0.03,0.0,0.03,0.0,0.0,Matches,0.0,0.0,,0.0,0.0,,,,0.0,,0.2,0.0,461.0,677.0,68.1,15496.0,11219.0,42.0,42.0,100.0,183.0,185.0,98.9,234.0,446.0,52.5,0.0,0.0,0.0,13.0,0.0,0.0,460.0,215.0,0.0,0.0,0.0,0.0,0.0,0.0,0.0,0.0,2.0,0.0,2.0,0.09,1.0,1.0,0.0,0.0,0.0,1.0,0.04,0.0,1.0,0.0,0.0,0.0,0.0,0.0,0.0,0.0,0.0,0.0,0.0,1.0,0.0,0.0,0.0,7.0,1.0,731.0,604.0,1.0,1.0,100.0,0.0,0.0,398.0,0.0,1.0,0.0,319.0,90.0,100.0,90.0,23,0,,0,1.22,23.0,29.0,-6.0,-0.26,,24.6,36.2,-11.6,-0.5,,0.0,1.0,0.0,1.0,0.0,23.0,7.0,100.0,1.0,1.0,90.0,0.04,0.0,0.04,0.0,0.04,0.04,0.09,0.0,0.03,0.0,0.0,0.0,0.0,0.0,0.04,0.0,0.0,0.0,0.0,0.0,0.0,0.0,0.0,0.0,0.0,0.0,0.0,0.0,0.0,,0.0,0.01,0.0,20.04,29.43,673.74,487.78,1.83,1.83,7.96,8.04,10.17,19.39,0.0,0.0,0.0,0.57,0.0,0.0,20.0,9.35,0.0,0.0,0.0,0.0,0.0,0.0,0.0,0.0,0.09,0.0,0.09,0.0,0.04,0.04,0.0,0.0,0.0,0.04,0.0,0.0,0.04,0.0,0.0,0.0,0.0,0.0,0.0,0.0,0.0,0.0,0.04,0.0,0.0,0.0,0.3,0.04,31.78,26.26,0.04,0.04,0.0,17.3,0.0,0.04,0.0,13.87,1.0,0.0,0.0,0.05,1.0,1.26,-0.26,-0.01,1.07,1.57,-0.5,-0.02,0.0,0.04,0.0,0.04,0.0,1.0,0.3
627.0,Tiquinho Soares,br BRA,FW,Santos,34-249,1991.0,19.0,12.0,1041.0,11.6,2.0,3.0,5.0,0.0,2.0,2.0,2.0,0.0,2.9,1.3,1.0,2.4,3.0,11.0,33.0,0.17,0.26,0.43,0.0,0.26,0.25,0.09,0.34,0.12,0.2,Matches,21.0,5.0,23.8,1.82,0.43,0.0,0.0,20.1,2.0,0.06,-0.9,-1.3,156.0,216.0,72.2,2275.0,478.0,88.0,120.0,73.3,48.0,63.0,76.2,10.0,13.0,76.9,0.4,2.0,11.0,14.0,2.0,0.0,191.0,21.0,1.0,0.0,3.0,0.0,0.0,0.0,0.0,0.0,4.0,3.0,22.0,1.9,16.0,0.0,1.0,5.0,0.0,6.0,0.52,5.0,0.0,0.0,1.0,0.0,8.0,7.0,0.0,6.0,2.0,2.0,40.0,3.0,4.0,2.0,10.0,7.0,0.0,320.0,8.0,37.0,6.0,46.2,6.0,46.2,164.0,0.0,37.0,8.0,242.0,55.0,50.3,74.0,3,7,23.0,4,1.05,15.0,17.0,-2.0,-0.17,0.53,14.6,14.5,0.1,0.01,0.4,0.0,24.0,1.0,0.0,0.0,21.0,31.0,50.0,1.64,1.03,89.74,0.17,0.26,0.43,0.0,0.17,0.17,0.17,0.0,0.25,0.11,0.09,0.21,0.26,0.95,2.84,0.01,0.02,0.04,0.0,0.02,0.02,0.01,0.03,0.01,0.02,1.81,0.43,0.16,0.04,1.73,0.17,-0.08,-0.11,13.45,18.62,196.12,41.21,7.59,10.34,4.14,5.43,0.86,1.12,0.03,0.17,0.95,1.21,0.17,0.0,16.47,1.81,0.09,0.0,0.26,0.0,0.0,0.0,0.0,0.0,0.34,0.26,1.9,0.16,1.38,0.0,0.09,0.43,0.0,0.52,0.04,0.43,0.0,0.0,0.09,0.0,0.69,0.6,0.0,0.52,0.17,0.17,0.26,0.34,0.17,0.86,0.6,0.0,27.59,0.69,3.19,0.52,0.52,14.14,0.0,3.19,0.69,20.86,0.26,0.6,0.34,0.09,1.29,1.47,-0.17,-0.01,1.26,1.25,0.01,0.0,0.0,2.07,0.09,0.0,0.0,1.81,2.67
510.0,Tomas Pochettino,ar ARG,"MF,FW",Fortaleza,29-234,1996.0,14.0,8.0,719.0,8.0,1.0,2.0,3.0,1.0,0.0,0.0,0.0,0.0,0.8,0.8,1.1,1.9,36.0,37.0,49.0,0.13,0.25,0.38,0.13,0.38,0.11,0.13,0.24,0.11,0.24,Matches,22.0,8.0,36.4,2.75,1.0,0.05,0.13,25.9,2.0,0.04,0.2,0.2,168.0,292.0,57.5,3159.0,1267.0,76.0,96.0,79.2,64.0,105.0,61.0,26.0,70.0,37.1,1.1,0.9,19.0,21.0,12.0,6.0,236.0,54.0,1.0,3.0,75.0,12.0,26.0,3.0,18.0,0.0,2.0,10.0,39.0,4.88,18.0,14.0,2.0,2.0,0.0,3.0,0.38,0.0,3.0,0.0,0.0,0.0,25.0,16.0,10.0,10.0,5.0,13.0,46.4,15.0,12.0,9.0,34.0,10.0,0.0,409.0,11.0,22.0,10.0,41.7,13.0,54.2,212.0,8.0,20.0,9.0,221.0,51.0,34.7,72.0,3,6,24.0,1,1.0,10.0,14.0,-4.0,-0.5,0.23,10.4,11.9,-1.5,-0.19,0.18,0.0,4.0,0.0,0.0,0.0,34.0,6.0,42.9,1.75,1.0,89.88,0.12,0.25,0.38,0.12,0.0,0.0,0.0,0.0,0.1,0.1,0.14,0.24,4.5,4.62,6.12,0.02,0.03,0.05,0.02,0.05,0.01,0.02,0.03,0.01,0.03,2.75,1.0,0.34,0.12,3.24,0.25,0.02,0.02,21.0,36.5,394.88,158.38,9.5,12.0,8.0,13.12,3.25,8.75,0.14,0.11,2.38,2.62,1.5,0.75,29.5,6.75,0.12,0.38,9.38,1.5,3.25,0.38,2.25,0.0,0.25,1.25,4.88,0.61,2.25,1.75,0.25,0.25,0.0,0.38,0.05,0.0,0.38,0.0,0.0,0.0,3.12,2.0,1.25,1.25,0.62,1.62,1.88,1.5,1.12,4.25,1.25,0.0,51.12,1.38,2.75,1.25,1.62,26.5,1.0,2.5,1.12,27.62,0.38,0.75,0.12,0.12,1.25,1.75,-0.5,-0.06,1.3,1.49,-0.19,-0.02,0.0,0.5,0.0,0.0,0.0,4.25,0.75
143.0,Tomás Cuello,ar ARG,"FW,MF",Atlético Mineiro,25-202,2000.0,15.0,14.0,1190.0,13.2,1.0,1.0,2.0,1.0,0.0,0.0,3.0,1.0,2.2,2.2,1.0,3.3,64.0,68.0,154.0,0.08,0.08,0.15,0.08,0.15,0.17,0.08,0.25,0.17,0.25,Matches,37.0,12.0,32.4,2.8,0.91,0.03,0.08,17.6,0.0,0.06,-1.2,-1.2,376.0,476.0,79.0,6135.0,1812.0,199.0,225.0,88.4,142.0,160.0,88.8,28.0,51.0,54.9,2.3,0.0,24.0,32.0,28.0,6.0,444.0,26.0,2.0,5.0,33.0,21.0,1.0,0.0,0.0,0.0,6.0,16.0,76.0,5.75,48.0,2.0,13.0,5.0,3.0,1.0,0.08,1.0,0.0,0.0,0.0,0.0,25.0,15.0,8.0,9.0,8.0,9.0,56.3,7.0,3.0,7.0,32.0,7.0,0.0,669.0,14.0,60.0,43.0,51.2,34.0,40.5,465.0,27.0,29.0,19.0,494.0,79.0,60.1,82.0,6,1,45.0,0,1.13,15.0,18.0,-3.0,-0.23,0.0,16.8,13.1,3.7,0.28,0.51,0.0,18.0,0.0,1.0,0.0,65.0,12.0,50.0,1.14,1.06,90.15,0.08,0.08,0.15,0.08,0.0,0.0,0.23,0.08,0.17,0.17,0.08,0.25,4.85,5.15,11.67,0.01,0.01,0.01,0.01,0.01,0.01,0.01,0.02,0.01,0.02,2.8,0.91,0.21,0.07,1.33,0.0,-0.09,-0.09,28.48,36.06,464.77,137.27,15.08,17.05,10.76,12.12,2.12,3.86,0.17,0.0,1.82,2.42,2.12,0.45,33.64,1.97,0.15,0.38,2.5,1.59,0.08,0.0,0.0,0.0,0.45,1.21,5.76,0.44,3.64,0.15,0.98,0.38,0.23,0.08,0.01,0.08,0.0,0.0,0.0,0.0,1.89,1.14,0.61,0.68,0.61,0.68,0.53,0.23,0.53,2.42,0.53,0.0,50.68,1.06,4.55,3.26,2.58,35.23,2.05,2.2,1.44,37.42,0.45,0.08,0.0,0.09,1.14,1.36,-0.23,-0.02,1.27,0.99,0.28,0.02,0.0,1.36,0.0,0.08,0.0,4.92,0.91
549.0,Tomás Rincón,ve VEN,MF,Santos,37-253,1988.0,14.0,10.0,842.0,9.4,0.0,0.0,0.0,0.0,0.0,0.0,4.0,1.0,0.3,0.3,0.0,0.4,3.0,34.0,9.0,0.0,0.0,0.0,0.0,0.0,0.03,0.0,0.04,0.03,0.04,Matches,5.0,0.0,0.0,0.53,0.0,0.0,,13.8,0.0,0.07,-0.3,-0.3,366.0,435.0,84.1,5816.0,1834.0,189.0,208.0,90.9,152.0,171.0,88.9,18.0,37.0,48.6,0.5,0.0,2.0,37.0,4.0,2.0,416.0,18.0,1.0,3.0,6.0,2.0,0.0,0.0,0.0,0.0,1.0,3.0,11.0,1.18,7.0,0.0,1.0,2.0,1.0,0.0,0.0,0.0,0.0,0.0,0.0,0.0,15.0,7.0,5.0,9.0,1.0,4.0,33.3,8.0,7.0,12.0,27.0,15.0,1.0,528.0,16.0,7.0,5.0,45.5,4.0,36.4,287.0,1.0,8.0,7.0,341.0,60.0,40.7,74.0,5,4,26.0,7,1.29,2.0,10.0,-8.0,-0.86,-0.71,7.2,10.2,-3.0,-0.32,-0.22,0.0,23.0,0.0,0.0,0.0,47.0,10.0,47.6,1.49,1.06,89.57,0.0,0.0,0.0,0.0,0.0,0.0,0.43,0.11,0.03,0.03,0.0,0.04,0.32,3.62,0.96,0.0,0.0,0.0,0.0,0.0,0.0,0.0,0.0,0.0,0.0,0.53,0.0,0.06,0.0,1.47,0.0,-0.03,-0.03,38.94,46.28,618.72,195.11,20.11,22.13,16.17,18.19,1.91,3.94,0.05,0.0,0.21,3.94,0.43,0.21,44.26,1.91,0.11,0.32,0.64,0.21,0.0,0.0,0.0,0.0,0.11,0.32,1.17,0.13,0.74,0.0,0.11,0.21,0.11,0.0,0.0,0.0,0.0,0.0,0.0,0.0,1.6,0.74,0.53,0.96,0.11,0.43,0.85,0.74,1.28,2.87,1.6,0.11,56.17,1.7,0.74,0.53,0.43,30.53,0.11,0.85,0.74,36.28,0.53,0.43,0.74,0.14,0.21,1.06,-0.85,-0.09,0.77,1.09,-0.32,-0.03,0.0,2.45,0.0,0.0,0.0,5.0,1.06
229.0,Victor Gabriel,br BRA,DF,Internacional,21-148,2004.0,9.0,9.0,810.0,9.0,2.0,0.0,2.0,2.0,0.0,0.0,0.0,0.0,0.9,0.9,0.0,1.0,8.0,24.0,8.0,0.22,0.0,0.22,0.22,0.22,0.1,0.01,0.11,0.1,0.11,Matches,6.0,3.0,50.0,0.67,0.33,0.33,0.67,14.2,0.0,0.15,1.1,1.1,455.0,523.0,87.0,7931.0,3048.0,194.0,205.0,94.6,204.0,231.0,88.3,43.0,66.0,65.2,0.1,0.0,2.0,23.0,0.0,0.0,492.0,29.0,0.0,3.0,2.0,8.0,0.0,0.0,0.0,0.0,2.0,1.0,3.0,0.33,3.0,0.0,0.0,0.0,0.0,0.0,0.0,0.0,0.0,0.0,0.0,0.0,16.0,13.0,9.0,7.0,0.0,7.0,87.5,1.0,3.0,11.0,27.0,72.0,1.0,645.0,69.0,7.0,4.0,66.7,2.0,33.3,364.0,0.0,5.0,1.0,431.0,90.0,39.1,90.0,9,0,,6,1.44,12.0,18.0,-6.0,-0.67,-0.52,12.3,13.1,-0.8,-0.09,-0.8,0.0,12.0,0.0,0.0,0.0,27.0,31.0,73.8,1.0,1.0,90.0,0.22,0.0,0.22,0.22,0.0,0.0,0.0,0.0,0.1,0.1,0.0,0.11,0.89,2.67,0.89,0.02,0.0,0.02,0.02,0.02,0.01,0.0,0.01,0.01,0.01,0.67,0.33,0.07,0.04,1.58,0.0,0.12,0.12,50.56,58.11,881.22,338.67,21.56,22.78,22.67,25.67,4.78,7.33,0.01,0.0,0.22,2.56,0.0,0.0,54.67,3.22,0.0,0.33,0.22,0.89,0.0,0.0,0.0,0.0,0.22,0.11,0.33,0.04,0.33,0.0,0.0,0.0,0.0,0.0,0.0,0.0,0.0,0.0,0.0,0.0,1.78,1.44,1.0,0.78,0.0,0.78,0.11,0.33,1.22,3.0,8.0,0.11,71.67,7.67,0.78,0.44,0.22,40.44,0.0,0.56,0.11,47.89,1.0,0.0,0.67,0.16,1.33,2.0,-0.67,-0.07,1.37,1.46,-0.09,-0.01,0.0,1.33,0.0,0.0,0.0,3.0,3.44
422.0,Vinicius Mendonça,br BRA,FW,RB Bragantino,21-215,2004.0,19.0,11.0,935.0,10.4,0.0,2.0,2.0,0.0,0.0,0.0,2.0,0.0,0.8,0.8,0.8,1.5,31.0,23.0,81.0,0.0,0.19,0.19,0.0,0.19,0.07,0.07,0.15,0.07,0.15,Matches,17.0,5.0,29.4,1.64,0.48,0.0,0.0,18.3,0.0,0.05,-0.8,-0.8,218.0,272.0,80.1,3024.0,696.0,128.0,141.0,90.8,70.0,83.0,84.3,8.0,16.0,50.0,0.8,1.2,8.0,21.0,6.0,2.0,257.0,14.0,0.0,0.0,16.0,9.0,1.0,0.0,0.0,0.0,1.0,11.0,30.0,2.89,14.0,1.0,6.0,8.0,0.0,3.0,0.29,2.0,0.0,0.0,1.0,0.0,26.0,17.0,12.0,11.0,3.0,13.0,43.3,17.0,10.0,6.0,32.0,8.0,0.0,421.0,5.0,42.0,21.0,36.8,27.0,47.4,271.0,15.0,25.0,11.0,289.0,49.0,43.3,60.0,1,8,35.0,1,1.47,7.0,11.0,-4.0,-0.39,-0.24,10.3,12.1,-1.8,-0.18,-0.01,0.0,14.0,1.0,0.0,0.0,45.0,3.0,13.6,1.83,1.06,89.9,0.0,0.19,0.19,0.0,0.0,0.0,0.19,0.0,0.08,0.08,0.08,0.14,2.98,2.21,7.79,0.0,0.02,0.02,0.0,0.02,0.01,0.01,0.01,0.01,0.01,1.63,0.48,0.16,0.05,1.76,0.0,-0.08,-0.08,20.96,26.15,290.77,66.92,12.31,13.56,6.73,7.98,0.77,1.54,0.08,0.12,0.77,2.02,0.58,0.19,24.71,1.35,0.0,0.0,1.54,0.87,0.1,0.0,0.0,0.0,0.1,1.06,2.88,0.28,1.35,0.1,0.58,0.77,0.0,0.29,0.03,0.19,0.0,0.0,0.1,0.0,2.5,1.63,1.15,1.06,0.29,1.25,1.63,0.96,0.58,3.08,0.77,0.0,40.48,0.48,4.04,2.02,2.6,26.06,1.44,2.4,1.06,27.79,0.1,0.77,0.1,0.14,0.67,1.06,-0.38,-0.04,0.99,1.16,-0.17,-0.02,0.0,1.35,0.1,0.0,0.0,4.33,0.29
675.0,Vitinho,br BRA,"FW,MF",Internacional,26-175,1999.0,13.0,7.0,615.0,6.8,1.0,0.0,1.0,1.0,0.0,0.0,4.0,0.0,1.4,1.4,0.7,2.1,7.0,13.0,39.0,0.15,0.0,0.15,0.15,0.15,0.21,0.1,0.31,0.21,0.31,Matches,12.0,2.0,16.7,1.76,0.29,0.08,0.5,13.4,0.0,0.12,-0.4,-0.4,143.0,198.0,72.2,2171.0,473.0,76.0,95.0,80.0,51.0,64.0,79.7,9.0,14.0,64.3,0.5,-0.7,7.0,4.0,4.0,1.0,189.0,9.0,0.0,2.0,15.0,1.0,8.0,2.0,6.0,0.0,0.0,10.0,10.0,1.46,7.0,1.0,0.0,1.0,0.0,1.0,0.15,0.0,0.0,0.0,0.0,0.0,11.0,4.0,6.0,5.0,0.0,5.0,41.7,7.0,10.0,5.0,16.0,6.0,0.0,281.0,5.0,19.0,3.0,25.0,7.0,58.3,153.0,3.0,15.0,8.0,200.0,,,,0,0,,7,,,,,,,,,,,,0.0,18.0,0.0,0.0,0.0,25.0,12.0,42.9,1.91,1.03,90.44,0.15,0.0,0.15,0.15,0.0,0.0,0.59,0.0,0.21,0.21,0.1,0.31,1.03,1.91,5.74,0.02,0.0,0.02,0.02,0.02,0.03,0.01,0.05,0.03,0.05,1.76,0.29,0.26,0.04,1.97,0.0,-0.06,-0.06,21.03,29.12,319.26,69.56,11.18,13.97,7.5,9.41,1.32,2.06,0.07,-0.1,1.03,0.59,0.59,0.15,27.79,1.32,0.0,0.29,2.21,0.15,1.18,0.29,0.88,0.0,0.0,1.47,1.47,0.21,1.03,0.15,0.0,0.15,0.0,0.15,0.02,0.0,0.0,0.0,0.0,0.0,1.62,0.59,0.88,0.74,0.0,0.74,1.03,1.47,0.74,2.35,0.88,0.0,41.32,0.74,2.79,0.44,1.03,22.5,0.44,2.21,1.18,29.41,0.0,0.0,1.03,,,,,,,,,,0.0,2.65,0.0,0.0,0.0,3.68,1.76
677.0,Vitinho,br BRA,DF,Botafogo (RJ),26-062,1999.0,23.0,21.0,1749.0,19.4,1.0,0.0,1.0,1.0,0.0,0.0,1.0,0.0,1.4,1.4,1.5,2.9,34.0,56.0,131.0,0.05,0.0,0.05,0.05,0.05,0.07,0.08,0.15,0.07,0.15,Matches,12.0,2.0,16.7,1.76,0.29,0.08,0.5,13.4,0.0,0.12,-0.4,-0.4,143.0,198.0,72.2,2171.0,473.0,76.0,95.0,80.0,51.0,64.0,79.7,9.0,14.0,64.3,0.5,-0.7,7.0,4.0,4.0,1.0,189.0,9.0,0.0,2.0,15.0,1.0,8.0,2.0,6.0,0.0,0.0,10.0,10.0,1.46,7.0,1.0,0.0,1.0,0.0,1.0,0.15,0.0,0.0,0.0,0.0,0.0,11.0,4.0,6.0,5.0,0.0,5.0,41.7,7.0,10.0,5.0,16.0,6.0,0.0,281.0,5.0,19.0,3.0,25.0,7.0,58.3,153.0,3.0,15.0,8.0,200.0,,,,0,0,,7,,,,,,,,,,,,0.0,18.0,0.0,0.0,0.0,25.0,12.0,42.9,1.19,1.08,90.15,0.05,0.0,0.05,0.05,0.0,0.0,0.05,0.0,0.07,0.07,0.08,0.15,1.75,2.89,6.75,0.0,0.0,0.0,0.0,0.0,0.0,0.0,0.01,0.0,0.01,0.62,0.1,0.09,0.01,0.69,0.0,-0.02,-0.02,7.37,10.21,111.91,24.38,3.92,4.9,2.63,3.3,0.46,0.72,0.03,-0.04,0.36,0.21,0.21,0.05,9.74,0.46,0.0,0.1,0.77,0.05,0.41,0.1,0.31,0.0,0.0,0.52,0.52,0.08,0.36,0.05,0.0,0.05,0.0,0.05,0.01,0.0,0.0,0.0,0.0,0.0,0.57,0.21,0.31,0.26,0.0,0.26,0.36,0.52,0.26,0.82,0.31,0.0,14.48,0.26,0.98,0.15,0.36,7.89,0.15,0.77,0.41,10.31,0.0,0.0,0.36,,,,,,,,,,0.0,0.93,0.0,0.0,0.0,1.29,0.62
284.0,Vitor Hugo,br BRA,DF,Atlético Mineiro,34-126,1991.0,9.0,6.0,519.0,5.8,0.0,0.0,0.0,0.0,0.0,0.0,1.0,0.0,0.2,0.2,0.1,0.3,2.0,15.0,0.0,0.0,0.0,0.0,0.0,0.0,0.03,0.02,0.05,0.03,0.05,Matches,4.0,0.0,0.0,0.69,0.0,0.0,,12.5,0.0,0.05,-0.2,-0.2,280.0,310.0,90.3,4490.0,1603.0,123.0,131.0,93.9,136.0,145.0,93.8,14.0,22.0,63.6,0.1,-0.1,2.0,13.0,0.0,0.0,285.0,24.0,0.0,2.0,0.0,2.0,0.0,0.0,0.0,0.0,1.0,3.0,4.0,0.69,3.0,0.0,0.0,0.0,1.0,0.0,0.0,0.0,0.0,0.0,0.0,0.0,9.0,6.0,4.0,4.0,1.0,3.0,50.0,3.0,4.0,13.0,22.0,38.0,1.0,390.0,61.0,7.0,3.0,75.0,1.0,25.0,236.0,0.0,2.0,0.0,255.0,58.0,26.2,77.0,4,3,19.0,12,1.33,4.0,7.0,-3.0,-0.52,-0.4,4.9,6.9,-2.1,-0.36,-0.59,0.0,2.0,0.0,0.0,0.0,14.0,18.0,64.3,1.55,1.03,89.48,0.0,0.0,0.0,0.0,0.0,0.0,0.17,0.0,0.03,0.03,0.02,0.05,0.34,2.59,0.0,0.0,0.0,0.0,0.0,0.0,0.01,0.0,0.01,0.01,0.01,0.69,0.0,0.12,0.0,2.16,0.0,-0.03,-0.03,48.28,53.45,774.14,276.38,21.21,22.59,23.45,25.0,2.41,3.79,0.02,-0.02,0.34,2.24,0.0,0.0,49.14,4.14,0.0,0.34,0.0,0.34,0.0,0.0,0.0,0.0,0.17,0.52,0.69,0.12,0.52,0.0,0.0,0.0,0.17,0.0,0.0,0.0,0.0,0.0,0.0,0.0,1.55,1.03,0.69,0.69,0.17,0.52,0.52,0.69,2.24,3.79,6.55,0.17,67.24,10.52,1.21,0.52,0.17,40.69,0.0,0.34,0.0,43.97,0.69,0.52,2.07,0.23,0.69,1.21,-0.52,-0.09,0.84,1.19,-0.36,-0.06,0.0,0.34,0.0,0.0,0.0,2.41,3.1
582.0,Vitor Roque,br BRA,FW,Palmeiras,20-207,2005.0,21.0,14.0,1237.0,13.7,8.0,3.0,11.0,7.0,1.0,1.0,2.0,0.0,8.5,7.7,2.2,9.9,34.0,18.0,91.0,0.58,0.22,0.8,0.51,0.73,0.62,0.16,0.77,0.56,0.72,Matches,41.0,18.0,43.9,2.98,1.31,0.17,0.39,15.6,0.0,0.19,-0.5,-0.7,141.0,199.0,70.9,2032.0,318.0,80.0,100.0,80.0,47.0,60.0,78.3,7.0,9.0,77.8,1.5,0.8,25.0,4.0,13.0,4.0,185.0,9.0,2.0,1.0,15.0,0.0,0.0,0.0,0.0,0.0,5.0,11.0,55.0,4.0,31.0,0.0,8.0,11.0,1.0,5.0,0.36,4.0,0.0,0.0,0.0,1.0,9.0,9.0,2.0,2.0,5.0,2.0,28.6,5.0,11.0,4.0,13.0,4.0,0.0,402.0,1.0,76.0,25.0,41.7,29.0,48.3,260.0,14.0,52.0,25.0,290.0,59.0,62.5,75.0,2,7,27.0,0,2.19,29.0,7.0,22.0,1.6,2.09,23.7,8.9,14.7,1.07,0.98,0.0,20.0,0.0,0.0,0.0,40.0,11.0,26.8,1.53,1.02,90.29,0.58,0.22,0.8,0.51,0.07,0.07,0.15,0.0,0.62,0.56,0.16,0.72,2.48,1.31,6.64,0.04,0.02,0.06,0.04,0.05,0.05,0.01,0.06,0.04,0.05,2.99,1.31,0.22,0.1,1.14,0.0,-0.04,-0.05,10.29,14.53,148.32,23.21,5.84,7.3,3.43,4.38,0.51,0.66,0.11,0.06,1.82,0.29,0.95,0.29,13.5,0.66,0.15,0.07,1.09,0.0,0.0,0.0,0.0,0.0,0.36,0.8,4.01,0.29,2.26,0.0,0.58,0.8,0.07,0.36,0.03,0.29,0.0,0.0,0.0,0.07,0.66,0.66,0.15,0.15,0.36,0.15,0.36,0.8,0.29,0.95,0.29,0.0,29.34,0.07,5.55,1.82,2.12,18.98,1.02,3.8,1.82,21.17,0.15,0.51,0.0,0.16,2.12,0.51,1.61,0.12,1.73,0.65,1.07,0.08,0.0,1.46,0.0,0.0,0.0,2.92,0.8
674.0,Vitão,br BRA,DF,Internacional,25-233,2000.0,17.0,17.0,1530.0,17.0,0.0,1.0,1.0,0.0,0.0,0.0,4.0,0.0,0.5,0.5,1.0,1.5,9.0,70.0,2.0,0.0,0.06,0.06,0.0,0.06,0.03,0.06,0.09,0.03,0.09,Matches,8.0,2.0,25.0,0.47,0.12,0.0,0.0,13.3,0.0,0.06,-0.5,-0.5,815.0,901.0,90.5,16271.0,5442.0,239.0,244.0,98.0,472.0,494.0,95.5,95.0,150.0,63.3,0.4,0.0,3.0,65.0,2.0,0.0,862.0,39.0,1.0,8.0,0.0,0.0,0.0,0.0,0.0,0.0,0.0,3.0,9.0,0.53,9.0,0.0,0.0,0.0,0.0,1.0,0.06,1.0,0.0,0.0,0.0,0.0,19.0,11.0,13.0,6.0,0.0,10.0,52.6,9.0,11.0,10.0,29.0,78.0,1.0,1058.0,98.0,10.0,1.0,100.0,0.0,0.0,628.0,1.0,7.0,0.0,754.0,,,,0,0,,1,,,,,,,,,,,,0.0,11.0,0.0,0.0,1.0,49.0,25.0,59.5,1.0,1.0,90.0,0.0,0.06,0.06,0.0,0.0,0.0,0.24,0.0,0.03,0.03,0.06,0.09,0.53,4.12,0.12,0.0,0.0,0.0,0.0,0.0,0.0,0.0,0.01,0.0,0.01,0.47,0.12,0.03,0.01,0.78,0.0,-0.03,-0.03,47.94,53.0,957.12,320.12,14.06,14.35,27.76,29.06,5.59,8.82,0.02,0.0,0.18,3.82,0.12,0.0,50.71,2.29,0.06,0.47,0.0,0.0,0.0,0.0,0.0,0.0,0.0,0.18,0.53,0.03,0.53,0.0,0.0,0.0,0.0,0.06,0.0,0.06,0.0,0.0,0.0,0.0,1.12,0.65,0.76,0.35,0.0,0.59,0.53,0.65,0.59,1.71,4.59,0.06,62.24,5.76,0.59,0.06,0.0,36.94,0.06,0.41,0.0,44.35,0.0,0.0,0.06,,,,,,,,,,0.0,0.65,0.0,0.0,0.06,2.88,1.47
680.0,Wagner,br BRA,DF,Grêmio,26-062,1999.0,21.0,19.0,1707.0,19.0,0.0,1.0,1.0,0.0,0.0,0.0,2.0,0.0,1.3,1.3,0.7,2.0,6.0,52.0,1.0,0.0,0.05,0.05,0.0,0.05,0.07,0.04,0.11,0.07,0.11,Matches,5.0,4.0,80.0,0.26,0.21,0.0,0.0,12.0,0.0,0.26,-1.3,-1.3,795.0,897.0,88.6,16344.0,5844.0,222.0,239.0,92.9,455.0,482.0,94.4,106.0,154.0,68.8,0.5,0.3,3.0,37.0,3.0,0.0,841.0,55.0,1.0,10.0,0.0,0.0,0.0,0.0,0.0,0.0,1.0,0.0,11.0,0.58,11.0,0.0,0.0,0.0,0.0,1.0,0.05,1.0,0.0,0.0,0.0,0.0,19.0,9.0,13.0,5.0,1.0,7.0,58.3,5.0,2.0,22.0,41.0,119.0,1.0,1088.0,164.0,12.0,1.0,50.0,1.0,50.0,614.0,0.0,6.0,0.0,701.0,81.0,82.5,87.0,18,2,29.0,2,1.19,19.0,25.0,-6.0,-0.32,-0.32,20.7,29.6,-8.9,-0.47,0.2,0.0,17.0,0.0,0.0,0.0,51.0,49.0,61.3,1.11,1.0,89.84,0.0,0.05,0.05,0.0,0.0,0.0,0.11,0.0,0.07,0.07,0.04,0.11,0.32,2.74,0.05,0.0,0.0,0.0,0.0,0.0,0.0,0.0,0.01,0.0,0.01,0.26,0.21,0.01,0.01,0.63,0.0,-0.07,-0.07,41.84,47.21,860.21,307.58,11.68,12.58,23.95,25.37,5.58,8.11,0.03,0.02,0.16,1.95,0.16,0.0,44.26,2.89,0.05,0.53,0.0,0.0,0.0,0.0,0.0,0.0,0.05,0.0,0.58,0.03,0.58,0.0,0.0,0.0,0.0,0.05,0.0,0.05,0.0,0.0,0.0,0.0,1.0,0.47,0.68,0.26,0.05,0.37,0.26,0.11,1.16,2.16,6.26,0.05,57.26,8.63,0.63,0.05,0.05,32.32,0.0,0.32,0.0,36.89,0.95,0.11,0.11,0.06,1.0,1.32,-0.32,-0.02,1.09,1.56,-0.47,-0.02,0.0,0.89,0.0,0.0,0.0,2.68,2.58
683.0,Walter,br BRA,GK,Mirassol,37-309,1987.0,17.0,17.0,1530.0,17.0,0.0,0.0,0.0,0.0,0.0,0.0,2.0,0.0,0.0,0.0,0.0,0.0,0.0,0.0,0.0,0.0,0.0,0.0,0.0,0.0,0.0,0.0,0.0,0.0,0.0,Matches,0.0,0.0,,0.0,0.0,,,,0.0,,0.0,0.0,404.0,508.0,79.5,10738.0,6522.0,49.0,49.0,100.0,235.0,238.0,98.7,116.0,215.0,54.0,0.0,0.0,0.0,3.0,0.0,0.0,413.0,95.0,0.0,1.0,0.0,0.0,0.0,0.0,0.0,0.0,0.0,1.0,2.0,0.12,1.0,1.0,0.0,0.0,0.0,0.0,0.0,0.0,0.0,0.0,0.0,0.0,0.0,0.0,0.0,0.0,0.0,0.0,,0.0,0.0,0.0,0.0,11.0,1.0,544.0,495.0,0.0,1.0,100.0,0.0,0.0,363.0,0.0,0.0,0.0,274.0,90.0,73.9,90.0,17,0,,5,2.06,30.0,14.0,16.0,0.94,0.61,24.6,19.3,5.3,0.31,-0.05,0.0,0.0,0.0,0.0,0.0,10.0,10.0,100.0,1.0,1.0,90.0,0.0,0.0,0.0,0.0,0.0,0.0,0.12,0.0,0.0,0.0,0.0,0.0,0.0,0.0,0.0,0.0,0.0,0.0,0.0,0.0,0.0,0.0,0.0,0.0,0.0,0.0,0.0,0.0,0.0,,0.0,0.0,0.0,23.76,29.88,631.65,383.65,2.88,2.88,13.82,14.0,6.82,12.65,0.0,0.0,0.0,0.18,0.0,0.0,24.29,5.59,0.0,0.06,0.0,0.0,0.0,0.0,0.0,0.0,0.0,0.06,0.12,0.01,0.06,0.06,0.0,0.0,0.0,0.0,0.0,0.0,0.0,0.0,0.0,0.0,0.0,0.0,0.0,0.0,0.0,0.0,0.0,0.0,0.0,0.0,0.65,0.06,32.0,29.12,0.0,0.06,0.0,21.35,0.0,0.0,0.0,16.12,1.0,0.0,0.29,0.12,1.76,0.82,0.94,0.06,1.45,1.14,0.31,0.02,0.0,0.0,0.0,0.0,0.0,0.59,0.59
330.0,Walter Kannemann,ar ARG,DF,Grêmio,34-193,1991.0,12.0,11.0,1051.0,11.7,0.0,0.0,0.0,0.0,0.0,0.0,6.0,0.0,0.3,0.3,0.1,0.4,3.0,24.0,2.0,0.0,0.0,0.0,0.0,0.0,0.03,0.01,0.04,0.03,0.04,Matches,3.0,0.0,0.0,0.26,0.0,0.0,,7.8,0.0,0.1,-0.3,-0.3,355.0,438.0,81.1,6964.0,2806.0,109.0,122.0,89.3,207.0,229.0,90.4,36.0,77.0,46.8,0.1,-0.1,3.0,25.0,1.0,0.0,403.0,33.0,0.0,2.0,2.0,2.0,0.0,0.0,0.0,0.0,2.0,3.0,9.0,0.77,6.0,0.0,0.0,1.0,0.0,2.0,0.17,1.0,0.0,0.0,1.0,0.0,20.0,10.0,13.0,6.0,1.0,10.0,66.7,5.0,11.0,14.0,34.0,76.0,1.0,591.0,109.0,3.0,4.0,66.7,2.0,33.3,286.0,2.0,10.0,3.0,329.0,88.0,50.8,90.0,11,1,61.0,5,1.54,14.0,12.0,2.0,0.17,0.88,14.9,17.4,-2.5,-0.21,0.6,0.0,18.0,1.0,0.0,0.0,22.0,38.0,82.6,1.03,0.94,89.83,0.0,0.0,0.0,0.0,0.0,0.0,0.51,0.0,0.03,0.03,0.01,0.03,0.26,2.05,0.17,0.0,0.0,0.0,0.0,0.0,0.0,0.0,0.0,0.0,0.0,0.26,0.0,0.02,0.0,0.67,0.0,-0.03,-0.03,30.34,37.44,595.21,239.83,9.32,10.43,17.69,19.57,3.08,6.58,0.01,-0.01,0.26,2.14,0.09,0.0,34.44,2.82,0.0,0.17,0.17,0.17,0.0,0.0,0.0,0.0,0.17,0.26,0.77,0.07,0.51,0.0,0.0,0.09,0.0,0.17,0.01,0.09,0.0,0.0,0.09,0.0,1.71,0.85,1.11,0.51,0.09,0.85,0.43,0.94,1.2,2.91,6.5,0.09,50.51,9.32,0.26,0.34,0.17,24.44,0.17,0.85,0.26,28.12,0.94,0.09,0.43,0.13,1.2,1.03,0.17,0.01,1.27,1.49,-0.21,-0.02,0.0,1.54,0.09,0.0,0.0,1.88,3.25
684.0,Wanderson,br BRA,"FW,MF",Cruzeiro,30-351,1994.0,23.0,22.0,1648.0,18.3,0.0,2.0,2.0,0.0,0.0,0.0,2.0,0.0,2.2,2.2,2.8,5.0,48.0,35.0,95.0,0.0,0.11,0.11,0.0,0.11,0.12,0.15,0.27,0.12,0.27,Matches,32.0,10.0,31.3,1.75,0.55,0.0,0.0,20.5,0.0,0.07,-2.2,-2.2,317.0,424.0,74.8,4221.0,1437.0,203.0,230.0,88.3,73.0,107.0,68.2,17.0,47.0,36.2,3.2,-0.8,33.0,19.0,24.0,11.0,369.0,53.0,1.0,0.0,59.0,4.0,38.0,9.0,2.0,0.0,2.0,12.0,62.0,3.39,41.0,9.0,4.0,2.0,0.0,5.0,0.27,5.0,0.0,0.0,0.0,0.0,9.0,7.0,4.0,4.0,1.0,6.0,30.0,14.0,14.0,6.0,15.0,16.0,0.0,615.0,15.0,37.0,32.0,49.2,31.0,47.7,335.0,18.0,42.0,19.0,362.0,72.0,76.3,74.0,2,1,24.0,0,2.04,30.0,13.0,17.0,0.93,0.05,23.1,15.5,7.7,0.42,-0.24,0.0,23.0,0.0,0.0,0.0,74.0,5.0,29.4,1.26,1.2,90.05,0.0,0.11,0.11,0.0,0.0,0.0,0.11,0.0,0.12,0.12,0.15,0.27,2.62,1.91,5.19,0.0,0.01,0.01,0.0,0.01,0.01,0.01,0.01,0.01,0.01,1.75,0.55,0.1,0.03,1.12,0.0,-0.12,-0.12,17.32,23.17,230.66,78.52,11.09,12.57,3.99,5.85,0.93,2.57,0.17,-0.04,1.8,1.04,1.31,0.6,20.16,2.9,0.05,0.0,3.22,0.22,2.08,0.49,0.11,0.0,0.11,0.66,3.39,0.19,2.24,0.49,0.22,0.11,0.0,0.27,0.01,0.27,0.0,0.0,0.0,0.0,0.49,0.38,0.22,0.22,0.05,0.33,0.77,0.77,0.33,0.82,0.87,0.0,33.61,0.82,2.02,1.75,1.69,18.31,0.98,2.3,1.04,19.78,0.11,0.05,0.0,0.11,1.64,0.71,0.93,0.05,1.26,0.85,0.42,0.02,0.0,1.26,0.0,0.0,0.0,4.04,0.27
688.0,Wendell,br BRA,DF,São Paulo,32-065,1993.0,14.0,9.0,749.0,8.3,0.0,1.0,1.0,0.0,0.0,0.0,0.0,0.0,0.3,0.3,0.9,1.2,23.0,35.0,43.0,0.0,0.12,0.12,0.0,0.12,0.04,0.11,0.14,0.04,0.14,Matches,0.0,0.0,,0.0,0.0,,,,0.0,,0.0,0.0,19.0,23.0,82.6,277.0,66.0,12.0,14.0,85.7,5.0,6.0,83.3,2.0,2.0,100.0,0.0,0.0,0.0,0.0,0.0,0.0,23.0,0.0,0.0,0.0,0.0,0.0,0.0,0.0,0.0,0.0,0.0,0.0,0.0,0.0,0.0,0.0,0.0,0.0,0.0,0.0,0.0,0.0,0.0,0.0,0.0,0.0,1.0,1.0,1.0,0.0,0.0,0.0,,0.0,1.0,3.0,4.0,2.0,2.0,30.0,1.0,0.0,0.0,,0.0,,15.0,0.0,0.0,1.0,17.0,66.0,3.1,66.0,0,0,,1,0.0,0.0,7.0,-7.0,-9.55,-9.16,0.1,3.3,-3.2,-4.32,-4.0,0.0,0.0,0.0,0.0,0.0,3.0,0.0,,1.69,1.08,90.24,0.0,0.12,0.12,0.0,0.0,0.0,0.0,0.0,0.04,0.04,0.11,0.14,2.77,4.22,5.18,0.0,0.01,0.01,0.0,0.01,0.0,0.01,0.02,0.0,0.02,0.0,0.0,0.0,0.0,,0.0,0.0,0.0,2.29,2.77,33.37,7.95,1.45,1.69,0.6,0.72,0.24,0.24,0.0,0.0,0.0,0.0,0.0,0.0,2.77,0.0,0.0,0.0,0.0,0.0,0.0,0.0,0.0,0.0,0.0,0.0,0.0,0.0,0.0,0.0,0.0,0.0,0.0,0.0,0.0,0.0,0.0,0.0,0.0,0.0,0.12,0.12,0.12,0.0,0.0,0.0,0.0,0.12,0.36,0.48,0.24,0.24,3.61,0.12,0.0,0.0,0.0,1.81,0.0,0.0,0.12,2.05,0.0,0.0,0.12,0.0,0.0,0.84,-0.84,-1.15,0.01,0.4,-0.39,-0.52,0.0,0.0,0.0,0.0,0.0,0.36,0.0
689.0,Wesley,br BRA,DF,Flamengo,22-017,2003.0,11.0,11.0,982.0,10.9,1.0,2.0,3.0,1.0,0.0,0.0,4.0,0.0,0.3,0.3,1.0,1.4,35.0,46.0,124.0,0.09,0.18,0.27,0.09,0.27,0.03,0.1,0.13,0.03,0.13,Matches,10.0,3.0,30.0,0.92,0.27,0.1,0.33,23.4,0.0,0.03,0.7,0.7,559.0,660.0,84.7,8900.0,1990.0,290.0,320.0,90.6,217.0,251.0,86.5,37.0,54.0,68.5,1.2,1.0,11.0,34.0,17.0,7.0,557.0,102.0,0.0,8.0,50.0,88.0,0.0,0.0,0.0,0.0,1.0,10.0,28.0,2.57,24.0,0.0,0.0,4.0,0.0,4.0,0.37,2.0,0.0,0.0,2.0,0.0,29.0,20.0,15.0,11.0,3.0,13.0,54.2,11.0,9.0,12.0,41.0,16.0,1.0,784.0,15.0,24.0,15.0,50.0,11.0,36.7,477.0,11.0,25.0,13.0,544.0,89.0,47.4,89.0,10,0,,3,1.91,20.0,5.0,15.0,1.37,-0.45,15.6,5.2,10.4,0.95,0.18,0.0,16.0,0.0,0.0,0.0,49.0,7.0,41.2,1.01,1.01,90.09,0.09,0.18,0.28,0.09,0.0,0.0,0.37,0.0,0.03,0.03,0.09,0.13,3.21,4.22,11.38,0.01,0.02,0.02,0.01,0.02,0.0,0.01,0.01,0.0,0.01,0.92,0.28,0.08,0.02,2.15,0.0,0.06,0.06,51.28,60.55,816.51,182.57,26.61,29.36,19.91,23.03,3.39,4.95,0.11,0.09,1.01,3.12,1.56,0.64,51.1,9.36,0.0,0.73,4.59,8.07,0.0,0.0,0.0,0.0,0.09,0.92,2.57,0.24,2.2,0.0,0.0,0.37,0.0,0.37,0.03,0.18,0.0,0.0,0.18,0.0,2.66,1.83,1.38,1.01,0.28,1.19,1.01,0.83,1.1,3.76,1.47,0.09,71.93,1.38,2.2,1.38,1.01,43.76,1.01,2.29,1.19,49.91,0.92,0.0,0.28,0.18,1.83,0.46,1.38,0.13,1.43,0.48,0.95,0.09,0.0,1.47,0.0,0.0,0.0,4.5,0.64
690.0,Wesley,br BRA,"FW,MF",Internacional,26-177,1999.0,18.0,16.0,1233.0,13.7,0.0,3.0,3.0,0.0,0.0,0.0,2.0,0.0,2.3,2.3,1.8,4.1,49.0,38.0,116.0,0.0,0.22,0.22,0.0,0.22,0.17,0.13,0.3,0.17,0.3,Matches,10.0,3.0,30.0,0.92,0.27,0.1,0.33,23.4,0.0,0.03,0.7,0.7,559.0,660.0,84.7,8900.0,1990.0,290.0,320.0,90.6,217.0,251.0,86.5,37.0,54.0,68.5,1.2,1.0,11.0,34.0,17.0,7.0,557.0,102.0,0.0,8.0,50.0,88.0,0.0,0.0,0.0,0.0,1.0,10.0,28.0,2.57,24.0,0.0,0.0,4.0,0.0,4.0,0.37,2.0,0.0,0.0,2.0,0.0,29.0,20.0,15.0,11.0,3.0,13.0,54.2,11.0,9.0,12.0,41.0,16.0,1.0,784.0,15.0,24.0,15.0,50.0,11.0,36.7,477.0,11.0,25.0,13.0,544.0,89.0,47.4,89.0,10,0,,3,1.91,20.0,5.0,15.0,1.37,-0.45,15.6,5.2,10.4,0.95,0.18,0.0,16.0,0.0,0.0,0.0,49.0,7.0,41.2,1.31,1.17,90.0,0.0,0.22,0.22,0.0,0.0,0.0,0.15,0.0,0.17,0.17,0.13,0.3,3.58,2.77,8.47,0.0,0.02,0.02,0.0,0.02,0.01,0.01,0.02,0.01,0.02,0.73,0.22,0.07,0.02,1.71,0.0,0.05,0.05,40.8,48.18,649.64,145.26,21.17,23.36,15.84,18.32,2.7,3.94,0.09,0.07,0.8,2.48,1.24,0.51,40.66,7.45,0.0,0.58,3.65,6.42,0.0,0.0,0.0,0.0,0.07,0.73,2.04,0.19,1.75,0.0,0.0,0.29,0.0,0.29,0.03,0.15,0.0,0.0,0.15,0.0,2.12,1.46,1.09,0.8,0.22,0.95,0.8,0.66,0.88,2.99,1.17,0.07,57.23,1.09,1.75,1.09,0.8,34.82,0.8,1.82,0.95,39.71,0.73,0.0,0.22,0.14,1.46,0.36,1.09,0.1,1.14,0.38,0.76,0.07,0.0,1.17,0.0,0.0,0.0,3.58,0.51
25.0,Wilker Ángel,ve VEN,DF,Juventude,32-189,1993.0,15.0,13.0,1236.0,13.7,1.0,0.0,1.0,1.0,0.0,0.0,4.0,0.0,0.5,0.5,0.0,0.5,2.0,23.0,0.0,0.07,0.0,0.07,0.07,0.07,0.04,0.0,0.04,0.04,0.04,Matches,10.0,5.0,50.0,0.73,0.36,0.1,0.2,11.3,0.0,0.05,0.5,0.5,452.0,528.0,85.6,9275.0,3213.0,122.0,125.0,97.6,275.0,297.0,92.6,53.0,103.0,51.5,0.0,0.0,1.0,11.0,0.0,0.0,496.0,32.0,0.0,6.0,0.0,1.0,0.0,0.0,0.0,0.0,0.0,1.0,5.0,0.36,3.0,0.0,0.0,0.0,0.0,0.0,0.0,0.0,0.0,0.0,0.0,0.0,10.0,5.0,5.0,4.0,1.0,6.0,66.7,3.0,2.0,10.0,20.0,97.0,3.0,700.0,136.0,10.0,1.0,50.0,0.0,0.0,352.0,0.0,2.0,0.0,429.0,82.0,59.7,89.0,12,2,41.0,5,1.0,12.0,26.0,-14.0,-1.02,0.28,10.3,23.9,-13.6,-0.99,-0.18,0.0,22.0,0.0,1.0,0.0,20.0,37.0,74.0,1.09,0.95,90.22,0.07,0.0,0.07,0.07,0.0,0.0,0.29,0.0,0.04,0.04,0.0,0.04,0.15,1.68,0.0,0.01,0.0,0.01,0.01,0.01,0.0,0.0,0.0,0.0,0.0,0.73,0.36,0.05,0.03,0.82,0.0,0.04,0.04,32.99,38.54,677.01,234.53,8.91,9.12,20.07,21.68,3.87,7.52,0.0,0.0,0.07,0.8,0.0,0.0,36.2,2.34,0.0,0.44,0.0,0.07,0.0,0.0,0.0,0.0,0.0,0.07,0.36,0.03,0.22,0.0,0.0,0.0,0.0,0.0,0.0,0.0,0.0,0.0,0.0,0.0,0.73,0.36,0.36,0.29,0.07,0.44,0.22,0.15,0.73,1.46,7.08,0.22,51.09,9.93,0.73,0.07,0.0,25.69,0.0,0.15,0.0,31.31,0.88,0.15,0.36,0.07,0.88,1.9,-1.02,-0.07,0.75,1.74,-0.99,-0.07,0.0,1.61,0.0,0.07,0.0,1.46,2.7
693.0,William,br BRA,DF,Cruzeiro,30-173,1995.0,18.0,14.0,1296.0,14.4,0.0,4.0,4.0,0.0,0.0,0.0,1.0,0.0,0.5,0.5,3.8,4.3,25.0,51.0,85.0,0.0,0.28,0.28,0.0,0.28,0.04,0.26,0.3,0.04,0.3,Matches,14.0,4.0,28.6,0.97,0.28,0.0,0.0,21.9,1.0,0.04,-0.5,-0.5,597.0,818.0,73.0,10174.0,4224.0,313.0,359.0,87.2,187.0,263.0,71.1,81.0,153.0,52.9,2.5,0.2,26.0,41.0,20.0,13.0,623.0,193.0,2.0,6.0,87.0,149.0,21.0,4.0,8.0,0.0,2.0,21.0,53.0,3.68,36.0,10.0,2.0,2.0,2.0,7.0,0.49,5.0,1.0,1.0,0.0,0.0,46.0,27.0,23.0,20.0,3.0,31.0,47.0,35.0,17.0,25.0,71.0,54.0,1.0,1040.0,58.0,24.0,18.0,43.9,22.0,53.7,498.0,5.0,21.0,12.0,530.0,72.0,60.0,85.0,13,4,27.0,2,2.33,22.0,10.0,12.0,0.83,-0.21,18.3,13.1,5.2,0.36,-0.29,0.0,20.0,0.0,0.0,0.0,84.0,9.0,39.1,1.25,0.97,90.0,0.0,0.28,0.28,0.0,0.0,0.0,0.07,0.0,0.03,0.03,0.26,0.3,1.74,3.54,5.9,0.0,0.02,0.02,0.0,0.02,0.0,0.02,0.02,0.0,0.02,0.97,0.28,0.07,0.02,1.52,0.07,-0.03,-0.03,41.46,56.81,706.53,293.33,21.74,24.93,12.99,18.26,5.62,10.62,0.17,0.01,1.81,2.85,1.39,0.9,43.26,13.4,0.14,0.42,6.04,10.35,1.46,0.28,0.56,0.0,0.14,1.46,3.68,0.26,2.5,0.69,0.14,0.14,0.14,0.49,0.03,0.35,0.07,0.07,0.0,0.0,3.19,1.88,1.6,1.39,0.21,2.15,2.43,1.18,1.74,4.93,3.75,0.07,72.22,4.03,1.67,1.25,1.53,34.58,0.35,1.46,0.83,36.81,0.9,0.28,0.14,0.16,1.53,0.69,0.83,0.06,1.27,0.91,0.36,0.02,0.0,1.39,0.0,0.0,0.0,5.83,0.62
694.0,Willian,br BRA,MF,Vitória,32-130,1993.0,11.0,8.0,679.0,7.5,0.0,0.0,0.0,0.0,0.0,0.0,4.0,0.0,0.6,0.6,0.1,0.7,2.0,16.0,8.0,0.0,0.0,0.0,0.0,0.0,0.08,0.01,0.09,0.08,0.09,Matches,11.0,1.0,9.1,1.46,0.13,0.0,0.0,19.3,0.0,0.06,-0.6,-0.6,204.0,243.0,84.0,3394.0,736.0,102.0,113.0,90.3,80.0,93.0,86.0,17.0,24.0,70.8,0.1,-0.1,2.0,26.0,0.0,0.0,238.0,5.0,0.0,3.0,1.0,2.0,0.0,0.0,0.0,0.0,0.0,7.0,6.0,0.8,5.0,0.0,0.0,0.0,0.0,0.0,0.0,0.0,0.0,0.0,0.0,0.0,13.0,7.0,6.0,7.0,0.0,7.0,53.8,6.0,6.0,15.0,28.0,19.0,0.0,318.0,21.0,11.0,2.0,100.0,0.0,0.0,143.0,0.0,11.0,6.0,186.0,62.0,31.4,75.0,3,3,26.0,2,0.73,3.0,6.0,-3.0,-0.4,0.39,6.1,9.6,-3.5,-0.46,-0.04,0.0,16.0,0.0,0.0,0.0,39.0,6.0,46.2,1.47,1.07,90.53,0.0,0.0,0.0,0.0,0.0,0.0,0.53,0.0,0.08,0.08,0.01,0.09,0.27,2.13,1.07,0.0,0.0,0.0,0.0,0.0,0.01,0.0,0.01,0.01,0.01,1.47,0.13,0.19,0.02,2.57,0.0,-0.08,-0.08,27.2,32.4,452.53,98.13,13.6,15.07,10.67,12.4,2.27,3.2,0.01,-0.01,0.27,3.47,0.0,0.0,31.73,0.67,0.0,0.4,0.13,0.27,0.0,0.0,0.0,0.0,0.0,0.93,0.8,0.11,0.67,0.0,0.0,0.0,0.0,0.0,0.0,0.0,0.0,0.0,0.0,0.0,1.73,0.93,0.8,0.93,0.0,0.93,0.8,0.8,2.0,3.73,2.53,0.0,42.4,2.8,1.47,0.27,0.0,19.07,0.0,1.47,0.8,24.8,0.4,0.4,0.27,0.1,0.4,0.8,-0.4,-0.05,0.81,1.28,-0.47,-0.06,0.0,2.13,0.0,0.0,0.0,5.2,0.8
322.0,Willian José,br BRA,FW,Bahia,33-304,1991.0,18.0,14.0,1002.0,11.1,4.0,4.0,8.0,2.0,2.0,2.0,2.0,0.0,5.2,3.6,1.9,5.5,2.0,16.0,46.0,0.36,0.36,0.72,0.18,0.54,0.47,0.17,0.64,0.32,0.49,Matches,29.0,11.0,37.9,2.6,0.99,0.07,0.18,16.1,5.0,0.13,-1.2,-1.6,201.0,254.0,79.1,2638.0,468.0,123.0,142.0,86.6,57.0,74.0,77.0,5.0,7.0,71.4,0.8,2.1,17.0,5.0,7.0,0.0,245.0,8.0,3.0,0.0,1.0,1.0,0.0,0.0,0.0,0.0,1.0,5.0,29.0,2.61,21.0,0.0,2.0,0.0,0.0,4.0,0.36,4.0,0.0,0.0,0.0,0.0,4.0,2.0,1.0,1.0,2.0,1.0,33.3,2.0,2.0,5.0,9.0,12.0,1.0,356.0,15.0,54.0,10.0,83.3,2.0,16.7,176.0,2.0,23.0,16.0,249.0,56.0,50.6,66.0,1,4,19.0,2,1.78,15.0,8.0,7.0,0.63,0.81,15.6,11.6,3.9,0.35,0.65,0.0,5.0,0.0,0.0,0.0,33.0,19.0,38.0,1.62,1.26,90.27,0.36,0.36,0.72,0.18,0.18,0.18,0.18,0.0,0.47,0.32,0.17,0.5,0.18,1.44,4.14,0.03,0.03,0.06,0.02,0.05,0.04,0.02,0.06,0.03,0.04,2.61,0.99,0.23,0.09,1.45,0.45,-0.11,-0.14,18.11,22.88,237.66,42.16,11.08,12.79,5.14,6.67,0.45,0.63,0.07,0.19,1.53,0.45,0.63,0.0,22.07,0.72,0.27,0.0,0.09,0.09,0.0,0.0,0.0,0.0,0.09,0.45,2.61,0.24,1.89,0.0,0.18,0.0,0.0,0.36,0.03,0.36,0.0,0.0,0.0,0.0,0.36,0.18,0.09,0.09,0.18,0.09,0.18,0.18,0.45,0.81,1.08,0.09,32.07,1.35,4.86,0.9,0.18,15.86,0.18,2.07,1.44,22.43,0.09,0.36,0.18,0.16,1.35,0.72,0.63,0.06,1.41,1.05,0.35,0.03,0.0,0.45,0.0,0.0,0.0,2.97,1.71
374.0,Willian Machado,br BRA,DF,Ceará,28-314,1996.0,22.0,22.0,1959.0,21.8,0.0,0.0,0.0,0.0,0.0,0.0,3.0,0.0,0.5,0.5,0.0,0.5,6.0,44.0,1.0,0.0,0.0,0.0,0.0,0.0,0.02,0.0,0.02,0.02,0.02,Matches,13.0,5.0,38.5,0.6,0.23,0.0,0.0,14.4,0.0,0.04,-0.5,-0.5,679.0,804.0,84.5,14652.0,5012.0,149.0,160.0,93.1,430.0,473.0,90.9,99.0,161.0,61.5,0.1,0.0,2.0,43.0,1.0,0.0,752.0,47.0,0.0,6.0,4.0,7.0,0.0,0.0,0.0,0.0,5.0,3.0,10.0,0.46,6.0,1.0,1.0,1.0,1.0,0.0,0.0,0.0,0.0,0.0,0.0,0.0,28.0,17.0,18.0,10.0,0.0,10.0,66.7,5.0,9.0,19.0,47.0,170.0,1.0,1076.0,208.0,18.0,4.0,66.7,1.0,16.7,541.0,0.0,8.0,1.0,632.0,89.0,94.6,89.0,21,0,,0,1.27,22.0,22.0,0.0,0.0,0.81,23.4,23.6,-0.2,-0.01,-0.16,0.0,11.0,0.0,1.0,0.0,42.0,54.0,80.6,1.01,1.01,89.86,0.0,0.0,0.0,0.0,0.0,0.0,0.14,0.0,0.02,0.02,0.0,0.02,0.28,2.02,0.05,0.0,0.0,0.0,0.0,0.0,0.0,0.0,0.0,0.0,0.0,0.6,0.23,0.03,0.01,0.66,0.0,-0.02,-0.02,31.15,36.88,672.11,229.91,6.83,7.34,19.72,21.7,4.54,7.39,0.0,0.0,0.09,1.97,0.05,0.0,34.5,2.16,0.0,0.28,0.18,0.32,0.0,0.0,0.0,0.0,0.23,0.14,0.46,0.02,0.28,0.05,0.05,0.05,0.05,0.0,0.0,0.0,0.0,0.0,0.0,0.0,1.28,0.78,0.83,0.46,0.0,0.46,0.23,0.41,0.87,2.16,7.8,0.05,49.36,9.54,0.83,0.18,0.05,24.82,0.0,0.37,0.05,28.99,0.96,0.0,0.0,0.06,1.01,1.01,0.0,0.0,1.07,1.08,-0.01,-0.0,0.0,0.5,0.0,0.05,0.0,1.93,2.48
692.0,Wéverton,br BRA,GK,Palmeiras,37-284,1987.0,21.0,21.0,1890.0,21.0,0.0,0.0,0.0,0.0,0.0,0.0,2.0,0.0,0.0,0.0,0.2,0.2,0.0,0.0,0.0,0.0,0.0,0.0,0.0,0.0,0.0,0.01,0.01,0.0,0.01,Matches,0.0,0.0,,0.0,0.0,,,,0.0,,0.0,0.0,388.0,614.0,63.2,11181.0,7804.0,52.0,52.0,100.0,209.0,211.0,99.1,125.0,345.0,36.2,0.1,-0.2,1.0,14.0,0.0,0.0,440.0,172.0,0.0,1.0,0.0,0.0,0.0,0.0,0.0,0.0,2.0,2.0,5.0,0.24,5.0,0.0,0.0,0.0,0.0,0.0,0.0,0.0,0.0,0.0,0.0,0.0,0.0,0.0,0.0,0.0,0.0,0.0,,0.0,0.0,0.0,0.0,7.0,1.0,650.0,510.0,0.0,0.0,,0.0,,376.0,0.0,0.0,0.0,318.0,90.0,95.5,90.0,21,0,,0,2.23,36.0,18.0,18.0,0.86,0.86,31.7,17.0,14.7,0.7,-0.07,0.0,0.0,0.0,0.0,0.0,24.0,0.0,,1.0,1.0,90.0,0.0,0.0,0.0,0.0,0.0,0.0,0.1,0.0,0.0,0.0,0.01,0.01,0.0,0.0,0.0,0.0,0.0,0.0,0.0,0.0,0.0,0.0,0.0,0.0,0.0,0.0,0.0,0.0,0.0,,0.0,0.0,0.0,18.48,29.24,532.43,371.62,2.48,2.48,9.95,10.05,5.95,16.43,0.0,-0.01,0.05,0.67,0.0,0.0,20.95,8.19,0.0,0.05,0.0,0.0,0.0,0.0,0.0,0.0,0.1,0.1,0.24,0.01,0.24,0.0,0.0,0.0,0.0,0.0,0.0,0.0,0.0,0.0,0.0,0.0,0.0,0.0,0.0,0.0,0.0,0.0,0.0,0.0,0.0,0.0,0.33,0.05,30.95,24.29,0.0,0.0,0.0,17.9,0.0,0.0,0.0,15.14,1.0,0.0,0.0,0.11,1.71,0.86,0.86,0.04,1.51,0.81,0.7,0.03,0.0,0.0,0.0,0.0,0.0,1.14,0.0
699.0,Yago,br BRA,"MF,FW",Mirassol,30-232,1995.0,14.0,6.0,515.0,5.7,0.0,1.0,1.0,0.0,0.0,0.0,1.0,0.0,0.3,0.3,0.5,0.8,7.0,36.0,18.0,0.0,0.17,0.17,0.0,0.17,0.05,0.08,0.13,0.05,0.13,Matches,6.0,0.0,0.0,1.05,0.0,0.0,,20.6,0.0,0.05,-0.3,-0.3,197.0,247.0,79.8,2954.0,817.0,113.0,131.0,86.3,65.0,79.0,82.3,13.0,19.0,68.4,0.8,0.5,4.0,19.0,6.0,1.0,235.0,11.0,2.0,0.0,3.0,2.0,0.0,0.0,0.0,0.0,1.0,8.0,13.0,2.27,11.0,0.0,0.0,1.0,0.0,1.0,0.17,1.0,0.0,0.0,0.0,0.0,15.0,7.0,6.0,8.0,1.0,4.0,33.3,8.0,7.0,4.0,19.0,5.0,1.0,315.0,4.0,10.0,1.0,14.3,2.0,28.6,188.0,2.0,10.0,7.0,225.0,37.0,24.9,62.0,0,8,18.0,5,1.71,7.0,6.0,1.0,0.17,-0.81,5.4,5.5,-0.1,-0.01,-0.45,0.0,9.0,0.0,0.0,0.0,29.0,4.0,66.7,2.46,1.05,90.35,0.0,0.18,0.18,0.0,0.0,0.0,0.18,0.0,0.05,0.05,0.09,0.14,1.23,6.32,3.16,0.0,0.03,0.03,0.0,0.03,0.01,0.01,0.02,0.01,0.02,1.05,0.0,0.18,0.0,3.61,0.0,-0.05,-0.05,34.56,43.33,518.25,143.33,19.82,22.98,11.4,13.86,2.28,3.33,0.14,0.09,0.7,3.33,1.05,0.18,41.23,1.93,0.35,0.0,0.53,0.35,0.0,0.0,0.0,0.0,0.18,1.4,2.28,0.4,1.93,0.0,0.0,0.18,0.0,0.18,0.03,0.18,0.0,0.0,0.0,0.0,2.63,1.23,1.05,1.4,0.18,0.7,1.4,1.23,0.7,3.33,0.88,0.18,55.26,0.7,1.75,0.18,0.35,32.98,0.35,1.75,1.23,39.47,0.0,1.4,0.88,0.3,1.23,1.05,0.18,0.03,0.95,0.96,-0.02,-0.0,0.0,1.58,0.0,0.0,0.0,5.09,0.7
503.0,Yago Pikachu,br BRA,"FW,MF",Fortaleza,33-110,1992.0,20.0,11.0,1075.0,11.9,2.0,0.0,2.0,0.0,2.0,2.0,2.0,0.0,2.8,1.3,1.6,2.8,18.0,39.0,83.0,0.17,0.0,0.17,0.0,0.0,0.24,0.13,0.37,0.11,0.24,Matches,17.0,4.0,23.5,1.42,0.33,0.0,0.0,21.6,1.0,0.07,-0.8,-1.3,330.0,422.0,78.2,5516.0,1501.0,163.0,188.0,86.7,120.0,148.0,81.1,32.0,53.0,60.4,1.5,-1.6,19.0,31.0,13.0,5.0,373.0,46.0,1.0,3.0,49.0,19.0,20.0,0.0,17.0,0.0,3.0,10.0,40.0,3.35,28.0,6.0,0.0,3.0,1.0,5.0,0.42,3.0,0.0,0.0,1.0,0.0,14.0,6.0,7.0,4.0,3.0,9.0,75.0,3.0,4.0,2.0,16.0,13.0,0.0,508.0,16.0,42.0,8.0,88.9,1.0,11.1,299.0,4.0,13.0,10.0,349.0,54.0,51.9,80.0,5,9,21.0,3,0.85,11.0,15.0,-4.0,-0.33,0.66,12.8,16.3,-3.5,-0.29,0.04,0.0,10.0,1.0,0.0,0.0,40.0,2.0,16.7,1.68,0.92,90.34,0.17,0.0,0.17,0.0,0.17,0.17,0.17,0.0,0.24,0.11,0.13,0.24,1.51,3.28,6.97,0.01,0.0,0.01,0.0,0.0,0.02,0.01,0.03,0.01,0.02,1.43,0.34,0.12,0.03,1.82,0.08,-0.07,-0.11,27.73,35.46,463.53,126.13,13.7,15.8,10.08,12.44,2.69,4.45,0.13,-0.13,1.6,2.61,1.09,0.42,31.34,3.87,0.08,0.25,4.12,1.6,1.68,0.0,1.43,0.0,0.25,0.84,3.36,0.28,2.35,0.5,0.0,0.25,0.08,0.42,0.04,0.25,0.0,0.0,0.08,0.0,1.18,0.5,0.59,0.34,0.25,0.76,0.25,0.34,0.17,1.34,1.09,0.0,42.69,1.34,3.53,0.67,0.08,25.13,0.34,1.09,0.84,29.33,0.42,0.76,0.25,0.07,0.92,1.26,-0.34,-0.03,1.08,1.37,-0.29,-0.02,0.0,0.84,0.08,0.0,0.0,3.36,0.17
7.0,Yuri Alberto,br BRA,FW,Corinthians,24-189,2001.0,15.0,10.0,1041.0,11.6,5.0,1.0,6.0,4.0,1.0,1.0,2.0,0.0,5.1,4.3,1.0,5.3,15.0,17.0,68.0,0.43,0.09,0.52,0.35,0.43,0.44,0.08,0.52,0.37,0.45,Matches,37.0,13.0,35.1,3.2,1.12,0.11,0.31,16.2,0.0,0.12,-0.1,-0.3,136.0,181.0,75.1,1882.0,390.0,75.0,94.0,79.8,49.0,62.0,79.0,3.0,6.0,50.0,0.3,0.0,10.0,15.0,5.0,1.0,165.0,16.0,0.0,3.0,1.0,2.0,0.0,0.0,0.0,0.0,0.0,5.0,28.0,2.42,15.0,0.0,4.0,4.0,0.0,3.0,0.26,1.0,0.0,1.0,0.0,0.0,5.0,2.0,0.0,2.0,3.0,4.0,57.1,3.0,1.0,2.0,7.0,6.0,0.0,279.0,6.0,50.0,8.0,50.0,8.0,50.0,160.0,8.0,26.0,5.0,216.0,69.0,48.2,85.0,7,5,38.0,0,1.27,13.0,16.0,-3.0,-0.26,-0.1,12.2,12.7,-0.5,-0.04,0.15,0.0,12.0,0.0,0.0,0.0,26.0,19.0,48.7,1.29,0.86,89.74,0.43,0.09,0.52,0.34,0.09,0.09,0.17,0.0,0.44,0.37,0.09,0.46,1.29,1.47,5.86,0.04,0.01,0.04,0.03,0.04,0.04,0.01,0.04,0.03,0.04,3.19,1.12,0.28,0.1,1.4,0.0,-0.01,-0.03,11.72,15.6,162.24,33.62,6.47,8.1,4.22,5.34,0.26,0.52,0.03,0.0,0.86,1.29,0.43,0.09,14.22,1.38,0.0,0.26,0.09,0.17,0.0,0.0,0.0,0.0,0.0,0.43,2.41,0.21,1.29,0.0,0.34,0.34,0.0,0.26,0.02,0.09,0.0,0.09,0.0,0.0,0.43,0.17,0.0,0.17,0.26,0.34,0.26,0.09,0.17,0.6,0.52,0.0,24.05,0.52,4.31,0.69,0.69,13.79,0.69,2.24,0.43,18.62,0.6,0.43,0.0,0.11,1.12,1.38,-0.26,-0.02,1.05,1.09,-0.04,-0.0,0.0,1.03,0.0,0.0,0.0,2.24,1.64
299.0,Zé Ivaldo,br BRA,DF,Santos,28-214,1997.0,14.0,13.0,1179.0,13.1,1.0,0.0,1.0,1.0,0.0,0.0,6.0,1.0,0.9,0.9,0.0,0.9,6.0,35.0,0.0,0.08,0.0,0.08,0.08,0.08,0.07,0.0,0.07,0.07,0.07,Matches,13.0,1.0,7.7,0.99,0.08,0.08,1.0,16.9,0.0,0.07,0.1,0.1,528.0,610.0,86.6,10641.0,4315.0,170.0,185.0,91.9,291.0,309.0,94.2,63.0,109.0,57.8,0.3,0.0,0.0,37.0,2.0,0.0,572.0,38.0,0.0,10.0,4.0,1.0,0.0,0.0,0.0,0.0,0.0,3.0,7.0,0.53,3.0,1.0,0.0,0.0,2.0,3.0,0.23,1.0,1.0,0.0,0.0,0.0,18.0,12.0,11.0,6.0,1.0,13.0,59.1,9.0,5.0,13.0,31.0,67.0,0.0,752.0,119.0,14.0,2.0,50.0,1.0,25.0,447.0,0.0,8.0,1.0,484.0,84.0,57.0,87.0,12,1,45.0,1,0.71,8.0,17.0,-9.0,-0.69,-0.59,12.2,15.0,-2.8,-0.21,-0.05,1.0,16.0,0.0,1.0,0.0,53.0,33.0,76.7,1.07,0.99,90.0,0.08,0.0,0.08,0.08,0.0,0.0,0.46,0.08,0.07,0.07,0.0,0.07,0.46,2.67,0.0,0.01,0.0,0.01,0.01,0.01,0.01,0.0,0.01,0.01,0.01,0.99,0.08,0.08,0.01,1.29,0.0,0.01,0.01,40.31,46.56,812.29,329.39,12.98,14.12,22.21,23.59,4.81,8.32,0.02,0.0,0.0,2.82,0.15,0.0,43.66,2.9,0.0,0.76,0.31,0.08,0.0,0.0,0.0,0.0,0.0,0.23,0.53,0.04,0.23,0.08,0.0,0.0,0.15,0.23,0.02,0.08,0.08,0.0,0.0,0.0,1.37,0.92,0.84,0.46,0.08,0.99,0.69,0.38,0.99,2.37,5.11,0.0,57.4,9.08,1.07,0.15,0.08,34.12,0.0,0.61,0.08,36.95,0.92,0.08,0.08,0.05,0.61,1.3,-0.69,-0.05,0.93,1.15,-0.21,-0.02,0.08,1.22,0.0,0.08,0.0,4.05,2.52
365.0,Zé Lucas,br BRA,MF,Sport Recife,17-184,2008.0,19.0,16.0,1233.0,13.7,0.0,0.0,0.0,0.0,0.0,0.0,3.0,0.0,0.9,0.9,0.8,1.7,13.0,40.0,32.0,0.0,0.0,0.0,0.0,0.0,0.07,0.06,0.12,0.07,0.12,Matches,14.0,3.0,21.4,1.02,0.22,0.0,0.0,20.2,0.0,0.07,-0.9,-0.9,356.0,461.0,77.2,5788.0,1423.0,173.0,204.0,84.8,142.0,169.0,84.0,28.0,43.0,65.1,0.3,-0.8,11.0,47.0,6.0,0.0,455.0,5.0,0.0,1.0,5.0,2.0,0.0,0.0,0.0,0.0,1.0,17.0,24.0,1.75,18.0,0.0,2.0,2.0,1.0,1.0,0.07,1.0,0.0,0.0,0.0,0.0,34.0,19.0,14.0,16.0,4.0,15.0,46.9,17.0,20.0,22.0,56.0,25.0,2.0,654.0,30.0,17.0,12.0,57.1,9.0,42.9,313.0,3.0,31.0,5.0,365.0,65.0,62.3,74.0,3,3,18.0,0,0.68,8.0,17.0,-9.0,-0.66,0.43,14.5,18.5,-4.0,-0.3,0.63,0.0,23.0,0.0,0.0,0.0,81.0,10.0,27.0,1.39,1.17,90.0,0.0,0.0,0.0,0.0,0.0,0.0,0.22,0.0,0.07,0.07,0.06,0.12,0.95,2.92,2.34,0.0,0.0,0.0,0.0,0.0,0.01,0.0,0.01,0.01,0.01,1.02,0.22,0.07,0.02,1.47,0.0,-0.07,-0.07,25.99,33.65,422.48,103.87,12.63,14.89,10.36,12.34,2.04,3.14,0.02,-0.06,0.8,3.43,0.44,0.0,33.21,0.36,0.0,0.07,0.36,0.15,0.0,0.0,0.0,0.0,0.07,1.24,1.75,0.13,1.31,0.0,0.15,0.15,0.07,0.07,0.01,0.07,0.0,0.0,0.0,0.0,2.48,1.39,1.02,1.17,0.29,1.09,1.24,1.46,1.61,4.09,1.82,0.15,47.74,2.19,1.24,0.88,0.66,22.85,0.22,2.26,0.36,26.64,0.22,0.22,0.0,0.05,0.58,1.24,-0.66,-0.05,1.06,1.35,-0.29,-0.02,0.0,1.68,0.0,0.0,0.0,5.91,0.73
390.0,Zé Marcos,br BRA,DF,Vitória,27-234,1998.0,17.0,16.0,1485.0,16.5,0.0,1.0,1.0,0.0,0.0,0.0,3.0,0.0,0.4,0.4,0.3,0.7,6.0,47.0,1.0,0.0,0.06,0.06,0.0,0.06,0.03,0.02,0.04,0.03,0.04,Matches,5.0,0.0,0.0,0.3,0.0,0.0,,14.2,0.0,0.09,-0.4,-0.4,617.0,758.0,81.4,12132.0,4256.0,175.0,190.0,92.1,385.0,416.0,92.5,53.0,129.0,41.1,0.1,0.7,5.0,41.0,1.0,0.0,722.0,32.0,0.0,7.0,3.0,2.0,0.0,0.0,0.0,0.0,4.0,13.0,14.0,0.85,10.0,0.0,1.0,0.0,1.0,0.0,0.0,0.0,0.0,0.0,0.0,0.0,11.0,9.0,6.0,4.0,1.0,5.0,71.4,2.0,3.0,11.0,22.0,102.0,0.0,925.0,113.0,11.0,2.0,66.7,1.0,33.3,537.0,0.0,9.0,3.0,618.0,87.0,68.8,90.0,16,1,45.0,4,0.88,13.0,25.0,-12.0,-0.73,-0.19,14.0,26.9,-12.8,-0.78,-1.1,0.0,13.0,0.0,0.0,0.0,35.0,30.0,50.0,1.03,0.97,90.0,0.0,0.06,0.06,0.0,0.0,0.0,0.18,0.0,0.02,0.02,0.02,0.04,0.36,2.85,0.06,0.0,0.0,0.0,0.0,0.0,0.0,0.0,0.0,0.0,0.0,0.3,0.0,0.02,0.0,0.86,0.0,-0.02,-0.02,37.39,45.94,735.27,257.94,10.61,11.52,23.33,25.21,3.21,7.82,0.01,0.04,0.3,2.48,0.06,0.0,43.76,1.94,0.0,0.42,0.18,0.12,0.0,0.0,0.0,0.0,0.24,0.79,0.85,0.05,0.61,0.0,0.06,0.0,0.06,0.0,0.0,0.0,0.0,0.0,0.0,0.0,0.67,0.55,0.36,0.24,0.06,0.3,0.12,0.18,0.67,1.33,6.18,0.0,56.06,6.85,0.67,0.12,0.06,32.55,0.0,0.55,0.18,37.45,0.97,0.06,0.24,0.05,0.79,1.52,-0.73,-0.04,0.85,1.63,-0.78,-0.05,0.0,0.79,0.0,0.0,0.0,2.12,1.82
521.0,Zé Rafael,br BRA,MF,Santos,32-099,1993.0,14.0,11.0,913.0,10.1,0.0,0.0,0.0,0.0,0.0,0.0,2.0,0.0,0.5,0.5,0.0,0.6,10.0,37.0,9.0,0.0,0.0,0.0,0.0,0.0,0.05,0.0,0.06,0.05,0.06,Matches,10.0,1.0,10.0,0.99,0.1,0.0,0.0,20.0,1.0,0.05,-0.5,-0.5,329.0,376.0,87.5,5277.0,1351.0,147.0,161.0,91.3,133.0,150.0,88.7,24.0,30.0,80.0,0.2,0.0,2.0,28.0,4.0,0.0,352.0,23.0,1.0,1.0,0.0,1.0,0.0,0.0,0.0,0.0,1.0,4.0,14.0,1.38,10.0,0.0,1.0,2.0,1.0,0.0,0.0,0.0,0.0,0.0,0.0,0.0,40.0,27.0,17.0,19.0,4.0,18.0,66.7,9.0,10.0,4.0,44.0,15.0,0.0,496.0,21.0,9.0,7.0,38.9,9.0,50.0,295.0,1.0,16.0,6.0,326.0,65.0,44.1,77.0,4,3,22.0,1,1.5,8.0,13.0,-5.0,-0.49,-0.1,11.1,13.5,-2.4,-0.24,-0.08,0.0,19.0,0.0,0.0,0.0,53.0,8.0,38.1,1.39,1.09,90.4,0.0,0.0,0.0,0.0,0.0,0.0,0.2,0.0,0.05,0.05,0.0,0.06,0.99,3.66,0.89,0.0,0.0,0.0,0.0,0.0,0.0,0.0,0.01,0.0,0.01,0.99,0.1,0.1,0.01,1.98,0.1,-0.05,-0.05,32.57,37.23,522.48,133.76,14.55,15.94,13.17,14.85,2.38,2.97,0.02,0.0,0.2,2.77,0.4,0.0,34.85,2.28,0.1,0.1,0.0,0.1,0.0,0.0,0.0,0.0,0.1,0.4,1.39,0.14,0.99,0.0,0.1,0.2,0.1,0.0,0.0,0.0,0.0,0.0,0.0,0.0,3.96,2.67,1.68,1.88,0.4,1.78,0.89,0.99,0.4,4.36,1.49,0.0,49.11,2.08,0.89,0.69,0.89,29.21,0.1,1.58,0.59,32.28,0.4,0.3,0.1,0.15,0.79,1.29,-0.5,-0.05,1.1,1.34,-0.24,-0.02,0.0,1.88,0.0,0.0,0.0,5.25,0.79
63.0,Álvaro Barreal,ar ARG,"FW,MF",Santos,25-037,2000.0,19.0,15.0,1254.0,13.9,5.0,0.0,5.0,5.0,0.0,0.0,1.0,0.0,4.0,4.0,2.1,6.1,20.0,32.0,106.0,0.36,0.0,0.36,0.36,0.36,0.29,0.15,0.44,0.29,0.44,Matches,28.0,11.0,39.3,2.01,0.79,0.18,0.45,16.4,1.0,0.14,1.0,1.0,397.0,509.0,78.0,6748.0,1936.0,228.0,257.0,88.7,120.0,147.0,81.6,43.0,77.0,55.8,2.1,-2.1,20.0,22.0,14.0,7.0,465.0,42.0,2.0,5.0,55.0,13.0,6.0,4.0,2.0,0.0,2.0,14.0,38.0,2.73,29.0,3.0,0.0,3.0,0.0,3.0,0.22,1.0,0.0,0.0,1.0,0.0,23.0,10.0,7.0,11.0,5.0,11.0,37.9,18.0,25.0,19.0,42.0,14.0,1.0,681.0,17.0,43.0,14.0,35.9,23.0,59.0,398.0,6.0,20.0,10.0,459.0,66.0,60.6,72.0,2,4,44.0,2,1.32,14.0,22.0,-8.0,-0.57,-0.35,17.1,22.2,-5.1,-0.37,-0.44,0.0,18.0,0.0,0.0,0.0,52.0,4.0,33.3,1.37,1.08,90.22,0.36,0.0,0.36,0.36,0.0,0.0,0.07,0.0,0.29,0.29,0.15,0.44,1.44,2.3,7.63,0.03,0.0,0.03,0.03,0.03,0.02,0.01,0.03,0.02,0.03,2.01,0.79,0.14,0.06,1.18,0.07,0.07,0.07,28.56,36.62,485.47,139.28,16.4,18.49,8.63,10.58,3.09,5.54,0.15,-0.15,1.44,1.58,1.01,0.5,33.45,3.02,0.14,0.36,3.96,0.94,0.43,0.29,0.14,0.0,0.14,1.01,2.73,0.2,2.09,0.22,0.0,0.22,0.0,0.22,0.02,0.07,0.0,0.0,0.07,0.0,1.65,0.72,0.5,0.79,0.36,0.79,1.29,1.8,1.37,3.02,1.01,0.07,48.99,1.22,3.09,1.01,1.65,28.63,0.43,1.44,0.72,33.02,0.14,0.29,0.14,0.09,1.01,1.58,-0.58,-0.04,1.23,1.6,-0.37,-0.03,0.0,1.29,0.0,0.0,0.0,3.74,0.29
432.0,Álvaro Montoro,ar ARG,FW,Botafogo (RJ),18-159,2007.0,11.0,9.0,745.0,8.3,2.0,2.0,4.0,2.0,0.0,0.0,3.0,0.0,1.9,1.9,1.8,3.8,23.0,54.0,70.0,0.24,0.24,0.48,0.24,0.48,0.23,0.22,0.46,0.23,0.46,Matches,12.0,6.0,50.0,1.45,0.72,0.17,0.33,14.6,0.0,0.16,0.1,0.1,281.0,339.0,82.9,4361.0,1275.0,156.0,169.0,92.3,102.0,122.0,83.6,15.0,24.0,62.5,1.4,0.2,16.0,27.0,16.0,2.0,329.0,6.0,2.0,0.0,9.0,4.0,0.0,0.0,0.0,0.0,4.0,8.0,37.0,4.47,32.0,0.0,1.0,2.0,1.0,5.0,0.6,4.0,0.0,0.0,0.0,0.0,16.0,12.0,7.0,6.0,3.0,9.0,69.2,4.0,8.0,12.0,28.0,4.0,1.0,431.0,3.0,24.0,21.0,52.5,17.0,42.5,301.0,5.0,20.0,9.0,336.0,68.0,36.0,77.0,1,2,27.0,1,1.91,11.0,7.0,4.0,0.48,-0.4,12.7,7.2,5.5,0.67,0.52,0.0,9.0,0.0,0.0,0.0,39.0,1.0,16.7,1.33,1.08,89.76,0.24,0.24,0.48,0.24,0.0,0.0,0.36,0.0,0.23,0.23,0.22,0.46,2.77,6.51,8.43,0.03,0.03,0.06,0.03,0.06,0.03,0.03,0.06,0.03,0.06,1.45,0.72,0.17,0.09,1.76,0.0,0.01,0.01,33.86,40.84,525.42,153.61,18.8,20.36,12.29,14.7,1.81,2.89,0.17,0.02,1.93,3.25,1.93,0.24,39.64,0.72,0.24,0.0,1.08,0.48,0.0,0.0,0.0,0.0,0.48,0.96,4.46,0.54,3.86,0.0,0.12,0.24,0.12,0.6,0.07,0.48,0.0,0.0,0.0,0.0,1.93,1.45,0.84,0.72,0.36,1.08,0.48,0.96,1.45,3.37,0.48,0.12,51.93,0.36,2.89,2.53,2.05,36.27,0.6,2.41,1.08,40.48,0.12,0.24,0.12,0.23,1.33,0.84,0.48,0.06,1.53,0.87,0.66,0.08,0.0,1.08,0.0,0.0,0.0,4.7,0.12
571.0,Ángel Romero,py PAR,"FW,MF",Corinthians,33-081,1992.0,21.0,10.0,949.0,10.5,0.0,1.0,1.0,0.0,0.0,0.0,3.0,1.0,2.5,2.5,1.1,3.6,19.0,36.0,68.0,0.0,0.09,0.09,0.0,0.09,0.24,0.1,0.34,0.24,0.34,Matches,19.0,4.0,21.1,1.8,0.38,0.0,0.0,15.4,1.0,0.13,-2.5,-2.5,251.0,327.0,76.8,4147.0,929.0,123.0,143.0,86.0,92.0,116.0,79.3,26.0,35.0,74.3,0.7,-0.1,6.0,23.0,5.0,2.0,316.0,10.0,1.0,2.0,21.0,4.0,1.0,0.0,1.0,0.0,1.0,11.0,17.0,1.61,12.0,0.0,2.0,0.0,0.0,2.0,0.19,2.0,0.0,0.0,0.0,0.0,16.0,9.0,5.0,9.0,2.0,8.0,50.0,8.0,5.0,7.0,23.0,7.0,0.0,430.0,9.0,21.0,9.0,31.0,20.0,69.0,246.0,8.0,15.0,8.0,334.0,45.0,43.9,73.0,2,11,20.0,1,1.19,9.0,17.0,-8.0,-0.76,-0.98,12.3,14.6,-2.3,-0.22,-0.17,0.0,8.0,0.0,0.0,0.0,23.0,7.0,35.0,2.0,0.95,90.38,0.0,0.1,0.1,0.0,0.0,0.0,0.29,0.1,0.24,0.24,0.1,0.34,1.81,3.43,6.48,0.0,0.01,0.01,0.0,0.01,0.02,0.01,0.03,0.02,0.03,1.81,0.38,0.17,0.04,1.47,0.1,-0.24,-0.24,23.9,31.14,394.95,88.48,11.71,13.62,8.76,11.05,2.48,3.33,0.07,-0.01,0.57,2.19,0.48,0.19,30.1,0.95,0.1,0.19,2.0,0.38,0.1,0.0,0.1,0.0,0.1,1.05,1.62,0.15,1.14,0.0,0.19,0.0,0.0,0.19,0.02,0.19,0.0,0.0,0.0,0.0,1.52,0.86,0.48,0.86,0.19,0.76,0.76,0.48,0.67,2.19,0.67,0.0,40.95,0.86,2.0,0.86,1.9,23.43,0.76,1.43,0.76,31.81,0.19,1.05,0.1,0.11,0.86,1.62,-0.76,-0.07,1.17,1.39,-0.22,-0.02,0.0,0.76,0.0,0.0,0.0,2.19,0.67
188.0,Éverson,br BRA,GK,Atlético Mineiro,35-063,1990.0,21.0,21.0,1890.0,21.0,0.0,0.0,0.0,0.0,0.0,0.0,5.0,0.0,0.0,0.0,0.0,0.0,0.0,1.0,0.0,0.0,0.0,0.0,0.0,0.0,0.0,0.0,0.0,0.0,0.0,Matches,0.0,0.0,,0.0,0.0,,,,0.0,,0.0,0.0,552.0,749.0,73.7,15098.0,11266.0,89.0,89.0,100.0,280.0,286.0,97.9,179.0,365.0,49.0,0.0,0.0,1.0,8.0,0.0,0.0,633.0,112.0,0.0,0.0,0.0,0.0,0.0,0.0,0.0,0.0,4.0,1.0,7.0,0.33,5.0,2.0,0.0,0.0,0.0,0.0,0.0,0.0,0.0,0.0,0.0,0.0,0.0,0.0,0.0,0.0,0.0,0.0,0.0,1.0,0.0,0.0,0.0,11.0,1.0,792.0,668.0,0.0,0.0,,0.0,,481.0,0.0,0.0,0.0,481.0,90.0,95.5,90.0,21,0,,0,1.19,20.0,24.0,-4.0,-0.19,0.81,23.9,21.9,2.0,0.1,0.42,0.0,0.0,0.0,0.0,0.0,33.0,8.0,100.0,1.0,1.0,90.0,0.0,0.0,0.0,0.0,0.0,0.0,0.24,0.0,0.0,0.0,0.0,0.0,0.0,0.05,0.0,0.0,0.0,0.0,0.0,0.0,0.0,0.0,0.0,0.0,0.0,0.0,0.0,0.0,0.0,,0.0,0.0,0.0,26.29,35.67,718.95,536.48,4.24,4.24,13.33,13.62,8.52,17.38,0.0,0.0,0.05,0.38,0.0,0.0,30.14,5.33,0.0,0.0,0.0,0.0,0.0,0.0,0.0,0.0,0.19,0.05,0.33,0.02,0.24,0.1,0.0,0.0,0.0,0.0,0.0,0.0,0.0,0.0,0.0,0.0,0.0,0.0,0.0,0.0,0.0,0.0,0.05,0.0,0.0,0.0,0.52,0.05,37.71,31.81,0.0,0.0,0.0,22.9,0.0,0.0,0.0,22.9,1.0,0.0,0.0,0.06,0.95,1.14,-0.19,-0.01,1.14,1.04,0.1,0.0,0.0,0.0,0.0,0.0,0.0,1.57,0.38
182.0,Ênio,br BRA,"MF,FW",Juventude,24-204,2001.0,15.0,6.0,768.0,8.5,1.0,0.0,1.0,1.0,0.0,0.0,3.0,0.0,1.2,1.2,0.9,2.1,28.0,33.0,52.0,0.12,0.0,0.12,0.12,0.12,0.14,0.11,0.25,0.14,0.25,Matches,13.0,4.0,30.8,1.52,0.47,0.08,0.25,18.9,0.0,0.09,-0.2,-0.2,183.0,237.0,77.2,3005.0,737.0,103.0,116.0,88.8,60.0,72.0,83.3,18.0,29.0,62.1,0.7,-0.9,14.0,11.0,13.0,1.0,220.0,16.0,1.0,3.0,12.0,4.0,2.0,2.0,0.0,0.0,1.0,9.0,29.0,3.4,23.0,1.0,2.0,2.0,0.0,2.0,0.23,2.0,0.0,0.0,0.0,0.0,6.0,5.0,3.0,2.0,1.0,1.0,16.7,5.0,5.0,1.0,7.0,6.0,1.0,317.0,5.0,26.0,7.0,29.2,14.0,58.3,217.0,11.0,17.0,21.0,244.0,51.0,37.1,79.0,1,9,33.0,3,1.06,11.0,19.0,-8.0,-0.94,0.31,9.4,14.1,-4.7,-0.55,0.58,0.0,4.0,0.0,0.0,0.0,32.0,2.0,20.0,1.76,0.71,90.35,0.12,0.0,0.12,0.12,0.0,0.0,0.35,0.0,0.14,0.14,0.11,0.25,3.29,3.88,6.12,0.01,0.0,0.01,0.01,0.01,0.02,0.01,0.03,0.02,0.03,1.53,0.47,0.18,0.06,2.22,0.0,-0.02,-0.02,21.53,27.88,353.53,86.71,12.12,13.65,7.06,8.47,2.12,3.41,0.08,-0.11,1.65,1.29,1.53,0.12,25.88,1.88,0.12,0.35,1.41,0.47,0.24,0.24,0.0,0.0,0.12,1.06,3.41,0.4,2.71,0.12,0.24,0.24,0.0,0.24,0.03,0.24,0.0,0.0,0.0,0.0,0.71,0.59,0.35,0.24,0.12,0.12,0.59,0.59,0.12,0.82,0.71,0.12,37.29,0.59,3.06,0.82,1.65,25.53,1.29,2.0,2.47,28.71,0.12,1.06,0.35,0.12,1.29,2.24,-0.94,-0.11,1.11,1.66,-0.55,-0.06,0.0,0.47,0.0,0.0,0.0,3.76,0.24
