Rk,Player,Nation,Pos,Squad,Age,Born,MP,Starts,Min,90s,Gls,Ast,G+A,G-PK,PK,PKatt,CrdY,CrdR,xG,npxG,xAG,npxG+xAG,PrgC,PrgP,PrgR,Gls,Ast,G+A,G-PK,G+A-PK,xG,xAG,xG+xAG,npxG,npxG+xAG,Matches,Sh,SoT,SoT%,Sh/90,SoT/90,G/Sh,G/SoT,Dist,FK,npxG/Sh,G-xG,np:G-xG,Cmp,Att,Cmp%,TotDist,PrgDist,Cmp,Att,Cmp%,Cmp,Att,Cmp%,Cmp,Att,Cmp%,xA,A-xAG,KP,1/3,PPA,CrsPA,Live,Dead,TB,Sw,Crs,TI,CK,In,Out,Str,Off,Blocks,SCA,SCA90,PassLive,PassDead,TO,Fld,Def,GCA,GCA90,PassLive,PassDead,TO,Fld,Def,Tkl,TklW,Def 3rd,Mid 3rd,Att 3rd,Tkl,Tkl%,Lost,Pass,Int,Tkl+Int,Clr,Err,Touches,Def Pen,Att Pen,Succ,Succ%,Tkld,Tkld%,Carries,CPA,Mis,Dis,Rec,Mn/MP,Min%,Mn/Start,Compl,Subs,Mn/Sub,unSub,PPM,onG,onGA,+/-,+/-90,On-Off,onxG,onxGA,xG+/-,xG+/-90,On-Off,2CrdY,Fls,PKwon,PKcon,OG,Recov,Won,Won%
1,Abner,br BRA,DF,Juventude,21-172,2004,15,11,1063,11.8,0,1,1,0,0,0,3,0,0.1,0.1,0.3,0.4,6,19,1,0.00,0.08,0.08,0.00,0.08,0.01,0.03,0.04,0.01,0.04,Matches,1,0,0.0,0.08,0.00,0.00,,8.7,0,0.09,-0.1,-0.1,412,479,86.0,8436,2878,116,124,93.5,241,256,94.1,53,92,57.6,0.2,+0.7,4,23,1,0,456,20,1,1,0,0,0,0,0,0,3,1,4,0.34,4,0,0,0,0,1,0.08,1,0,0,0,0,13,8,11,2,0,8,34.8,15,6,17,30,72,1,606,95,5,4,66.7,2,33.3,366,0,4,1,396,71,45.4,85,9,4,32,5,1.13,13,22,-9,-0.76,+0.51,11.8,18.6,-6.8,-0.58,+0.53,0,12,0,0,0,27,21,75.0
62,Adam Bareiro,py PAR,FW,Fortaleza,29-074,1996,11,1,226,2.5,1,0,1,1,0,1,2,0,3.0,2.1,0.0,2.1,2,6,16,0.40,0.00,0.40,0.40,0.40,1.20,0.00,1.20,0.82,0.82,Matches,11,6,54.5,4.38,2.39,0.09,0.17,12.3,0,0.19,-2.0,-1.1,41,61,67.2,567,119,24,32,75.0,11,16,68.8,3,4,75.0,0.3,0.0,0,3,2,0,57,4,0,1,1,0,0,0,0,0,0,1,4,1.60,3,0,0,0,0,0,0.00,0,0,0,0,0,3,3,0,3,0,1,33.3,2,2,0,3,2,0,99,1,24,1,25.0,3,75.0,52,2,7,4,73,21,9.7,73,0,10,15,1,0.91,1,5,-4,-1.59,-1.12,4.7,3.9,+0.7,+0.30,+0.64,0,12,0,0,0,4,14,58.3
610,Ademir Santos,br BRA,FW,Bahia,30-234,1995,19,15,1121,12.5,1,1,2,1,0,0,4,0,3.0,3.0,2.5,5.4,55,31,138,0.08,0.08,0.16,0.08,0.16,0.24,0.20,0.44,0.24,0.44,Matches,26,8,30.8,2.09,0.64,0.04,0.13,18.0,1,0.11,-2.0,-2.0,288,389,74.0,4315,1121,173,203,85.2,81,115,70.4,21,42,50.0,2.6,-1.5,16,9,18,11,356,32,0,4,58,16,9,4,2,0,1,12,49,3.93,28,1,9,9,0,4,0.32,2,0,2,0,0,26,17,7,8,11,13,37.1,22,13,2,28,7,0,556,2,52,27,42.9,29,46.0,340,19,29,21,406,59,47.9,68,1,4,24,0,2.05,16,8,+8,+0.64,+0.94,17.8,11.6,+6.2,+0.49,+1.09,0,16,0,0,0,36,9,22.0
627,Aderlan Silva,br BRA,DF,Santos,35-051,1990,2,1,87,1.0,0,0,0,0,0,0,0,0,0.0,0.0,0.1,0.1,1,6,2,0.00,0.00,0.00,0.00,0.00,0.01,0.10,0.11,0.01,0.11,Matches,1,0,0.0,1.03,0.00,0.00,,33.6,0,0.01,0.0,0.0,37,50,74.0,664,317,14,18,77.8,19,22,86.4,3,6,50.0,0.1,-0.1,2,4,1,0,42,7,0,0,2,7,0,0,0,0,1,4,2,2.09,2,0,0,0,0,0,0.00,0,0,0,0,0,1,0,0,1,0,1,100.0,0,2,1,2,1,0,56,1,2,0,,0,,32,0,0,0,35,44,3.7,64,0,1,23,2,0.50,1,1,0,0.00,+0.52,0.7,0.4,+0.3,+0.31,+0.44,0,1,0,0,0,3,0,0.0
628,Aderlan Silva,br BRA,DF,Sport Recife,35-051,1990,6,4,399,4.4,0,0,0,0,0,0,2,0,0.1,0.1,0.3,0.4,5,24,22,0.00,0.00,0.00,0.00,0.00,0.02,0.08,0.10,0.02,0.10,Matches,1,0,0.0,1.03,0.00,0.00,,33.6,0,0.01,0.0,0.0,37,50,74.0,664,317,14,18,77.8,19,22,86.4,3,6,50.0,0.1,-0.1,2,4,1,0,42,7,0,0,2,7,0,0,0,0,1,4,2,2.09,2,0,0,0,0,0,0.00,0,0,0,0,0,1,0,0,1,0,1,100.0,0,2,1,2,1,0,56,1,2,0,,0,,32,0,0,0,35,44,3.7,64,0,1,23,2,0.50,1,1,0,0.00,+0.52,0.7,0.4,+0.3,+0.31,+0.44,0,1,0,0,0,3,0,0.0
224,Adonis Frías,ar ARG,DF,Santos,27-205,1998,3,2,212,2.4,0,0,0,0,0,0,1,0,0.1,0.1,0.0,0.1,0,12,0,0.00,0.00,0.00,0.00,0.00,0.02,0.00,0.02,0.02,0.02,Matches,2,0,0.0,0.85,0.00,0.00,,22.7,0,0.03,-0.1,-0.1,89,100,89.0,1539,681,30,34,88.2,44,47,93.6,8,11,72.7,0.0,0.0,0,11,1,0,94,6,0,0,1,0,0,0,0,0,0,1,4,1.70,4,0,0,0,0,1,0.42,1,0,0,0,0,0,0,0,0,0,0,0.0,1,0,5,5,12,1,122,14,2,1,50.0,0,0.0,68,0,1,0,76,71,9.1,90,2,1,32,1,1.33,2,4,-2,-0.85,-0.38,3.7,3.1,+0.6,+0.25,+0.39,0,8,0,0,0,5,9,81.8
415,Adriano Martins,br BRA,DF,Juventude,28-190,1997,5,5,360,4.0,0,0,0,0,0,0,1,0,0.2,0.2,0.0,0.2,0,6,0,0.00,0.00,0.00,0.00,0.00,0.05,0.00,0.05,0.05,0.05,Matches,3,0,0.0,0.75,0.00,0.00,,9.3,0,0.07,-0.2,-0.2,169,192,88.0,3328,1059,52,57,91.2,95,102,93.1,17,21,81.0,0.0,0.0,0,4,0,0,172,19,0,1,0,1,0,0,0,0,1,4,4,1.00,2,1,0,0,0,1,0.25,0,1,0,0,0,5,3,3,1,1,3,100.0,0,1,6,11,27,0,237,40,3,0,,0,,133,0,0,1,140,72,15.4,72,3,0,,5,1.20,5,8,-3,-0.75,+0.34,3.6,6.0,-2.4,-0.59,+0.33,0,3,0,0,0,12,10,45.5
,Adriel,,,,,,,,,,,,,,,,,,,,,,,,,,,,,,,,,,,,,,,,,,,,,,,,,,,,,,,,,,,,,,,,,,,,,,,,,,,,,,,,,,,,,,,,,,,,,,,,,,,,,,,,,,,,,,,,,,,,,,,,,,0,0,,3,,,,,,,,,,,,,,,,,,,
4,Adson,br BRA,"FW,MF",Vasco da Gama,25-002,2000,10,0,210,2.3,0,0,0,0,0,0,0,0,0.1,0.1,0.2,0.4,6,12,17,0.00,0.00,0.00,0.00,0.00,0.05,0.10,0.15,0.05,0.15,Matches,3,2,66.7,1.29,0.86,0.00,0.00,20.2,0,0.04,-0.1,-0.1,122,146,83.6,1503,290,80,90,88.9,25,32,78.1,4,6,66.7,0.3,-0.2,4,13,4,1,143,3,0,0,7,1,0,0,0,0,0,4,10,4.29,9,0,1,0,0,0,0.00,0,0,0,0,0,6,4,4,1,1,0,,0,2,0,6,5,0,181,3,5,3,20.0,10,66.7,128,1,1,1,149,21,8.6,,0,10,21,0,1.20,3,5,-2,-0.86,-0.98,2.7,3.2,-0.5,-0.22,-0.08,0,2,0,0,0,7,1,20.0
109,Agustín Canobbio,uy URU,"FW,MF",Fluminense,27-007,1998,18,15,1134,12.6,2,2,4,2,0,0,3,0,2.1,2.1,1.4,3.5,37,25,98,0.16,0.16,0.32,0.16,0.32,0.17,0.11,0.27,0.17,0.27,Matches,25,8,32.0,1.98,0.63,0.08,0.25,18.5,3,0.08,-0.1,-0.1,312,393,79.4,4124,959,214,243,88.1,72,90,80.0,12,22,54.5,0.5,+0.6,11,12,6,0,363,28,0,2,31,12,10,1,2,0,2,16,27,2.14,15,1,2,3,1,3,0.24,1,0,0,1,0,28,16,12,16,0,13,39.4,20,10,7,35,17,1,557,9,44,10,30.3,18,54.5,354,9,30,22,411,63,50.4,69,1,3,35,2,1.67,13,13,0,0.00,-0.16,11.5,11.6,-0.1,0.00,-0.20,0,17,1,0,0,43,6,42.9
243,Agustín Giay,ar ARG,DF,Palmeiras,21-265,2004,21,17,1570,17.4,0,0,0,0,0,0,1,0,0.2,0.2,0.9,1.1,25,68,56,0.00,0.00,0.00,0.00,0.00,0.01,0.05,0.07,0.01,0.07,Matches,5,0,0.0,0.29,0.00,0.00,,21.8,0,0.04,-0.2,-0.2,770,937,82.2,13539,4798,359,395,90.9,325,388,83.8,79,120,65.8,0.5,-0.9,13,56,7,4,755,180,0,3,29,150,2,0,0,0,2,18,37,2.12,31,4,0,1,1,1,0.06,1,0,0,0,0,47,35,25,17,5,28,62.2,17,12,14,61,47,2,1126,55,7,6,30.0,12,60.0,558,0,22,7,653,75,69.8,87,16,4,21,3,2.33,25,16,+9,+0.52,-1.07,24.8,16.1,+8.7,+0.50,-0.47,0,25,0,0,0,74,20,60.6
579,Agustín Rogel,uy URU,DF,Internacional,27-356,1997,5,5,450,5.0,0,0,0,0,0,0,0,0,0.1,0.1,0.0,0.1,0,9,1,0.00,0.00,0.00,0.00,0.00,0.02,0.00,0.02,0.02,0.02,Matches,2,0,0.0,0.40,0.00,0.00,,10.2,0,0.04,-0.1,-0.1,208,230,90.4,4019,1318,63,69,91.3,122,132,92.4,20,25,80.0,0.0,0.0,0,6,0,0,226,3,0,1,0,0,0,0,0,0,1,0,5,1.00,3,0,0,0,0,1,0.20,0,0,0,0,0,9,6,6,3,0,5,55.6,4,1,1,10,27,0,275,26,3,0,,0,,158,0,1,1,193,90,19.2,90,5,0,,7,1.00,4,6,-2,-0.40,-0.21,6.7,4.0,+2.7,+0.54,+0.14,0,6,0,0,0,11,10,62.5
598,Agustín Rossi,ar ARG,GK,Flamengo,30-048,1995,26,26,2340,26.0,0,0,0,0,0,0,1,0,0.0,0.0,0.0,0.0,0,0,0,0.00,0.00,0.00,0.00,0.00,0.00,0.00,0.00,0.00,0.00,Matches,0,0,,0.00,0.00,,,,0,,0.0,0.0,627,757,82.8,15528,9683,124,126,98.4,339,343,98.8,158,279,56.6,0.2,0.0,0,12,0,0,631,124,1,3,0,0,0,0,0,0,2,2,7,0.27,7,0,0,0,0,0,0.00,0,0,0,0,0,0,0,0,0,0,0,0.0,1,0,0,0,7,4,809,682,0,1,100.0,0,0.0,510,0,0,0,457,90,100.0,90,26,0,,0,2.12,50,13,+37,+1.42,,38.2,20.1,+18.1,+0.70,,0,0,0,0,0,56,5,83.3
607,Agustín Sant'Anna,uy URU,DF,RB Bragantino,28-011,1997,9,4,366,4.1,0,0,0,0,0,0,3,0,0.5,0.5,0.3,0.8,5,14,17,0.00,0.00,0.00,0.00,0.00,0.13,0.07,0.20,0.13,0.20,Matches,10,1,10.0,2.46,0.25,0.00,0.00,26.1,3,0.05,-0.5,-0.5,157,205,76.6,3047,1040,65,71,91.5,65,81,80.2,25,42,59.5,0.4,-0.3,7,15,4,3,160,45,0,4,24,24,12,2,10,0,0,6,13,3.20,5,6,0,0,1,0,0.00,0,0,0,0,0,11,7,4,4,3,7,46.7,8,4,9,20,16,1,269,15,6,1,16.7,5,83.3,116,0,4,2,133,41,15.1,67,2,5,20,3,1.22,3,6,-3,-0.74,-0.65,4.0,5.3,-1.3,-0.32,-0.31,0,8,0,0,0,13,8,50.0
110,Aitor Cantalapiedra,es ESP,"MF,FW",Vitória,29-240,1996,8,7,522,5.8,2,2,4,2,0,0,1,0,1.9,1.9,1.7,3.6,9,20,29,0.34,0.34,0.69,0.34,0.69,0.32,0.29,0.62,0.32,0.62,Matches,11,6,54.5,1.90,1.03,0.18,0.33,16.2,0,0.17,+0.1,+0.1,123,170,72.4,2087,629,64,74,86.5,44,59,74.6,12,28,42.9,1.3,+0.3,13,9,6,3,151,19,1,1,24,1,8,2,6,0,0,7,19,3.28,14,3,0,2,0,2,0.34,1,1,0,0,0,3,3,1,1,1,1,50.0,1,4,1,4,4,0,212,2,16,2,33.3,4,66.7,112,3,10,2,139,65,21.5,72,1,1,20,2,0.88,8,16,-8,-1.38,-0.91,6.8,10.0,-3.2,-0.55,-0.15,0,3,0,0,0,24,2,25.0
72,Alan Benítez,py PAR,"DF,FW",Internacional,31-256,1994,7,4,427,4.7,0,0,0,0,0,0,0,0,0.7,0.7,0.3,1.0,9,20,22,0.00,0.00,0.00,0.00,0.00,0.14,0.07,0.21,0.14,0.21,Matches,3,3,100.0,0.63,0.63,0.00,0.00,13.5,0,0.22,-0.7,-0.7,193,247,78.1,3267,1366,90,100,90.0,81,104,77.9,17,27,63.0,0.3,-0.3,5,16,6,1,205,42,0,0,11,38,0,0,0,0,0,8,11,2.32,11,0,0,0,0,3,0.63,3,0,0,0,0,9,3,4,5,0,6,60.0,4,2,1,10,17,0,285,16,9,3,100.0,0,0.0,143,1,3,2,179,61,18.2,83,3,3,31,7,1.43,8,8,0,0.00,+0.28,7.1,4.9,+2.2,+0.46,+0.05,0,5,0,0,0,16,3,33.3
217,Alan Franco,ec ECU,MF,Atlético Mineiro,27-048,1998,21,21,1818,20.2,0,0,0,0,0,0,3,0,0.2,0.2,0.1,0.3,7,61,11,0.00,0.00,0.00,0.00,0.00,0.01,0.01,0.02,0.01,0.02,Matches,3,0,0.0,0.15,0.00,0.00,,21.4,0,0.06,-0.2,-0.2,872,964,90.5,13584,3944,426,451,94.5,375,406,92.4,38,49,77.6,0.4,-0.1,9,65,2,0,905,55,0,0,2,10,0,0,0,0,4,14,28,1.39,27,0,0,0,1,1,0.05,1,0,0,0,0,36,23,15,16,5,13,72.2,5,6,19,55,30,0,1091,34,3,3,75.0,1,25.0,635,0,12,4,728,87,80.8,87,18,0,,0,1.05,16,23,-7,-0.35,-0.35,20.3,19.7,+0.7,+0.03,-0.04,0,28,0,0,0,68,16,55.2
218,Alan Franco,ar ARG,DF,São Paulo,28-362,1996,20,19,1589,17.7,0,0,0,0,0,0,5,0,1.0,1.0,0.4,1.5,5,42,2,0.00,0.00,0.00,0.00,0.00,0.06,0.02,0.08,0.06,0.08,Matches,3,0,0.0,0.15,0.00,0.00,,21.4,0,0.06,-0.2,-0.2,872,964,90.5,13584,3944,426,451,94.5,375,406,92.4,38,49,77.6,0.4,-0.1,9,65,2,0,905,55,0,0,2,10,0,0,0,0,4,14,28,1.39,27,0,0,0,1,1,0.05,1,0,0,0,0,36,23,15,16,5,13,72.2,5,6,19,55,30,0,1091,34,3,3,75.0,1,25.0,635,0,12,4,728,87,80.8,87,18,0,,0,1.05,16,23,-7,-0.35,-0.35,20.3,19.7,+0.7,+0.03,-0.04,0,28,0,0,0,68,16,55.2
494,Alan Patrick,br BRA,"MF,FW",Internacional,34-148,1991,20,20,1656,18.4,9,6,15,4,5,6,3,0,7.8,3.1,8.8,11.9,34,117,79,0.49,0.33,0.82,0.22,0.54,0.42,0.48,0.90,0.17,0.65,Matches,27,10,37.0,1.47,0.54,0.15,0.40,23.1,9,0.11,+1.2,+0.9,723,895,80.8,11842,3799,362,406,89.2,268,309,86.7,68,123,55.3,7.6,-2.8,70,92,32,0,757,133,6,3,94,2,71,29,30,0,5,14,114,6.20,65,35,8,3,0,10,0.54,5,3,2,0,0,17,12,3,11,3,15,50.0,15,11,3,20,10,1,1065,7,53,19,40.4,26,55.3,623,12,44,43,789,83,70.8,83,12,0,,0,1.50,26,23,+3,+0.16,+1.35,30.7,19.2,+11.5,+0.62,+0.67,0,18,0,0,0,70,7,25.9
573,Alan Rodríguez,uy URU,MF,Internacional,25-256,2000,7,6,501,5.6,0,0,0,0,0,0,1,0,0.3,0.3,0.2,0.5,6,13,17,0.00,0.00,0.00,0.00,0.00,0.06,0.03,0.09,0.06,0.09,Matches,4,1,25.0,0.72,0.18,0.00,0.00,21.5,0,0.08,-0.3,-0.3,169,206,82.0,2177,618,105,119,88.2,54,59,91.5,2,9,22.2,0.2,-0.2,5,10,3,1,201,3,2,0,5,0,0,0,0,0,2,6,12,2.16,10,0,2,0,0,1,0.18,1,0,0,0,0,13,5,4,4,5,4,44.4,5,2,6,19,4,0,267,9,9,8,47.1,8,47.1,147,2,11,10,175,72,21.4,79,3,1,28,0,0.86,9,11,-2,-0.36,-0.16,8.4,6.6,+1.8,+0.32,-0.13,0,6,0,0,0,30,3,37.5
601,Alan Ruschel,br BRA,DF,Juventude,36-046,1989,15,11,923,10.3,0,0,0,0,0,0,3,0,0.0,0.0,0.6,0.6,11,27,26,0.00,0.00,0.00,0.00,0.00,0.00,0.06,0.06,0.00,0.06,Matches,0,0,,0.00,0.00,,,,0,,0.0,0.0,345,455,75.8,5591,2543,174,189,92.1,141,185,76.2,23,48,47.9,0.6,-0.6,9,18,5,3,320,132,0,4,31,105,9,4,5,0,3,15,16,1.56,7,4,1,2,2,0,0.00,0,0,0,0,0,18,7,9,9,0,7,46.7,8,4,11,29,19,0,532,18,5,4,30.8,7,53.8,239,1,11,6,290,62,39.4,83,7,4,3,10,0.93,7,19,-12,-1.17,-0.22,5.5,16.3,-10.8,-1.05,-0.30,0,11,0,0,0,31,10,52.6
413,Alejandro Martínez,ar ARG,FW,Ceará,28-175,1997,2,0,49,0.5,0,1,1,0,0,0,0,0,0.0,0.0,0.1,0.1,0,1,3,0.00,1.84,1.84,0.00,1.84,0.03,0.09,0.12,0.03,0.12,Matches,1,1,100.0,1.84,1.84,0.00,0.00,34.6,0,0.01,0.0,0.0,10,18,55.6,144,88,7,10,70.0,2,4,50.0,1,3,33.3,0.0,+0.9,1,0,1,0,17,1,0,0,2,0,0,0,0,0,0,3,1,1.84,1,0,0,0,0,1,1.84,1,0,0,0,0,0,0,0,0,0,0,0.0,2,1,1,1,1,0,21,2,0,0,,0,,11,0,0,0,7,25,2.1,,0,2,25,4,1.50,1,0,+1,+1.84,+1.80,0.3,0.6,-0.3,-0.48,-0.44,0,2,0,0,0,10,0,
9,Alesson,br BRA,"FW,MF",Mirassol,26-234,1999,14,6,657,7.3,3,4,7,3,0,0,1,0,3.2,3.2,1.5,4.8,24,11,60,0.41,0.55,0.96,0.41,0.96,0.45,0.21,0.65,0.45,0.65,Matches,11,4,36.4,1.51,0.55,0.27,0.75,10.4,0,0.30,-0.2,-0.2,118,162,72.8,1773,483,72,87,82.8,29,39,74.4,11,19,57.9,1.2,+2.5,13,6,11,8,160,2,0,0,26,1,0,0,0,0,0,11,21,2.88,19,0,1,0,0,4,0.55,3,0,1,0,0,15,6,3,9,3,7,28.0,18,13,3,18,5,0,266,4,29,17,48.6,17,48.6,164,5,21,21,189,47,28.1,66,0,8,33,0,1.64,18,8,+10,+1.37,+1.16,12.7,8.0,+4.8,+0.66,+0.57,0,15,0,0,0,30,13,52.0
454,Alex Muralha,br BRA,GK,Mirassol,35-332,1989,6,6,540,6.0,0,0,0,0,0,0,2,0,0.0,0.0,0.2,0.2,0,0,0,0.00,0.00,0.00,0.00,0.00,0.00,0.03,0.03,0.00,0.03,Matches,0,0,,0.00,0.00,,,,0,,0.0,0.0,112,157,71.3,2654,1784,31,32,96.9,50,52,96.2,29,71,40.8,0.0,-0.2,1,2,0,0,116,41,0,0,0,0,0,0,0,0,0,0,1,0.17,1,0,0,0,0,0,0.00,0,0,0,0,0,0,0,0,0,0,0,,0,0,0,0,9,1,176,144,0,0,,0,,93,0,0,0,72,90,23.1,90,6,0,,18,1.17,11,9,+2,+0.33,-0.27,9.8,7.6,+2.2,+0.36,+0.15,0,0,0,0,0,10,1,50.0
606,Alex Sandro,br BRA,DF,Flamengo,34-255,1991,15,14,1094,12.2,0,0,0,0,0,0,3,0,0.2,0.2,1.0,1.1,26,96,34,0.00,0.00,0.00,0.00,0.00,0.01,0.08,0.09,0.01,0.09,Matches,5,1,20.0,0.41,0.08,0.00,0.00,11.5,0,0.03,-0.2,-0.2,773,870,88.9,12690,4283,391,407,96.1,319,344,92.7,55,90,61.1,1.1,-1.0,10,92,11,5,771,97,2,4,19,83,0,0,0,0,2,11,28,2.30,25,1,0,1,0,2,0.16,2,0,0,0,0,11,5,3,5,3,3,42.9,4,8,15,26,35,1,976,44,11,9,64.3,4,28.6,594,2,11,7,686,73,46.8,75,10,1,45,2,2.27,24,7,+17,+1.40,-0.05,17.1,9.5,+7.6,+0.63,-0.13,0,31,0,0,0,58,13,61.9
608,Alex Santana,br BRA,MF,Corinthians,30-148,1995,3,1,106,1.2,0,0,0,0,0,0,0,0,0.1,0.1,0.0,0.1,0,7,1,0.00,0.00,0.00,0.00,0.00,0.09,0.00,0.09,0.09,0.09,Matches,1,0,0.0,0.85,0.00,0.00,,12.4,0,0.11,-0.1,-0.1,61,69,88.4,1046,329,27,29,93.1,27,30,90.0,5,6,83.3,0.2,0.0,0,11,0,0,68,1,1,1,0,0,0,0,0,0,0,0,2,1.70,2,0,0,0,0,0,0.00,0,0,0,0,0,0,0,0,0,0,0,0.0,1,0,0,0,1,0,74,2,1,0,,0,,47,0,0,1,60,35,4.4,59,0,2,24,7,1.33,0,2,-2,-1.70,-1.66,0.3,2.4,-2.0,-1.72,-1.74,0,2,0,0,0,6,3,100.0
609,Alex Santana,br BRA,MF,Grêmio,30-148,1995,8,4,389,4.3,0,0,0,0,0,0,5,0,0.7,0.7,0.0,0.7,6,12,5,0.00,0.00,0.00,0.00,0.00,0.15,0.00,0.15,0.15,0.15,Matches,1,0,0.0,0.85,0.00,0.00,,12.4,0,0.11,-0.1,-0.1,61,69,88.4,1046,329,27,29,93.1,27,30,90.0,5,6,83.3,0.2,0.0,0,11,0,0,68,1,1,1,0,0,0,0,0,0,0,0,2,1.70,2,0,0,0,0,0,0.00,0,0,0,0,0,0,0,0,0,0,0,0.0,1,0,0,0,1,0,74,2,1,0,,0,,47,0,0,1,60,35,4.4,59,0,2,24,7,1.33,0,2,-2,-1.70,-1.66,0.3,2.4,-2.0,-1.72,-1.74,0,2,0,0,0,6,3,100.0
656,Alex Teixeira,br BRA,"MF,FW",Vasco da Gama,35-275,1990,9,0,118,1.3,0,0,0,0,0,0,1,0,0.3,0.3,0.0,0.3,2,0,6,0.00,0.00,0.00,0.00,0.00,0.26,0.00,0.26,0.26,0.26,Matches,4,2,50.0,3.05,1.53,0.00,0.00,12.0,0,0.08,-0.3,-0.3,48,54,88.9,626,68,33,34,97.1,11,12,91.7,3,4,75.0,0.0,0.0,0,2,0,0,52,1,0,0,0,0,0,0,0,0,1,1,0,0.00,0,0,0,0,0,0,0.00,0,0,0,0,0,3,1,1,2,0,0,0.0,1,1,0,3,4,1,73,4,7,1,100.0,0,0.0,45,1,2,1,57,13,4.9,,0,9,13,11,0.78,2,4,-2,-1.53,-1.64,1.8,3.7,-1.9,-1.44,-1.36,0,2,0,0,0,3,1,14.3
657,Alex Telles,br BRA,DF,Botafogo (RJ),32-297,1992,20,16,1243,13.8,3,3,6,1,2,2,1,0,2.2,0.6,2.3,2.9,24,63,51,0.22,0.22,0.43,0.07,0.29,0.16,0.16,0.32,0.04,0.21,Matches,17,3,17.6,1.23,0.22,0.06,0.33,27.1,5,0.03,+0.8,+0.4,624,751,83.1,10266,3585,344,363,94.8,216,247,87.4,53,121,43.8,2.2,+0.7,25,67,16,10,579,169,0,9,83,102,38,18,15,0,3,3,42,3.04,25,11,0,2,0,3,0.22,1,1,0,0,0,12,10,6,6,0,6,46.2,7,4,14,26,30,0,855,34,9,3,60.0,2,40.0,442,2,15,8,518,62,51.2,72,4,4,25,3,1.65,20,9,+11,+0.80,+0.57,19.3,14.8,+4.6,+0.33,+0.12,0,17,0,0,0,48,10,62.5
35,Alexander Aravena,cl CHI,"FW,MF",Grêmio,23-032,2002,17,2,465,5.2,3,0,3,3,0,0,1,0,2.5,2.5,0.8,3.3,15,7,25,0.58,0.00,0.58,0.58,0.58,0.49,0.16,0.65,0.49,0.65,Matches,10,4,40.0,1.94,0.77,0.30,0.75,13.1,1,0.25,+0.5,+0.5,118,148,79.7,1726,333,63,72,87.5,43,51,84.3,5,7,71.4,0.7,-0.8,6,3,6,3,145,3,1,0,9,1,0,0,0,0,0,7,10,1.94,9,0,0,0,0,1,0.19,1,0,0,0,0,6,4,3,2,1,1,50.0,1,5,0,6,5,0,202,6,19,3,20.0,11,73.3,133,1,13,5,153,27,19.1,71,0,15,22,6,1.00,5,5,0,0.00,+0.23,7.1,8.4,-1.3,-0.25,+0.34,0,6,0,0,0,25,5,27.8
61,Alexander Barboza,ar ARG,DF,Botafogo (RJ),30-206,1995,17,17,1517,16.9,0,0,0,0,0,0,11,0,0.4,0.4,0.1,0.5,13,73,9,0.00,0.00,0.00,0.00,0.00,0.02,0.00,0.03,0.02,0.03,Matches,12,2,16.7,0.71,0.12,0.00,0.00,17.8,0,0.03,-0.4,-0.4,875,1047,83.6,17224,7117,280,300,93.3,489,542,90.2,95,182,52.2,0.2,-0.1,2,76,2,0,989,55,2,8,2,6,0,0,0,0,3,4,16,0.95,14,2,0,0,0,1,0.06,1,0,0,0,0,34,26,27,6,1,23,69.7,10,11,19,53,110,2,1261,207,17,4,44.4,4,44.4,710,0,7,6,819,89,62.4,89,16,0,,3,1.59,20,15,+5,+0.30,-0.59,22.4,17.8,+4.6,+0.28,0.00,0,30,0,0,0,78,47,70.1
73,Alexandro Bernabei,ar ARG,DF,Internacional,25-014,2000,19,18,1637,18.2,0,4,4,0,0,0,6,1,0.7,0.7,4.2,4.9,42,86,128,0.00,0.22,0.22,0.00,0.22,0.04,0.23,0.27,0.04,0.27,Matches,24,6,25.0,1.32,0.33,0.00,0.00,23.8,0,0.03,-0.7,-0.7,889,1156,76.9,14598,5046,455,510,89.2,351,437,80.3,67,137,48.9,3.1,-0.2,33,62,28,17,948,201,1,2,84,182,3,0,2,0,7,31,67,3.68,50,5,3,3,3,7,0.38,6,0,0,1,0,51,30,21,19,11,28,46.7,32,19,27,78,39,1,1410,33,43,25,45.5,28,50.9,750,8,28,26,842,86,70.0,89,16,1,28,1,1.42,29,22,+7,+0.38,+2.05,31.3,19.8,+11.5,+0.63,+0.69,1,34,1,0,0,89,10,33.3
171,Alexis Duarte,py PAR,DF,Santos,25-210,2000,3,3,270,3.0,0,0,0,0,0,0,0,0,0.0,0.0,0.0,0.0,0,8,3,0.00,0.00,0.00,0.00,0.00,0.01,0.00,0.01,0.01,0.01,Matches,1,1,100.0,0.33,0.33,0.00,0.00,10.8,0,0.02,0.0,0.0,138,153,90.2,2798,1071,45,46,97.8,75,80,93.8,17,25,68.0,0.0,0.0,0,9,1,0,147,6,0,0,3,4,0,0,0,0,0,0,3,1.00,0,2,0,1,0,0,0.00,0,0,0,0,0,5,1,1,4,0,2,66.7,1,0,1,6,16,0,179,15,2,0,0.0,2,100.0,95,0,1,1,127,90,11.5,90,3,0,,1,0.67,3,6,-3,-1.00,-0.57,5.1,3.0,+2.1,+0.72,+0.93,0,4,0,0,0,9,3,60.0
12,Alexsander,br BRA,MF,Atlético Mineiro,22-000,2003,6,3,357,4.0,0,0,0,0,0,0,3,0,0.1,0.1,0.1,0.1,10,31,7,0.00,0.00,0.00,0.00,0.00,0.01,0.02,0.03,0.01,0.03,Matches,2,1,50.0,0.50,0.25,0.00,0.00,19.8,0,0.03,-0.1,-0.1,161,189,85.2,2566,859,84,95,88.4,66,72,91.7,9,11,81.8,0.2,-0.1,3,25,4,0,176,12,0,0,3,5,1,0,0,0,1,6,11,2.77,8,1,1,1,0,0,0.00,0,0,0,0,0,13,10,5,5,3,7,63.6,4,4,6,19,1,0,237,0,8,4,33.3,7,58.3,158,4,12,12,164,60,15.9,74,0,3,45,0,0.83,3,5,-2,-0.50,-0.27,3.7,4.0,-0.2,-0.06,-0.12,0,13,0,0,0,25,1,50.0
13,Alisson,br BRA,MF,São Paulo,32-105,1993,22,18,1628,18.1,0,1,1,0,0,0,4,0,1.0,1.0,0.5,1.5,21,98,28,0.00,0.06,0.06,0.00,0.06,0.05,0.03,0.08,0.05,0.08,Matches,16,7,43.8,0.88,0.39,0.00,0.00,22.8,2,0.06,-1.0,-1.0,929,1067,87.1,16945,4105,387,423,91.5,431,472,91.3,98,135,72.6,0.7,+0.5,14,91,12,4,1011,54,0,7,23,7,8,4,3,0,2,22,40,2.21,33,1,0,1,0,1,0.06,1,0,0,0,0,24,15,9,14,1,17,44.7,21,9,12,36,25,2,1198,44,11,3,33.3,5,55.6,776,2,13,7,898,74,67.0,82,11,4,36,0,1.41,16,18,-2,-0.11,-0.67,21.2,18.9,+2.3,+0.13,-0.46,0,18,0,0,0,87,13,39.4
686,Alix Vinicius,br BRA,DF,RB Bragantino,25-336,1999,1,0,45,0.5,0,0,0,0,0,0,0,0,0.0,0.0,0.0,0.0,0,1,0,0.00,0.00,0.00,0.00,0.00,0.00,0.00,0.00,0.00,0.00,Matches,0,0,,0.00,0.00,,,,0,,0.0,0.0,12,19,63.2,180,77,5,5,100.0,7,10,70.0,0,2,0.0,0.0,0.0,0,2,0,0,17,2,0,0,0,0,0,0,0,0,0,2,0,0.00,0,0,0,0,0,0,0.00,0,0,0,0,0,0,0,0,0,0,0,,0,0,1,1,4,0,26,4,0,0,0.0,1,100.0,16,0,0,0,13,45,1.9,,0,1,45,5,1.00,0,1,-1,-2.00,-1.85,0.6,0.4,+0.1,+0.21,+0.28,0,0,0,0,0,3,0,0.0
14,Allan,br BRA,MF,Flamengo,28-219,1997,13,9,683,7.6,0,0,0,0,0,0,2,0,0.2,0.2,0.1,0.3,7,52,7,0.00,0.00,0.00,0.00,0.00,0.02,0.02,0.04,0.02,0.04,Matches,6,2,33.3,0.79,0.26,0.00,0.00,30.3,0,0.03,-0.2,-0.2,515,552,93.3,9085,2072,230,239,96.2,243,255,95.3,39,52,75.0,0.5,-0.1,5,76,11,0,541,11,0,3,0,2,0,0,0,0,0,2,14,1.84,14,0,0,0,0,1,0.13,1,0,0,0,0,6,4,2,4,0,2,100.0,0,4,9,15,9,0,621,23,1,4,50.0,3,37.5,387,0,11,4,490,53,29.2,72,5,4,8,8,2.31,14,2,+12,+1.58,+0.22,11.7,4.6,+7.1,+0.94,+0.35,0,18,0,0,0,32,3,37.5
15,Allan,br BRA,"MF,DF",Palmeiras,21-172,2004,17,4,461,5.1,1,0,1,1,0,0,0,1,0.5,0.5,0.3,0.8,9,14,22,0.20,0.00,0.20,0.20,0.20,0.10,0.06,0.15,0.10,0.15,Matches,6,2,33.3,0.79,0.26,0.00,0.00,30.3,0,0.03,-0.2,-0.2,515,552,93.3,9085,2072,230,239,96.2,243,255,95.3,39,52,75.0,0.5,-0.1,5,76,11,0,541,11,0,3,0,2,0,0,0,0,0,2,14,1.84,14,0,0,0,0,1,0.13,1,0,0,0,0,6,4,2,4,0,2,100.0,0,4,9,15,9,0,621,23,1,4,50.0,3,37.5,387,0,11,4,490,53,29.2,72,5,4,8,8,2.31,14,2,+12,+1.58,+0.22,11.7,4.6,+7.1,+0.94,+0.35,0,18,0,0,0,32,3,37.5
16,Allan,br BRA,"MF,FW",Botafogo (RJ),34-273,1991,14,7,543,6.0,0,0,0,0,0,0,4,0,0.1,0.1,0.2,0.3,5,40,14,0.00,0.00,0.00,0.00,0.00,0.01,0.04,0.05,0.01,0.05,Matches,6,2,33.3,0.79,0.26,0.00,0.00,30.3,0,0.03,-0.2,-0.2,515,552,93.3,9085,2072,230,239,96.2,243,255,95.3,39,52,75.0,0.5,-0.1,5,76,11,0,541,11,0,3,0,2,0,0,0,0,0,2,14,1.84,14,0,0,0,0,1,0.13,1,0,0,0,0,6,4,2,4,0,2,100.0,0,4,9,15,9,0,621,23,1,4,50.0,3,37.5,387,0,11,4,490,53,29.2,72,5,4,8,8,2.31,14,2,+12,+1.58,+0.22,11.7,4.6,+7.1,+0.94,+0.35,0,18,0,0,0,32,3,37.5
17,Allanzinho,br BRA,"MF,FW",Fortaleza,25-187,2000,7,2,248,2.8,0,2,2,0,0,0,1,0,0.3,0.3,1.4,1.7,13,2,24,0.00,0.73,0.73,0.00,0.73,0.11,0.52,0.63,0.11,0.63,Matches,6,0,0.0,2.18,0.00,0.00,,23.8,0,0.05,-0.3,-0.3,56,78,71.8,817,238,35,42,83.3,15,20,75.0,5,11,45.5,0.6,+0.6,6,2,5,4,71,7,0,0,14,1,5,2,1,0,0,2,15,5.44,9,1,0,5,0,2,0.73,2,0,0,0,0,3,2,2,1,0,1,100.0,0,3,2,5,2,0,129,0,17,8,42.1,10,52.6,90,5,12,7,92,35,10.6,79,0,5,18,8,0.29,2,4,-2,-0.73,-0.17,3.7,4.1,-0.4,-0.14,+0.16,0,5,1,0,0,13,4,40.0
,Allex,,,,,,,,,,,,,,,,,,,,,,,,,,,,,,,,,,,,,,,,,,,,,,,,,,,,,,,,,,,,,,,,,,,,,,,,,,,,,,,,,,,,,,,,,,,,,,,,,,,,,,,,,,,,,,,,,,,,,,,,,,0,0,,7,,,,,,,,,,,,,,,,,,,
182,Alysson Edward,br BRA,"FW,MF",Grêmio,19-156,2006,21,13,1213,13.5,1,1,2,1,0,0,3,0,2.0,2.0,1.1,3.1,38,23,83,0.07,0.07,0.15,0.07,0.15,0.15,0.08,0.23,0.15,0.23,Matches,25,7,28.0,1.85,0.52,0.04,0.14,17.5,0,0.08,-1.0,-1.0,237,340,69.7,3704,667,123,157,78.3,83,108,76.9,19,34,55.9,1.0,-0.1,7,13,9,4,335,5,0,2,25,2,0,0,0,0,0,15,35,2.59,15,0,7,6,0,4,0.30,2,0,1,1,0,38,18,17,15,6,18,64.3,10,21,11,49,9,0,568,9,45,23,35.9,33,51.6,349,16,49,31,402,58,49.9,73,2,8,33,2,1.19,17,16,+1,+0.07,+0.52,16.4,20.3,-4.0,-0.29,+0.47,0,18,1,0,0,47,35,44.9
416,Andre Martins,br BRA,FW,Grêmio,23-295,2001,17,4,539,6.0,3,2,5,3,0,0,3,0,2.7,2.7,1.4,4.2,7,20,33,0.50,0.33,0.83,0.50,0.83,0.46,0.24,0.70,0.46,0.70,Matches,23,10,43.5,3.84,1.67,0.13,0.30,14.7,0,0.12,+0.3,+0.3,145,184,78.8,1802,406,87,99,87.9,42,59,71.2,0,2,0.0,0.4,+0.6,6,10,1,0,178,6,0,0,1,1,0,0,0,0,0,3,9,1.50,6,0,0,1,1,3,0.50,2,0,0,1,0,8,6,4,1,3,1,25.0,3,6,3,11,12,0,258,11,25,5,71.4,2,28.6,127,1,16,5,186,32,22.2,71,0,13,20,4,1.29,9,6,+3,+0.50,+0.88,9.3,10.1,-0.8,-0.14,+0.50,0,8,0,1,0,18,17,45.9
509,Andreas Pereira,br BRA,"MF,FW",Palmeiras,29-280,1996,5,3,289,3.2,2,0,2,2,0,0,1,0,0.3,0.3,0.2,0.5,2,14,8,0.62,0.00,0.62,0.62,0.62,0.09,0.06,0.14,0.09,0.14,Matches,7,3,42.9,2.18,0.93,0.29,0.67,26.7,3,0.04,+1.7,+1.7,121,156,77.6,2391,683,51,55,92.7,50,58,86.2,19,38,50.0,0.2,-0.2,5,16,3,2,125,31,0,5,22,1,9,6,2,0,0,4,14,4.36,10,3,0,1,0,3,0.93,3,0,0,0,0,4,2,1,2,1,1,16.7,5,2,0,4,0,0,178,2,1,0,,0,,93,0,5,3,105,58,12.8,81,1,2,23,0,2.40,8,3,+5,+1.56,+0.82,4.0,2.9,+1.1,+0.35,-0.33,0,6,0,0,0,14,3,60.0
,Andrei,,,,,,,,,,,,,,,,,,,,,,,,,,,,,,,,,,,,,,,,,,,,,,,,,,,,,,,,,,,,,,,,,,,,,,,,,,,,,,,,,,,,,,,,,,,,,,,,,,,,,,,,,,,,,,,,,,,,,,,,,,0,0,,2,,,,,,,,,,,,,,,,,,,
23,André,br BRA,"MF,FW",Corinthians,19-110,2006,3,0,84,0.9,1,0,1,1,0,0,0,0,0.4,0.4,0.0,0.4,0,2,2,1.07,0.00,1.07,1.07,1.07,0.38,0.00,0.38,0.38,0.38,Matches,1,1,100.0,1.07,1.07,1.00,1.00,13.3,0,0.35,+0.6,+0.6,14,24,58.3,240,109,6,9,66.7,6,9,66.7,2,3,66.7,0.0,0.0,0,1,0,0,24,0,0,0,0,0,0,0,0,0,0,3,1,1.07,1,0,0,0,0,1,1.07,1,0,0,0,0,5,5,2,2,1,1,50.0,1,1,0,5,0,0,33,0,1,0,0.0,1,100.0,17,0,2,1,20,28,3.5,,0,3,28,4,2.33,3,1,+2,+2.14,+2.33,0.9,1.6,-0.7,-0.74,-0.71,0,4,0,0,0,2,2,50.0
121,André Carrillo,pe PER,MF,Corinthians,34-116,1991,15,11,916,10.2,1,0,1,1,0,0,1,0,1.0,1.0,1.4,2.4,24,60,65,0.10,0.00,0.10,0.10,0.10,0.10,0.14,0.24,0.10,0.24,Matches,7,2,28.6,0.69,0.20,0.14,0.50,18.8,0,0.15,0.0,0.0,604,686,88.0,11286,2753,233,253,92.1,288,320,90.0,73,86,84.9,1.9,-1.4,14,69,9,4,662,24,2,8,29,14,1,0,1,0,0,9,25,2.46,22,1,0,0,1,3,0.29,3,0,0,0,0,14,9,11,2,1,3,18.8,13,6,8,22,9,0,768,11,21,7,43.8,8,50.0,510,4,13,8,617,61,37.7,75,2,4,23,1,1.27,12,13,-1,-0.10,+0.02,14.0,10.4,+3.6,+0.36,+0.66,0,18,0,0,0,54,0,0.0
212,André Filipinho,br BRA,DF,Juventude,28-268,1997,5,3,303,3.4,0,0,0,0,0,0,1,0,0.1,0.1,0.1,0.2,2,19,6,0.00,0.00,0.00,0.00,0.00,0.02,0.04,0.06,0.02,0.06,Matches,2,0,0.0,0.59,0.00,0.00,,18.6,0,0.03,-0.1,-0.1,121,163,74.2,2345,1114,53,59,89.8,44,52,84.6,22,45,48.9,0.1,-0.1,3,20,4,1,132,31,1,3,9,26,1,0,1,0,0,4,8,2.38,6,1,0,0,1,1,0.30,1,0,0,0,0,5,1,3,1,1,1,33.3,2,2,5,10,19,0,206,14,1,0,0.0,2,100.0,86,1,3,4,102,61,12.9,90,3,2,17,2,1.40,4,9,-5,-1.49,-0.51,3.5,7.2,-3.6,-1.08,-0.25,0,11,0,1,0,14,4,66.7
535,André Ramalho,br BRA,DF,Corinthians,33-234,1992,18,18,1609,17.9,0,0,0,0,0,0,4,0,0.4,0.4,0.2,0.7,13,82,2,0.00,0.00,0.00,0.00,0.00,0.03,0.01,0.04,0.03,0.04,Matches,9,1,11.1,0.50,0.06,0.00,0.00,20.3,1,0.05,-0.4,-0.4,1117,1220,91.6,24438,8646,236,257,91.8,718,748,96.0,159,197,80.7,0.2,-0.2,5,83,1,0,1167,51,0,7,3,2,0,0,0,0,2,3,17,0.95,16,0,0,0,0,1,0.06,1,0,0,0,0,25,12,15,10,0,16,72.7,6,5,15,40,85,1,1380,136,11,0,0.0,1,100.0,824,2,7,2,1014,89,66.2,89,16,0,,5,1.33,19,21,-2,-0.11,0.00,18.4,21.6,-3.2,-0.18,-0.35,0,19,0,1,0,50,37,66.1
629,André Silva,br BRA,FW,São Paulo,28-127,1997,20,15,1357,15.1,5,2,7,4,1,1,5,0,4.5,3.7,2.6,6.3,9,17,62,0.33,0.13,0.46,0.27,0.40,0.30,0.17,0.47,0.25,0.42,Matches,37,8,21.6,2.45,0.53,0.11,0.50,14.7,0,0.10,+0.5,+0.3,183,266,68.8,2715,351,94,129,72.9,69,96,71.9,9,15,60.0,1.7,-0.6,15,9,6,1,239,24,3,1,11,2,0,0,0,0,3,7,33,2.19,25,1,1,1,0,3,0.20,3,0,0,0,0,12,5,2,4,6,1,25.0,3,9,10,22,15,0,426,14,61,1,7.1,12,85.7,246,7,38,14,296,68,55.8,80,6,5,32,0,1.60,16,14,+2,+0.13,+0.05,18.0,14.3,+3.7,+0.24,-0.08,0,22,0,0,0,27,32,39.5
27,Anthoni,br BRA,GK,Internacional,23-258,2002,16,15,1395,15.5,0,0,0,0,0,0,0,0,0.0,0.0,0.0,0.0,0,0,0,0.00,0.00,0.00,0.00,0.00,0.00,0.00,0.00,0.00,0.00,Matches,0,0,,0.00,0.00,,,,0,,0.0,0.0,270,381,70.9,7081,5250,68,69,98.6,116,117,99.1,80,189,42.3,0.0,0.0,1,5,0,0,248,133,0,1,0,0,0,0,0,0,0,0,2,0.13,2,0,0,0,0,0,0.00,0,0,0,0,0,1,1,1,0,0,1,33.3,2,0,0,1,11,4,410,344,0,0,,0,,190,0,3,0,152,87,59.6,90,15,1,45,10,1.00,16,23,-7,-0.45,-0.55,20.1,16.6,+3.5,+0.23,-0.49,0,0,0,0,1,16,4,100.0
117,Antonio Carlos,br BRA,DF,Sport Recife,32-215,1993,3,3,270,3.0,0,0,0,0,0,0,0,0,0.0,0.0,0.0,0.0,2,4,0,0.00,0.00,0.00,0.00,0.00,0.00,0.00,0.00,0.00,0.00,Matches,0,0,,0.00,0.00,,,,0,,0.0,0.0,112,121,92.6,2317,830,22,23,95.7,77,80,96.3,10,11,90.9,0.0,0.0,0,3,0,0,113,8,0,0,0,0,0,0,0,0,0,0,0,0.00,0,0,0,0,0,0,0.00,0,0,0,0,0,3,2,3,0,0,0,0.0,3,0,1,4,21,0,152,29,1,1,100.0,0,0.0,80,0,0,1,91,90,12.0,90,3,0,,4,0.33,1,4,-3,-1.00,-0.27,1.9,2.9,-1.0,-0.34,+0.17,0,3,0,0,0,8,10,58.8
234,Antonio Galeano,py PAR,FW,Ceará,25-200,2000,26,26,2168,24.1,5,3,8,5,0,0,2,0,4.0,4.0,2.6,6.6,53,45,141,0.21,0.12,0.33,0.21,0.33,0.17,0.11,0.27,0.17,0.27,Matches,33,13,39.4,1.37,0.54,0.15,0.38,18.3,0,0.12,+1.0,+1.0,478,638,74.9,7108,1560,267,305,87.5,161,211,76.3,28,60,46.7,1.3,+0.4,18,35,15,8,623,12,3,3,56,12,0,0,0,0,3,23,40,1.66,28,0,2,4,0,4,0.17,4,0,0,0,0,28,13,15,12,1,12,42.9,16,17,8,36,31,1,882,21,50,11,23.4,27,57.4,528,8,45,27,615,83,92.6,83,8,0,,0,1.31,23,21,+2,+0.08,+0.08,24.0,24.5,-0.5,-0.02,+0.36,0,17,0,0,0,105,26,45.6
,Antônio Adriano,,,,,,,,,,,,,,,,,,,,,,,,,,,,,,,,,,,,,,,,,,,,,,,,,,,,,,,,,,,,,,,,,,,,,,,,,,,,,,,,,,,,,,,,,,,,,,,,,,,,,,,,,,,,,,,,,,,,,,,,,,0,0,,3,,,,,,,,,,,,,,,,,,,
446,Aníbal Moreno,ar ARG,MF,Palmeiras,26-148,1999,19,12,1238,13.8,0,1,1,0,0,0,5,0,0.2,0.2,1.4,1.7,13,56,6,0.00,0.07,0.07,0.00,0.07,0.02,0.10,0.12,0.02,0.12,Matches,11,2,18.2,0.80,0.15,0.00,0.00,25.0,0,0.02,-0.2,-0.2,623,725,85.9,12552,3325,212,233,91.0,301,333,90.4,98,129,76.0,1.2,-0.4,4,51,5,2,699,21,3,5,12,1,0,0,0,0,5,5,20,1.45,16,1,0,2,1,2,0.15,2,0,0,0,0,36,25,18,13,5,22,57.9,16,14,16,52,24,0,852,32,5,7,63.6,4,36.4,488,0,10,14,568,65,55.0,86,7,7,29,2,2.32,23,9,+14,+1.02,+0.40,20.7,11.7,+9.0,+0.66,+0.03,0,15,0,0,0,65,15,60.0
,Aranha,,,,,,,,,,,,,,,,,,,,,,,,,,,,,,,,,,,,,,,,,,,,,,,,,,,,,,,,,,,,,,,,,,,,,,,,,,,,,,,,,,,,,,,,,,,,,,,,,,,,,,,,,,,,,,,,,,,,,,,,,,0,0,,1,,,,,,,,,,,,,,,,,,,
42,Arthur,br BRA,FW,Sport Recife,22-210,2003,6,1,200,2.2,0,0,0,0,0,0,0,0,0.3,0.3,0.3,0.6,1,1,11,0.00,0.00,0.00,0.00,0.00,0.14,0.13,0.27,0.14,0.27,Matches,4,0,0.0,1.80,0.00,0.00,,13.9,0,0.08,-0.3,-0.3,26,30,86.7,348,42,16,18,88.9,9,10,90.0,0,0,,0.1,-0.3,8,1,0,0,26,4,0,0,0,0,0,0,0,0,0,1,9,4.05,7,0,0,1,0,0,0.00,0,0,0,0,0,0,0,0,0,0,0,,0,0,1,1,0,1,52,0,12,0,,0,,35,0,8,4,40,,,,0,0,,3,,,,,,,,,,,,0,3,0,0,0,6,4,44.4
100,Arthur Cabral,br BRA,FW,Botafogo (RJ),27-166,1998,12,11,975,10.8,3,2,5,3,0,0,0,0,3.6,3.6,0.6,4.2,9,18,29,0.28,0.18,0.46,0.28,0.46,0.33,0.06,0.39,0.33,0.39,Matches,29,10,34.5,2.68,0.92,0.10,0.30,14.6,0,0.12,-0.6,-0.6,115,143,80.4,1667,362,66,76,86.8,39,47,83.0,6,10,60.0,0.3,+1.4,11,8,6,0,138,5,1,2,0,0,0,0,0,0,0,4,23,2.12,14,0,3,4,0,4,0.37,1,0,2,1,0,11,4,1,6,4,3,75.0,1,4,0,11,12,0,257,11,49,9,52.9,7,41.2,125,6,22,10,167,81,40.1,86,8,1,27,0,1.75,17,10,+7,+0.65,+0.21,14.8,10.0,+4.8,+0.44,+0.28,0,23,1,0,0,25,24,44.4
430,Arthur Melo,br BRA,MF,Grêmio,29-057,1996,5,5,384,4.3,0,0,0,0,0,0,1,1,0.0,0.0,0.0,0.1,6,21,0,0.00,0.00,0.00,0.00,0.00,0.01,0.01,0.02,0.01,0.02,Matches,2,1,50.0,0.47,0.23,0.00,0.00,31.3,0,0.02,0.0,0.0,258,273,94.5,4651,1071,109,113,96.5,110,115,95.7,31,35,88.6,0.1,0.0,3,27,0,0,258,15,0,0,1,1,0,0,0,0,0,1,9,2.11,7,0,1,1,0,1,0.23,1,0,0,0,0,12,7,4,7,1,5,62.5,3,2,2,14,4,0,303,11,0,2,50.0,2,50.0,209,0,3,0,237,77,15.8,77,2,0,,0,1.40,7,4,+3,+0.70,+1.06,3.8,7.5,-3.7,-0.87,-0.41,0,8,0,0,0,28,0,0.0
43,Artur,br BRA,"FW,MF",Botafogo (RJ),27-235,1998,19,15,1299,14.4,2,4,6,2,0,0,1,0,3.2,3.2,2.8,6.0,51,56,143,0.14,0.28,0.42,0.14,0.42,0.22,0.19,0.41,0.22,0.41,Matches,28,10,35.7,1.94,0.69,0.07,0.20,19.6,1,0.11,-1.2,-1.2,351,451,77.8,5776,1436,174,202,86.1,142,179,79.3,25,46,54.3,2.9,+1.2,29,24,24,6,424,25,3,2,39,9,8,5,1,0,2,4,67,4.65,58,3,1,3,0,7,0.49,7,0,0,0,0,11,9,3,4,4,5,33.3,10,9,6,17,6,0,589,1,61,24,48.0,23,46.0,376,18,29,13,425,68,53.5,81,5,4,21,2,1.79,22,11,+11,+0.76,+0.52,19.7,14.4,+5.2,+0.36,+0.19,0,13,0,0,0,50,5,35.7
,Athyrson,,,,,,,,,,,,,,,,,,,,,,,,,,,,,,,,,,,,,,,,,,,,,,,,,,,,,,,,,,,,,,,,,,,,,,,,,,,,,,,,,,,,,,,,,,,,,,,,,,,,,,,,,,,,,,,,,,,,,,,,,,0,0,,17,,,,,,,,,,,,,,,,,,,
,Avellar,,,,,,,,,,,,,,,,,,,,,,,,,,,,,,,,,,,,,,,,,,,,,,,,,,,,,,,,,,,,,,,,,,,,,,,,,,,,,,,,,,,,,,,,,,,,,,,,,,,,,,,,,,,,,,,,,,,,,,,,,,0,0,,1,,,,,,,,,,,,,,,,,,,
50,Aylon,br BRA,"FW,MF",Ceará,33-184,1992,17,8,677,7.5,2,0,2,2,0,0,2,0,2.6,2.6,0.1,2.6,7,16,40,0.27,0.00,0.27,0.27,0.27,0.34,0.01,0.35,0.34,0.35,Matches,16,7,43.8,2.13,0.93,0.13,0.29,18.1,0,0.16,-0.6,-0.6,113,166,68.1,1571,369,79,99,79.8,28,42,66.7,4,7,57.1,0.2,-0.1,2,7,5,2,158,8,0,1,6,1,0,0,0,0,0,9,17,2.25,9,0,3,3,0,2,0.27,1,0,1,0,0,16,11,5,10,1,9,45.0,11,13,2,18,7,0,263,5,23,10,58.8,6,35.3,128,2,16,8,160,40,28.9,64,0,9,18,4,0.94,7,4,+3,+0.40,+0.45,8.9,6.7,+2.2,+0.30,+0.49,0,20,1,0,0,21,15,44.1
373,Ayrton Lucas,br BRA,DF,Flamengo,28-111,1997,11,7,673,7.5,1,0,1,1,0,0,3,0,1.0,1.0,0.3,1.2,15,50,25,0.13,0.00,0.13,0.13,0.13,0.13,0.03,0.16,0.13,0.16,Matches,8,3,37.5,1.07,0.40,0.13,0.33,25.0,0,0.12,0.0,0.0,465,513,90.6,7458,2696,235,250,94.0,193,206,93.7,28,39,71.8,0.4,-0.3,5,64,4,3,452,60,0,0,11,56,0,0,0,0,1,6,16,2.14,12,0,1,1,0,1,0.13,1,0,0,0,0,18,14,8,10,0,6,50.0,6,3,4,22,22,0,594,19,7,7,43.8,8,50.0,333,3,9,1,412,61,28.8,81,5,4,27,9,2.00,15,4,+11,+1.47,+0.07,11.5,5.4,+6.1,+0.82,+0.17,0,17,0,1,0,32,14,56.0
52,Bahia,br BRA,MF,Corinthians,19-279,2006,2,1,49,0.5,0,0,0,0,0,0,0,0,0.2,0.2,0.0,0.2,0,2,1,0.00,0.00,0.00,0.00,0.00,0.39,0.00,0.39,0.39,0.39,Matches,1,0,0.0,1.84,0.00,0.00,,13.6,0,0.21,-0.2,-0.2,13,17,76.5,169,63,8,9,88.9,4,5,80.0,0,1,0.0,0.0,0.0,0,1,0,0,16,1,0,0,0,0,0,0,0,0,0,1,2,3.67,1,0,0,0,0,0,0.00,0,0,0,0,0,3,2,1,2,0,2,100.0,0,2,2,5,1,0,32,2,2,0,0.0,1,100.0,14,0,0,1,16,25,2.0,45,0,1,4,5,0.50,0,1,-1,-1.84,-1.76,0.3,0.4,-0.2,-0.30,-0.24,0,0,0,0,0,4,0,
239,Benjamín Garré,ar ARG,"FW,MF",Vasco da Gama,25-089,2000,10,3,293,3.3,0,0,0,0,0,0,1,0,0.1,0.1,0.3,0.4,7,18,16,0.00,0.00,0.00,0.00,0.00,0.04,0.09,0.13,0.04,0.13,Matches,3,0,0.0,0.92,0.00,0.00,,20.4,0,0.05,-0.1,-0.1,130,159,81.8,1813,436,86,96,89.6,36,45,80.0,6,11,54.5,0.4,-0.3,5,14,4,3,151,8,0,1,16,3,4,1,3,0,0,3,10,3.07,8,1,0,0,0,1,0.31,1,0,0,0,0,6,5,4,2,0,3,33.3,6,5,2,8,4,0,199,5,4,0,0.0,5,71.4,118,1,8,8,139,29,12.1,58,0,7,17,16,1.20,3,5,-2,-0.61,-0.74,3.4,7.0,-3.6,-1.10,-1.08,0,7,0,0,0,17,0,0.0
352,Benjamín Kuscevic,cl CHI,DF,Fortaleza,29-159,1996,19,18,1618,18.0,1,0,1,1,0,0,2,0,1.0,1.0,0.1,1.0,7,31,0,0.06,0.00,0.06,0.06,0.06,0.06,0.00,0.06,0.06,0.06,Matches,8,1,12.5,0.44,0.06,0.13,1.00,9.3,0,0.12,0.0,0.0,613,724,84.7,11708,3996,176,192,91.7,380,405,93.8,49,104,47.1,0.1,-0.1,2,26,0,0,679,41,0,3,2,6,0,0,0,0,4,5,6,0.33,5,1,0,0,0,0,0.00,0,0,0,0,0,36,25,26,10,0,21,70.0,9,7,16,52,114,3,934,128,13,2,100.0,0,0.0,511,1,8,3,556,85,69.1,89,17,1,8,1,1.11,18,27,-9,-0.50,+0.25,20.2,28.6,-8.3,-0.46,-0.60,0,21,0,0,0,46,43,65.2
580,Benjamín Rollheiser,ar ARG,"MF,FW",Santos,25-198,2000,24,22,1732,19.2,0,2,2,0,0,0,7,0,1.7,1.7,3.4,5.1,41,102,89,0.00,0.10,0.10,0.00,0.10,0.09,0.18,0.27,0.09,0.27,Matches,37,10,27.0,1.92,0.52,0.00,0.00,22.9,3,0.05,-1.7,-1.7,716,923,77.6,12213,3236,372,432,86.1,240,291,82.5,85,154,55.2,4.2,-1.4,44,90,30,10,820,98,8,10,81,22,33,8,22,0,5,16,89,4.63,62,13,3,4,0,3,0.16,2,0,0,0,0,17,12,5,8,4,7,25.0,21,15,3,20,10,0,1091,12,36,29,54.7,20,37.7,669,4,30,24,793,72,74.0,75,6,2,37,0,1.00,13,25,-12,-0.62,-0.48,20.1,26.1,-6.0,-0.31,-0.80,0,24,0,0,0,76,4,23.5
75,Bernard,br BRA,"MF,FW",Atlético Mineiro,33-030,1992,18,4,455,5.1,0,0,0,0,0,0,1,0,0.2,0.2,0.9,1.1,26,38,41,0.00,0.00,0.00,0.00,0.00,0.05,0.18,0.22,0.05,0.22,Matches,4,1,25.0,0.79,0.20,0.00,0.00,22.0,0,0.06,-0.2,-0.2,242,304,79.6,3712,898,131,152,86.2,86,99,86.9,18,26,69.2,0.8,-0.9,16,18,12,3,290,13,1,1,19,3,9,6,2,0,1,15,36,7.12,28,2,4,1,1,2,0.40,1,1,0,0,0,12,5,1,7,4,7,70.0,3,2,3,15,1,0,350,0,10,9,45.0,9,45.0,227,4,10,4,272,25,20.2,56,0,14,16,5,1.17,10,6,+4,+0.79,+1.34,11.3,4.3,+7.0,+1.39,+1.69,0,9,0,0,0,26,1,100.0
,Bernardo,,,,,,,,,,,,,,,,,,,,,,,,,,,,,,,,,,,,,,,,,,,,,,,,,,,,,,,,,,,,,,,,,,,,,,,,,,,,,,,,,,,,,,,,,,,,,,,,,,,,,,,,,,,,,,,,,,,,,,,,,,0,0,,8,,,,,,,,,,,,,,,,,,,
,Bernardo Jacob,,,,,,,,,,,,,,,,,,,,,,,,,,,,,,,,,,,,,,,,,,,,,,,,,,,,,,,,,,,,,,,,,,,,,,,,,,,,,,,,,,,,,,,,,,,,,,,,,,,,,,,,,,,,,,,,,,,,,,,,,,0,0,,2,,,,,,,,,,,,,,,,,,,
78,Biel,br BRA,"FW,DF",Atlético Mineiro,24-190,2001,10,3,327,3.6,0,1,1,0,0,0,0,0,1.4,1.4,1.4,2.8,13,11,39,0.00,0.28,0.28,0.00,0.28,0.38,0.38,0.76,0.38,0.76,Matches,13,3,23.1,3.58,0.83,0.00,0.00,17.6,0,0.11,-1.4,-1.4,91,117,77.8,1371,269,51,59,86.4,34,37,91.9,3,5,60.0,0.8,-0.4,5,7,3,1,110,7,0,0,6,5,0,0,0,0,0,12,14,3.84,8,1,2,1,0,1,0.27,1,0,0,0,0,4,1,1,1,2,3,75.0,1,2,3,7,1,1,174,2,21,5,31.3,10,62.5,117,3,11,8,129,33,14.5,61,0,7,21,1,0.80,2,3,-1,-0.28,+0.01,4.8,4.2,+0.5,+0.15,+0.13,0,4,0,0,0,10,1,14.3
90,Bilal Brahimi,dz ALG,FW,Santos,25-208,2000,1,0,21,0.2,0,0,0,0,0,0,0,0,0.0,0.0,0.0,0.1,0,3,4,0.00,0.00,0.00,0.00,0.00,0.12,0.16,0.28,0.12,0.28,Matches,1,1,100.0,4.29,4.29,0.00,0.00,14.9,0,0.03,0.0,0.0,9,13,69.2,162,69,3,3,100.0,5,7,71.4,1,3,33.3,0.0,0.0,1,1,0,0,12,1,0,0,3,0,1,1,0,0,0,0,1,4.29,0,1,0,0,0,0,0.00,0,0,0,0,0,0,0,0,0,0,0,,0,0,0,0,0,0,15,0,1,0,,0,,8,0,1,0,12,21,0.9,,0,1,21,2,1.00,0,1,-1,-4.29,-3.82,0.1,0.1,0.0,+0.12,+0.23,0,0,0,0,0,1,0,
491,Brahian Palacios,co COL,MF,Atlético Mineiro,22-318,2002,1,0,8,0.1,0,0,0,0,0,0,0,0,0.0,0.0,0.0,0.0,0,0,1,0.00,0.00,0.00,0.00,0.00,0.00,0.00,0.00,0.00,0.00,Matches,0,0,,0.00,0.00,,,,0,,0.0,0.0,3,3,100.0,51,8,0,0,,3,3,100.0,0,0,,0.0,0.0,0,0,0,0,3,0,0,0,0,0,0,0,0,0,0,0,0,0.00,0,0,0,0,0,0,0.00,0,0,0,0,0,0,0,0,0,0,0,,0,0,0,0,0,0,4,0,0,0,,0,,2,0,0,0,2,8,0.4,,0,1,8,3,3.00,0,0,0,0.00,+0.28,0.0,0.2,-0.2,-2.77,-2.82,0,0,0,0,0,1,0,
5,Braian Aguirre,ar ARG,DF,Internacional,25-072,2000,23,22,1955,21.7,1,0,1,1,0,0,4,0,0.5,0.5,1.0,1.5,32,103,118,0.05,0.00,0.05,0.05,0.05,0.02,0.05,0.07,0.02,0.07,Matches,16,4,25.0,0.74,0.18,0.06,0.25,28.0,0,0.03,+0.5,+0.5,946,1223,77.4,16843,6130,410,462,88.7,427,540,79.1,93,158,58.9,1.0,-1.0,12,79,19,8,1005,214,1,4,66,197,0,0,0,0,4,27,40,1.84,33,2,1,1,2,3,0.14,3,0,0,0,0,53,32,22,23,8,36,64.3,20,14,28,81,78,2,1477,65,15,12,52.2,11,47.8,756,3,25,9,843,85,83.5,88,19,1,27,2,1.22,22,33,-11,-0.51,-1.68,30.9,24.7,+6.3,+0.29,-0.84,0,32,1,0,0,93,13,32.5
93,Brenno,br BRA,GK,Fortaleza,26-190,1999,3,3,270,3.0,0,0,0,0,0,0,1,1,0.0,0.0,0.0,0.0,0,0,0,0.00,0.00,0.00,0.00,0.00,0.00,0.00,0.00,0.00,0.00,Matches,0,0,,0.00,0.00,,,,0,,0.0,0.0,65,82,79.3,1616,1292,16,16,100.0,32,33,97.0,17,32,53.1,0.0,0.0,0,0,0,0,50,32,0,0,0,0,0,0,0,0,0,1,0,0.00,0,0,0,0,0,0,0.00,0,0,0,0,0,1,0,1,0,0,1,100.0,0,0,0,1,4,0,89,78,0,0,,0,,44,0,0,0,40,90,11.5,90,3,0,,11,1.00,2,4,-2,-0.67,-0.10,3.5,5.3,-1.8,-0.61,-0.38,0,0,0,0,0,4,0,
94,Breno,br BRA,"FW,MF",Fortaleza,29-257,1996,20,17,1339,14.9,4,0,4,4,0,0,3,0,3.8,3.8,1.4,5.2,61,39,121,0.27,0.00,0.27,0.27,0.27,0.26,0.09,0.35,0.26,0.35,Matches,32,10,31.3,2.15,0.67,0.13,0.40,19.2,0,0.12,+0.2,+0.2,357,467,76.4,5517,924,191,216,88.4,124,159,78.0,29,52,55.8,1.2,-1.4,23,28,12,4,421,44,1,1,66,12,19,13,1,0,2,19,62,4.16,36,4,7,10,0,4,0.27,3,0,0,1,0,8,6,6,2,0,3,37.5,5,7,2,10,4,0,572,1,47,12,40.0,11,36.7,399,22,18,18,445,67,57.2,73,2,3,33,0,0.95,16,25,-9,-0.60,-0.07,17.6,25.7,-8.1,-0.54,-0.61,0,8,0,0,0,42,8,34.8
95,Breno,br BRA,MF,Corinthians,20-230,2005,24,22,1848,20.5,1,1,2,1,0,0,6,0,0.8,0.8,2.0,2.7,27,107,55,0.05,0.05,0.10,0.05,0.10,0.04,0.10,0.13,0.04,0.13,Matches,32,10,31.3,2.15,0.67,0.13,0.40,19.2,0,0.12,+0.2,+0.2,357,467,76.4,5517,924,191,216,88.4,124,159,78.0,29,52,55.8,1.2,-1.4,23,28,12,4,421,44,1,1,66,12,19,13,1,0,2,19,62,4.16,36,4,7,10,0,4,0.27,3,0,0,1,0,8,6,6,2,0,3,37.5,5,7,2,10,4,0,572,1,47,12,40.0,11,36.7,399,22,18,18,445,67,57.2,73,2,3,33,0,0.95,16,25,-9,-0.60,-0.07,17.6,25.7,-8.1,-0.54,-0.61,0,8,0,0,0,42,8,34.8
,Breno Vereza,,,,,,,,,,,,,,,,,,,,,,,,,,,,,,,,,,,,,,,,,,,,,,,,,,,,,,,,,,,,,,,,,,,,,,,,,,,,,,,,,,,,,,,,,,,,,,,,,,,,,,,,,,,,,,,,,,,,,,,,,,0,0,,1,,,,,,,,,,,,,,,,,,,
97,Bruninho,br BRA,MF,Fortaleza,20-119,2005,1,1,68,0.8,0,0,0,0,0,0,0,0,0.0,0.0,0.1,0.1,0,1,3,0.00,0.00,0.00,0.00,0.00,0.03,0.08,0.12,0.03,0.12,Matches,2,0,0.0,2.65,0.00,0.00,,32.7,0,0.01,0.0,0.0,24,30,80.0,360,60,16,17,94.1,6,8,75.0,1,3,33.3,0.0,-0.1,1,2,0,0,29,1,0,0,0,0,0,0,0,0,0,1,1,1.32,0,0,0,0,1,0,0.00,0,0,0,0,0,2,2,0,1,1,2,66.7,1,4,2,4,0,0,48,1,0,1,50.0,1,50.0,29,0,3,1,32,68,2.9,68,0,0,,5,1.00,0,0,0,0.00,+0.59,0.5,1.2,-0.8,-1.01,-0.75,0,0,0,0,0,2,1,100.0
,Bruno Alves,,,,,,,,,,,,,,,,,,,,,,,,,,,,,,,,,,,,,,,,,,,,,,,,,,,,,,,,,,,,,,,,,,,,,,,,,,,,,,,,,,,,,,,,,,,,,,,,,,,,,,,,,,,,,,,,,,,,,,,,,,0,0,,1,,,,,,,,,,,,,,,,,,,
209,Bruno Ferreira,br BRA,GK,Ceará,31-206,1994,19,19,1683,18.7,0,0,0,0,0,0,2,0,0.0,0.0,0.0,0.0,0,0,0,0.00,0.00,0.00,0.00,0.00,0.00,0.00,0.00,0.00,0.00,Matches,0,0,,0.00,0.00,,,,0,,0.0,0.0,333,538,61.9,10740,8450,49,50,98.0,146,148,98.6,138,336,41.1,0.0,0.0,0,10,0,0,307,227,0,0,0,0,0,0,0,0,4,0,4,0.21,3,1,0,0,0,0,0.00,0,0,0,0,0,0,0,0,0,0,0,,0,0,0,0,16,1,583,453,0,1,100.0,0,0.0,270,0,1,0,190,89,71.9,89,18,0,,2,1.37,19,17,+2,+0.11,+0.11,21.1,20.7,+0.3,+0.02,+0.23,0,1,0,0,0,10,7,100.0
225,Bruno Fuchs,br BRA,DF,Palmeiras,26-190,1999,15,9,877,9.7,0,0,0,0,0,0,4,0,0.4,0.4,0.7,1.1,11,55,3,0.00,0.00,0.00,0.00,0.00,0.04,0.08,0.12,0.04,0.12,Matches,3,0,0.0,0.31,0.00,0.00,,7.3,0,0.13,-0.4,-0.4,445,501,88.8,9666,3308,121,134,90.3,241,259,93.1,79,101,78.2,0.2,-0.7,6,57,3,0,473,27,0,6,1,8,0,0,0,0,1,2,10,1.03,9,0,0,1,0,0,0.00,0,0,0,0,0,17,9,7,10,0,9,75.0,3,2,19,36,51,0,613,47,8,1,50.0,0,0.0,389,0,7,0,392,58,39.0,81,7,6,24,6,2.44,19,9,+10,+1.03,+0.31,13.3,8.0,+5.2,+0.54,-0.17,0,10,0,0,0,31,24,66.7
251,Bruno Gomes,br BRA,"DF,MF",Internacional,24-187,2001,2,0,29,0.3,0,0,0,0,0,0,0,0,0.0,0.0,0.0,0.1,0,4,1,0.00,0.00,0.00,0.00,0.00,0.07,0.09,0.16,0.07,0.16,Matches,1,1,100.0,3.10,3.10,0.00,0.00,16.4,0,0.02,0.0,0.0,16,23,69.6,217,63,10,11,90.9,4,10,40.0,1,1,100.0,0.0,0.0,1,1,0,0,22,1,0,0,0,1,0,0,0,0,0,0,1,3.10,1,0,0,0,0,0,0.00,0,0,0,0,0,2,1,1,1,0,0,0.0,3,0,0,2,2,0,29,1,1,0,,0,,15,0,1,0,17,15,1.2,,0,2,15,0,2.00,1,0,+1,+3.10,+3.38,0.9,0.4,+0.5,+1.71,+1.29,0,1,0,0,0,4,0,
275,Bruno Henrique,br BRA,"FW,MF",Flamengo,34-282,1990,23,14,1256,14.0,2,0,2,1,1,1,3,0,3.4,2.6,0.5,3.1,32,31,101,0.14,0.00,0.14,0.07,0.07,0.25,0.03,0.28,0.19,0.22,Matches,35,12,34.3,2.51,0.86,0.03,0.08,17.2,0,0.08,-1.4,-1.6,235,315,74.6,3113,714,147,174,84.5,70,91,76.9,6,11,54.5,1.0,-0.5,10,15,13,4,296,17,2,0,15,6,0,0,0,0,2,16,31,2.22,20,0,3,2,0,2,0.14,0,0,0,0,0,17,13,3,6,8,7,50.0,7,10,3,20,5,0,489,6,66,18,45.0,18,45.0,315,12,45,21,372,55,53.7,75,2,9,24,1,2.00,19,8,+11,+0.79,-1.37,17.0,11.7,+5.3,+0.38,-0.69,0,33,0,0,0,26,25,47.2
276,Bruno Henrique,br BRA,MF,Internacional,35-352,1989,20,17,1163,12.9,1,0,1,1,0,0,3,1,1.4,1.4,0.4,1.8,6,62,21,0.08,0.00,0.08,0.08,0.08,0.11,0.03,0.14,0.11,0.14,Matches,35,12,34.3,2.51,0.86,0.03,0.08,17.2,0,0.08,-1.4,-1.6,235,315,74.6,3113,714,147,174,84.5,70,91,76.9,6,11,54.5,1.0,-0.5,10,15,13,4,296,17,2,0,15,6,0,0,0,0,2,16,31,2.22,20,0,3,2,0,2,0.14,0,0,0,0,0,17,13,3,6,8,7,50.0,7,10,3,20,5,0,489,6,66,18,45.0,18,45.0,315,12,45,21,372,55,53.7,75,2,9,24,1,2.00,19,8,+11,+0.79,-1.37,17.0,11.7,+5.3,+0.38,-0.69,0,33,0,0,0,26,25,47.2
455,Bruno Nascimento,br BRA,FW,Palmeiras,28-215,1997,2,0,26,0.3,0,0,0,0,0,0,0,0,0.1,0.1,0.0,0.1,0,1,4,0.00,0.00,0.00,0.00,0.00,0.36,0.00,0.36,0.36,0.36,Matches,1,1,100.0,3.46,3.46,0.00,0.00,7.7,0,0.10,-0.1,-0.1,4,5,80.0,51,13,2,2,100.0,1,2,50.0,0,0,,0.0,0.0,0,0,1,0,5,0,0,0,0,0,0,0,0,0,0,0,1,3.46,1,0,0,0,0,0,0.00,0,0,0,0,0,0,0,0,0,0,0,0.0,1,0,0,0,0,0,6,0,1,0,,0,,5,0,0,0,5,13,1.2,,0,2,13,3,3.00,0,0,0,0.00,-0.85,0.3,0.4,-0.1,-0.40,-1.06,0,0,0,0,0,0,1,50.0
489,Bruno Pacheco,br BRA,DF,Fortaleza,33-304,1991,9,9,730,8.1,1,1,2,1,0,0,3,0,0.2,0.2,0.3,0.5,15,23,21,0.12,0.12,0.25,0.12,0.25,0.02,0.04,0.06,0.02,0.06,Matches,3,2,66.7,0.37,0.25,0.33,0.50,12.4,0,0.06,+0.8,+0.8,227,298,76.2,3295,1397,133,148,89.9,80,98,81.6,7,32,21.9,0.5,+0.7,7,19,4,1,238,58,0,0,12,50,0,0,0,0,2,4,16,1.97,10,1,1,2,2,1,0.12,1,0,0,0,0,18,12,9,6,3,11,64.7,6,7,7,25,18,0,380,17,14,8,44.4,3,16.7,189,6,7,10,218,81,31.2,81,6,0,,9,0.89,9,13,-4,-0.49,+0.12,10.4,12.4,-2.0,-0.25,+0.05,0,12,0,0,0,29,17,54.8
527,Bruno Praxedes,br BRA,"MF,FW",RB Bragantino,23-242,2002,8,3,288,3.2,0,0,0,0,0,0,1,0,0.5,0.5,0.1,0.6,9,27,21,0.00,0.00,0.00,0.00,0.00,0.17,0.02,0.19,0.17,0.19,Matches,10,2,20.0,3.12,0.62,0.00,0.00,20.1,2,0.05,-0.5,-0.5,114,151,75.5,2050,725,56,67,83.6,48,60,80.0,10,16,62.5,0.3,-0.1,2,15,1,0,139,12,1,2,10,1,8,0,7,0,0,5,11,3.44,6,2,0,2,0,2,0.62,1,0,0,0,0,2,2,0,1,1,1,20.0,4,4,2,4,1,0,191,3,8,0,0.0,5,100.0,129,1,6,2,137,36,11.9,66,0,5,18,6,0.75,5,8,-3,-0.94,-0.85,4.4,5.7,-1.3,-0.41,-0.41,0,5,0,0,0,14,6,60.0
652,Bruno Tabata,br BRA,"FW,MF",Internacional,28-192,1997,19,9,875,9.7,3,0,3,2,1,1,4,0,2.0,1.2,1.2,2.4,36,52,91,0.31,0.00,0.31,0.21,0.21,0.21,0.12,0.33,0.13,0.25,Matches,25,9,36.0,2.57,0.93,0.08,0.22,23.0,3,0.05,+1.0,+0.8,394,524,75.2,6471,1581,216,241,89.6,127,175,72.6,37,76,48.7,1.9,-1.2,17,42,9,5,471,53,0,5,63,14,27,15,6,0,0,8,46,4.74,29,8,4,2,0,3,0.31,1,2,0,0,0,16,11,6,8,2,6,33.3,12,6,8,24,13,0,644,6,23,19,59.4,12,37.5,398,6,18,19,458,46,37.4,70,1,10,25,3,1.16,15,17,-2,-0.21,+0.04,15.4,7.8,+7.6,+0.78,+0.57,0,14,0,0,0,56,3,15.8
667,Bruno Tubarão,br BRA,"FW,DF",Ceará,30-217,1995,7,0,100,1.1,0,0,0,0,0,0,0,0,0.1,0.1,0.0,0.1,6,7,9,0.00,0.00,0.00,0.00,0.00,0.05,0.02,0.07,0.05,0.07,Matches,2,0,0.0,1.80,0.00,0.00,,17.4,0,0.03,-0.1,-0.1,34,49,69.4,537,203,19,20,95.0,13,19,68.4,2,5,40.0,0.1,0.0,1,5,2,2,47,1,0,0,12,1,0,0,0,0,1,5,5,4.50,4,0,0,0,1,0,0.00,0,0,0,0,0,4,2,2,2,0,2,40.0,3,2,0,4,1,0,66,1,4,0,0.0,2,100.0,31,1,5,2,45,14,4.3,,0,7,14,5,1.00,0,1,-1,-0.90,-1.02,1.9,1.8,+0.2,+0.17,+0.22,0,1,0,0,0,9,4,57.1
,Bruno Xavier,,,,,,,,,,,,,,,,,,,,,,,,,,,,,,,,,,,,,,,,,,,,,,,,,,,,,,,,,,,,,,,,,,,,,,,,,,,,,,,,,,,,,,,,,,,,,,,,,,,,,,,,,,,,,,,,,,,,,,,,,,0,0,,1,,,,,,,,,,,,,,,,,,,
593,Budiga Roni,br BRA,MF,Mirassol,26-176,1999,7,0,120,1.3,0,0,0,0,0,0,1,0,0.0,0.0,0.0,0.0,0,5,1,0.00,0.00,0.00,0.00,0.00,0.02,0.00,0.02,0.02,0.02,Matches,1,0,0.0,0.75,0.00,0.00,,26.0,0,0.03,0.0,0.0,64,70,91.4,995,260,39,40,97.5,17,19,89.5,6,8,75.0,0.0,0.0,0,5,0,0,68,2,0,0,0,0,0,0,0,0,0,1,3,2.25,3,0,0,0,0,0,0.00,0,0,0,0,0,3,1,1,2,0,1,100.0,0,0,4,7,3,0,82,6,0,1,50.0,1,50.0,42,0,2,1,60,17,5.1,,0,7,17,14,2.43,2,2,0,0.00,-0.57,1.6,2.5,-0.9,-0.68,-0.98,0,1,0,0,0,10,0,0.0
101,Cacá,br BRA,DF,Corinthians,26-166,1999,16,14,1252,13.9,2,0,2,2,0,0,4,0,1.1,1.1,0.2,1.3,7,32,3,0.14,0.00,0.14,0.14,0.14,0.08,0.02,0.09,0.08,0.09,Matches,7,4,57.1,0.50,0.29,0.29,0.50,12.3,0,0.15,+0.9,+0.9,876,927,94.5,17885,5195,204,216,94.4,562,577,97.4,103,122,84.4,0.1,-0.2,2,31,0,0,896,31,0,1,0,1,0,0,0,0,0,0,10,0.72,10,0,0,0,0,1,0.07,1,0,0,0,0,22,18,12,9,1,18,78.3,5,5,7,29,57,0,1056,97,13,3,42.9,2,28.6,715,1,5,3,815,78,51.5,88,13,2,11,8,1.00,13,18,-5,-0.36,-0.51,16.3,17.8,-1.5,-0.11,-0.10,0,18,0,2,0,56,30,65.2
,Cadu,,,,,,,,,,,,,,,,,,,,,,,,,,,,,,,,,,,,,,,,,,,,,,,,,,,,,,,,,,,,,,,,,,,,,,,,,,,,,,,,,,,,,,,,,,,,,,,,,,,,,,,,,,,,,,,,,,,,,,,,,,0,0,,2,,,,,,,,,,,,,,,,,,,
10,Caio Alexandre,br BRA,MF,Bahia,26-226,1999,16,16,1180,13.1,0,1,1,0,0,0,4,0,0.3,0.3,1.2,1.4,11,91,16,0.00,0.08,0.08,0.00,0.08,0.02,0.09,0.11,0.02,0.11,Matches,7,1,14.3,0.53,0.08,0.00,0.00,27.4,0,0.04,-0.3,-0.3,849,950,89.4,15107,3773,367,395,92.9,375,400,93.8,89,111,80.2,1.2,-0.2,9,89,13,4,890,56,2,10,13,1,9,0,0,0,4,13,29,2.21,27,1,0,1,0,2,0.15,2,0,0,0,0,25,13,10,14,1,13,36.1,23,9,10,35,21,1,1078,68,5,9,40.9,10,45.5,670,2,15,7,829,74,50.4,74,3,0,,1,1.88,16,11,+5,+0.38,+0.46,17.7,13.1,+4.6,+0.35,+0.86,0,28,0,0,0,64,4,36.4
499,Caio Paulista,br BRA,"DF,MF",Atlético Mineiro,27-150,1998,12,7,571,6.3,0,0,0,0,0,0,2,0,0.7,0.7,0.3,1.0,19,30,42,0.00,0.00,0.00,0.00,0.00,0.11,0.04,0.15,0.11,0.15,Matches,14,1,7.1,2.21,0.16,0.00,0.00,19.1,0,0.05,-0.7,-0.7,287,354,81.1,4320,1220,163,180,90.6,99,120,82.5,17,31,54.8,0.4,-0.3,6,18,6,3,306,48,0,3,14,44,0,0,0,0,0,11,15,2.36,11,0,2,0,1,0,0.00,0,0,0,0,0,13,6,8,2,3,8,80.0,2,4,6,19,16,0,436,18,15,8,42.1,10,52.6,229,4,12,4,276,48,25.4,69,2,5,17,13,1.25,5,6,-1,-0.16,+0.16,6.2,6.3,-0.2,-0.03,-0.09,0,11,0,0,0,30,10,71.4
103,Calebe,br BRA,MF,Fortaleza,25-161,2000,7,2,229,2.5,1,0,1,1,0,0,2,0,0.5,0.5,0.4,0.9,5,6,18,0.39,0.00,0.39,0.39,0.39,0.21,0.16,0.36,0.21,0.36,Matches,5,2,40.0,1.97,0.79,0.20,0.50,17.6,1,0.11,+0.5,+0.5,67,84,79.8,931,280,40,47,85.1,20,27,74.1,4,6,66.7,0.3,-0.4,5,8,1,0,74,10,1,0,8,0,6,2,3,0,0,0,8,3.14,3,4,0,1,0,1,0.39,1,0,0,0,0,4,2,0,2,2,1,33.3,2,2,2,6,2,0,116,1,11,2,28.6,5,71.4,63,2,7,2,76,33,9.8,70,0,5,18,6,0.57,4,4,0,0.00,+0.64,4.3,2.5,+1.7,+0.67,+1.06,0,2,0,0,0,6,2,40.0
105,Camilo,br BRA,"MF,DF",Grêmio,26-227,1999,13,6,627,7.0,0,0,0,0,0,0,0,0,0.1,0.1,0.1,0.2,5,14,8,0.00,0.00,0.00,0.00,0.00,0.02,0.01,0.02,0.02,0.02,Matches,5,0,0.0,0.72,0.00,0.00,,30.1,0,0.02,-0.1,-0.1,155,208,74.5,2635,910,73,88,83.0,67,87,77.0,11,22,50.0,0.1,-0.1,1,18,2,0,181,27,0,1,2,21,0,0,0,0,0,2,7,1.00,5,0,1,0,0,1,0.14,0,0,0,0,0,22,11,11,9,2,9,52.9,8,6,15,37,29,0,319,25,1,5,45.5,6,54.5,128,0,14,7,146,48,25.8,69,1,7,30,9,0.85,3,9,-6,-0.86,-0.91,5.9,13.2,-7.3,-1.05,-0.70,0,16,0,1,0,20,6,42.9
106,Camutanga,br BRA,DF,Vitória,32-011,1993,6,6,519,5.8,0,0,0,0,0,0,2,0,0.2,0.2,0.0,0.2,1,10,1,0.00,0.00,0.00,0.00,0.00,0.03,0.00,0.03,0.03,0.03,Matches,4,1,25.0,0.69,0.17,0.00,0.00,23.5,2,0.05,-0.2,-0.2,156,178,87.6,2900,1019,53,55,96.4,89,94,94.7,12,22,54.5,0.1,0.0,0,5,2,0,166,12,0,0,0,2,0,0,0,0,0,3,2,0.35,1,0,0,0,0,0,0.00,0,0,0,0,0,6,5,4,2,0,4,100.0,0,2,3,9,44,0,251,38,3,1,33.3,2,66.7,110,0,4,1,128,87,21.4,87,4,0,,0,1.00,6,8,-2,-0.35,+0.41,6.7,6.6,+0.1,+0.02,+0.57,0,6,0,0,0,27,15,51.7
116,Carlinhos,br BRA,FW,Vitória,28-238,1997,4,1,151,1.7,1,0,1,1,0,0,2,1,1.3,1.3,0.0,1.3,0,5,3,0.60,0.00,0.60,0.60,0.60,0.79,0.00,0.79,0.79,0.79,Matches,9,1,11.1,5.36,0.60,0.11,1.00,11.7,0,0.15,-0.3,-0.3,22,30,73.3,275,85,14,18,77.8,6,9,66.7,0,0,,0.0,0.0,0,5,0,0,26,3,0,0,0,0,0,0,0,0,1,0,3,1.79,2,0,0,0,0,0,0.00,0,0,0,0,0,2,1,0,0,2,0,,0,0,1,3,3,0,52,3,10,0,0.0,2,100.0,13,1,4,3,29,38,6.2,58,0,3,31,10,1.00,4,4,0,0.00,+0.71,2.2,2.0,+0.1,+0.08,+0.54,0,9,0,0,0,4,15,55.6
6,Carlos Alberto,br BRA,"FW,MF",Sport Recife,23-177,2002,9,4,330,3.7,0,0,0,0,0,0,1,0,0.5,0.5,0.1,0.6,5,9,20,0.00,0.00,0.00,0.00,0.00,0.14,0.02,0.15,0.14,0.15,Matches,3,2,66.7,0.82,0.55,0.00,0.00,17.9,0,0.17,-0.5,-0.5,51,69,73.9,761,255,26,34,76.5,17,20,85.0,3,6,50.0,0.0,-0.1,2,2,0,0,61,8,0,1,5,5,0,0,0,0,0,2,9,2.45,8,0,0,0,1,0,0.00,0,0,0,0,0,4,3,2,1,1,2,50.0,2,2,9,13,7,0,115,4,13,4,30.8,9,69.2,52,4,11,2,61,37,14.7,58,0,5,20,1,0.22,1,9,-8,-2.18,-1.67,3.3,5.2,-1.8,-0.50,0.00,0,7,0,0,0,13,5,33.3
147,Carlos Cuesta,co COL,DF,Vasco da Gama,26-213,1999,4,3,295,3.3,1,0,1,1,0,0,1,0,0.3,0.3,0.0,0.3,4,7,1,0.31,0.00,0.31,0.31,0.31,0.08,0.00,0.08,0.08,0.08,Matches,2,2,100.0,0.61,0.61,0.50,0.50,9.5,0,0.13,+0.7,+0.7,120,137,87.6,1804,583,59,62,95.2,52,57,91.2,5,11,45.5,0.0,0.0,0,12,0,0,130,7,0,0,2,0,0,0,0,0,0,2,0,0.00,0,0,0,0,0,0,0.00,0,0,0,0,0,7,5,6,1,0,2,50.0,2,1,6,13,18,0,176,19,3,2,100.0,0,0.0,92,1,1,0,107,74,12.1,90,2,1,26,0,2.00,7,3,+4,+1.22,+1.35,3.9,4.9,-1.0,-0.30,-0.18,0,6,0,0,0,12,5,71.4
179,Carlos Eduardo,br BRA,"MF,FW",Cruzeiro,35-356,1989,20,7,633,7.0,1,0,1,1,0,0,1,1,0.7,0.7,0.4,1.1,7,22,10,0.14,0.00,0.14,0.14,0.14,0.10,0.05,0.16,0.10,0.16,Matches,7,3,42.9,1.00,0.43,0.14,0.33,15.2,2,0.10,+0.3,+0.3,225,273,82.4,3699,1013,115,133,86.5,88,101,87.1,17,26,65.4,0.2,-0.4,6,28,3,0,266,7,1,1,3,2,0,0,0,0,0,0,17,2.42,15,0,0,2,0,0,0.00,0,0,0,0,0,11,4,3,6,2,5,31.3,11,11,4,15,10,0,352,18,10,3,42.9,2,28.6,212,0,12,4,240,32,26.0,67,3,13,13,4,1.95,12,4,+8,+1.14,+0.54,10.6,8.2,+2.4,+0.34,-0.10,0,15,1,0,0,30,11,44.0
180,Carlos Eduardo,br BRA,FW,Mirassol,28-363,1996,13,2,349,3.9,0,3,3,0,0,0,1,0,1.2,1.2,1.4,2.7,13,10,36,0.00,0.77,0.77,0.00,0.77,0.32,0.37,0.69,0.32,0.69,Matches,7,3,42.9,1.00,0.43,0.14,0.33,15.2,2,0.10,+0.3,+0.3,225,273,82.4,3699,1013,115,133,86.5,88,101,87.1,17,26,65.4,0.2,-0.4,6,28,3,0,266,7,1,1,3,2,0,0,0,0,0,0,17,2.42,15,0,0,2,0,0,0.00,0,0,0,0,0,11,4,3,6,2,5,31.3,11,11,4,15,10,0,352,18,10,3,42.9,2,28.6,212,0,12,4,240,32,26.0,67,3,13,13,4,1.95,12,4,+8,+1.14,+0.54,10.6,8.2,+2.4,+0.34,-0.10,0,15,1,0,0,30,11,44.0
181,Carlos Eduardo,br BRA,"FW,DF",Vitória,28-363,1996,2,0,41,0.5,0,0,0,0,0,0,0,0,0.0,0.0,0.0,0.0,1,0,3,0.00,0.00,0.00,0.00,0.00,0.08,0.00,0.08,0.08,0.08,Matches,7,3,42.9,1.00,0.43,0.14,0.33,15.2,2,0.10,+0.3,+0.3,225,273,82.4,3699,1013,115,133,86.5,88,101,87.1,17,26,65.4,0.2,-0.4,6,28,3,0,266,7,1,1,3,2,0,0,0,0,0,0,17,2.42,15,0,0,2,0,0,0.00,0,0,0,0,0,11,4,3,6,2,5,31.3,11,11,4,15,10,0,352,18,10,3,42.9,2,28.6,212,0,12,4,240,32,26.0,67,3,13,13,4,1.95,12,4,+8,+1.14,+0.54,10.6,8.2,+2.4,+0.34,-0.10,0,15,1,0,0,30,11,44.0
255,Carlos Gómez,co COL,FW,Vasco da Gama,23-026,2002,7,1,301,3.3,0,3,3,0,0,0,1,0,0.6,0.6,1.3,1.9,11,1,20,0.00,0.90,0.90,0.00,0.90,0.18,0.39,0.57,0.18,0.57,Matches,9,3,33.3,2.69,0.90,0.00,0.00,20.7,0,0.07,-0.6,-0.6,42,59,71.2,676,93,22,28,78.6,16,20,80.0,3,6,50.0,0.9,+1.7,4,1,4,3,58,1,0,0,9,0,0,0,0,0,0,0,8,2.39,5,0,2,0,1,4,1.20,3,0,1,0,0,5,3,4,0,1,3,100.0,0,1,1,6,1,0,111,3,17,10,58.8,6,35.3,67,6,14,11,66,43,12.4,85,0,6,36,1,1.57,9,4,+5,+1.50,+1.66,6.4,5.1,+1.3,+0.40,+0.63,0,9,0,0,0,18,4,66.7
,Carlos Miguel,,,,,,,,,,,,,,,,,,,,,,,,,,,,,,,,,,,,,,,,,,,,,,,,,,,,,,,,,,,,,,,,,,,,,,,,,,,,,,,,,,,,,,,,,,,,,,,,,,,,,,,,,,,,,,,,,,,,,,,,,,0,0,,7,,,,,,,,,,,,,,,,,,,
687,Carlos Vinícius,br BRA,FW,Grêmio,30-197,1995,4,3,217,2.4,1,0,1,1,0,0,1,1,0.6,0.6,0.0,0.6,0,3,7,0.41,0.00,0.41,0.41,0.41,0.25,0.01,0.26,0.25,0.26,Matches,5,3,60.0,2.07,1.24,0.20,0.33,10.5,0,0.12,+0.4,+0.4,25,35,71.4,324,66,15,17,88.2,8,11,72.7,0,2,0.0,0.0,0.0,1,2,1,0,33,2,0,0,2,0,0,0,0,0,0,2,4,1.66,2,0,1,0,0,0,0.00,0,0,0,0,0,0,0,0,0,0,0,0.0,1,0,0,0,2,0,68,1,11,4,40.0,4,40.0,47,0,12,4,55,54,8.9,61,0,1,33,0,1.75,3,3,0,0.00,+0.20,1.4,3.7,-2.3,-0.96,-0.47,0,5,0,0,0,5,6,66.7
66,Cauan Barros,br BRA,MF,Vasco da Gama,21-155,2004,7,6,521,5.8,0,0,0,0,0,0,3,0,0.1,0.1,0.1,0.2,1,28,2,0.00,0.00,0.00,0.00,0.00,0.02,0.02,0.04,0.02,0.04,Matches,4,2,50.0,0.69,0.35,0.00,0.00,20.7,0,0.03,-0.1,-0.1,290,323,89.8,5220,1513,124,136,91.2,143,150,95.3,21,30,70.0,0.1,-0.1,3,34,0,0,312,11,0,2,4,2,0,0,0,0,0,4,9,1.55,8,0,0,1,0,1,0.17,1,0,0,0,0,11,8,3,7,1,7,63.6,4,4,8,19,22,0,393,28,4,4,80.0,1,20.0,233,0,4,5,273,74,21.4,84,2,1,17,2,2.00,14,9,+5,+0.86,+1.05,8.6,8.1,+0.5,+0.09,+0.30,0,12,0,0,0,22,22,73.3
125,Caue,br BRA,DF,RB Bragantino,18-299,2006,2,0,41,0.5,0,1,1,0,0,0,0,0,0.0,0.0,0.1,0.1,1,4,0,0.00,2.20,2.20,0.00,2.20,0.00,0.11,0.11,0.00,0.11,Matches,0,0,,0.00,0.00,,,,0,,0.0,0.0,27,29,93.1,517,121,12,12,100.0,12,14,85.7,3,3,100.0,0.0,+0.9,1,1,1,1,26,3,0,0,1,3,0,0,0,0,0,0,1,2.20,1,0,0,0,0,1,2.20,1,0,0,0,0,2,2,2,0,0,1,50.0,1,0,1,3,1,0,33,2,0,0,,0,,17,0,0,0,19,21,1.7,,0,2,21,1,0.00,1,1,0,0.00,+0.19,0.2,1.6,-1.4,-3.07,-3.07,0,0,0,0,0,1,0,
478,Cauly Oliveira Souza,br BRA,"FW,MF",Bahia,30-023,1995,19,6,738,8.2,1,3,4,1,0,0,1,0,2.5,2.5,0.7,3.2,19,37,49,0.12,0.37,0.49,0.12,0.49,0.30,0.09,0.39,0.30,0.39,Matches,16,4,25.0,1.95,0.49,0.06,0.25,13.3,0,0.16,-1.5,-1.5,292,348,83.9,4166,941,161,176,91.5,99,112,88.4,12,28,42.9,0.9,+2.3,12,19,7,1,321,26,3,1,19,1,14,3,6,0,1,6,21,2.56,17,3,0,1,0,4,0.49,4,0,0,0,0,5,1,0,4,1,0,0.0,4,4,3,8,2,0,430,4,33,11,37.9,16,55.2,255,6,23,15,335,39,31.5,64,0,13,27,6,1.68,9,12,-3,-0.37,-0.76,8.8,14.5,-5.8,-0.70,-0.92,0,9,0,0,0,32,1,20.0
,Cauã Berrío,,,,,,,,,,,,,,,,,,,,,,,,,,,,,,,,,,,,,,,,,,,,,,,,,,,,,,,,,,,,,,,,,,,,,,,,,,,,,,,,,,,,,,,,,,,,,,,,,,,,,,,,,,,,,,,,,,,,,,,,,,0,0,,2,,,,,,,,,,,,,,,,,,,
,Cauã Zappelini,,,,,,,,,,,,,,,,,,,,,,,,,,,,,,,,,,,,,,,,,,,,,,,,,,,,,,,,,,,,,,,,,,,,,,,,,,,,,,,,,,,,,,,,,,,,,,,,,,,,,,,,,,,,,,,,,,,,,,,,,,0,0,,4,,,,,,,,,,,,,,,,,,,
214,Caíque França,br BRA,GK,Sport Recife,30-127,1995,12,12,1080,12.0,0,0,0,0,0,0,2,0,0.0,0.0,0.0,0.0,0,0,0,0.00,0.00,0.00,0.00,0.00,0.00,0.00,0.00,0.00,0.00,Matches,0,0,,0.00,0.00,,,,0,,0.0,0.0,250,324,77.2,6968,5054,22,23,95.7,140,143,97.9,84,151,55.6,0.0,0.0,0,1,0,0,214,107,0,0,0,0,0,0,0,0,3,1,1,0.08,1,0,0,0,0,0,0.00,0,0,0,0,0,1,1,1,0,0,1,50.0,1,0,0,1,8,0,353,312,0,0,,0,,163,0,0,0,133,90,48.0,90,12,0,,13,0.33,7,20,-13,-1.08,-0.62,10.1,18.9,-8.8,-0.73,-0.47,0,0,0,0,0,9,7,100.0
322,Caíque de Jesus Gonçalves,br BRA,MF,Juventude,29-363,1995,17,15,1222,13.6,0,0,0,0,0,0,6,0,0.1,0.1,0.3,0.5,12,48,3,0.00,0.00,0.00,0.00,0.00,0.01,0.02,0.03,0.01,0.03,Matches,3,0,0.0,0.22,0.00,0.00,,22.2,0,0.05,-0.1,-0.1,504,577,87.3,9656,2910,178,198,89.9,253,276,91.7,66,84,78.6,0.4,-0.3,7,46,1,0,531,45,1,2,0,5,0,0,0,0,1,7,21,1.55,20,0,0,1,0,2,0.15,2,0,0,0,0,43,29,27,15,1,23,74.2,8,9,12,55,28,2,707,59,2,10,58.8,7,41.2,354,1,12,7,406,72,52.2,78,6,2,24,0,0.88,7,21,-14,-1.03,+0.02,8.6,21.0,-12.4,-0.91,-0.09,0,31,0,1,0,69,18,69.2
560,Charles Rigon Matos,br BRA,"MF,DF",Corinthians,29-111,1996,11,5,443,4.9,0,0,0,0,0,0,2,0,0.1,0.1,0.0,0.2,3,15,20,0.00,0.00,0.00,0.00,0.00,0.03,0.01,0.03,0.03,0.03,Matches,2,1,50.0,0.41,0.20,0.00,0.00,22.6,0,0.07,-0.1,-0.1,157,186,84.4,2790,652,71,76,93.4,70,82,85.4,15,20,75.0,0.1,0.0,1,16,1,0,179,7,0,0,4,6,0,0,0,0,0,6,6,1.22,3,1,0,1,0,0,0.00,0,0,0,0,0,17,11,9,6,2,7,50.0,7,2,4,21,15,0,245,13,3,2,50.0,2,50.0,129,0,6,5,148,40,18.2,68,1,6,17,11,1.45,6,5,+1,+0.20,+0.38,4.6,7.3,-2.7,-0.55,-0.61,0,18,0,1,0,21,6,37.5
130,Chico,br BRA,"MF,FW",Mirassol,34-144,1991,10,1,264,2.9,0,0,0,0,0,0,1,0,0.1,0.1,0.1,0.2,6,14,11,0.00,0.00,0.00,0.00,0.00,0.03,0.03,0.06,0.03,0.06,Matches,2,1,50.0,0.68,0.34,0.00,0.00,15.9,0,0.04,-0.1,-0.1,83,107,77.6,1151,379,57,66,86.4,18,26,69.2,5,10,50.0,0.4,-0.1,3,10,7,1,104,3,1,1,4,2,1,0,1,0,0,2,8,2.73,6,0,0,1,1,2,0.68,0,0,0,1,1,10,7,1,6,3,4,36.4,7,3,5,15,1,0,148,3,5,1,20.0,2,40.0,90,1,8,6,105,26,11.3,76,0,9,21,16,2.10,2,3,-1,-0.34,-0.99,3.8,2.5,+1.3,+0.46,+0.24,0,6,1,0,0,9,3,50.0
131,Chico,br BRA,DF,Sport Recife,27-024,1998,13,12,1060,11.8,0,0,0,0,0,0,1,0,0.5,0.5,0.2,0.7,15,42,5,0.00,0.00,0.00,0.00,0.00,0.04,0.02,0.06,0.04,0.06,Matches,2,1,50.0,0.68,0.34,0.00,0.00,15.9,0,0.04,-0.1,-0.1,83,107,77.6,1151,379,57,66,86.4,18,26,69.2,5,10,50.0,0.4,-0.1,3,10,7,1,104,3,1,1,4,2,1,0,1,0,0,2,8,2.73,6,0,0,1,1,2,0.68,0,0,0,1,1,10,7,1,6,3,4,36.4,7,3,5,15,1,0,148,3,5,1,20.0,2,40.0,90,1,8,6,105,26,11.3,76,0,9,21,16,2.10,2,3,-1,-0.34,-0.99,3.8,2.5,+1.3,+0.46,+0.24,0,6,1,0,0,9,3,50.0
540,Chris Ramos,es ESP,FW,Botafogo (RJ),28-265,1997,6,4,356,4.0,3,0,3,3,0,0,0,1,2.3,2.3,0.5,2.8,4,1,25,0.76,0.00,0.76,0.76,0.76,0.58,0.13,0.71,0.58,0.71,Matches,12,5,41.7,3.03,1.26,0.25,0.60,12.9,0,0.19,+0.7,+0.7,28,51,54.9,363,55,20,27,74.1,5,17,29.4,1,1,100.0,0.1,-0.5,4,2,1,0,50,1,0,0,1,0,0,0,0,0,0,2,7,1.77,4,0,1,1,0,1,0.25,0,0,0,0,0,7,5,1,5,1,0,0.0,3,1,1,8,4,0,99,4,21,1,25.0,3,75.0,40,3,11,5,67,59,14.7,72,2,2,35,1,1.17,5,6,-1,-0.25,-0.90,5.6,5.0,+0.6,+0.15,-0.14,0,7,0,0,0,6,21,58.3
132,Christian,br BRA,FW,Cruzeiro,24-293,2000,21,20,1616,18.0,3,2,5,3,0,0,7,0,4.3,4.3,2.2,6.5,25,39,108,0.17,0.11,0.28,0.17,0.28,0.24,0.12,0.36,0.24,0.36,Matches,33,10,30.3,1.84,0.56,0.09,0.30,13.0,0,0.13,-1.3,-1.3,298,409,72.9,4018,1135,183,222,82.4,89,116,76.7,10,24,41.7,0.6,-0.2,15,21,7,0,401,6,2,1,23,5,0,0,0,0,2,20,33,1.84,24,0,1,2,0,4,0.22,2,0,0,0,0,30,14,7,18,5,16,59.3,11,17,13,43,16,0,612,23,58,7,21.9,19,59.4,336,5,24,18,382,77,66.5,78,6,1,63,0,2.10,32,11,+21,+1.17,+1.28,26.8,12.7,+14.1,+0.78,+1.11,0,33,0,0,0,57,13,40.6
480,Christian Ortiz,ar ARG,MF,Sport Recife,33-049,1992,6,0,178,2.0,0,0,0,0,0,0,0,0,0.2,0.2,0.2,0.4,2,13,17,0.00,0.00,0.00,0.00,0.00,0.11,0.09,0.21,0.11,0.21,Matches,7,3,42.9,3.54,1.52,0.00,0.00,28.0,2,0.03,-0.2,-0.2,79,114,69.3,1178,333,38,51,74.5,30,42,71.4,5,10,50.0,0.2,-0.2,3,13,3,0,103,10,1,0,5,5,3,2,1,0,1,3,5,2.51,5,0,0,0,0,0,0.00,0,0,0,0,0,3,2,2,1,0,2,50.0,2,2,2,5,0,0,140,2,7,1,25.0,3,75.0,67,2,2,3,92,30,7.9,,0,6,30,4,0.33,0,0,0,0.00,+0.83,1.0,0.8,+0.2,+0.10,+0.65,0,4,0,0,0,12,4,50.0
565,Christian Rivera,co COL,MF,Sport Recife,29-267,1996,23,22,1916,21.3,0,0,0,0,0,0,5,0,0.2,0.2,0.4,0.6,14,82,14,0.00,0.00,0.00,0.00,0.00,0.01,0.02,0.03,0.01,0.03,Matches,4,0,0.0,0.19,0.00,0.00,,22.6,0,0.05,-0.2,-0.2,957,1066,89.8,18129,4715,357,394,90.6,476,499,95.4,105,132,79.5,0.8,-0.4,8,74,9,1,990,71,1,13,2,4,0,0,0,0,5,12,33,1.55,28,1,1,0,3,1,0.05,1,0,0,0,0,57,37,22,33,2,23,45.1,28,14,19,76,26,5,1240,43,13,10,55.6,8,44.4,739,0,20,16,809,83,85.2,86,17,1,17,1,0.61,16,34,-18,-0.85,-0.58,22.5,33.7,-11.2,-0.53,-0.22,0,55,0,0,0,136,20,57.1
63,Chrystian Barletta,br BRA,"FW,MF",Sport Recife,24-095,2001,25,16,1306,14.5,2,0,2,2,0,0,2,0,3.2,3.2,1.8,5.0,58,40,131,0.14,0.00,0.14,0.14,0.14,0.22,0.12,0.34,0.22,0.34,Matches,41,18,43.9,2.83,1.24,0.05,0.11,19.8,3,0.08,-1.2,-1.2,295,429,68.8,3959,1223,189,228,82.9,71,103,68.9,16,37,43.2,2.8,-1.8,12,26,16,3,398,27,3,2,44,13,5,1,2,0,4,25,40,2.75,22,2,7,4,2,0,0.00,0,0,0,0,0,13,5,1,7,5,5,27.8,13,13,10,23,11,0,655,11,73,32,37.2,47,54.7,414,19,44,33,479,52,58.0,71,3,9,18,0,0.64,8,19,-11,-0.76,0.00,14.7,18.8,-4.1,-0.28,+0.51,0,12,0,0,0,52,12,54.5
,Chumbinho,,,,,,,,,,,,,,,,,,,,,,,,,,,,,,,,,,,,,,,,,,,,,,,,,,,,,,,,,,,,,,,,,,,,,,,,,,,,,,,,,,,,,,,,,,,,,,,,,,,,,,,,,,,,,,,,,,,,,,,,,,0,0,,2,,,,,,,,,,,,,,,,,,,
133,Cipriano,br BRA,DF,Juventude,22-334,2002,3,3,189,2.1,0,0,0,0,0,0,1,1,0.0,0.0,0.0,0.0,0,0,0,0.00,0.00,0.00,0.00,0.00,0.00,0.00,0.00,0.00,0.00,Matches,0,0,,0.00,0.00,,,,0,,0.0,0.0,51,67,76.1,1029,241,16,20,80.0,28,33,84.8,7,14,50.0,0.0,0.0,0,0,0,0,64,3,0,0,0,0,0,0,0,0,0,0,1,0.48,0,1,0,0,0,0,0.00,0,0,0,0,0,2,1,1,1,0,1,33.3,2,2,4,6,8,0,82,9,1,0,,0,,43,0,0,0,46,63,8.1,63,2,0,,3,1.67,2,1,+1,+0.48,+1.65,2.0,1.9,+0.1,+0.05,+0.99,0,3,0,0,0,6,4,57.1
134,Claudinho,br BRA,DF,Vitória,25-014,2000,15,9,901,10.0,0,0,0,0,0,0,5,0,0.5,0.5,1.2,1.7,29,45,42,0.00,0.00,0.00,0.00,0.00,0.05,0.12,0.17,0.05,0.17,Matches,7,1,14.3,0.70,0.10,0.00,0.00,17.8,0,0.07,-0.5,-0.5,391,521,75.0,7115,2732,157,185,84.9,186,233,79.8,41,82,50.0,1.5,-1.2,10,48,14,9,431,89,0,2,46,74,3,0,1,0,1,12,24,2.40,18,2,2,1,0,1,0.10,1,0,0,0,0,21,10,14,7,0,14,56.0,11,8,10,31,26,1,626,32,16,6,50.0,5,41.7,325,4,13,5,347,60,37.1,87,7,6,20,6,0.87,8,13,-5,-0.50,+0.27,8.9,11.8,-2.8,-0.28,+0.23,0,10,0,0,0,45,7,46.7
135,Clayson,br BRA,FW,Mirassol,30-203,1995,6,3,256,2.8,0,1,1,0,0,0,2,0,0.1,0.1,0.4,0.5,14,8,37,0.00,0.35,0.35,0.00,0.35,0.03,0.15,0.18,0.03,0.18,Matches,4,2,50.0,1.41,0.70,0.00,0.00,23.7,0,0.02,-0.1,-0.1,72,104,69.2,1194,407,42,50,84.0,18,23,78.3,9,20,45.0,0.9,+0.6,6,7,1,1,97,7,0,3,22,1,5,3,2,0,0,5,13,4.57,7,3,2,0,0,2,0.70,1,0,0,0,0,2,1,1,1,0,1,20.0,4,3,1,3,0,0,143,1,11,12,52.2,11,47.8,103,3,8,3,105,43,10.9,69,0,3,16,3,1.00,3,6,-3,-1.05,-1.79,2.8,3.8,-1.0,-0.35,-0.67,0,4,0,0,0,11,2,66.7
136,Clayton,br BRA,DF,Internacional,25-187,2000,6,6,481,5.3,0,0,0,0,0,0,2,0,0.3,0.3,0.0,0.3,3,14,0,0.00,0.00,0.00,0.00,0.00,0.05,0.00,0.05,0.05,0.05,Matches,5,2,40.0,0.94,0.37,0.00,0.00,12.7,0,0.06,-0.3,-0.3,274,306,89.5,5118,1334,82,86,95.3,166,176,94.3,21,35,60.0,0.1,0.0,0,20,0,0,299,6,0,0,2,0,0,0,0,0,1,2,3,0.56,2,0,0,0,1,0,0.00,0,0,0,0,0,6,2,3,3,0,1,25.0,3,3,7,13,26,0,366,28,4,3,100.0,0,0.0,205,0,2,2,245,80,20.6,80,4,0,,16,1.33,6,8,-2,-0.37,-0.18,8.5,5.3,+3.2,+0.59,+0.21,0,8,0,0,0,23,13,56.5
137,Cleiton,br BRA,DF,Flamengo,22-166,2003,2,0,79,0.9,0,0,0,0,0,0,0,0,0.0,0.0,0.0,0.0,0,1,0,0.00,0.00,0.00,0.00,0.00,0.00,0.00,0.00,0.00,0.00,Matches,0,0,,0.00,0.00,,,,0,,0.0,0.0,42,47,89.4,708,202,21,23,91.3,17,19,89.5,2,3,66.7,0.0,0.0,0,3,0,0,43,4,0,0,0,1,0,0,0,0,0,1,1,1.14,0,0,0,1,0,0,0.00,0,0,0,0,0,3,2,1,2,0,1,100.0,0,0,2,5,7,0,64,8,1,0,,0,,38,0,2,0,42,40,3.4,,0,2,40,11,1.50,0,1,-1,-1.14,-2.65,0.8,0.7,+0.1,+0.08,-0.64,0,1,0,0,0,1,1,100.0
621,Cleiton Schwengber,br BRA,GK,RB Bragantino,28-050,1997,24,24,2160,24.0,0,0,0,0,0,0,5,0,0.0,0.0,0.0,0.0,0,1,0,0.00,0.00,0.00,0.00,0.00,0.00,0.00,0.00,0.00,0.00,Matches,0,0,,0.00,0.00,,,,0,,0.0,0.0,590,728,81.0,15272,8930,86,86,100.0,337,342,98.5,162,295,54.9,0.0,0.0,0,5,0,0,522,206,0,3,0,0,0,0,0,0,0,0,3,0.12,2,1,0,0,0,1,0.04,1,0,0,0,0,0,0,0,0,0,0,0.0,1,0,0,0,10,1,784,649,0,0,,0,,458,0,0,0,353,90,88.9,90,24,0,,0,1.25,29,34,-5,-0.21,-0.21,27.4,28.3,-0.9,-0.04,+0.17,0,0,0,0,0,19,7,100.0
,Cristhian Loor,,,,,,,,,,,,,,,,,,,,,,,,,,,,,,,,,,,,,,,,,,,,,,,,,,,,,,,,,,,,,,,,,,,,,,,,,,,,,,,,,,,,,,,,,,,,,,,,,,,,,,,,,,,,,,,,,,,,,,,,,,0,0,,2,,,,,,,,,,,,,,,,,,,
479,Cristian Olivera,uy URU,"FW,MF",Grêmio,23-174,2002,18,15,1202,13.4,2,0,2,2,0,0,3,0,1.9,1.9,0.8,2.8,47,24,87,0.15,0.00,0.15,0.15,0.15,0.15,0.06,0.21,0.15,0.21,Matches,23,9,39.1,1.72,0.67,0.09,0.22,21.3,0,0.08,+0.1,+0.1,191,281,68.0,2670,795,122,148,82.4,50,80,62.5,11,27,40.7,1.0,-0.8,10,14,11,7,273,8,1,1,31,8,0,0,0,0,0,11,29,2.17,14,0,6,5,0,1,0.07,0,0,0,1,0,27,22,13,6,8,16,59.3,11,8,2,29,12,0,482,12,33,28,35.0,44,55.0,319,12,40,22,343,67,49.5,74,2,3,33,1,1.61,15,9,+6,+0.45,+1.26,14.8,18.0,-3.2,-0.24,+0.57,0,25,1,0,0,50,5,21.7
501,Cristian Pavón,ar ARG,"FW,MF",Grêmio,29-260,1996,18,10,893,9.9,0,2,2,0,0,0,3,0,0.9,0.9,1.5,2.4,25,26,73,0.00,0.20,0.20,0.00,0.20,0.09,0.15,0.24,0.09,0.24,Matches,19,4,21.1,1.91,0.40,0.00,0.00,24.0,1,0.05,-0.9,-0.9,282,421,67.0,4656,1420,155,196,79.1,93,135,68.9,27,63,42.9,1.2,+0.5,14,18,11,5,398,23,0,3,48,11,6,0,4,0,0,13,25,2.52,17,2,4,0,0,2,0.20,2,0,0,0,0,17,12,12,2,3,12,46.2,14,10,12,29,17,2,552,16,20,12,35.3,21,61.8,329,8,20,14,357,50,36.7,64,0,8,32,1,1.11,7,12,-5,-0.50,-0.50,9.3,15.1,-5.8,-0.58,-0.08,0,8,0,0,0,67,12,44.4
551,Cristian Renato,br BRA,FW,Mirassol,25-232,2000,22,7,915,10.2,4,1,5,4,0,0,2,0,3.2,3.2,0.5,3.7,7,9,44,0.39,0.10,0.49,0.39,0.49,0.32,0.05,0.37,0.32,0.37,Matches,33,16,48.5,3.25,1.57,0.12,0.25,15.5,0,0.10,+0.8,+0.8,93,134,69.4,1212,233,54,72,75.0,21,27,77.8,7,11,63.6,0.3,+0.5,9,6,1,0,118,15,0,1,1,1,0,0,0,0,1,4,20,1.97,11,0,3,1,1,3,0.30,2,0,1,0,0,8,4,1,6,1,2,28.6,5,6,3,11,7,0,258,12,40,10,37.0,16,59.3,138,2,24,16,171,42,39.1,70,1,15,28,3,1.77,14,9,+5,+0.49,-0.08,17.4,11.7,+5.7,+0.56,+0.51,0,17,0,0,0,26,23,46.9
148,Cuiabano,br BRA,"DF,MF",Botafogo (RJ),22-234,2003,19,9,922,10.2,3,2,5,3,0,0,3,0,1.3,1.3,2.0,3.3,22,31,74,0.29,0.20,0.49,0.29,0.49,0.13,0.19,0.32,0.13,0.32,Matches,17,8,47.1,1.66,0.78,0.18,0.38,17.5,0,0.08,+1.7,+1.7,318,433,73.4,5130,1738,176,206,85.4,108,137,78.8,25,60,41.7,1.3,0.0,15,25,15,6,361,71,1,5,45,58,9,6,3,0,1,15,24,2.34,20,1,1,0,1,3,0.29,2,0,0,0,0,21,16,12,7,2,9,52.9,8,10,14,35,15,0,555,19,28,5,45.5,5,45.5,270,5,26,4,320,49,37.9,74,3,10,26,1,1.32,12,9,+3,+0.29,-0.36,11.4,9.7,+1.7,+0.17,-0.17,0,14,0,0,0,45,11,52.4
123,Cássio,br BRA,GK,Cruzeiro,38-124,1987,26,26,2340,26.0,0,0,0,0,0,0,5,0,0.0,0.0,0.0,0.0,0,0,0,0.00,0.00,0.00,0.00,0.00,0.00,0.00,0.00,0.00,0.00,Matches,0,0,,0.00,0.00,,,,0,,0.0,0.0,417,560,74.5,11662,7384,57,57,100.0,209,212,98.6,149,287,51.9,0.0,0.0,1,8,0,0,305,254,0,1,0,0,0,0,0,0,1,1,2,0.08,2,0,0,0,0,0,0.00,0,0,0,0,0,0,0,0,0,0,0,0.0,2,0,0,0,5,2,601,514,0,0,,0,,265,0,0,0,143,90,96.3,90,26,0,,0,1.88,36,20,+16,+0.62,-3.38,33.4,24.6,+8.8,+0.34,-1.96,0,0,0,0,0,22,0,
638,Cédric Soares,pt POR,"DF,FW",São Paulo,34-038,1991,22,19,1643,18.3,0,2,2,0,0,0,1,0,0.2,0.2,2.1,2.3,23,58,90,0.00,0.11,0.11,0.00,0.11,0.01,0.12,0.13,0.01,0.13,Matches,3,0,0.0,0.16,0.00,0.00,,16.0,0,0.06,-0.2,-0.2,701,964,72.7,11596,4604,345,393,87.8,286,361,79.2,52,152,34.2,2.4,-0.1,22,44,22,13,764,196,0,1,95,151,21,8,12,0,4,32,38,2.08,33,4,1,0,0,3,0.16,3,0,0,0,0,34,22,22,9,3,18,60.0,12,9,10,44,44,2,1143,44,25,7,43.8,8,50.0,609,2,31,17,689,75,67.6,83,11,3,24,4,1.45,20,20,0,0.00,-0.34,19.5,20.1,-0.6,-0.03,-0.96,0,10,0,0,0,76,8,32.0
,Da Silva,,,,,,,,,,,,,,,,,,,,,,,,,,,,,,,,,,,,,,,,,,,,,,,,,,,,,,,,,,,,,,,,,,,,,,,,,,,,,,,,,,,,,,,,,,,,,,,,,,,,,,,,,,,,,,,,,,,,,,,,,,0,0,,2,,,,,,,,,,,,,,,,,,,
277,Dalbert Henrique,br BRA,"DF,FW",Sport Recife,32-030,1993,5,0,110,1.2,0,0,0,0,0,0,2,0,0.0,0.0,0.0,0.0,2,6,18,0.00,0.00,0.00,0.00,0.00,0.00,0.00,0.00,0.00,0.00,Matches,0,0,,0.00,0.00,,,,0,,0.0,0.0,51,72,70.8,857,273,24,27,88.9,17,24,70.8,7,14,50.0,0.1,0.0,0,4,2,1,60,12,0,1,9,11,0,0,0,0,0,1,3,2.45,3,0,0,0,0,0,0.00,0,0,0,0,0,4,3,2,1,1,2,100.0,0,2,0,4,5,0,87,3,4,1,100.0,0,0.0,39,0,3,0,46,22,4.9,,0,5,22,0,0.20,0,2,-2,-1.64,-0.92,1.1,0.9,+0.2,+0.15,+0.67,0,8,0,0,0,7,2,66.7
80,Damián Bobadilla,py PAR,MF,São Paulo,24-089,2001,22,14,1415,15.7,2,1,3,2,0,0,4,0,1.7,1.7,0.9,2.5,14,91,34,0.13,0.06,0.19,0.13,0.19,0.11,0.05,0.16,0.11,0.16,Matches,26,7,26.9,1.65,0.45,0.08,0.29,21.4,0,0.06,+0.3,+0.3,741,843,87.9,13048,3546,325,354,91.8,331,367,90.2,71,86,82.6,1.5,+0.1,13,88,26,2,816,26,6,10,7,5,0,0,0,0,1,12,46,2.92,40,0,0,2,2,4,0.25,4,0,0,0,0,38,26,8,20,10,13,41.9,18,11,10,48,17,0,1002,22,25,7,38.9,9,50.0,636,2,18,7,733,64,58.2,85,10,8,28,4,1.45,23,13,+10,+0.64,+1.26,22.1,13.9,+8.3,+0.52,+0.59,0,26,0,0,0,65,14,63.6
84,Daniel Borges,br BRA,DF,Mirassol,32-199,1993,10,3,409,4.5,2,0,2,2,0,0,2,0,0.4,0.4,0.2,0.6,3,10,12,0.44,0.00,0.44,0.44,0.44,0.08,0.05,0.13,0.08,0.13,Matches,5,2,40.0,1.10,0.44,0.40,1.00,23.1,0,0.08,+1.6,+1.6,184,233,79.0,2955,1149,91,101,90.1,73,89,82.0,14,29,48.3,0.4,-0.2,5,9,3,2,179,53,0,4,16,40,6,2,2,0,1,3,8,1.76,5,2,1,0,0,0,0.00,0,0,0,0,0,6,2,5,0,1,2,18.2,9,5,6,12,21,1,295,28,6,1,16.7,5,83.3,128,0,7,3,159,41,17.5,86,2,7,21,16,1.90,12,7,+5,+1.10,+0.68,5.0,6.6,-1.6,-0.35,-0.73,0,7,0,0,0,17,5,41.7
227,Daniel Fuzato,br BRA,GK,Vasco da Gama,28-096,1997,2,1,92,1.0,0,0,0,0,0,0,0,0,0.0,0.0,0.0,0.0,0,0,0,0.00,0.00,0.00,0.00,0.00,0.00,0.00,0.00,0.00,0.00,Matches,0,0,,0.00,0.00,,,,0,,0.0,0.0,41,52,78.8,961,636,8,9,88.9,17,17,100.0,12,22,54.5,0.0,0.0,0,0,0,0,39,13,0,1,0,0,0,0,0,0,0,0,0,0.00,0,0,0,0,0,0,0.00,0,0,0,0,0,0,0,0,0,0,0,,0,0,0,0,0,1,53,44,0,0,,0,,35,0,0,0,35,46,3.8,90,1,1,2,25,0.50,2,4,-2,-1.96,-2.07,1.3,1.5,-0.2,-0.16,-0.02,0,0,0,0,0,1,1,100.0
248,Daniel Giraldo,co COL,MF,Juventude,33-099,1992,14,7,678,7.5,0,0,0,0,0,0,4,0,0.0,0.0,0.0,0.0,6,27,5,0.00,0.00,0.00,0.00,0.00,0.00,0.00,0.00,0.00,0.00,Matches,2,0,0.0,0.27,0.00,0.00,,25.9,0,0.02,0.0,0.0,314,361,87.0,5898,1390,123,135,91.1,144,159,90.6,41,49,83.7,0.1,0.0,0,23,1,0,342,18,0,4,1,0,0,0,0,0,1,5,6,0.80,5,0,0,0,1,1,0.13,1,0,0,0,0,11,8,6,4,1,7,41.2,10,6,3,14,22,1,423,36,2,2,100.0,0,0.0,216,0,8,8,272,48,29.0,72,2,7,25,6,1.21,11,19,-8,-1.06,-0.03,8.2,11.5,-3.3,-0.43,+0.61,0,18,0,0,0,33,7,53.8
,Daniel Sales,,,,,,,,,,,,,,,,,,,,,,,,,,,,,,,,,,,,,,,,,,,,,,,,,,,,,,,,,,,,,,,,,,,,,,,,,,,,,,,,,,,,,,,,,,,,,,,,,,,,,,,,,,,,,,,,,,,,,,,,,,0,0,,4,,,,,,,,,,,,,,,,,,,
151,Danielzinho,br BRA,MF,Mirassol,30-338,1994,25,25,2226,24.7,0,2,2,0,0,0,4,0,1.2,1.2,2.8,4.0,41,163,80,0.00,0.08,0.08,0.00,0.08,0.05,0.11,0.16,0.05,0.16,Matches,22,4,18.2,0.89,0.16,0.00,0.00,21.6,2,0.06,-1.2,-1.2,1288,1531,84.1,19935,5875,670,727,92.2,482,542,88.9,83,159,52.2,2.8,-0.8,42,158,23,5,1384,138,3,2,74,8,40,15,23,1,9,28,86,3.48,69,11,0,4,0,7,0.28,7,0,0,0,0,42,27,17,22,3,11,42.3,15,13,17,59,37,3,1772,63,28,5,25.0,10,50.0,1013,0,38,21,1249,89,95.1,89,23,0,,0,1.68,41,26,+15,+0.61,+1.40,36.4,29.8,+6.6,+0.27,+0.41,0,29,1,0,0,138,22,43.1
152,Danilo,br BRA,DF,Flamengo,34-085,1991,11,7,670,7.4,1,0,1,1,0,0,1,1,0.9,0.9,0.2,1.1,8,64,3,0.13,0.00,0.13,0.13,0.13,0.12,0.03,0.14,0.12,0.14,Matches,3,2,66.7,0.40,0.27,0.33,0.50,6.5,0,0.29,+0.1,+0.1,623,670,93.0,12302,4521,202,208,97.1,354,368,96.2,65,90,72.2,0.2,-0.2,1,78,4,0,651,19,0,4,5,3,0,0,0,0,0,1,8,1.08,8,0,0,0,0,2,0.27,2,0,0,0,0,6,5,4,2,0,2,28.6,5,1,7,13,27,0,714,43,4,0,0.0,1,100.0,494,1,4,1,570,61,28.6,78,5,4,32,9,2.09,18,4,+14,+1.88,+0.64,12.3,5.0,+7.3,+0.98,+0.40,0,12,0,0,0,42,7,35.0
153,Danilo,br BRA,"MF,FW",Botafogo (RJ),24-162,2001,7,4,379,4.2,1,0,1,1,0,0,2,0,0.4,0.4,0.3,0.6,3,27,14,0.24,0.00,0.24,0.24,0.24,0.08,0.07,0.15,0.08,0.15,Matches,3,2,66.7,0.40,0.27,0.33,0.50,6.5,0,0.29,+0.1,+0.1,623,670,93.0,12302,4521,202,208,97.1,354,368,96.2,65,90,72.2,0.2,-0.2,1,78,4,0,651,19,0,4,5,3,0,0,0,0,0,1,8,1.08,8,0,0,0,0,2,0.27,2,0,0,0,0,6,5,4,2,0,2,28.6,5,1,7,13,27,0,714,43,4,0,0.0,1,100.0,494,1,4,1,570,61,28.6,78,5,4,32,9,2.09,18,4,+14,+1.88,+0.64,12.3,5.0,+7.3,+0.98,+0.40,0,12,0,0,0,42,7,35.0
57,Danilo Barbosa,br BRA,"DF,MF",Botafogo (RJ),29-222,1996,3,0,39,0.4,0,0,0,0,0,0,1,0,0.0,0.0,0.0,0.0,2,2,1,0.00,0.00,0.00,0.00,0.00,0.04,0.00,0.04,0.04,0.04,Matches,1,1,100.0,2.31,2.31,0.00,0.00,33.7,0,0.02,0.0,0.0,12,12,100.0,199,101,6,6,100.0,5,5,100.0,1,1,100.0,0.0,0.0,0,0,0,0,12,0,0,0,0,0,0,0,0,0,0,0,0,0.00,0,0,0,0,0,0,0.00,0,0,0,0,0,1,1,1,0,0,1,100.0,0,0,1,2,2,0,23,5,0,0,0.0,1,100.0,11,0,2,0,12,13,1.6,,0,3,13,7,1.33,1,1,0,0.00,-0.53,0.2,0.3,-0.1,-0.20,-0.48,0,1,0,0,0,1,1,25.0
,Danilo Fernandes,,,,,,,,,,,,,,,,,,,,,,,,,,,,,,,,,,,,,,,,,,,,,,,,,,,,,,,,,,,,,,,,,,,,,,,,,,,,,,,,,,,,,,,,,,,,,,,,,,,,,,,,,,,,,,,,,,,,,,,,,,0,0,,16,,,,,,,,,,,,,,,,,,,
,Davi,,,,,,,,,,,,,,,,,,,,,,,,,,,,,,,,,,,,,,,,,,,,,,,,,,,,,,,,,,,,,,,,,,,,,,,,,,,,,,,,,,,,,,,,,,,,,,,,,,,,,,,,,,,,,,,,,,,,,,,,,,0,0,,3,,,,,,,,,,,,,,,,,,,
,Davi Barbosa,,,,,,,,,,,,,,,,,,,,,,,,,,,,,,,,,,,,,,,,,,,,,,,,,,,,,,,,,,,,,,,,,,,,,,,,,,,,,,,,,,,,,,,,,,,,,,,,,,,,,,,,,,,,,,,,,,,,,,,,,,0,0,,2,,,,,,,,,,,,,,,,,,,
250,Davi Goes,br BRA,MF,Juventude,20-108,2005,2,1,64,0.7,0,0,0,0,0,0,0,0,0.0,0.0,0.0,0.0,0,2,0,0.00,0.00,0.00,0.00,0.00,0.02,0.00,0.02,0.02,0.02,Matches,1,0,0.0,1.41,0.00,0.00,,25.1,0,0.02,0.0,0.0,29,32,90.6,561,122,11,11,100.0,14,14,100.0,3,5,60.0,0.0,0.0,0,1,0,0,32,0,0,1,0,0,0,0,0,0,0,1,0,0.00,0,0,0,0,0,0,0.00,0,0,0,0,0,1,1,1,0,0,0,,0,0,1,2,2,0,42,3,0,0,,0,,22,0,0,0,24,32,2.7,59,0,1,5,4,1.50,0,4,-4,-5.63,-4.72,0.2,1.8,-1.6,-2.22,-1.39,0,0,0,0,0,5,0,0.0
252,Davi Gomes,br BRA,FW,RB Bragantino,20-124,2005,4,0,145,1.6,1,0,1,1,0,0,0,0,0.4,0.4,0.1,0.5,2,2,11,0.62,0.00,0.62,0.62,0.62,0.27,0.05,0.32,0.27,0.32,Matches,4,2,50.0,2.48,1.24,0.25,0.50,20.0,0,0.11,+0.6,+0.6,33,41,80.5,425,63,24,25,96.0,6,8,75.0,1,1,100.0,0.1,-0.1,1,1,2,0,41,0,0,0,1,0,0,0,0,0,0,3,3,1.86,1,0,0,0,0,0,0.00,0,0,0,0,0,1,0,1,0,0,1,20.0,4,3,0,1,1,0,63,2,6,6,42.9,7,50.0,46,3,1,3,49,36,6.0,,0,4,36,3,0.75,2,2,0,0.00,+0.20,1.8,2.7,-1.0,-0.60,-0.58,0,2,0,0,0,8,0,
620,Davi Schuindt,br BRA,DF,Fluminense,21-165,2004,2,2,180,2.0,0,0,0,0,0,0,0,0,0.1,0.1,0.0,0.1,0,1,0,0.00,0.00,0.00,0.00,0.00,0.03,0.00,0.03,0.03,0.03,Matches,1,1,100.0,0.50,0.50,0.00,0.00,10.6,0,0.06,-0.1,-0.1,62,72,86.1,1364,565,16,16,100.0,32,33,97.0,14,23,60.9,0.0,0.0,0,1,0,0,72,0,0,2,0,0,0,0,0,0,0,0,0,0.00,0,0,0,0,0,0,0.00,0,0,0,0,0,2,2,2,0,0,0,,0,1,2,4,13,0,94,16,1,0,,0,,61,0,0,0,63,90,8.0,90,2,0,,1,2.00,5,4,+1,+0.50,+0.46,1.4,3.1,-1.7,-0.87,-1.04,0,1,0,0,0,3,2,28.6
154,David,br BRA,FW,Vasco da Gama,29-356,1995,15,4,559,6.2,1,3,4,1,0,0,2,0,1.0,1.0,1.2,2.2,13,16,43,0.16,0.48,0.64,0.16,0.64,0.17,0.19,0.36,0.17,0.36,Matches,12,5,41.7,1.93,0.81,0.08,0.20,18.0,0,0.09,0.0,0.0,148,189,78.3,1849,445,93,107,86.9,36,49,73.5,5,9,55.6,0.9,+1.8,13,8,6,0,181,8,3,1,5,6,2,1,0,0,0,3,29,4.67,23,0,2,0,0,4,0.64,4,0,0,0,0,7,4,2,2,3,4,57.1,3,5,3,10,4,0,261,5,22,12,60.0,8,40.0,162,6,20,4,179,37,23.0,75,0,11,24,0,1.33,17,4,+13,+2.09,+2.67,11.5,8.3,+3.2,+0.51,+0.86,0,7,0,0,0,29,8,42.1
172,David Duarte,br BRA,DF,Bahia,30-257,1995,18,17,1608,17.9,0,0,0,0,0,0,3,0,0.7,0.7,0.2,0.9,3,53,1,0.00,0.00,0.00,0.00,0.00,0.04,0.01,0.05,0.04,0.05,Matches,9,2,22.2,0.50,0.11,0.00,0.00,11.4,0,0.08,-0.7,-0.7,865,986,87.7,15465,5920,326,343,95.0,488,523,93.3,44,103,42.7,0.5,-0.2,2,56,2,0,953,33,0,1,0,1,0,0,0,0,0,6,11,0.62,11,0,0,0,0,1,0.06,1,0,0,0,0,15,8,12,3,0,6,60.0,4,3,10,25,118,0,1175,154,19,2,50.0,1,25.0,671,0,7,1,819,89,68.7,90,17,1,78,3,2.00,29,19,+10,+0.56,+1.30,25.8,21.8,+4.0,+0.23,+0.96,0,14,0,0,0,39,47,70.1
367,David Loiola,br BRA,DF,Botafogo (RJ),22-291,2002,14,12,1111,12.3,1,0,1,1,0,0,2,1,0.4,0.4,0.2,0.6,8,41,3,0.08,0.00,0.08,0.08,0.08,0.03,0.01,0.05,0.03,0.05,Matches,5,1,20.0,0.41,0.08,0.20,1.00,11.4,0,0.09,+0.6,+0.6,666,766,86.9,12928,4644,226,240,94.2,337,362,93.1,89,139,64.0,0.2,-0.2,2,33,1,0,712,52,0,5,2,9,0,0,0,0,2,3,16,1.30,16,0,0,0,0,1,0.08,1,0,0,0,0,12,4,7,4,1,8,57.1,6,5,8,20,61,0,874,123,9,1,25.0,2,50.0,517,0,0,1,608,79,45.7,87,10,2,36,11,1.57,20,11,+9,+0.73,+0.39,15.7,11.7,+3.9,+0.32,+0.08,0,12,0,0,0,50,27,67.5
381,David Luiz,br BRA,DF,Fortaleza,38-169,1987,7,4,399,4.4,0,0,0,0,0,0,2,0,0.2,0.2,0.0,0.2,4,21,3,0.00,0.00,0.00,0.00,0.00,0.04,0.01,0.05,0.04,0.05,Matches,6,1,16.7,1.35,0.23,0.00,0.00,17.4,2,0.03,-0.2,-0.2,221,247,89.5,4565,1561,47,52,90.4,148,151,98.0,23,40,57.5,0.0,0.0,1,14,0,0,230,17,1,1,0,1,0,0,0,0,0,0,4,0.90,3,1,0,0,0,0,0.00,0,0,0,0,0,5,4,4,1,0,3,100.0,0,1,5,10,30,0,302,37,5,0,,0,,172,0,4,0,199,57,17.1,84,3,3,21,3,0.86,3,8,-5,-1.13,-0.66,4.9,5.1,-0.2,-0.04,+0.29,0,7,0,0,0,15,15,78.9
,David Martins,,,,,,,,,,,,,,,,,,,,,,,,,,,,,,,,,,,,,,,,,,,,,,,,,,,,,,,,,,,,,,,,,,,,,,,,,,,,,,,,,,,,,,,,,,,,,,,,,,,,,,,,,,,,,,,,,,,,,,,,,,0,0,,2,,,,,,,,,,,,,,,,,,,
,David Ramos,,,,,,,,,,,,,,,,,,,,,,,,,,,,,,,,,,,,,,,,,,,,,,,,,,,,,,,,,,,,,,,,,,,,,,,,,,,,,,,,,,,,,,,,,,,,,,,,,,,,,,,,,,,,,,,,,,,,,,,,,,0,0,,2,,,,,,,,,,,,,,,,,,,
,Dedé,,,,,,,,,,,,,,,,,,,,,,,,,,,,,,,,,,,,,,,,,,,,,,,,,,,,,,,,,,,,,,,,,,,,,,,,,,,,,,,,,,,,,,,,,,,,,,,,,,,,,,,,,,,,,,,,,,,,,,,,,,0,0,,1,,,,,,,,,,,,,,,,,,,
699,Deivid Washington,br BRA,FW,Santos,20-125,2005,17,5,557,6.2,1,0,1,1,0,0,0,0,1.3,1.3,0.2,1.5,5,11,33,0.16,0.00,0.16,0.16,0.16,0.20,0.03,0.24,0.20,0.24,Matches,16,4,25.0,2.59,0.65,0.06,0.25,16.9,0,0.08,-0.3,-0.3,76,96,79.2,1061,240,38,45,84.4,32,37,86.5,1,4,25.0,0.6,-0.2,3,8,1,0,85,11,0,0,1,1,0,0,0,0,0,1,15,2.42,11,0,0,1,1,1,0.16,1,0,0,0,0,3,2,1,2,0,1,16.7,5,0,5,8,2,0,152,2,24,1,9.1,10,90.9,88,2,5,7,109,33,23.8,66,0,12,19,3,0.76,4,8,-4,-0.65,-0.19,4.6,7.9,-3.3,-0.53,-0.56,0,7,0,0,0,18,13,46.4
,Dell,,,,,,,,,,,,,,,,,,,,,,,,,,,,,,,,,,,,,,,,,,,,,,,,,,,,,,,,,,,,,,,,,,,,,,,,,,,,,,,,,,,,,,,,,,,,,,,,,,,,,,,,,,,,,,,,,,,,,,,,,,0,0,,1,,,,,,,,,,,,,,,,,,,
353,Derik Lacerda,br BRA,FW,Sport Recife,26-011,1999,11,11,910,10.1,4,0,4,4,0,0,6,0,5.3,5.3,0.9,6.2,21,12,30,0.40,0.00,0.40,0.40,0.40,0.52,0.09,0.61,0.52,0.61,Matches,36,16,44.4,3.56,1.58,0.11,0.25,14.9,0,0.17,-1.3,-1.3,94,128,73.4,1391,350,51,68,75.0,38,47,80.9,1,2,50.0,0.4,-0.9,8,16,1,0,109,18,2,0,2,2,0,0,0,0,1,3,29,2.87,14,0,7,3,0,4,0.40,0,0,2,0,0,7,4,2,2,3,1,16.7,5,8,5,12,15,1,249,15,45,16,50.0,13,40.6,117,8,23,11,147,83,40.4,83,7,0,,0,1.09,11,9,+2,+0.20,+1.61,14.1,15.5,-1.3,-0.13,+0.60,0,21,0,0,0,30,29,48.3
159,Deyverson,br BRA,FW,Fortaleza,34-153,1991,19,11,941,10.5,3,0,3,3,0,0,2,0,3.9,3.9,0.4,4.3,3,26,40,0.29,0.00,0.29,0.29,0.29,0.37,0.04,0.41,0.37,0.41,Matches,28,7,25.0,2.68,0.67,0.11,0.43,12.4,0,0.14,-0.9,-0.9,146,257,56.8,2287,504,74,117,63.2,55,97,56.7,11,18,61.1,0.3,-0.4,9,18,4,0,228,23,0,1,6,4,0,0,0,0,6,4,27,2.58,20,1,0,3,0,1,0.10,1,0,0,0,0,3,3,1,0,2,1,25.0,3,3,5,8,12,0,349,12,45,1,33.3,0,0.0,168,0,22,15,256,50,40.2,70,1,8,21,5,0.74,12,16,-4,-0.38,+0.33,13.5,13.0,+0.6,+0.05,+0.56,0,15,0,0,0,22,55,58.5
,Diego Minete,,,,,,,,,,,,,,,,,,,,,,,,,,,,,,,,,,,,,,,,,,,,,,,,,,,,,,,,,,,,,,,,,,,,,,,,,,,,,,,,,,,,,,,,,,,,,,,,,,,,,,,,,,,,,,,,,,,,,,,,,,0,0,,1,,,,,,,,,,,,,,,,,,,
,Diego Palacios,,,,,,,,,,,,,,,,,,,,,,,,,,,,,,,,,,,,,,,,,,,,,,,,,,,,,,,,,,,,,,,,,,,,,,,,,,,,,,,,,,,,,,,,,,,,,,,,,,,,,,,,,,,,,,,,,,,,,,,,,,0,0,,1,,,,,,,,,,,,,,,,,,,
521,Diego Pituca,br BRA,MF,Santos,33-054,1992,10,4,392,4.4,1,0,1,1,0,0,2,0,0.3,0.3,0.1,0.3,5,16,10,0.23,0.00,0.23,0.23,0.23,0.06,0.02,0.08,0.06,0.08,Matches,4,1,25.0,0.92,0.23,0.25,1.00,26.1,0,0.07,+0.7,+0.7,159,177,89.8,2517,704,84,89,94.4,59,66,89.4,12,15,80.0,0.1,-0.1,1,15,1,1,172,4,0,1,6,1,0,0,0,0,1,1,12,2.77,10,0,0,2,0,1,0.23,1,0,0,0,0,8,4,5,3,0,3,33.3,6,3,3,11,7,0,212,10,2,0,0.0,2,100.0,123,1,2,2,155,39,16.8,68,0,6,20,5,1.00,4,5,-1,-0.23,+0.32,4.0,6.6,-2.6,-0.60,-0.59,0,6,0,0,0,15,1,25.0
596,Diego Rosa,br BRA,"MF,DF",Internacional,22-361,2002,7,1,199,2.2,0,0,0,0,0,0,0,0,0.0,0.0,0.0,0.1,2,8,9,0.00,0.00,0.00,0.00,0.00,0.01,0.02,0.03,0.01,0.03,Matches,1,0,0.0,0.45,0.00,0.00,,32.2,1,0.03,0.0,0.0,93,114,81.6,1417,410,55,58,94.8,29,33,87.9,5,13,38.5,0.1,0.0,2,5,3,2,97,16,0,0,14,8,3,3,0,0,1,4,3,1.36,3,0,0,0,0,0,0.00,0,0,0,0,0,7,3,2,3,2,3,42.9,4,1,3,10,4,0,133,4,2,1,50.0,1,50.0,66,0,2,1,77,28,8.5,79,0,6,20,7,1.43,0,6,-6,-2.71,-2.71,2.3,2.6,-0.3,-0.13,-0.61,0,4,0,0,0,14,3,75.0
163,Dieguinho,br BRA,MF,Ceará,29-342,1995,25,25,2151,23.9,0,2,2,0,0,0,3,0,0.2,0.2,1.5,1.7,12,84,11,0.00,0.08,0.08,0.00,0.08,0.01,0.06,0.07,0.01,0.07,Matches,12,3,25.0,0.50,0.13,0.00,0.00,30.0,0,0.02,-0.2,-0.2,693,817,84.8,12935,3543,271,308,88.0,330,364,90.7,83,107,77.6,1.8,+0.5,18,81,11,3,778,34,6,10,6,6,0,0,0,0,5,17,45,1.88,33,0,5,4,2,6,0.25,5,0,1,0,0,51,29,24,26,1,19,47.5,21,10,29,80,54,5,1084,65,3,28,62.2,13,28.9,572,0,31,20,604,86,91.9,86,14,0,,0,1.36,24,21,+3,+0.13,+0.60,25.4,23.6,+1.8,+0.08,+1.54,0,20,0,1,0,128,25,55.6
164,Dieguinho,br BRA,"FW,MF",Corinthians,18-084,2007,6,1,140,1.6,0,0,0,0,0,0,0,0,0.5,0.5,0.1,0.5,7,5,13,0.00,0.00,0.00,0.00,0.00,0.30,0.05,0.34,0.30,0.34,Matches,12,3,25.0,0.50,0.13,0.00,0.00,30.0,0,0.02,-0.2,-0.2,693,817,84.8,12935,3543,271,308,88.0,330,364,90.7,83,107,77.6,1.8,+0.5,18,81,11,3,778,34,6,10,6,6,0,0,0,0,5,17,45,1.88,33,0,5,4,2,6,0.25,5,0,1,0,0,51,29,24,26,1,19,47.5,21,10,29,80,54,5,1084,65,3,28,62.2,13,28.9,572,0,31,20,604,86,91.9,86,14,0,,0,1.36,24,21,+3,+0.13,+0.60,25.4,23.6,+1.8,+0.08,+1.54,0,20,0,1,0,128,25,55.6
502,Dimitri Payet,fr FRA,MF,Vasco da Gama,38-193,1987,4,2,191,2.1,0,2,2,0,0,0,0,0,0.1,0.1,1.2,1.3,5,10,16,0.00,0.94,0.94,0.00,0.94,0.03,0.57,0.59,0.03,0.59,Matches,2,0,0.0,0.94,0.00,0.00,,21.6,0,0.03,-0.1,-0.1,99,118,83.9,1647,470,54,59,91.5,29,33,87.9,14,19,73.7,0.7,+0.8,8,15,1,1,106,12,0,0,13,0,6,2,3,0,0,2,11,5.18,6,4,0,1,0,2,0.94,1,1,0,0,0,3,3,0,2,1,1,33.3,2,0,2,5,0,0,129,0,5,1,50.0,1,50.0,98,1,2,4,110,48,7.9,73,1,2,23,0,1.50,2,4,-2,-0.94,-1.06,1.7,2.7,-1.0,-0.48,-0.36,0,2,0,0,0,13,1,50.0
165,Diogenes,br BRA,GK,Santos,24-275,2001,1,0,23,0.3,0,0,0,0,0,0,0,0,0.0,0.0,0.0,0.0,0,0,0,0.00,0.00,0.00,0.00,0.00,0.00,0.00,0.00,0.00,0.00,Matches,0,0,,0.00,0.00,,,,0,,0.0,0.0,7,14,50.0,341,297,0,0,,3,3,100.0,4,11,36.4,0.0,0.0,0,0,0,0,4,10,0,0,0,0,0,0,0,0,0,0,0,0.00,0,0,0,0,0,0,0.00,0,0,0,0,0,0,0,0,0,0,0,,0,0,0,0,0,0,17,16,0,0,,0,,3,0,0,0,1,23,1.0,,0,1,23,8,1.00,1,0,+1,+3.91,+4.46,0.8,0.4,+0.4,+1.65,+1.78,0,0,0,0,0,0,0,
58,Diogo Barbosa,br BRA,DF,Fortaleza,33-052,1992,12,8,775,8.6,1,0,1,1,0,0,1,0,0.6,0.6,0.8,1.3,10,26,36,0.12,0.00,0.12,0.12,0.12,0.06,0.09,0.15,0.06,0.15,Matches,5,1,20.0,0.58,0.12,0.20,1.00,11.1,0,0.11,+0.4,+0.4,250,307,81.4,3712,1422,136,144,94.4,93,115,80.9,10,27,37.0,0.8,-0.8,10,18,5,2,244,60,1,2,15,53,0,0,0,0,3,2,19,2.21,15,2,0,1,1,0,0.00,0,0,0,0,0,18,10,11,7,0,11,45.8,13,8,5,23,38,0,413,28,12,5,33.3,7,46.7,191,0,11,3,214,65,33.1,82,6,4,31,10,1.00,8,10,-2,-0.23,+0.52,10.9,14.9,-4.0,-0.46,-0.27,0,6,0,0,0,25,13,56.5
284,Diogo Hereda,br BRA,DF,Sport Recife,27-018,1998,11,10,848,9.4,0,1,1,0,0,0,1,0,0.2,0.2,0.4,0.7,18,47,77,0.00,0.11,0.11,0.00,0.11,0.03,0.04,0.07,0.03,0.07,Matches,13,2,15.4,1.38,0.21,0.00,0.00,26.5,0,0.02,-0.2,-0.2,385,484,79.5,6082,2228,185,204,90.7,167,200,83.5,17,38,44.7,0.8,+0.6,9,32,15,8,376,108,0,2,34,98,1,1,0,0,0,17,21,2.23,17,0,2,0,0,1,0.11,1,0,0,0,0,20,17,10,7,3,11,68.8,5,5,7,27,17,0,592,21,12,14,48.3,11,37.9,275,4,18,8,326,77,37.7,80,7,1,45,0,0.27,4,13,-9,-0.96,-0.31,7.0,13.3,-6.3,-0.67,-0.29,0,13,0,0,0,59,11,50.0
166,Dodi,br BRA,MF,Grêmio,29-174,1996,23,18,1675,18.6,0,0,0,0,0,0,5,1,0.6,0.6,0.2,0.7,12,43,5,0.00,0.00,0.00,0.00,0.00,0.03,0.01,0.04,0.03,0.04,Matches,6,1,16.7,0.32,0.05,0.00,0.00,27.6,0,0.09,-0.6,-0.6,494,565,87.4,7839,2303,241,267,90.3,215,235,91.5,26,35,74.3,0.3,-0.2,4,46,4,0,533,31,0,1,1,2,0,0,0,0,1,10,13,0.70,9,0,0,1,2,1,0.05,0,0,0,0,1,38,23,17,18,3,23,62.2,14,14,20,58,39,0,731,47,2,8,40.0,8,40.0,389,0,11,11,433,73,68.9,85,13,5,30,2,1.26,19,18,+1,+0.05,+0.77,20.7,28.9,-8.2,-0.44,+0.28,0,28,0,1,0,60,11,55.0
,Douglas Mendes,,,,,,,,,,,,,,,,,,,,,,,,,,,,,,,,,,,,,,,,,,,,,,,,,,,,,,,,,,,,,,,,,,,,,,,,,,,,,,,,,,,,,,,,,,,,,,,,,,,,,,,,,,,,,,,,,,,,,,,,,,0,0,,10,,,,,,,,,,,,,,,,,,,
531,Du Queiroz,br BRA,MF,Sport Recife,25-262,2000,11,8,615,6.8,0,0,0,0,0,0,0,0,0.5,0.5,0.5,1.0,16,36,28,0.00,0.00,0.00,0.00,0.00,0.07,0.08,0.15,0.07,0.15,Matches,6,1,16.7,0.88,0.15,0.00,0.00,18.1,0,0.08,-0.5,-0.5,260,313,83.1,3862,1282,146,162,90.1,90,103,87.4,14,19,73.7,1.1,-0.5,8,30,11,4,308,4,3,2,7,2,0,0,0,0,1,10,14,2.05,14,0,0,0,0,0,0.00,0,0,0,0,0,8,6,1,3,4,2,28.6,5,10,5,13,4,0,375,4,11,2,16.7,10,83.3,211,2,4,8,273,56,27.3,68,1,3,25,0,0.27,3,12,-9,-1.32,-0.77,5.2,10.7,-5.5,-0.81,-0.43,0,12,0,1,0,31,1,12.5
173,Dudu,br BRA,"FW,MF",Cruzeiro,33-274,1992,5,2,215,2.4,1,0,1,1,0,0,0,0,0.6,0.6,0.0,0.7,4,6,13,0.42,0.00,0.42,0.42,0.42,0.26,0.02,0.28,0.26,0.28,Matches,2,1,50.0,0.84,0.42,0.50,1.00,16.3,0,0.31,+0.4,+0.4,38,54,70.4,473,128,27,36,75.0,7,11,63.6,1,2,50.0,0.1,0.0,1,3,4,0,49,5,0,0,2,1,2,0,0,0,0,0,4,1.67,2,1,0,1,0,0,0.00,0,0,0,0,0,2,1,0,1,1,1,33.3,2,3,1,3,0,0,84,4,6,1,14.3,6,85.7,58,0,7,8,67,43,8.8,79,0,3,19,0,1.40,2,3,-1,-0.42,-1.27,1.7,4.0,-2.3,-0.98,-1.53,0,4,0,0,0,5,1,33.3
174,Dudu,br BRA,MF,Vitória,26-125,1999,3,1,64,0.7,0,0,0,0,0,0,3,1,0.0,0.0,0.0,0.0,0,14,3,0.00,0.00,0.00,0.00,0.00,0.00,0.04,0.04,0.00,0.04,Matches,2,1,50.0,0.84,0.42,0.50,1.00,16.3,0,0.31,+0.4,+0.4,38,54,70.4,473,128,27,36,75.0,7,11,63.6,1,2,50.0,0.1,0.0,1,3,4,0,49,5,0,0,2,1,2,0,0,0,0,0,4,1.67,2,1,0,1,0,0,0.00,0,0,0,0,0,2,1,0,1,1,1,33.3,2,3,1,3,0,0,84,4,6,1,14.3,6,85.7,58,0,7,8,67,43,8.8,79,0,3,19,0,1.40,2,3,-1,-0.42,-1.27,1.7,4.0,-2.3,-0.98,-1.53,0,4,0,0,0,5,1,33.3
175,Dudu,br BRA,"FW,MF",Atlético Mineiro,33-274,1992,5,3,208,2.3,0,0,0,0,0,0,0,0,0.1,0.1,0.4,0.6,8,9,21,0.00,0.00,0.00,0.00,0.00,0.06,0.19,0.25,0.06,0.25,Matches,2,1,50.0,0.84,0.42,0.50,1.00,16.3,0,0.31,+0.4,+0.4,38,54,70.4,473,128,27,36,75.0,7,11,63.6,1,2,50.0,0.1,0.0,1,3,4,0,49,5,0,0,2,1,2,0,0,0,0,0,4,1.67,2,1,0,1,0,0,0.00,0,0,0,0,0,2,1,0,1,1,1,33.3,2,3,1,3,0,0,84,4,6,1,14.3,6,85.7,58,0,7,8,67,43,8.8,79,0,3,19,0,1.40,2,3,-1,-0.42,-1.27,1.7,4.0,-2.3,-0.98,-1.53,0,4,0,0,0,5,1,33.3
,Dylan Borrero,,,,,,,,,,,,,,,,,,,,,,,,,,,,,,,,,,,,,,,,,,,,,,,,,,,,,,,,,,,,,,,,,,,,,,,,,,,,,,,,,,,,,,,,,,,,,,,,,,,,,,,,,,,,,,,,,,,,,,,,,,0,0,,3,,,,,,,,,,,,,,,,,,,
,Dyogo Alves,,,,,,,,,,,,,,,,,,,,,,,,,,,,,,,,,,,,,,,,,,,,,,,,,,,,,,,,,,,,,,,,,,,,,,,,,,,,,,,,,,,,,,,,,,,,,,,,,,,,,,,,,,,,,,,,,,,,,,,,,,0,0,,2,,,,,,,,,,,,,,,,,,,
178,EDU,br BRA,DF,Vitória,25-114,2000,13,6,636,7.1,0,0,0,0,0,0,0,0,0.2,0.2,0.4,0.6,0,13,0,0.00,0.00,0.00,0.00,0.00,0.03,0.05,0.08,0.03,0.08,Matches,4,1,25.0,0.57,0.14,0.00,0.00,10.7,0,0.05,-0.2,-0.2,192,257,74.7,4211,1719,39,48,81.3,121,139,87.1,31,66,47.0,0.2,-0.4,5,16,1,1,212,45,1,0,1,34,0,0,0,0,0,1,9,1.27,6,2,0,0,0,1,0.14,0,0,0,0,0,20,12,17,2,1,12,85.7,2,4,5,25,62,0,364,53,7,0,0.0,0,0.0,151,0,6,1,159,49,26.2,87,5,7,17,13,1.31,3,8,-5,-0.71,-0.06,6.3,9.6,-3.3,-0.46,-0.05,0,5,0,0,0,19,13,52.0
,Edenilson,,,,,,,,,,,,,,,,,,,,,,,,,,,,,,,,,,,,,,,,,,,,,,,,,,,,,,,,,,,,,,,,,,,,,,,,,,,,,,,,,,,,,,,,,,,,,,,,,,,,,,,,,,,,,,,,,,,,,,,,,,0,0,,7,,,,,,,,,,,,,,,,,,,
176,Edenílson,br BRA,MF,Grêmio,35-294,1989,21,16,1133,12.6,3,1,4,3,0,0,4,0,2.7,2.7,1.2,3.9,12,35,36,0.24,0.08,0.32,0.24,0.32,0.21,0.10,0.31,0.21,0.31,Matches,17,8,47.1,1.35,0.64,0.18,0.38,12.9,0,0.16,+0.3,+0.3,307,395,77.7,4682,1402,184,207,88.9,97,113,85.8,19,47,40.4,0.8,-0.2,18,38,5,1,357,34,0,2,23,8,15,7,5,0,4,12,27,2.14,20,2,2,1,0,3,0.24,2,0,0,0,0,13,11,3,7,3,4,50.0,4,11,7,20,5,1,522,11,19,11,44.0,12,48.0,296,3,23,13,349,54,46.6,62,1,5,29,1,1.19,13,14,-1,-0.08,+0.20,11.3,20.0,-8.8,-0.70,-0.32,0,13,0,0,0,52,9,36.0
177,Eder,br BRA,DF,Ceará,30-186,1995,2,2,180,2.0,0,0,0,0,0,0,0,0,0.2,0.2,0.1,0.3,0,3,0,0.00,0.00,0.00,0.00,0.00,0.12,0.03,0.16,0.12,0.16,Matches,2,1,50.0,1.00,0.50,0.00,0.00,11.8,0,0.12,-0.2,-0.2,82,94,87.2,1699,567,21,22,95.5,51,55,92.7,10,17,58.8,0.2,-0.1,1,0,0,0,91,3,0,0,0,0,0,0,0,0,0,0,2,1.00,2,0,0,0,0,0,0.00,0,0,0,0,0,0,0,0,0,0,0,,0,0,0,0,10,0,108,17,4,0,,0,,66,0,1,0,82,90,7.7,90,2,0,,24,0.00,1,3,-2,-1.00,-1.17,2.1,2.4,-0.3,-0.16,-0.12,0,3,0,0,0,4,6,85.7
464,Edison Negueba,br BRA,FW,Juventude,24-349,2000,1,0,30,0.3,0,0,0,0,0,0,0,0,0.1,0.1,0.0,0.1,1,0,3,0.00,0.00,0.00,0.00,0.00,0.15,0.00,0.15,0.15,0.15,Matches,1,0,0.0,3.00,0.00,0.00,,15.1,0,0.05,-0.1,-0.1,6,9,66.7,94,18,4,5,80.0,2,3,66.7,0,0,,0.0,0.0,0,1,0,0,9,0,0,0,0,0,0,0,0,0,0,1,0,0.00,0,0,0,0,0,0,0.00,0,0,0,0,0,3,0,0,2,1,0,,0,1,0,3,0,0,14,0,2,1,50.0,1,50.0,5,1,0,0,9,30,1.3,,0,1,30,3,0.00,0,0,0,0.00,+1.05,0.2,0.1,+0.1,+0.17,+1.06,0,0,0,0,0,2,0,
114,Edson Carioca,br BRA,FW,Mirassol,28-096,1997,21,16,1168,13.0,4,2,6,4,0,0,1,0,3.7,3.7,1.8,5.5,36,31,72,0.31,0.15,0.46,0.31,0.46,0.29,0.14,0.42,0.29,0.42,Matches,32,12,37.5,2.47,0.92,0.13,0.33,16.9,0,0.12,+0.3,+0.3,157,218,72.0,2089,650,91,119,76.5,50,69,72.5,6,9,66.7,2.1,+0.2,18,12,13,4,211,6,0,0,14,0,0,0,0,0,1,9,34,2.62,26,0,4,0,1,4,0.31,4,0,0,0,0,27,17,8,15,4,6,33.3,12,18,5,32,10,0,418,14,64,20,43.5,25,54.3,239,14,45,32,270,56,49.9,65,1,5,25,1,1.67,17,12,+5,+0.39,-0.31,17.1,15.7,+1.4,+0.11,-0.27,0,30,0,0,0,38,10,25.0
611,Eduardo Santos,br BRA,DF,RB Bragantino,27-314,1997,7,2,300,3.3,0,0,0,0,0,0,0,0,0.0,0.0,0.1,0.1,2,6,3,0.00,0.00,0.00,0.00,0.00,0.00,0.03,0.03,0.00,0.03,Matches,0,0,,0.00,0.00,,,,0,,0.0,0.0,176,196,89.8,3588,1099,47,50,94.0,113,120,94.2,16,23,69.6,0.0,-0.1,1,5,0,0,188,8,0,0,0,3,0,0,0,0,0,2,4,1.20,4,0,0,0,0,0,0.00,0,0,0,0,0,7,5,5,2,0,2,100.0,0,3,6,13,23,0,247,44,1,0,0.0,0,0.0,125,0,4,1,149,43,12.3,90,2,5,24,7,1.71,3,3,0,0.00,+0.21,3.2,3.7,-0.5,-0.16,-0.11,0,2,0,0,0,17,8,72.7
615,Eduardo Sasha,br BRA,"FW,MF",RB Bragantino,33-226,1992,23,22,1584,17.6,5,2,7,3,2,2,5,1,7.1,5.6,1.4,7.0,20,34,87,0.28,0.11,0.40,0.17,0.28,0.41,0.08,0.49,0.32,0.40,Matches,41,22,53.7,2.33,1.25,0.07,0.14,14.2,0,0.14,-2.1,-2.6,294,388,75.8,4245,978,174,210,82.9,92,119,77.3,13,18,72.2,1.1,+0.6,17,25,8,0,345,41,1,1,7,6,0,0,0,0,2,10,42,2.39,28,0,2,0,1,5,0.28,3,0,0,0,0,13,8,0,7,6,4,36.4,7,4,4,17,18,0,543,18,71,7,33.3,12,57.1,309,9,34,20,387,69,65.2,70,5,1,35,0,1.39,23,21,+2,+0.11,+0.86,20.9,19.0,+1.8,+0.10,+0.46,0,7,0,0,0,43,26,53.1
397,Elias Manoel,br BRA,"MF,FW",Botafogo (RJ),23-312,2001,2,0,27,0.3,0,0,0,0,0,0,0,0,0.0,0.0,0.1,0.1,1,2,1,0.00,0.00,0.00,0.00,0.00,0.00,0.18,0.18,0.00,0.18,Matches,0,0,,0.00,0.00,,,,0,,0.0,0.0,4,4,100.0,91,40,1,1,100.0,2,2,100.0,1,1,100.0,0.0,-0.1,1,1,1,1,4,0,0,0,1,0,0,0,0,0,0,0,2,6.67,2,0,0,0,0,0,0.00,0,0,0,0,0,0,0,0,0,0,0,0.0,1,2,0,0,0,0,7,0,0,0,,0,,5,0,1,0,5,14,1.1,,0,2,14,9,3.00,2,0,+2,+6.67,+6.22,0.2,0.0,+0.2,+0.52,+0.25,0,1,0,0,0,0,0,
96,Emanuel Brítez,ar ARG,DF,Fortaleza,33-196,1992,9,9,787,8.7,0,1,1,0,0,0,6,0,0.1,0.1,0.1,0.2,5,33,15,0.00,0.11,0.11,0.00,0.11,0.01,0.01,0.02,0.01,0.02,Matches,4,0,0.0,0.46,0.00,0.00,,22.6,0,0.02,-0.1,-0.1,382,458,83.4,6606,2847,175,187,93.6,179,203,88.2,24,50,48.0,0.3,+0.9,3,37,4,2,396,60,0,1,11,40,0,0,0,0,2,3,10,1.14,6,2,0,1,0,0,0.00,0,0,0,0,0,18,11,12,5,1,11,64.7,6,2,5,23,36,0,550,43,12,2,33.3,3,50.0,285,0,7,1,320,87,33.6,87,8,0,,5,0.78,10,15,-5,-0.57,+0.01,11.6,14.0,-2.4,-0.27,+0.01,0,13,0,1,0,27,19,59.4
184,Emerson,br BRA,DF,Flamengo,26-267,1999,7,6,527,5.9,1,0,1,1,0,0,0,0,0.2,0.2,0.4,0.6,15,20,43,0.17,0.00,0.17,0.17,0.17,0.03,0.08,0.11,0.03,0.11,Matches,4,1,25.0,0.68,0.17,0.25,1.00,14.6,0,0.05,+0.8,+0.8,242,292,82.9,3562,1005,127,138,92.0,98,119,82.4,7,11,63.6,0.7,-0.4,7,13,6,2,250,42,0,0,17,33,2,2,0,0,0,5,16,2.73,13,0,0,3,0,0,0.00,0,0,0,0,0,16,10,9,5,2,9,64.3,5,6,11,27,12,0,364,15,18,4,33.3,5,41.7,208,3,4,5,230,75,22.5,88,4,1,1,2,1.71,8,5,+3,+0.51,-1.18,7.1,6.3,+0.8,+0.14,-0.71,0,9,0,0,0,21,8,53.3
235,Emerson Galego,br BRA,"FW,MF",Juventude,26-059,1999,2,0,27,0.3,0,0,0,0,0,0,0,0,0.0,0.0,0.0,0.0,0,0,2,0.00,0.00,0.00,0.00,0.00,0.00,0.00,0.00,0.00,0.00,Matches,0,0,,0.00,0.00,,,,0,,0.0,0.0,2,3,66.7,10,1,1,1,100.0,0,1,0.0,0,0,,0.0,0.0,0,0,0,0,3,0,0,0,0,0,0,0,0,0,0,0,0,0.00,0,0,0,0,0,0,0.00,0,0,0,0,0,0,0,0,0,0,0,0.0,1,1,0,0,0,0,7,0,1,1,100.0,0,0.0,5,0,2,2,5,14,1.2,,0,2,14,2,0.00,0,0,0,0.00,+1.05,0.1,0.4,-0.3,-0.96,-0.09,0,0,0,0,0,0,0,0.0
414,Emiliano Martínez,uy URU,MF,Palmeiras,26-052,1999,18,12,1089,12.1,1,0,1,1,0,0,3,0,0.7,0.7,1.1,1.8,10,51,4,0.08,0.00,0.08,0.08,0.08,0.06,0.09,0.15,0.06,0.15,Matches,12,5,41.7,0.99,0.41,0.08,0.20,19.0,0,0.06,+0.3,+0.3,470,533,88.2,8924,2854,176,189,93.1,228,248,91.9,61,80,76.3,0.7,-1.1,7,53,3,0,524,8,1,2,0,1,0,0,0,0,1,3,21,1.74,18,0,0,1,0,3,0.25,3,0,0,0,0,32,21,15,14,3,20,55.6,16,9,11,43,22,0,643,26,11,4,44.4,5,55.6,354,2,6,3,411,61,48.4,85,10,6,12,6,2.16,21,15,+6,+0.50,-0.67,17.3,11.0,+6.4,+0.53,-0.22,0,19,0,0,0,62,13,52.0
561,Emiliano Rigoni,ar ARG,FW,São Paulo,32-246,1993,3,1,99,1.1,0,0,0,0,0,0,1,1,0.5,0.5,0.1,0.6,3,0,6,0.00,0.00,0.00,0.00,0.00,0.47,0.06,0.53,0.47,0.53,Matches,4,2,50.0,3.64,1.82,0.00,0.00,18.3,0,0.13,-0.5,-0.5,8,20,40.0,178,58,2,6,33.3,4,6,66.7,2,4,50.0,0.1,-0.1,1,0,0,0,13,7,0,0,4,0,3,1,2,0,0,1,3,2.73,0,2,1,0,0,0,0.00,0,0,0,0,0,0,0,0,0,0,0,,0,1,0,0,1,0,30,1,4,2,66.7,0,0.0,11,1,2,3,15,33,4.1,21,0,2,39,1,2.00,1,1,0,0.00,-0.12,1.5,1.3,+0.2,+0.19,-0.09,0,5,0,0,0,3,1,25.0
67,Enmerson Batalla,co COL,"FW,MF",Juventude,24-100,2001,22,17,1318,14.6,4,2,6,4,0,0,3,0,1.4,1.4,0.7,2.1,22,34,76,0.27,0.14,0.41,0.27,0.41,0.09,0.05,0.14,0.09,0.14,Matches,25,12,48.0,1.71,0.82,0.16,0.33,22.0,0,0.05,+2.6,+2.6,237,340,69.7,4022,1003,116,137,84.7,86,120,71.7,27,54,50.0,0.9,+1.3,13,22,13,7,316,23,3,8,47,5,12,7,2,0,1,12,32,2.19,25,1,3,2,0,4,0.27,4,0,0,0,0,22,16,7,11,4,8,40.0,12,6,2,24,6,1,512,6,32,13,28.3,26,56.5,314,7,36,25,345,60,56.3,68,4,5,32,2,0.82,12,27,-15,-1.02,+0.03,8.3,23.7,-15.5,-1.06,-0.43,0,18,0,0,0,53,6,30.0
668,Enner Valencia,ec ECU,FW,Internacional,35-338,1989,14,7,628,7.0,1,0,1,1,0,0,3,0,2.4,2.4,0.1,2.6,14,4,38,0.14,0.00,0.14,0.14,0.14,0.35,0.02,0.37,0.35,0.37,Matches,14,5,35.7,2.01,0.72,0.07,0.20,14.4,1,0.18,-1.4,-1.4,96,123,78.0,1136,68,65,74,87.8,22,29,75.9,0,2,0.0,0.3,-0.1,2,4,1,0,109,14,0,1,4,0,0,0,0,0,0,5,12,1.72,6,0,1,3,0,0,0.00,0,0,0,0,0,5,4,1,4,0,1,25.0,3,0,1,6,5,0,206,5,27,6,27.3,13,59.1,124,9,22,13,150,45,26.8,68,1,7,22,1,1.50,8,10,-2,-0.29,-0.08,8.9,6.7,+2.2,+0.32,-0.15,0,17,0,0,0,14,10,27.8
,Enzo,,,,,,,,,,,,,,,,,,,,,,,,,,,,,,,,,,,,,,,,,,,,,,,,,,,,,,,,,,,,,,,,,,,,,,,,,,,,,,,,,,,,,,,,,,,,,,,,,,,,,,,,,,,,,,,,,,,,,,,,,,0,0,,1,,,,,,,,,,,,,,,,,,,
160,Enzo Díaz,ar ARG,"DF,FW",São Paulo,29-305,1995,23,16,1517,16.9,0,5,5,0,0,0,7,0,0.3,0.3,5.0,5.3,39,89,76,0.00,0.30,0.30,0.00,0.30,0.02,0.29,0.31,0.02,0.31,Matches,11,1,9.1,0.65,0.06,0.00,0.00,21.8,2,0.03,-0.3,-0.3,709,923,76.8,11562,4286,350,396,88.4,286,353,81.0,52,119,43.7,4.0,0.0,32,76,17,12,735,186,0,7,88,146,20,9,9,0,2,25,48,2.85,35,11,1,0,1,6,0.36,4,2,0,0,0,66,43,38,21,7,32,62.7,19,14,18,84,53,0,1153,62,26,10,35.7,16,57.1,568,4,25,26,646,66,62.4,81,11,7,31,1,1.43,20,21,-1,-0.06,-0.45,22.0,18.5,+3.5,+0.21,-0.19,0,44,0,3,0,77,25,56.8
536,Eric Ramires,br BRA,MF,RB Bragantino,25-059,2000,25,21,1572,17.5,2,1,3,2,0,0,3,0,2.9,2.9,0.3,3.1,10,67,36,0.11,0.06,0.17,0.11,0.17,0.16,0.02,0.18,0.16,0.18,Matches,19,5,26.3,1.09,0.29,0.11,0.40,17.4,0,0.15,-0.9,-0.9,500,572,87.4,8134,2009,247,274,90.1,209,232,90.1,30,41,73.2,0.7,+0.7,6,57,4,1,559,13,1,2,9,5,1,0,1,0,0,8,34,1.95,26,0,4,2,0,2,0.11,2,0,0,0,0,29,18,17,9,3,15,44.1,19,10,12,41,23,1,726,22,28,9,50.0,5,27.8,391,5,27,14,459,63,64.7,69,5,4,28,1,1.32,24,23,+1,+0.06,+0.69,22.3,18.3,+4.0,+0.23,+0.81,0,30,0,0,0,88,7,43.8
187,Erick,br BRA,"MF,DF",Bahia,27-328,1997,8,4,416,4.6,1,0,1,1,0,0,3,0,1.4,1.4,0.0,1.4,7,15,11,0.22,0.00,0.22,0.22,0.22,0.31,0.00,0.31,0.31,0.31,Matches,5,1,20.0,1.08,0.22,0.20,1.00,13.8,0,0.29,-0.4,-0.4,137,160,85.6,1974,605,78,85,91.8,47,54,87.0,6,9,66.7,0.1,0.0,0,10,2,0,145,13,0,1,4,12,0,0,0,0,2,2,4,0.87,3,0,1,0,0,1,0.22,0,0,1,0,0,10,6,6,3,1,1,12.5,7,6,8,18,13,0,223,15,8,2,33.3,4,66.7,123,2,9,2,143,52,17.8,79,3,4,25,0,1.88,6,4,+2,+0.43,+0.34,7.4,7.1,+0.3,+0.06,+0.17,0,12,0,0,0,15,7,50.0
188,Erick,br BRA,"FW,MF",Vitória,27-302,1997,21,15,1250,13.9,3,4,7,3,0,0,5,0,1.4,1.4,2.3,3.7,34,61,87,0.22,0.29,0.50,0.22,0.50,0.10,0.16,0.26,0.10,0.26,Matches,5,1,20.0,1.08,0.22,0.20,1.00,13.8,0,0.29,-0.4,-0.4,137,160,85.6,1974,605,78,85,91.8,47,54,87.0,6,9,66.7,0.1,0.0,0,10,2,0,145,13,0,1,4,12,0,0,0,0,2,2,4,0.87,3,0,1,0,0,1,0.22,0,0,1,0,0,10,6,6,3,1,1,12.5,7,6,8,18,13,0,223,15,8,2,33.3,4,66.7,123,2,9,2,143,52,17.8,79,3,4,25,0,1.88,6,4,+2,+0.43,+0.34,7.4,7.1,+0.3,+0.06,+0.17,0,12,0,0,0,15,7,50.0
,Erick Belé,,,,,,,,,,,,,,,,,,,,,,,,,,,,,,,,,,,,,,,,,,,,,,,,,,,,,,,,,,,,,,,,,,,,,,,,,,,,,,,,,,,,,,,,,,,,,,,,,,,,,,,,,,,,,,,,,,,,,,,,,,0,0,,2,,,,,,,,,,,,,,,,,,,
475,Erick Noriega,pe PER,"DF,MF",Grêmio,23-351,2001,7,7,585,6.5,0,0,0,0,0,0,0,0,0.3,0.3,0.1,0.3,1,14,1,0.00,0.00,0.00,0.00,0.00,0.04,0.01,0.05,0.04,0.05,Matches,3,0,0.0,0.46,0.00,0.00,,8.8,0,0.08,-0.3,-0.3,237,279,84.9,4938,1761,76,83,91.6,124,134,92.5,34,57,59.6,0.1,-0.1,3,20,1,0,268,11,0,1,3,1,0,0,0,0,0,2,7,1.08,7,0,0,0,0,2,0.31,2,0,0,0,0,8,5,6,1,1,4,80.0,1,2,3,11,43,0,349,76,6,1,100.0,0,0.0,187,0,1,3,226,84,24.1,84,6,0,,1,1.29,8,7,+1,+0.15,+0.45,5.2,14.6,-9.4,-1.45,-1.21,0,7,0,2,0,26,7,58.3
529,Erick Pulga,br BRA,"FW,MF",Bahia,25-006,2000,16,13,1118,12.4,2,3,5,2,0,0,2,0,3.7,3.7,2.8,6.6,74,31,124,0.16,0.24,0.40,0.16,0.40,0.30,0.23,0.53,0.30,0.53,Matches,31,7,22.6,2.50,0.56,0.06,0.29,15.8,0,0.12,-1.7,-1.7,282,349,80.8,4129,910,176,193,91.2,77,102,75.5,18,27,66.7,2.3,+0.2,14,17,12,2,346,3,1,2,30,3,0,0,0,0,0,11,35,2.82,20,0,8,3,2,4,0.32,3,0,1,0,0,26,16,12,9,5,3,21.4,11,5,14,40,16,0,512,6,71,27,52.9,17,33.3,356,29,26,7,381,70,47.8,77,5,3,40,1,1.75,15,11,+4,+0.32,+0.32,17.8,15.2,+2.6,+0.21,+0.55,0,13,0,0,0,45,8,40.0
530,Erick Pulgar,cl CHI,MF,Flamengo,31-266,1994,9,8,652,7.2,1,0,1,1,0,0,2,0,0.2,0.2,0.3,0.5,1,29,7,0.14,0.00,0.14,0.14,0.14,0.02,0.04,0.06,0.02,0.06,Matches,4,3,75.0,0.55,0.41,0.25,0.33,18.3,0,0.04,+0.8,+0.8,440,482,91.3,7299,2046,203,215,94.4,198,209,94.7,26,35,74.3,0.6,-0.3,5,44,4,0,463,16,0,1,9,0,8,6,1,0,3,6,11,1.52,9,2,0,0,0,2,0.28,2,0,0,0,0,10,9,2,6,2,4,36.4,7,1,14,24,12,1,540,16,9,3,75.0,1,25.0,323,0,4,4,410,72,27.9,77,5,1,33,0,2.22,16,4,+12,+1.66,+0.32,12.0,3.6,+8.4,+1.16,+0.64,0,13,0,0,0,36,9,81.8
394,Eros Mancuso,ar ARG,DF,Fortaleza,26-174,1999,18,15,1307,14.5,1,2,3,1,0,0,3,0,1.5,1.5,1.0,2.5,22,50,69,0.07,0.14,0.21,0.07,0.21,0.10,0.07,0.17,0.10,0.17,Matches,16,5,31.3,1.10,0.34,0.06,0.20,19.8,0,0.09,-0.5,-0.5,513,646,79.4,8132,3019,266,288,92.4,195,241,80.9,36,73,49.3,0.8,+1.0,15,32,11,5,519,124,0,4,40,117,0,0,0,0,3,21,30,2.07,20,2,5,0,0,6,0.41,3,0,2,0,0,31,18,20,8,3,22,62.9,13,12,15,46,33,0,814,25,23,15,48.4,16,51.6,400,3,22,15,456,73,55.9,81,8,3,30,6,0.83,12,22,-10,-0.69,-0.25,15.6,20.4,-4.8,-0.33,-0.12,0,20,0,0,0,58,8,42.1
710,Estêvão Willian,br BRA,"MF,FW",Palmeiras,18-167,2007,11,9,831,9.2,0,3,3,0,0,0,3,0,1.2,1.1,2.0,3.1,48,34,93,0.00,0.32,0.32,0.00,0.32,0.13,0.22,0.35,0.12,0.34,Matches,19,2,10.5,2.06,0.22,0.00,0.00,20.0,2,0.06,-1.2,-1.1,218,299,72.9,4001,1143,108,124,87.1,74,90,82.2,30,67,44.8,1.7,+1.0,24,19,10,2,221,77,2,6,63,12,46,20,16,1,1,7,43,4.66,25,11,2,2,0,3,0.32,2,1,0,0,0,5,1,3,1,1,1,11.1,8,2,2,7,1,0,431,0,39,21,31.8,39,59.1,264,25,29,17,288,76,36.9,82,3,2,45,0,2.00,10,7,+3,+0.32,-0.82,11.5,7.2,+4.3,+0.46,-0.28,0,13,0,0,0,43,1,20.0
,Euder,,,,,,,,,,,,,,,,,,,,,,,,,,,,,,,,,,,,,,,,,,,,,,,,,,,,,,,,,,,,,,,,,,,,,,,,,,,,,,,,,,,,,,,,,,,,,,,,,,,,,,,,,,,,,,,,,,,,,,,,,,0,0,,3,,,,,,,,,,,,,,,,,,,
651,Everaldo Stum,br BRA,FW,Fluminense,34-095,1991,19,8,806,9.0,2,0,2,2,0,1,1,0,2.8,2.0,1.3,3.3,7,9,47,0.22,0.00,0.22,0.22,0.22,0.31,0.15,0.45,0.22,0.37,Matches,22,8,36.4,2.46,0.89,0.09,0.25,14.7,0,0.09,-0.8,0.0,121,178,68.0,1664,249,67,90,74.4,43,58,74.1,4,8,50.0,0.8,-1.3,11,5,2,0,160,17,0,1,3,0,0,0,0,0,1,12,21,2.34,16,0,1,1,0,1,0.11,1,0,0,0,0,6,3,0,5,1,3,60.0,2,1,0,6,7,0,262,6,43,4,50.0,4,50.0,152,0,21,11,201,42,35.8,82,2,11,13,3,1.68,15,9,+6,+0.67,+0.92,11.3,7.2,+4.1,+0.46,+0.58,0,17,0,0,0,13,34,54.0
384,Everton Maceió,br BRA,"FW,MF",Mirassol,22-086,2003,6,1,147,1.6,0,0,0,0,0,0,0,0,0.1,0.1,1.0,1.1,9,7,22,0.00,0.00,0.00,0.00,0.00,0.09,0.61,0.70,0.09,0.70,Matches,5,1,20.0,3.06,0.61,0.00,0.00,20.9,0,0.03,-0.1,-0.1,34,50,68.0,432,128,20,25,80.0,9,14,64.3,1,3,33.3,1.1,-1.0,4,1,1,0,47,3,0,0,4,2,1,0,0,0,0,2,8,4.90,6,0,1,1,0,0,0.00,0,0,0,0,0,1,1,0,1,0,0,,0,2,0,1,4,1,80,2,6,3,42.9,4,57.1,49,2,5,1,52,25,6.3,58,0,5,18,7,0.67,3,4,-1,-0.61,-1.23,4.2,3.7,+0.5,+0.33,+0.09,0,3,0,1,0,4,2,50.0
555,Everton Ribeiro,br BRA,MF,Bahia,36-181,1989,24,21,1589,17.7,2,3,5,1,1,1,5,1,1.9,1.1,3.4,4.5,37,135,65,0.11,0.17,0.28,0.06,0.23,0.11,0.19,0.30,0.06,0.26,Matches,21,5,23.8,1.19,0.28,0.05,0.20,25.9,0,0.05,+0.1,-0.1,833,999,83.4,13927,4358,383,428,89.5,320,369,86.7,81,129,62.8,4.6,-0.4,40,103,29,5,897,98,4,8,52,17,36,20,0,0,4,13,70,3.96,58,8,0,2,0,6,0.34,5,0,0,0,0,36,15,15,16,5,13,32.5,27,9,10,46,15,0,1195,21,23,19,43.2,16,36.4,673,4,34,31,845,66,67.9,71,1,3,35,0,1.63,21,18,+3,+0.17,+0.05,21.0,18.3,+2.7,+0.15,+0.70,1,18,0,0,0,84,6,22.2
639,Everton Soares,br BRA,"FW,MF",Flamengo,29-200,1996,16,8,655,7.3,1,1,2,1,0,0,0,0,1.7,1.7,0.5,2.2,30,23,79,0.14,0.14,0.27,0.14,0.27,0.23,0.07,0.30,0.23,0.30,Matches,20,4,20.0,2.75,0.55,0.05,0.25,23.1,0,0.09,-0.7,-0.7,191,253,75.5,2782,488,113,135,83.7,57,73,78.1,11,20,55.0,0.8,+0.5,5,12,6,1,239,14,1,1,16,7,4,3,1,0,0,14,16,2.20,8,1,5,0,1,2,0.27,2,0,0,0,0,9,7,5,3,1,5,41.7,7,4,3,12,2,0,353,4,31,11,28.9,26,68.4,224,7,14,11,254,41,28.0,60,0,8,22,9,2.13,13,3,+10,+1.37,-0.07,9.4,4.1,+5.3,+0.73,+0.05,0,11,0,0,0,25,7,43.8
193,Evertton,br BRA,MF,Flamengo,22-222,2003,11,6,662,7.4,1,0,1,1,0,0,1,0,0.3,0.3,0.0,0.3,2,32,3,0.14,0.00,0.14,0.14,0.14,0.04,0.01,0.04,0.04,0.04,Matches,8,5,62.5,1.09,0.68,0.13,0.20,25.3,0,0.04,+0.7,+0.7,317,352,90.1,4977,1137,164,177,92.7,132,143,92.3,12,15,80.0,0.3,0.0,1,39,2,0,343,9,2,0,0,0,0,0,0,0,0,7,5,0.68,5,0,0,0,0,0,0.00,0,0,0,0,0,12,9,5,6,1,7,63.6,4,6,3,15,8,0,410,7,2,3,50.0,2,33.3,269,0,5,9,306,60,28.3,90,6,5,24,15,2.45,14,4,+10,+1.36,-0.09,10.3,8.1,+2.3,+0.31,-0.54,0,13,0,0,0,42,7,41.2
194,Ewerton,br BRA,DF,Juventude,24-332,2000,14,12,1036,11.5,0,0,0,0,0,0,2,0,0.5,0.5,0.5,0.9,5,39,25,0.00,0.00,0.00,0.00,0.00,0.04,0.04,0.08,0.04,0.08,Matches,12,2,16.7,1.04,0.17,0.00,0.00,25.6,3,0.04,-0.5,-0.5,426,559,76.2,7945,2674,169,194,87.1,204,257,79.4,46,86,53.5,0.6,-0.5,8,32,9,4,424,132,0,11,28,111,0,0,0,0,3,9,20,1.74,15,1,1,2,0,1,0.09,1,0,0,0,0,21,14,15,4,2,11,40.7,16,4,19,40,40,1,681,43,8,4,57.1,3,42.9,300,1,14,7,369,74,44.3,83,8,2,19,0,0.64,8,24,-16,-1.39,-0.63,8.4,19.8,-11.3,-0.98,-0.21,0,8,0,0,0,34,9,50.0
646,Fabiano Souza,br BRA,DF,Ceará,25-208,2000,23,23,1968,21.9,0,1,1,0,0,0,6,0,0.2,0.2,0.4,0.6,24,67,29,0.00,0.05,0.05,0.00,0.05,0.01,0.02,0.03,0.01,0.03,Matches,9,1,11.1,0.41,0.05,0.00,0.00,27.3,0,0.03,-0.2,-0.2,694,967,71.8,12975,6138,265,302,87.7,336,444,75.7,84,167,50.3,1.4,+0.6,11,72,19,12,746,213,2,6,43,199,0,0,0,0,8,28,31,1.42,24,5,0,0,2,4,0.18,4,0,0,0,0,29,24,9,18,2,18,72.0,7,17,21,50,76,1,1186,97,8,15,48.4,14,45.2,546,2,22,17,603,86,84.1,86,16,0,,1,1.39,23,20,+3,+0.14,+0.38,21.8,25.4,-3.6,-0.16,-0.72,0,32,0,0,0,103,15,39.5
195,Fabinho,br BRA,MF,RB Bragantino,23-182,2002,22,6,830,9.2,0,1,1,0,0,0,3,0,0.3,0.3,0.5,0.9,9,63,15,0.00,0.11,0.11,0.00,0.11,0.04,0.06,0.09,0.04,0.09,Matches,9,2,22.2,0.98,0.22,0.00,0.00,22.8,0,0.04,-0.3,-0.3,408,490,83.3,7313,2118,185,214,86.4,178,199,89.4,40,61,65.6,0.4,+0.5,10,49,4,0,463,27,0,9,4,2,1,0,1,0,0,5,18,1.95,16,0,0,1,0,2,0.22,2,0,0,0,0,19,11,11,6,2,8,36.4,14,9,13,32,24,1,588,25,4,6,54.5,3,27.3,328,0,9,4,408,38,34.2,77,1,16,23,3,1.36,15,14,+1,+0.11,+0.45,9.2,11.0,-1.7,-0.19,-0.20,0,21,0,0,0,47,14,66.7
55,Fabián Balbuena,py PAR,DF,Grêmio,34-046,1991,3,3,225,2.5,1,0,1,1,0,0,0,0,0.1,0.1,0.0,0.2,3,7,1,0.40,0.00,0.40,0.40,0.40,0.06,0.01,0.07,0.06,0.07,Matches,1,1,100.0,0.40,0.40,1.00,1.00,8.4,0,0.14,+0.9,+0.9,143,167,85.6,2729,1151,50,57,87.7,73,80,91.3,16,25,64.0,0.0,0.0,1,9,0,0,158,9,0,0,1,0,0,0,0,0,0,1,2,0.80,2,0,0,0,0,0,0.00,0,0,0,0,0,3,2,3,0,0,1,33.3,2,0,4,7,24,0,206,25,4,1,50.0,1,50.0,109,0,2,0,135,75,9.3,75,2,0,,0,1.33,3,2,+1,+0.40,+0.64,3.5,2.9,+0.7,+0.27,+0.88,0,0,0,0,0,6,5,62.5
167,Fabricio Domínguez,uy URU,MF,Sport Recife,27-106,1998,4,1,100,1.1,0,0,0,0,0,0,1,0,0.1,0.1,0.1,0.2,1,5,12,0.00,0.00,0.00,0.00,0.00,0.12,0.07,0.19,0.12,0.19,Matches,2,0,0.0,1.80,0.00,0.00,,11.5,0,0.07,-0.1,-0.1,24,39,61.5,367,114,15,22,68.2,8,8,100.0,1,3,33.3,0.1,-0.1,1,3,1,0,36,3,0,0,6,1,0,0,0,0,0,4,1,0.90,1,0,0,0,0,0,0.00,0,0,0,0,0,2,1,2,0,0,1,33.3,2,1,1,3,0,0,56,4,5,2,28.6,3,42.9,31,0,3,1,32,25,4.4,45,0,3,18,7,0.25,0,3,-3,-2.70,-2.03,0.6,2.8,-2.2,-1.99,-1.56,0,2,0,0,0,7,2,66.7
26,Fabrizio Angileri,ar ARG,DF,Corinthians,31-207,1994,19,12,1170,13.0,0,0,0,0,0,0,3,0,0.2,0.2,0.6,0.7,27,60,53,0.00,0.00,0.00,0.00,0.00,0.01,0.05,0.06,0.01,0.06,Matches,6,1,16.7,0.46,0.08,0.00,0.00,28.2,0,0.03,-0.2,-0.2,670,845,79.3,12534,4488,287,314,91.4,299,363,82.4,78,124,62.9,0.5,-0.6,9,57,7,5,694,146,0,15,51,109,2,0,2,0,5,24,24,1.85,22,2,0,0,0,3,0.23,3,0,0,0,0,28,21,22,4,2,17,63.0,10,9,7,35,55,0,972,54,14,9,60.0,6,40.0,538,4,8,8,605,62,48.1,88,11,7,17,3,1.11,13,18,-5,-0.38,-0.53,12.3,17.1,-4.8,-0.37,-0.60,0,12,0,0,0,43,22,59.5
197,Fabrício,br BRA,"FW,MF",Mirassol,28-199,1997,8,4,301,3.3,0,0,0,0,0,0,0,0,0.5,0.5,0.1,0.6,6,15,15,0.00,0.00,0.00,0.00,0.00,0.16,0.03,0.19,0.16,0.19,Matches,10,1,10.0,2.99,0.30,0.00,0.00,21.2,0,0.05,-0.5,-0.5,76,105,72.4,1090,368,46,53,86.8,20,29,69.0,6,10,60.0,0.5,-0.1,2,11,6,0,101,2,3,1,3,0,2,0,0,0,2,3,10,2.99,8,0,0,1,0,2,0.60,2,0,0,0,0,1,0,1,0,0,0,0.0,3,6,0,1,1,0,144,1,8,4,57.1,1,14.3,88,2,5,6,111,38,12.9,58,0,4,18,3,1.50,4,2,+2,+0.60,+0.07,4.8,3.6,+1.3,+0.39,+0.16,0,4,0,0,0,11,3,30.0
198,Fabrício,br BRA,"FW,MF",Vitória,25-000,2000,16,1,366,4.1,0,1,1,0,0,0,0,0,0.9,0.9,1.4,2.3,31,5,27,0.00,0.25,0.25,0.00,0.25,0.22,0.34,0.56,0.22,0.56,Matches,10,1,10.0,2.99,0.30,0.00,0.00,21.2,0,0.05,-0.5,-0.5,76,105,72.4,1090,368,46,53,86.8,20,29,69.0,6,10,60.0,0.5,-0.1,2,11,6,0,101,2,3,1,3,0,2,0,0,0,2,3,10,2.99,8,0,0,1,0,2,0.60,2,0,0,0,0,1,0,1,0,0,0,0.0,3,6,0,1,1,0,144,1,8,4,57.1,1,14.3,88,2,5,6,111,38,12.9,58,0,4,18,3,1.50,4,2,+2,+0.60,+0.07,4.8,3.6,+1.3,+0.39,+0.16,0,4,0,0,0,11,3,30.0
98,Fabrício Bruno,br BRA,DF,Cruzeiro,29-238,1996,25,25,2250,25.0,2,0,2,2,0,0,5,0,1.1,1.1,0.6,1.7,6,81,2,0.08,0.00,0.08,0.08,0.08,0.04,0.03,0.07,0.04,0.07,Matches,14,4,28.6,0.56,0.16,0.14,0.50,11.9,0,0.08,+0.9,+0.9,977,1134,86.2,20689,8554,282,309,91.3,510,550,92.7,170,239,71.1,0.4,-0.6,5,77,5,1,1041,88,0,16,6,8,0,0,0,0,5,10,24,0.96,21,0,0,0,1,1,0.04,1,0,0,0,0,37,30,22,13,2,20,69.0,9,13,16,53,183,1,1430,262,23,2,66.7,1,33.3,734,1,9,0,837,90,92.6,90,25,0,,0,1.92,38,19,+19,+0.76,+0.26,33.5,21.9,+11.6,+0.46,+0.72,0,16,0,0,0,95,56,66.7
74,Facundo Bernal,uy URU,MF,Fluminense,22-048,2003,14,9,823,9.1,0,0,0,0,0,0,5,0,0.4,0.4,0.0,0.5,3,27,8,0.00,0.00,0.00,0.00,0.00,0.05,0.00,0.05,0.05,0.05,Matches,13,4,30.8,1.42,0.44,0.00,0.00,28.7,0,0.03,-0.4,-0.4,369,438,84.2,6281,1691,174,194,89.7,151,168,89.9,32,56,57.1,0.2,0.0,3,39,3,0,424,14,0,5,1,0,0,0,0,0,0,2,12,1.31,10,0,1,0,1,1,0.11,1,0,0,0,0,22,18,6,13,3,14,58.3,10,8,8,30,14,0,534,23,6,3,42.9,4,57.1,294,0,6,5,358,59,36.6,82,4,5,16,6,1.43,13,16,-3,-0.33,-0.64,6.2,11.0,-4.8,-0.53,-0.97,0,14,0,0,1,42,9,47.4
666,Facundo Torres,uy URU,"FW,MF",Palmeiras,25-178,2000,22,17,1378,15.3,4,3,7,4,0,0,2,0,2.8,2.8,2.8,5.7,26,74,104,0.26,0.20,0.46,0.26,0.46,0.18,0.19,0.37,0.18,0.37,Matches,25,11,44.0,1.63,0.72,0.16,0.36,17.4,0,0.11,+1.2,+1.2,446,550,81.1,6873,1794,251,276,90.9,141,176,80.1,35,57,61.4,2.9,+0.2,28,34,21,7,523,25,1,3,46,6,13,1,6,0,2,14,54,3.53,37,6,1,3,1,6,0.39,5,0,0,1,0,12,6,8,3,1,4,26.7,11,11,5,17,9,0,698,11,45,12,33.3,17,47.2,447,5,29,11,526,63,61.2,74,5,5,24,3,2.23,23,11,+12,+0.78,-0.15,21.7,10.8,+10.9,+0.71,+0.19,0,13,1,1,0,61,7,28.0
199,Fagner,br BRA,DF,Cruzeiro,36-119,1989,9,8,740,8.2,0,0,0,0,0,0,1,0,0.1,0.1,0.4,0.5,14,36,43,0.00,0.00,0.00,0.00,0.00,0.01,0.05,0.06,0.01,0.06,Matches,2,0,0.0,0.24,0.00,0.00,,24.1,0,0.04,-0.1,-0.1,269,388,69.3,4515,2203,137,162,84.6,103,139,74.1,27,69,39.1,1.0,-0.4,9,21,11,6,282,106,2,1,47,85,8,0,8,0,0,12,22,2.68,13,4,3,1,0,2,0.24,2,0,0,0,0,18,9,13,5,0,10,58.8,7,10,10,28,33,1,493,28,8,4,30.8,7,53.8,197,1,9,0,244,82,30.5,84,5,1,70,6,2.22,16,5,+11,+1.34,+0.86,11.9,5.4,+6.4,+0.78,+0.54,0,11,0,0,0,26,8,50.0
674,Fausto Vera,ar ARG,MF,Atlético Mineiro,25-196,2000,11,9,709,7.9,1,0,1,1,0,0,2,0,0.5,0.5,0.2,0.6,10,43,7,0.13,0.00,0.13,0.13,0.13,0.06,0.02,0.08,0.06,0.08,Matches,7,1,14.3,0.89,0.13,0.14,1.00,24.6,0,0.07,+0.5,+0.5,389,428,90.9,6553,1747,183,190,96.3,166,179,92.7,30,37,81.1,0.3,-0.2,4,46,3,0,421,6,0,2,3,0,0,0,0,0,1,6,14,1.78,14,0,0,0,0,1,0.13,1,0,0,0,0,20,13,8,11,1,11,57.9,8,3,4,24,9,0,489,18,4,4,44.4,5,55.6,320,0,2,8,349,64,31.5,72,4,2,31,10,1.18,5,9,-4,-0.51,-0.33,7.2,8.3,-1.1,-0.14,-0.26,0,13,0,0,0,42,4,40.0
21,Felipe Anderson,br BRA,"FW,MF",Palmeiras,32-176,1993,20,16,1147,12.7,1,2,3,1,0,0,0,0,1.3,1.3,1.2,2.6,32,59,73,0.08,0.16,0.24,0.08,0.24,0.10,0.10,0.20,0.10,0.20,Matches,17,7,41.2,1.33,0.55,0.06,0.14,22.0,1,0.08,-0.3,-0.3,475,577,82.3,7115,2046,260,289,90.0,173,200,86.5,19,34,55.9,0.7,+0.8,16,40,14,1,525,49,0,1,19,34,7,3,0,0,3,15,50,3.92,34,2,5,1,4,7,0.55,3,0,0,0,1,41,24,22,13,6,26,55.3,21,16,13,54,16,1,743,18,23,24,48.0,21,42.0,398,5,25,9,470,57,51.0,65,1,4,26,3,2.40,26,8,+18,+1.41,+1.17,20.5,9.0,+11.5,+0.90,+0.53,0,12,0,0,0,82,8,61.5
113,Felipe Cardoso,br BRA,FW,Vitória,22-218,2003,3,0,78,0.9,0,0,0,0,0,0,0,0,0.1,0.1,0.1,0.2,6,1,7,0.00,0.00,0.00,0.00,0.00,0.09,0.16,0.24,0.09,0.24,Matches,3,1,33.3,3.46,1.15,0.00,0.00,25.1,0,0.02,-0.1,-0.1,14,19,73.7,245,130,7,8,87.5,6,8,75.0,1,1,100.0,0.1,-0.1,1,0,3,2,19,0,0,0,3,0,0,0,0,0,0,1,4,4.62,3,0,1,0,0,1,1.15,1,0,0,0,0,1,1,1,0,0,0,,0,1,0,1,0,0,32,0,1,5,62.5,3,37.5,25,0,3,0,23,26,3.2,,0,3,26,9,1.00,2,4,-2,-2.31,-1.70,1.8,2.5,-0.7,-0.76,-0.35,0,1,0,0,0,4,0,0.0
326,Felipe Jonatan,br BRA,DF,Mirassol,27-235,1998,1,1,81,0.9,0,0,0,0,0,0,0,0,0.0,0.0,0.1,0.1,0,2,2,0.00,0.00,0.00,0.00,0.00,0.00,0.11,0.11,0.00,0.11,Matches,0,0,,0.00,0.00,,,,0,,0.0,0.0,31,41,75.6,494,180,15,18,83.3,11,12,91.7,3,6,50.0,0.1,-0.1,3,2,1,1,33,8,0,0,3,6,1,0,1,0,0,2,3,3.33,2,1,0,0,0,0,0.00,0,0,0,0,0,1,0,0,1,0,0,0.0,1,0,0,1,2,0,47,5,1,0,,0,,25,0,1,0,27,81,3.5,81,0,0,,9,3.00,2,2,0,0.00,-0.56,0.7,1.3,-0.6,-0.65,-0.93,0,2,0,0,0,3,2,66.7
,Felipe Longo,,,,,,,,,,,,,,,,,,,,,,,,,,,,,,,,,,,,,,,,,,,,,,,,,,,,,,,,,,,,,,,,,,,,,,,,,,,,,,,,,,,,,,,,,,,,,,,,,,,,,,,,,,,,,,,,,,,,,,,,,,0,0,,20,,,,,,,,,,,,,,,,,,,
462,Felipe Negrucci,br BRA,DF,São Paulo,21-157,2004,2,2,180,2.0,0,0,0,0,0,0,0,0,0.0,0.0,0.0,0.0,1,6,0,0.00,0.00,0.00,0.00,0.00,0.02,0.00,0.02,0.02,0.02,Matches,1,0,0.0,0.50,0.00,0.00,,6.5,0,0.05,0.0,0.0,64,77,83.1,1142,392,19,20,95.0,37,42,88.1,6,13,46.2,0.0,0.0,0,6,0,0,72,5,0,0,0,2,0,0,0,0,0,0,0,0.00,0,0,0,0,0,0,0.00,0,0,0,0,0,1,1,1,0,0,1,50.0,1,1,1,2,11,0,103,16,1,0,,0,,57,0,1,0,60,90,7.4,90,2,0,,24,1.50,2,1,+1,+0.50,+0.42,1.9,2.4,-0.5,-0.24,-0.55,0,3,0,0,0,10,3,27.3
,Felype,,,,,,,,,,,,,,,,,,,,,,,,,,,,,,,,,,,,,,,,,,,,,,,,,,,,,,,,,,,,,,,,,,,,,,,,,,,,,,,,,,,,,,,,,,,,,,,,,,,,,,,,,,,,,,,,,,,,,,,,,,0,0,,2,,,,,,,,,,,,,,,,,,,
204,Fernandinho,br BRA,"FW,MF",Ceará,28-081,1997,10,4,344,3.8,0,1,1,0,0,0,2,0,1.4,1.4,0.2,1.6,16,11,27,0.00,0.26,0.26,0.00,0.26,0.36,0.05,0.41,0.36,0.41,Matches,9,3,33.3,2.35,0.78,0.00,0.00,19.0,0,0.15,-1.4,-1.4,55,82,67.1,846,178,31,41,75.6,18,24,75.0,4,9,44.4,0.3,+0.8,2,5,6,1,81,0,0,0,11,0,0,0,0,0,1,2,9,2.35,6,0,1,0,1,2,0.52,1,0,0,0,0,8,5,3,4,1,4,44.4,5,6,12,20,3,0,143,2,12,8,50.0,6,37.5,93,6,9,8,101,34,14.7,63,0,6,16,0,1.50,6,2,+4,+1.05,+1.14,6.2,3.1,+3.1,+0.81,+1.01,0,8,0,0,0,14,5,31.3
205,Fernando,br BRA,"MF,DF",Internacional,38-075,1987,6,6,412,4.6,0,0,0,0,0,0,0,0,0.4,0.4,0.1,0.5,11,20,3,0.00,0.00,0.00,0.00,0.00,0.08,0.03,0.12,0.08,0.12,Matches,3,3,100.0,0.66,0.66,0.00,0.00,11.6,0,0.13,-0.4,-0.4,255,284,89.8,4583,1349,112,123,91.1,116,127,91.3,22,26,84.6,0.4,-0.1,2,22,2,0,271,13,1,1,1,1,1,1,0,0,0,0,6,1.31,5,0,0,0,0,1,0.22,1,0,0,0,0,9,5,5,4,0,4,33.3,8,3,6,15,8,0,336,21,6,5,62.5,3,37.5,197,0,5,2,231,69,17.6,69,3,0,,0,0.83,6,8,-2,-0.44,-0.25,5.2,7.7,-2.5,-0.54,-1.18,0,2,0,0,0,17,10,83.3
206,Fernando,br BRA,"FW,MF",RB Bragantino,26-221,1999,6,0,162,1.8,0,0,0,0,0,0,0,0,0.9,0.9,0.0,1.0,4,1,9,0.00,0.00,0.00,0.00,0.00,0.52,0.01,0.53,0.52,0.53,Matches,3,3,100.0,0.66,0.66,0.00,0.00,11.6,0,0.13,-0.4,-0.4,255,284,89.8,4583,1349,112,123,91.1,116,127,91.3,22,26,84.6,0.4,-0.1,2,22,2,0,271,13,1,1,1,1,1,1,0,0,0,0,6,1.31,5,0,0,0,0,1,0.22,1,0,0,0,0,9,5,5,4,0,4,33.3,8,3,6,15,8,0,336,21,6,5,62.5,3,37.5,197,0,5,2,231,69,17.6,69,3,0,,0,0.83,6,8,-2,-0.44,-0.25,5.2,7.7,-2.5,-0.54,-1.18,0,2,0,0,0,17,10,83.3
,Fernando Costa,,,,,,,,,,,,,,,,,,,,,,,,,,,,,,,,,,,,,,,,,,,,,,,,,,,,,,,,,,,,,,,,,,,,,,,,,,,,,,,,,,,,,,,,,,,,,,,,,,,,,,,,,,,,,,,,,,,,,,,,,,0,0,,4,,,,,,,,,,,,,,,,,,,
398,Fernando Marçal,br BRA,DF,Botafogo (RJ),36-231,1989,9,6,546,6.1,2,0,2,2,0,0,3,0,0.4,0.4,0.1,0.5,7,30,5,0.33,0.00,0.33,0.33,0.33,0.06,0.02,0.08,0.06,0.08,Matches,5,2,40.0,0.82,0.33,0.40,1.00,12.2,0,0.07,+1.6,+1.6,383,438,87.4,6731,2315,168,180,93.3,175,191,91.6,32,54,59.3,0.1,-0.1,3,33,2,0,378,59,0,4,6,38,3,3,0,0,1,4,4,0.66,3,1,0,0,0,0,0.00,0,0,0,0,0,12,9,9,3,0,7,70.0,3,9,10,22,28,1,519,40,8,2,100.0,0,0.0,279,2,5,4,328,61,22.5,81,4,3,21,6,1.60,12,5,+7,+1.15,+0.82,8.6,4.9,+3.7,+0.62,+0.44,0,13,0,0,0,35,15,65.2
441,Fernando Miguel,br BRA,GK,Ceará,40-248,1985,8,7,657,7.3,0,0,0,0,0,0,0,0,0.0,0.0,0.0,0.0,0,0,0,0.00,0.00,0.00,0.00,0.00,0.00,0.00,0.00,0.00,0.00,Matches,0,0,,0.00,0.00,,,,0,,0.0,0.0,144,228,63.2,4517,3427,14,14,100.0,75,76,98.7,55,137,40.1,0.0,0.0,0,4,0,0,120,107,0,0,0,0,0,0,0,0,1,0,0,0.00,0,0,0,0,0,0,0.00,0,0,0,0,0,0,0,0,0,0,0,,0,0,0,0,3,1,244,188,0,0,,0,,98,0,0,0,56,82,28.1,90,7,1,27,10,1.38,7,7,0,0.00,-0.11,6.3,7.9,-1.6,-0.22,-0.23,0,0,0,0,0,12,2,100.0
641,Fernando Sobral,br BRA,MF,Ceará,30-295,1994,24,14,1246,13.8,1,0,1,1,0,0,7,0,0.3,0.3,0.4,0.7,9,68,15,0.07,0.00,0.07,0.07,0.07,0.02,0.03,0.05,0.02,0.05,Matches,10,1,10.0,0.72,0.07,0.10,1.00,27.3,1,0.03,+0.7,+0.7,487,621,78.4,8552,2897,230,259,88.8,191,229,83.4,53,98,54.1,0.6,-0.4,13,59,11,5,575,46,0,6,27,14,5,2,2,0,0,15,26,1.88,20,3,0,3,0,0,0.00,0,0,0,0,0,37,24,19,14,4,13,36.1,23,21,9,46,21,0,773,26,11,9,50.0,7,38.9,371,1,17,9,443,52,53.2,75,2,10,20,0,1.25,13,14,-1,-0.07,-0.32,14.4,15.3,-0.9,-0.07,-0.04,0,33,0,0,0,57,13,41.9
208,Ferreira,br BRA,FW,São Paulo,27-281,1997,19,14,1077,12.0,4,2,6,4,0,1,3,0,3.8,3.0,1.6,4.7,43,52,112,0.33,0.17,0.50,0.33,0.50,0.32,0.14,0.46,0.25,0.39,Matches,25,9,36.0,2.09,0.75,0.16,0.44,16.7,0,0.12,+0.2,+1.0,310,398,77.9,4496,1270,186,214,86.9,90,114,78.9,19,34,55.9,1.9,+0.4,16,22,24,5,378,18,1,5,24,3,8,8,0,0,2,19,48,4.01,34,1,5,5,0,8,0.67,7,0,0,0,0,15,9,6,7,2,7,36.8,12,11,6,21,9,0,581,8,54,34,44.2,34,44.2,414,14,47,17,443,57,44.3,68,1,5,25,2,1.37,11,10,+1,+0.08,-0.05,13.3,11.0,+2.3,+0.19,-0.16,0,11,1,0,0,59,9,50.0
,Fintelman,,,,,,,,,,,,,,,,,,,,,,,,,,,,,,,,,,,,,,,,,,,,,,,,,,,,,,,,,,,,,,,,,,,,,,,,,,,,,,,,,,,,,,,,,,,,,,,,,,,,,,,,,,,,,,,,,,,,,,,,,,0,0,,15,,,,,,,,,,,,,,,,,,,
20,Francis Amuzu,be BEL,FW,Grêmio,26-046,1999,13,5,518,5.8,2,1,3,2,0,0,2,0,0.9,0.9,1.4,2.3,25,12,44,0.35,0.17,0.52,0.35,0.52,0.16,0.24,0.40,0.16,0.40,Matches,18,7,38.9,3.13,1.22,0.11,0.29,22.4,0,0.05,+1.1,+1.1,129,168,76.8,2089,414,70,81,86.4,43,52,82.7,13,24,54.2,0.8,-0.4,9,9,7,4,163,5,2,1,24,4,1,1,0,0,0,4,19,3.30,13,0,3,1,0,1,0.17,1,0,0,0,0,4,2,2,0,2,2,100.0,0,3,0,4,3,0,227,0,14,11,55.0,7,35.0,165,6,14,7,184,40,21.3,67,0,8,23,5,0.92,6,12,-6,-1.04,-1.09,5.4,11.8,-6.3,-1.10,-0.73,0,6,0,0,0,16,0,0.0
141,Francisco da Costa,br BRA,FW,Mirassol,30-156,1995,13,10,832,9.2,6,0,6,6,0,0,1,0,3.8,3.8,0.3,4.1,4,8,23,0.65,0.00,0.65,0.65,0.65,0.41,0.04,0.44,0.41,0.44,Matches,18,7,38.9,1.95,0.76,0.33,0.86,14.4,0,0.21,+2.2,+2.2,107,156,68.6,1305,215,66,90,73.3,29,38,76.3,3,4,75.0,0.8,-0.3,4,3,1,0,135,19,1,0,2,0,0,0,0,0,2,5,13,1.41,11,0,0,0,0,2,0.22,2,0,0,0,0,2,1,0,1,1,0,0.0,3,1,1,3,10,0,228,12,29,5,33.3,10,66.7,118,3,13,13,158,64,35.6,72,2,3,37,0,1.77,21,9,+12,+1.30,+1.18,14.1,11.1,+3.0,+0.33,+0.12,0,10,0,0,0,20,14,53.8
144,Franco Cristaldo,ar ARG,"MF,FW",Grêmio,29-054,1996,19,9,866,9.6,0,2,2,0,0,0,1,0,0.8,0.8,1.6,2.4,16,40,41,0.00,0.21,0.21,0.00,0.21,0.08,0.17,0.25,0.08,0.25,Matches,9,2,22.2,0.94,0.21,0.00,0.00,19.2,1,0.08,-0.8,-0.8,277,380,72.9,4764,1535,145,167,86.8,90,118,76.3,34,71,47.9,2.1,+0.4,24,41,11,2,325,51,3,2,54,3,23,10,12,0,4,9,45,4.68,28,11,1,3,0,3,0.31,2,1,0,0,0,15,9,5,7,3,9,50.0,9,7,2,17,12,1,466,5,26,9,39.1,9,39.1,254,2,21,18,314,46,35.6,66,0,10,27,7,1.16,10,12,-2,-0.21,-0.04,11.1,15.7,-4.6,-0.48,+0.07,0,3,0,0,0,40,8,53.3
253,Fredi Gomes,br BRA,DF,Bahia,19-138,2006,1,1,90,1.0,0,0,0,0,0,0,0,0,0.0,0.0,0.0,0.0,0,1,0,0.00,0.00,0.00,0.00,0.00,0.00,0.00,0.00,0.00,0.00,Matches,0,0,,0.00,0.00,,,,0,,0.0,0.0,51,57,89.5,847,294,19,21,90.5,27,29,93.1,3,5,60.0,0.0,0.0,0,0,0,0,56,1,0,0,0,0,0,0,0,0,0,0,0,0.00,0,0,0,0,0,0,0.00,0,0,0,0,0,1,1,1,0,0,1,100.0,0,1,2,3,2,1,65,5,0,0,,0,,48,0,0,0,48,90,3.8,90,1,0,,16,0.00,0,3,-3,-3.00,-3.28,0.3,2.3,-2.1,-2.08,-2.08,0,1,0,0,0,2,0,0.0
196,Fábio,br BRA,GK,Fluminense,45-008,1980,25,25,2250,25.0,0,0,0,0,0,0,1,0,0.0,0.0,0.0,0.0,0,0,0,0.00,0.00,0.00,0.00,0.00,0.00,0.00,0.00,0.00,0.00,Matches,0,0,,0.00,0.00,,,,0,,0.0,0.0,424,556,76.3,9439,6172,111,111,100.0,181,184,98.4,97,224,43.3,0.0,0.0,0,1,0,0,362,193,0,0,0,0,0,0,0,0,1,1,0,0.00,0,0,0,0,0,0,0.00,0,0,0,0,0,0,0,0,0,0,0,,0,0,1,1,12,2,601,549,0,1,100.0,0,0.0,306,0,0,0,223,90,100.0,90,25,0,,0,1.52,33,31,+2,+0.08,,26.3,24.0,+2.3,+0.09,,0,0,0,0,0,17,2,66.7
665,Félix Torres Caicedo,ec ECU,DF,Corinthians,28-270,1997,9,7,557,6.2,0,0,0,0,0,0,1,0,0.2,0.2,0.1,0.2,3,15,2,0.00,0.00,0.00,0.00,0.00,0.03,0.01,0.04,0.03,0.04,Matches,2,0,0.0,0.32,0.00,0.00,,8.4,0,0.09,-0.2,-0.2,372,413,90.1,7220,2174,119,127,93.7,213,225,94.7,37,53,69.8,0.1,-0.1,3,14,1,1,390,23,0,3,2,16,0,0,0,0,0,4,8,1.29,7,0,1,0,0,0,0.00,0,0,0,0,0,10,7,6,4,0,8,72.7,3,4,12,22,21,0,473,45,3,3,60.0,2,40.0,282,0,7,3,342,62,22.9,77,5,2,9,17,1.56,8,9,-1,-0.16,-0.07,7.4,8.1,-0.7,-0.12,-0.08,0,12,0,0,0,29,6,66.7
228,Gabriel,br BRA,DF,Bahia,24-155,2001,9,7,674,7.5,0,0,0,0,0,0,3,0,0.1,0.1,0.0,0.1,1,10,0,0.00,0.00,0.00,0.00,0.00,0.01,0.00,0.01,0.01,0.01,Matches,2,0,0.0,0.27,0.00,0.00,,12.6,0,0.04,-0.1,-0.1,339,386,87.8,6626,1858,94,104,90.4,211,226,93.4,30,48,62.5,0.0,0.0,0,9,0,0,373,12,0,2,0,0,0,0,0,0,1,1,2,0.27,2,0,0,0,0,0,0.00,0,0,0,0,0,10,7,8,2,0,6,75.0,2,4,11,21,45,1,475,67,4,0,,0,,238,0,5,0,309,75,28.8,90,7,2,22,11,1.22,8,10,-2,-0.27,-0.59,7.4,9.5,-2.1,-0.29,-0.30,0,16,0,0,0,16,21,61.8
229,Gabriel,br BRA,"MF,FW",Mirassol,35-275,1990,18,15,1156,12.8,3,1,4,3,0,0,2,0,2.7,2.7,1.8,4.5,20,46,67,0.23,0.08,0.31,0.23,0.31,0.21,0.14,0.35,0.21,0.35,Matches,2,0,0.0,0.27,0.00,0.00,,12.6,0,0.04,-0.1,-0.1,339,386,87.8,6626,1858,94,104,90.4,211,226,93.4,30,48,62.5,0.0,0.0,0,9,0,0,373,12,0,2,0,0,0,0,0,0,1,1,2,0.27,2,0,0,0,0,0,0.00,0,0,0,0,0,10,7,8,2,0,6,75.0,2,4,11,21,45,1,475,67,4,0,,0,,238,0,5,0,309,75,28.8,90,7,2,22,11,1.22,8,10,-2,-0.27,-0.59,7.4,9.5,-2.1,-0.29,-0.30,0,16,0,0,0,16,21,61.8
230,Gabriel,br BRA,GK,Vitória,33-011,1992,1,1,90,1.0,0,0,0,0,0,0,0,0,0.0,0.0,0.0,0.0,0,0,0,0.00,0.00,0.00,0.00,0.00,0.00,0.00,0.00,0.00,0.00,Matches,2,0,0.0,0.27,0.00,0.00,,12.6,0,0.04,-0.1,-0.1,339,386,87.8,6626,1858,94,104,90.4,211,226,93.4,30,48,62.5,0.0,0.0,0,9,0,0,373,12,0,2,0,0,0,0,0,0,1,1,2,0.27,2,0,0,0,0,0,0.00,0,0,0,0,0,10,7,8,2,0,6,75.0,2,4,11,21,45,1,475,67,4,0,,0,,238,0,5,0,309,75,28.8,90,7,2,22,11,1.22,8,10,-2,-0.27,-0.59,7.4,9.5,-2.1,-0.29,-0.30,0,16,0,0,0,16,21,61.8
231,Gabriel,br BRA,GK,Sport Recife,33-011,1992,13,13,1170,13.0,0,0,0,0,0,0,1,0,0.0,0.0,0.0,0.0,0,0,0,0.00,0.00,0.00,0.00,0.00,0.00,0.00,0.00,0.00,0.00,Matches,2,0,0.0,0.27,0.00,0.00,,12.6,0,0.04,-0.1,-0.1,339,386,87.8,6626,1858,94,104,90.4,211,226,93.4,30,48,62.5,0.0,0.0,0,9,0,0,373,12,0,2,0,0,0,0,0,0,1,1,2,0.27,2,0,0,0,0,0,0.00,0,0,0,0,0,10,7,8,2,0,6,75.0,2,4,11,21,45,1,475,67,4,0,,0,,238,0,5,0,309,75,28.8,90,7,2,22,11,1.22,8,10,-2,-0.27,-0.59,7.4,9.5,-2.1,-0.29,-0.30,0,16,0,0,0,16,21,61.8
232,Gabriel,br BRA,MF,RB Bragantino,33-090,1992,23,22,1795,19.9,1,0,1,1,0,0,9,0,0.5,0.5,0.5,1.0,11,72,19,0.05,0.00,0.05,0.05,0.05,0.02,0.03,0.05,0.02,0.05,Matches,2,0,0.0,0.27,0.00,0.00,,12.6,0,0.04,-0.1,-0.1,339,386,87.8,6626,1858,94,104,90.4,211,226,93.4,30,48,62.5,0.0,0.0,0,9,0,0,373,12,0,2,0,0,0,0,0,0,1,1,2,0.27,2,0,0,0,0,0,0.00,0,0,0,0,0,10,7,8,2,0,6,75.0,2,4,11,21,45,1,475,67,4,0,,0,,238,0,5,0,309,75,28.8,90,7,2,22,11,1.22,8,10,-2,-0.27,-0.59,7.4,9.5,-2.1,-0.29,-0.30,0,16,0,0,0,16,21,61.8
,Gabriel Abdias,,,,,,,,,,,,,,,,,,,,,,,,,,,,,,,,,,,,,,,,,,,,,,,,,,,,,,,,,,,,,,,,,,,,,,,,,,,,,,,,,,,,,,,,,,,,,,,,,,,,,,,,,,,,,,,,,,,,,,,,,,0,0,,1,,,,,,,,,,,,,,,,,,,
53,Gabriel Bahia,br BRA,DF,Botafogo (RJ),26-318,1998,3,2,146,1.6,0,0,0,0,0,0,0,0,0.0,0.0,0.0,0.0,1,7,1,0.00,0.00,0.00,0.00,0.00,0.02,0.00,0.02,0.02,0.02,Matches,2,0,0.0,1.23,0.00,0.00,,28.2,0,0.01,0.0,0.0,91,102,89.2,1476,517,41,44,93.2,42,45,93.3,6,10,60.0,0.0,0.0,0,7,0,0,100,2,0,0,0,1,0,0,0,0,0,0,4,2.47,2,0,1,0,0,0,0.00,0,0,0,0,0,4,2,2,2,0,4,100.0,0,0,2,6,10,1,124,12,0,5,100.0,0,0.0,76,0,2,2,88,49,6.0,68,1,1,11,5,1.00,0,3,-3,-1.85,-2.52,1.1,2.1,-1.0,-0.61,-0.95,0,2,0,0,0,4,5,83.3
56,Gabriel Baralhas,br BRA,MF,Vitória,26-363,1998,20,18,1605,17.8,1,1,2,1,0,0,7,0,0.8,0.8,0.4,1.2,11,63,19,0.06,0.06,0.11,0.06,0.11,0.05,0.02,0.07,0.05,0.07,Matches,19,5,26.3,1.07,0.28,0.05,0.20,25.3,0,0.04,+0.2,+0.2,527,635,83.0,8997,2619,252,284,88.7,227,258,88.0,38,58,65.5,0.7,+0.6,11,61,11,1,592,40,0,1,7,16,0,0,0,0,3,12,35,1.96,28,0,1,3,0,4,0.22,4,0,0,0,0,35,26,14,17,4,18,54.5,15,21,28,63,41,0,847,51,10,16,59.3,10,37.0,376,1,19,17,452,80,66.0,85,14,2,35,1,1.15,21,21,0,0.00,+1.96,19.3,23.5,-4.2,-0.24,+0.56,0,30,0,1,0,85,15,44.1
59,Gabriel Barbosa,br BRA,"FW,MF",Cruzeiro,29-039,1996,21,5,674,7.5,6,2,8,5,1,2,4,0,3.8,2.2,1.0,3.3,10,27,34,0.80,0.27,1.07,0.67,0.93,0.51,0.14,0.65,0.30,0.43,Matches,26,12,46.2,3.47,1.60,0.19,0.42,20.7,0,0.09,+2.2,+2.8,163,193,84.5,2441,635,99,106,93.4,44,52,84.6,13,19,68.4,0.9,+1.0,9,16,7,1,179,13,2,1,7,1,3,0,0,0,1,4,23,3.07,18,0,1,0,0,4,0.53,3,0,0,0,0,4,2,0,2,2,0,0.0,3,7,0,4,1,0,258,1,32,6,50.0,5,41.7,156,4,7,5,191,32,27.7,76,1,16,19,5,2.05,13,7,+6,+0.80,+0.08,11.9,10.2,+1.7,+0.23,-0.26,0,4,0,0,0,10,0,
82,Gabriel Bontempo,br BRA,"MF,FW",Santos,20-265,2005,18,9,896,10.0,1,1,2,1,0,0,1,0,1.3,1.3,1.6,2.9,19,49,25,0.10,0.10,0.20,0.10,0.20,0.13,0.16,0.30,0.13,0.30,Matches,6,1,16.7,0.60,0.10,0.17,1.00,13.6,0,0.22,-0.3,-0.3,335,391,85.7,5310,1542,174,192,90.6,141,158,89.2,16,23,69.6,0.8,-0.6,10,29,6,1,379,9,1,1,7,2,0,0,0,0,3,6,30,3.01,26,1,0,3,0,4,0.40,4,0,0,0,0,23,13,15,7,1,10,47.6,11,9,18,41,13,0,514,24,13,9,45.0,8,40.0,304,6,22,11,341,50,38.3,76,2,9,24,3,1.17,15,19,-4,-0.40,+0.16,14.4,14.9,-0.4,-0.04,+0.10,0,9,0,0,0,42,9,42.9
92,Gabriel Brazão,br BRA,GK,Santos,25-003,2000,26,26,2317,25.7,0,0,0,0,0,0,1,0,0.0,0.0,0.2,0.2,0,0,0,0.00,0.00,0.00,0.00,0.00,0.00,0.01,0.01,0.00,0.01,Matches,0,0,,0.00,0.00,,,,0,,0.0,0.0,442,610,72.5,12160,8352,85,85,100.0,226,228,99.1,130,292,44.5,0.0,-0.2,1,5,0,0,376,231,0,0,0,0,0,0,0,0,3,1,4,0.16,4,0,0,0,0,1,0.04,1,0,0,0,0,1,1,1,0,0,1,50.0,1,0,1,2,23,3,692,609,0,0,,0,,314,0,1,0,257,89,99.0,89,25,0,,0,1.08,24,38,-14,-0.54,-4.46,30.1,33.3,-3.2,-0.12,-1.78,0,0,0,0,0,20,3,100.0
,Gabriel Caipira,,,,,,,,,,,,,,,,,,,,,,,,,,,,,,,,,,,,,,,,,,,,,,,,,,,,,,,,,,,,,,,,,,,,,,,,,,,,,,,,,,,,,,,,,,,,,,,,,,,,,,,,,,,,,,,,,,,,,,,,,,0,0,,1,,,,,,,,,,,,,,,,,,,
122,Gabriel Carvalho,br BRA,FW,Internacional,18-052,2007,3,0,72,0.8,0,0,0,0,0,0,0,0,0.1,0.1,0.0,0.1,3,6,1,0.00,0.00,0.00,0.00,0.00,0.10,0.00,0.10,0.10,0.10,Matches,2,1,50.0,2.50,1.25,0.00,0.00,20.8,0,0.04,-0.1,-0.1,34,40,85.0,505,163,16,18,88.9,9,10,90.0,4,4,100.0,0.0,0.0,0,4,1,0,39,1,0,0,0,0,0,0,0,0,0,1,2,2.50,2,0,0,0,0,0,0.00,0,0,0,0,0,2,1,0,2,0,1,100.0,0,0,0,2,1,0,50,1,3,2,66.7,1,33.3,22,2,2,1,31,24,3.1,,0,3,24,4,0.33,1,1,0,0.00,+0.24,1.9,0.8,+1.1,+1.44,+1.04,0,1,0,0,0,6,1,25.0
129,Gabriel Chapecó,br BRA,GK,Grêmio,25-193,2000,3,3,270,3.0,0,0,0,0,0,0,2,1,0.0,0.0,0.0,0.0,0,0,0,0.00,0.00,0.00,0.00,0.00,0.00,0.01,0.01,0.00,0.01,Matches,0,0,,0.00,0.00,,,,0,,0.0,0.0,55,94,58.5,1794,1367,11,11,100.0,19,19,100.0,25,64,39.1,0.0,0.0,1,1,0,0,44,50,0,0,0,0,0,0,0,0,0,0,0,0.00,0,0,0,0,0,0,0.00,0,0,0,0,0,0,0,0,0,0,0,,0,0,0,0,4,0,111,99,0,0,,0,,37,0,0,0,33,90,11.1,90,3,0,,21,1.25,4,3,+1,+0.33,+0.58,2.7,6.3,-3.5,-1.17,-0.73,1,0,0,0,0,1,0,
158,Gabriel Delfim,br BRA,GK,Atlético Mineiro,23-090,2002,2,2,180,2.0,0,0,0,0,0,0,0,0,0.0,0.0,0.0,0.0,0,0,0,0.00,0.00,0.00,0.00,0.00,0.00,0.00,0.00,0.00,0.00,Matches,0,0,,0.00,0.00,,,,0,,0.0,0.0,49,67,73.1,1114,776,16,16,100.0,22,23,95.7,11,28,39.3,0.0,0.0,0,0,0,0,54,13,0,0,0,0,0,0,0,0,0,0,0,0.00,0,0,0,0,0,0,0.00,0,0,0,0,0,0,0,0,0,0,0,,0,0,0,0,3,0,75,55,0,0,,0,,50,0,0,0,42,90,8.0,90,2,0,,23,0.50,1,2,-1,-0.50,-0.24,1.5,0.9,+0.7,+0.33,+0.32,0,0,0,0,0,9,3,100.0
226,Gabriel Fuentes,co COL,DF,Fluminense,28-241,1997,8,8,704,7.8,0,0,0,0,0,0,2,0,0.1,0.1,0.4,0.5,14,43,51,0.00,0.00,0.00,0.00,0.00,0.01,0.05,0.06,0.01,0.06,Matches,5,2,40.0,0.64,0.26,0.00,0.00,25.4,0,0.02,-0.1,-0.1,388,466,83.3,5963,2094,203,216,94.0,142,169,84.0,28,54,51.9,0.9,-0.4,9,27,16,5,380,86,0,2,29,61,9,0,2,0,0,5,28,3.58,20,5,1,1,1,0,0.00,0,0,0,0,0,18,11,10,6,2,5,71.4,2,2,10,28,23,0,552,29,19,7,63.6,4,36.4,270,6,11,4,336,88,31.3,88,7,0,,7,0.88,9,14,-5,-0.64,-1.05,9.9,9.0,+0.9,+0.11,+0.03,0,13,0,0,0,22,14,77.8
,Gabriel Justino,,,,,,,,,,,,,,,,,,,,,,,,,,,,,,,,,,,,,,,,,,,,,,,,,,,,,,,,,,,,,,,,,,,,,,,,,,,,,,,,,,,,,,,,,,,,,,,,,,,,,,,,,,,,,,,,,,,,,,,,,,0,0,,2,,,,,,,,,,,,,,,,,,,
351,Gabriel Knesowitsch,br BRA,DF,Mirassol,21-355,2003,4,4,360,4.0,0,0,0,0,0,0,0,0,0.5,0.5,0.0,0.5,10,11,0,0.00,0.00,0.00,0.00,0.00,0.12,0.00,0.12,0.12,0.12,Matches,3,2,66.7,0.75,0.50,0.00,0.00,8.3,0,0.15,-0.5,-0.5,142,158,89.9,2740,956,54,58,93.1,67,72,93.1,20,25,80.0,0.0,0.0,0,7,0,0,148,9,0,0,0,0,0,0,0,0,1,2,2,0.50,1,0,0,0,0,0,0.00,0,0,0,0,0,3,3,2,1,0,2,66.7,1,2,1,4,36,0,212,40,4,2,100.0,0,0.0,110,0,3,0,130,90,15.4,90,4,0,,19,2.00,6,2,+4,+1.00,+0.55,5.0,4.1,+1.0,+0.25,0.00,0,1,0,0,0,10,8,53.3
,Gabriel Lacerda,,,,,,,,,,,,,,,,,,,,,,,,,,,,,,,,,,,,,,,,,,,,,,,,,,,,,,,,,,,,,,,,,,,,,,,,,,,,,,,,,,,,,,,,,,,,,,,,,,,,,,,,,,,,,,,,,,,,,,,,,,0,0,,2,,,,,,,,,,,,,,,,,,,
,Gabriel Mec,,,,,,,,,,,,,,,,,,,,,,,,,,,,,,,,,,,,,,,,,,,,,,,,,,,,,,,,,,,,,,,,,,,,,,,,,,,,,,,,,,,,,,,,,,,,,,,,,,,,,,,,,,,,,,,,,,,,,,,,,,0,0,,6,,,,,,,,,,,,,,,,,,,
437,Gabriel Menino,br BRA,MF,Atlético Mineiro,25-009,2000,18,8,785,8.7,1,1,2,1,0,0,1,0,0.9,0.9,0.9,1.8,26,67,27,0.11,0.11,0.23,0.11,0.23,0.10,0.10,0.20,0.10,0.20,Matches,12,4,33.3,1.38,0.46,0.08,0.25,18.8,0,0.08,+0.1,+0.1,417,512,81.4,7097,2221,176,195,90.3,163,191,85.3,49,77,63.6,1.2,+0.1,13,59,6,0,467,43,2,7,20,11,11,6,2,0,2,12,25,2.87,20,3,0,0,0,2,0.23,1,1,0,0,0,14,6,7,6,1,8,53.3,7,9,8,22,8,0,594,15,15,4,40.0,5,50.0,350,2,15,14,426,44,34.9,64,1,10,27,3,1.11,6,9,-3,-0.34,-0.10,8.0,10.6,-2.6,-0.30,-0.52,0,12,0,0,0,29,9,56.3
438,Gabriel Mercado,ar ARG,DF,Internacional,38-204,1987,4,3,315,3.5,0,0,0,0,0,0,1,0,0.2,0.2,0.0,0.2,2,7,0,0.00,0.00,0.00,0.00,0.00,0.06,0.00,0.06,0.06,0.06,Matches,2,1,50.0,0.57,0.29,0.00,0.00,8.7,0,0.11,-0.2,-0.2,142,167,85.0,2664,1027,51,52,98.1,81,92,88.0,10,22,45.5,0.0,0.0,0,7,0,0,157,9,0,0,0,0,0,0,0,0,1,0,1,0.29,0,0,0,1,0,0,0.00,0,0,0,0,0,4,4,2,2,0,2,100.0,0,0,5,9,21,0,200,20,2,1,100.0,0,0.0,136,0,0,0,135,79,13.5,90,3,1,45,6,1.25,5,3,+2,+0.57,+0.93,4.9,2.1,+2.8,+0.80,+0.44,0,3,0,0,0,10,2,50.0
,Gabriel Silva,,,,,,,,,,,,,,,,,,,,,,,,,,,,,,,,,,,,,,,,,,,,,,,,,,,,,,,,,,,,,,,,,,,,,,,,,,,,,,,,,,,,,,,,,,,,,,,,,,,,,,,,,,,,,,,,,,,,,,,,,,0,0,,1,,,,,,,,,,,,,,,,,,,
647,Gabriel Souza,br BRA,"FW,MF",Vasco da Gama,20-276,2005,5,0,69,0.8,1,0,1,1,0,0,0,0,0.7,0.7,0.0,0.7,1,4,5,1.30,0.00,1.30,1.30,1.30,0.88,0.00,0.88,0.88,0.88,Matches,2,1,50.0,2.61,1.30,0.50,1.00,6.6,0,0.34,+0.3,+0.3,24,32,75.0,294,80,17,21,81.0,6,7,85.7,0,1,0.0,0.0,0.0,0,4,1,0,32,0,0,0,1,0,0,0,0,0,0,0,1,1.30,1,0,0,0,0,0,0.00,0,0,0,0,0,3,2,1,2,0,2,50.0,2,0,0,3,0,0,42,1,5,2,40.0,3,60.0,25,0,2,2,35,14,2.8,,0,5,14,2,1.20,2,1,+1,+1.30,+1.30,1.1,0.9,+0.2,+0.30,+0.46,0,1,0,0,0,2,3,100.0
653,Gabriel Taliari,br BRA,FW,Juventude,28-178,1997,23,18,1398,15.5,4,2,6,4,0,0,3,0,3.0,3.0,0.9,3.9,15,22,54,0.26,0.13,0.39,0.26,0.39,0.20,0.06,0.25,0.20,0.25,Matches,36,11,30.6,2.32,0.71,0.11,0.36,19.3,0,0.08,+1.0,+1.0,140,211,66.4,2187,531,78,100,78.0,43,59,72.9,11,18,61.1,0.5,+1.1,8,10,4,0,174,35,3,3,8,4,0,0,0,0,2,11,26,1.67,14,0,1,7,0,2,0.13,2,0,0,0,0,20,11,7,8,5,9,42.9,12,11,5,25,9,0,365,17,52,9,47.4,9,47.4,208,15,30,28,234,61,59.7,70,1,5,27,0,0.96,12,27,-15,-0.97,+0.18,10.1,26.5,-16.4,-1.06,-0.47,0,30,0,0,0,37,16,29.6
675,Gabriel Veron,br BRA,"FW,MF",Santos,23-035,2002,6,1,122,1.4,0,0,0,0,0,0,0,0,0.2,0.2,0.2,0.4,5,8,9,0.00,0.00,0.00,0.00,0.00,0.15,0.14,0.29,0.15,0.29,Matches,3,1,33.3,2.21,0.74,0.00,0.00,14.4,0,0.07,-0.2,-0.2,25,36,69.4,362,134,17,19,89.5,4,7,57.1,3,3,100.0,0.2,-0.2,4,3,4,1,35,1,0,0,1,0,1,0,0,0,0,1,7,5.12,5,1,0,0,0,0,0.00,0,0,0,0,0,7,6,4,3,0,3,50.0,3,0,0,7,0,0,60,0,5,0,0.0,5,83.3,33,2,1,4,40,20,5.2,67,0,5,11,1,0.33,0,3,-3,-2.21,-1.81,1.4,2.6,-1.3,-0.92,-0.86,0,1,0,0,0,5,4,57.1
676,Gabriel Veron,br BRA,"FW,MF",Juventude,23-035,2002,11,6,566,6.3,0,0,0,0,0,0,0,0,0.4,0.4,1.0,1.4,17,16,39,0.00,0.00,0.00,0.00,0.00,0.06,0.16,0.22,0.06,0.22,Matches,3,1,33.3,2.21,0.74,0.00,0.00,14.4,0,0.07,-0.2,-0.2,25,36,69.4,362,134,17,19,89.5,4,7,57.1,3,3,100.0,0.2,-0.2,4,3,4,1,35,1,0,0,1,0,1,0,0,0,0,1,7,5.12,5,1,0,0,0,0,0.00,0,0,0,0,0,7,6,4,3,0,3,50.0,3,0,0,7,0,0,60,0,5,0,0.0,5,83.3,33,2,1,4,40,20,5.2,67,0,5,11,1,0.33,0,3,-3,-2.21,-1.81,1.4,2.6,-1.3,-0.92,-0.86,0,1,0,0,0,5,4,57.1
237,Ganso,br BRA,MF,Fluminense,35-361,1989,14,7,592,6.6,0,0,0,0,0,0,2,0,0.2,0.2,0.6,0.8,5,42,20,0.00,0.00,0.00,0.00,0.00,0.03,0.09,0.12,0.03,0.12,Matches,4,0,0.0,0.61,0.00,0.00,,22.0,0,0.05,-0.2,-0.2,411,470,87.4,5722,1931,257,273,94.1,131,146,89.7,11,26,42.3,1.2,-0.6,7,59,9,1,429,41,2,0,17,11,7,2,4,0,0,8,20,3.04,17,3,0,0,0,3,0.46,3,0,0,0,0,10,3,4,4,2,6,60.0,4,3,0,10,1,0,503,3,4,5,71.4,2,28.6,304,1,5,5,406,42,26.3,63,0,7,22,1,1.71,10,7,+3,+0.46,+0.51,5.4,5.6,-0.2,-0.03,-0.17,0,7,0,0,0,25,3,60.0
,Gastón Guruceaga,,,,,,,,,,,,,,,,,,,,,,,,,,,,,,,,,,,,,,,,,,,,,,,,,,,,,,,,,,,,,,,,,,,,,,,,,,,,,,,,,,,,,,,,,,,,,,,,,,,,,,,,,,,,,,,,,,,,,,,,,,0,0,,8,,,,,,,,,,,,,,,,,,,
49,Gastón Ávila,ar ARG,DF,Fortaleza,24-008,2001,16,14,1351,15.0,0,0,0,0,0,0,2,0,0.3,0.3,0.1,0.5,10,45,12,0.00,0.00,0.00,0.00,0.00,0.02,0.01,0.03,0.02,0.03,Matches,10,4,40.0,0.67,0.27,0.00,0.00,31.8,5,0.03,-0.3,-0.3,558,719,77.6,11731,4663,177,198,89.4,283,319,88.7,91,179,50.8,0.4,-0.1,4,42,7,3,658,60,1,14,20,37,0,0,0,0,1,3,14,0.93,10,2,0,1,0,0,0.00,0,0,0,0,0,46,31,25,18,3,33,63.5,19,3,17,63,54,0,886,85,12,5,50.0,3,30.0,486,1,12,4,551,84,57.7,90,14,2,46,4,1.00,18,25,-7,-0.47,+0.26,19.6,22.6,-3.0,-0.20,+0.18,0,15,0,1,0,47,20,39.2
108,Germán Cano,ar ARG,FW,Fluminense,37-248,1988,17,16,1293,14.4,6,0,6,5,1,1,1,0,3.9,3.2,0.6,3.8,5,24,45,0.42,0.00,0.42,0.35,0.35,0.27,0.04,0.32,0.22,0.26,Matches,36,9,25.0,2.51,0.63,0.14,0.56,19.2,0,0.09,+2.1,+1.8,233,310,75.2,3669,637,138,172,80.2,64,79,81.0,23,35,65.7,0.8,-0.6,8,19,4,2,277,33,1,7,9,1,0,0,0,0,0,7,18,1.25,12,0,2,1,0,1,0.07,0,0,0,0,0,5,4,1,4,0,2,22.2,7,5,2,7,8,1,399,6,38,3,60.0,2,40.0,192,2,20,6,276,76,57.5,80,4,1,8,1,1.47,14,17,-3,-0.21,-0.68,12.3,13.4,-1.1,-0.07,-0.39,0,7,0,0,0,34,8,25.8
242,Gerson,br BRA,"FW,MF",Flamengo,28-141,1997,9,9,711,7.9,0,2,2,0,0,0,0,1,0.7,0.7,1.6,2.3,11,60,45,0.00,0.25,0.25,0.00,0.25,0.09,0.21,0.30,0.09,0.30,Matches,7,4,57.1,0.89,0.51,0.00,0.00,15.7,0,0.10,-0.7,-0.7,386,427,90.4,6470,1722,205,219,93.6,148,156,94.9,31,39,79.5,1.5,+0.4,13,36,17,1,403,22,3,6,4,6,5,0,0,0,2,4,23,2.91,21,1,1,0,0,4,0.51,4,0,0,0,0,17,14,5,7,5,9,64.3,5,6,5,22,3,0,494,10,22,7,46.7,7,46.7,312,5,9,12,393,79,30.4,79,2,0,,0,2.44,20,2,+18,+2.28,+1.23,12.1,3.6,+8.6,+1.08,+0.56,0,9,0,0,0,30,3,75.0
244,Gil,br BRA,DF,Santos,38-118,1987,8,8,720,8.0,0,0,0,0,0,0,3,0,0.4,0.4,0.0,0.4,0,7,3,0.00,0.00,0.00,0.00,0.00,0.05,0.00,0.05,0.05,0.05,Matches,6,0,0.0,0.75,0.00,0.00,,11.3,0,0.07,-0.4,-0.4,257,282,91.1,4673,1790,101,106,95.3,140,144,97.2,14,26,53.8,0.0,0.0,0,14,0,0,264,17,0,0,0,0,0,0,0,0,1,2,1,0.12,1,0,0,0,0,0,0.00,0,0,0,0,0,17,9,15,1,1,10,66.7,5,3,7,24,30,0,359,75,11,1,100.0,0,0.0,192,0,4,0,230,90,30.8,90,8,0,,5,1.11,13,13,0,0.00,+0.72,12.1,12.1,-0.1,-0.01,+0.14,0,7,0,0,0,27,15,75.0
245,Gilberto,br BRA,DF,Bahia,32-215,1993,18,17,1416,15.7,1,0,1,1,0,0,6,0,0.5,0.5,0.8,1.3,33,63,38,0.06,0.00,0.06,0.06,0.06,0.03,0.05,0.09,0.03,0.09,Matches,11,4,36.4,0.70,0.25,0.09,0.25,21.6,0,0.05,+0.5,+0.5,797,941,84.7,13244,3883,395,440,89.8,328,374,87.7,60,84,71.4,1.6,-0.8,13,57,11,4,819,122,2,8,30,102,1,0,0,0,0,16,36,2.29,33,0,1,2,0,2,0.13,2,0,0,0,0,39,27,26,10,3,28,65.1,15,4,14,53,54,2,1114,76,28,16,57.1,11,39.3,583,4,18,9,715,79,60.5,82,11,1,20,3,1.83,23,15,+8,+0.51,+0.90,21.4,17.1,+4.3,+0.27,+0.89,0,15,0,0,0,69,16,44.4
246,Gilberto,br BRA,FW,Juventude,36-125,1989,18,11,841,9.3,2,2,4,2,0,1,4,0,2.4,1.6,0.4,2.0,3,9,21,0.21,0.21,0.43,0.21,0.43,0.25,0.05,0.30,0.17,0.21,Matches,11,4,36.4,0.70,0.25,0.09,0.25,21.6,0,0.05,+0.5,+0.5,797,941,84.7,13244,3883,395,440,89.8,328,374,87.7,60,84,71.4,1.6,-0.8,13,57,11,4,819,122,2,8,30,102,1,0,0,0,0,16,36,2.29,33,0,1,2,0,2,0.13,2,0,0,0,0,39,27,26,10,3,28,65.1,15,4,14,53,54,2,1114,76,28,16,57.1,11,39.3,583,4,18,9,715,79,60.5,82,11,1,20,3,1.83,23,15,+8,+0.51,+0.90,21.4,17.1,+4.3,+0.27,+0.89,0,15,0,0,0,69,16,44.4
156,Giorgian De Arrascaeta,uy URU,"MF,FW",Flamengo,31-129,1994,24,23,1762,19.6,14,10,24,13,1,1,2,0,6.3,5.5,5.7,11.2,39,113,178,0.72,0.51,1.23,0.66,1.17,0.32,0.29,0.61,0.28,0.57,Matches,53,17,32.1,2.71,0.87,0.25,0.76,17.4,2,0.11,+7.7,+7.5,747,982,76.1,11481,2985,418,469,89.1,257,324,79.3,50,132,37.9,6.5,+4.3,49,73,33,6,857,124,6,4,117,10,66,27,24,0,1,17,98,5.00,64,13,6,8,1,19,0.97,9,3,3,3,1,31,14,9,16,6,9,47.4,10,6,5,36,8,0,1171,7,79,31,51.7,21,35.0,681,6,37,28,889,73,75.3,75,4,1,26,0,2.21,37,7,+30,+1.53,+0.44,26.4,14.5,+11.9,+0.61,-0.36,0,10,2,0,0,57,13,54.2
247,Giovanny,br BRA,"FW,MF",Juventude,28-019,1997,10,4,361,4.0,0,1,1,0,0,0,1,0,0.7,0.7,1.0,1.7,13,9,23,0.00,0.25,0.25,0.00,0.25,0.17,0.25,0.42,0.17,0.42,Matches,8,0,0.0,1.99,0.00,0.00,,23.9,1,0.08,-0.7,-0.7,102,135,75.6,1538,330,52,63,82.5,38,48,79.2,7,16,43.8,0.1,0.0,2,5,1,0,127,7,1,0,7,2,2,1,0,0,1,1,7,1.75,5,0,0,1,0,1,0.25,0,0,0,0,0,3,2,2,1,0,2,16.7,10,5,1,4,4,0,183,3,9,5,33.3,7,46.7,109,3,9,2,135,36,15.4,72,1,6,13,5,1.00,3,10,-7,-1.75,-0.84,3.2,7.7,-4.4,-1.10,-0.28,0,4,0,0,0,16,1,20.0
189,Gonzalo Escobar,ar ARG,DF,Santos,28-206,1997,23,19,1696,18.8,0,0,0,0,0,0,7,1,0.5,0.5,1.0,1.5,25,78,69,0.00,0.00,0.00,0.00,0.00,0.03,0.05,0.08,0.03,0.08,Matches,12,2,16.7,0.64,0.11,0.00,0.00,20.4,0,0.04,-0.5,-0.5,794,972,81.7,12487,4528,417,447,93.3,298,357,83.5,54,97,55.7,1.3,-1.0,16,53,17,11,810,160,0,2,49,146,0,0,0,0,2,32,40,2.12,28,2,4,4,1,0,0.00,0,0,0,0,0,72,54,45,23,4,45,78.9,12,19,34,106,81,2,1256,52,19,18,56.3,14,43.8,627,4,26,7,662,74,72.5,86,13,4,15,0,1.00,15,27,-12,-0.64,-0.50,19.1,22.3,-3.2,-0.17,-0.23,1,31,0,2,0,102,16,35.6
419,Gonzalo Mastriani,uy URU,FW,Botafogo (RJ),32-163,1993,10,3,281,3.1,1,0,1,1,0,0,1,0,1.7,1.7,0.7,2.4,1,3,9,0.32,0.00,0.32,0.32,0.32,0.53,0.24,0.77,0.53,0.77,Matches,9,3,33.3,2.88,0.96,0.11,0.33,11.5,0,0.18,-0.7,-0.7,25,36,69.4,367,58,14,17,82.4,10,13,76.9,1,3,33.3,0.4,-0.7,3,0,2,0,35,1,2,0,0,0,0,0,0,0,0,2,8,2.55,6,0,0,1,1,0,0.00,0,0,0,0,0,1,1,1,0,0,1,33.3,2,0,2,3,0,0,50,0,13,1,100.0,0,0.0,27,0,2,3,37,28,11.6,72,0,7,9,12,1.70,6,2,+4,+1.28,+0.86,5.8,2.5,+3.3,+1.05,+0.88,0,7,0,0,0,3,6,35.3
522,Gonzalo Plata,ec ECU,FW,Flamengo,24-341,2000,19,10,1022,11.4,3,1,4,3,0,0,0,0,2.8,2.8,1.8,4.6,26,42,117,0.26,0.09,0.35,0.26,0.35,0.25,0.16,0.41,0.25,0.41,Matches,23,9,39.1,2.03,0.79,0.13,0.33,16.9,2,0.12,+0.2,+0.2,389,468,83.1,5107,1163,255,288,88.5,114,134,85.1,8,14,57.1,2.0,-0.8,26,41,14,1,456,11,2,1,13,5,2,1,1,0,1,10,52,4.58,45,1,1,3,1,3,0.26,2,1,0,0,0,19,15,11,4,4,4,26.7,11,10,1,20,5,0,597,5,62,15,55.6,9,33.3,353,8,29,19,458,54,43.7,76,4,9,29,0,2.05,21,6,+15,+1.32,-0.18,16.4,8.5,+7.8,+0.69,-0.01,0,18,0,0,0,38,9,33.3
654,Gonzalo Tapia,cl CHI,FW,São Paulo,23-232,2002,9,4,419,4.7,4,0,4,4,0,0,3,0,2.6,2.6,0.1,2.7,13,7,34,0.86,0.00,0.86,0.86,0.86,0.57,0.01,0.58,0.57,0.58,Matches,16,6,37.5,3.44,1.29,0.25,0.67,15.5,0,0.17,+1.4,+1.4,74,110,67.3,1051,125,36,51,70.6,27,39,69.2,4,6,66.7,0.1,-0.1,2,5,1,0,105,5,0,0,9,0,2,0,0,0,0,5,5,1.07,2,0,0,3,0,0,0.00,0,0,0,0,0,1,1,0,0,1,0,0.0,4,1,5,6,6,0,162,2,26,4,57.1,2,28.6,106,5,12,4,121,47,17.2,84,2,5,16,3,2.11,9,6,+3,+0.64,+0.64,7.8,4.9,+2.9,+0.63,+0.42,0,11,0,0,0,15,15,39.5
490,Gonçalo Paciência,pt POR,FW,Sport Recife,31-068,1994,4,2,126,1.4,0,0,0,0,0,0,0,0,0.3,0.3,0.1,0.3,1,2,6,0.00,0.00,0.00,0.00,0.00,0.20,0.04,0.24,0.20,0.24,Matches,4,0,0.0,2.86,0.00,0.00,,13.4,0,0.07,-0.3,-0.3,18,31,58.1,229,55,13,22,59.1,4,6,66.7,0,0,,0.0,-0.1,1,1,1,0,27,4,1,0,0,1,0,0,0,0,0,0,2,1.43,2,0,0,0,0,0,0.00,0,0,0,0,0,0,0,0,0,0,0,,0,2,0,0,2,0,46,2,5,0,0.0,1,100.0,18,1,2,2,30,32,5.6,43,0,2,20,4,0.50,2,3,-1,-0.71,+0.05,1.2,1.4,-0.2,-0.16,+0.36,0,2,0,0,0,5,4,50.0
259,Gregore,br BRA,MF,Botafogo (RJ),31-220,1994,12,11,982,10.9,0,0,0,0,0,0,3,0,0.2,0.2,0.6,0.8,11,67,10,0.00,0.00,0.00,0.00,0.00,0.02,0.05,0.07,0.02,0.07,Matches,8,1,12.5,0.73,0.09,0.00,0.00,21.6,0,0.03,-0.2,-0.2,670,740,90.5,11814,3839,293,312,93.9,298,323,92.3,61,79,77.2,0.6,-0.6,10,77,5,2,714,24,1,1,7,4,0,0,0,0,2,5,26,2.38,23,1,0,0,2,1,0.09,1,0,0,0,0,48,28,21,18,9,21,60.0,14,10,13,61,19,0,864,32,7,4,57.1,2,28.6,506,2,6,7,609,82,40.4,87,9,1,29,0,1.83,15,6,+9,+0.82,+0.51,13.1,9.4,+3.7,+0.33,+0.10,0,45,0,0,0,61,16,48.5
260,Guga,br BRA,DF,Fluminense,27-040,1998,14,10,876,9.7,1,1,2,1,0,0,1,0,0.1,0.1,0.9,1.0,10,46,21,0.10,0.10,0.21,0.10,0.21,0.01,0.09,0.11,0.01,0.11,Matches,4,2,50.0,0.41,0.21,0.25,0.50,23.1,1,0.04,+0.9,+0.9,502,624,80.4,7920,2563,257,289,88.9,197,237,83.1,32,75,42.7,1.0,+0.1,6,30,10,4,508,116,2,6,16,96,0,0,0,0,0,6,20,2.05,15,2,0,1,0,3,0.31,1,1,0,0,0,27,17,14,13,0,15,60.0,10,15,7,34,19,1,725,26,5,5,83.3,1,16.7,378,0,10,11,435,63,38.9,82,7,4,14,7,1.71,13,12,+1,+0.10,+0.04,8.8,9.6,-0.8,-0.08,-0.29,0,6,0,0,0,46,15,53.6
461,Gui Negão,br BRA,"FW,MF",Corinthians,18-244,2007,12,8,658,7.3,3,1,4,3,0,0,3,0,2.0,2.0,0.5,2.5,8,12,41,0.41,0.14,0.55,0.41,0.55,0.27,0.07,0.34,0.27,0.34,Matches,8,3,37.5,1.09,0.41,0.38,1.00,12.9,0,0.25,+1.0,+1.0,68,107,63.6,1025,261,33,46,71.7,30,46,65.2,2,4,50.0,0.4,+0.5,5,9,2,0,102,4,1,0,5,0,0,0,0,0,1,1,14,1.91,10,0,1,3,0,2,0.27,1,0,0,1,0,4,2,2,2,0,1,14.3,6,8,5,9,7,0,196,7,21,7,29.2,15,62.5,125,2,20,14,133,55,27.1,75,1,4,15,3,1.25,9,6,+3,+0.41,+0.72,9.9,9.3,+0.7,+0.09,+0.21,0,24,0,0,0,24,3,13.6
261,Guilherme,br BRA,"MF,FW",Mirassol,34-140,1991,3,1,111,1.2,0,0,0,0,0,0,0,0,0.3,0.3,0.4,0.7,6,10,14,0.00,0.00,0.00,0.00,0.00,0.22,0.30,0.52,0.22,0.52,Matches,4,0,0.0,3.24,0.00,0.00,,17.1,0,0.07,-0.3,-0.3,62,81,76.5,825,259,37,45,82.2,16,21,76.2,3,5,60.0,0.2,-0.4,6,8,4,1,80,1,0,0,6,0,1,1,0,0,0,2,11,8.84,9,0,1,0,0,0,0.00,0,0,0,0,0,1,1,0,1,0,0,0.0,1,0,0,1,0,0,92,1,6,1,50.0,0,0.0,65,0,4,1,74,37,4.7,74,0,2,19,0,0.33,1,2,-1,-0.81,-1.42,2.4,2.0,+0.4,+0.35,+0.10,0,2,0,0,0,5,1,50.0
262,Guilherme,br BRA,"FW,MF",Santos,30-178,1995,20,20,1570,17.4,4,2,6,4,0,0,0,0,4.0,4.0,2.6,6.7,66,56,175,0.23,0.11,0.34,0.23,0.34,0.23,0.15,0.38,0.23,0.38,Matches,4,0,0.0,3.24,0.00,0.00,,17.1,0,0.07,-0.3,-0.3,62,81,76.5,825,259,37,45,82.2,16,21,76.2,3,5,60.0,0.2,-0.4,6,8,4,1,80,1,0,0,6,0,1,1,0,0,0,2,11,8.84,9,0,1,0,0,0,0.00,0,0,0,0,0,1,1,0,1,0,0,0.0,1,0,0,1,0,0,92,1,6,1,50.0,0,0.0,65,0,4,1,74,37,4.7,74,0,2,19,0,0.33,1,2,-1,-0.81,-1.42,2.4,2.0,+0.4,+0.35,+0.10,0,2,0,0,0,5,1,50.0
263,Guilherme,br BRA,DF,RB Bragantino,23-236,2002,9,7,616,6.8,1,1,2,1,0,0,2,0,0.6,0.6,0.7,1.3,17,15,24,0.15,0.15,0.29,0.15,0.29,0.09,0.10,0.19,0.09,0.19,Matches,4,0,0.0,3.24,0.00,0.00,,17.1,0,0.07,-0.3,-0.3,62,81,76.5,825,259,37,45,82.2,16,21,76.2,3,5,60.0,0.2,-0.4,6,8,4,1,80,1,0,0,6,0,1,1,0,0,0,2,11,8.84,9,0,1,0,0,0,0.00,0,0,0,0,0,1,1,0,1,0,0,0.0,1,0,0,1,0,0,92,1,6,1,50.0,0,0.0,65,0,4,1,74,37,4.7,74,0,2,19,0,0.33,1,2,-1,-0.81,-1.42,2.4,2.0,+0.4,+0.35,+0.10,0,2,0,0,0,5,1,50.0
30,Guilherme Arana,br BRA,DF,Atlético Mineiro,28-177,1997,13,11,909,10.1,0,0,0,0,0,0,3,0,0.8,0.8,1.2,2.0,33,65,90,0.00,0.00,0.00,0.00,0.00,0.07,0.12,0.19,0.07,0.19,Matches,15,3,20.0,1.49,0.30,0.00,0.00,19.2,0,0.05,-0.8,-0.8,568,655,86.7,8855,2513,322,335,96.1,204,236,86.4,35,55,63.6,1.8,-1.2,10,37,17,9,558,96,0,3,46,77,1,0,0,0,1,13,28,2.78,21,3,0,1,0,0,0.00,0,0,0,0,0,13,9,6,7,0,6,50.0,6,7,8,21,18,0,748,33,29,5,31.3,10,62.5,471,5,7,5,513,70,40.4,76,7,2,36,1,0.62,7,17,-10,-0.99,-1.19,9.5,11.8,-2.4,-0.23,-0.46,0,11,0,0,0,43,7,38.9
,Guilherme Estrella,,,,,,,,,,,,,,,,,,,,,,,,,,,,,,,,,,,,,,,,,,,,,,,,,,,,,,,,,,,,,,,,,,,,,,,,,,,,,,,,,,,,,,,,,,,,,,,,,,,,,,,,,,,,,,,,,,,,,,,,,,0,0,,9,,,,,,,,,,,,,,,,,,,
382,Guilherme Luiz,br BRA,FW,Ceará,20-166,2005,7,0,148,1.6,0,1,1,0,0,0,1,0,0.2,0.2,0.8,1.0,2,1,12,0.00,0.61,0.61,0.00,0.61,0.12,0.51,0.62,0.12,0.62,Matches,2,1,50.0,1.22,0.61,0.00,0.00,13.6,0,0.10,-0.2,-0.2,22,31,71.0,310,72,12,18,66.7,6,7,85.7,1,1,100.0,0.6,+0.2,2,1,0,0,28,3,0,1,0,1,0,0,0,0,0,2,6,3.67,5,0,0,1,0,1,0.61,1,0,0,0,0,5,3,3,0,2,3,50.0,3,1,1,6,3,0,60,2,9,0,0.0,4,100.0,35,2,6,4,37,21,6.3,,0,7,21,10,1.43,1,2,-1,-0.61,-0.73,1.6,2.3,-0.6,-0.39,-0.36,0,5,0,0,0,9,3,30.0
,Guilherme Santos,,,,,,,,,,,,,,,,,,,,,,,,,,,,,,,,,,,,,,,,,,,,,,,,,,,,,,,,,,,,,,,,,,,,,,,,,,,,,,,,,,,,,,,,,,,,,,,,,,,,,,,,,,,,,,,,,,,,,,,,,,0,0,,5,,,,,,,,,,,,,,,,,,,
662,Guilherme Tinga,br BRA,DF,Fortaleza,32-037,1993,10,8,742,8.2,1,0,1,1,0,0,1,0,0.2,0.2,0.2,0.4,10,40,21,0.12,0.00,0.12,0.12,0.12,0.03,0.02,0.05,0.03,0.05,Matches,6,1,16.7,0.73,0.12,0.17,1.00,12.3,0,0.04,+0.8,+0.8,301,404,74.5,5888,2210,100,120,83.3,153,196,78.1,46,75,61.3,0.9,-0.2,5,36,10,3,320,82,1,1,19,72,0,0,0,0,2,12,15,1.82,11,4,0,0,0,0,0.00,0,0,0,0,0,12,5,10,2,0,9,50.0,9,4,9,21,40,0,507,31,17,1,14.3,6,85.7,212,0,6,2,257,74,31.7,86,7,2,26,6,1.10,12,16,-4,-0.49,+0.13,10.6,11.5,-0.9,-0.11,+0.25,0,6,0,0,0,25,22,73.3
424,Guillermo Matías Fernández,ar ARG,MF,Fortaleza,33-362,1991,7,3,286,3.2,0,2,2,0,0,0,1,0,0.4,0.4,0.2,0.6,2,13,9,0.00,0.63,0.63,0.00,0.63,0.12,0.07,0.20,0.12,0.20,Matches,3,1,33.3,0.94,0.31,0.00,0.00,20.4,0,0.13,-0.4,-0.4,147,175,84.0,2408,687,76,82,92.7,48,57,84.2,16,25,64.0,0.1,+1.8,5,13,2,0,163,11,0,1,6,1,3,1,1,1,1,1,8,2.52,7,1,0,0,0,2,0.63,1,1,0,0,0,9,3,6,2,1,5,83.3,1,1,0,9,5,0,200,10,1,2,66.7,1,33.3,106,0,2,2,138,41,12.2,67,1,4,21,3,1.14,6,6,0,0.00,+0.66,3.6,4.9,-1.3,-0.39,-0.13,0,6,0,0,0,18,0,0.0
671,Guillermo Varela,uy URU,DF,Flamengo,32-198,1993,17,11,1055,11.7,0,4,4,0,0,0,0,0,0.1,0.1,0.7,0.8,20,48,93,0.00,0.34,0.34,0.00,0.34,0.01,0.06,0.07,0.01,0.07,Matches,3,1,33.3,0.26,0.09,0.00,0.00,12.9,0,0.05,-0.1,-0.1,617,708,87.1,8960,2222,358,388,92.3,221,250,88.4,19,37,51.4,0.7,+3.3,6,37,8,5,615,92,0,1,27,85,0,0,0,0,1,9,16,1.36,14,0,1,1,0,4,0.34,4,0,0,0,0,20,13,9,7,4,9,56.3,7,2,4,24,34,1,817,29,20,7,53.8,6,46.2,418,3,16,5,554,62,45.1,87,9,6,16,8,2.06,24,5,+19,+1.62,+0.36,18.5,11.0,+7.5,+0.64,-0.11,0,5,0,1,0,37,10,43.5
266,Gustavinho,br BRA,MF,RB Bragantino,21-168,2004,10,2,269,3.0,0,0,0,0,0,0,0,0,0.3,0.3,0.1,0.4,7,27,18,0.00,0.00,0.00,0.00,0.00,0.10,0.04,0.14,0.10,0.14,Matches,4,0,0.0,1.34,0.00,0.00,,15.0,0,0.07,-0.3,-0.3,109,153,71.2,1811,642,58,70,82.9,40,49,81.6,10,29,34.5,0.4,-0.1,4,14,4,0,135,18,0,3,19,0,12,5,6,0,0,5,8,2.68,4,3,0,0,0,2,0.67,1,0,0,0,0,8,4,4,3,1,2,66.7,1,1,3,11,3,0,187,4,6,5,62.5,2,25.0,104,1,8,6,133,27,11.1,58,0,8,19,17,1.00,3,3,0,0.00,+0.21,3.4,3.3,0.0,+0.01,+0.08,0,5,0,0,0,9,1,16.7
267,Gustavo,br BRA,GK,Juventude,32-212,1993,10,10,855,9.5,0,0,0,0,0,0,1,0,0.0,0.0,0.0,0.0,0,0,0,0.00,0.00,0.00,0.00,0.00,0.00,0.00,0.00,0.00,0.00,Matches,0,0,,0.00,0.00,,,,0,,0.0,0.0,229,291,78.7,5959,3589,36,36,100.0,118,119,99.2,68,129,52.7,0.0,0.0,1,1,0,0,208,83,0,0,0,0,0,0,0,0,0,0,1,0.11,1,0,0,0,0,0,0.00,0,0,0,0,0,1,1,1,0,0,1,100.0,0,0,0,1,4,1,318,286,0,0,,0,,174,0,0,0,147,86,36.5,86,9,0,,2,0.80,8,22,-14,-1.47,-0.69,5.5,17.7,-12.3,-1.29,-0.67,0,0,0,0,0,4,1,50.0
99,Gustavo Caballero,py PAR,"FW,DF",Santos,24-017,2001,9,1,299,3.3,1,1,2,1,0,0,1,0,1.0,1.0,0.7,1.6,10,2,29,0.30,0.30,0.60,0.30,0.60,0.29,0.20,0.49,0.29,0.49,Matches,7,3,42.9,2.11,0.90,0.14,0.33,16.5,0,0.14,0.0,0.0,45,73,61.6,665,128,28,35,80.0,7,17,41.2,5,7,71.4,0.6,+0.3,1,1,5,3,72,0,0,0,15,0,0,0,0,0,1,4,7,2.11,3,0,0,1,1,1,0.30,1,0,0,0,0,6,5,3,1,2,4,80.0,1,1,7,13,4,0,117,6,11,2,25.0,2,25.0,78,3,5,8,76,33,12.8,61,0,8,30,2,1.11,6,5,+1,+0.30,+0.92,6.0,2.5,+3.5,+1.04,+1.32,0,8,0,0,1,11,1,11.1
145,Gustavo Cuellar,co COL,MF,Grêmio,32-359,1992,7,6,495,5.5,0,0,0,0,0,0,1,0,0.0,0.0,0.1,0.1,2,25,10,0.00,0.00,0.00,0.00,0.00,0.00,0.02,0.02,0.00,0.02,Matches,0,0,,0.00,0.00,,,,0,,0.0,0.0,255,288,88.5,4270,1203,120,130,92.3,116,124,93.5,15,24,62.5,0.2,-0.1,2,27,1,1,277,11,1,0,2,1,0,0,0,0,0,5,7,1.27,7,0,0,0,0,0,0.00,0,0,0,0,0,17,12,9,6,2,8,44.4,10,5,7,24,12,1,331,18,2,4,80.0,1,20.0,186,0,3,4,227,71,20.4,80,3,1,16,4,1.71,6,5,+1,+0.18,+0.46,5.2,8.4,-3.2,-0.59,-0.07,0,12,0,0,0,37,3,100.0
256,Gustavo Gómez,py PAR,DF,Palmeiras,32-155,1993,20,20,1760,19.6,1,1,2,1,0,0,5,0,1.2,1.2,1.0,2.2,7,48,8,0.05,0.05,0.10,0.05,0.10,0.06,0.05,0.11,0.06,0.11,Matches,10,2,20.0,0.51,0.10,0.10,0.50,13.2,0,0.12,-0.2,-0.2,701,868,80.8,14265,4805,207,230,90.0,401,440,91.1,90,182,49.5,1.0,0.0,8,56,4,1,815,46,1,2,14,4,0,0,0,0,7,2,18,0.92,17,0,0,0,1,1,0.05,1,0,0,0,0,42,21,24,15,3,21,72.4,8,5,27,69,110,1,1086,101,23,4,80.0,1,20.0,593,0,6,1,651,88,78.2,88,18,0,,3,2.35,33,13,+20,+1.02,+0.84,28.4,15.8,+12.6,+0.64,+0.01,0,24,0,0,0,55,59,62.1
278,Gustavo Henrique,br BRA,DF,Corinthians,32-198,1993,14,14,1260,14.0,1,0,1,1,0,0,2,0,1.2,1.2,0.1,1.3,0,28,2,0.07,0.00,0.07,0.07,0.07,0.08,0.01,0.09,0.08,0.09,Matches,12,4,33.3,0.86,0.29,0.08,0.25,8.3,0,0.10,-0.2,-0.2,673,758,88.8,14958,4402,129,145,89.0,417,442,94.3,124,161,77.0,0.3,-0.1,1,28,0,0,722,35,0,2,1,0,0,0,0,0,1,2,9,0.64,7,0,0,0,0,1,0.07,0,0,0,0,0,14,12,11,1,2,8,53.3,7,5,11,25,85,1,909,155,18,1,100.0,0,0.0,506,0,2,0,609,,,,0,0,,1,,,,,,,,,,,,0,11,0,0,0,42,44,80.0
,Gustavo Lacerda,,,,,,,,,,,,,,,,,,,,,,,,,,,,,,,,,,,,,,,,,,,,,,,,,,,,,,,,,,,,,,,,,,,,,,,,,,,,,,,,,,,,,,,,,,,,,,,,,,,,,,,,,,,,,,,,,,,,,,,,,,0,0,,1,,,,,,,,,,,,,,,,,,,
388,Gustavo Maia,br BRA,FW,Sport Recife,24-259,2001,1,0,17,0.2,0,0,0,0,0,0,0,0,0.0,0.0,0.0,0.0,2,0,6,0.00,0.00,0.00,0.00,0.00,0.05,0.17,0.22,0.05,0.22,Matches,1,1,100.0,5.29,5.29,0.00,0.00,25.3,0,0.01,0.0,0.0,8,12,66.7,126,18,2,2,100.0,6,9,66.7,0,1,0.0,0.0,0.0,1,0,0,0,12,0,0,0,1,0,0,0,0,0,0,0,1,5.29,1,0,0,0,0,0,0.00,0,0,0,0,0,0,0,0,0,0,0,,0,0,0,0,0,0,14,0,2,1,100.0,0,0.0,12,1,0,1,14,17,0.8,,0,1,17,7,0.00,0,0,0,0.00,+0.77,0.2,0.0,+0.2,+1.10,+1.60,0,0,0,0,0,1,0,0.0
393,Gustavo Mancha,br BRA,DF,Fortaleza,21-075,2004,13,13,1029,11.4,0,0,0,0,0,0,2,1,0.2,0.2,0.0,0.2,9,46,3,0.00,0.00,0.00,0.00,0.00,0.02,0.00,0.02,0.02,0.02,Matches,5,3,60.0,0.44,0.26,0.00,0.00,14.6,0,0.05,-0.2,-0.2,446,534,83.5,9055,3224,152,162,93.8,235,252,93.3,54,108,50.0,0.1,0.0,0,36,2,0,509,21,1,11,1,1,0,0,0,0,4,1,11,0.96,8,0,0,1,1,1,0.09,0,0,0,0,0,20,11,10,10,0,12,60.0,8,2,15,35,55,0,642,61,7,7,87.5,1,12.5,402,0,2,2,442,79,44.0,79,10,0,,4,0.46,10,19,-9,-0.79,-0.38,13.7,14.5,-0.8,-0.07,+0.38,0,5,0,0,0,40,10,52.6
407,Gustavo Marques,br BRA,DF,RB Bragantino,23-364,2001,6,4,376,4.2,0,0,0,0,0,0,0,0,0.3,0.3,0.0,0.3,0,15,0,0.00,0.00,0.00,0.00,0.00,0.06,0.00,0.06,0.06,0.06,Matches,3,1,33.3,0.72,0.24,0.00,0.00,9.2,0,0.09,-0.3,-0.3,224,246,91.1,4521,1237,58,62,93.5,142,148,95.9,24,33,72.7,0.0,0.0,0,10,0,0,236,10,0,0,0,2,0,0,0,0,0,0,1,0.24,1,0,0,0,0,1,0.24,1,0,0,0,0,10,5,7,3,0,4,57.1,3,3,6,16,25,0,304,49,3,0,,0,,181,0,2,0,210,63,15.5,89,3,2,11,8,0.50,5,13,-8,-1.91,-2.05,3.9,10.0,-6.1,-1.47,-1.67,0,4,0,1,0,11,11,78.6
418,Gustavo Martins Santos,br BRA,DF,Grêmio,23-058,2002,12,10,852,9.5,1,0,1,1,0,0,2,0,0.8,0.8,0.1,0.9,3,17,4,0.11,0.00,0.11,0.11,0.11,0.08,0.01,0.09,0.08,0.09,Matches,7,6,85.7,0.74,0.63,0.14,0.17,12.8,0,0.11,+0.2,+0.2,371,435,85.3,6355,2699,160,173,92.5,174,202,86.1,31,48,64.6,0.1,-0.1,2,24,0,0,362,73,0,2,1,65,0,0,0,0,0,5,9,0.95,5,1,1,0,0,1,0.11,0,0,0,0,0,16,13,10,5,1,9,69.2,4,6,9,25,65,0,561,66,9,2,40.0,3,60.0,254,0,9,3,285,71,35.1,82,8,2,17,6,1.33,11,10,+1,+0.11,+0.45,12.7,14.5,-1.8,-0.19,+0.52,0,15,0,0,0,39,28,73.7
449,Gustavo Mosquito,br BRA,"FW,MF",Vitória,28-031,1997,10,6,480,5.3,0,2,2,0,0,0,0,0,0.4,0.4,1.1,1.5,21,18,41,0.00,0.37,0.37,0.00,0.37,0.08,0.20,0.29,0.08,0.29,Matches,8,4,50.0,1.50,0.75,0.00,0.00,15.9,0,0.06,-0.4,-0.4,104,136,76.5,1587,412,61,69,88.4,36,43,83.7,7,17,41.2,0.9,+0.9,5,6,5,2,128,7,0,1,22,1,6,1,0,1,1,7,11,2.06,10,1,0,0,0,3,0.56,3,0,0,0,0,4,1,2,1,1,1,16.7,5,2,3,7,8,0,193,6,18,3,16.7,14,77.8,114,5,7,6,132,48,19.8,57,0,4,35,2,1.10,6,7,-1,-0.19,+0.60,7.3,6.3,+0.9,+0.17,+0.75,0,9,0,0,0,15,1,12.5
525,Gustavo Prado,br BRA,"MF,FW",Internacional,20-124,2005,13,3,431,4.8,1,0,1,1,0,0,2,0,0.6,0.6,0.4,1.0,18,25,42,0.21,0.00,0.21,0.21,0.21,0.12,0.09,0.21,0.12,0.21,Matches,20,8,40.0,4.18,1.67,0.05,0.13,23.7,0,0.03,+0.4,+0.4,128,155,82.6,1833,557,77,84,91.7,40,47,85.1,6,13,46.2,0.3,-0.4,4,10,9,1,147,6,1,2,7,1,3,2,0,0,2,4,22,4.59,11,1,2,4,0,0,0.00,0,0,0,0,0,8,5,1,6,1,1,12.5,7,8,0,8,3,0,222,2,13,13,54.2,11,45.8,144,8,3,11,155,33,18.4,67,1,10,23,7,1.15,4,11,-7,-1.46,-1.51,7.2,7.6,-0.4,-0.08,-0.63,0,5,0,0,0,21,2,16.7
618,Gustavo Scarpa,br BRA,"MF,FW",Atlético Mineiro,31-276,1994,25,20,1803,20.0,1,2,3,1,0,0,2,0,1.6,1.6,4.0,5.6,40,134,90,0.05,0.10,0.15,0.05,0.15,0.08,0.20,0.28,0.08,0.28,Matches,37,9,24.3,1.85,0.45,0.03,0.11,25.9,5,0.04,-0.6,-0.6,836,1129,74.0,17882,5227,301,346,87.0,332,420,79.0,184,307,59.9,4.8,-2.0,51,110,40,8,969,151,11,33,141,27,79,34,32,1,9,18,88,4.39,54,25,2,3,0,4,0.20,4,0,0,0,0,13,9,3,6,4,8,44.4,10,13,10,23,21,2,1314,18,16,10,41.7,14,58.3,840,3,40,12,933,72,80.1,81,10,5,37,0,1.16,17,23,-6,-0.30,-0.10,22.4,20.5,+1.9,+0.09,+0.27,0,14,0,0,0,90,8,33.3
574,Guzmán Rodríguez,uy URU,DF,RB Bragantino,25-242,2000,22,22,1980,22.0,1,0,1,1,0,0,5,0,0.9,0.9,0.0,0.9,7,72,2,0.05,0.00,0.05,0.05,0.05,0.04,0.00,0.04,0.04,0.04,Matches,12,3,25.0,0.55,0.14,0.08,0.33,13.5,0,0.07,+0.1,+0.1,914,1050,87.0,18306,7305,287,308,93.2,505,534,94.6,114,182,62.6,0.3,0.0,2,53,2,0,986,61,0,11,4,4,0,0,0,0,3,10,11,0.50,11,0,0,0,0,1,0.05,1,0,0,0,0,21,14,14,7,0,14,58.3,10,8,13,34,128,0,1278,223,15,4,57.1,2,28.6,782,1,5,2,835,90,81.5,90,22,0,,3,1.50,28,29,-1,-0.05,+0.75,26.7,23.9,+2.8,+0.13,+0.99,0,19,0,0,0,77,38,61.3
356,Helton Leite,br BRA,GK,Fortaleza,34-340,1990,4,4,360,4.0,0,0,0,0,0,0,0,0,0.0,0.0,0.0,0.0,0,0,0,0.00,0.00,0.00,0.00,0.00,0.00,0.01,0.01,0.00,0.01,Matches,0,0,,0.00,0.00,,,,0,,0.0,0.0,58,84,69.0,1798,1348,5,5,100.0,32,32,100.0,21,47,44.7,0.0,0.0,1,2,0,0,57,27,0,0,0,0,0,0,0,0,0,0,1,0.25,1,0,0,0,0,0,0.00,0,0,0,0,0,0,0,0,0,0,0,,0,0,0,0,5,1,100,87,0,0,,0,,51,0,0,0,33,90,15.4,90,4,0,,5,0.00,3,9,-6,-1.50,-1.09,5.0,6.3,-1.4,-0.34,-0.07,0,0,0,0,0,4,1,100.0
274,Henrique,br BRA,"FW,MF",São Paulo,18-333,2006,3,0,43,0.5,0,1,1,0,0,0,0,0,0.0,0.0,0.5,0.5,5,4,8,0.00,2.09,2.09,0.00,2.09,0.05,1.01,1.06,0.05,1.06,Matches,1,1,100.0,2.09,2.09,0.00,0.00,24.6,0,0.02,0.0,0.0,19,27,70.4,298,158,10,10,100.0,3,4,75.0,3,7,42.9,0.2,+0.5,5,2,1,0,20,6,0,0,8,0,6,6,0,0,1,1,8,16.74,3,3,0,2,0,1,2.09,0,1,0,0,0,0,0,0,0,0,0,,0,0,0,0,0,0,37,0,1,1,16.7,4,66.7,25,1,1,0,27,14,1.8,,0,3,14,5,0.33,2,0,+2,+4.19,+4.15,1.6,0.1,+1.5,+3.16,+2.93,0,1,0,0,0,1,0,0.0
448,Henry Mosquera,co COL,"FW,MF",RB Bragantino,23-327,2001,15,7,682,7.6,0,0,0,0,0,0,0,0,1.3,1.3,0.5,1.8,36,20,80,0.00,0.00,0.00,0.00,0.00,0.17,0.06,0.23,0.17,0.23,Matches,16,7,43.8,2.11,0.92,0.00,0.00,21.6,0,0.08,-1.3,-1.3,179,232,77.2,2350,500,118,135,87.4,48,64,75.0,5,15,33.3,0.6,-0.5,10,8,15,4,231,1,0,0,22,0,1,1,0,0,0,9,26,3.43,19,0,4,2,0,0,0.00,0,0,0,0,0,13,7,5,6,2,7,77.8,2,5,5,18,4,0,345,1,27,32,54.2,24,40.7,235,15,27,20,241,45,28.1,66,1,8,28,2,1.47,11,7,+4,+0.53,+0.99,11.1,8.1,+3.0,+0.39,+0.63,0,14,0,0,0,41,3,27.3
288,Hudson,br BRA,MF,Juventude,24-267,2001,3,3,207,2.3,0,0,0,0,0,0,2,1,0.0,0.0,0.0,0.0,1,11,0,0.00,0.00,0.00,0.00,0.00,0.00,0.00,0.00,0.00,0.00,Matches,0,0,,0.00,0.00,,,,0,,0.0,0.0,75,89,84.3,1407,354,32,36,88.9,36,40,90.0,6,12,50.0,0.0,0.0,0,7,0,0,84,5,0,1,0,0,0,0,0,0,0,0,1,0.43,1,0,0,0,0,1,0.43,1,0,0,0,0,3,1,1,1,1,0,0.0,2,0,2,5,4,0,107,7,0,3,75.0,1,25.0,64,0,4,1,64,69,8.8,69,0,0,,1,1.00,2,5,-3,-1.30,-0.29,0.7,4.3,-3.6,-1.57,-0.77,0,6,0,0,0,10,1,50.0
289,Hugo,br BRA,DF,Corinthians,28-040,1997,6,3,242,2.7,0,0,0,0,0,0,0,0,0.1,0.1,0.1,0.2,5,16,19,0.00,0.00,0.00,0.00,0.00,0.04,0.04,0.08,0.04,0.08,Matches,2,1,50.0,0.74,0.37,0.00,0.00,24.1,0,0.05,-0.1,-0.1,131,157,83.4,2185,921,63,68,92.6,61,69,88.4,7,9,77.8,0.1,-0.1,3,7,2,0,139,17,0,1,5,15,0,0,0,0,1,8,5,1.86,4,0,0,0,1,0,0.00,0,0,0,0,0,5,4,1,2,2,2,50.0,2,2,3,8,9,0,187,8,5,1,20.0,3,60.0,109,1,2,1,135,,,,0,0,,4,,,,,,,0.0,0.0,0.0,,,0,3,0,0,0,8,8,72.7
450,Hugo Moura,br BRA,"MF,DF",Vasco da Gama,27-278,1998,25,23,2053,22.8,0,1,1,0,0,0,6,0,0.6,0.6,0.7,1.3,17,83,11,0.00,0.04,0.04,0.00,0.04,0.03,0.03,0.06,0.03,0.06,Matches,13,5,38.5,0.57,0.22,0.00,0.00,22.9,0,0.05,-0.6,-0.6,1269,1374,92.4,22024,6668,555,587,94.5,602,622,96.8,90,126,71.4,0.6,+0.3,10,115,7,3,1331,43,1,14,8,3,0,0,0,0,0,12,31,1.36,26,0,0,2,0,4,0.18,3,0,0,1,0,46,26,20,23,3,19,50.0,19,11,23,69,77,3,1581,145,7,2,18.2,6,54.5,1015,0,4,9,1191,82,84.5,86,16,2,37,0,1.28,37,31,+6,+0.26,+1.46,28.6,32.4,-3.8,-0.17,-0.13,0,39,0,0,1,70,20,62.5
648,Hugo Souza,br BRA,GK,Corinthians,26-250,1999,22,22,1980,22.0,0,0,0,0,0,0,3,0,0.0,0.0,0.0,0.0,0,0,0,0.00,0.00,0.00,0.00,0.00,0.00,0.00,0.00,0.00,0.00,Matches,0,0,,0.00,0.00,,,,0,,0.0,0.0,486,637,76.3,13317,8021,78,79,98.7,247,250,98.8,156,301,51.8,0.0,0.0,1,10,0,0,465,171,0,5,0,0,0,0,0,0,1,0,4,0.18,3,1,0,0,0,0,0.00,0,0,0,0,0,0,0,0,0,0,0,,0,0,0,0,8,3,677,556,0,0,,0,,366,0,2,0,338,90,81.5,90,22,0,,0,1.18,23,26,-3,-0.14,-0.14,26.9,28.4,-1.4,-0.06,-0.04,0,0,0,0,0,29,3,100.0
294,Huguinho,br BRA,MF,Botafogo (RJ),18-185,2007,1,0,24,0.3,0,0,0,0,0,0,0,0,0.0,0.0,0.0,0.0,0,1,0,0.00,0.00,0.00,0.00,0.00,0.07,0.00,0.07,0.07,0.07,Matches,1,0,0.0,3.75,0.00,0.00,,30.9,0,0.02,0.0,0.0,12,12,100.0,213,79,6,6,100.0,4,4,100.0,2,2,100.0,0.0,0.0,0,0,0,0,12,0,0,0,0,0,0,0,0,0,0,0,0,0.00,0,0,0,0,0,0,0.00,0,0,0,0,0,0,0,0,0,0,0,0.0,1,0,1,1,0,0,14,0,0,0,,0,,12,0,0,0,12,24,1.0,,0,1,24,6,3.00,1,0,+1,+3.75,+3.26,0.2,0.0,+0.1,+0.46,+0.19,0,1,0,0,0,1,0,
295,Hulk,br BRA,"FW,MF",Atlético Mineiro,39-075,1986,20,18,1643,18.3,4,3,7,3,1,1,8,0,3.6,2.8,2.9,5.7,30,40,124,0.22,0.16,0.38,0.16,0.33,0.20,0.16,0.36,0.15,0.31,Matches,61,18,29.5,3.34,0.99,0.05,0.17,25.6,24,0.05,+0.4,+0.2,335,489,68.5,5393,1284,181,221,81.9,102,142,71.8,34,78,43.6,2.9,+0.1,41,22,12,6,385,102,3,8,72,4,45,15,18,0,2,12,96,5.26,47,13,10,16,1,6,0.33,2,2,0,1,0,14,8,6,6,2,2,20.0,8,7,1,15,14,1,702,16,62,26,50.0,23,44.2,405,16,58,41,496,82,73.0,87,13,2,37,0,1.14,17,25,-8,-0.44,-0.59,18.5,18.1,+0.5,+0.02,-0.06,0,24,0,0,0,30,12,34.3
297,Hyan,br BRA,MF,Santos,21-198,2004,2,0,18,0.2,0,0,0,0,0,0,0,0,0.0,0.0,0.0,0.0,0,1,0,0.00,0.00,0.00,0.00,0.00,0.00,0.11,0.11,0.00,0.11,Matches,0,0,,0.00,0.00,,,,0,,0.0,0.0,11,13,84.6,188,41,4,4,100.0,6,7,85.7,0,0,,0.0,0.0,1,0,0,0,12,1,0,0,0,1,0,0,0,0,0,0,1,5.00,1,0,0,0,0,0,0.00,0,0,0,0,0,2,1,1,1,0,1,100.0,0,0,1,3,0,0,16,0,0,0,,0,,4,0,0,1,9,9,0.8,,0,2,9,14,0.00,1,1,0,0.00,+0.50,0.4,0.1,+0.3,+1.27,+1.38,0,2,0,0,0,2,0,
298,Hyoran,br BRA,"MF,FW",Sport Recife,32-136,1993,7,3,293,3.3,0,1,1,0,0,0,2,0,0.6,0.6,0.9,1.6,10,19,25,0.00,0.31,0.31,0.00,0.31,0.19,0.29,0.48,0.19,0.48,Matches,9,4,44.4,2.76,1.23,0.00,0.00,20.2,1,0.07,-0.6,-0.6,71,110,64.5,1324,435,32,36,88.9,26,38,68.4,10,27,37.0,0.7,+0.1,10,9,4,0,90,20,1,2,25,2,17,11,6,0,0,4,15,4.62,13,2,0,0,0,2,0.62,2,0,0,0,0,10,5,2,6,2,4,66.7,2,2,1,11,2,0,161,1,11,3,30.0,6,60.0,85,2,15,2,98,42,13.0,73,0,4,18,12,1.14,5,6,-1,-0.31,+0.52,4.5,5.4,-0.9,-0.26,+0.26,0,15,0,0,0,15,1,50.0
273,Héctor,es ESP,"FW,MF",Corinthians,30-024,1995,9,3,246,2.7,1,0,1,1,0,0,0,0,0.5,0.5,0.1,0.6,0,0,13,0.37,0.00,0.37,0.37,0.37,0.19,0.02,0.21,0.19,0.21,Matches,6,3,50.0,2.20,1.10,0.17,0.33,12.8,0,0.09,+0.5,+0.5,35,45,77.8,429,49,23,30,76.7,8,10,80.0,1,2,50.0,0.0,-0.1,1,4,0,0,44,1,0,0,0,0,0,0,0,0,0,0,3,1.10,3,0,0,0,0,0,0.00,0,0,0,0,0,4,2,0,3,1,1,33.3,2,1,2,6,1,0,78,1,9,0,0.0,1,50.0,37,0,7,3,49,27,10.1,57,0,6,13,6,1.11,3,2,+1,+0.37,+0.53,2.2,3.3,-1.1,-0.39,-0.37,0,4,0,0,0,5,6,46.2
283,Hércules,br BRA,MF,Fluminense,24-353,2000,21,16,1368,15.2,3,0,3,3,0,0,1,0,1.4,1.4,0.1,1.5,15,64,25,0.20,0.00,0.20,0.20,0.20,0.09,0.01,0.10,0.09,0.10,Matches,23,8,34.8,1.51,0.53,0.13,0.38,21.3,0,0.06,+1.6,+1.6,646,731,88.4,10984,2591,313,338,92.6,265,295,89.8,52,72,72.2,0.4,-0.1,2,72,8,1,721,9,0,17,10,1,0,0,0,0,1,3,23,1.51,20,0,1,0,0,2,0.13,1,0,0,0,0,34,21,14,16,4,14,48.3,15,8,7,41,20,1,876,22,18,11,55.0,8,40.0,559,6,21,14,650,65,60.8,76,5,5,29,0,1.52,18,23,-5,-0.33,-1.04,18.0,16.7,+1.3,+0.08,-0.02,0,25,0,0,0,57,12,63.2
299,Iago,br BRA,"DF,MF",Bahia,28-199,1997,9,5,386,4.3,0,0,0,0,0,0,0,0,0.3,0.3,0.3,0.6,5,11,30,0.00,0.00,0.00,0.00,0.00,0.07,0.06,0.13,0.07,0.13,Matches,5,1,20.0,1.17,0.23,0.00,0.00,18.7,0,0.06,-0.3,-0.3,141,173,81.5,2175,608,75,84,89.3,55,70,78.6,8,12,66.7,0.3,-0.3,4,8,2,1,154,18,1,0,12,15,0,0,0,0,1,3,10,2.33,9,0,0,0,1,1,0.23,1,0,0,0,0,8,7,2,4,2,1,33.3,2,2,5,13,7,0,220,8,10,3,27.3,8,72.7,121,1,5,9,150,43,16.5,71,2,4,8,14,1.11,2,3,-1,-0.23,-0.46,3.9,5.7,-1.8,-0.42,-0.41,0,3,0,0,0,13,3,27.3
354,Ignacio Laquintana,uy URU,"FW,MF",RB Bragantino,26-249,1999,18,10,784,8.7,4,3,7,4,0,0,1,0,1.3,1.3,1.7,3.0,18,18,70,0.46,0.34,0.80,0.46,0.80,0.15,0.20,0.35,0.15,0.35,Matches,19,9,47.4,2.18,1.03,0.21,0.44,17.9,0,0.07,+2.7,+2.7,159,242,65.7,2316,768,90,115,78.3,52,79,65.8,9,22,40.9,0.9,+1.3,13,8,5,3,235,6,1,1,37,0,3,0,3,0,1,9,25,2.87,16,1,2,1,1,3,0.34,3,0,0,0,0,11,6,5,4,2,5,29.4,12,8,6,17,5,0,351,7,35,5,31.3,10,62.5,224,8,22,13,246,44,32.3,59,0,8,25,8,1.11,14,18,-4,-0.46,-0.40,9.7,11.9,-2.3,-0.26,-0.30,0,7,0,0,0,33,4,30.8
300,Ignácio,br BRA,DF,Fluminense,28-311,1996,13,9,788,8.8,0,0,0,0,0,0,2,0,0.2,0.2,0.5,0.8,1,5,2,0.00,0.00,0.00,0.00,0.00,0.02,0.06,0.09,0.02,0.09,Matches,6,3,50.0,0.69,0.34,0.00,0.00,16.0,0,0.03,-0.2,-0.2,418,472,88.6,7449,2333,155,164,94.5,235,249,94.4,22,45,48.9,0.1,-0.5,2,7,0,0,444,28,0,0,0,3,0,0,0,0,0,4,6,0.69,4,0,0,1,0,2,0.23,1,0,0,1,0,19,11,12,7,0,10,83.3,2,4,14,33,66,1,601,85,12,2,50.0,1,25.0,295,0,7,1,394,61,35.0,86,7,4,3,6,1.62,10,9,+1,+0.11,+0.05,9.7,7.7,+2.0,+0.22,+0.20,0,14,1,0,0,27,20,54.1
,Igor,,,,,,,,,,,,,,,,,,,,,,,,,,,,,,,,,,,,,,,,,,,,,,,,,,,,,,,,,,,,,,,,,,,,,,,,,,,,,,,,,,,,,,,,,,,,,,,,,,,,,,,,,,,,,,,,,,,,,,,,,,0,0,,3,,,,,,,,,,,,,,,,,,,
115,Igor Cariús,br BRA,DF,Sport Recife,32-160,1993,17,15,1233,13.7,0,0,0,0,0,0,1,0,0.5,0.5,0.7,1.2,27,55,54,0.00,0.00,0.00,0.00,0.00,0.04,0.05,0.09,0.04,0.09,Matches,12,5,41.7,0.88,0.36,0.00,0.00,17.1,0,0.04,-0.5,-0.5,432,613,70.5,7128,3129,207,250,82.8,187,246,76.0,29,74,39.2,1.4,-0.7,9,27,16,7,482,127,0,2,29,116,1,0,0,0,4,15,24,1.75,18,1,0,3,1,1,0.07,1,0,0,0,0,34,22,21,12,1,19,61.3,12,14,21,55,59,0,790,50,28,2,14.3,7,50.0,339,1,14,6,395,73,54.8,79,5,2,26,2,0.82,9,17,-8,-0.58,+0.39,14.5,18.8,-4.3,-0.31,+0.40,0,20,0,1,1,47,38,56.7
139,Igor Coronado,br BRA,MF,Corinthians,33-051,1992,6,3,342,3.8,1,0,1,1,0,0,1,0,0.8,0.8,0.2,1.0,13,33,37,0.26,0.00,0.26,0.26,0.26,0.21,0.04,0.26,0.21,0.26,Matches,10,4,40.0,2.63,1.05,0.10,0.25,23.7,1,0.08,+0.2,+0.2,197,255,77.3,3591,829,97,107,90.7,70,91,76.9,26,40,65.0,0.7,-0.2,4,21,8,2,237,18,0,7,28,5,7,2,4,0,0,8,14,3.68,9,1,2,1,0,3,0.79,3,0,0,0,0,7,1,1,3,3,4,50.0,4,2,2,9,2,0,302,3,8,8,42.1,10,52.6,200,4,9,7,245,57,14.1,80,1,3,34,3,1.67,7,3,+4,+1.05,+1.35,4.9,5.3,-0.4,-0.10,-0.05,0,7,0,1,0,10,1,100.0
254,Igor Gomes,br BRA,"MF,FW",Atlético Mineiro,26-205,1999,23,12,996,11.1,3,2,5,3,0,0,2,0,1.8,1.8,1.4,3.2,11,59,33,0.27,0.18,0.45,0.27,0.45,0.16,0.12,0.28,0.16,0.28,Matches,15,5,33.3,1.36,0.45,0.20,0.60,17.7,0,0.12,+1.2,+1.2,343,427,80.3,5814,1729,164,192,85.4,128,140,91.4,38,68,55.9,1.4,+0.6,22,48,13,2,410,16,6,4,13,8,3,3,0,0,1,9,35,3.17,30,2,0,0,1,2,0.18,1,0,0,0,0,14,7,4,7,3,3,33.3,6,10,14,28,9,1,536,10,16,9,50.0,9,50.0,327,1,19,18,358,43,44.3,63,0,11,22,1,1.22,11,11,0,0.00,+0.50,12.8,11.8,+1.0,+0.09,+0.09,0,13,0,0,0,75,17,53.1
323,Igor Jesus,br BRA,FW,Botafogo (RJ),24-225,2001,10,10,875,9.7,3,1,4,3,0,0,0,0,2.6,2.6,1.2,3.7,15,21,51,0.31,0.10,0.41,0.31,0.41,0.26,0.12,0.38,0.26,0.38,Matches,35,14,40.0,3.60,1.44,0.09,0.21,14.5,0,0.07,+0.4,+0.4,145,204,71.1,2292,381,70,94,74.5,55,68,80.9,11,18,61.1,0.7,-0.2,15,13,5,1,186,17,2,3,4,2,0,0,0,0,1,6,23,2.37,15,0,1,1,0,1,0.10,0,0,0,0,0,3,3,0,3,0,1,25.0,3,3,0,3,8,0,318,11,51,5,45.5,3,27.3,179,4,25,17,253,88,36.0,88,8,0,,0,1.50,13,7,+6,+0.62,+0.15,10.9,9.9,+1.0,+0.10,-0.27,0,9,0,0,0,25,34,46.6
408,Igor Marques,br BRA,"DF,MF",Juventude,26-273,1999,8,4,448,5.0,1,0,1,1,0,0,0,0,0.2,0.2,0.2,0.4,7,21,38,0.20,0.00,0.20,0.20,0.20,0.03,0.05,0.08,0.03,0.08,Matches,7,3,42.9,1.41,0.60,0.14,0.33,25.1,1,0.02,+0.8,+0.8,177,238,74.4,3050,1279,75,91,82.4,81,99,81.8,16,28,57.1,0.4,-0.2,5,12,8,6,191,46,0,0,29,38,4,1,2,0,1,10,10,2.00,4,4,0,1,0,1,0.20,1,0,0,0,0,19,10,9,8,2,12,92.3,1,6,11,30,17,1,317,22,8,6,46.2,6,46.2,142,0,9,4,173,56,19.1,79,3,4,33,1,1.13,5,5,0,0.00,+1.28,4.8,4.7,+0.1,+0.02,+1.10,0,4,0,0,0,26,9,52.9
532,Igor Rabello,br BRA,DF,Atlético Mineiro,30-163,1995,4,2,189,2.1,0,0,0,0,0,0,0,0,0.2,0.2,0.0,0.2,0,3,1,0.00,0.00,0.00,0.00,0.00,0.12,0.00,0.12,0.12,0.12,Matches,3,0,0.0,1.43,0.00,0.00,,10.1,0,0.08,-0.2,-0.2,72,81,88.9,1316,539,27,28,96.4,38,39,97.4,6,11,54.5,0.0,0.0,0,3,1,0,75,6,0,0,0,0,0,0,0,0,0,1,2,0.95,1,0,0,0,0,0,0.00,0,0,0,0,0,3,2,3,0,0,3,75.0,1,3,2,5,14,0,111,19,4,0,,0,,49,0,1,0,60,47,8.4,90,2,2,5,10,1.75,2,2,0,0.00,+0.31,2.1,2.2,-0.1,-0.07,-0.12,0,4,0,0,0,4,6,60.0
533,Igor Rabello,br BRA,DF,Fluminense,30-163,1995,3,2,137,1.5,0,0,0,0,0,0,2,1,0.0,0.0,0.0,0.0,0,7,0,0.00,0.00,0.00,0.00,0.00,0.00,0.00,0.00,0.00,0.00,Matches,3,0,0.0,1.43,0.00,0.00,,10.1,0,0.08,-0.2,-0.2,72,81,88.9,1316,539,27,28,96.4,38,39,97.4,6,11,54.5,0.0,0.0,0,3,1,0,75,6,0,0,0,0,0,0,0,0,0,1,2,0.95,1,0,0,0,0,0,0.00,0,0,0,0,0,3,2,3,0,0,3,75.0,1,3,2,5,14,0,111,19,4,0,,0,,49,0,1,0,60,47,8.4,90,2,2,5,10,1.75,2,2,0,0.00,+0.31,2.1,2.2,-0.1,-0.07,-0.12,0,4,0,0,0,4,6,60.0
623,Igor Serrote,br BRA,DF,Grêmio,20-221,2005,7,6,512,5.7,0,0,0,0,0,0,2,0,0.1,0.1,0.1,0.2,7,22,12,0.00,0.00,0.00,0.00,0.00,0.02,0.01,0.03,0.02,0.03,Matches,4,0,0.0,0.70,0.00,0.00,,20.0,0,0.03,-0.1,-0.1,173,268,64.6,2955,1358,76,99,76.8,82,116,70.7,12,33,36.4,0.1,-0.1,1,20,4,1,192,75,0,5,8,70,0,0,0,0,1,14,5,0.88,4,1,0,0,0,0,0.00,0,0,0,0,0,24,17,15,8,1,19,73.1,7,4,14,38,31,0,370,32,3,0,0.0,1,100.0,146,0,12,2,162,73,21.1,78,4,1,45,3,1.14,6,6,0,0.00,+0.23,5.6,6.6,-1.0,-0.18,+0.44,0,7,0,0,0,21,17,65.4
649,Igor Vinícius de Souza,br BRA,DF,São Paulo,28-190,1997,3,2,164,1.8,0,0,0,0,0,0,1,0,0.2,0.2,0.1,0.3,1,8,18,0.00,0.00,0.00,0.00,0.00,0.12,0.04,0.15,0.12,0.15,Matches,3,1,33.3,1.65,0.55,0.00,0.00,16.9,1,0.07,-0.2,-0.2,94,118,79.7,1497,404,53,61,86.9,34,42,81.0,7,12,58.3,0.3,-0.1,3,10,3,2,90,28,0,0,11,24,4,0,4,0,0,1,5,2.74,3,1,0,0,0,0,0.00,0,0,0,0,0,2,1,0,2,0,0,0.0,1,1,1,3,0,0,134,1,4,2,40.0,3,60.0,74,0,5,2,79,55,6.7,82,1,1,1,3,1.67,1,1,0,0.00,-0.12,3.2,0.9,+2.2,+1.21,+1.00,0,2,0,0,0,6,2,33.3
650,Igor Vinícius de Souza,br BRA,DF,Santos,28-190,1997,10,5,433,4.8,0,0,0,0,0,0,4,0,0.4,0.4,0.7,1.0,12,19,18,0.00,0.00,0.00,0.00,0.00,0.07,0.14,0.22,0.07,0.22,Matches,3,1,33.3,1.65,0.55,0.00,0.00,16.9,1,0.07,-0.2,-0.2,94,118,79.7,1497,404,53,61,86.9,34,42,81.0,7,12,58.3,0.3,-0.1,3,10,3,2,90,28,0,0,11,24,4,0,4,0,0,1,5,2.74,3,1,0,0,0,0,0.00,0,0,0,0,0,2,1,0,2,0,0,0.0,1,1,1,3,0,0,134,1,4,2,40.0,3,60.0,74,0,5,2,79,55,6.7,82,1,1,1,3,1.67,1,1,0,0.00,-0.12,3.2,0.9,+2.2,+1.21,+1.00,0,2,0,0,0,6,2,33.3
304,Isaac,br BRA,DF,Atlético Mineiro,21-196,2004,1,0,6,0.1,0,0,0,0,0,0,0,0,0.0,0.0,0.0,0.0,0,0,0,0.00,0.00,0.00,0.00,0.00,0.00,0.00,0.00,0.00,0.00,Matches,0,0,,0.00,0.00,,,,0,,0.0,0.0,1,1,100.0,8,0,1,1,100.0,0,0,,0,0,,0.0,0.0,0,0,0,0,0,1,0,0,0,1,0,0,0,0,0,0,0,0.00,0,0,0,0,0,0,0.00,0,0,0,0,0,0,0,0,0,0,0,,0,0,0,0,1,0,3,1,1,0,,0,,1,0,1,0,1,6,0.3,,0,1,6,6,0.00,1,1,0,0.00,+0.28,0.1,0.1,0.0,+0.41,+0.37,0,0,0,0,0,0,0,
,Isac,,,,,,,,,,,,,,,,,,,,,,,,,,,,,,,,,,,,,,,,,,,,,,,,,,,,,,,,,,,,,,,,,,,,,,,,,,,,,,,,,,,,,,,,,,,,,,,,,,,,,,,,,,,,,,,,,,,,,,,,,,0,0,,1,,,,,,,,,,,,,,,,,,,
305,Isaque,br BRA,MF,Fluminense,18-167,2007,1,0,22,0.2,0,0,0,0,0,0,0,0,0.0,0.0,0.0,0.0,0,1,1,0.00,0.00,0.00,0.00,0.00,0.00,0.00,0.00,0.00,0.00,Matches,0,0,,0.00,0.00,,,,0,,0.0,0.0,5,7,71.4,98,27,1,2,50.0,4,4,100.0,0,0,,0.0,0.0,0,0,1,0,7,0,0,0,0,0,0,0,0,0,0,1,1,4.29,0,0,0,0,1,0,0.00,0,0,0,0,0,1,1,0,0,1,0,,0,0,0,1,1,0,9,1,0,0,,0,,3,0,0,0,3,22,1.0,,0,1,22,3,1.00,0,0,0,0.00,-0.08,0.0,0.1,-0.1,-0.38,-0.48,0,0,0,0,0,0,1,33.3
520,Isidro Pitta,py PAR,FW,RB Bragantino,26-055,1999,16,6,697,7.7,6,1,7,6,0,0,3,0,1.9,1.9,0.8,2.7,14,21,52,0.77,0.13,0.90,0.77,0.90,0.25,0.10,0.35,0.25,0.35,Matches,18,9,50.0,2.32,1.16,0.33,0.67,15.1,0,0.11,+4.1,+4.1,147,196,75.0,2094,429,90,109,82.6,43,58,74.1,7,13,53.8,0.9,+0.2,6,10,8,1,174,21,1,1,3,3,0,0,0,0,1,1,21,2.74,16,0,4,0,0,3,0.39,1,0,2,0,0,0,0,0,0,0,0,0.0,2,3,0,0,7,0,261,7,34,7,53.8,6,46.2,148,3,19,5,193,44,28.7,82,4,10,21,2,1.38,10,17,-7,-0.90,-1.01,7.4,13.5,-6.2,-0.80,-1.04,0,12,0,0,0,22,14,45.2
307,Ismael,pt POR,MF,Vitória,26-197,1999,1,0,18,0.2,0,0,0,0,0,0,0,0,0.2,0.2,0.0,0.2,0,0,0,0.00,0.00,0.00,0.00,0.00,0.85,0.00,0.85,0.85,0.85,Matches,1,0,0.0,5.00,0.00,0.00,,15.5,0,0.17,-0.2,-0.2,4,4,100.0,88,28,0,0,,4,4,100.0,0,0,,0.0,0.0,0,0,0,0,4,0,0,0,0,0,0,0,0,0,0,0,0,0.00,0,0,0,0,0,0,0.00,0,0,0,0,0,0,0,0,0,0,0,0.0,1,0,0,0,2,0,7,0,1,0,,0,,2,0,0,0,4,18,0.7,,0,1,18,0,1.00,0,1,-1,-5.00,-4.37,0.2,0.3,-0.1,-0.39,+0.04,0,0,0,0,0,0,0,
124,Iury de Castilho,br BRA,FW,Mirassol,30-032,1995,9,6,499,5.5,1,0,1,1,0,0,2,0,1.5,1.5,0.2,1.7,10,14,26,0.18,0.00,0.18,0.18,0.18,0.27,0.03,0.30,0.27,0.30,Matches,9,3,33.3,1.62,0.54,0.11,0.33,19.0,0,0.16,-0.5,-0.5,69,87,79.3,1034,256,38,41,92.7,21,27,77.8,5,7,71.4,0.2,-0.2,3,5,3,0,76,9,2,0,4,1,0,0,0,0,2,4,11,1.98,8,0,0,1,0,3,0.54,0,0,0,1,0,7,7,2,5,0,0,0.0,4,3,2,9,4,0,149,4,13,0,0.0,9,69.2,93,2,16,6,107,55,21.3,72,0,3,23,0,1.22,9,10,-1,-0.18,-0.91,9.0,8.9,0.0,0.00,-0.31,0,7,0,0,0,11,5,41.7
,Ivan,,,,,,,,,,,,,,,,,,,,,,,,,,,,,,,,,,,,,,,,,,,,,,,,,,,,,,,,,,,,,,,,,,,,,,,,,,,,,,,,,,,,,,,,,,,,,,,,,,,,,,,,,,,,,,,,,,,,,,,,,,0,0,,13,,,,,,,,,,,,,,,,,,,
581,Iván Román,cl CHI,DF,Atlético Mineiro,19-088,2006,7,5,445,4.9,0,0,0,0,0,0,3,0,0.5,0.5,0.0,0.5,3,22,2,0.00,0.00,0.00,0.00,0.00,0.09,0.00,0.09,0.09,0.09,Matches,4,0,0.0,0.81,0.00,0.00,,10.0,0,0.12,-0.5,-0.5,250,285,87.7,4330,1445,106,111,95.5,123,135,91.1,16,32,50.0,0.0,0.0,0,27,0,0,269,16,0,0,1,6,0,0,0,0,0,1,5,1.01,2,0,0,0,1,1,0.20,0,0,0,0,0,8,6,4,3,1,6,42.9,8,2,7,15,23,0,329,17,3,1,100.0,0,0.0,209,0,1,0,223,64,19.8,79,2,2,24,14,0.86,3,9,-6,-1.21,-1.16,3.3,6.3,-3.0,-0.60,-0.80,0,6,0,0,0,14,13,59.1
,Jacaré,,,,,,,,,,,,,,,,,,,,,,,,,,,,,,,,,,,,,,,,,,,,,,,,,,,,,,,,,,,,,,,,,,,,,,,,,,,,,,,,,,,,,,,,,,,,,,,,,,,,,,,,,,,,,,,,,,,,,,,,,,0,0,,2,,,,,,,,,,,,,,,,,,,
310,Jadson,br BRA,MF,Juventude,32-039,1993,24,24,2136,23.7,0,1,1,0,0,0,7,0,0.7,0.7,0.8,1.5,12,101,57,0.00,0.04,0.04,0.00,0.04,0.03,0.03,0.07,0.03,0.07,Matches,14,2,14.3,0.59,0.08,0.00,0.00,21.9,0,0.05,-0.7,-0.7,716,892,80.3,12582,3808,320,352,90.9,308,359,85.8,71,128,55.5,0.7,+0.2,18,89,12,4,852,34,2,4,20,8,0,0,0,0,6,18,50,2.11,40,0,2,2,5,4,0.17,4,0,0,0,0,37,22,16,18,3,7,20.0,28,25,30,67,29,2,1116,50,9,11,37.9,16,55.2,618,0,29,20,705,89,91.3,89,22,0,,0,0.92,20,44,-24,-1.01,+0.31,18.3,38.6,-20.3,-0.86,+0.14,0,33,0,1,0,125,4,21.1
311,Jair,br BRA,MF,Vasco da Gama,31-043,1994,11,7,559,6.2,0,0,0,0,0,0,3,0,0.1,0.1,0.3,0.4,5,33,2,0.00,0.00,0.00,0.00,0.00,0.01,0.05,0.06,0.01,0.06,Matches,2,0,0.0,0.32,0.00,0.00,,16.8,0,0.03,-0.1,-0.1,383,417,91.8,6456,1519,163,177,92.1,168,178,94.4,32,36,88.9,0.1,-0.3,7,35,1,0,407,10,0,4,3,1,0,0,0,0,0,3,15,2.42,13,0,1,0,0,1,0.16,1,0,0,0,0,13,9,7,6,0,8,53.3,7,6,6,19,9,0,477,27,6,7,53.8,4,30.8,322,1,8,4,357,51,23.0,64,0,4,28,6,1.18,12,10,+2,+0.32,+0.37,8.4,9.6,-1.1,-0.18,-0.05,0,13,0,0,0,36,8,66.7
149,Jair Cunha,br BRA,DF,Botafogo (RJ),20-215,2005,11,11,990,11.0,0,1,1,0,0,0,0,0,0.5,0.5,0.2,0.7,3,31,3,0.00,0.09,0.09,0.00,0.09,0.04,0.02,0.06,0.04,0.06,Matches,8,1,12.5,0.73,0.09,0.00,0.00,13.0,0,0.06,-0.5,-0.5,541,620,87.3,10150,3475,197,215,91.6,282,302,93.4,52,85,61.2,0.4,+0.8,3,23,3,1,605,15,0,4,2,2,0,0,0,0,0,9,7,0.64,6,1,0,0,0,1,0.09,1,0,0,0,0,14,11,10,4,0,8,66.7,4,3,11,25,63,2,736,83,13,3,50.0,1,16.7,460,0,5,2,523,90,40.7,90,11,0,,0,1.64,14,7,+7,+0.64,+0.20,12.1,11.4,+0.7,+0.06,-0.35,0,4,0,0,0,38,21,80.8
312,Jamerson,br BRA,DF,Vitória,27-029,1998,12,12,1026,11.4,0,2,2,0,0,0,0,0,0.4,0.4,1.0,1.4,33,42,51,0.00,0.18,0.18,0.00,0.18,0.04,0.09,0.12,0.04,0.12,Matches,14,5,35.7,1.23,0.44,0.00,0.00,26.6,2,0.03,-0.4,-0.4,477,604,79.0,7609,2449,267,281,95.0,179,227,78.9,29,74,39.2,0.9,+1.0,14,38,6,5,481,118,0,2,66,91,10,1,8,0,5,13,29,2.54,17,8,2,1,0,4,0.35,2,1,0,1,0,27,19,18,5,4,12,63.2,7,5,12,39,42,0,743,35,6,18,62.1,6,20.7,400,2,15,10,414,86,42.2,86,10,0,,0,0.92,10,14,-4,-0.35,+0.55,11.8,12.4,-0.6,-0.05,+0.65,0,10,0,0,0,60,12,52.2
313,Janderson,br BRA,"FW,MF",Vitória,26-155,1999,11,9,729,8.1,1,0,1,1,0,0,3,0,0.7,0.7,0.3,1.0,9,12,33,0.12,0.00,0.12,0.12,0.12,0.09,0.04,0.13,0.09,0.13,Matches,10,3,30.0,1.23,0.37,0.10,0.33,13.8,0,0.07,+0.3,+0.3,96,136,70.6,1294,226,65,76,85.5,25,39,64.1,3,11,27.3,0.2,-0.3,6,5,1,0,119,16,0,1,5,3,0,0,0,0,1,5,13,1.60,8,0,2,2,0,0,0.00,0,0,0,0,0,10,5,0,6,4,4,30.8,9,9,2,12,6,0,226,10,20,11,42.3,12,46.2,119,2,18,10,140,66,30.0,78,4,2,13,0,0.91,5,10,-5,-0.62,+0.07,6.0,8.8,-2.8,-0.34,+0.12,0,16,0,0,0,15,11,32.4
314,Jandrei,br BRA,GK,Juventude,32-221,1993,9,9,810,9.0,0,0,0,0,0,0,2,0,0.0,0.0,0.0,0.0,0,0,0,0.00,0.00,0.00,0.00,0.00,0.00,0.00,0.00,0.00,0.00,Matches,0,0,,0.00,0.00,,,,0,,0.0,0.0,182,271,67.2,6242,4425,9,9,100.0,86,88,97.7,87,173,50.3,0.0,0.0,0,8,0,0,196,75,0,2,0,0,0,0,0,0,0,0,4,0.44,3,1,0,0,0,0,0.00,0,0,0,0,0,0,0,0,0,0,0,,0,0,0,0,2,0,285,231,0,0,,0,,174,0,0,0,137,,,,0,0,,18,,,,,,,,,,,,0,0,0,0,0,7,0,
315,Jardiel,br BRA,FW,Grêmio,20-140,2005,4,0,26,0.3,0,0,0,0,0,0,0,0,0.0,0.0,0.0,0.0,0,2,1,0.00,0.00,0.00,0.00,0.00,0.00,0.00,0.00,0.00,0.00,Matches,0,0,,0.00,0.00,,,,0,,0.0,0.0,5,6,83.3,81,32,3,3,100.0,1,1,100.0,1,1,100.0,0.0,0.0,0,1,0,0,6,0,0,0,0,0,0,0,0,0,0,0,0,0.00,0,0,0,0,0,0,0.00,0,0,0,0,0,0,0,0,0,0,0,,0,0,0,0,0,0,10,1,1,0,,0,,7,0,1,1,7,7,1.1,,0,4,7,6,0.50,1,0,+1,+3.46,+3.69,1.5,0.2,+1.3,+4.49,+5.07,0,0,0,0,0,1,0,
118,Jean Carlos Vicente,br BRA,"MF,FW",Juventude,33-235,1992,7,2,203,2.3,0,0,0,0,0,0,1,0,0.2,0.2,0.6,0.8,2,6,12,0.00,0.00,0.00,0.00,0.00,0.08,0.28,0.36,0.08,0.36,Matches,4,1,25.0,1.77,0.44,0.00,0.00,28.3,2,0.05,-0.2,-0.2,40,70,57.1,726,286,19,23,82.6,15,19,78.9,6,23,26.1,0.5,-0.6,5,8,0,0,57,12,1,0,16,0,9,5,4,0,1,1,7,3.10,4,1,1,0,1,0,0.00,0,0,0,0,0,3,3,1,2,0,1,33.3,2,2,0,3,1,0,85,3,3,1,100.0,0,0.0,46,1,5,5,53,29,8.7,51,0,5,20,4,0.57,3,7,-4,-1.77,-0.80,2.8,4.8,-1.9,-0.86,+0.01,0,3,0,0,0,10,1,14.3
374,Jean Lucas,br BRA,MF,Bahia,27-108,1998,23,22,1797,20.0,3,1,4,3,0,0,2,2,2.1,2.1,2.6,4.6,44,81,91,0.15,0.05,0.20,0.15,0.20,0.10,0.13,0.23,0.10,0.23,Matches,26,9,34.6,1.30,0.45,0.12,0.33,19.5,0,0.08,+0.9,+0.9,671,774,86.7,10255,2212,388,422,91.9,218,241,90.5,39,59,66.1,2.7,-1.6,20,54,16,2,743,30,1,14,16,18,2,0,0,0,1,16,55,2.75,44,0,4,1,1,5,0.25,5,0,0,0,0,35,28,12,15,8,15,48.4,16,15,10,45,18,0,954,18,54,24,63.2,13,34.2,541,11,35,25,693,78,76.8,81,16,1,25,1,1.61,28,23,+5,+0.25,+0.42,24.8,23.0,+1.8,+0.09,+0.72,0,31,0,1,0,92,16,44.4
435,Jean Meneses,cl CHI,FW,Vasco da Gama,32-206,1993,1,0,1,0.0,0,0,0,0,0,0,0,0,0.0,0.0,0.0,0.0,0,0,1,0.00,0.00,0.00,0.00,0.00,0.00,0.00,0.00,0.00,0.00,Matches,0,0,,0.00,0.00,,,,0,,0.0,0.0,3,3,100.0,64,15,2,2,100.0,0,0,,1,1,100.0,0.0,0.0,0,0,0,0,2,1,0,0,0,0,0,0,0,0,0,0,0,0.00,0,0,0,0,0,0,0.00,0,0,0,0,0,1,1,0,1,0,1,100.0,0,0,0,1,0,0,6,1,0,0,,0,,6,0,2,1,5,1,0.0,,0,1,1,2,0.00,0,0,0,0.00,-0.04,0.1,0.1,0.0,+1.21,+1.36,0,0,0,0,0,1,0,0.0
617,Jefferson Savarino,ve VEN,MF,Botafogo (RJ),28-331,1996,20,18,1504,16.7,4,2,6,4,0,0,1,0,2.9,2.9,3.7,6.6,33,76,106,0.24,0.12,0.36,0.24,0.36,0.17,0.22,0.40,0.17,0.40,Matches,42,16,38.1,2.51,0.96,0.10,0.25,20.7,3,0.07,+1.1,+1.1,525,665,78.9,9043,2402,247,275,89.8,189,232,81.5,67,115,58.3,4.0,-1.7,40,45,24,7,584,78,7,8,80,2,45,19,18,0,3,11,70,4.19,48,16,0,2,0,5,0.30,2,2,0,1,0,7,4,3,3,1,1,20.0,4,3,2,9,7,0,780,4,51,10,45.5,11,50.0,482,11,25,15,591,75,61.9,80,9,2,30,1,1.45,20,16,+4,+0.24,-0.73,19.3,15.7,+3.6,+0.21,-0.16,0,8,0,0,0,57,0,0.0
317,Jeffinho,br BRA,"FW,MF",Botafogo (RJ),25-282,1999,11,7,424,4.7,1,2,3,1,0,0,0,0,0.8,0.8,0.6,1.4,16,20,29,0.21,0.42,0.64,0.21,0.64,0.17,0.12,0.30,0.17,0.30,Matches,8,3,37.5,1.70,0.64,0.13,0.33,16.1,0,0.10,+0.2,+0.2,118,155,76.1,2020,551,52,63,82.5,52,65,80.0,10,15,66.7,0.8,+1.4,6,12,9,2,154,1,2,3,8,0,0,0,0,0,0,5,22,4.67,16,0,2,1,1,4,0.85,3,0,0,0,0,9,3,2,5,2,0,0.0,6,5,5,14,3,0,216,4,19,22,73.3,7,23.3,131,6,17,10,149,39,17.4,55,0,4,9,8,1.36,9,5,+4,+0.85,+0.40,5.9,4.9,+1.0,+0.20,-0.09,0,7,0,0,0,23,2,66.7
318,Jefinho,br BRA,MF,Sport Recife,19-054,2006,1,0,23,0.3,0,0,0,0,0,0,0,0,0.2,0.2,0.0,0.2,1,0,3,0.00,0.00,0.00,0.00,0.00,0.91,0.00,0.91,0.91,0.91,Matches,1,0,0.0,3.91,0.00,0.00,,7.8,0,0.23,-0.2,-0.2,15,16,93.8,195,17,10,11,90.9,2,2,100.0,1,1,100.0,0.0,0.0,0,1,0,0,16,0,0,0,0,0,0,0,0,0,0,0,2,7.83,1,0,0,1,0,0,0.00,0,0,0,0,0,0,0,0,0,0,0,0.0,1,1,1,1,0,0,21,0,1,0,,0,,12,0,1,0,15,23,1.0,,0,1,23,1,0.00,0,0,0,0.00,+0.77,0.7,0.0,+0.7,+2.65,+3.18,0,0,0,0,0,2,0,
319,Jefté,br BRA,DF,Palmeiras,21-291,2003,4,1,179,2.0,0,1,1,0,0,0,0,0,0.0,0.0,0.1,0.1,4,9,17,0.00,0.50,0.50,0.00,0.50,0.01,0.06,0.07,0.01,0.07,Matches,1,0,0.0,0.50,0.00,0.00,,25.9,0,0.02,0.0,0.0,85,103,82.5,1216,436,49,54,90.7,27,35,77.1,4,7,57.1,0.1,+0.9,2,5,1,0,86,17,0,0,5,16,0,0,0,0,0,2,6,3.02,4,0,2,0,0,1,0.50,1,0,0,0,0,2,1,1,1,0,0,0.0,1,2,1,3,8,0,128,6,4,3,50.0,2,33.3,63,1,1,2,63,45,8.0,90,1,3,30,3,2.25,7,2,+5,+2.51,+1.82,3.5,1.8,+1.7,+0.85,+0.22,0,2,0,0,0,9,5,62.5
320,Jemerson,br BRA,DF,Grêmio,33-045,1992,9,8,770,8.6,1,0,1,1,0,0,3,0,0.9,0.9,0.0,0.9,4,21,2,0.12,0.00,0.12,0.12,0.12,0.11,0.00,0.11,0.11,0.11,Matches,3,1,33.3,0.35,0.12,0.33,1.00,7.3,0,0.30,+0.1,+0.1,296,336,88.1,5899,1603,76,84,90.5,179,186,96.2,32,52,61.5,0.1,0.0,0,18,1,0,318,18,0,4,0,0,0,0,0,0,0,1,3,0.35,2,0,0,0,0,0,0.00,0,0,0,0,0,18,12,12,6,0,10,83.3,2,3,9,27,53,0,435,57,6,0,,0,,231,0,3,3,262,86,31.7,88,7,1,64,14,1.00,8,13,-5,-0.58,-0.58,7.7,12.8,-5.1,-0.59,-0.09,0,14,0,0,0,17,22,66.7
321,Jemmes,br BRA,DF,Mirassol,25-182,2000,26,26,2340,26.0,2,0,2,2,0,0,2,0,2.1,2.1,0.1,2.1,20,56,2,0.08,0.00,0.08,0.08,0.08,0.08,0.00,0.08,0.08,0.08,Matches,16,3,18.8,0.62,0.12,0.13,0.67,10.5,0,0.13,-0.1,-0.1,1060,1188,89.2,18642,6881,449,479,93.7,509,553,92.0,86,122,70.5,0.1,-0.1,4,43,0,0,1073,112,0,2,0,2,0,0,0,0,3,11,15,0.58,11,1,1,0,0,1,0.04,1,0,0,0,0,53,38,37,13,3,35,67.3,17,7,32,85,166,1,1511,272,18,10,52.6,8,42.1,808,1,15,6,861,90,100.0,90,26,0,,0,1.65,42,28,+14,+0.54,,38.3,31.8,+6.5,+0.25,,0,27,0,0,0,95,56,54.9
39,Jhon Arias,co COL,FW,Fluminense,28-017,1997,12,12,1079,12.0,1,4,5,0,1,1,1,0,2.2,1.4,2.9,4.3,48,55,106,0.08,0.33,0.42,0.00,0.33,0.18,0.24,0.42,0.12,0.36,Matches,17,4,23.5,1.42,0.33,0.00,0.00,22.6,3,0.08,-1.2,-1.4,610,732,83.3,8431,2112,375,405,92.6,163,189,86.2,30,74,40.5,3.0,+1.1,33,37,24,10,644,87,2,3,74,22,40,6,19,0,1,14,68,5.67,44,13,5,4,1,8,0.67,6,0,2,0,0,13,10,3,3,7,7,43.8,9,17,4,17,2,0,864,5,33,27,44.3,22,36.1,574,8,24,46,663,90,48.0,90,11,0,,0,1.67,15,14,+1,+0.08,+0.01,14.1,10.4,+3.7,+0.31,+0.42,0,14,0,0,0,64,6,28.6
332,Jhonatan Jowjow,br BRA,"MF,FW",RB Bragantino,23-029,2002,24,24,1964,21.8,6,4,10,5,1,1,6,0,3.5,2.7,6.2,8.8,58,133,109,0.27,0.18,0.46,0.23,0.41,0.16,0.28,0.44,0.12,0.40,Matches,31,11,35.5,1.42,0.50,0.16,0.45,22.9,7,0.09,+2.5,+2.3,667,903,73.9,12755,4266,287,334,85.9,254,323,78.6,110,205,53.7,5.2,-2.2,72,89,44,6,759,141,13,8,124,9,87,27,42,2,3,11,124,5.68,80,28,9,4,0,11,0.50,7,2,1,1,0,15,13,7,6,2,9,42.9,12,25,9,24,13,2,1150,13,37,65,52.8,50,40.7,726,8,48,42,818,82,80.8,82,13,0,,0,1.46,27,31,-4,-0.18,+0.01,25.9,25.9,0.0,0.00,+0.29,0,22,0,0,0,78,6,19.4
140,Joaquín Correa,ar ARG,MF,Botafogo (RJ),31-056,1994,11,4,463,5.1,0,0,0,0,0,0,1,0,1.6,1.6,0.5,2.2,10,28,46,0.00,0.00,0.00,0.00,0.00,0.32,0.10,0.42,0.32,0.42,Matches,10,5,50.0,1.94,0.97,0.00,0.00,18.3,1,0.16,-1.6,-1.6,197,242,81.4,3086,727,101,114,88.6,79,91,86.8,12,20,60.0,0.8,-0.5,10,18,11,1,223,18,1,1,12,5,8,4,1,0,1,8,30,5.83,23,2,2,0,0,0,0.00,0,0,0,0,0,6,4,1,5,0,0,0.0,7,4,0,6,0,0,288,0,18,7,43.8,6,37.5,190,4,13,6,224,42,19.1,70,1,7,26,2,1.82,5,2,+3,+0.58,+0.08,8.1,4.8,+3.3,+0.65,+0.46,0,5,0,0,0,13,1,20.0
355,Joaquín Lavega,uy URU,"FW,DF",Fluminense,20-247,2005,2,0,67,0.7,0,0,0,0,0,0,0,0,0.1,0.1,0.0,0.1,1,0,9,0.00,0.00,0.00,0.00,0.00,0.17,0.00,0.17,0.17,0.17,Matches,2,1,50.0,2.69,1.34,0.00,0.00,17.4,0,0.06,-0.1,-0.1,22,31,71.0,312,72,16,17,94.1,4,9,44.4,1,3,33.3,0.0,0.0,0,0,0,0,26,5,0,0,5,4,0,0,0,0,0,1,1,1.34,1,0,0,0,0,1,1.34,1,0,0,0,0,1,0,0,1,0,1,100.0,0,0,0,1,2,0,40,1,5,1,100.0,0,0.0,21,0,1,2,28,34,3.0,,0,2,34,9,1.50,1,0,+1,+1.34,+1.30,0.5,1.1,-0.6,-0.77,-0.89,0,0,0,0,0,3,0,0.0
517,Joaquín Piquerez,uy URU,DF,Palmeiras,27-045,1998,23,21,1873,20.8,3,1,4,1,2,3,2,0,2.9,0.5,2.7,3.2,26,114,119,0.14,0.05,0.19,0.05,0.10,0.14,0.13,0.27,0.03,0.16,Matches,22,4,18.2,1.06,0.19,0.05,0.25,30.3,3,0.02,+0.1,+0.5,942,1187,79.4,16366,5930,450,497,90.5,389,459,84.7,95,177,53.7,3.3,-1.7,28,91,21,14,942,238,0,17,99,185,17,0,16,0,7,28,64,3.08,46,11,2,1,1,5,0.24,3,1,1,0,0,37,23,12,18,7,26,60.5,17,17,17,54,41,2,1392,51,24,10,37.0,16,59.3,699,5,22,13,807,81,83.2,86,18,2,36,1,2.13,32,16,+16,+0.77,-0.42,30.7,16.9,+13.8,+0.66,+0.14,0,8,0,0,1,90,11,52.4
112,Johan Carbonero,co COL,"FW,MF",Internacional,26-080,1999,15,11,944,10.5,4,1,5,3,1,1,2,0,3.4,2.6,2.0,4.6,31,53,101,0.38,0.10,0.48,0.29,0.38,0.33,0.19,0.52,0.25,0.44,Matches,28,11,39.3,2.67,1.05,0.11,0.27,18.1,0,0.09,+0.6,+0.4,268,336,79.8,3872,1004,163,199,81.9,80,94,85.1,15,24,62.5,1.5,-1.0,17,18,15,2,333,3,4,2,16,2,0,0,0,0,0,5,49,4.67,29,1,3,12,1,4,0.38,1,0,0,2,0,10,6,1,6,3,5,62.5,3,9,1,11,3,0,492,2,40,17,37.0,19,41.3,382,13,39,27,420,63,40.3,74,3,4,32,0,1.53,16,11,+5,+0.48,+1.19,19.8,8.5,+11.3,+1.08,+1.10,0,17,2,0,0,40,4,23.5
325,John,br BRA,GK,Botafogo (RJ),29-237,1996,17,17,1530,17.0,0,0,0,0,0,0,2,0,0.0,0.0,0.0,0.0,0,1,0,0.00,0.00,0.00,0.00,0.00,0.00,0.00,0.00,0.00,0.00,Matches,0,0,,0.00,0.00,,,,0,,0.0,0.0,481,599,80.3,12218,7896,75,77,97.4,291,295,98.6,113,225,50.2,0.0,0.0,0,2,0,0,482,117,0,0,0,0,0,0,0,0,0,0,2,0.12,2,0,0,0,0,0,0.00,0,0,0,0,0,1,1,1,0,0,1,100.0,0,2,1,2,7,1,629,542,0,0,,0,,381,0,0,0,343,90,63.0,90,17,0,,1,1.53,18,11,+7,+0.41,-0.29,20.9,17.1,+3.8,+0.23,-0.13,0,1,0,0,0,40,3,100.0
346,John Kennedy,br BRA,FW,Fluminense,23-143,2002,6,2,176,2.0,1,1,2,0,1,1,1,0,1.1,0.3,0.6,0.9,2,3,10,0.51,0.51,1.02,0.00,0.51,0.54,0.30,0.85,0.14,0.44,Matches,4,2,50.0,2.05,1.02,0.00,0.00,16.2,0,0.07,-0.1,-0.3,16,26,61.5,206,81,7,14,50.0,7,9,77.8,0,0,,0.4,+0.4,2,1,0,0,24,2,1,0,2,0,0,0,0,0,0,1,8,4.09,5,0,2,0,0,3,1.53,1,0,1,0,0,0,0,0,0,0,0,0.0,1,1,0,0,0,0,51,1,10,4,44.4,4,44.4,36,0,5,7,38,29,7.8,63,0,4,13,7,0.67,3,3,0,0.00,-0.09,2.7,2.5,+0.1,+0.06,-0.03,0,2,0,0,0,7,1,25.0
327,Jonathan,br BRA,DF,Cruzeiro,21-134,2004,9,7,510,5.7,0,1,1,0,0,0,0,1,0.0,0.0,0.5,0.5,3,12,5,0.00,0.18,0.18,0.00,0.18,0.00,0.08,0.08,0.00,0.08,Matches,0,0,,0.00,0.00,,,,0,,0.0,0.0,193,222,86.9,3585,1350,76,87,87.4,95,102,93.1,20,27,74.1,0.1,+0.5,2,16,2,1,205,17,0,1,2,13,0,0,0,0,0,2,7,1.24,5,1,0,0,1,0,0.00,0,0,0,0,0,10,8,9,1,0,6,42.9,8,4,8,18,32,0,297,31,3,3,60.0,1,20.0,160,1,7,1,170,57,21.0,70,3,2,9,15,1.56,4,6,-2,-0.35,-1.38,6.2,7.5,-1.3,-0.23,-0.81,0,11,0,0,0,19,6,54.5
104,Jonathan Calleri,ar ARG,FW,São Paulo,32-015,1993,3,2,121,1.3,0,0,0,0,0,1,0,1,0.9,0.1,0.1,0.2,1,2,3,0.00,0.00,0.00,0.00,0.00,0.68,0.07,0.75,0.10,0.16,Matches,2,1,50.0,1.49,0.74,0.00,0.00,22.1,0,0.07,-0.9,-0.1,12,14,85.7,181,41,9,10,90.0,2,2,100.0,1,1,100.0,0.1,-0.1,1,1,1,0,13,1,0,0,0,0,0,0,0,0,0,0,3,2.23,2,0,0,1,0,0,0.00,0,0,0,0,0,2,1,0,1,1,0,,0,0,0,2,0,0,24,0,6,0,0.0,1,100.0,15,0,2,3,19,40,5.0,54,0,1,13,0,1.00,1,1,0,0.00,-0.12,2.5,0.7,+1.8,+1.34,+1.11,0,2,0,0,0,1,1,16.7
65,Jordan Barrera,co COL,FW,Botafogo (RJ),19-180,2006,1,0,4,0.0,0,0,0,0,0,0,0,0,0.0,0.0,0.0,0.0,0,0,0,0.00,0.00,0.00,0.00,0.00,0.00,0.00,0.00,0.00,0.00,Matches,0,0,,0.00,0.00,,,,0,,0.0,0.0,1,1,100.0,68,37,0,0,,0,0,,1,1,100.0,0.0,0.0,0,1,0,0,1,0,0,1,0,0,0,0,0,0,0,0,0,0.00,0,0,0,0,0,0,0.00,0,0,0,0,0,1,1,1,0,0,0,,0,0,0,1,1,0,3,0,0,0,,0,,2,0,0,0,0,4,0.2,,0,1,4,1,1.00,0,0,0,0.00,-0.52,0.0,0.0,0.0,-0.15,-0.42,0,0,0,0,0,2,0,
,Jorge,,,,,,,,,,,,,,,,,,,,,,,,,,,,,,,,,,,,,,,,,,,,,,,,,,,,,,,,,,,,,,,,,,,,,,,,,,,,,,,,,,,,,,,,,,,,,,,,,,,,,,,,,,,,,,,,,,,,,,,,,,0,0,,4,,,,,,,,,,,,,,,,,,,
120,Jorge Carrascal,co COL,"FW,MF",Flamengo,27-136,1998,7,4,344,3.8,1,3,4,1,0,0,2,0,1.0,1.0,0.5,1.5,9,16,25,0.26,0.78,1.05,0.26,1.05,0.26,0.13,0.40,0.26,0.40,Matches,6,1,16.7,1.57,0.26,0.17,1.00,13.9,0,0.17,0.0,0.0,129,172,75.0,1978,605,80,95,84.2,24,33,72.7,18,27,66.7,0.9,+2.5,7,13,6,3,150,21,1,0,16,2,9,2,7,0,1,6,16,4.17,11,3,1,1,0,4,1.04,4,0,0,0,0,16,7,2,5,9,6,50.0,6,3,2,18,3,0,230,1,14,8,44.4,10,55.6,136,3,9,7,162,49,14.7,70,1,3,22,2,2.00,5,4,+1,+0.26,-1.36,4.1,4.8,-0.7,-0.17,-1.02,0,10,0,0,0,15,10,71.4
329,Jorginho,it ITA,MF,Flamengo,33-292,1991,11,10,869,9.7,0,0,0,0,0,0,5,0,0.4,0.4,0.3,0.7,7,97,8,0.00,0.00,0.00,0.00,0.00,0.04,0.04,0.07,0.04,0.07,Matches,6,1,16.7,0.62,0.10,0.00,0.00,20.6,0,0.06,-0.4,-0.4,804,887,90.6,12875,4097,411,433,94.9,327,356,91.9,51,74,68.9,1.2,-0.3,10,101,18,2,870,17,4,2,6,2,0,0,0,0,0,7,29,3.00,28,0,1,0,0,1,0.10,1,0,0,0,0,15,9,4,9,2,12,60.0,8,3,16,31,1,2,951,20,4,4,44.4,5,55.6,618,0,9,8,773,79,37.1,85,7,1,16,0,2.09,18,4,+14,+1.45,+0.04,12.0,6.9,+5.2,+0.53,-0.26,0,18,0,0,0,67,4,40.0
,Josef de Souza,,,,,,,,,,,,,,,,,,,,,,,,,,,,,,,,,,,,,,,,,,,,,,,,,,,,,,,,,,,,,,,,,,,,,,,,,,,,,,,,,,,,,,,,,,,,,,,,,,,,,,,,,,,,,,,,,,,,,,,,,,0,0,,3,,,,,,,,,,,,,,,,,,,
,Joshua,,,,,,,,,,,,,,,,,,,,,,,,,,,,,,,,,,,,,,,,,,,,,,,,,,,,,,,,,,,,,,,,,,,,,,,,,,,,,,,,,,,,,,,,,,,,,,,,,,,,,,,,,,,,,,,,,,,,,,,,,,0,0,,3,,,,,,,,,,,,,,,,,,,
330,José,br BRA,DF,Cruzeiro,20-038,2005,1,0,1,0.0,0,0,0,0,0,0,0,0,0.0,0.0,0.0,0.0,0,0,0,0.00,0.00,0.00,0.00,0.00,0.00,0.00,0.00,0.00,0.00,Matches,0,0,,0.00,0.00,,,,0,,0.0,0.0,0,0,,0,0,0,0,,0,0,,0,0,,0.0,0.0,0,0,0,0,0,0,0,0,0,0,0,0,0,0,0,0,0,0.00,0,0,0,0,0,0,0.00,0,0,0,0,0,0,0,0,0,0,0,,0,0,0,0,0,0,0,0,0,0,,0,,0,0,0,0,0,1,0.0,,0,1,1,1,3.00,0,0,0,0.00,-0.74,0.0,0.0,0.0,0.00,-0.41,0,0,0,0,0,0,0,
8,José Aldo,br BRA,MF,Mirassol,27-075,1998,22,11,1054,11.7,0,1,1,0,0,0,3,0,0.8,0.8,1.9,2.7,9,74,37,0.00,0.09,0.09,0.00,0.09,0.07,0.16,0.23,0.07,0.23,Matches,16,6,37.5,1.37,0.51,0.00,0.00,21.9,0,0.05,-0.8,-0.8,491,585,83.9,8183,2656,234,264,88.6,181,205,88.3,49,66,74.2,1.5,-0.9,14,47,6,2,569,14,1,7,7,2,1,0,1,0,2,10,42,3.59,34,2,3,0,1,5,0.43,3,1,0,0,0,26,18,16,8,2,14,70.0,6,13,18,44,24,0,740,29,21,11,42.3,15,57.7,399,1,23,16,489,48,45.0,73,2,11,23,4,1.55,23,12,+11,+0.94,+0.73,19.7,14.9,+4.8,+0.41,+0.29,0,26,0,0,0,64,13,54.2
24,José Andrés Martínez,ve VEN,MF,Corinthians,31-062,1994,18,13,1081,12.0,0,1,1,0,0,0,8,0,0.4,0.4,0.9,1.3,14,57,44,0.00,0.08,0.08,0.00,0.08,0.04,0.07,0.11,0.04,0.11,Matches,10,2,20.0,0.83,0.17,0.00,0.00,26.5,0,0.04,-0.4,-0.4,422,526,80.2,8183,2148,178,205,86.8,177,209,84.7,59,79,74.7,1.0,+0.1,9,51,9,3,504,17,1,19,27,4,0,0,0,0,5,10,19,1.58,17,0,1,0,1,1,0.08,1,0,0,0,0,20,18,7,9,4,15,51.7,14,5,12,32,14,2,628,9,5,10,45.5,8,36.4,369,0,15,5,432,60,44.5,72,3,5,30,1,1.06,8,16,-8,-0.67,-1.00,13.9,16.3,-2.5,-0.20,-0.26,0,13,0,1,0,57,5,27.8
286,José Herrera,ar ARG,FW,Fortaleza,22-175,2003,9,5,374,4.2,0,0,0,0,0,0,1,0,1.2,1.2,0.3,1.5,16,11,39,0.00,0.00,0.00,0.00,0.00,0.29,0.08,0.37,0.29,0.37,Matches,17,4,23.5,4.09,0.96,0.00,0.00,21.7,0,0.07,-1.2,-1.2,117,159,73.6,1946,391,61,75,81.3,49,61,80.3,6,14,42.9,0.4,-0.3,4,5,8,1,146,12,0,1,15,3,5,1,4,0,1,4,13,3.13,8,0,2,1,1,1,0.24,0,0,0,0,0,10,7,3,4,3,4,23.5,13,5,2,12,3,0,229,0,13,5,41.7,6,50.0,147,3,14,10,162,42,16.0,54,0,4,26,1,1.22,2,11,-9,-2.17,-1.89,4.8,8.0,-3.2,-0.77,-0.58,0,10,0,0,0,14,6,50.0
296,José Hurtado,ec ECU,DF,RB Bragantino,23-289,2001,20,15,1311,14.6,1,0,1,1,0,0,2,1,0.4,0.4,0.6,1.0,32,60,48,0.07,0.00,0.07,0.07,0.07,0.03,0.04,0.07,0.03,0.07,Matches,10,2,20.0,0.69,0.14,0.10,0.50,21.2,0,0.04,+0.6,+0.6,553,690,80.1,9727,3584,234,265,88.3,268,315,85.1,42,80,52.5,1.1,-0.6,9,47,12,7,570,116,0,4,45,101,0,0,0,0,4,12,32,2.20,23,3,2,0,0,1,0.07,1,0,0,0,0,30,22,14,14,2,16,59.3,11,13,14,44,51,0,851,42,15,16,72.7,5,22.7,426,5,17,9,474,66,54.0,79,8,5,25,1,1.40,18,14,+4,+0.27,+1.00,18.8,15.2,+3.6,+0.25,+0.66,0,19,0,0,0,64,20,43.5
338,José Kadir,pa PAN,"FW,MF",Botafogo (RJ),18-082,2007,2,0,10,0.1,0,0,0,0,0,0,0,0,0.0,0.0,0.0,0.0,0,0,0,0.00,0.00,0.00,0.00,0.00,0.00,0.00,0.00,0.00,0.00,Matches,0,0,,0.00,0.00,,,,0,,0.0,0.0,1,1,100.0,17,0,0,0,,1,1,100.0,0,0,,0.0,0.0,0,0,0,0,0,1,0,0,0,0,0,0,0,0,0,0,1,9.00,0,0,0,1,0,0,0.00,0,0,0,0,0,0,0,0,0,0,0,,0,0,0,0,0,0,3,0,0,0,0.0,0,0.0,2,0,1,0,2,5,0.4,,0,2,5,2,0.50,0,1,-1,-9.00,-9.56,0.1,0.5,-0.4,-3.19,-3.47,0,2,0,0,0,0,0,0.0
70,José Luis Rodríguez Bebanz,uy URU,DF,Vasco da Gama,28-208,1997,17,13,1157,12.9,2,2,4,2,0,0,0,0,0.9,0.9,1.6,2.4,16,32,89,0.16,0.16,0.31,0.16,0.31,0.07,0.12,0.19,0.07,0.19,Matches,17,8,47.1,1.32,0.62,0.12,0.25,17.2,0,0.05,+1.1,+1.1,562,689,81.6,8861,1961,317,348,91.1,202,249,81.1,33,68,48.5,2.1,+0.4,15,30,12,8,598,91,0,13,52,78,0,0,0,0,0,10,29,2.26,25,1,2,1,0,4,0.31,4,0,0,0,0,17,10,7,7,3,10,66.7,5,7,9,26,42,0,815,39,28,7,50.0,7,50.0,456,1,13,11,531,68,47.6,87,12,4,8,8,1.24,18,26,-8,-0.62,-1.26,14.0,18.9,-4.9,-0.38,-0.44,0,8,0,0,0,55,23,59.0
369,José López,ar ARG,"FW,MF",Palmeiras,24-306,2000,23,14,1312,14.6,9,1,10,7,2,2,4,0,8.1,6.5,1.7,8.2,29,45,63,0.62,0.07,0.69,0.48,0.55,0.56,0.12,0.67,0.45,0.56,Matches,56,17,30.4,3.84,1.17,0.13,0.41,17.5,0,0.12,+0.9,+0.5,185,304,60.9,3068,911,93,138,67.4,61,97,62.9,20,34,58.8,1.6,-0.7,21,20,15,2,292,8,4,4,12,3,0,0,0,0,4,5,40,2.74,32,0,2,6,0,6,0.41,4,0,0,2,0,24,16,3,15,6,8,53.3,7,16,5,29,12,0,535,12,84,16,29.6,35,64.8,269,13,43,20,356,57,58.3,80,8,9,22,1,2.13,26,16,+10,+0.69,-0.37,24.0,12.8,+11.2,+0.77,+0.30,0,37,2,0,0,50,60,52.6
603,José Sabino,br BRA,DF,São Paulo,28-348,1996,21,16,1489,16.5,1,0,1,1,0,0,2,0,1.5,1.5,0.3,1.7,18,82,7,0.06,0.00,0.06,0.06,0.06,0.09,0.02,0.10,0.09,0.10,Matches,13,4,30.8,0.79,0.24,0.08,0.25,14.1,0,0.11,-0.5,-0.5,727,869,83.7,14030,5795,226,257,87.9,433,474,91.4,64,125,51.2,0.2,-0.3,3,90,3,0,832,35,1,4,4,9,0,0,0,0,2,4,23,1.39,19,3,1,0,0,1,0.06,1,0,0,0,0,20,14,16,3,1,9,56.3,7,2,37,57,112,1,1096,120,15,6,75.0,2,25.0,649,1,10,3,688,71,61.3,87,15,5,19,6,1.62,22,16,+6,+0.36,+0.65,23.1,16.6,+6.5,+0.39,+0.30,0,23,0,0,0,70,41,55.4
469,José Vitor Silva Neves,br BRA,FW,Mirassol,25-159,2000,2,0,25,0.3,0,0,0,0,0,0,1,0,0.0,0.0,0.0,0.0,0,1,0,0.00,0.00,0.00,0.00,0.00,0.00,0.00,0.00,0.00,0.00,Matches,0,0,,0.00,0.00,,,,0,,0.0,0.0,7,11,63.6,102,20,2,3,66.7,4,5,80.0,0,0,,0.0,0.0,0,0,0,0,11,0,0,0,0,0,0,0,0,0,0,1,0,0.00,0,0,0,0,0,0,0.00,0,0,0,0,0,2,0,0,1,1,1,50.0,1,0,0,2,0,0,19,0,0,1,50.0,1,50.0,10,0,2,1,10,13,1.1,,0,2,13,0,3.00,1,0,+1,+3.60,+3.09,0.8,0.3,+0.5,+1.81,+1.58,0,2,0,0,0,3,2,66.7
700,José Welison,br BRA,MF,Fortaleza,30-211,1995,9,4,437,4.9,0,0,0,0,0,0,3,0,0.2,0.2,0.1,0.3,2,21,7,0.00,0.00,0.00,0.00,0.00,0.04,0.02,0.06,0.04,0.06,Matches,5,0,0.0,1.03,0.00,0.00,,28.8,1,0.04,-0.2,-0.2,182,220,82.7,3119,884,79,89,88.8,80,91,87.9,14,29,48.3,0.2,-0.1,5,25,2,1,207,12,0,0,7,3,1,0,1,0,1,1,9,1.85,9,0,0,0,0,0,0.00,0,0,0,0,0,16,8,9,5,2,8,66.7,4,7,5,21,10,2,270,19,2,1,100.0,0,0.0,134,0,2,4,160,49,18.7,85,3,5,19,6,0.78,3,12,-9,-1.85,-1.57,5.3,8.4,-3.1,-0.63,-0.43,0,7,0,0,0,24,7,70.0
,Jota,,,,,,,,,,,,,,,,,,,,,,,,,,,,,,,,,,,,,,,,,,,,,,,,,,,,,,,,,,,,,,,,,,,,,,,,,,,,,,,,,,,,,,,,,,,,,,,,,,,,,,,,,,,,,,,,,,,,,,,,,,0,0,,6,,,,,,,,,,,,,,,,,,,
,João Alencar,,,,,,,,,,,,,,,,,,,,,,,,,,,,,,,,,,,,,,,,,,,,,,,,,,,,,,,,,,,,,,,,,,,,,,,,,,,,,,,,,,,,,,,,,,,,,,,,,,,,,,,,,,,,,,,,,,,,,,,,,,0,0,,1,,,,,,,,,,,,,,,,,,,
,João Alves,,,,,,,,,,,,,,,,,,,,,,,,,,,,,,,,,,,,,,,,,,,,,,,,,,,,,,,,,,,,,,,,,,,,,,,,,,,,,,,,,,,,,,,,,,,,,,,,,,,,,,,,,,,,,,,,,,,,,,,,,,0,0,,2,,,,,,,,,,,,,,,,,,,
,João Ananias,,,,,,,,,,,,,,,,,,,,,,,,,,,,,,,,,,,,,,,,,,,,,,,,,,,,,,,,,,,,,,,,,,,,,,,,,,,,,,,,,,,,,,,,,,,,,,,,,,,,,,,,,,,,,,,,,,,,,,,,,,0,0,,3,,,,,,,,,,,,,,,,,,,
,João Coni,,,,,,,,,,,,,,,,,,,,,,,,,,,,,,,,,,,,,,,,,,,,,,,,,,,,,,,,,,,,,,,,,,,,,,,,,,,,,,,,,,,,,,,,,,,,,,,,,,,,,,,,,,,,,,,,,,,,,,,,,,0,0,,1,,,,,,,,,,,,,,,,,,,
,João Loiola,,,,,,,,,,,,,,,,,,,,,,,,,,,,,,,,,,,,,,,,,,,,,,,,,,,,,,,,,,,,,,,,,,,,,,,,,,,,,,,,,,,,,,,,,,,,,,,,,,,,,,,,,,,,,,,,,,,,,,,,,,0,0,,1,,,,,,,,,,,,,,,,,,,
375,João Lucas,br BRA,DF,Grêmio,27-213,1998,3,1,135,1.5,0,0,0,0,0,0,1,0,0.0,0.0,0.0,0.0,0,2,2,0.00,0.00,0.00,0.00,0.00,0.00,0.03,0.03,0.00,0.03,Matches,0,0,,0.00,0.00,,,,0,,0.0,0.0,33,46,71.7,591,279,19,20,95.0,10,16,62.5,4,9,44.4,0.0,0.0,1,2,0,0,31,15,0,0,1,14,0,0,0,0,0,2,1,0.67,0,1,0,0,0,0,0.00,0,0,0,0,0,5,4,4,1,0,4,80.0,1,3,0,5,9,0,69,9,0,0,0.0,2,100.0,21,0,1,0,23,45,5.6,45,0,2,45,7,1.00,0,3,-3,-2.00,-1.92,0.3,4.8,-4.5,-2.97,-2.58,0,4,0,0,0,4,0,0.0
400,João Marcelo,br BRA,DF,Cruzeiro,25-117,2000,2,0,46,0.5,0,0,0,0,0,0,0,0,0.0,0.0,0.1,0.1,2,2,0,0.00,0.00,0.00,0.00,0.00,0.08,0.20,0.28,0.08,0.28,Matches,1,0,0.0,1.96,0.00,0.00,,11.2,0,0.04,0.0,0.0,30,31,96.8,476,134,16,16,100.0,12,13,92.3,1,1,100.0,0.2,-0.1,1,3,0,0,29,2,0,0,0,0,0,0,0,0,0,0,1,1.96,1,0,0,0,0,0,0.00,0,0,0,0,0,0,0,0,0,0,0,,0,0,2,2,5,0,39,5,2,0,,0,,23,0,0,0,27,23,1.9,,0,2,23,1,0.50,1,0,+1,+1.96,+1.24,1.0,0.8,+0.1,+0.27,-0.15,0,1,0,0,0,0,5,100.0
401,João Marcelo,br BRA,FW,Atlético Mineiro,20-176,2005,7,0,68,0.8,1,1,2,1,0,0,0,0,0.6,0.6,0.1,0.7,1,4,11,1.32,1.32,2.65,1.32,2.65,0.84,0.09,0.93,0.84,0.93,Matches,1,0,0.0,1.96,0.00,0.00,,11.2,0,0.04,0.0,0.0,30,31,96.8,476,134,16,16,100.0,12,13,92.3,1,1,100.0,0.2,-0.1,1,3,0,0,29,2,0,0,0,0,0,0,0,0,0,0,1,1.96,1,0,0,0,0,0,0.00,0,0,0,0,0,0,0,0,0,0,0,,0,0,2,2,5,0,39,5,2,0,,0,,23,0,0,0,27,23,1.9,,0,2,23,1,0.50,1,0,+1,+1.96,+1.24,1.0,0.8,+0.1,+0.27,-0.15,0,1,0,0,0,0,5,100.0
,João Neto,,,,,,,,,,,,,,,,,,,,,,,,,,,,,,,,,,,,,,,,,,,,,,,,,,,,,,,,,,,,,,,,,,,,,,,,,,,,,,,,,,,,,,,,,,,,,,,,,,,,,,,,,,,,,,,,,,,,,,,,,,0,0,,7,,,,,,,,,,,,,,,,,,,
486,João Othavio Basso,br BRA,DF,Santos,28-268,1997,6,6,518,5.8,1,0,1,1,0,0,2,0,0.2,0.2,0.0,0.2,3,8,0,0.17,0.00,0.17,0.17,0.17,0.03,0.00,0.04,0.03,0.04,Matches,1,1,100.0,0.17,0.17,1.00,1.00,9.1,0,0.19,+0.8,+0.8,219,258,84.9,4282,1616,72,79,91.1,125,138,90.6,22,36,61.1,0.0,0.0,1,17,0,0,235,23,0,1,0,3,0,0,0,0,0,3,3,0.52,3,0,0,0,0,0,0.00,0,0,0,0,0,7,4,7,0,0,3,60.0,2,1,5,12,25,0,308,48,4,2,100.0,0,0.0,142,0,2,1,184,86,22.1,86,4,0,,13,1.67,8,7,+1,+0.17,+0.87,6.8,9.7,-2.9,-0.51,-0.52,0,10,0,0,0,14,15,78.9
,João Paulo,,,,,,,,,,,,,,,,,,,,,,,,,,,,,,,,,,,,,,,,,,,,,,,,,,,,,,,,,,,,,,,,,,,,,,,,,,,,,,,,,,,,,,,,,,,,,,,,,,,,,,,,,,,,,,,,,,,,,,,,,,0,0,,1,,,,,,,,,,,,,,,,,,,
505,João Pedro,br BRA,DF,Corinthians,21-281,2003,7,4,432,4.8,0,1,1,0,0,0,4,0,0.0,0.0,0.1,0.1,2,20,1,0.00,0.21,0.21,0.00,0.21,0.01,0.01,0.02,0.01,0.02,Matches,1,0,0.0,0.21,0.00,0.00,,13.7,0,0.03,0.0,0.0,212,245,86.5,4180,1784,63,69,91.3,123,130,94.6,24,41,58.5,0.1,+0.9,2,19,1,0,231,14,0,0,1,1,0,0,0,0,0,3,2,0.42,2,0,0,0,0,0,0.00,0,0,0,0,0,9,4,6,3,0,4,57.1,3,3,4,13,24,0,304,43,4,2,66.7,1,33.3,179,0,1,2,192,62,17.8,87,3,3,28,17,1.43,6,2,+4,+0.83,+1.15,6.3,5.1,+1.2,+0.24,+0.37,0,10,0,0,0,20,6,46.2
506,João Pedro,br BRA,DF,Grêmio,28-327,1996,7,6,454,5.0,0,0,0,0,0,0,0,0,0.1,0.1,0.2,0.2,10,29,18,0.00,0.00,0.00,0.00,0.00,0.01,0.03,0.04,0.01,0.04,Matches,1,0,0.0,0.21,0.00,0.00,,13.7,0,0.03,0.0,0.0,212,245,86.5,4180,1784,63,69,91.3,123,130,94.6,24,41,58.5,0.1,+0.9,2,19,1,0,231,14,0,0,1,1,0,0,0,0,0,3,2,0.42,2,0,0,0,0,0,0.00,0,0,0,0,0,9,4,6,3,0,4,57.1,3,3,4,13,24,0,304,43,4,2,66.7,1,33.3,179,0,1,2,192,62,17.8,87,3,3,28,17,1.43,6,2,+4,+0.83,+1.15,6.3,5.1,+1.2,+0.24,+0.37,0,10,0,0,0,20,6,46.2
504,João Pedro Chermont,br BRA,DF,Santos,19-263,2006,5,2,249,2.8,0,0,0,0,0,0,3,0,0.1,0.1,0.8,0.9,4,9,13,0.00,0.00,0.00,0.00,0.00,0.02,0.29,0.31,0.02,0.31,Matches,2,1,50.0,0.72,0.36,0.00,0.00,26.4,0,0.03,-0.1,-0.1,93,124,75.0,1610,538,45,50,90.0,37,51,72.5,10,15,66.7,0.5,-0.8,2,7,5,4,103,21,0,0,12,20,0,0,0,0,0,2,7,2.53,7,0,0,0,0,0,0.00,0,0,0,0,0,10,8,5,5,0,7,100.0,0,1,3,13,12,0,162,10,5,1,33.3,2,66.7,77,1,2,0,79,50,10.6,90,2,3,23,9,1.17,6,6,0,0.00,+0.56,4.6,4.0,+0.6,+0.20,+0.35,0,9,0,0,0,9,5,71.4
507,João Pedro Pepê,br BRA,MF,Vitória,27-275,1998,13,6,609,6.8,0,0,0,0,0,0,3,1,0.1,0.1,0.1,0.2,9,28,8,0.00,0.00,0.00,0.00,0.00,0.01,0.02,0.02,0.01,0.02,Matches,3,1,33.3,0.44,0.15,0.00,0.00,31.8,0,0.02,-0.1,-0.1,237,291,81.4,3862,1165,127,142,89.4,76,91,83.5,25,43,58.1,0.3,-0.1,3,29,1,1,266,24,0,4,10,5,5,3,2,0,1,2,11,1.63,11,0,0,0,0,2,0.30,2,0,0,0,0,22,14,6,12,4,11,73.3,4,5,9,31,11,0,369,20,4,3,37.5,4,50.0,178,0,9,5,220,47,25.1,81,4,7,17,5,1.08,5,18,-13,-1.92,-1.67,6.5,12.5,-6.0,-0.89,-0.61,0,22,0,0,0,38,8,57.1
557,João Ricardo Riedi,br BRA,GK,Fortaleza,37-032,1988,14,14,1260,14.0,0,0,0,0,0,0,1,0,0.0,0.0,0.1,0.1,0,0,0,0.00,0.00,0.00,0.00,0.00,0.00,0.00,0.00,0.00,0.00,Matches,0,0,,0.00,0.00,,,,0,,0.0,0.0,280,391,71.6,8630,6893,56,56,100.0,118,118,100.0,105,215,48.8,0.0,-0.1,1,7,0,0,255,136,0,1,0,0,0,0,0,0,0,0,4,0.29,3,1,0,0,0,0,0.00,0,0,0,0,0,0,0,0,0,0,0,,0,0,0,0,8,0,422,347,0,0,,0,,217,0,0,0,159,90,53.8,90,14,0,,2,1.14,15,18,-3,-0.21,+0.79,15.8,16.7,-0.9,-0.07,+0.46,0,1,0,1,1,12,1,50.0
619,João Schmidt,br BRA,MF,Santos,32-142,1993,20,16,1382,15.4,0,1,1,0,0,0,5,0,0.7,0.7,0.8,1.5,4,98,7,0.00,0.07,0.07,0.00,0.07,0.05,0.05,0.10,0.05,0.10,Matches,12,2,16.7,0.78,0.13,0.00,0.00,16.6,0,0.06,-0.7,-0.7,734,824,89.1,12708,4605,326,345,94.5,328,354,92.7,62,89,69.7,0.6,+0.2,9,96,9,0,793,26,1,4,2,1,0,0,0,0,5,8,22,1.43,20,1,0,0,0,1,0.07,1,0,0,0,0,30,16,9,17,4,12,42.9,16,18,18,48,42,0,981,65,13,2,66.7,1,33.3,551,0,12,10,667,69,59.1,84,9,4,10,2,1.05,16,23,-7,-0.46,+0.11,17.9,19.1,-1.2,-0.08,+0.07,0,32,0,0,0,69,29,64.4
630,João Silva,pt POR,DF,Sport Recife,26-267,1999,12,9,855,9.5,0,0,0,0,0,0,1,0,0.2,0.2,0.5,0.6,4,45,0,0.00,0.00,0.00,0.00,0.00,0.02,0.05,0.07,0.02,0.07,Matches,4,1,25.0,0.42,0.11,0.00,0.00,9.7,0,0.04,-0.2,-0.2,362,436,83.0,7588,2988,97,109,89.0,214,231,92.6,48,85,56.5,0.4,-0.5,1,35,3,0,422,14,1,2,2,2,0,0,0,0,0,5,6,0.63,6,0,0,0,0,0,0.00,0,0,0,0,0,9,6,7,1,1,2,25.0,6,3,7,16,36,0,520,67,9,1,100.0,0,0.0,290,1,7,2,349,71,38.0,90,8,3,16,13,0.50,6,18,-12,-1.26,-0.81,8.5,15.7,-7.2,-0.76,-0.44,0,11,0,0,0,21,22,53.7
677,João Victor,br BRA,DF,Mirassol,28-036,1997,22,22,1979,22.0,1,1,2,1,0,0,6,1,1.7,1.7,0.7,2.4,7,55,4,0.05,0.05,0.09,0.05,0.09,0.08,0.03,0.11,0.08,0.11,Matches,9,2,22.2,0.41,0.09,0.11,0.50,16.1,0,0.19,-0.7,-0.7,937,1029,91.1,17740,6255,355,374,94.9,459,482,95.2,112,152,73.7,0.6,+0.3,4,29,0,0,958,70,0,7,1,3,0,0,0,0,1,5,16,0.73,12,0,0,0,2,2,0.09,1,0,0,0,0,19,12,9,9,1,10,76.9,3,9,22,41,128,0,1271,245,13,1,25.0,2,50.0,726,0,9,1,791,90,84.6,90,21,0,,0,1.59,36,26,+10,+0.45,-0.54,33.3,27.8,+5.5,+0.25,0.00,0,18,0,1,0,80,48,66.7
678,João Victor,br BRA,FW,Ceará,21-164,2004,1,0,6,0.1,0,0,0,0,0,0,0,0,0.0,0.0,0.0,0.0,0,0,1,0.00,0.00,0.00,0.00,0.00,0.00,0.00,0.00,0.00,0.00,Matches,9,2,22.2,0.41,0.09,0.11,0.50,16.1,0,0.19,-0.7,-0.7,937,1029,91.1,17740,6255,355,374,94.9,459,482,95.2,112,152,73.7,0.6,+0.3,4,29,0,0,958,70,0,7,1,3,0,0,0,0,1,5,16,0.73,12,0,0,0,2,2,0.09,1,0,0,0,0,19,12,9,9,1,10,76.9,3,9,22,41,128,0,1271,245,13,1,25.0,2,50.0,726,0,9,1,791,90,84.6,90,21,0,,0,1.59,36,26,+10,+0.45,-0.54,33.3,27.8,+5.5,+0.25,0.00,0,18,0,1,0,80,48,66.7
679,João Victor,br BRA,DF,Vasco da Gama,27-083,1998,16,16,1435,15.9,1,0,1,1,0,0,3,0,1.6,1.6,0.1,1.7,5,70,7,0.06,0.00,0.06,0.06,0.06,0.10,0.01,0.11,0.10,0.11,Matches,9,2,22.2,0.41,0.09,0.11,0.50,16.1,0,0.19,-0.7,-0.7,937,1029,91.1,17740,6255,355,374,94.9,459,482,95.2,112,152,73.7,0.6,+0.3,4,29,0,0,958,70,0,7,1,3,0,0,0,0,1,5,16,0.73,12,0,0,0,2,2,0.09,1,0,0,0,0,19,12,9,9,1,10,76.9,3,9,22,41,128,0,1271,245,13,1,25.0,2,50.0,726,0,9,1,791,90,84.6,90,21,0,,0,1.59,36,26,+10,+0.45,-0.54,33.3,27.8,+5.5,+0.25,0.00,0,18,0,1,0,80,48,66.7
,João Wellington,,,,,,,,,,,,,,,,,,,,,,,,,,,,,,,,,,,,,,,,,,,,,,,,,,,,,,,,,,,,,,,,,,,,,,,,,,,,,,,,,,,,,,,,,,,,,,,,,,,,,,,,,,,,,,,,,,,,,,,,,,0,0,,13,,,,,,,,,,,,,,,,,,,
223,Juan Freytes,ar ARG,DF,Fluminense,25-270,2000,21,21,1889,21.0,0,0,0,0,0,0,3,1,0.5,0.5,0.1,0.7,14,78,6,0.00,0.00,0.00,0.00,0.00,0.02,0.01,0.03,0.02,0.03,Matches,16,3,18.8,0.76,0.14,0.00,0.00,21.3,0,0.03,-0.5,-0.5,1255,1456,86.2,25572,10394,399,426,93.7,683,725,94.2,167,272,61.4,0.5,-0.1,4,85,5,1,1390,66,0,20,6,4,0,0,0,0,0,19,21,1.00,19,0,0,1,0,2,0.10,1,0,0,1,0,14,9,11,2,1,10,50.0,10,9,13,27,129,3,1676,236,14,9,69.2,3,23.1,1089,0,9,4,1219,90,84.0,90,20,0,,0,1.38,29,29,0,0.00,-0.50,22.3,20.7,+1.6,+0.08,-0.10,0,12,1,0,0,90,38,52.1
301,Juan Ignacio Dinenno,ar ARG,FW,Cruzeiro,31-041,1994,1,0,12,0.1,0,0,0,0,0,0,0,0,0.0,0.0,0.0,0.0,0,0,0,0.00,0.00,0.00,0.00,0.00,0.00,0.00,0.00,0.00,0.00,Matches,0,0,,0.00,0.00,,,,0,,0.0,0.0,0,0,,0,0,0,0,,0,0,,0,0,,0.0,0.0,0,0,0,0,0,0,0,0,0,0,0,0,0,0,0,0,0,0.00,0,0,0,0,0,0,0.00,0,0,0,0,0,0,0,0,0,0,0,,0,0,0,0,0,0,0,0,0,0,,0,,1,0,0,0,1,12,0.5,,0,1,12,5,0.00,0,0,0,0.00,-0.74,0.1,0.1,+0.1,+0.44,+0.03,0,0,0,0,0,0,0,0.0
302,Juan Ignacio Dinenno,ar ARG,FW,São Paulo,31-041,1994,7,3,262,2.9,1,0,1,1,0,0,2,0,1.0,1.0,0.1,1.1,1,1,14,0.34,0.00,0.34,0.34,0.34,0.33,0.04,0.37,0.33,0.37,Matches,0,0,,0.00,0.00,,,,0,,0.0,0.0,0,0,,0,0,0,0,,0,0,,0,0,,0.0,0.0,0,0,0,0,0,0,0,0,0,0,0,0,0,0,0,0,0,0.00,0,0,0,0,0,0,0.00,0,0,0,0,0,0,0,0,0,0,0,,0,0,0,0,0,0,0,0,0,0,,0,,1,0,0,0,1,12,0.5,,0,1,12,5,0.00,0,0,0,0.00,-0.74,0.1,0.1,+0.1,+0.44,+0.03,0,0,0,0,0,0,0,0.0
303,Juan Ignacio Ramírez,uy URU,FW,Sport Recife,28-249,1997,7,3,289,3.2,0,0,0,0,0,0,1,0,0.8,0.8,0.0,0.8,1,2,14,0.00,0.00,0.00,0.00,0.00,0.25,0.01,0.26,0.25,0.26,Matches,7,3,42.9,2.18,0.93,0.00,0.00,16.4,0,0.11,-0.8,-0.8,27,41,65.9,310,86,20,26,76.9,5,10,50.0,0,0,,0.1,0.0,1,2,0,0,34,7,0,0,0,0,0,0,0,0,0,1,3,0.94,1,0,1,0,0,0,0.00,0,0,0,0,0,2,1,0,1,1,1,50.0,1,3,0,2,1,0,68,1,9,1,16.7,5,83.3,39,1,5,3,46,41,12.8,64,1,4,24,6,0.57,1,3,-2,-0.62,+0.16,3.2,4.1,-0.9,-0.27,+0.26,0,6,0,0,0,5,5,41.7
411,Juan Martín Lucero,ar ARG,FW,Fortaleza,33-312,1991,23,14,1264,14.0,3,1,4,3,0,1,5,0,5.1,4.3,2.3,6.6,5,14,54,0.21,0.07,0.28,0.21,0.28,0.36,0.17,0.53,0.30,0.47,Matches,27,10,37.0,1.92,0.71,0.11,0.30,15.2,0,0.16,-2.1,-1.3,160,221,72.4,2157,319,89,120,74.2,53,69,76.8,6,8,75.0,1.9,-1.3,12,8,5,1,190,30,1,0,5,2,0,0,0,0,1,4,24,1.71,18,0,0,3,0,1,0.07,1,0,0,0,0,16,5,3,6,7,5,29.4,12,10,2,18,7,1,339,8,43,1,20.0,4,80.0,146,3,30,12,211,55,54.0,78,4,9,20,2,0.91,15,19,-4,-0.28,+0.64,15.0,21.5,-6.5,-0.46,-0.39,0,33,0,0,0,19,24,34.8
624,Juan Sforza,ar ARG,MF,Vasco da Gama,23-236,2002,2,1,71,0.8,0,0,0,0,0,0,0,0,0.0,0.0,0.0,0.0,1,4,0,0.00,0.00,0.00,0.00,0.00,0.00,0.02,0.02,0.00,0.02,Matches,0,0,,0.00,0.00,,,,0,,0.0,0.0,87,91,95.6,1550,488,40,42,95.2,39,40,97.5,7,7,100.0,0.0,0.0,1,10,0,0,88,3,1,3,0,0,0,0,0,0,0,1,4,5.07,4,0,0,0,0,0,0.00,0,0,0,0,0,1,1,1,0,0,1,50.0,1,0,1,2,1,0,94,3,1,0,,0,,59,0,0,0,77,36,2.9,66,0,1,5,8,0.00,1,2,-1,-1.27,-1.34,0.5,0.6,-0.1,-0.12,+0.02,0,1,0,0,0,4,0,
625,Juan Sforza,ar ARG,MF,Juventude,23-236,2002,4,1,172,1.9,0,0,0,0,0,0,0,0,0.1,0.1,0.0,0.1,1,9,0,0.00,0.00,0.00,0.00,0.00,0.05,0.01,0.06,0.05,0.06,Matches,0,0,,0.00,0.00,,,,0,,0.0,0.0,87,91,95.6,1550,488,40,42,95.2,39,40,97.5,7,7,100.0,0.0,0.0,1,10,0,0,88,3,1,3,0,0,0,0,0,0,0,1,4,5.07,4,0,0,0,0,0,0.00,0,0,0,0,0,1,1,1,0,0,1,50.0,1,0,1,2,1,0,94,3,1,0,,0,,59,0,0,0,77,36,2.9,66,0,1,5,8,0.00,1,2,-1,-1.27,-1.34,0.5,0.6,-0.1,-0.12,+0.02,0,1,0,0,0,4,0,
127,Julio Cesar,br BRA,DF,Fluminense,18-336,2006,3,2,176,2.0,0,1,1,0,0,0,0,0,0.3,0.3,0.2,0.5,11,3,4,0.00,0.51,0.51,0.00,0.51,0.15,0.09,0.24,0.15,0.24,Matches,4,0,0.0,2.05,0.00,0.00,,16.7,0,0.07,-0.3,-0.3,81,103,78.6,1145,420,49,52,94.2,27,37,73.0,2,5,40.0,0.1,+0.8,4,3,2,2,84,19,0,0,8,14,3,0,0,0,0,3,8,4.09,5,0,1,0,1,1,0.51,1,0,0,0,0,3,2,2,1,0,2,100.0,0,0,4,7,5,0,124,3,6,3,75.0,0,0.0,56,3,1,2,80,59,7.8,79,1,1,18,3,1.33,2,3,-1,-0.51,-0.64,1.5,1.4,+0.1,+0.05,-0.05,0,2,0,0,0,6,1,25.0
334,Juninho,br BRA,FW,Flamengo,28-321,1996,11,2,279,3.1,0,0,0,0,0,0,0,0,0.8,0.8,0.2,1.0,0,4,21,0.00,0.00,0.00,0.00,0.00,0.26,0.07,0.33,0.26,0.33,Matches,10,2,20.0,3.23,0.65,0.00,0.00,16.1,0,0.08,-0.8,-0.8,32,39,82.1,435,64,18,22,81.8,12,13,92.3,0,0,,0.1,-0.2,3,1,1,0,35,3,0,0,0,0,0,0,0,0,1,1,8,2.60,5,0,0,1,0,0,0.00,0,0,0,0,0,7,6,1,4,2,1,25.0,3,2,1,8,4,0,79,3,11,0,0.0,5,83.3,44,0,9,9,51,25,11.9,78,0,9,14,7,1.91,3,2,+1,+0.32,-1.25,3.7,2.2,+1.5,+0.47,-0.25,0,6,0,0,0,8,6,42.9
335,Juninho,br BRA,DF,Internacional,29-286,1995,13,13,1141,12.7,0,0,0,0,0,0,3,0,1.0,1.0,0.0,1.0,6,45,3,0.00,0.00,0.00,0.00,0.00,0.08,0.00,0.08,0.08,0.08,Matches,10,2,20.0,3.23,0.65,0.00,0.00,16.1,0,0.08,-0.8,-0.8,32,39,82.1,435,64,18,22,81.8,12,13,92.3,0,0,,0.1,-0.2,3,1,1,0,35,3,0,0,0,0,0,0,0,0,1,1,8,2.60,5,0,0,1,0,0,0.00,0,0,0,0,0,7,6,1,4,2,1,25.0,3,2,1,8,4,0,79,3,11,0,0.0,5,83.3,44,0,9,9,51,25,11.9,78,0,9,14,7,1.91,3,2,+1,+0.32,-1.25,3.7,2.2,+1.5,+0.47,-0.25,0,6,0,0,0,8,6,42.9
111,Juninho Capixaba,br BRA,DF,RB Bragantino,28-094,1997,14,12,1129,12.5,1,0,1,1,0,0,1,0,1.6,1.6,1.7,3.3,21,86,53,0.08,0.00,0.08,0.08,0.08,0.12,0.14,0.26,0.12,0.26,Matches,17,4,23.5,1.36,0.32,0.06,0.25,18.5,3,0.09,-0.6,-0.6,621,789,78.7,12016,5104,236,277,85.2,289,347,83.3,85,126,67.5,1.8,-1.7,18,70,12,4,641,144,1,7,30,102,1,0,1,0,4,16,42,3.35,32,6,0,2,0,2,0.16,2,0,0,0,0,34,25,17,14,3,14,51.9,13,16,16,50,58,1,980,58,16,7,21.9,19,59.4,493,2,17,7,557,81,46.5,90,12,2,25,0,2.14,17,10,+7,+0.56,+1.39,16.9,12.6,+4.2,+0.34,+0.73,0,18,0,0,0,63,22,53.7
18,Júnior Alonso,py PAR,DF,Atlético Mineiro,32-241,1993,22,22,1858,20.6,0,1,1,0,0,0,3,2,0.4,0.4,0.1,0.6,22,119,15,0.00,0.05,0.05,0.00,0.05,0.02,0.01,0.03,0.02,0.03,Matches,11,3,27.3,0.53,0.15,0.00,0.00,17.5,0,0.04,-0.4,-0.4,1228,1409,87.2,23074,8649,428,459,93.2,658,722,91.1,124,183,67.8,0.4,+0.9,5,119,6,1,1293,108,0,5,8,31,0,0,0,0,8,13,20,0.97,18,1,0,0,0,2,0.10,2,0,0,0,0,27,16,16,10,1,17,68.0,8,4,25,52,102,0,1613,160,18,2,66.7,1,33.3,942,2,5,4,1071,84,82.6,84,15,0,,0,1.23,19,24,-5,-0.24,+0.22,22.3,20.5,+1.8,+0.09,+0.27,0,18,0,0,1,91,43,57.3
612,Júnior Santos,br BRA,"FW,MF",Atlético Mineiro,30-362,1994,16,1,361,4.0,2,0,2,2,0,0,1,0,2.1,2.1,0.1,2.2,14,10,32,0.50,0.00,0.50,0.50,0.50,0.53,0.01,0.54,0.53,0.54,Matches,10,4,40.0,2.49,1.00,0.20,0.50,13.1,0,0.21,-0.1,-0.1,81,95,85.3,1077,260,51,55,92.7,22,26,84.6,3,4,75.0,0.2,-0.1,2,8,1,1,91,4,1,0,2,3,0,0,0,0,0,3,12,2.99,9,0,0,1,0,1,0.25,0,0,0,0,0,5,4,2,2,1,2,50.0,2,2,0,5,3,1,159,2,17,8,30.8,14,53.8,99,6,15,12,118,23,16.0,67,0,15,20,2,1.25,9,7,+2,+0.50,+0.93,7.3,4.4,+2.9,+0.72,+0.81,0,9,0,0,0,13,5,20.8
339,Kaiki,br BRA,DF,Cruzeiro,22-214,2003,25,25,2203,24.5,1,3,4,1,0,0,8,0,3.0,3.0,2.8,5.8,51,79,115,0.04,0.12,0.16,0.04,0.16,0.12,0.11,0.24,0.12,0.24,Matches,36,8,22.2,1.47,0.33,0.03,0.13,15.9,0,0.08,-2.0,-2.0,698,938,74.4,10980,4141,355,399,89.0,293,387,75.7,37,107,34.6,1.6,+0.2,20,57,18,9,706,229,1,0,66,218,0,0,0,0,3,22,46,1.88,31,3,5,1,1,4,0.16,2,0,0,0,0,74,60,51,17,6,27,69.2,12,21,31,105,107,0,1321,99,50,28,43.8,34,53.1,578,10,31,30,647,88,90.7,88,21,0,,0,1.92,36,19,+17,+0.69,-0.49,33.6,21.8,+11.9,+0.48,+0.78,0,48,0,0,0,119,36,51.4
460,Kaiky Naves,br BRA,DF,Palmeiras,23-153,2002,1,0,19,0.2,0,0,0,0,0,0,0,0,0.0,0.0,0.0,0.0,0,0,0,0.00,0.00,0.00,0.00,0.00,0.00,0.00,0.00,0.00,0.00,Matches,0,0,,0.00,0.00,,,,0,,0.0,0.0,4,6,66.7,112,39,1,1,100.0,2,2,100.0,1,3,33.3,0.0,0.0,0,1,0,0,6,0,0,0,0,0,0,0,0,0,0,0,0,0.00,0,0,0,0,0,0,0.00,0,0,0,0,0,1,0,0,1,0,1,100.0,0,0,0,1,3,0,10,2,0,0,,0,,4,0,0,0,4,19,0.8,,0,1,19,6,3.00,0,0,0,0.00,-0.85,0.0,0.9,-0.9,-4.31,-4.99,0,1,0,1,0,0,0,0.0
328,Kaio Jorge,br BRA,FW,Cruzeiro,23-257,2002,25,25,1963,21.8,15,6,21,15,0,1,3,0,12.4,11.6,2.4,14.1,43,29,142,0.69,0.28,0.96,0.69,0.96,0.57,0.11,0.68,0.53,0.64,Matches,76,29,38.2,3.48,1.33,0.20,0.52,16.9,1,0.15,+2.6,+3.4,264,358,73.7,3770,608,148,181,81.8,65,84,77.4,22,31,71.0,1.2,+3.6,22,9,10,0,322,34,1,7,14,4,0,0,0,0,2,13,55,2.52,32,0,3,11,0,12,0.55,6,0,2,2,0,9,6,2,5,2,4,44.4,5,13,5,14,6,0,629,11,121,22,37.9,31,53.4,386,27,69,21,468,79,80.8,79,5,0,,1,2.04,34,15,+19,+0.87,+0.68,30.1,17.4,+12.6,+0.58,+0.88,0,29,2,0,0,41,30,36.1
493,Kaio Pantaleão,br BRA,DF,Botafogo (RJ),30-030,1995,11,11,933,10.4,0,0,0,0,0,0,2,1,0.6,0.6,0.0,0.7,10,30,5,0.00,0.00,0.00,0.00,0.00,0.06,0.00,0.06,0.06,0.06,Matches,8,2,25.0,0.77,0.19,0.00,0.00,13.4,0,0.08,-0.6,-0.6,480,545,88.1,8592,2613,179,195,91.8,261,279,93.5,35,59,59.3,0.1,0.0,1,33,0,0,528,16,0,2,1,1,0,0,0,0,1,6,8,0.77,8,0,0,0,0,0,0.00,0,0,0,0,0,10,8,4,5,1,3,33.3,6,5,15,25,56,1,659,67,10,4,44.4,2,22.2,408,1,5,4,448,85,38.4,85,8,0,,0,1.73,15,10,+5,+0.48,-0.06,14.7,10.6,+4.1,+0.40,+0.20,1,12,0,0,0,53,29,63.0
,Kaique Rocha,,,,,,,,,,,,,,,,,,,,,,,,,,,,,,,,,,,,,,,,,,,,,,,,,,,,,,,,,,,,,,,,,,,,,,,,,,,,,,,,,,,,,,,,,,,,,,,,,,,,,,,,,,,,,,,,,,,,,,,,,,0,0,,6,,,,,,,,,,,,,,,,,,,
342,Kanu,br BRA,DF,Bahia,28-215,1997,2,2,102,1.1,0,0,0,0,0,0,0,0,0.0,0.0,0.1,0.1,0,3,0,0.00,0.00,0.00,0.00,0.00,0.00,0.05,0.05,0.00,0.05,Matches,0,0,,0.00,0.00,,,,0,,0.0,0.0,57,60,95.0,1111,392,16,17,94.1,35,36,97.2,6,7,85.7,0.0,-0.1,1,4,0,0,56,4,0,0,0,0,0,0,0,0,0,0,4,3.53,4,0,0,0,0,0,0.00,0,0,0,0,0,1,1,1,0,0,1,50.0,1,1,5,6,2,0,71,13,1,0,,0,,46,0,1,0,48,51,4.4,51,1,0,,2,1.00,1,1,0,0.00,-0.16,1.5,0.5,+0.9,+0.80,+0.92,0,1,0,0,0,4,1,25.0
,Kauan,,,,,,,,,,,,,,,,,,,,,,,,,,,,,,,,,,,,,,,,,,,,,,,,,,,,,,,,,,,,,,,,,,,,,,,,,,,,,,,,,,,,,,,,,,,,,,,,,,,,,,,,,,,,,,,,,,,,,,,,,,0,0,,2,,,,,,,,,,,,,,,,,,,
364,Kauan Lindes,br BRA,MF,Botafogo (RJ),21-314,2003,1,0,31,0.3,0,0,0,0,0,0,0,0,0.0,0.0,0.2,0.2,1,3,2,0.00,0.00,0.00,0.00,0.00,0.00,0.59,0.59,0.00,0.59,Matches,0,0,,0.00,0.00,,,,0,,0.0,0.0,9,9,100.0,121,45,5,5,100.0,3,3,100.0,0,0,,0.1,-0.2,1,2,1,0,9,0,0,0,0,0,0,0,0,0,0,0,2,6.00,2,0,0,0,0,1,3.00,1,0,0,0,0,1,0,0,1,0,0,,0,0,0,1,0,0,11,0,1,1,100.0,0,0.0,9,0,0,1,9,31,1.3,,0,1,31,11,3.00,1,0,+1,+2.90,+2.42,0.6,0.5,+0.1,+0.34,+0.07,0,1,0,0,0,0,0,
,Kauan Toledo,,,,,,,,,,,,,,,,,,,,,,,,,,,,,,,,,,,,,,,,,,,,,,,,,,,,,,,,,,,,,,,,,,,,,,,,,,,,,,,,,,,,,,,,,,,,,,,,,,,,,,,,,,,,,,,,,,,,,,,,,,0,0,,1,,,,,,,,,,,,,,,,,,,
,Kauan Vitor,,,,,,,,,,,,,,,,,,,,,,,,,,,,,,,,,,,,,,,,,,,,,,,,,,,,,,,,,,,,,,,,,,,,,,,,,,,,,,,,,,,,,,,,,,,,,,,,,,,,,,,,,,,,,,,,,,,,,,,,,,0,0,,1,,,,,,,,,,,,,,,,,,,
,Kauã,,,,,,,,,,,,,,,,,,,,,,,,,,,,,,,,,,,,,,,,,,,,,,,,,,,,,,,,,,,,,,,,,,,,,,,,,,,,,,,,,,,,,,,,,,,,,,,,,,,,,,,,,,,,,,,,,,,,,,,,,,0,0,,2,,,,,,,,,,,,,,,,,,,
,Kauã Branco,,,,,,,,,,,,,,,,,,,,,,,,,,,,,,,,,,,,,,,,,,,,,,,,,,,,,,,,,,,,,,,,,,,,,,,,,,,,,,,,,,,,,,,,,,,,,,,,,,,,,,,,,,,,,,,,,,,,,,,,,,0,0,,2,,,,,,,,,,,,,,,,,,,
445,Kauã Moraes,br BRA,DF,Cruzeiro,19-101,2006,2,1,82,0.9,0,0,0,0,0,0,0,0,0.0,0.0,0.3,0.3,3,2,5,0.00,0.00,0.00,0.00,0.00,0.00,0.29,0.29,0.00,0.29,Matches,0,0,,0.00,0.00,,,,0,,0.0,0.0,44,58,75.9,658,253,25,27,92.6,16,16,100.0,3,10,30.0,0.2,-0.3,3,2,2,2,47,10,0,0,8,5,3,0,1,0,1,3,5,5.49,4,1,0,0,0,0,0.00,0,0,0,0,0,2,2,0,2,0,2,100.0,0,0,2,4,3,0,71,2,1,1,50.0,1,50.0,38,0,1,0,42,41,3.4,78,0,1,4,3,1.00,1,1,0,0.00,-0.77,1.1,2.0,-0.9,-0.96,-1.42,0,0,0,0,0,5,0,
526,Kauã Prates,br BRA,DF,Cruzeiro,17-057,2008,4,2,169,1.9,0,0,0,0,0,0,1,0,0.0,0.0,0.0,0.0,1,3,1,0.00,0.00,0.00,0.00,0.00,0.00,0.01,0.01,0.00,0.01,Matches,0,0,,0.00,0.00,,,,0,,0.0,0.0,45,60,75.0,636,338,28,30,93.3,14,21,66.7,1,4,25.0,0.0,0.0,1,3,1,0,42,17,0,0,2,16,0,0,0,0,1,1,2,1.07,2,0,0,0,0,0,0.00,0,0,0,0,0,9,6,5,2,2,7,77.8,2,0,0,9,16,0,88,10,0,0,,0,,37,0,3,1,37,42,7.0,76,1,2,9,17,2.50,4,1,+3,+1.60,+0.92,1.8,2.6,-0.8,-0.41,-0.89,0,5,0,0,0,4,1,33.3
,Kauê,,,,,,,,,,,,,,,,,,,,,,,,,,,,,,,,,,,,,,,,,,,,,,,,,,,,,,,,,,,,,,,,,,,,,,,,,,,,,,,,,,,,,,,,,,,,,,,,,,,,,,,,,,,,,,,,,,,,,,,,,,0,0,,2,,,,,,,,,,,,,,,,,,,
336,Kauê Junior,br BRA,FW,Bahia,16-223,2009,1,0,4,0.0,0,0,0,0,0,0,0,0,0.1,0.1,0.0,0.1,0,0,0,0.00,0.00,0.00,0.00,0.00,1.88,0.00,1.88,1.88,1.88,Matches,1,0,0.0,22.50,0.00,0.00,,38.5,0,0.08,-0.1,-0.1,3,4,75.0,41,1,1,2,50.0,1,1,100.0,0,0,,0.0,0.0,0,0,0,0,4,0,0,0,0,0,0,0,0,0,0,0,0,0.00,0,0,0,0,0,0,0.00,0,0,0,0,0,0,0,0,0,0,0,,0,0,0,0,0,0,5,0,0,0,,0,,5,0,0,0,5,4,0.2,,0,1,4,1,3.00,0,0,0,0.00,-0.15,0.1,0.4,-0.3,-7.74,-7.67,0,1,0,0,0,1,0,
343,Kayke,br BRA,"MF,FW",Corinthians,21-163,2004,5,3,214,2.4,0,0,0,0,0,0,0,0,0.0,0.0,0.0,0.0,8,3,14,0.00,0.00,0.00,0.00,0.00,0.01,0.00,0.01,0.01,0.01,Matches,2,0,0.0,0.84,0.00,0.00,,22.5,0,0.02,0.0,0.0,45,55,81.8,710,155,22,26,84.6,16,19,84.2,5,6,83.3,0.1,0.0,0,2,2,0,51,4,0,0,4,0,2,1,0,0,0,3,1,0.42,1,0,0,0,0,0,0.00,0,0,0,0,0,0,0,0,0,0,0,0.0,3,2,2,2,0,0,73,0,4,3,50.0,3,50.0,47,2,4,5,56,,,,0,0,,1,,,,,,,,,,,,0,3,0,0,0,4,2,25.0
128,Kayky Chagas,br BRA,"FW,MF",Bahia,22-119,2003,20,7,754,8.4,1,1,2,1,0,0,2,0,1.2,1.2,1.0,2.2,38,26,79,0.12,0.12,0.24,0.12,0.24,0.14,0.12,0.27,0.14,0.27,Matches,14,6,42.9,1.67,0.72,0.07,0.17,14.9,0,0.09,-0.2,-0.2,257,320,80.3,3703,757,159,189,84.1,79,91,86.8,15,19,78.9,1.3,0.0,12,16,13,1,314,4,1,2,10,4,0,0,0,0,2,12,26,3.10,15,0,7,2,0,4,0.48,1,0,1,2,0,21,9,11,7,3,6,40.0,9,10,5,26,5,0,430,4,33,19,61.3,10,32.3,273,14,22,10,331,38,32.2,63,0,13,24,6,1.65,14,11,+3,+0.36,+0.30,9.5,11.5,-2.0,-0.24,-0.24,0,7,2,0,0,23,4,80.0
,Keiller,,,,,,,,,,,,,,,,,,,,,,,,,,,,,,,,,,,,,,,,,,,,,,,,,,,,,,,,,,,,,,,,,,,,,,,,,,,,,,,,,,,,,,,,,,,,,,,,,,,,,,,,,,,,,,,,,,,,,,,,,,0,0,,6,,,,,,,,,,,,,,,,,,,
,Kelvi,,,,,,,,,,,,,,,,,,,,,,,,,,,,,,,,,,,,,,,,,,,,,,,,,,,,,,,,,,,,,,,,,,,,,,,,,,,,,,,,,,,,,,,,,,,,,,,,,,,,,,,,,,,,,,,,,,,,,,,,,,0,0,,1,,,,,,,,,,,,,,,,,,,
345,Kenji,br BRA,FW,Cruzeiro,19-251,2006,2,0,13,0.1,0,0,0,0,0,0,0,0,0.0,0.0,0.0,0.0,2,1,3,0.00,0.00,0.00,0.00,0.00,0.00,0.00,0.00,0.00,0.00,Matches,0,0,,0.00,0.00,,,,0,,0.0,0.0,5,5,100.0,108,17,1,1,100.0,3,3,100.0,1,1,100.0,0.0,0.0,0,1,0,0,5,0,0,0,0,0,0,0,0,0,0,0,1,6.92,1,0,0,0,0,0,0.00,0,0,0,0,0,0,0,0,0,0,0,,0,0,0,0,0,0,8,0,1,1,33.3,1,33.3,8,1,0,0,6,7,0.5,,0,2,7,15,3.00,0,0,0,0.00,-0.74,0.2,0.2,0.0,-0.16,-0.57,0,0,0,0,0,2,0,
347,Keno,br BRA,"FW,MF",Fluminense,36-028,1989,10,3,316,3.5,1,2,3,1,0,0,0,0,0.9,0.9,0.4,1.3,16,5,35,0.28,0.57,0.85,0.28,0.85,0.26,0.11,0.37,0.26,0.37,Matches,9,3,33.3,2.56,0.85,0.11,0.33,16.1,0,0.10,+0.1,+0.1,73,100,73.0,1077,205,36,45,80.0,27,36,75.0,4,7,57.1,0.3,+1.6,7,3,1,0,97,3,0,2,9,2,0,0,0,0,0,3,16,4.56,11,1,3,1,0,3,0.85,3,0,0,0,0,3,2,1,0,2,2,50.0,2,0,0,3,1,0,138,1,16,6,37.5,7,43.8,101,5,8,5,116,32,14.0,55,0,7,22,10,1.60,9,5,+4,+1.14,+1.23,4.6,3.7,+0.8,+0.24,+0.17,0,2,0,0,0,8,5,62.5
41,Keny Arroyo,ec ECU,FW,Cruzeiro,19-236,2006,3,1,154,1.7,0,0,0,0,0,0,1,0,0.5,0.5,0.4,0.9,9,8,23,0.00,0.00,0.00,0.00,0.00,0.27,0.25,0.52,0.27,0.52,Matches,5,2,40.0,2.92,1.17,0.00,0.00,18.0,0,0.09,-0.5,-0.5,61,69,88.4,879,202,35,38,92.1,21,24,87.5,2,2,100.0,0.2,-0.4,5,3,3,1,68,1,0,0,2,1,0,0,0,0,0,2,9,5.26,7,0,1,1,0,1,0.58,1,0,0,0,0,1,1,0,0,1,0,0.0,3,2,1,2,0,0,93,0,8,2,40.0,3,60.0,65,3,5,1,74,51,6.3,90,1,2,32,2,1.33,3,2,+1,+0.58,-0.17,3.1,3.2,-0.1,-0.05,-0.49,0,1,0,0,0,3,0,0.0
22,Kervin Andrade,ve VEN,"FW,MF",Fortaleza,20-178,2005,7,1,163,1.8,0,1,1,0,0,0,3,0,0.3,0.3,0.4,0.8,9,10,20,0.00,0.55,0.55,0.00,0.55,0.19,0.23,0.42,0.19,0.42,Matches,4,2,50.0,2.21,1.10,0.00,0.00,20.0,0,0.09,-0.3,-0.3,42,65,64.6,733,235,25,31,80.6,12,23,52.2,5,10,50.0,0.1,+0.6,2,8,2,0,60,5,1,0,10,0,4,1,1,0,0,2,5,2.76,1,0,2,0,0,1,0.55,1,0,0,0,0,4,4,2,1,1,1,100.0,0,2,1,5,0,0,85,0,12,3,42.9,4,57.1,62,4,6,4,69,23,7.0,45,0,6,20,7,0.88,6,3,+3,+1.66,+2.40,3.1,1.1,+2.0,+1.10,+1.49,0,6,0,0,0,9,0,0.0
622,Kevin Serna,co COL,"FW,MF",Fluminense,27-295,1997,21,13,1193,13.3,4,3,7,4,0,0,3,0,3.3,3.3,2.3,5.6,50,30,108,0.30,0.23,0.53,0.30,0.53,0.25,0.17,0.42,0.25,0.42,Matches,24,9,37.5,1.81,0.68,0.17,0.44,15.3,0,0.14,+0.7,+0.7,293,421,69.6,4098,1065,182,222,82.0,88,125,70.4,14,34,41.2,2.8,+0.7,21,19,12,6,408,11,0,0,39,8,3,0,1,0,2,15,48,3.62,32,1,6,3,1,5,0.38,3,0,1,1,0,25,18,8,15,2,13,56.5,10,9,5,30,9,0,602,10,64,30,41.1,39,53.4,380,26,41,18,415,57,53.0,73,5,8,31,2,1.48,20,19,+1,+0.08,-0.01,17.1,15.0,+2.1,+0.16,+0.14,0,11,1,0,0,61,24,53.3
,Kevyn Monteiro,,,,,,,,,,,,,,,,,,,,,,,,,,,,,,,,,,,,,,,,,,,,,,,,,,,,,,,,,,,,,,,,,,,,,,,,,,,,,,,,,,,,,,,,,,,,,,,,,,,,,,,,,,,,,,,,,,,,,,,,,,0,0,,1,,,,,,,,,,,,,,,,,,,
348,Kevyson,br BRA,DF,Santos,21-193,2004,1,0,16,0.2,0,0,0,0,0,0,0,0,0.0,0.0,0.0,0.0,0,0,2,0.00,0.00,0.00,0.00,0.00,0.00,0.00,0.00,0.00,0.00,Matches,0,0,,0.00,0.00,,,,0,,0.0,0.0,2,5,40.0,53,1,0,0,,2,3,66.7,0,0,,0.0,0.0,0,0,0,0,4,1,0,0,1,1,0,0,0,0,0,1,0,0.00,0,0,0,0,0,0,0.00,0,0,0,0,0,0,0,0,0,0,0,0.0,2,0,0,0,1,0,7,0,0,0,,0,,3,0,1,1,3,16,0.7,,0,1,16,7,0.00,0,1,-1,-5.63,-5.16,0.1,0.3,-0.2,-1.07,-0.97,0,0,0,0,0,0,2,66.7
349,Kevyson,br BRA,DF,Sport Recife,21-193,2004,7,1,222,2.5,0,0,0,0,0,0,2,0,0.0,0.0,0.0,0.0,9,11,17,0.00,0.00,0.00,0.00,0.00,0.01,0.00,0.01,0.01,0.01,Matches,0,0,,0.00,0.00,,,,0,,0.0,0.0,2,5,40.0,53,1,0,0,,2,3,66.7,0,0,,0.0,0.0,0,0,0,0,4,1,0,0,1,1,0,0,0,0,0,1,0,0.00,0,0,0,0,0,0,0.00,0,0,0,0,0,0,0,0,0,0,0,0.0,2,0,0,0,1,0,7,0,0,0,,0,,3,0,1,1,3,16,0.7,,0,1,16,7,0.00,0,1,-1,-5.63,-5.16,0.1,0.3,-0.2,-1.07,-0.97,0,0,0,0,0,0,2,66.7
350,Khellven,br BRA,DF,Palmeiras,24-225,2001,5,4,346,3.8,0,0,0,0,0,0,0,0,0.0,0.0,0.7,0.7,2,9,23,0.00,0.00,0.00,0.00,0.00,0.00,0.18,0.18,0.00,0.18,Matches,0,0,,0.00,0.00,,,,0,,0.0,0.0,130,166,78.3,2447,864,48,56,85.7,61,71,85.9,17,32,53.1,0.5,-0.7,7,12,4,2,135,31,0,2,17,22,4,0,3,0,0,1,9,2.34,6,3,0,0,0,1,0.26,1,0,0,0,0,6,3,2,4,0,3,33.3,6,1,0,6,10,0,203,9,4,5,45.5,5,45.5,106,0,6,2,123,69,15.4,86,2,1,1,0,2.60,9,2,+7,+1.82,+1.16,8.3,2.4,+5.8,+1.52,+1.04,0,10,0,0,0,8,2,40.0
,Kike Saverio,,,,,,,,,,,,,,,,,,,,,,,,,,,,,,,,,,,,,,,,,,,,,,,,,,,,,,,,,,,,,,,,,,,,,,,,,,,,,,,,,,,,,,,,,,,,,,,,,,,,,,,,,,,,,,,,,,,,,,,,,,0,0,,2,,,,,,,,,,,,,,,,,,,
161,Lautaro Díaz,ar ARG,"FW,MF",Cruzeiro,27-140,1998,6,0,85,0.9,0,0,0,0,0,0,0,0,0.0,0.0,0.1,0.1,4,0,4,0.00,0.00,0.00,0.00,0.00,0.03,0.13,0.16,0.03,0.16,Matches,1,1,100.0,1.06,1.06,0.00,0.00,29.5,0,0.03,0.0,0.0,14,21,66.7,176,24,10,13,76.9,4,8,50.0,0,0,,0.0,-0.1,2,1,0,0,18,3,0,0,2,1,0,0,0,0,0,1,3,3.18,3,0,0,0,0,0,0.00,0,0,0,0,0,0,0,0,0,0,0,0.0,2,2,0,0,1,0,32,2,6,3,100.0,0,0.0,17,2,4,2,19,14,3.5,,0,6,14,13,1.83,0,1,-1,-1.06,-1.86,0.4,1.6,-1.2,-1.23,-1.70,0,0,0,0,0,3,2,28.6
162,Lautaro Díaz,ar ARG,FW,Santos,27-140,1998,5,5,401,4.5,2,1,3,2,0,0,0,0,2.0,2.0,1.4,3.4,6,5,21,0.45,0.22,0.67,0.45,0.67,0.45,0.31,0.75,0.45,0.75,Matches,1,1,100.0,1.06,1.06,0.00,0.00,29.5,0,0.03,0.0,0.0,14,21,66.7,176,24,10,13,76.9,4,8,50.0,0,0,,0.0,-0.1,2,1,0,0,18,3,0,0,2,1,0,0,0,0,0,1,3,3.18,3,0,0,0,0,0,0.00,0,0,0,0,0,0,0,0,0,0,0,0.0,2,2,0,0,1,0,32,2,6,3,100.0,0,0.0,17,2,4,2,19,14,3.5,,0,6,14,13,1.83,0,1,-1,-1.06,-1.86,0.4,1.6,-1.2,-1.23,-1.70,0,0,0,0,0,3,2,28.6
,Leandrinho,,,,,,,,,,,,,,,,,,,,,,,,,,,,,,,,,,,,,,,,,,,,,,,,,,,,,,,,,,,,,,,,,,,,,,,,,,,,,,,,,,,,,,,,,,,,,,,,,,,,,,,,,,,,,,,,,,,,,,,,,,0,0,,3,,,,,,,,,,,,,,,,,,,
185,Leandro Emmanuel Martínez,ar ARG,MF,Fortaleza,31-126,1994,14,8,741,8.2,1,1,2,1,0,0,6,0,0.4,0.4,0.6,1.0,12,37,22,0.12,0.12,0.24,0.12,0.24,0.05,0.07,0.13,0.05,0.13,Matches,10,4,40.0,1.21,0.49,0.10,0.25,24.2,0,0.04,+0.6,+0.6,373,423,88.2,5897,1654,183,199,92.0,159,175,90.9,20,30,66.7,0.5,+0.4,8,32,6,4,396,24,1,2,18,1,12,1,8,0,3,7,28,3.40,23,4,0,0,1,3,0.36,3,0,0,0,0,17,10,5,11,1,9,50.0,9,8,7,24,10,1,494,18,9,7,43.8,8,50.0,279,2,7,9,342,53,31.7,75,3,6,23,2,0.79,7,16,-9,-1.09,-0.76,7.8,15.5,-7.7,-0.93,-0.96,0,18,0,0,0,51,1,16.7
,Leandro Mathias,,,,,,,,,,,,,,,,,,,,,,,,,,,,,,,,,,,,,,,,,,,,,,,,,,,,,,,,,,,,,,,,,,,,,,,,,,,,,,,,,,,,,,,,,,,,,,,,,,,,,,,,,,,,,,,,,,,,,,,,,,0,0,,7,,,,,,,,,,,,,,,,,,,
357,Lelê,br BRA,FW,Ceará,28-007,1997,7,0,110,1.2,0,0,0,0,0,0,0,0,0.7,0.7,0.0,0.7,5,2,8,0.00,0.00,0.00,0.00,0.00,0.57,0.00,0.57,0.57,0.57,Matches,6,3,50.0,4.91,2.45,0.00,0.00,12.1,0,0.12,-0.7,-0.7,14,25,56.0,147,34,11,17,64.7,2,6,33.3,0,0,,0.1,0.0,0,0,0,0,25,0,0,0,0,0,0,0,0,0,0,0,7,5.73,0,0,2,3,0,0,0.00,0,0,0,0,0,0,0,0,0,0,0,,0,2,0,0,2,0,47,1,11,2,66.7,1,33.3,18,3,4,2,33,16,4.7,,0,7,16,2,1.14,2,1,+1,+0.82,+0.78,1.6,0.5,+1.0,+0.85,+0.94,0,5,0,0,0,2,11,44.0
366,Lenny Lobato,br BRA,FW,Sport Recife,24-247,2001,7,2,244,2.7,0,0,0,0,0,0,0,0,0.4,0.4,0.1,0.5,6,2,18,0.00,0.00,0.00,0.00,0.00,0.16,0.03,0.19,0.16,0.19,Matches,8,1,12.5,2.95,0.37,0.00,0.00,16.9,0,0.05,-0.4,-0.4,33,48,68.8,383,72,21,25,84.0,6,9,66.7,1,4,25.0,0.1,-0.1,2,0,1,0,44,4,0,0,7,1,1,1,0,0,0,2,7,2.58,2,0,2,1,1,0,0.00,0,0,0,0,0,2,1,1,0,1,1,33.3,2,1,1,3,1,0,75,0,16,5,62.5,2,25.0,43,2,5,1,47,35,10.8,76,1,5,19,0,0.29,0,4,-4,-1.48,-0.80,2.0,5.5,-3.5,-1.29,-0.89,0,3,0,0,0,4,2,25.0
46,Leo Augusto Pereira,br BRA,"FW,MF",Vitória,25-101,2000,6,0,166,1.8,0,0,0,0,0,0,0,0,0.1,0.1,0.1,0.2,4,0,16,0.00,0.00,0.00,0.00,0.00,0.06,0.05,0.11,0.06,0.11,Matches,4,1,25.0,2.17,0.54,0.00,0.00,19.9,0,0.03,-0.1,-0.1,16,27,59.3,186,24,15,16,93.8,1,5,20.0,0,1,0.0,0.0,-0.1,3,0,0,0,25,1,0,0,8,1,0,0,0,0,1,2,5,2.73,2,1,0,1,0,0,0.00,0,0,0,0,0,3,3,0,3,0,1,33.3,2,0,1,4,0,0,52,1,5,2,28.6,2,28.6,35,0,8,5,39,28,6.8,,0,6,28,9,0.33,1,4,-3,-1.63,-1.03,1.1,2.7,-1.7,-0.90,-0.51,0,5,0,0,0,3,3,50.0
47,Leo Augusto Pereira,br BRA,FW,Sport Recife,25-101,2000,9,7,543,6.0,0,1,1,0,0,0,0,0,1.0,1.0,1.0,1.9,17,6,43,0.00,0.17,0.17,0.00,0.17,0.16,0.16,0.32,0.16,0.32,Matches,4,1,25.0,2.17,0.54,0.00,0.00,19.9,0,0.03,-0.1,-0.1,16,27,59.3,186,24,15,16,93.8,1,5,20.0,0,1,0.0,0.0,-0.1,3,0,0,0,25,1,0,0,8,1,0,0,0,0,1,2,5,2.73,2,1,0,1,0,0,0.00,0,0,0,0,0,3,3,0,3,0,1,33.3,2,0,1,4,0,0,52,1,5,2,28.6,2,28.6,35,0,8,5,39,28,6.8,,0,6,28,9,0.33,1,4,-3,-1.63,-1.03,1.1,2.7,-1.7,-0.90,-0.51,0,5,0,0,0,3,3,50.0
309,Leo Jacó,br BRA,"FW,MF",Vasco da Gama,20-185,2005,2,0,16,0.2,0,0,0,0,0,0,0,0,0.0,0.0,0.0,0.0,0,0,4,0.00,0.00,0.00,0.00,0.00,0.00,0.00,0.00,0.00,0.00,Matches,0,0,,0.00,0.00,,,,0,,0.0,0.0,1,1,100.0,14,0,1,1,100.0,0,0,,0,0,,0.0,0.0,0,0,0,0,1,0,0,0,0,0,0,0,0,0,0,0,0,0.00,0,0,0,0,0,0,0.00,0,0,0,0,0,2,1,1,1,0,1,100.0,0,0,0,2,1,0,5,0,0,0,,0,,4,0,1,1,4,8,0.7,,0,2,8,0,1.50,0,0,0,0.00,-0.04,0.0,0.0,0.0,+0.08,+0.23,0,4,0,0,0,0,0,
481,Leo Ortiz,br BRA,DF,Flamengo,29-278,1996,24,24,2088,23.2,1,2,3,1,0,0,3,0,1.3,1.3,1.4,2.7,22,160,3,0.04,0.09,0.13,0.04,0.13,0.06,0.06,0.12,0.06,0.12,Matches,17,6,35.3,0.73,0.26,0.06,0.17,11.8,0,0.08,-0.3,-0.3,1603,1763,90.9,30682,11821,547,584,93.7,865,917,94.3,176,235,74.9,1.2,+0.6,8,161,11,4,1704,57,2,21,5,2,1,0,0,0,2,2,24,1.03,22,0,0,0,1,3,0.13,2,0,0,0,0,28,16,15,12,1,9,75.0,3,2,14,42,102,4,1973,154,21,9,81.8,1,9.1,1211,0,14,2,1477,87,89.2,87,21,0,,1,2.04,42,11,+31,+1.34,-0.81,32.8,17.7,+15.1,+0.65,-0.41,0,17,0,0,0,95,54,66.7
,Leonan,,,,,,,,,,,,,,,,,,,,,,,,,,,,,,,,,,,,,,,,,,,,,,,,,,,,,,,,,,,,,,,,,,,,,,,,,,,,,,,,,,,,,,,,,,,,,,,,,,,,,,,,,,,,,,,,,,,,,,,,,,0,0,,2,,,,,,,,,,,,,,,,,,,
249,Leonardo Godoy,ar ARG,DF,Santos,30-163,1995,6,5,416,4.6,0,0,0,0,0,0,1,0,0.0,0.0,0.1,0.1,5,8,9,0.00,0.00,0.00,0.00,0.00,0.00,0.02,0.02,0.00,0.02,Matches,0,0,,0.00,0.00,,,,0,,0.0,0.0,102,141,72.3,1670,626,49,57,86.0,48,63,76.2,5,16,31.3,0.1,-0.1,1,7,1,1,119,22,0,0,8,22,0,0,0,0,0,5,4,0.86,2,0,0,1,1,0,0.00,0,0,0,0,0,4,4,1,2,1,3,37.5,5,5,1,5,17,0,182,15,3,1,20.0,4,80.0,85,2,2,3,101,69,17.8,78,3,1,26,5,1.17,4,4,0,0.00,+0.61,4.0,5.4,-1.4,-0.29,-0.23,0,8,0,0,0,8,5,71.4
,Leonardo Jance,,,,,,,,,,,,,,,,,,,,,,,,,,,,,,,,,,,,,,,,,,,,,,,,,,,,,,,,,,,,,,,,,,,,,,,,,,,,,,,,,,,,,,,,,,,,,,,,,,,,,,,,,,,,,,,,,,,,,,,,,,0,0,,2,,,,,,,,,,,,,,,,,,,
363,Leonardo Linck,br BRA,GK,Botafogo (RJ),24-219,2001,8,7,676,7.5,0,0,0,0,0,0,1,0,0.0,0.0,0.0,0.0,0,0,0,0.00,0.00,0.00,0.00,0.00,0.00,0.01,0.01,0.00,0.01,Matches,0,0,,0.00,0.00,,,,0,,0.0,0.0,156,215,72.6,3742,2524,31,31,100.0,85,86,98.8,36,94,38.3,0.0,0.0,1,3,0,0,166,49,0,0,0,0,0,0,0,0,0,0,1,0.13,0,1,0,0,0,0,0.00,0,0,0,0,0,0,0,0,0,0,0,,0,0,0,0,3,2,233,202,0,0,,0,,127,0,1,0,128,85,27.8,90,7,1,46,13,1.38,12,9,+3,+0.40,-0.17,10.0,8.6,+1.4,+0.18,-0.13,0,0,0,0,0,10,1,100.0
,Leonardo Nannetti Lopes,,,,,,,,,,,,,,,,,,,,,,,,,,,,,,,,,,,,,,,,,,,,,,,,,,,,,,,,,,,,,,,,,,,,,,,,,,,,,,,,,,,,,,,,,,,,,,,,,,,,,,,,,,,,,,,,,,,,,,,,,,0,0,,2,,,,,,,,,,,,,,,,,,,
,Leonel Di Plácido,,,,,,,,,,,,,,,,,,,,,,,,,,,,,,,,,,,,,,,,,,,,,,,,,,,,,,,,,,,,,,,,,,,,,,,,,,,,,,,,,,,,,,,,,,,,,,,,,,,,,,,,,,,,,,,,,,,,,,,,,,0,0,,2,,,,,,,,,,,,,,,,,,,
360,Lima,br BRA,"MF,FW",Fluminense,29-119,1996,19,9,817,9.1,2,1,3,2,0,0,2,0,2.3,2.3,0.7,3.0,17,22,46,0.22,0.11,0.33,0.22,0.33,0.25,0.08,0.34,0.25,0.34,Matches,22,6,27.3,2.42,0.66,0.09,0.33,19.4,0,0.10,-0.3,-0.3,345,399,86.5,4499,912,216,233,92.7,106,117,90.6,9,19,47.4,0.7,+0.3,7,30,1,0,377,19,1,1,8,3,6,3,1,0,3,7,25,2.75,19,0,1,4,0,3,0.33,2,0,1,0,0,14,8,3,10,1,3,33.3,6,4,7,21,1,0,493,5,22,14,48.3,13,44.8,288,3,15,14,390,43,36.3,63,1,10,25,3,1.84,11,9,+2,+0.22,+0.22,10.3,6.7,+3.6,+0.40,+0.48,0,13,0,0,0,33,5,35.7
45,Loide Augusto,ao ANG,"FW,MF",Vasco da Gama,25-224,2000,10,2,192,2.1,0,0,0,0,0,0,1,0,0.4,0.4,0.2,0.6,15,5,28,0.00,0.00,0.00,0.00,0.00,0.19,0.08,0.26,0.19,0.26,Matches,6,2,33.3,2.81,0.94,0.00,0.00,21.0,0,0.07,-0.4,-0.4,65,81,80.2,868,161,40,47,85.1,18,22,81.8,3,3,100.0,0.1,-0.2,4,5,2,1,81,0,0,0,8,0,0,0,0,0,0,2,6,2.81,5,0,1,0,0,0,0.00,0,0,0,0,0,2,2,1,1,0,0,,0,2,1,3,1,0,109,1,9,3,33.3,4,44.4,81,5,3,1,86,19,7.9,58,0,8,10,6,1.00,1,5,-4,-1.87,-2.08,2.0,2.9,-0.9,-0.40,-0.28,0,9,0,0,0,8,1,100.0
,Lorran,,,,,,,,,,,,,,,,,,,,,,,,,,,,,,,,,,,,,,,,,,,,,,,,,,,,,,,,,,,,,,,,,,,,,,,,,,,,,,,,,,,,,,,,,,,,,,,,,,,,,,,,,,,,,,,,,,,,,,,,,,0,0,,2,,,,,,,,,,,,,,,,,,,
371,Lourenço,br BRA,MF,Ceará,28-031,1997,23,12,1087,12.1,2,1,3,2,0,1,2,0,1.7,0.8,1.6,2.4,10,53,29,0.17,0.08,0.25,0.17,0.25,0.14,0.13,0.27,0.07,0.20,Matches,20,7,35.0,1.66,0.58,0.10,0.29,28.7,5,0.04,+0.3,+1.2,360,486,74.1,7483,2389,115,142,81.0,177,215,82.3,63,104,60.6,1.3,-0.6,19,44,9,1,425,56,1,12,37,1,21,8,11,0,5,13,49,4.06,31,8,2,3,0,4,0.33,1,1,0,0,0,19,13,12,5,2,8,66.7,4,9,10,29,33,0,620,31,8,6,46.2,5,38.5,316,2,17,17,354,47,46.5,70,0,11,22,2,1.35,14,12,+2,+0.17,+0.17,13.2,15.4,-2.2,-0.18,-0.25,0,25,0,0,0,64,17,58.6
107,Luan Cândido,br BRA,DF,Sport Recife,24-248,2001,4,4,360,4.0,1,0,1,1,0,0,1,0,0.3,0.3,0.2,0.5,4,17,8,0.25,0.00,0.25,0.25,0.25,0.08,0.05,0.12,0.08,0.12,Matches,2,2,100.0,0.50,0.50,0.50,0.50,6.5,0,0.15,+0.7,+0.7,141,170,82.9,2396,889,64,66,97.0,65,78,83.3,11,20,55.0,0.2,-0.2,4,9,2,2,136,33,0,0,3,33,0,0,0,0,1,2,13,3.25,11,2,0,0,0,1,0.25,1,0,0,0,0,7,2,2,5,0,4,50.0,4,4,10,17,19,0,226,21,3,2,100.0,0,0.0,88,1,3,2,114,,,,0,0,,5,,,,,,,,,,,,0,9,0,1,0,14,10,90.9
219,Luan Freitas,br BRA,DF,Juventude,24-261,2001,6,5,495,5.5,0,0,0,0,0,0,0,0,0.0,0.0,0.2,0.2,0,15,0,0.00,0.00,0.00,0.00,0.00,0.01,0.03,0.04,0.01,0.04,Matches,2,0,0.0,0.36,0.00,0.00,,23.0,0,0.01,0.0,0.0,212,230,92.2,4405,1230,49,49,100.0,138,143,96.5,25,35,71.4,0.1,-0.2,2,14,0,0,214,14,0,0,0,0,0,0,0,0,2,0,2,0.36,2,0,0,0,0,0,0.00,0,0,0,0,0,11,5,5,6,0,6,85.7,1,3,3,14,25,0,286,38,4,1,100.0,0,0.0,155,0,1,0,186,83,21.2,90,5,1,45,0,0.83,3,8,-5,-0.91,+0.16,2.9,7.0,-4.1,-0.74,+0.16,0,3,0,0,0,14,7,70.0
512,Luan Peres Petroni,br BRA,DF,Santos,31-081,1994,17,17,1530,17.0,0,0,0,0,0,0,4,0,0.0,0.0,0.2,0.3,13,43,2,0.00,0.00,0.00,0.00,0.00,0.00,0.01,0.01,0.00,0.01,Matches,2,1,50.0,0.12,0.06,0.00,0.00,20.8,0,0.02,0.0,0.0,754,866,87.1,13725,5240,297,315,94.3,399,426,93.7,53,115,46.1,0.4,-0.2,2,47,0,0,828,37,0,4,5,0,0,0,0,0,1,3,8,0.47,8,0,0,0,0,1,0.06,1,0,0,0,0,19,10,12,6,1,5,50.0,5,6,11,30,110,1,1050,161,6,2,50.0,2,50.0,642,0,4,1,723,90,65.4,90,17,0,,6,1.24,16,24,-8,-0.47,+0.08,19.0,20.9,-1.9,-0.11,-0.02,0,20,0,0,0,49,33,63.5
631,Luan Silva,br BRA,MF,São Paulo,26-208,1999,6,2,173,1.9,0,0,0,0,0,0,0,0,0.7,0.7,0.3,0.9,0,10,6,0.00,0.00,0.00,0.00,0.00,0.35,0.15,0.49,0.35,0.49,Matches,2,1,50.0,1.04,0.52,0.00,0.00,11.8,0,0.33,-0.7,-0.7,73,88,83.0,1188,323,34,41,82.9,34,40,85.0,4,4,100.0,0.4,-0.3,3,9,1,0,84,4,1,1,0,0,0,0,0,0,0,2,6,3.14,6,0,0,0,0,0,0.00,0,0,0,0,0,1,1,0,1,0,0,0.0,2,5,3,4,4,0,109,3,4,1,100.0,0,0.0,62,0,0,3,62,29,7.1,61,0,4,13,6,2.17,2,3,-1,-0.52,-0.68,3.2,2.7,+0.5,+0.25,-0.03,0,6,0,0,0,8,3,75.0
429,Luca Meirelles,br BRA,"FW,MF",Santos,18-207,2007,7,0,89,1.0,0,0,0,0,0,0,0,0,0.2,0.2,0.0,0.2,0,3,6,0.00,0.00,0.00,0.00,0.00,0.18,0.00,0.18,0.18,0.18,Matches,1,0,0.0,1.01,0.00,0.00,,8.0,0,0.17,-0.2,-0.2,18,22,81.8,225,68,10,12,83.3,7,7,100.0,0,1,0.0,0.1,0.0,0,4,0,0,21,1,0,0,0,0,0,0,0,0,0,0,4,4.04,3,0,0,1,0,1,1.01,0,0,0,1,0,1,1,0,1,0,0,0.0,3,1,0,1,1,0,38,0,4,0,0.0,2,66.7,22,0,3,2,26,13,3.8,,0,7,13,5,0.86,3,1,+2,+2.02,+2.62,3.0,1.5,+1.4,+1.46,+1.63,0,1,1,0,0,4,1,33.3
37,Lucas Arcanjo,br BRA,GK,Vitória,27-061,1998,26,26,2340,26.0,0,0,0,0,0,0,2,0,0.0,0.0,0.1,0.1,0,1,0,0.00,0.00,0.00,0.00,0.00,0.00,0.00,0.00,0.00,0.00,Matches,0,0,,0.00,0.00,,,,0,,0.0,0.0,523,750,69.7,15527,10660,63,63,100.0,290,296,98.0,167,387,43.2,0.0,-0.1,3,13,0,0,449,300,0,2,0,0,0,0,0,0,1,0,11,0.42,7,4,0,0,0,0,0.00,0,0,0,0,0,0,0,0,0,0,0,,0,0,0,0,11,2,807,683,0,0,,0,,381,0,1,0,277,90,96.3,90,26,0,,1,0.96,24,40,-16,-0.62,+1.38,27.5,38.9,-11.4,-0.44,-0.28,0,0,0,0,0,30,2,100.0
60,Lucas Barbosa,br BRA,"FW,MF",RB Bragantino,24-228,2001,24,21,1551,17.2,2,2,4,2,0,0,7,1,3.8,3.8,1.2,5.0,33,31,112,0.12,0.12,0.23,0.12,0.23,0.22,0.07,0.29,0.22,0.29,Matches,37,13,35.1,2.15,0.75,0.05,0.15,17.1,0,0.10,-1.8,-1.8,302,455,66.4,5002,1139,150,194,77.3,126,172,73.3,21,50,42.0,0.9,+0.8,11,21,10,4,432,22,2,6,32,16,0,0,0,0,1,29,27,1.57,17,1,0,4,0,5,0.29,3,0,0,1,0,31,22,11,12,8,10,38.5,16,34,15,46,38,0,723,42,62,13,37.1,17,48.6,407,8,54,20,449,65,63.8,70,5,3,28,0,1.25,20,25,-5,-0.29,-0.29,20.7,19.3,+1.4,+0.08,+0.37,1,41,0,0,0,78,25,51.0
89,Lucas Braga,br BRA,"FW,DF",Vitória,28-332,1996,15,11,840,9.3,1,0,1,1,0,0,1,0,1.2,1.2,0.7,1.9,21,26,43,0.11,0.00,0.11,0.11,0.11,0.13,0.07,0.20,0.13,0.20,Matches,8,3,37.5,0.86,0.32,0.13,0.33,15.8,0,0.15,-0.2,-0.2,217,269,80.7,3372,920,114,130,87.7,79,95,83.2,16,26,61.5,0.8,-0.7,5,17,5,0,247,19,0,1,13,15,0,0,0,0,3,3,16,1.71,13,0,0,2,0,0,0.00,0,0,0,0,0,18,11,9,8,1,6,54.5,5,13,4,22,11,0,382,11,16,8,32.0,13,52.0,240,1,23,9,272,56,34.6,70,3,4,19,6,0.73,5,15,-10,-1.07,-0.62,8.3,17.9,-9.6,-1.03,-0.92,0,12,0,0,0,29,8,30.8
143,Lucas Crispim,br BRA,MF,Fortaleza,31-111,1994,4,3,215,2.4,1,0,1,1,0,0,0,0,0.4,0.4,0.3,0.7,1,14,10,0.42,0.00,0.42,0.42,0.42,0.15,0.15,0.30,0.15,0.30,Matches,2,1,50.0,0.84,0.42,0.50,1.00,9.7,0,0.18,+0.6,+0.6,85,106,80.2,1221,351,49,54,90.7,23,28,82.1,6,15,40.0,0.3,-0.3,7,10,5,1,93,13,0,0,13,0,7,4,2,0,0,0,17,7.15,11,2,1,2,0,0,0.00,0,0,0,0,0,1,0,0,0,1,1,100.0,0,3,0,1,1,0,119,1,3,2,66.7,0,0.0,72,0,1,1,82,54,9.2,62,0,1,29,0,1.50,2,3,-1,-0.42,+0.17,2.4,3.0,-0.6,-0.27,+0.01,0,4,0,0,0,7,1,33.3
150,Lucas Cunha,br BRA,DF,Sport Recife,28-258,1997,6,5,428,4.8,0,0,0,0,0,0,1,0,0.0,0.0,0.0,0.0,1,16,0,0.00,0.00,0.00,0.00,0.00,0.00,0.00,0.00,0.00,0.00,Matches,0,0,,0.00,0.00,,,,0,,0.0,0.0,198,231,85.7,4006,1500,57,61,93.4,116,125,92.8,22,38,57.9,0.0,0.0,0,17,0,0,219,12,0,2,0,1,0,0,0,0,0,3,0,0.00,0,0,0,0,0,0,0.00,0,0,0,0,0,5,2,3,2,0,5,50.0,5,1,7,12,20,0,269,29,1,1,50.0,1,50.0,156,1,0,1,194,71,19.0,85,3,1,1,4,0.33,3,8,-5,-1.05,-0.36,2.8,6.0,-3.2,-0.67,-0.21,0,5,0,0,0,9,5,41.7
,Lucas Emanoel,,,,,,,,,,,,,,,,,,,,,,,,,,,,,,,,,,,,,,,,,,,,,,,,,,,,,,,,,,,,,,,,,,,,,,,,,,,,,,,,,,,,,,,,,,,,,,,,,,,,,,,,,,,,,,,,,,,,,,,,,,0,0,,1,,,,,,,,,,,,,,,,,,,
190,Lucas Esteves,br BRA,DF,Grêmio,25-106,2000,6,6,510,5.7,0,0,0,0,0,0,1,0,0.1,0.1,0.2,0.3,5,20,23,0.00,0.00,0.00,0.00,0.00,0.02,0.04,0.06,0.02,0.06,Matches,5,1,20.0,0.88,0.18,0.00,0.00,27.5,1,0.02,-0.1,-0.1,234,295,79.3,3820,1315,122,139,87.8,92,113,81.4,14,30,46.7,0.4,-0.2,6,20,6,5,258,35,0,0,23,25,4,0,2,0,2,4,16,2.82,14,1,1,0,0,2,0.35,1,0,1,0,0,9,8,5,3,1,4,80.0,1,7,6,15,19,0,356,24,3,6,75.0,2,25.0,160,0,8,1,203,85,21.0,85,5,0,,19,0.50,4,13,-9,-1.59,-1.78,3.9,9.4,-5.5,-0.97,-0.56,0,8,0,1,0,25,13,86.7
191,Lucas Evangelista,br BRA,MF,Palmeiras,30-155,1995,19,12,1046,11.6,2,1,3,2,0,0,2,0,1.1,1.1,0.6,1.7,11,57,26,0.17,0.09,0.26,0.17,0.26,0.10,0.05,0.15,0.10,0.15,Matches,15,7,46.7,1.29,0.60,0.13,0.29,19.6,0,0.07,+0.9,+0.9,460,537,85.7,7861,1947,217,243,89.3,175,200,87.5,50,63,79.4,0.5,+0.4,9,52,5,4,521,15,0,2,10,1,1,0,1,0,1,5,22,1.89,21,0,0,0,1,3,0.26,3,0,0,0,0,30,19,9,20,1,11,40.7,16,6,6,36,9,0,643,13,14,6,50.0,5,41.7,368,0,15,12,458,55,46.5,75,5,7,20,2,2.05,25,8,+17,+1.46,+1.16,20.3,8.6,+11.7,+1.00,+0.68,0,19,0,0,0,47,16,43.2
201,Lucas Fernandes,br BRA,MF,Juventude,28-018,1997,6,4,355,3.9,0,0,0,0,0,0,0,0,0.2,0.2,0.4,0.6,5,14,16,0.00,0.00,0.00,0.00,0.00,0.05,0.10,0.15,0.05,0.15,Matches,5,1,20.0,1.27,0.25,0.00,0.00,22.0,0,0.04,-0.2,-0.2,125,144,86.8,2109,526,73,80,91.3,39,42,92.9,12,15,80.0,0.4,-0.4,7,17,8,3,134,9,0,1,8,2,2,0,2,0,1,3,12,3.04,9,2,1,0,0,0,0.00,0,0,0,0,0,3,2,1,2,0,1,33.3,2,2,4,7,0,1,170,2,3,7,70.0,2,20.0,113,1,5,4,125,59,15.2,74,0,2,30,1,0.33,2,5,-3,-0.76,+0.33,2.6,5.3,-2.6,-0.67,+0.24,0,5,0,0,0,10,1,20.0
210,Lucas Ferreira,br BRA,FW,São Paulo,19-163,2006,13,8,761,8.5,0,0,0,0,0,0,1,0,1.1,1.1,0.6,1.7,34,17,75,0.00,0.00,0.00,0.00,0.00,0.13,0.07,0.20,0.13,0.20,Matches,16,5,31.3,1.89,0.59,0.00,0.00,21.9,0,0.07,-1.1,-1.1,137,194,70.6,1922,591,76,92,82.6,50,61,82.0,5,20,25.0,0.5,-0.6,12,6,8,3,173,20,1,0,29,5,14,6,2,0,1,14,33,3.91,24,1,0,5,2,2,0.24,1,0,0,1,0,18,10,5,9,4,5,38.5,8,15,6,24,11,0,336,8,20,11,23.9,30,65.2,195,8,22,14,214,59,31.3,84,3,5,18,5,1.15,8,12,-4,-0.47,-0.85,11.0,11.4,-0.4,-0.05,-0.47,0,11,1,0,0,31,13,59.1
220,Lucas Freitas,br BRA,DF,Vasco da Gama,24-261,2001,19,18,1441,16.0,1,0,1,1,0,0,4,0,0.3,0.3,0.0,0.3,14,65,5,0.06,0.00,0.06,0.06,0.06,0.02,0.00,0.02,0.02,0.02,Matches,5,1,20.0,0.31,0.06,0.20,1.00,10.8,0,0.06,+0.7,+0.7,1018,1102,92.4,17614,6289,434,445,97.5,483,506,95.5,79,118,66.9,0.2,0.0,1,64,2,0,1074,27,0,1,6,2,0,0,0,0,1,6,13,0.81,10,0,0,1,1,1,0.06,0,0,0,1,0,15,8,8,6,1,11,64.7,6,3,18,33,80,3,1271,163,9,7,58.3,2,16.7,831,0,13,3,978,76,59.3,78,10,1,31,5,1.05,22,24,-2,-0.12,-0.40,19.2,20.3,-1.1,-0.07,+0.19,0,17,1,1,0,52,20,47.6
241,Lucas Gazal,br BRA,DF,Fortaleza,26-063,1999,2,2,180,2.0,0,0,0,0,0,0,1,0,0.1,0.1,0.0,0.1,6,12,2,0.00,0.00,0.00,0.00,0.00,0.07,0.00,0.07,0.07,0.07,Matches,4,1,25.0,2.00,0.50,0.00,0.00,17.3,0,0.03,-0.1,-0.1,126,143,88.1,2224,643,47,51,92.2,60,66,90.9,10,17,58.8,0.2,0.0,0,11,1,0,140,3,0,2,3,1,0,0,0,0,0,1,5,2.50,5,0,0,0,0,1,0.50,1,0,0,0,0,2,2,2,0,0,0,0.0,2,1,2,4,15,0,170,12,4,0,,0,,105,0,1,2,106,90,7.7,90,2,0,,3,1.50,1,2,-1,-0.50,+0.08,1.9,2.1,-0.3,-0.13,+0.17,0,3,0,0,0,16,13,86.7
272,Lucas Halter,br BRA,DF,Vitória,25-159,2000,25,25,2229,24.8,2,1,3,2,0,0,6,1,1.8,1.8,1.0,2.8,13,65,0,0.08,0.04,0.12,0.08,0.12,0.07,0.04,0.11,0.07,0.11,Matches,16,4,25.0,0.65,0.16,0.13,0.50,11.1,0,0.11,+0.2,+0.2,1040,1172,88.7,20591,7717,271,287,94.4,668,705,94.8,96,165,58.2,0.2,0.0,2,73,1,0,1110,60,1,2,2,4,0,0,0,0,2,2,17,0.69,12,1,0,0,0,2,0.08,0,0,0,0,0,30,22,26,4,0,17,70.8,7,5,9,39,152,3,1425,251,19,1,50.0,1,50.0,810,0,4,3,961,89,91.7,89,24,0,,0,0.92,23,41,-18,-0.73,-0.73,26.9,36.6,-9.7,-0.39,+0.47,1,14,0,0,0,72,43,59.7
340,Lucas Kal,br BRA,MF,Sport Recife,29-206,1996,3,1,59,0.7,0,0,0,0,0,0,0,0,0.0,0.0,0.0,0.0,0,1,1,0.00,0.00,0.00,0.00,0.00,0.00,0.00,0.00,0.00,0.00,Matches,0,0,,0.00,0.00,,,,0,,0.0,0.0,20,26,76.9,370,35,8,11,72.7,11,12,91.7,1,3,33.3,0.0,0.0,0,1,0,0,25,1,0,0,0,1,0,0,0,0,0,1,0,0.00,0,0,0,0,0,0,0.00,0,0,0,0,0,0,0,0,0,0,0,0.0,1,0,0,0,5,0,33,4,0,0,,0,,12,0,0,0,19,20,2.6,57,0,2,1,4,1.33,0,1,-1,-1.53,-0.79,0.1,0.4,-0.4,-0.58,-0.09,0,2,0,0,0,2,3,100.0
361,Lucas Lima,br BRA,MF,Ceará,25-096,2000,11,1,127,1.4,0,0,0,0,0,0,0,0,0.1,0.1,0.1,0.2,1,6,3,0.00,0.00,0.00,0.00,0.00,0.09,0.05,0.14,0.09,0.14,Matches,2,0,0.0,1.42,0.00,0.00,,15.7,0,0.06,-0.1,-0.1,63,70,90.0,1001,288,37,42,88.1,19,19,100.0,6,7,85.7,0.0,-0.1,1,3,1,0,66,4,0,0,0,0,0,0,0,0,0,1,4,2.83,3,0,0,0,0,0,0.00,0,0,0,0,0,7,6,4,3,0,3,75.0,1,2,2,9,4,0,90,4,3,0,,0,,42,0,1,1,48,12,5.4,58,0,10,7,12,1.18,1,4,-3,-2.13,-2.33,2.3,3.4,-1.1,-0.79,-0.78,0,1,0,0,0,9,5,55.6
362,Lucas Lima,br BRA,"MF,FW",Sport Recife,35-091,1990,21,19,1625,18.1,3,4,7,2,1,1,9,0,2.5,1.7,3.2,4.9,34,144,77,0.17,0.22,0.39,0.11,0.33,0.14,0.18,0.32,0.09,0.27,Matches,2,0,0.0,1.42,0.00,0.00,,15.7,0,0.06,-0.1,-0.1,63,70,90.0,1001,288,37,42,88.1,19,19,100.0,6,7,85.7,0.0,-0.1,1,3,1,0,66,4,0,0,0,0,0,0,0,0,0,1,4,2.83,3,0,0,0,0,0,0.00,0,0,0,0,0,7,6,4,3,0,3,75.0,1,2,2,9,4,0,90,4,3,0,,0,,42,0,1,1,48,12,5.4,58,0,10,7,12,1.18,1,4,-3,-2.13,-2.33,2.3,3.4,-1.1,-0.79,-0.78,0,1,0,0,0,9,5,55.6
,Lucas Lohan,,,,,,,,,,,,,,,,,,,,,,,,,,,,,,,,,,,,,,,,,,,,,,,,,,,,,,,,,,,,,,,,,,,,,,,,,,,,,,,,,,,,,,,,,,,,,,,,,,,,,,,,,,,,,,,,,,,,,,,,,,0,0,,2,,,,,,,,,,,,,,,,,,,
451,Lucas Moura,br BRA,"FW,MF",São Paulo,33-056,1992,5,0,139,1.5,1,0,1,1,0,0,0,0,0.3,0.3,0.2,0.5,6,8,8,0.65,0.00,0.65,0.65,0.65,0.18,0.12,0.30,0.18,0.30,Matches,3,1,33.3,1.94,0.65,0.33,1.00,18.5,1,0.09,+0.7,+0.7,48,61,78.7,649,157,34,38,89.5,11,18,61.1,3,3,100.0,0.2,-0.2,4,5,5,1,59,2,0,0,1,0,0,0,0,0,0,1,7,4.53,4,0,2,1,0,0,0.00,0,0,0,0,0,2,1,1,0,1,1,100.0,0,2,2,4,1,0,94,1,4,8,38.1,7,33.3,69,1,6,2,75,28,5.7,,0,5,28,0,1.00,3,3,0,0.00,-0.12,2.8,1.9,+0.9,+0.59,+0.33,0,2,0,0,0,3,3,42.9
453,Lucas Mugni,ar ARG,MF,Ceará,33-269,1992,21,16,1198,13.3,2,5,7,2,0,0,4,0,1.6,1.6,2.9,4.5,13,44,51,0.15,0.38,0.53,0.15,0.53,0.12,0.22,0.34,0.12,0.34,Matches,14,4,28.6,1.05,0.30,0.14,0.50,18.7,3,0.13,+0.4,+0.4,374,542,69.0,6173,2287,190,233,81.5,127,166,76.5,42,104,40.4,2.9,+2.1,31,44,12,4,437,99,2,3,99,8,44,28,15,0,6,10,56,4.20,31,20,1,1,1,6,0.45,2,3,0,0,0,33,24,16,13,4,13,56.5,10,19,3,36,5,2,691,10,28,23,46.9,24,49.0,325,2,25,35,397,57,51.2,68,0,5,22,1,1.38,13,8,+5,+0.38,+0.61,12.3,10.3,+2.0,+0.15,+0.41,0,25,0,0,0,73,9,39.1
476,Lucas Oliveira,br BRA,DF,Vasco da Gama,29-248,1996,7,1,169,1.9,0,0,0,0,0,0,1,0,0.0,0.0,0.0,0.0,1,5,0,0.00,0.00,0.00,0.00,0.00,0.00,0.00,0.00,0.00,0.00,Matches,0,0,,0.00,0.00,,,,0,,0.0,0.0,83,91,91.2,1344,581,45,49,91.8,32,35,91.4,6,6,100.0,0.0,0.0,0,3,0,0,88,3,0,0,0,0,0,0,0,0,0,1,2,1.07,2,0,0,0,0,0,0.00,0,0,0,0,0,3,3,3,0,0,0,0.0,2,1,9,12,18,0,124,27,0,0,,0,,73,0,0,0,76,24,7.0,78,0,6,15,8,2.00,0,4,-4,-2.13,-2.33,1.8,4.1,-2.3,-1.21,-1.14,0,3,0,0,0,8,8,88.9
519,Lucas Piton,br BRA,DF,Vasco da Gama,24-364,2000,20,19,1749,19.4,1,6,7,1,0,0,4,0,0.5,0.5,3.3,3.8,37,85,143,0.05,0.31,0.36,0.05,0.36,0.03,0.17,0.20,0.03,0.20,Matches,10,2,20.0,0.51,0.10,0.10,0.50,23.1,1,0.05,+0.5,+0.5,1111,1358,81.8,17305,5809,625,660,94.7,376,447,84.1,82,184,44.6,3.5,+2.7,29,73,25,17,1123,229,0,9,110,158,29,11,13,0,6,24,59,3.04,44,12,0,0,0,9,0.46,7,2,0,0,0,20,17,7,11,2,11,55.0,9,7,22,42,53,0,1508,44,17,8,40.0,11,55.0,820,3,17,5,1015,87,72.0,90,18,1,45,0,1.20,32,29,+3,+0.15,+0.42,25.5,26.4,-0.9,-0.05,+0.36,0,31,0,1,0,62,18,48.6
539,Lucas Ramon,br BRA,DF,Mirassol,31-215,1994,24,24,2019,22.4,2,2,4,2,0,0,5,0,2.1,2.1,2.6,4.7,49,74,136,0.09,0.09,0.18,0.09,0.18,0.09,0.12,0.21,0.09,0.21,Matches,23,10,43.5,1.03,0.45,0.09,0.20,15.7,0,0.09,-0.1,-0.1,758,1072,70.7,12315,5081,395,463,85.3,281,401,70.1,65,144,45.1,3.1,-0.6,25,50,35,25,839,229,2,4,97,215,0,0,0,0,4,35,58,2.59,40,4,3,5,3,7,0.31,5,0,0,1,0,53,37,28,18,7,26,43.3,34,15,42,95,108,1,1406,123,37,13,31.0,22,52.4,620,2,32,15,724,84,86.3,84,18,0,,1,1.54,32,22,+10,+0.45,-0.68,34.1,26.4,+7.7,+0.34,+0.70,0,22,1,0,0,76,40,54.1
585,Lucas Romero,ar ARG,MF,Cruzeiro,31-173,1994,24,23,2028,22.5,1,2,3,1,0,0,9,0,0.4,0.4,1.4,1.9,20,107,23,0.04,0.09,0.13,0.04,0.13,0.02,0.06,0.08,0.02,0.08,Matches,14,3,21.4,0.62,0.13,0.07,0.33,29.3,1,0.03,+0.6,+0.6,846,1053,80.3,14806,5368,386,450,85.8,331,384,86.2,93,149,62.4,1.7,+0.6,18,101,9,0,1007,43,4,5,16,4,0,0,0,0,3,12,48,2.13,44,2,0,1,1,4,0.18,4,0,0,0,0,47,24,20,24,3,22,50.0,22,20,27,74,31,1,1262,51,7,13,44.8,11,37.9,648,1,22,15,849,85,83.5,86,16,1,45,0,1.96,30,16,+14,+0.62,-0.72,29.3,17.8,+11.5,+0.51,+0.60,0,25,0,0,0,109,15,39.5
616,Lucas Sasha,br BRA,MF,Fortaleza,35-221,1990,20,20,1667,18.5,1,0,1,1,0,0,2,0,0.5,0.5,0.7,1.1,14,83,31,0.05,0.00,0.05,0.05,0.05,0.03,0.04,0.06,0.03,0.06,Matches,11,3,27.3,0.59,0.16,0.09,0.33,21.3,0,0.04,+0.5,+0.5,697,807,86.4,11336,3391,348,384,90.6,271,308,88.0,53,68,77.9,0.7,-0.7,9,82,4,0,785,20,2,4,13,2,1,0,0,0,2,15,31,1.67,27,1,0,1,1,1,0.05,1,0,0,0,0,74,46,40,32,2,34,47.9,37,24,41,115,29,0,1033,31,14,3,27.3,7,63.6,544,3,18,11,600,83,71.2,83,14,0,,1,1.05,16,25,-9,-0.49,+0.32,21.8,25.9,-4.1,-0.22,+0.19,0,33,0,1,0,113,22,57.9
632,Lucas Silva,br BRA,MF,Cruzeiro,32-234,1993,25,23,2008,22.3,2,2,4,2,0,0,4,0,0.7,0.7,1.3,2.0,29,129,19,0.09,0.09,0.18,0.09,0.18,0.03,0.06,0.09,0.03,0.09,Matches,17,4,23.5,0.76,0.18,0.12,0.50,27.2,1,0.04,+1.3,+1.3,885,1032,85.8,15024,3928,417,460,90.7,374,419,89.3,71,94,75.5,1.0,+0.7,20,112,10,1,997,31,1,14,2,4,0,0,0,0,4,19,49,2.20,44,0,1,0,0,2,0.09,2,0,0,0,0,44,26,16,22,6,22,57.9,16,11,10,54,30,0,1224,48,5,17,47.2,18,50.0,677,2,20,20,795,80,82.6,86,17,2,17,1,1.96,31,15,+16,+0.72,-0.14,29.5,18.5,+11.0,+0.49,+0.47,0,36,0,0,0,112,16,44.4
682,Lucas Villalba,ar ARG,DF,Cruzeiro,31-050,1994,23,23,2054,22.8,1,0,1,1,0,0,6,0,1.6,1.6,0.3,1.9,35,84,7,0.04,0.00,0.04,0.04,0.04,0.07,0.01,0.08,0.07,0.08,Matches,18,4,22.2,0.79,0.18,0.06,0.25,14.4,0,0.09,-0.6,-0.6,872,1097,79.5,16972,6329,295,320,92.2,460,508,90.6,107,237,45.1,0.4,-0.3,4,87,6,2,1056,37,1,11,11,2,0,0,0,0,4,17,18,0.79,15,0,0,0,0,0,0.00,0,0,0,0,0,23,16,11,11,1,11,61.1,7,8,32,55,139,1,1374,161,17,9,81.8,1,9.1,789,0,7,0,857,89,84.5,89,22,0,,2,2.00,36,13,+23,+1.01,+1.73,31.7,18.9,+12.9,+0.56,+0.99,0,16,0,0,0,81,45,50.6
287,Lucca Holanda,br BRA,"FW,MF",Internacional,22-189,2003,4,1,161,1.8,0,0,0,0,0,0,0,0,0.5,0.5,0.1,0.6,5,2,9,0.00,0.00,0.00,0.00,0.00,0.27,0.07,0.34,0.27,0.34,Matches,4,0,0.0,2.24,0.00,0.00,,10.8,0,0.12,-0.5,-0.5,24,37,64.9,395,15,13,20,65.0,8,9,88.9,2,4,50.0,0.0,-0.1,2,0,0,0,30,6,0,0,0,0,0,0,0,0,1,2,4,2.24,2,0,2,0,0,0,0.00,0,0,0,0,0,2,1,1,1,0,0,,0,3,0,2,1,0,58,1,10,3,60.0,2,40.0,33,3,4,2,39,,,,0,0,,2,,,,,,,,,,,,0,3,0,0,0,2,4,66.7
409,Lucca Marques,br BRA,"MF,FW",São Paulo,18-116,2007,4,1,141,1.6,0,0,0,0,0,0,0,0,0.1,0.1,0.0,0.1,6,0,12,0.00,0.00,0.00,0.00,0.00,0.09,0.00,0.09,0.09,0.09,Matches,3,0,0.0,1.91,0.00,0.00,,22.1,0,0.05,-0.1,-0.1,30,39,76.9,367,19,19,22,86.4,10,12,83.3,0,1,0.0,0.0,0.0,0,0,0,0,38,1,0,0,5,0,0,0,0,0,0,2,2,1.29,0,0,1,1,0,0,0.00,0,0,0,0,0,1,1,0,0,1,0,,0,2,0,1,0,0,57,0,5,4,40.0,5,50.0,48,4,3,7,48,35,5.8,45,0,3,32,10,0.75,3,3,0,0.00,-0.12,3.2,2.9,+0.3,+0.19,-0.09,0,4,0,0,0,5,1,50.0
528,Lucca Prior,br BRA,"MF,FW",Fortaleza,21-238,2004,12,7,656,7.3,2,0,2,2,0,0,2,0,0.6,0.6,1.3,1.9,18,52,53,0.27,0.00,0.27,0.27,0.27,0.09,0.18,0.27,0.09,0.27,Matches,12,4,33.3,1.65,0.55,0.17,0.50,20.0,0,0.05,+1.4,+1.4,216,300,72.0,3386,1288,116,138,84.1,78,97,80.4,16,41,39.0,1.8,-1.3,18,29,20,4,264,35,5,1,42,2,24,11,7,0,1,12,28,3.85,23,4,0,1,0,1,0.14,1,0,0,0,0,11,6,7,3,1,4,30.8,9,7,3,14,6,0,400,4,19,10,41.7,13,54.2,241,4,19,13,268,55,28.0,72,2,5,30,6,0.58,7,15,-8,-1.10,-0.72,9.4,11.3,-1.9,-0.26,+0.02,0,16,0,0,0,24,6,35.3
377,Luciano,br BRA,"FW,MF",São Paulo,32-143,1993,23,16,1437,16.0,6,3,9,5,1,2,7,0,8.1,6.5,2.2,8.7,20,50,86,0.38,0.19,0.56,0.31,0.50,0.51,0.14,0.64,0.41,0.54,Matches,51,18,35.3,3.19,1.13,0.10,0.28,17.5,2,0.13,-2.1,-1.5,353,425,83.1,5531,1256,172,196,87.8,145,163,89.0,19,30,63.3,2.4,+0.8,21,31,10,2,403,21,3,1,8,1,0,0,0,0,1,12,51,3.19,42,0,2,2,1,8,0.50,5,0,1,1,0,19,11,4,10,5,8,44.4,10,12,10,29,11,0,606,9,66,11,36.7,16,53.3,381,6,32,14,444,62,59.1,79,6,7,24,1,1.35,19,18,+1,+0.06,-0.12,22.2,15.5,+6.7,+0.42,+0.34,0,22,2,0,0,64,13,38.2
3,Luciano Acosta,ar ARG,"MF,FW",Fluminense,31-130,1994,6,5,428,4.8,2,0,2,2,0,0,2,0,1.2,1.2,0.8,2.0,10,29,23,0.42,0.00,0.42,0.42,0.42,0.25,0.17,0.42,0.25,0.42,Matches,8,4,50.0,1.68,0.84,0.25,0.50,18.0,0,0.15,+0.8,+0.8,163,214,76.2,2392,742,94,109,86.2,47,57,82.5,12,23,52.2,1.2,-0.8,14,19,15,4,190,21,2,2,19,0,6,0,4,0,3,5,18,3.79,17,0,1,0,0,1,0.21,1,0,0,0,0,7,5,1,5,1,5,55.6,4,8,0,7,3,0,268,2,20,3,21.4,8,57.1,140,4,11,7,195,71,19.0,76,0,1,49,1,1.33,6,6,0,0.00,-0.10,4.2,3.3,+0.9,+0.20,+0.13,0,8,0,0,0,19,3,25.0
333,Luciano Juba,br BRA,DF,Bahia,26-040,1999,25,24,2082,23.1,5,3,8,5,0,0,2,0,1.9,1.9,2.8,4.8,44,108,54,0.22,0.13,0.35,0.22,0.35,0.08,0.12,0.21,0.08,0.21,Matches,23,8,34.8,0.99,0.35,0.22,0.63,23.8,3,0.08,+3.1,+3.1,1130,1353,83.5,19381,5704,555,597,93.0,437,514,85.0,110,187,58.8,3.6,+0.2,29,82,23,9,1137,212,1,16,94,125,26,2,20,0,4,17,67,2.90,45,16,3,2,0,9,0.39,8,0,1,0,0,39,21,25,8,6,26,61.9,16,11,29,68,90,1,1595,96,28,15,53.6,12,42.9,755,11,28,9,963,83,89.0,85,21,1,32,0,1.60,32,27,+5,+0.22,+0.56,29.9,29.6,+0.4,+0.02,+0.82,0,16,0,0,1,108,16,51.6
575,Luciano Rodríguez,uy URU,FW,Bahia,22-084,2003,18,8,791,8.8,2,0,2,2,0,0,1,0,2.9,2.9,0.2,3.1,18,11,49,0.23,0.00,0.23,0.23,0.23,0.33,0.03,0.35,0.33,0.35,Matches,29,11,37.9,3.30,1.25,0.07,0.18,17.7,2,0.10,-0.9,-0.9,114,151,75.5,1471,248,75,89,84.3,27,36,75.0,3,8,37.5,0.2,-0.2,3,6,1,0,139,12,0,0,2,2,0,0,0,0,0,9,9,1.03,5,0,1,2,0,0,0.00,0,0,0,0,0,7,5,5,2,0,0,0.0,4,5,1,8,8,1,272,9,35,6,24.0,13,52.0,170,9,27,21,186,44,33.8,65,2,10,27,1,1.78,11,15,-4,-0.46,-0.92,9.6,11.3,-1.8,-0.20,-0.19,0,13,0,0,0,24,6,46.2
,Lucio,,,,,,,,,,,,,,,,,,,,,,,,,,,,,,,,,,,,,,,,,,,,,,,,,,,,,,,,,,,,,,,,,,,,,,,,,,,,,,,,,,,,,,,,,,,,,,,,,,,,,,,,,,,,,,,,,,,,,,,,,,0,0,,1,,,,,,,,,,,,,,,,,,,
372,Lucão,br BRA,GK,RB Bragantino,24-224,2001,3,3,270,3.0,0,0,0,0,0,0,1,0,0.0,0.0,0.0,0.0,0,0,0,0.00,0.00,0.00,0.00,0.00,0.00,0.00,0.00,0.00,0.00,Matches,0,0,,0.00,0.00,,,,0,,0.0,0.0,80,103,77.7,1683,1001,25,25,100.0,40,42,95.2,12,32,37.5,0.0,0.0,0,1,0,0,70,33,0,0,0,0,0,0,0,0,0,0,0,0.00,0,0,0,0,0,0,0.00,0,0,0,0,0,0,0,0,0,0,0,,0,0,0,0,1,1,114,104,0,0,,0,,52,0,0,0,47,90,11.1,90,3,0,,18,2.00,4,4,0,0.00,+0.21,4.4,5.0,-0.6,-0.21,-0.17,0,0,0,0,0,6,0,
378,Luighi,br BRA,FW,Palmeiras,19-161,2006,6,2,211,2.3,0,0,0,0,0,0,0,0,0.1,0.1,0.5,0.6,7,5,18,0.00,0.00,0.00,0.00,0.00,0.05,0.22,0.27,0.05,0.27,Matches,4,0,0.0,1.71,0.00,0.00,,19.0,0,0.03,-0.1,-0.1,52,70,74.3,787,131,32,39,82.1,15,19,78.9,5,7,71.4,0.1,-0.5,5,4,3,1,69,1,0,1,3,0,0,0,0,0,0,2,9,3.82,6,0,1,0,0,1,0.42,0,0,0,0,0,3,1,0,3,0,2,40.0,3,5,0,3,2,0,104,0,5,4,28.6,10,71.4,75,4,6,4,83,35,9.4,60,0,4,23,12,2.17,3,3,0,0.00,-0.93,2.7,2.6,+0.1,+0.06,-0.64,0,5,0,0,0,8,4,22.2
71,Luis Benedetti,br BRA,DF,Palmeiras,19-123,2006,2,2,180,2.0,0,0,0,0,0,0,0,0,0.1,0.1,0.0,0.1,0,8,0,0.00,0.00,0.00,0.00,0.00,0.03,0.01,0.04,0.03,0.04,Matches,1,0,0.0,0.50,0.00,0.00,,9.8,0,0.06,-0.1,-0.1,80,86,93.0,1497,447,24,26,92.3,47,49,95.9,8,9,88.9,0.3,0.0,1,5,2,0,84,2,0,0,0,0,0,0,0,0,0,0,3,1.50,3,0,0,0,0,0,0.00,0,0,0,0,0,2,1,2,0,0,2,100.0,0,0,2,4,8,0,105,15,1,0,,0,,53,0,1,0,71,90,8.0,90,2,0,,9,0.50,2,3,-1,-0.50,-1.46,3.0,1.5,+1.6,+0.78,+0.15,0,2,0,0,0,7,5,71.4
,Luis Eduardo,,,,,,,,,,,,,,,,,,,,,,,,,,,,,,,,,,,,,,,,,,,,,,,,,,,,,,,,,,,,,,,,,,,,,,,,,,,,,,,,,,,,,,,,,,,,,,,,,,,,,,,,,,,,,,,,,,,,,,,,,,0,0,,2,,,,,,,,,,,,,,,,,,,
395,Luis Mandaca,br BRA,"MF,FW",Juventude,24-006,2001,25,23,1930,21.4,2,0,2,2,0,0,4,1,2.3,2.1,0.9,3.0,46,76,75,0.09,0.00,0.09,0.09,0.09,0.11,0.04,0.15,0.10,0.14,Matches,42,11,26.2,1.96,0.51,0.05,0.18,15.8,0,0.05,-0.3,-0.1,472,607,77.8,8314,2525,222,269,82.5,186,218,85.3,53,70,75.7,1.1,-0.9,20,59,10,2,593,12,1,14,18,4,0,0,0,0,2,25,56,2.61,39,0,5,6,4,3,0.14,3,0,0,0,0,45,28,19,19,7,12,37.5,20,20,14,59,30,2,885,40,74,36,48.0,38,50.7,488,12,32,29,582,77,82.5,81,9,2,30,1,0.92,17,33,-16,-0.75,+1.67,16.1,33.4,-17.3,-0.81,+0.34,1,47,0,0,0,89,31,55.4
485,Luis Otávio,br BRA,MF,Internacional,18-179,2007,14,3,426,4.7,0,0,0,0,0,0,0,0,0.4,0.4,0.0,0.4,3,15,3,0.00,0.00,0.00,0.00,0.00,0.07,0.00,0.08,0.07,0.08,Matches,3,2,66.7,0.63,0.42,0.00,0.00,19.6,0,0.12,-0.4,-0.4,192,221,86.9,3279,746,85,96,88.5,85,96,88.5,18,20,90.0,0.1,0.0,1,16,1,0,214,7,0,1,0,0,0,0,0,0,0,3,6,1.26,6,0,0,0,0,0,0.00,0,0,0,0,0,18,12,9,8,1,8,61.5,5,5,8,26,9,0,277,10,2,7,50.0,4,28.6,171,0,2,4,184,30,18.2,67,1,11,20,7,1.21,2,6,-4,-0.85,-0.75,6.4,4.9,+1.5,+0.32,-0.13,0,5,0,0,0,20,7,46.7
637,Luis Sinisterra,co COL,FW,Cruzeiro,26-113,1999,4,0,70,0.8,1,0,1,1,0,0,0,0,0.4,0.4,0.0,0.4,1,1,6,1.29,0.00,1.29,1.29,1.29,0.47,0.05,0.51,0.47,0.51,Matches,3,2,66.7,3.86,2.57,0.33,0.50,22.0,0,0.12,+0.6,+0.6,21,25,84.0,264,33,16,17,94.1,5,6,83.3,0,2,0.0,0.0,0.0,1,2,0,0,25,0,0,0,0,0,0,0,0,0,0,0,5,6.43,4,0,1,0,0,0,0.00,0,0,0,0,0,1,1,1,0,0,1,100.0,0,3,0,1,1,0,41,0,3,4,100.0,0,0.0,22,1,4,5,23,18,2.9,,0,4,18,0,2.00,3,0,+3,+3.86,+3.21,1.4,1.5,-0.1,-0.08,-0.50,0,1,0,0,0,6,1,50.0
380,Luisão,br BRA,DF,Santos,22-029,2003,6,5,438,4.9,0,0,0,0,0,0,2,0,0.1,0.1,0.0,0.1,0,8,3,0.00,0.00,0.00,0.00,0.00,0.02,0.00,0.02,0.02,0.02,Matches,3,0,0.0,0.62,0.00,0.00,,22.0,0,0.03,-0.1,-0.1,155,189,82.0,2920,1142,60,68,88.2,76,87,87.4,16,28,57.1,0.0,0.0,0,10,1,1,170,19,0,0,2,13,0,0,0,0,0,2,2,0.41,0,1,0,0,0,0,0.00,0,0,0,0,0,7,3,3,4,0,4,36.4,7,3,3,10,32,2,249,40,3,2,50.0,2,50.0,125,0,3,0,145,73,18.7,84,3,1,20,15,1.00,2,11,-9,-1.85,-1.66,4.3,7.3,-3.1,-0.63,-0.65,0,3,0,0,0,10,4,40.0
32,Luiz Araújo,br BRA,"FW,MF",Flamengo,29-128,1996,24,10,1177,13.1,5,2,7,5,0,0,1,0,2.4,2.4,3.4,5.7,25,65,99,0.38,0.15,0.54,0.38,0.54,0.18,0.26,0.44,0.18,0.44,Matches,32,14,43.8,2.45,1.07,0.16,0.36,20.7,1,0.07,+2.6,+2.6,444,580,76.6,7410,1745,223,256,87.1,167,197,84.8,41,84,48.8,2.7,-1.4,31,32,15,3,519,61,3,6,71,2,38,16,20,0,0,19,47,3.60,28,14,1,0,0,5,0.38,3,1,0,0,0,38,28,11,20,7,14,58.3,10,15,5,43,10,0,736,11,46,12,37.5,17,53.1,394,8,25,16,492,49,50.3,77,4,14,29,1,2.21,27,7,+20,+1.53,+0.21,21.3,9.8,+11.5,+0.88,+0.36,0,18,0,0,0,34,6,30.0
211,Luiz Filipe,br BRA,FW,Mirassol,24-133,2001,1,0,14,0.2,0,0,0,0,0,0,0,0,0.0,0.0,0.0,0.0,1,0,2,0.00,0.00,0.00,0.00,0.00,0.08,0.00,0.08,0.08,0.08,Matches,1,0,0.0,6.43,0.00,0.00,,26.1,0,0.01,0.0,0.0,7,10,70.0,66,11,5,6,83.3,1,1,100.0,0,1,0.0,0.0,0.0,0,0,0,0,10,0,0,0,0,0,0,0,0,0,0,1,0,0.00,0,0,0,0,0,0,0.00,0,0,0,0,0,1,1,0,0,1,0,0.0,1,0,0,1,0,0,12,0,1,1,100.0,0,0.0,5,0,0,1,8,14,0.6,,0,1,14,5,0.00,0,0,0,0.00,-0.54,0.2,0.0,+0.2,+1.38,+1.14,0,2,0,0,0,0,0,
268,Luiz Gustavo,br BRA,"MF,DF",São Paulo,38-077,1987,2,2,180,2.0,0,0,0,0,0,0,0,0,0.2,0.2,0.0,0.2,0,4,5,0.00,0.00,0.00,0.00,0.00,0.08,0.01,0.09,0.08,0.09,Matches,2,0,0.0,1.00,0.00,0.00,,12.8,0,0.08,-0.2,-0.2,46,55,83.6,763,185,24,26,92.3,22,26,84.6,0,2,0.0,0.0,0.0,1,3,0,0,51,4,0,0,0,0,0,0,0,0,0,0,1,0.50,1,0,0,0,0,0,0.00,0,0,0,0,0,7,3,2,4,1,2,66.7,1,0,3,10,6,0,81,12,3,0,0.0,0,0.0,35,0,1,0,48,,,,0,0,,6,,,,,,,,,,,,0,4,0,0,0,5,4,66.7
269,Luiz Gustavo,br BRA,DF,Vasco da Gama,19-179,2006,5,3,288,3.2,0,0,0,0,0,0,3,0,0.0,0.0,0.0,0.0,2,12,0,0.00,0.00,0.00,0.00,0.00,0.01,0.00,0.01,0.01,0.01,Matches,2,0,0.0,1.00,0.00,0.00,,12.8,0,0.08,-0.2,-0.2,46,55,83.6,763,185,24,26,92.3,22,26,84.6,0,2,0.0,0.0,0.0,1,3,0,0,51,4,0,0,0,0,0,0,0,0,0,0,1,0.50,1,0,0,0,0,0,0.00,0,0,0,0,0,7,3,2,4,1,2,66.7,1,0,3,10,6,0,81,12,3,0,0.0,0,0.0,35,0,1,0,48,,,,0,0,,6,,,,,,,,,,,,0,4,0,0,0,5,4,66.7
,Luiz Henrique,,,,,,,,,,,,,,,,,,,,,,,,,,,,,,,,,,,,,,,,,,,,,,,,,,,,,,,,,,,,,,,,,,,,,,,,,,,,,,,,,,,,,,,,,,,,,,,,,,,,,,,,,,,,,,,,,,,,,,,,,,0,0,,2,,,,,,,,,,,,,,,,,,,
,Luiz Otávio,,,,,,,,,,,,,,,,,,,,,,,,,,,,,,,,,,,,,,,,,,,,,,,,,,,,,,,,,,,,,,,,,,,,,,,,,,,,,,,,,,,,,,,,,,,,,,,,,,,,,,,,,,,,,,,,,,,,,,,,,,0,0,,9,,,,,,,,,,,,,,,,,,,
717,Lukas Zuccarello,br BRA,FW,Vasco da Gama,18-310,2006,2,0,24,0.3,0,0,0,0,0,0,0,0,0.0,0.0,0.1,0.1,0,0,5,0.00,0.00,0.00,0.00,0.00,0.00,0.29,0.29,0.00,0.29,Matches,0,0,,0.00,0.00,,,,0,,0.0,0.0,6,8,75.0,89,29,3,5,60.0,3,3,100.0,0,0,,0.1,-0.1,1,0,0,0,8,0,0,0,1,0,0,0,0,0,0,0,1,3.75,1,0,0,0,0,0,0.00,0,0,0,0,0,1,1,1,0,0,0,,0,2,0,1,0,0,13,0,2,0,,0,,6,0,1,1,8,12,1.0,,0,2,12,0,0.50,0,1,-1,-3.75,-3.82,0.1,1.6,-1.5,-5.71,-5.62,0,1,0,0,0,2,1,100.0
,Lyan Araujo,,,,,,,,,,,,,,,,,,,,,,,,,,,,,,,,,,,,,,,,,,,,,,,,,,,,,,,,,,,,,,,,,,,,,,,,,,,,,,,,,,,,,,,,,,,,,,,,,,,,,,,,,,,,,,,,,,,,,,,,,,0,0,,1,,,,,,,,,,,,,,,,,,,
383,Lyanco,br BRA,DF,Atlético Mineiro,28-249,1997,16,16,1393,15.5,0,0,0,0,0,0,10,2,0.6,0.6,0.1,0.7,11,62,1,0.00,0.00,0.00,0.00,0.00,0.04,0.01,0.05,0.04,0.05,Matches,12,3,25.0,0.78,0.19,0.00,0.00,19.1,0,0.05,-0.6,-0.6,740,838,88.3,14187,4398,262,274,95.6,393,416,94.5,74,124,59.7,0.3,-0.1,3,73,7,0,798,38,0,8,1,2,0,0,0,0,2,3,15,0.97,13,0,0,1,0,1,0.06,1,0,0,0,0,29,17,21,4,4,12,66.7,6,7,37,66,80,3,1046,109,12,8,44.4,7,38.9,624,2,19,2,669,87,61.9,87,13,0,,0,1.31,14,14,0,0.00,+0.74,18.7,15.2,+3.5,+0.23,+0.49,2,29,0,1,0,105,34,64.2
29,Léo Aragão,br BRA,GK,Cruzeiro,23-172,2002,1,1,90,1.0,0,0,0,0,0,0,0,0,0.0,0.0,0.0,0.0,0,0,0,0.00,0.00,0.00,0.00,0.00,0.00,0.00,0.00,0.00,0.00,Matches,0,0,,0.00,0.00,,,,0,,0.0,0.0,15,16,93.8,311,128,4,4,100.0,10,10,100.0,1,2,50.0,0.0,0.0,0,0,0,0,10,6,0,0,0,0,0,0,0,0,0,0,0,0.00,0,0,0,0,0,0,0.00,0,0,0,0,0,0,0,0,0,0,0,,0,0,0,0,0,0,15,14,0,0,,0,,5,0,0,0,5,90,3.7,90,1,0,,25,3.00,4,0,+4,+4.00,+3.38,2.7,0.4,+2.3,+2.30,+1.96,0,0,0,0,0,1,0,
316,Léo Jardim,br BRA,GK,Vasco da Gama,30-202,1995,26,26,2335,25.9,0,0,0,0,0,0,2,1,0.0,0.0,0.0,0.0,0,0,0,0.00,0.00,0.00,0.00,0.00,0.00,0.00,0.00,0.00,0.00,Matches,0,0,,0.00,0.00,,,,0,,0.0,0.0,629,795,79.1,13995,8305,146,146,100.0,341,347,98.3,109,267,40.8,0.0,0.0,0,3,0,0,562,232,0,3,0,0,0,0,0,0,1,1,3,0.12,3,0,0,0,0,1,0.04,1,0,0,0,0,0,0,0,0,0,0,,0,0,0,0,23,5,861,744,0,1,100.0,0,0.0,466,0,0,0,417,90,96.1,90,25,0,,0,1.27,40,37,+3,+0.12,+2.01,32.5,36.3,-3.8,-0.15,+0.01,1,0,0,0,0,33,8,88.9
392,Léo Mana,br BRA,DF,Corinthians,21-185,2004,4,3,225,2.5,0,0,0,0,0,0,0,0,0.0,0.0,0.0,0.0,2,11,9,0.00,0.00,0.00,0.00,0.00,0.00,0.01,0.01,0.00,0.01,Matches,0,0,,0.00,0.00,,,,0,,0.0,0.0,135,156,86.5,2158,707,70,75,93.3,50,55,90.9,11,17,64.7,0.0,0.0,1,7,0,0,134,22,0,0,3,20,1,0,1,0,0,3,3,1.20,3,0,0,0,0,0,0.00,0,0,0,0,0,3,2,0,2,1,1,25.0,3,3,3,6,10,0,178,9,2,0,0.0,1,100.0,93,1,3,1,113,56,9.3,60,1,1,45,11,1.25,2,3,-1,-0.40,-0.32,3.4,2.1,+1.2,+0.49,+0.61,0,1,0,0,0,10,3,60.0
510,Léo Pereira,br BRA,DF,Flamengo,29-250,1996,23,22,1977,22.0,3,0,3,3,0,0,4,0,1.7,1.7,0.1,1.9,15,102,13,0.14,0.00,0.14,0.14,0.14,0.08,0.01,0.08,0.08,0.08,Matches,14,6,42.9,0.64,0.27,0.21,0.50,14.1,3,0.12,+1.3,+1.3,1670,1790,93.3,30426,9714,608,633,96.1,924,950,97.3,126,178,70.8,0.7,-0.1,6,116,6,0,1698,89,0,3,8,8,0,0,0,0,3,11,18,0.82,18,0,0,0,0,1,0.05,1,0,0,0,0,18,12,13,4,1,10,45.5,12,11,17,35,92,1,1977,178,17,1,50.0,1,50.0,1283,0,10,3,1510,86,84.5,88,20,1,45,2,2.22,42,10,+32,+1.46,+0.22,32.2,18.2,+14.0,+0.64,-0.39,0,19,0,2,0,81,38,58.5
387,Magrão,br BRA,GK,Fortaleza,25-146,2000,3,3,270,3.0,0,0,0,0,0,0,1,0,0.0,0.0,0.0,0.0,0,0,0,0.00,0.00,0.00,0.00,0.00,0.00,0.00,0.00,0.00,0.00,Matches,0,0,,0.00,0.00,,,,0,,0.0,0.0,47,70,67.1,1290,899,9,9,100.0,21,22,95.5,17,37,45.9,0.0,0.0,0,0,0,0,36,33,0,0,0,0,0,0,0,0,1,1,1,0.33,1,0,0,0,0,0,0.00,0,0,0,0,0,0,0,0,0,0,0,,0,0,0,0,0,0,76,64,0,0,,0,,30,0,0,0,20,90,11.5,90,3,0,,3,1.33,5,4,+1,+0.33,+1.03,5.4,6.0,-0.5,-0.18,+0.11,0,2,0,2,0,1,0,
391,Maik,br BRA,DF,São Paulo,20-278,2005,2,2,180,2.0,1,0,1,1,0,0,2,0,0.2,0.2,0.2,0.4,1,7,10,0.50,0.00,0.50,0.50,0.50,0.11,0.10,0.21,0.11,0.21,Matches,2,1,50.0,1.00,0.50,0.50,1.00,17.0,0,0.11,+0.8,+0.8,82,105,78.1,1275,370,47,56,83.9,27,33,81.8,5,10,50.0,0.0,-0.2,2,0,2,1,84,21,0,1,7,20,0,0,0,0,0,2,4,2.00,4,0,0,0,0,0,0.00,0,0,0,0,0,3,3,1,2,0,2,100.0,0,4,1,4,3,0,126,2,3,2,66.7,0,0.0,69,1,4,1,71,90,7.4,90,2,0,,6,2.00,4,2,+2,+1.00,+0.96,4.1,1.1,+3.0,+1.51,+1.33,0,7,0,0,0,11,2,40.0
169,Mailton dos Santos,br BRA,DF,São Paulo,27-130,1998,3,1,134,1.5,0,0,0,0,0,0,0,0,0.0,0.0,0.1,0.2,3,3,10,0.00,0.00,0.00,0.00,0.00,0.01,0.10,0.11,0.01,0.11,Matches,1,0,0.0,0.67,0.00,0.00,,37.1,0,0.02,0.0,0.0,56,84,66.7,1065,230,21,26,80.8,28,38,73.7,6,17,35.3,0.3,-0.1,3,4,0,0,55,29,1,0,11,19,6,5,0,0,0,3,6,4.03,2,2,0,2,0,0,0.00,0,0,0,0,0,0,0,0,0,0,0,0.0,2,2,0,0,5,0,102,6,0,2,28.6,3,42.9,51,0,0,3,57,45,5.5,90,1,2,22,2,1.00,1,1,0,0.00,-0.12,1.6,1.8,-0.2,-0.11,-0.41,0,3,0,0,0,4,2,50.0
396,Manoel,br BRA,DF,Fluminense,35-224,1990,5,4,345,3.8,0,0,0,0,0,0,0,0,0.2,0.2,0.0,0.2,0,7,0,0.00,0.00,0.00,0.00,0.00,0.05,0.00,0.05,0.05,0.05,Matches,3,0,0.0,0.78,0.00,0.00,,12.8,0,0.06,-0.2,-0.2,169,178,94.9,3241,1043,58,60,96.7,94,96,97.9,17,22,77.3,0.0,0.0,0,8,0,0,170,8,0,1,0,0,0,0,0,0,0,0,0,0.00,0,0,0,0,0,0,0.00,0,0,0,0,0,0,0,0,0,0,0,0.0,1,4,0,0,17,0,208,37,4,1,50.0,0,0.0,141,0,1,0,152,69,15.3,75,2,1,45,14,1.80,5,5,0,0.00,-0.09,3.5,4.8,-1.3,-0.33,-0.50,0,1,0,0,0,8,3,42.9
,Marcelinho,,,,,,,,,,,,,,,,,,,,,,,,,,,,,,,,,,,,,,,,,,,,,,,,,,,,,,,,,,,,,,,,,,,,,,,,,,,,,,,,,,,,,,,,,,,,,,,,,,,,,,,,,,,,,,,,,,,,,,,,,,0,0,,11,,,,,,,,,,,,,,,,,,,
,Marcelo,,,,,,,,,,,,,,,,,,,,,,,,,,,,,,,,,,,,,,,,,,,,,,,,,,,,,,,,,,,,,,,,,,,,,,,,,,,,,,,,,,,,,,,,,,,,,,,,,,,,,,,,,,,,,,,,,,,,,,,,,,0,0,,1,,,,,,,,,,,,,,,,,,,
285,Marcelo Hermes,br BRA,DF,Juventude,30-249,1995,12,11,1032,11.5,0,2,2,0,0,0,3,0,0.4,0.4,1.9,2.2,18,48,44,0.00,0.17,0.17,0.00,0.17,0.03,0.16,0.20,0.03,0.20,Matches,9,2,22.2,0.78,0.17,0.00,0.00,20.1,1,0.04,-0.4,-0.4,429,612,70.1,7682,3577,180,210,85.7,204,258,79.1,39,108,36.1,1.1,+0.1,16,40,6,3,417,190,1,4,89,121,39,15,21,0,5,19,28,2.44,14,11,0,0,1,2,0.17,1,1,0,0,0,23,15,11,10,2,10,55.6,8,9,11,34,37,2,727,39,9,3,30.0,7,70.0,308,0,13,4,369,86,44.1,90,10,1,45,2,1.00,9,19,-10,-0.87,+0.30,9.0,18.1,-9.1,-0.79,+0.13,0,13,0,0,0,46,8,36.4
368,Marcelo Lomba,br BRA,GK,Palmeiras,38-294,1986,1,1,90,1.0,0,0,0,0,0,0,0,0,0.0,0.0,0.0,0.0,0,0,0,0.00,0.00,0.00,0.00,0.00,0.00,0.00,0.00,0.00,0.00,Matches,0,0,,0.00,0.00,,,,0,,0.0,0.0,26,29,89.7,865,666,3,3,100.0,10,10,100.0,13,16,81.3,0.0,0.0,0,0,0,0,16,13,0,0,0,0,0,0,0,0,0,0,0,0.00,0,0,0,0,0,0,0.00,0,0,0,0,0,0,0,0,0,0,0,,0,0,0,0,0,0,30,26,0,0,,0,,14,0,0,0,8,90,4.0,90,1,0,,22,1.00,2,2,0,0.00,-0.87,1.7,0.9,+0.8,+0.77,+0.14,0,0,0,0,0,1,0,
,Marcelo Pitaluga,,,,,,,,,,,,,,,,,,,,,,,,,,,,,,,,,,,,,,,,,,,,,,,,,,,,,,,,,,,,,,,,,,,,,,,,,,,,,,,,,,,,,,,,,,,,,,,,,,,,,,,,,,,,,,,,,,,,,,,,0.0,,0,0,,5,0.00,2,4,-2,,,,,,,,,,,,,,,
28,Marcos Antônio,br BRA,MF,São Paulo,25-117,2000,19,16,1252,13.9,0,3,3,0,0,0,4,0,0.2,0.2,2.2,2.5,21,72,58,0.00,0.22,0.22,0.00,0.22,0.02,0.16,0.18,0.02,0.18,Matches,7,1,14.3,0.50,0.07,0.00,0.00,28.5,0,0.03,-0.2,-0.2,620,704,88.1,10542,2574,296,326,90.8,260,279,93.2,48,57,84.2,1.9,+0.8,19,65,16,1,691,12,2,4,8,2,0,0,0,0,1,17,40,2.87,38,0,0,1,1,6,0.43,6,0,0,0,0,14,9,8,6,0,8,36.4,14,10,6,20,22,0,815,30,15,3,27.3,8,72.7,536,3,25,8,622,66,51.5,73,6,3,28,1,1.74,19,10,+9,+0.65,+1.11,18.4,13.3,+5.1,+0.37,+0.19,0,19,0,0,0,66,5,25.0
200,Marcos Felipe,br BRA,GK,Bahia,29-178,1996,11,10,972,10.8,0,0,0,0,0,0,0,0,0.0,0.0,0.0,0.0,0,0,0,0.00,0.00,0.00,0.00,0.00,0.00,0.00,0.00,0.00,0.00,Matches,0,0,,0.00,0.00,,,,0,,0.0,0.0,347,429,80.9,7943,5107,90,90,100.0,168,169,99.4,73,153,47.7,0.0,0.0,0,1,0,0,315,113,0,2,0,0,0,0,0,0,1,0,2,0.19,1,1,0,0,0,0,0.00,0,0,0,0,0,0,0,0,0,0,0,,0,0,1,1,10,1,458,353,0,0,,0,,234,0,1,0,230,88,41.5,90,10,1,72,6,2.00,13,9,+4,+0.37,+0.37,14.9,14.9,0.0,0.00,+0.13,0,1,0,1,0,10,2,100.0
500,Marcos Paulo,br BRA,DF,Juventude,22-263,2003,10,9,783,8.7,0,0,0,0,0,0,4,0,0.2,0.2,0.1,0.3,7,29,2,0.00,0.00,0.00,0.00,0.00,0.02,0.01,0.03,0.02,0.03,Matches,3,2,66.7,0.34,0.23,0.00,0.00,23.6,0,0.06,-0.2,-0.2,319,389,82.0,6560,2482,93,104,89.4,180,198,90.9,44,76,57.9,0.1,-0.1,2,20,1,0,372,17,0,3,0,0,0,0,0,0,0,7,8,0.92,7,0,0,0,0,1,0.11,1,0,0,0,0,10,8,4,4,2,7,77.8,2,5,6,16,51,1,481,70,5,3,75.0,1,25.0,286,1,4,2,319,78,33.5,82,6,1,45,5,0.40,5,17,-12,-1.38,-0.51,5.0,16.2,-11.2,-1.28,-0.62,0,14,0,1,1,36,15,57.7
568,Marcos Rocha,br BRA,DF,Palmeiras,36-301,1988,1,1,90,1.0,0,0,0,0,0,0,0,0,0.1,0.1,0.1,0.2,7,9,9,0.00,0.00,0.00,0.00,0.00,0.05,0.14,0.19,0.05,0.19,Matches,1,1,100.0,1.00,1.00,0.00,0.00,12.6,0,0.05,-0.1,-0.1,59,78,75.6,1075,583,26,31,83.9,26,28,92.9,6,14,42.9,0.2,-0.1,2,9,1,1,63,14,0,0,6,9,1,0,0,0,1,0,3,3.00,2,1,0,0,0,0,0.00,0,0,0,0,0,0,0,0,0,0,0,0.0,3,1,2,2,3,0,87,4,3,0,0.0,1,100.0,34,1,1,1,56,90,4.0,90,1,0,,10,1.00,2,2,0,0.00,-0.87,1.7,0.9,+0.8,+0.77,+0.14,0,2,0,0,0,4,1,100.0
569,Marcos Rocha,br BRA,DF,Grêmio,36-301,1988,5,5,429,4.8,0,0,0,0,0,0,1,0,0.0,0.0,0.7,0.7,9,25,9,0.00,0.00,0.00,0.00,0.00,0.00,0.14,0.15,0.00,0.15,Matches,1,1,100.0,1.00,1.00,0.00,0.00,12.6,0,0.05,-0.1,-0.1,59,78,75.6,1075,583,26,31,83.9,26,28,92.9,6,14,42.9,0.2,-0.1,2,9,1,1,63,14,0,0,6,9,1,0,0,0,1,0,3,3.00,2,1,0,0,0,0,0.00,0,0,0,0,0,0,0,0,0,0,0,0.0,3,1,2,2,3,0,87,4,3,0,0.0,1,100.0,34,1,1,1,56,90,4.0,90,1,0,,10,1.00,2,2,0,0.00,-0.87,1.7,0.9,+0.8,+0.77,+0.14,0,2,0,0,0,4,1,100.0
680,Marcos Victor,br BRA,DF,Ceará,23-286,2001,7,7,630,7.0,0,0,0,0,0,0,0,0,0.4,0.4,0.0,0.4,2,11,1,0.00,0.00,0.00,0.00,0.00,0.06,0.00,0.06,0.06,0.06,Matches,3,0,0.0,0.43,0.00,0.00,,10.9,0,0.14,-0.4,-0.4,222,249,89.2,4214,1532,66,73,90.4,136,142,95.8,18,29,62.1,0.2,0.0,0,10,2,0,245,4,0,1,1,0,0,0,0,0,0,2,4,0.57,3,0,0,1,0,0,0.00,0,0,0,0,0,8,6,4,4,0,2,100.0,0,2,6,14,54,0,345,61,3,3,42.9,2,28.6,186,0,4,1,196,90,26.9,90,7,0,,12,1.86,9,5,+4,+0.57,+0.68,7.0,7.1,-0.1,-0.02,+0.04,0,3,0,0,0,15,11,55.0
399,Marcão,br BRA,GK,Juventude,33-216,1992,6,5,495,5.5,0,0,0,0,0,0,0,0,0.0,0.0,0.0,0.0,0,0,0,0.00,0.00,0.00,0.00,0.00,0.00,0.00,0.00,0.00,0.00,Matches,0,0,,0.00,0.00,,,,0,,0.0,0.0,105,155,67.7,2584,1649,17,18,94.4,61,61,100.0,27,75,36.0,0.0,0.0,0,0,0,0,124,30,0,0,0,0,0,0,0,0,1,0,0,0.00,0,0,0,0,0,0,0.00,0,0,0,0,0,0,0,0,0,0,0,,0,0,0,0,1,0,175,163,0,0,,0,,107,0,0,0,82,83,21.2,90,5,1,45,4,0.50,2,10,-8,-1.45,-0.53,3.1,9.3,-6.2,-1.12,-0.33,0,1,0,1,0,6,0,
403,Marinho,br BRA,FW,Fortaleza,35-132,1990,16,8,701,7.8,1,2,3,1,0,0,3,1,2.3,2.3,2.6,4.9,33,20,80,0.13,0.26,0.39,0.13,0.39,0.30,0.33,0.63,0.30,0.63,Matches,28,6,21.4,3.59,0.77,0.04,0.17,21.2,1,0.08,-1.3,-1.3,145,215,67.4,2324,627,79,93,84.9,51,68,75.0,12,35,34.3,1.1,-0.6,12,14,14,6,197,15,0,2,32,1,10,3,3,1,3,11,29,3.72,15,2,2,3,0,3,0.39,1,0,0,0,0,11,7,5,6,0,5,50.0,5,7,5,16,2,0,333,1,27,15,48.4,12,38.7,219,13,25,13,242,44,30.0,67,0,8,21,4,0.94,10,14,-4,-0.51,+0.09,9.0,10.5,-1.5,-0.19,+0.13,0,25,0,0,0,30,2,11.8
85,Marllon Borges,br BRA,DF,Ceará,33-175,1992,19,19,1710,19.0,2,0,2,2,0,0,2,0,0.4,0.4,0.0,0.5,2,31,1,0.11,0.00,0.11,0.11,0.11,0.02,0.00,0.02,0.02,0.02,Matches,6,2,33.3,0.32,0.11,0.33,1.00,10.8,0,0.07,+1.6,+1.6,518,605,85.6,10740,4003,145,158,91.8,296,323,91.6,73,110,66.4,0.1,0.0,2,23,1,0,562,41,0,2,2,0,0,0,0,0,2,5,10,0.53,5,1,0,1,1,0,0.00,0,0,0,0,0,19,8,12,6,1,8,50.0,8,1,10,29,120,2,793,132,9,0,0.0,1,100.0,380,0,7,0,441,90,73.1,90,19,0,,7,1.11,17,19,-2,-0.11,-0.68,20.3,21.5,-1.1,-0.06,-0.04,0,14,0,0,0,40,33,52.4
404,Marlon,br BRA,DF,Cruzeiro,28-141,1997,1,0,6,0.1,0,0,0,0,0,0,0,0,0.0,0.0,0.0,0.0,0,0,0,0.00,0.00,0.00,0.00,0.00,0.00,0.41,0.41,0.00,0.41,Matches,0,0,,0.00,0.00,,,,0,,0.0,0.0,6,6,100.0,80,52,5,5,100.0,0,0,,1,1,100.0,0.0,0.0,1,2,0,0,5,1,0,0,0,1,0,0,0,0,0,0,1,15.00,1,0,0,0,0,0,0.00,0,0,0,0,0,0,0,0,0,0,0,,0,0,0,0,0,0,7,0,0,0,,0,,3,0,1,0,4,6,0.2,,0,1,6,1,0.00,0,0,0,0.00,-0.74,0.1,0.2,-0.1,-1.58,-1.99,0,0,0,0,0,0,0,
405,Marlon,br BRA,MF,Juventude,20-270,2005,1,0,8,0.1,0,0,0,0,0,0,0,0,0.0,0.0,0.0,0.0,0,0,2,0.00,0.00,0.00,0.00,0.00,0.20,0.21,0.41,0.20,0.41,Matches,0,0,,0.00,0.00,,,,0,,0.0,0.0,6,6,100.0,80,52,5,5,100.0,0,0,,1,1,100.0,0.0,0.0,1,2,0,0,5,1,0,0,0,1,0,0,0,0,0,0,1,15.00,1,0,0,0,0,0,0.00,0,0,0,0,0,0,0,0,0,0,0,,0,0,0,0,0,0,7,0,0,0,,0,,3,0,1,0,4,6,0.2,,0,1,6,1,0.00,0,0,0,0.00,-0.74,0.1,0.2,-0.1,-1.58,-1.99,0,0,0,0,0,0,0,
406,Marlon,br BRA,DF,Grêmio,28-141,1997,21,21,1890,21.0,0,2,2,0,0,0,6,0,0.5,0.5,2.2,2.7,36,50,65,0.00,0.10,0.10,0.00,0.10,0.03,0.10,0.13,0.03,0.13,Matches,0,0,,0.00,0.00,,,,0,,0.0,0.0,6,6,100.0,80,52,5,5,100.0,0,0,,1,1,100.0,0.0,0.0,1,2,0,0,5,1,0,0,0,1,0,0,0,0,0,0,1,15.00,1,0,0,0,0,0,0.00,0,0,0,0,0,0,0,0,0,0,0,,0,0,0,0,0,0,7,0,0,0,,0,,3,0,1,0,4,6,0.2,,0,1,6,1,0.00,0,0,0,0.00,-0.74,0.1,0.2,-0.1,-1.58,-1.99,0,0,0,0,0,0,0,
221,Marlon Freitas,br BRA,MF,Botafogo (RJ),30-195,1995,25,23,2024,22.5,1,4,5,1,0,0,5,0,0.9,0.9,2.3,3.2,23,171,26,0.04,0.18,0.22,0.04,0.22,0.04,0.10,0.14,0.04,0.14,Matches,17,6,35.3,0.76,0.27,0.06,0.17,19.9,0,0.05,+0.1,+0.1,1394,1557,89.5,27837,7047,493,524,94.1,693,738,93.9,193,250,77.2,2.8,+1.7,25,166,28,2,1469,83,6,18,6,10,0,0,0,0,5,16,63,2.80,58,2,0,0,0,10,0.44,10,0,0,0,0,31,19,13,14,4,18,48.6,19,12,19,50,44,0,1720,66,15,1,20.0,3,60.0,1079,0,12,7,1319,81,83.3,86,16,2,19,0,1.56,26,19,+7,+0.31,-1.24,29.9,24.3,+5.6,+0.25,-0.16,0,24,0,0,0,77,13,52.0
410,Marquinhos,br BRA,"FW,MF",Cruzeiro,22-184,2003,17,2,384,4.3,0,0,0,0,0,0,1,0,0.5,0.5,0.6,1.1,11,9,31,0.00,0.00,0.00,0.00,0.00,0.12,0.13,0.25,0.12,0.25,Matches,14,2,14.3,3.28,0.47,0.00,0.00,21.3,3,0.04,-0.5,-0.5,81,112,72.3,1155,445,50,56,89.3,22,30,73.3,6,15,40.0,0.8,-0.6,9,5,5,3,93,17,0,0,20,10,6,3,3,0,2,4,16,3.75,9,3,1,2,0,0,0.00,0,0,0,0,0,14,5,4,4,6,4,66.7,2,10,8,22,6,0,188,7,11,2,20.0,8,80.0,98,4,6,8,96,23,15.8,78,1,15,15,7,1.82,6,3,+3,+0.70,-0.04,6.9,3.9,+3.0,+0.71,+0.36,0,4,0,0,0,18,2,16.7
91,Martin Braithwaite,dk DEN,FW,Grêmio,34-125,1991,18,18,1456,16.2,6,1,7,2,4,4,3,0,6.1,3.0,0.8,3.8,12,27,57,0.37,0.06,0.43,0.12,0.19,0.38,0.05,0.43,0.19,0.24,Matches,33,12,36.4,2.04,0.74,0.06,0.17,15.6,2,0.09,-0.1,-1.0,201,265,75.8,3067,569,109,136,80.1,72,92,78.3,12,16,75.0,0.8,+0.2,16,18,5,0,231,33,0,2,3,0,0,0,0,0,1,8,42,2.60,29,0,2,4,1,4,0.25,2,0,1,1,0,9,5,3,3,3,4,57.1,3,4,3,12,10,0,398,12,67,11,36.7,15,50.0,205,8,22,23,269,81,59.9,81,9,0,,0,1.06,12,19,-7,-0.43,-0.62,16.8,22.9,-6.1,-0.38,+0.38,0,23,1,0,0,27,23,43.4
412,Martinelli,br BRA,MF,Fluminense,24-151,2001,22,21,1748,19.4,1,2,3,1,0,0,4,0,1.6,1.6,1.5,3.0,19,84,21,0.05,0.10,0.15,0.05,0.15,0.08,0.08,0.16,0.08,0.16,Matches,12,4,33.3,0.62,0.21,0.08,0.25,16.5,0,0.16,-0.6,-0.6,864,997,86.7,14640,3874,413,459,90.0,351,394,89.1,73,100,73.0,1.6,+0.5,15,74,9,0,964,33,4,17,5,4,0,0,0,0,0,14,31,1.60,27,0,0,1,1,4,0.21,3,0,0,0,1,37,25,21,11,5,12,46.2,14,22,12,49,23,3,1181,52,21,10,38.5,10,38.5,688,4,24,19,859,79,77.7,82,10,1,30,0,1.59,25,18,+7,+0.36,+1.26,21.7,16.7,+5.0,+0.26,+0.74,0,33,0,1,0,80,20,58.8
236,Mateo Gamarra,py PAR,DF,Cruzeiro,24-353,2000,2,1,154,1.7,0,0,0,0,0,0,0,0,0.0,0.0,0.0,0.0,1,1,0,0.00,0.00,0.00,0.00,0.00,0.02,0.00,0.02,0.02,0.02,Matches,1,0,0.0,0.58,0.00,0.00,,12.0,0,0.03,0.0,0.0,58,83,69.9,1085,473,22,24,91.7,29,33,87.9,6,22,27.3,0.0,0.0,0,4,0,0,77,6,0,1,0,0,0,0,0,0,0,3,1,0.58,0,1,0,0,0,0,0.00,0,0,0,0,0,6,5,5,1,0,5,83.3,1,0,4,10,18,0,111,17,1,1,100.0,0,0.0,54,0,0,0,61,77,6.3,90,1,1,64,15,1.50,2,4,-2,-1.17,-2.04,1.5,3.8,-2.4,-1.39,-1.93,0,2,0,1,0,8,3,75.0
524,Mateo Ponte,uy URU,DF,Botafogo (RJ),22-137,2003,17,2,439,4.9,1,0,1,1,0,0,2,0,1.1,1.1,0.4,1.5,14,11,50,0.21,0.00,0.21,0.21,0.21,0.22,0.09,0.31,0.22,0.31,Matches,7,1,14.3,1.44,0.21,0.14,1.00,14.0,0,0.15,-0.1,-0.1,218,256,85.2,3499,814,114,122,93.4,82,98,83.7,14,22,63.6,1.3,-0.4,5,5,10,8,222,34,1,1,21,34,0,0,0,0,0,6,10,2.05,9,0,1,0,0,1,0.20,1,0,0,0,0,8,5,2,4,2,1,14.3,6,3,6,14,9,0,311,10,12,11,52.4,10,47.6,180,2,11,3,212,26,18.1,77,0,15,19,10,1.47,6,5,+1,+0.21,-0.38,7.9,5.7,+2.2,+0.44,+0.21,0,10,0,0,0,28,7,50.0
605,Mateo Sanabria,ar ARG,"MF,FW",Bahia,21-191,2004,6,5,404,4.5,1,0,1,1,0,0,3,1,0.6,0.6,0.1,0.7,30,14,47,0.22,0.00,0.22,0.22,0.22,0.14,0.01,0.16,0.14,0.16,Matches,8,2,25.0,1.78,0.45,0.13,0.50,17.9,0,0.08,+0.4,+0.4,74,108,68.5,1052,279,49,61,80.3,18,29,62.1,4,10,40.0,0.5,-0.1,2,4,3,0,100,8,1,0,19,3,2,0,0,0,0,4,14,3.12,7,0,2,4,0,2,0.45,1,0,0,1,0,3,3,1,1,1,1,14.3,6,5,1,4,1,0,168,1,16,21,51.2,12,29.3,127,9,14,7,131,67,17.3,76,0,1,22,0,0.67,6,6,0,0.00,-0.19,3.2,5.2,-2.1,-0.46,-0.47,1,9,0,0,0,14,1,33.3
138,Mateus Cocão,br BRA,MF,Vasco da Gama,23-204,2002,14,4,462,5.1,0,0,0,0,0,0,1,0,0.2,0.2,0.0,0.2,2,33,7,0.00,0.00,0.00,0.00,0.00,0.04,0.00,0.04,0.04,0.04,Matches,5,0,0.0,0.97,0.00,0.00,,25.9,0,0.04,-0.2,-0.2,348,377,92.3,5704,1822,152,165,92.1,170,176,96.6,16,19,84.2,0.1,0.0,1,33,0,0,374,3,0,0,1,1,0,0,0,0,0,5,7,1.36,6,0,0,0,0,0,0.00,0,0,0,0,0,16,8,7,9,0,8,53.3,7,0,8,24,11,2,430,16,2,2,50.0,2,50.0,277,0,7,6,339,33,19.0,69,0,10,19,9,1.14,4,9,-5,-0.97,-1.25,6.1,9.0,-2.9,-0.56,-0.51,0,14,0,0,0,26,8,88.9
306,Mateus Iseppe,br BRA,MF,Atlético Mineiro,19-159,2006,1,0,3,0.0,0,0,0,0,0,0,0,0,0.0,0.0,0.0,0.0,0,1,2,0.00,0.00,0.00,0.00,0.00,0.00,0.00,0.00,0.00,0.00,Matches,0,0,,0.00,0.00,,,,0,,0.0,0.0,2,3,66.7,35,35,1,1,100.0,1,2,50.0,0,0,,0.0,0.0,0,0,0,0,3,0,0,0,0,0,0,0,0,0,0,0,0,0.00,0,0,0,0,0,0,0.00,0,0,0,0,0,2,2,0,0,2,0,,0,0,0,2,0,0,6,0,0,0,0.0,2,100.0,4,0,0,0,4,3,0.1,,0,1,3,2,0.00,0,0,0,0.00,+0.28,0.1,0.0,+0.1,+1.60,+1.57,0,0,0,0,0,0,0,
711,Mateus Xavier,br BRA,"FW,MF",Santos,18-101,2007,3,0,39,0.4,0,0,0,0,0,0,0,0,0.0,0.0,0.0,0.0,1,0,4,0.00,0.00,0.00,0.00,0.00,0.00,0.00,0.00,0.00,0.00,Matches,0,0,,0.00,0.00,,,,0,,0.0,0.0,3,5,60.0,45,0,1,1,100.0,2,2,100.0,0,0,,0.0,0.0,0,0,0,0,4,0,0,0,0,0,0,0,0,0,1,1,0,0.00,0,0,0,0,0,0,0.00,0,0,0,0,0,1,1,0,0,1,1,100.0,0,0,0,1,1,0,14,0,1,1,50.0,1,50.0,9,0,3,1,9,13,1.7,,0,3,13,2,0.00,1,1,0,0.00,+0.51,0.4,0.3,+0.1,+0.34,+0.45,0,0,0,0,0,1,0,0.0
11,Matheus Alexandre,br BRA,DF,Sport Recife,26-184,1999,16,13,1143,12.7,0,1,1,0,0,0,6,0,0.4,0.4,0.8,1.1,28,41,48,0.00,0.08,0.08,0.00,0.08,0.03,0.06,0.09,0.03,0.09,Matches,7,1,14.3,0.55,0.08,0.00,0.00,20.0,0,0.05,-0.4,-0.4,401,508,78.9,6127,2468,219,240,91.3,155,198,78.3,18,36,50.0,0.7,+0.2,7,18,11,7,387,120,0,0,32,115,0,0,0,0,1,18,19,1.50,11,3,0,1,3,4,0.31,1,1,0,1,0,30,23,15,11,4,18,66.7,9,9,24,54,39,0,642,35,16,7,41.2,7,41.2,303,2,10,6,313,71,50.8,82,10,3,26,4,0.81,12,24,-12,-0.94,-0.38,14.3,22.5,-8.2,-0.65,-0.31,0,20,1,1,0,42,20,66.7
19,Matheus Alves,br BRA,"MF,FW",São Paulo,20-217,2005,8,4,371,4.1,0,1,1,0,0,0,3,0,0.3,0.3,0.7,1.0,10,12,17,0.00,0.24,0.24,0.00,0.24,0.08,0.17,0.25,0.08,0.25,Matches,7,0,0.0,1.70,0.00,0.00,,21.7,0,0.05,-0.3,-0.3,95,122,77.9,1328,247,55,63,87.3,28,35,80.0,5,12,41.7,0.4,+0.3,3,7,3,0,117,5,1,2,4,2,0,0,0,0,0,2,11,2.67,7,0,2,0,0,1,0.24,1,0,0,0,0,9,4,6,3,0,4,57.1,3,2,3,12,3,0,184,1,7,8,47.1,9,52.9,109,2,23,8,129,46,15.3,65,0,4,28,3,1.00,5,4,+1,+0.24,+0.16,5.5,4.9,+0.6,+0.14,-0.16,0,9,0,0,0,17,3,50.0
33,Matheus Araújo,br BRA,"MF,FW",Ceará,23-139,2002,10,2,269,3.0,1,1,2,1,0,0,0,0,0.5,0.5,0.6,1.2,7,15,18,0.33,0.33,0.67,0.33,0.67,0.17,0.22,0.39,0.17,0.39,Matches,4,2,50.0,1.34,0.67,0.25,0.50,19.2,0,0.13,+0.5,+0.5,66,90,73.3,1162,408,31,41,75.6,23,26,88.5,8,13,61.5,0.3,+0.4,5,12,5,2,84,5,1,0,9,1,2,0,2,0,1,2,8,2.68,4,2,0,1,0,1,0.33,1,0,0,0,0,3,1,1,2,0,0,0.0,2,3,0,3,1,0,120,1,8,1,25.0,3,75.0,66,1,9,4,86,27,11.5,68,0,8,17,11,1.00,4,6,-2,-0.67,-0.84,3.9,5.6,-1.7,-0.58,-0.60,0,2,0,0,0,5,7,53.8
51,Matheus Babi,br BRA,FW,Juventude,28-082,1997,16,2,400,4.4,2,0,2,2,0,0,4,0,2.0,2.0,0.1,2.1,1,3,16,0.45,0.00,0.45,0.45,0.45,0.46,0.02,0.48,0.46,0.48,Matches,9,2,22.2,2.03,0.45,0.22,1.00,13.0,0,0.23,0.0,0.0,45,71,63.4,590,68,29,38,76.3,16,25,64.0,0,1,0.0,0.2,-0.1,3,2,1,0,62,9,0,0,0,0,0,0,0,0,0,4,7,1.58,3,0,0,3,0,0,0.00,0,0,0,0,0,5,2,1,4,0,0,0.0,4,4,1,6,4,0,120,4,15,1,25.0,3,75.0,65,0,15,4,84,25,17.1,53,0,14,21,4,1.06,3,11,-8,-1.80,-0.92,3.8,7.6,-3.8,-0.85,+0.02,0,15,0,0,0,8,12,35.3
54,Matheus Bahia,br BRA,DF,Ceará,26-058,1999,17,17,1506,16.7,0,1,1,0,0,0,4,0,0.2,0.2,1.1,1.3,26,45,55,0.00,0.06,0.06,0.00,0.06,0.01,0.06,0.08,0.01,0.08,Matches,7,2,28.6,0.42,0.12,0.00,0.00,22.8,0,0.03,-0.2,-0.2,541,717,75.5,9363,4118,246,285,86.3,236,301,78.4,51,98,52.0,1.8,-0.1,14,43,20,18,573,139,1,1,52,126,2,0,2,0,5,19,26,1.55,21,4,0,1,0,1,0.06,1,0,0,0,0,34,20,21,9,4,15,55.6,12,6,13,47,60,0,907,56,14,9,27.3,18,54.5,453,4,19,7,503,89,64.4,89,14,0,,0,1.71,21,13,+8,+0.48,+1.13,17.4,17.6,-0.2,-0.01,+0.10,0,19,0,0,0,61,6,40.0
76,Matheus Bianqui,br BRA,"MF,FW",Mirassol,27-250,1998,12,0,133,1.5,0,0,0,0,0,0,1,0,1.1,1.1,0.0,1.1,1,1,11,0.00,0.00,0.00,0.00,0.00,0.78,0.00,0.78,0.78,0.78,Matches,9,2,22.2,6.09,1.35,0.00,0.00,11.1,0,0.13,-1.1,-1.1,19,33,57.6,222,39,14,18,77.8,5,7,71.4,0,2,0.0,0.0,0.0,0,0,0,0,33,0,0,0,2,0,0,0,0,0,0,1,0,0.00,0,0,0,0,0,0,0.00,0,0,0,0,0,5,5,0,5,0,2,100.0,0,3,0,5,6,0,68,3,11,0,0.0,2,100.0,23,0,5,4,37,11,5.7,,0,12,11,11,1.83,1,3,-2,-1.35,-2.01,2.3,2.7,-0.5,-0.31,-0.60,0,6,0,0,0,6,12,60.0
77,Matheus Bidu,br BRA,DF,Corinthians,26-157,1999,18,15,1297,14.4,0,2,2,0,0,0,5,0,0.5,0.5,3.4,4.0,30,56,92,0.00,0.14,0.14,0.00,0.14,0.04,0.24,0.28,0.04,0.28,Matches,12,3,25.0,0.83,0.21,0.00,0.00,17.8,0,0.05,-0.5,-0.5,693,884,78.4,12174,4334,307,353,87.0,322,379,85.0,59,109,54.1,2.8,-1.4,24,52,13,8,707,172,1,6,60,126,6,1,5,0,5,23,45,3.12,37,3,0,2,0,5,0.35,3,0,0,1,0,23,18,12,6,5,14,63.6,8,16,17,40,33,1,1038,38,31,14,50.0,10,35.7,585,3,24,21,648,72,53.4,81,8,3,29,7,1.28,16,14,+2,+0.14,+0.54,19.4,15.5,+3.9,+0.27,+0.70,0,14,1,0,0,75,14,53.8
,Matheus Cunha,,,,,,,,,,,,,,,,,,,,,,,,,,,,,,,,,,,,,,,,,,,,,,,,,,,,,,,,,,,,,,,,,,,,,,,,,,,,,,,,,,,,,,,,,,,,,,,,,,,,,,,,,,,,,,,,,,,,,,,,,,0,0,,25,,,,,,,,,,,,,,,,,,,
155,Matheus Davó,br BRA,"FW,MF",Mirassol,26-053,1999,2,0,35,0.4,0,1,1,0,0,0,0,0,0.3,0.3,0.2,0.5,0,0,5,0.00,2.57,2.57,0.00,2.57,0.84,0.54,1.38,0.84,1.38,Matches,2,0,0.0,5.14,0.00,0.00,,10.9,0,0.16,-0.3,-0.3,3,8,37.5,42,5,2,4,50.0,1,2,50.0,0,0,,0.1,+0.8,2,0,0,0,8,0,0,0,1,0,0,0,0,0,0,1,2,5.14,1,0,0,0,0,1,2.57,1,0,0,0,0,1,1,0,1,0,0,,0,0,0,1,0,0,13,0,7,1,50.0,1,50.0,10,0,0,0,10,18,1.5,,0,2,18,1,0.50,1,0,+1,+2.57,+2.06,1.6,0.2,+1.4,+3.69,+3.49,0,0,0,0,0,1,0,0.0
168,Matheus Donelli,br BRA,GK,Corinthians,23-144,2002,5,5,450,5.0,0,0,0,0,0,0,1,0,0.0,0.0,0.0,0.0,0,0,0,0.00,0.00,0.00,0.00,0.00,0.00,0.00,0.00,0.00,0.00,Matches,0,0,,0.00,0.00,,,,0,,0.0,0.0,110,133,82.7,2644,1671,22,22,100.0,62,63,98.4,24,45,53.3,0.0,0.0,0,1,0,0,88,44,0,0,0,0,0,0,0,0,1,0,0,0.00,0,0,0,0,0,0,0.00,0,0,0,0,0,0,0,0,0,0,0,,0,0,0,0,2,0,144,130,0,0,,0,,68,0,0,0,63,90,18.5,90,5,0,,7,1.40,6,6,0,0.00,+0.14,4.8,5.0,-0.1,-0.03,+0.04,0,0,0,0,0,5,1,100.0
202,Matheus Fernandes,br BRA,MF,RB Bragantino,27-100,1998,13,4,489,5.4,0,0,0,0,0,0,2,0,0.2,0.2,0.2,0.3,9,32,13,0.00,0.00,0.00,0.00,0.00,0.03,0.03,0.06,0.03,0.06,Matches,6,0,0.0,1.10,0.00,0.00,,25.4,0,0.03,-0.2,-0.2,186,230,80.9,3086,827,91,111,82.0,77,88,87.5,14,23,60.9,0.4,-0.2,4,22,1,1,226,4,3,0,2,0,0,0,0,0,0,2,8,1.47,7,0,0,0,0,0,0.00,0,0,0,0,0,13,10,8,4,1,3,27.3,8,9,8,21,13,0,309,9,10,6,66.7,3,33.3,167,2,12,6,199,38,20.1,69,1,9,24,5,1.62,4,8,-4,-0.74,-0.69,3.5,6.9,-3.3,-0.61,-0.69,0,13,0,0,0,26,1,33.3
215,Matheus França,br BRA,"MF,FW",Vasco da Gama,21-190,2004,5,0,63,0.7,0,0,0,0,0,0,0,0,0.2,0.2,0.0,0.3,2,5,10,0.00,0.00,0.00,0.00,0.00,0.33,0.07,0.40,0.33,0.40,Matches,4,2,50.0,5.71,2.86,0.00,0.00,23.5,0,0.06,-0.2,-0.2,37,45,82.2,562,117,19,19,100.0,14,18,77.8,2,5,40.0,0.2,0.0,1,4,2,1,42,3,0,0,5,0,3,0,2,0,0,1,5,7.14,4,0,1,0,0,0,0.00,0,0,0,0,0,3,1,1,0,2,2,50.0,2,2,0,3,0,0,61,0,7,4,100.0,0,0.0,39,0,3,1,41,13,2.6,,0,5,13,1,2.60,1,0,+1,+1.43,+1.43,1.9,1.1,+0.7,+1.07,+1.25,0,0,0,0,0,6,1,33.3
258,Matheus Gonçalves,br BRA,FW,Flamengo,20-051,2005,4,0,69,0.8,0,0,0,0,0,0,0,0,0.0,0.0,0.0,0.1,2,3,8,0.00,0.00,0.00,0.00,0.00,0.04,0.04,0.08,0.04,0.08,Matches,1,1,100.0,1.30,1.30,0.00,0.00,27.6,0,0.03,0.0,0.0,50,61,82.0,772,99,32,35,91.4,14,16,87.5,4,8,50.0,0.0,0.0,2,3,0,0,58,3,0,0,2,1,1,0,0,0,0,1,3,3.97,3,0,0,0,0,0,0.00,0,0,0,0,0,1,1,0,1,0,1,33.3,2,2,0,1,0,0,75,0,1,2,25.0,6,75.0,42,0,2,2,57,17,2.9,,0,4,17,12,2.00,1,0,+1,+1.30,-0.12,1.0,0.4,+0.6,+0.76,+0.07,0,1,0,0,0,6,0,0.0
279,Matheus Henrique,br BRA,"MF,FW",Cruzeiro,27-293,1997,13,6,585,6.5,0,0,0,0,0,0,2,0,0.2,0.2,0.3,0.4,8,18,7,0.00,0.00,0.00,0.00,0.00,0.02,0.04,0.06,0.02,0.06,Matches,5,2,40.0,0.77,0.31,0.00,0.00,30.3,0,0.03,-0.2,-0.2,215,254,84.6,3452,907,117,132,88.6,70,79,88.6,19,26,73.1,0.1,-0.3,5,17,2,0,243,10,1,4,4,3,1,0,0,0,1,5,13,2.00,10,0,1,2,0,1,0.15,0,0,0,1,0,20,12,7,13,0,8,53.3,7,4,6,26,6,1,320,13,2,4,28.6,7,50.0,176,1,6,9,192,45,24.1,77,4,7,18,0,1.62,6,7,-1,-0.15,-1.18,6.1,9.0,-2.9,-0.45,-1.13,0,10,0,0,0,42,2,22.2
417,Matheus Martins,br BRA,"FW,MF",Botafogo (RJ),22-084,2003,13,5,627,7.0,1,0,1,1,0,0,3,0,1.4,1.4,0.4,1.8,45,24,55,0.14,0.00,0.14,0.14,0.14,0.21,0.06,0.26,0.21,0.26,Matches,15,7,46.7,2.15,1.00,0.07,0.14,16.6,0,0.10,-0.4,-0.4,199,240,82.9,3050,609,111,122,91.0,71,89,79.8,11,17,64.7,0.6,-0.4,10,11,13,4,236,4,1,1,14,1,2,1,0,0,0,3,26,3.73,20,0,2,3,0,4,0.57,4,0,0,0,0,12,8,2,9,1,6,50.0,6,4,3,15,3,0,335,3,30,15,39.5,18,47.4,227,16,20,17,247,48,25.8,81,3,8,28,5,1.00,8,6,+2,+0.29,-0.31,8.3,8.3,0.0,0.00,-0.37,0,10,0,1,0,42,0,0.0
511,Matheus Pereira,br BRA,"MF,FW",Cruzeiro,29-156,1996,25,23,2011,22.3,5,7,12,5,0,0,5,0,3.2,3.2,5.5,8.8,58,130,119,0.22,0.31,0.54,0.22,0.54,0.15,0.25,0.39,0.15,0.39,Matches,54,22,40.7,2.42,0.98,0.09,0.23,21.9,8,0.06,+1.8,+1.8,774,1071,72.3,11429,4123,453,523,86.6,204,282,72.3,67,160,41.9,5.1,+1.5,62,113,45,15,914,153,10,6,138,15,76,18,20,0,4,29,149,6.67,93,34,4,10,3,14,0.63,9,2,1,0,0,32,26,9,18,5,15,40.5,22,11,10,42,7,0,1290,5,61,27,45.8,26,44.1,791,15,36,32,949,80,82.8,85,8,2,23,0,1.96,31,16,+15,+0.67,-0.40,28.8,18.1,+10.7,+0.48,+0.38,0,28,0,0,0,87,11,44.0
633,Matheus Pereira da Silva,br BRA,MF,Fortaleza,27-225,1998,13,13,1053,11.7,0,3,3,0,0,0,3,0,0.4,0.4,1.5,2.0,18,96,14,0.00,0.26,0.26,0.00,0.26,0.04,0.13,0.17,0.04,0.17,Matches,8,1,12.5,0.68,0.09,0.00,0.00,30.4,1,0.06,-0.4,-0.4,565,699,80.8,10296,3291,239,268,89.2,241,287,84.0,69,107,64.5,1.4,+1.5,12,98,9,2,656,39,3,11,30,1,5,2,3,0,4,11,36,3.07,32,2,0,0,0,4,0.34,4,0,0,0,0,16,5,4,11,1,9,39.1,14,9,17,33,9,2,794,15,4,11,64.7,5,29.4,494,1,12,7,574,81,45.0,81,8,0,,1,1.08,13,16,-3,-0.26,+0.58,14.5,19.6,-5.0,-0.43,-0.27,0,16,0,0,0,57,7,41.2
597,Matheus Rossetto,br BRA,MF,Fortaleza,29-127,1996,12,10,748,8.3,0,0,0,0,0,0,0,0,0.0,0.0,0.0,0.1,4,52,6,0.00,0.00,0.00,0.00,0.00,0.00,0.01,0.01,0.00,0.01,Matches,1,0,0.0,0.12,0.00,0.00,,26.2,0,0.02,0.0,0.0,422,465,90.8,7213,2021,189,205,92.2,192,206,93.2,33,41,80.5,0.2,0.0,3,47,1,0,450,15,1,1,1,0,0,0,0,0,0,3,8,0.96,6,1,0,0,0,0,0.00,0,0,0,0,0,12,5,4,7,1,7,58.3,5,5,0,12,15,0,522,20,1,6,54.5,4,36.4,284,0,6,4,378,62,32.0,69,1,2,28,11,1.00,6,13,-7,-0.84,-0.39,8.5,10.3,-1.8,-0.21,+0.10,0,4,0,0,0,46,3,50.0
420,Matheusinho,br BRA,"MF,FW",Vitória,27-355,1997,18,14,1260,14.0,2,0,2,2,0,0,3,1,2.3,2.3,0.7,3.0,36,49,48,0.14,0.00,0.14,0.14,0.14,0.16,0.05,0.21,0.16,0.21,Matches,24,12,50.0,1.71,0.86,0.08,0.17,19.3,0,0.10,-0.3,-0.3,392,497,78.9,6094,1234,215,239,90.0,132,161,82.0,28,64,43.8,0.8,-0.7,13,50,9,3,452,41,1,3,45,3,19,13,3,0,4,10,38,2.71,30,2,1,2,1,1,0.07,0,0,0,0,0,15,11,4,8,3,3,42.9,4,2,8,23,6,1,640,6,29,13,34.2,19,50.0,410,6,33,18,466,70,51.9,82,7,4,28,1,1.17,9,12,-3,-0.21,+0.94,12.5,17.8,-5.3,-0.38,+0.11,0,11,0,0,0,52,9,40.9
421,Matheusinho,br BRA,"FW,MF",Sport Recife,27-239,1998,13,10,921,10.2,2,1,3,2,0,0,1,0,1.4,1.4,2.7,4.0,14,51,70,0.20,0.10,0.29,0.20,0.29,0.13,0.26,0.39,0.13,0.39,Matches,24,12,50.0,1.71,0.86,0.08,0.17,19.3,0,0.10,-0.3,-0.3,392,497,78.9,6094,1234,215,239,90.0,132,161,82.0,28,64,43.8,0.8,-0.7,13,50,9,3,452,41,1,3,45,3,19,13,3,0,4,10,38,2.71,30,2,1,2,1,1,0.07,0,0,0,0,0,15,11,4,8,3,3,42.9,4,2,8,23,6,1,640,6,29,13,34.2,19,50.0,410,6,33,18,466,70,51.9,82,7,4,28,1,1.17,9,12,-3,-0.21,+0.94,12.5,17.8,-5.3,-0.38,+0.11,0,11,0,0,0,52,9,40.9
422,Matheuzinho,br BRA,DF,Corinthians,25-030,2000,22,20,1867,20.7,2,2,4,2,0,0,7,0,0.9,0.9,2.9,3.8,47,102,112,0.10,0.10,0.19,0.10,0.19,0.04,0.14,0.18,0.04,0.18,Matches,15,3,20.0,0.72,0.14,0.13,0.67,23.2,4,0.06,+1.1,+1.1,1024,1236,82.8,18442,5630,420,464,90.5,494,572,86.4,93,151,61.6,3.0,-0.9,22,87,26,17,1033,201,0,11,65,154,4,1,2,0,2,22,44,2.12,36,3,2,0,0,3,0.14,2,0,0,0,0,49,31,32,14,3,30,52.6,27,15,24,73,58,1,1437,56,18,8,38.1,12,57.1,747,6,21,7,901,85,76.8,89,17,2,45,1,1.14,23,24,-1,-0.05,+0.27,25.3,24.9,+0.4,+0.02,+0.32,0,16,0,1,0,85,14,51.9
683,Mathías Villasanti,py PAR,MF,Grêmio,28-257,1997,16,14,1150,12.8,0,0,0,0,0,0,5,0,0.1,0.1,0.3,0.4,15,46,14,0.00,0.00,0.00,0.00,0.00,0.01,0.02,0.03,0.01,0.03,Matches,6,0,0.0,0.47,0.00,0.00,,25.4,0,0.02,-0.1,-0.1,457,546,83.7,7302,1959,219,245,89.4,195,217,89.9,27,50,54.0,0.4,-0.3,8,51,3,1,495,51,1,2,4,6,0,0,0,0,0,9,27,2.11,21,3,1,0,1,0,0.00,0,0,0,0,0,41,28,18,18,5,19,47.5,21,16,25,66,30,0,695,40,11,14,58.3,9,37.5,319,3,14,13,369,72,47.3,78,8,2,26,0,1.19,13,19,-6,-0.47,-0.54,13.9,19.5,-5.6,-0.44,+0.17,0,28,0,0,0,75,14,51.9
38,Matias Arezo,uy URU,FW,Grêmio,22-321,2002,8,3,268,3.0,1,1,2,1,0,0,1,0,0.9,0.9,0.8,1.7,4,5,17,0.34,0.34,0.67,0.34,0.67,0.32,0.26,0.58,0.32,0.58,Matches,9,4,44.4,3.02,1.34,0.11,0.25,18.4,0,0.11,+0.1,+0.1,32,55,58.2,508,98,17,31,54.8,12,13,92.3,2,4,50.0,0.2,+0.2,6,3,2,1,44,11,0,0,4,1,0,0,0,0,0,6,8,2.69,8,0,0,0,0,2,0.67,2,0,0,0,0,2,1,1,0,1,0,0.0,2,3,0,2,2,0,86,3,13,3,50.0,3,50.0,44,1,6,1,50,34,11.0,75,1,5,9,4,1.25,4,9,-5,-1.68,-1.68,2.7,6.2,-3.4,-1.16,-0.70,0,5,0,0,0,10,4,50.0
684,Matías Viña,uy URU,DF,Flamengo,27-333,1997,7,2,278,3.1,0,0,0,0,0,0,1,0,0.0,0.0,0.2,0.3,9,13,17,0.00,0.00,0.00,0.00,0.00,0.01,0.07,0.08,0.01,0.08,Matches,1,0,0.0,0.32,0.00,0.00,,22.1,0,0.03,0.0,0.0,156,191,81.7,2186,697,94,100,94.0,49,63,77.8,5,10,50.0,0.2,-0.2,2,11,2,0,165,26,0,0,8,23,0,0,0,0,0,8,5,1.62,3,0,2,0,0,1,0.32,1,0,0,0,0,10,6,4,5,1,5,50.0,5,5,1,11,5,1,225,6,3,5,83.3,1,16.7,127,1,6,3,147,40,11.9,66,0,5,29,6,2.71,10,0,+10,+3.24,+2.06,7.2,3.3,+3.9,+1.27,+0.65,0,5,0,0,0,11,4,66.7
425,Mauricio,br BRA,"MF,FW",Palmeiras,24-139,2001,18,9,877,9.7,3,5,8,3,0,0,0,0,2.7,2.7,1.9,4.7,18,36,48,0.31,0.51,0.82,0.31,0.82,0.28,0.20,0.48,0.28,0.48,Matches,24,8,33.3,2.46,0.82,0.13,0.38,19.5,0,0.11,+0.3,+0.3,312,362,86.2,4675,1025,173,189,91.5,116,129,89.9,16,26,61.5,1.5,+3.1,12,27,12,4,336,25,0,1,14,7,3,2,0,0,1,8,27,2.77,24,1,0,0,0,6,0.62,6,0,0,0,0,7,4,1,4,2,5,50.0,5,6,4,11,3,0,429,7,32,0,0.0,4,80.0,272,3,10,8,314,49,39.0,71,0,9,27,4,2.28,20,10,+10,+1.03,+0.31,16.8,10.2,+6.6,+0.68,+0.07,0,10,0,0,0,34,4,19.0
358,Mauricio Lemos,uy URU,DF,Vasco da Gama,29-284,1995,4,3,243,2.7,0,0,0,0,0,0,0,0,0.0,0.0,0.0,0.0,0,5,0,0.00,0.00,0.00,0.00,0.00,0.01,0.00,0.01,0.01,0.01,Matches,1,0,0.0,0.37,0.00,0.00,,20.4,0,0.01,0.0,0.0,127,138,92.0,2675,716,34,36,94.4,68,72,94.4,22,26,84.6,0.0,0.0,0,8,0,0,127,11,0,1,0,2,0,0,0,0,0,1,1,0.37,0,0,0,0,0,0,0.00,0,0,0,0,0,1,1,0,1,0,1,100.0,0,0,3,4,17,1,172,33,1,0,0.0,1,100.0,98,0,0,0,109,61,10.0,81,2,1,1,6,1.75,3,4,-1,-0.37,-0.45,2.7,4.0,-1.3,-0.48,-0.37,0,1,0,0,0,3,4,57.1
238,Maurício Garcez,br BRA,"FW,MF",Juventude,28-206,1997,3,0,61,0.7,0,0,0,0,0,0,0,0,0.0,0.0,0.0,0.0,1,0,6,0.00,0.00,0.00,0.00,0.00,0.04,0.00,0.04,0.04,0.04,Matches,1,0,0.0,1.48,0.00,0.00,,13.8,0,0.03,0.0,0.0,4,8,50.0,51,12,3,5,60.0,1,3,33.3,0,0,,0.0,0.0,0,0,0,0,8,0,0,0,0,0,0,0,0,0,0,1,1,1.48,0,0,0,1,0,0,0.00,0,0,0,0,0,0,0,0,0,0,0,,0,2,0,0,1,0,19,1,3,2,100.0,0,0.0,10,1,5,1,16,20,2.6,,0,3,20,2,1.00,0,1,-1,-1.48,-0.45,0.2,1.5,-1.3,-1.86,-1.02,0,1,0,0,0,1,2,40.0
426,Maycon,br BRA,MF,Corinthians,28-085,1997,18,11,1015,11.3,2,0,2,1,1,1,1,0,1.2,0.4,0.3,0.8,7,52,19,0.18,0.00,0.18,0.09,0.09,0.11,0.03,0.14,0.04,0.07,Matches,7,1,14.3,0.62,0.09,0.14,1.00,23.9,0,0.06,+0.8,+0.6,442,518,85.3,8047,2417,185,208,88.9,204,227,89.9,45,64,70.3,0.7,-0.3,9,62,6,1,481,35,4,6,15,7,10,5,4,0,2,4,19,1.68,17,2,0,0,0,0,0.00,0,0,0,0,0,21,15,12,6,3,7,50.0,7,5,5,26,13,0,609,22,8,4,50.0,4,50.0,319,2,12,8,426,56,41.8,81,4,7,18,3,1.61,15,11,+4,+0.35,+0.80,13.1,16.0,-2.9,-0.26,-0.34,0,11,0,0,0,42,5,33.3
427,Mayke,br BRA,DF,Santos,32-332,1992,8,7,619,6.9,0,0,0,0,0,0,1,0,0.1,0.1,0.2,0.3,2,26,24,0.00,0.00,0.00,0.00,0.00,0.02,0.03,0.05,0.02,0.05,Matches,3,0,0.0,0.44,0.00,0.00,,20.8,0,0.04,-0.1,-0.1,269,315,85.4,4689,1796,124,134,92.5,116,128,90.6,27,37,73.0,0.3,-0.2,5,26,4,2,252,62,0,0,13,49,0,0,0,0,1,13,13,1.89,12,0,0,0,0,0,0.00,0,0,0,0,0,14,11,6,7,1,8,80.0,2,6,5,19,16,0,372,21,7,1,16.7,5,83.3,178,0,8,1,200,77,26.5,82,4,1,45,1,1.50,6,12,-6,-0.87,-0.51,8.7,7.6,+1.1,+0.16,+0.36,0,7,0,0,0,26,7,46.7
428,Mayke,br BRA,DF,Palmeiras,32-332,1992,3,3,211,2.3,0,0,0,0,0,0,1,0,0.1,0.1,0.0,0.1,6,14,11,0.00,0.00,0.00,0.00,0.00,0.03,0.00,0.03,0.03,0.03,Matches,3,0,0.0,0.44,0.00,0.00,,20.8,0,0.04,-0.1,-0.1,269,315,85.4,4689,1796,124,134,92.5,116,128,90.6,27,37,73.0,0.3,-0.2,5,26,4,2,252,62,0,0,13,49,0,0,0,0,1,13,13,1.89,12,0,0,0,0,0,0.00,0,0,0,0,0,14,11,6,7,1,8,80.0,2,6,5,19,16,0,372,21,7,1,16.7,5,83.3,178,0,8,1,200,77,26.5,82,4,1,45,1,1.50,6,12,-6,-0.87,-0.51,8.7,7.6,+1.1,+0.16,+0.36,0,7,0,0,0,26,7,46.7
324,Maykon Jesus,br BRA,DF,Vitória,19-305,2005,8,7,676,7.5,0,0,0,0,0,0,1,0,0.1,0.1,0.3,0.4,13,19,28,0.00,0.00,0.00,0.00,0.00,0.01,0.04,0.05,0.01,0.05,Matches,5,1,20.0,0.67,0.13,0.00,0.00,27.7,0,0.02,-0.1,-0.1,180,294,61.2,2971,1247,92,111,82.9,75,129,58.1,11,31,35.5,0.3,-0.3,4,15,4,2,229,63,0,1,29,56,1,0,1,0,2,15,8,1.07,6,1,0,1,0,1,0.13,1,0,0,0,0,12,6,4,7,1,5,55.6,4,3,6,18,49,1,402,43,11,3,33.3,4,44.4,164,1,10,1,193,85,27.8,90,7,1,46,11,1.00,9,10,-1,-0.13,+0.74,8.0,13.9,-5.9,-0.79,-0.50,0,16,0,0,0,23,8,53.3
431,Memphis,nl NED,FW,Corinthians,31-237,1994,15,12,1053,11.7,4,3,7,4,0,1,4,0,4.1,3.3,2.5,5.8,16,43,90,0.34,0.26,0.60,0.34,0.60,0.35,0.21,0.57,0.28,0.50,Matches,35,14,40.0,2.99,1.20,0.11,0.29,19.9,3,0.09,-0.1,+0.7,291,414,70.3,4839,1267,159,188,84.6,76,106,71.7,40,82,48.8,2.4,+0.5,23,25,16,1,341,70,4,7,53,7,36,20,13,0,3,12,52,4.44,31,11,3,1,1,5,0.43,4,1,0,0,0,6,2,0,4,2,3,60.0,2,4,2,8,1,0,540,0,39,6,22.2,21,77.8,311,7,41,24,402,70,43.3,79,8,3,36,0,1.13,15,16,-1,-0.09,+0.05,15.5,13.9,+1.6,+0.13,+0.34,0,12,0,0,0,29,6,33.3
439,Micael,br BRA,DF,Palmeiras,25-057,2000,10,10,900,10.0,0,1,1,0,0,0,3,0,0.1,0.1,0.1,0.2,9,29,2,0.00,0.10,0.10,0.00,0.10,0.01,0.01,0.02,0.01,0.02,Matches,4,1,25.0,0.40,0.10,0.00,0.00,11.9,0,0.04,-0.1,-0.1,417,465,89.7,8133,2296,134,142,94.4,239,250,95.6,42,68,61.8,0.1,+0.9,2,31,2,1,454,11,0,8,1,1,0,0,0,0,0,3,7,0.70,5,0,0,1,0,2,0.20,1,0,0,1,0,19,13,10,8,1,7,70.0,3,3,6,25,72,1,589,87,8,2,50.0,2,50.0,344,0,5,0,389,90,40.0,90,10,0,,10,2.30,18,9,+9,+0.90,+0.10,14.2,9.0,+5.2,+0.52,-0.20,0,18,0,0,0,39,27,71.1
440,Michael,br BRA,FW,Flamengo,29-210,1996,10,5,442,4.9,1,3,4,1,0,0,0,0,1.1,1.1,2.0,3.2,16,20,72,0.20,0.61,0.81,0.20,0.81,0.23,0.41,0.64,0.23,0.64,Matches,9,4,44.4,1.83,0.81,0.11,0.25,14.6,0,0.13,-0.1,-0.1,129,158,81.6,1915,491,70,78,89.7,52,62,83.9,5,11,45.5,1.5,+1.0,13,5,10,4,155,1,1,3,11,1,0,0,0,0,2,2,24,4.89,19,1,2,0,0,5,1.02,4,0,0,0,0,5,1,0,3,2,1,12.5,7,8,1,6,3,1,215,6,28,10,52.6,8,42.1,156,9,11,8,169,44,18.9,63,0,5,26,4,2.10,12,3,+9,+1.83,+0.50,9.2,3.7,+5.5,+1.11,+0.51,0,1,0,0,0,15,5,62.5
34,Michel Araujo,uy URU,"MF,FW",Bahia,29-010,1996,17,4,522,5.8,4,0,4,4,0,0,1,0,0.7,0.7,0.3,1.0,14,25,28,0.69,0.00,0.69,0.69,0.69,0.12,0.05,0.17,0.12,0.17,Matches,12,6,50.0,2.07,1.03,0.33,0.67,20.0,0,0.06,+3.3,+3.3,172,206,83.5,2563,644,96,111,86.5,60,67,89.6,10,15,66.7,0.3,-0.3,6,10,7,1,197,9,1,0,3,4,0,0,0,0,0,5,12,2.07,10,0,1,1,0,1,0.17,1,0,0,0,0,13,7,4,6,3,5,31.3,11,3,2,15,12,1,298,14,22,13,40.6,18,56.3,148,2,13,10,200,31,22.3,67,1,13,20,2,1.82,13,9,+4,+0.69,+0.69,7.9,10.8,-3.0,-0.51,-0.56,0,13,0,0,0,21,10,41.7
443,Miguel Monsalve,co COL,"FW,MF",Grêmio,21-223,2004,8,2,294,3.3,0,1,1,0,0,0,2,0,0.1,0.1,0.7,0.9,7,14,10,0.00,0.31,0.31,0.00,0.31,0.04,0.22,0.26,0.04,0.26,Matches,3,1,33.3,0.92,0.31,0.00,0.00,20.6,0,0.04,-0.1,-0.1,95,118,80.5,1618,467,45,49,91.8,32,38,84.2,14,21,66.7,0.4,+0.3,7,4,5,2,98,18,1,0,13,3,8,1,6,0,2,2,15,4.59,10,3,0,2,0,1,0.31,1,0,0,0,0,5,5,2,3,0,3,60.0,2,0,0,5,0,0,139,0,4,7,53.8,4,30.8,85,1,5,8,98,37,12.1,81,0,6,22,2,0.75,4,6,-2,-0.61,-0.49,3.7,5.4,-1.7,-0.53,0.00,0,9,0,0,0,13,2,22.2
442,Moises,br BRA,"FW,MF",Fortaleza,29-036,1996,3,2,140,1.6,0,1,1,0,0,0,1,0,0.2,0.2,0.3,0.5,5,2,12,0.00,0.64,0.64,0.00,0.64,0.13,0.17,0.30,0.13,0.30,Matches,4,1,25.0,2.57,0.64,0.00,0.00,17.2,0,0.05,-0.2,-0.2,17,21,81.0,342,77,6,6,100.0,8,9,88.9,3,4,75.0,0.1,+0.7,3,3,1,0,21,0,0,1,0,0,0,0,0,0,0,1,6,3.86,5,0,0,0,0,1,0.64,1,0,0,0,0,1,0,0,0,1,1,50.0,1,1,0,1,0,0,44,1,9,3,42.9,3,42.9,33,3,8,3,34,47,6.0,61,0,1,19,0,1.67,1,0,+1,+0.64,+1.30,1.2,0.8,+0.4,+0.26,+0.57,0,1,0,0,0,8,1,33.3
126,Murilo Cerqueira,br BRA,DF,Palmeiras,28-195,1997,11,11,895,9.9,1,0,1,1,0,0,4,0,0.4,0.4,0.0,0.4,1,34,2,0.10,0.00,0.10,0.10,0.10,0.04,0.00,0.04,0.04,0.04,Matches,7,2,28.6,0.70,0.20,0.14,0.50,15.5,0,0.06,+0.6,+0.6,428,485,88.2,8742,3260,117,135,86.7,259,275,94.2,48,61,78.7,0.3,0.0,0,37,2,2,463,18,1,3,2,0,0,0,0,0,4,1,4,0.40,4,0,0,0,0,0,0.00,0,0,0,0,0,14,7,2,11,1,7,53.8,6,8,8,22,40,1,584,58,5,3,60.0,2,40.0,349,0,7,3,385,81,39.8,81,8,0,,5,2.09,16,9,+7,+0.70,-0.23,16.3,8.5,+7.9,+0.79,+0.25,0,16,0,1,0,35,21,72.4
554,Murilo Rhikman,br BRA,MF,Cruzeiro,19-209,2006,1,0,1,0.0,0,0,0,0,0,0,0,0,0.0,0.0,0.0,0.0,1,0,0,0.00,0.00,0.00,0.00,0.00,0.00,0.00,0.00,0.00,0.00,Matches,0,0,,0.00,0.00,,,,0,,0.0,0.0,4,4,100.0,67,0,1,1,100.0,3,3,100.0,0,0,,0.0,0.0,0,1,0,0,4,0,0,0,0,0,0,0,0,0,0,0,0,0.00,0,0,0,0,0,0,0.00,0,0,0,0,0,0,0,0,0,0,0,,0,0,0,0,0,0,4,0,0,1,100.0,0,0.0,3,0,0,0,4,1,0.0,,0,1,1,13,3.00,0,0,0,0.00,-0.74,0.0,0.0,0.0,0.00,-0.41,0,0,0,0,0,0,0,
207,Nahuel Ferraresi,ve VEN,DF,São Paulo,26-323,1998,18,15,1403,15.6,0,3,3,0,0,0,2,0,0.2,0.2,2.2,2.4,28,80,24,0.00,0.19,0.19,0.00,0.19,0.01,0.14,0.15,0.01,0.15,Matches,6,1,16.7,0.38,0.06,0.00,0.00,17.1,0,0.03,-0.2,-0.2,740,878,84.3,12844,5214,331,356,93.0,327,373,87.7,68,118,57.6,1.0,+0.8,14,89,9,2,790,87,2,1,19,50,0,0,0,0,1,10,35,2.25,30,2,0,0,1,5,0.32,3,0,0,0,1,60,42,28,26,6,34,63.0,20,8,18,78,75,0,1075,83,11,11,64.7,6,35.3,593,2,13,6,663,78,57.7,89,13,3,23,7,1.67,22,12,+10,+0.64,+1.25,22.5,13.5,+9.0,+0.58,+0.71,0,23,0,0,1,82,25,62.5
456,Nata,br BRA,"DF,MF",Juventude,24-125,2001,2,1,94,1.0,0,0,0,0,0,0,0,0,0.0,0.0,0.0,0.0,0,1,0,0.00,0.00,0.00,0.00,0.00,0.00,0.04,0.04,0.00,0.04,Matches,0,0,,0.00,0.00,,,,0,,0.0,0.0,29,32,90.6,656,193,7,8,87.5,14,14,100.0,8,10,80.0,0.0,0.0,1,4,0,0,31,1,0,0,0,0,0,0,0,0,0,0,0,0.00,0,0,0,0,0,0,0.00,0,0,0,0,0,3,1,2,0,1,2,66.7,1,1,3,6,5,0,44,6,0,0,,0,,27,0,0,0,29,47,4.0,63,0,1,31,11,0.00,0,4,-4,-3.83,-2.91,0.1,2.6,-2.5,-2.38,-1.58,0,1,0,0,0,1,0,0.0
457,Natanael,br BRA,DF,Atlético Mineiro,23-276,2002,25,21,1787,19.9,1,0,1,1,0,0,1,0,0.6,0.6,0.8,1.4,19,56,95,0.05,0.00,0.05,0.05,0.05,0.03,0.04,0.07,0.03,0.07,Matches,17,5,29.4,0.86,0.25,0.06,0.20,22.0,0,0.03,+0.4,+0.4,673,822,81.9,10132,2893,387,431,89.8,230,272,84.6,36,81,44.4,1.3,-0.8,5,43,5,1,669,152,0,3,38,134,1,0,1,0,1,11,33,1.66,26,0,1,4,0,0,0.00,0,0,0,0,0,46,29,20,23,3,17,54.8,14,13,20,66,47,0,1037,36,26,8,28.6,18,64.3,512,3,29,9,567,71,79.4,79,9,4,31,0,1.16,13,21,-8,-0.40,-0.60,17.8,20.1,-2.3,-0.11,-0.75,0,18,0,0,0,77,19,40.4
458,Nathan,br BRA,DF,Internacional,24-033,2001,1,1,90,1.0,0,0,0,0,0,0,0,0,0.1,0.1,0.0,0.1,3,5,4,0.00,0.00,0.00,0.00,0.00,0.06,0.00,0.06,0.06,0.06,Matches,1,0,0.0,1.00,0.00,0.00,,14.0,0,0.06,-0.1,-0.1,44,48,91.7,703,267,23,24,95.8,17,18,94.4,3,3,100.0,0.0,0.0,0,4,1,0,37,11,0,0,0,10,0,0,0,0,0,1,2,2.00,1,0,0,0,0,0,0.00,0,0,0,0,0,4,0,2,1,1,1,50.0,1,1,0,4,1,0,59,2,1,4,100.0,0,0.0,29,1,2,1,31,90,3.8,90,1,0,,9,3.00,3,1,+2,+2.00,+2.32,1.3,0.3,+1.0,+1.00,+0.59,0,3,0,0,0,5,1,50.0
459,Nathan,br BRA,"MF,FW",Grêmio,29-209,1996,2,1,90,1.0,0,0,0,0,0,0,0,0,0.1,0.1,0.0,0.1,2,2,0,0.00,0.00,0.00,0.00,0.00,0.06,0.04,0.11,0.06,0.11,Matches,1,0,0.0,1.00,0.00,0.00,,14.0,0,0.06,-0.1,-0.1,44,48,91.7,703,267,23,24,95.8,17,18,94.4,3,3,100.0,0.0,0.0,0,4,1,0,37,11,0,0,0,10,0,0,0,0,0,1,2,2.00,1,0,0,0,0,0,0.00,0,0,0,0,0,4,0,2,1,1,1,50.0,1,1,0,4,1,0,59,2,1,4,100.0,0,0.0,29,1,2,1,31,90,3.8,90,1,0,,9,3.00,3,1,+2,+2.00,+2.32,1.3,0.3,+1.0,+1.00,+0.59,0,3,0,0,0,5,1,50.0
203,Nathan Fernandes,br BRA,"FW,MF",Botafogo (RJ),20-234,2005,10,2,330,3.7,1,2,3,1,0,0,1,0,1.4,1.4,0.7,2.2,15,10,32,0.27,0.55,0.82,0.27,0.82,0.39,0.20,0.59,0.39,0.59,Matches,8,4,50.0,2.18,1.09,0.13,0.25,13.3,0,0.18,-0.4,-0.4,97,122,79.5,1434,274,51,60,85.0,34,40,85.0,5,9,55.6,0.7,+1.3,3,4,4,0,118,4,0,0,5,2,1,0,0,0,0,2,10,2.73,9,0,1,0,0,4,1.09,4,0,0,0,0,5,1,2,2,1,1,25.0,3,2,2,7,5,0,176,2,21,9,47.4,8,42.1,110,8,15,4,127,33,13.6,64,0,8,25,3,1.80,8,2,+6,+1.64,+1.29,6.6,3.8,+2.8,+0.76,+0.56,0,4,0,0,0,16,4,33.3
432,Nathan Mendes,br BRA,DF,RB Bragantino,23-050,2002,15,9,889,9.9,0,1,1,0,0,0,3,0,0.0,0.0,0.6,0.6,9,34,42,0.00,0.10,0.10,0.00,0.10,0.00,0.06,0.06,0.00,0.06,Matches,1,0,0.0,0.10,0.00,0.00,,30.9,0,0.01,0.0,0.0,403,501,80.4,6369,2259,217,241,90.0,155,189,82.0,26,44,59.1,0.5,+0.4,9,31,4,1,387,114,2,1,13,94,0,0,0,0,0,10,22,2.23,17,3,0,2,0,4,0.40,1,2,0,1,0,15,9,8,5,2,14,77.8,4,7,12,27,24,0,584,35,8,4,40.0,3,30.0,313,1,7,8,329,59,36.6,83,6,6,24,3,1.07,12,20,-8,-0.81,-0.99,10.6,15.6,-5.1,-0.51,-0.72,0,8,1,0,0,43,7,38.9
463,Negueba,br BRA,FW,Mirassol,25-309,1999,22,17,1356,15.1,3,3,6,3,0,0,2,0,2.0,2.0,2.4,4.3,30,48,107,0.20,0.20,0.40,0.20,0.40,0.13,0.16,0.29,0.13,0.29,Matches,33,11,33.3,2.19,0.73,0.09,0.27,21.2,1,0.06,+1.0,+1.0,340,441,77.1,4907,1372,195,223,87.4,105,133,78.9,21,38,55.3,2.1,+0.6,24,26,14,4,422,18,0,1,51,3,12,2,6,0,1,18,54,3.58,37,2,3,3,2,6,0.40,5,0,1,0,0,21,13,8,9,4,9,52.9,8,10,6,27,20,0,632,17,42,12,32.4,20,54.1,405,8,39,32,443,62,57.9,72,0,5,27,1,1.82,27,16,+11,+0.73,+0.46,21.6,16.8,+4.8,+0.32,+0.17,0,11,0,0,0,64,10,37.0
465,Nenê,br BRA,"FW,MF",Juventude,44-081,1981,15,5,475,5.3,2,3,5,0,2,2,0,0,2.5,0.9,1.2,2.1,11,26,38,0.38,0.57,0.95,0.00,0.57,0.47,0.22,0.69,0.17,0.39,Matches,9,2,22.2,1.71,0.38,0.00,0.00,25.5,2,0.10,-0.5,-0.9,151,246,61.4,3206,955,64,78,82.1,48,81,59.3,35,66,53.0,1.7,+1.8,14,14,5,2,190,51,0,3,52,1,20,7,12,0,5,7,21,3.97,7,10,0,1,0,4,0.76,2,1,0,0,0,2,1,0,2,0,2,50.0,2,2,2,4,2,0,292,0,15,8,57.1,5,35.7,178,1,12,4,196,32,20.3,54,0,10,21,10,0.87,6,8,-2,-0.38,+0.83,5.2,9.3,-4.1,-0.77,+0.12,0,3,0,0,0,27,2,28.6
466,Neris,br BRA,DF,Vitória,33-113,1992,5,3,201,2.2,0,0,0,0,0,0,1,1,0.0,0.0,0.0,0.0,0,7,0,0.00,0.00,0.00,0.00,0.00,0.01,0.00,0.01,0.01,0.01,Matches,1,1,100.0,0.45,0.45,0.00,0.00,9.1,0,0.02,0.0,0.0,117,133,88.0,2601,841,29,35,82.9,65,67,97.0,23,28,82.1,0.0,0.0,0,5,1,0,129,4,0,0,0,0,0,0,0,0,0,2,0,0.00,0,0,0,0,0,0,0.00,0,0,0,0,0,2,1,1,1,0,0,0.0,1,1,2,4,16,0,155,19,1,0,0.0,1,100.0,100,0,1,1,110,40,8.3,66,0,2,1,10,0.80,2,3,-1,-0.45,+0.24,3.2,2.6,+0.6,+0.27,+0.76,0,8,0,0,0,3,8,66.7
468,Neto,br BRA,GK,Botafogo (RJ),36-081,1989,3,3,224,2.5,0,0,0,0,0,0,0,0,0.0,0.0,0.0,0.0,0,0,0,0.00,0.00,0.00,0.00,0.00,0.00,0.00,0.00,0.00,0.00,Matches,0,0,,0.00,0.00,,,,0,,0.0,0.0,67,88,76.1,1761,1166,11,11,100.0,31,31,100.0,25,45,55.6,0.0,0.0,0,1,0,0,71,16,0,1,0,0,0,0,0,0,1,0,0,0.00,0,0,0,0,0,0,0.00,0,0,0,0,0,0,0,0,0,0,0,,0,0,0,0,1,0,91,74,0,0,,0,,55,0,0,0,54,75,9.2,75,2,0,,1,2.00,7,3,+4,+1.61,+1.20,3.9,1.7,+2.2,+0.89,+0.68,0,0,0,0,0,5,0,
452,Neto Moura,br BRA,MF,Mirassol,29-063,1996,23,23,1715,19.1,0,0,0,0,0,0,6,0,0.2,0.2,0.4,0.6,3,109,15,0.00,0.00,0.00,0.00,0.00,0.01,0.02,0.03,0.01,0.03,Matches,8,0,0.0,0.42,0.00,0.00,,30.8,0,0.02,-0.2,-0.2,955,1100,86.8,17738,6674,375,420,89.3,453,502,90.2,112,141,79.4,0.7,-0.4,9,129,10,1,1043,52,0,6,3,3,0,0,0,0,5,11,35,1.84,28,3,0,1,0,2,0.10,2,0,0,0,0,49,27,19,25,5,15,45.5,18,18,32,81,47,0,1282,81,1,2,66.7,0,0.0,692,0,10,10,862,75,73.3,75,4,0,,1,1.70,29,21,+8,+0.42,-0.44,24.9,24.9,0.0,0.00,-0.93,0,25,0,0,0,87,21,61.8
470,Newton,br BRA,MF,Botafogo (RJ),25-210,2000,16,12,1083,12.0,1,0,1,1,0,0,3,0,0.5,0.5,0.1,0.6,14,55,17,0.08,0.00,0.08,0.08,0.08,0.04,0.01,0.05,0.04,0.05,Matches,17,5,29.4,1.41,0.42,0.06,0.20,27.0,0,0.03,+0.5,+0.5,599,680,88.1,10788,2442,262,284,92.3,279,299,93.3,49,67,73.1,0.5,-0.1,3,65,5,2,659,21,0,3,6,4,0,0,0,0,0,12,15,1.25,12,0,1,1,0,0,0.00,0,0,0,0,0,24,12,7,11,6,9,50.0,9,9,15,39,17,0,797,20,5,8,61.5,5,38.5,468,0,14,12,565,68,44.6,82,7,4,25,10,1.56,15,14,+1,+0.08,-0.79,13.0,13.1,-0.1,-0.01,-0.51,0,27,0,0,0,59,19,59.4
471,Neymar,br BRA,"FW,MF",Santos,33-245,1992,13,11,979,10.9,3,0,3,2,1,1,7,1,4.2,3.4,1.7,5.1,35,84,57,0.28,0.00,0.28,0.18,0.18,0.39,0.15,0.54,0.31,0.47,Matches,27,12,44.4,2.48,1.10,0.07,0.17,18.5,7,0.13,-1.2,-1.4,379,510,74.3,6188,2351,200,241,83.0,120,154,77.9,42,78,53.8,2.0,-1.7,29,54,27,2,407,94,4,1,43,12,35,19,11,0,9,4,61,5.61,42,8,5,5,0,3,0.28,2,0,1,0,0,3,0,0,2,1,3,60.0,2,3,1,4,0,0,628,1,35,15,30.0,26,52.0,440,9,32,30,507,75,41.8,82,7,2,36,0,1.38,11,17,-6,-0.55,-0.09,12.8,14.9,-2.0,-0.19,-0.14,1,16,0,0,0,28,5,41.7
472,Nicolas,br BRA,DF,Ceará,28-226,1997,11,6,575,6.4,0,0,0,0,0,0,1,0,0.1,0.1,0.4,0.5,16,23,35,0.00,0.00,0.00,0.00,0.00,0.01,0.06,0.07,0.01,0.07,Matches,4,1,25.0,0.63,0.16,0.00,0.00,23.3,0,0.02,-0.1,-0.1,235,323,72.8,3987,1646,115,130,88.5,101,134,75.4,19,49,38.8,0.4,-0.4,10,16,7,3,255,68,0,2,43,50,5,1,4,0,0,8,21,3.29,14,5,1,1,0,1,0.16,1,0,0,0,0,14,7,2,11,1,4,57.1,3,4,8,22,13,0,386,10,5,2,28.6,4,57.1,176,1,5,2,220,52,24.6,89,4,5,9,12,1.09,5,8,-3,-0.47,-0.72,5.6,5.9,-0.3,-0.05,0.00,0,10,0,0,0,27,2,40.0
2,Nicolás Acevedo,uy URU,"MF,DF",Bahia,26-177,1999,20,8,863,9.6,0,0,0,0,0,0,3,0,0.2,0.2,0.6,0.8,12,51,7,0.00,0.00,0.00,0.00,0.00,0.02,0.06,0.08,0.02,0.08,Matches,7,4,57.1,0.73,0.42,0.00,0.00,26.0,0,0.03,-0.2,-0.2,548,645,85.0,8849,2490,292,310,94.2,198,228,86.8,43,68,63.2,0.4,-0.6,8,59,4,0,599,45,1,7,6,7,0,0,0,0,1,15,17,1.77,14,0,0,0,2,4,0.42,4,0,0,0,0,30,21,11,11,8,12,34.3,23,11,15,45,17,0,765,48,8,12,46.2,12,46.2,428,5,15,19,512,43,36.9,76,3,12,21,5,1.90,13,13,0,0.00,-0.24,10.2,15.8,-5.6,-0.59,-0.81,0,23,0,0,0,59,11,55.0
157,Nicolás De La Cruz,uy URU,MF,Flamengo,28-129,1997,14,10,836,9.3,0,0,0,0,0,0,4,0,0.6,0.6,0.7,1.3,7,74,20,0.00,0.00,0.00,0.00,0.00,0.06,0.08,0.14,0.06,0.14,Matches,11,3,27.3,1.18,0.32,0.00,0.00,24.4,4,0.05,-0.6,-0.6,634,730,86.8,10684,3017,309,332,93.1,266,287,92.7,48,80,60.0,1.5,-0.7,12,67,16,2,678,50,1,4,26,1,18,10,7,0,2,15,28,3.01,20,7,0,0,0,3,0.32,2,1,0,0,0,16,10,11,5,0,10,58.8,7,1,7,23,8,1,800,14,4,2,33.3,2,33.3,501,0,17,7,608,60,35.7,76,3,4,20,4,1.79,12,7,+5,+0.54,-1.38,12.0,7.6,+4.4,+0.47,-0.36,0,15,0,0,0,52,7,70.0
474,Nonato,br BRA,MF,Fluminense,27-219,1998,12,5,517,5.7,1,0,1,1,0,0,3,0,0.4,0.4,0.2,0.6,9,16,13,0.17,0.00,0.17,0.17,0.17,0.07,0.03,0.10,0.07,0.10,Matches,8,3,37.5,1.39,0.52,0.13,0.33,19.8,0,0.05,+0.6,+0.6,241,280,86.1,3441,1034,147,160,91.9,77,94,81.9,10,11,90.9,0.3,-0.2,5,22,5,2,270,10,1,0,4,2,0,0,0,0,0,5,12,2.08,10,1,0,1,0,0,0.00,0,0,0,0,0,14,10,4,7,3,9,69.2,4,7,5,19,4,0,335,9,9,1,20.0,4,80.0,189,1,5,1,246,43,23.0,68,1,7,25,4,1.00,10,10,0,0.00,-0.10,7.0,7.0,0.0,0.00,-0.12,0,10,0,0,0,20,3,33.3
257,Nuno Gonçalo Moreira,pt POR,"FW,MF",Vasco da Gama,26-114,1999,27,26,1965,21.8,5,5,10,5,0,0,1,0,2.3,2.3,4.3,6.7,52,105,143,0.23,0.23,0.46,0.23,0.46,0.11,0.20,0.31,0.11,0.31,Matches,29,13,44.8,1.33,0.60,0.17,0.38,20.4,0,0.08,+2.7,+2.7,719,904,79.5,10554,2634,441,488,90.4,210,265,79.2,40,87,46.0,4.0,+0.7,39,63,22,10,856,46,4,10,76,15,18,5,7,0,2,18,83,3.80,67,7,2,3,2,12,0.55,11,1,0,0,0,28,14,4,10,14,13,40.6,19,14,11,39,27,0,1112,23,51,25,43.1,24,41.4,687,11,38,20,805,73,80.9,75,2,1,15,0,1.22,34,32,+2,+0.09,+0.29,26.6,26.9,-0.4,-0.02,+0.68,0,12,0,0,0,92,12,44.4
,Ogundana Shola,,,,,,,,,,,,,,,,,,,,,,,,,,,,,,,,,,,,,,,,,,,,,,,,,,,,,,,,,,,,,,,,,,,,,,,,,,,,,,,,,,,,,,,,,,,,,,,,,,,,,,,,,,,,,,,,,,,,,,,,,,0,0,,2,,,,,,,,,,,,,,,,,,,
482,Oscar,br BRA,"FW,MF",São Paulo,34-029,1991,6,5,345,3.8,0,0,0,0,0,0,1,0,0.6,0.6,0.6,1.1,4,19,24,0.00,0.00,0.00,0.00,0.00,0.15,0.15,0.30,0.15,0.30,Matches,4,2,50.0,1.04,0.52,0.00,0.00,15.3,0,0.14,-0.6,-0.6,155,208,74.5,2592,660,84,99,84.8,48,60,80.0,19,38,50.0,1.1,-0.6,7,23,10,3,180,27,0,2,28,7,15,8,6,0,1,7,14,3.65,10,4,0,0,0,0,0.00,0,0,0,0,0,2,2,1,1,0,0,0.0,2,10,8,10,8,1,247,7,8,2,66.7,1,33.3,147,2,3,4,167,58,14.2,62,1,1,36,2,1.17,4,6,-2,-0.52,-0.74,5.0,3.7,+1.2,+0.31,+0.04,0,3,0,0,0,9,5,55.6
483,Osvaldo,br BRA,"FW,MF",Vitória,38-180,1987,21,11,912,10.1,0,2,2,0,0,0,3,0,1.3,1.3,2.4,3.7,32,31,76,0.00,0.20,0.20,0.00,0.20,0.13,0.24,0.37,0.13,0.37,Matches,20,6,30.0,1.97,0.59,0.00,0.00,23.2,1,0.07,-1.3,-1.3,222,320,69.4,3934,1084,113,128,88.3,75,100,75.0,28,72,38.9,2.0,-0.4,19,17,11,1,261,55,3,5,64,3,31,15,6,0,4,9,43,4.24,18,13,6,1,1,3,0.30,1,1,0,0,0,9,5,5,4,0,4,33.3,8,6,6,15,9,0,429,6,14,21,58.3,11,30.6,258,6,25,8,292,43,37.5,64,0,10,21,3,1.00,8,14,-6,-0.59,+0.12,10.8,13.4,-2.5,-0.25,+0.28,0,6,0,0,0,35,4,50.0
484,Otávio,br BRA,MF,Fluminense,31-157,1994,4,2,200,2.2,0,0,0,0,0,0,0,0,0.0,0.0,0.0,0.1,2,17,2,0.00,0.00,0.00,0.00,0.00,0.02,0.01,0.03,0.02,0.03,Matches,1,0,0.0,0.45,0.00,0.00,,18.8,0,0.05,0.0,0.0,160,169,94.7,2743,875,80,82,97.6,59,61,96.7,17,20,85.0,0.1,0.0,1,26,1,0,162,7,0,1,1,0,0,0,0,0,0,0,8,3.60,8,0,0,0,0,0,0.00,0,0,0,0,0,5,2,2,3,0,0,0.0,2,1,4,9,6,0,193,6,1,0,,0,,104,0,0,1,147,,,,0,0,,2,,,,,,,,,,,,0,5,0,0,0,10,2,66.7
487,Pablo,br BRA,FW,Sport Recife,33-107,1992,12,8,645,7.2,1,0,1,1,0,0,1,0,1.3,1.3,0.2,1.5,3,8,24,0.14,0.00,0.14,0.14,0.14,0.18,0.03,0.21,0.18,0.21,Matches,13,3,23.1,1.81,0.42,0.08,0.33,14.6,1,0.10,-0.3,-0.3,119,164,72.6,1791,326,66,80,82.5,36,46,78.3,10,13,76.9,0.2,-0.2,5,8,0,0,140,23,0,0,2,0,0,0,0,0,1,6,13,1.81,9,0,0,2,0,0,0.00,0,0,0,0,0,6,5,2,3,1,2,28.6,5,4,4,10,6,0,243,9,26,4,44.4,5,55.6,124,1,24,12,174,,,,0,0,,4,,,,,,,,,,,,0,10,0,0,0,11,17,45.9
389,Pablo Maia,br BRA,MF,São Paulo,23-271,2002,16,10,889,9.9,1,0,1,1,0,0,3,0,0.2,0.2,0.2,0.4,8,37,9,0.10,0.00,0.10,0.10,0.10,0.02,0.02,0.05,0.02,0.05,Matches,7,1,14.3,0.71,0.10,0.14,1.00,25.1,0,0.03,+0.8,+0.8,435,481,90.4,7625,1837,179,195,91.8,208,223,93.3,37,45,82.2,0.2,-0.2,6,39,3,0,470,11,0,3,0,0,0,0,0,0,0,4,14,1.42,13,0,0,0,1,0,0.00,0,0,0,0,0,17,11,5,9,3,10,47.6,11,9,5,22,18,1,565,29,3,3,60.0,2,40.0,326,1,6,6,395,56,36.6,79,5,6,16,4,1.56,11,15,-4,-0.40,-0.81,11.8,12.2,-0.4,-0.04,-0.49,0,21,0,1,0,48,11,68.8
566,Pablo Roberto,br BRA,MF,Fortaleza,25-328,1999,2,1,75,0.8,0,0,0,0,0,0,0,0,0.0,0.0,0.2,0.3,1,6,3,0.00,0.00,0.00,0.00,0.00,0.02,0.30,0.32,0.02,0.32,Matches,1,0,0.0,1.20,0.00,0.00,,26.9,0,0.01,0.0,0.0,46,50,92.0,756,244,22,22,100.0,20,23,87.0,4,5,80.0,0.1,-0.2,3,12,1,0,49,1,0,0,1,1,0,0,0,0,0,0,5,6.00,5,0,0,0,0,0,0.00,0,0,0,0,0,3,2,1,2,0,1,33.3,2,0,0,3,0,0,60,1,2,0,,0,,30,0,4,1,48,38,3.2,45,0,1,30,2,0.00,0,1,-1,-1.20,-0.64,1.4,1.0,+0.5,+0.56,+0.87,0,3,0,0,0,5,2,50.0
672,Pablo Vegetti,ar ARG,FW,Vasco da Gama,36-358,1988,25,23,1968,21.9,12,1,13,9,3,3,3,0,11.1,8.8,1.5,10.3,3,17,46,0.55,0.05,0.59,0.41,0.46,0.51,0.07,0.58,0.40,0.47,Matches,60,17,28.3,2.74,0.78,0.15,0.53,11.2,0,0.15,+0.9,+0.2,210,291,72.2,2743,338,118,148,79.7,73,90,81.1,1,5,20.0,1.5,-0.5,10,5,4,0,237,54,3,1,2,0,0,0,0,0,0,16,12,0.55,8,0,0,0,0,1,0.05,0,0,0,0,0,14,8,5,5,4,8,36.4,14,12,4,18,34,1,497,36,80,0,0.0,4,57.1,225,2,36,10,303,79,81.0,82,15,2,38,0,1.20,31,35,-4,-0.18,-1.16,25.7,30.6,-4.9,-0.23,-0.42,0,30,0,0,1,38,52,39.4
634,Patrick Silva,br BRA,MF,Atlético Mineiro,21-203,2004,3,2,224,2.5,0,0,0,0,0,0,0,0,0.0,0.0,0.0,0.0,4,5,3,0.00,0.00,0.00,0.00,0.00,0.01,0.00,0.01,0.01,0.01,Matches,1,1,100.0,0.40,0.40,0.00,0.00,27.9,0,0.02,0.0,0.0,79,97,81.4,1195,200,48,53,90.6,22,29,75.9,6,8,75.0,0.0,0.0,0,6,0,0,94,3,0,0,1,0,0,0,0,0,0,2,2,0.80,2,0,0,0,0,0,0.00,0,0,0,0,0,5,2,4,0,1,3,60.0,2,0,6,11,5,0,123,3,0,1,33.3,0,0.0,60,0,3,0,66,75,10.0,90,1,1,45,6,1.67,1,0,+1,+0.40,+0.76,1.8,1.3,+0.6,+0.22,+0.20,0,3,0,0,0,6,5,83.3
496,Patrick de Paula,br BRA,MF,Botafogo (RJ),26-030,1999,6,4,284,3.2,0,0,0,0,0,0,0,0,0.1,0.1,0.1,0.2,3,16,6,0.00,0.00,0.00,0.00,0.00,0.04,0.02,0.06,0.04,0.06,Matches,6,0,0.0,1.90,0.00,0.00,,30.4,0,0.02,-0.1,-0.1,118,136,86.8,2017,506,58,62,93.5,46,54,85.2,10,14,71.4,0.2,-0.1,1,15,2,1,134,2,0,1,2,0,0,0,0,0,0,1,5,1.59,5,0,0,0,0,0,0.00,0,0,0,0,0,6,3,1,4,1,3,37.5,5,0,3,9,2,0,168,5,1,2,50.0,2,50.0,92,0,9,2,125,47,11.7,62,0,2,19,4,0.83,2,2,0,0.00,-0.59,2.5,4.5,-2.0,-0.64,-1.04,0,4,0,0,0,12,1,33.3
495,Patryck,br BRA,DF,São Paulo,22-263,2003,3,2,186,2.1,0,0,0,0,0,0,1,0,0.3,0.3,0.0,0.3,3,8,19,0.00,0.00,0.00,0.00,0.00,0.13,0.00,0.13,0.13,0.13,Matches,5,1,20.0,2.42,0.48,0.00,0.00,19.8,1,0.05,-0.3,-0.3,78,100,78.0,1336,286,39,46,84.8,31,39,79.5,7,13,53.8,0.1,0.0,1,5,1,1,83,17,0,0,15,11,4,3,1,0,0,1,7,3.39,0,3,0,1,1,0,0.00,0,0,0,0,0,2,2,0,1,1,2,100.0,0,2,2,4,3,0,119,2,5,1,100.0,0,0.0,83,0,3,1,83,62,7.7,86,1,1,14,17,1.33,3,3,0,0.00,-0.12,3.0,1.7,+1.3,+0.62,+0.37,0,2,0,0,0,5,2,40.0
497,Paulinho,br BRA,"MF,FW",Vasco da Gama,28-273,1997,9,3,214,2.4,0,0,0,0,0,0,2,0,0.0,0.0,0.0,0.0,3,15,3,0.00,0.00,0.00,0.00,0.00,0.00,0.02,0.02,0.00,0.02,Matches,0,0,,0.00,0.00,,,,0,,0.0,0.0,137,164,83.5,1978,379,83,91,91.2,48,58,82.8,4,8,50.0,0.1,0.0,1,18,2,0,158,6,0,2,4,1,1,1,0,0,0,4,4,1.68,2,0,1,1,0,0,0.00,0,0,0,0,0,6,3,3,3,0,3,33.3,6,6,2,8,3,1,199,6,1,4,57.1,3,42.9,103,0,4,4,142,24,8.8,52,0,6,10,15,0.89,2,4,-2,-0.84,-0.96,2.0,4.4,-2.4,-1.00,-0.94,0,11,0,0,0,13,3,50.0
498,Paulinho,br BRA,"MF,FW",Palmeiras,25-085,2000,7,1,224,2.5,0,0,0,0,0,0,0,0,0.2,0.2,0.4,0.6,6,8,24,0.00,0.00,0.00,0.00,0.00,0.09,0.15,0.24,0.09,0.24,Matches,0,0,,0.00,0.00,,,,0,,0.0,0.0,137,164,83.5,1978,379,83,91,91.2,48,58,82.8,4,8,50.0,0.1,0.0,1,18,2,0,158,6,0,2,4,1,1,1,0,0,0,4,4,1.68,2,0,1,1,0,0,0.00,0,0,0,0,0,6,3,3,3,0,3,33.3,6,6,2,8,3,1,199,6,1,4,57.1,3,42.9,103,0,4,4,142,24,8.8,52,0,6,10,15,0.89,2,4,-2,-0.84,-0.96,2.0,4.4,-2.4,-1.00,-0.94,0,11,0,0,0,13,3,50.0
68,Paulo Baya,br BRA,FW,Ceará,26-074,1999,6,3,284,3.2,0,0,0,0,0,0,0,0,0.4,0.4,0.3,0.7,4,4,18,0.00,0.00,0.00,0.00,0.00,0.14,0.09,0.23,0.14,0.23,Matches,8,4,50.0,2.54,1.27,0.00,0.00,22.0,1,0.05,-0.4,-0.4,61,88,69.3,1005,205,34,42,81.0,19,29,65.5,7,14,50.0,0.3,-0.3,4,2,2,1,82,6,0,1,14,1,3,3,0,0,0,2,10,3.17,4,2,0,2,0,1,0.32,0,0,0,0,0,3,2,1,1,1,2,33.3,4,3,0,3,0,1,116,2,8,0,0.0,1,50.0,74,2,7,3,83,47,12.1,68,0,3,26,2,1.50,2,2,0,0.00,-0.09,3.9,3.6,+0.3,+0.11,+0.18,0,1,0,0,0,9,1,25.0
69,Paulo Baya,br BRA,"MF,FW",Fluminense,26-074,1999,4,0,38,0.4,1,1,2,1,0,0,0,0,0.0,0.0,0.0,0.1,2,1,4,2.37,2.37,4.74,2.37,4.74,0.12,0.03,0.15,0.12,0.15,Matches,8,4,50.0,2.54,1.27,0.00,0.00,22.0,1,0.05,-0.4,-0.4,61,88,69.3,1005,205,34,42,81.0,19,29,65.5,7,14,50.0,0.3,-0.3,4,2,2,1,82,6,0,1,14,1,3,3,0,0,0,2,10,3.17,4,2,0,2,0,1,0.32,0,0,0,0,0,3,2,1,1,1,2,33.3,4,3,0,3,0,1,116,2,8,0,0.0,1,50.0,74,2,7,3,83,47,12.1,68,0,3,26,2,1.50,2,2,0,0.00,-0.09,3.9,3.6,+0.3,+0.11,+0.18,0,1,0,0,0,9,1,25.0
280,Paulo Henrique,br BRA,DF,Vasco da Gama,29-075,1996,21,21,1863,20.7,1,5,6,1,0,0,8,0,1.5,1.5,2.9,4.4,74,66,155,0.05,0.24,0.29,0.05,0.29,0.07,0.14,0.21,0.07,0.21,Matches,17,8,47.1,0.82,0.39,0.06,0.13,22.1,0,0.09,-0.5,-0.5,845,1077,78.5,12889,4149,482,535,90.1,298,378,78.8,46,95,48.4,2.5,+2.1,31,51,28,20,883,193,0,5,88,185,0,0,0,0,1,34,59,2.85,45,2,5,1,1,9,0.43,7,0,1,0,1,71,48,37,28,6,43,70.5,18,25,27,98,86,2,1416,81,35,54,54.5,39,39.4,729,17,35,30,785,89,76.7,89,17,0,,1,1.43,34,25,+9,+0.43,+1.70,27.3,28.9,-1.6,-0.08,+0.29,0,48,0,0,0,123,22,59.5
567,Paulo Roberto,br BRA,DF,Vitória,19-329,2005,1,1,51,0.6,0,0,0,0,0,0,0,0,0.0,0.0,0.1,0.1,0,1,0,0.00,0.00,0.00,0.00,0.00,0.00,0.10,0.10,0.00,0.10,Matches,0,0,,0.00,0.00,,,,0,,0.0,0.0,12,17,70.6,224,101,8,10,80.0,2,3,66.7,2,4,50.0,0.0,-0.1,2,0,2,2,11,6,0,1,3,5,0,0,0,0,0,0,2,3.53,2,0,0,0,0,0,0.00,0,0,0,0,0,3,2,3,0,0,1,33.3,2,0,1,4,4,0,26,1,0,0,0.0,1,100.0,8,0,0,0,12,51,2.1,51,0,0,,3,3.00,1,0,+1,+1.76,+2.48,0.3,0.3,0.0,-0.05,+0.39,0,4,0,0,0,1,0,0.0
,Paulo Sérgio,,,,,,,,,,,,,,,,,,,,,,,,,,,,,,,,,,,,,,,,,,,,,,,,,,,,,,,,,,,,,,,,,,,,,,,,,,,,,,,,,,,,,,,,,,,,,,,,,,,,,,,,,,,,,,,,,,,,,,,,,,0,0,,1,,,,,,,,,,,,,,,,,,,
,Pedrinho,,,,,,,,,,,,,,,,,,,,,,,,,,,,,,,,,,,,,,,,,,,,,,,,,,,,,,,,,,,,,,,,,,,,,,,,,,,,,,,,,,,,,,,,,,,,,,,,,,,,,,,,,,,,,,,,,,,,,,,,,,0,0,,2,,,,,,,,,,,,,,,,,,,
503,Pedro,br BRA,FW,Flamengo,28-110,1997,19,11,886,9.8,10,4,14,9,1,2,3,0,8.4,6.6,1.4,8.0,6,14,70,1.02,0.41,1.42,0.91,1.32,0.85,0.14,0.99,0.67,0.81,Matches,39,21,53.8,3.96,2.13,0.23,0.43,15.0,0,0.18,+1.6,+2.4,125,165,75.8,1689,262,79,96,82.3,32,40,80.0,6,7,85.7,0.9,+2.6,17,7,5,0,153,12,2,1,3,0,0,0,0,0,0,7,31,3.15,21,0,3,1,2,7,0.71,4,0,1,0,1,7,5,1,3,3,3,37.5,5,6,5,12,7,0,288,5,77,5,29.4,12,70.6,181,5,25,17,214,47,37.9,66,1,8,20,2,2.16,27,2,+25,+2.54,+1.80,19.4,5.8,+13.5,+1.37,+1.09,0,10,1,0,0,14,4,16.0
,Pedro Ataíde,,,,,,,,,,,,,,,,,,,,,,,,,,,,,,,,,,,,,,,,,,,,,,,,,,,,,,,,,,,,,,,,,,,,,,,,,,,,,,,,,,,,,,,,,,,,,,,,,,,,,,,,,,,,,,,,,,,,,,,,,,0,0,,1,,,,,,,,,,,,,,,,,,,
86,Pedro Borges,br BRA,MF,Fortaleza,28-219,1997,1,0,37,0.4,0,0,0,0,0,0,2,1,0.0,0.0,0.0,0.0,0,3,0,0.00,0.00,0.00,0.00,0.00,0.00,0.00,0.00,0.00,0.00,Matches,0,0,,0.00,0.00,,,,0,,0.0,0.0,23,25,92.0,410,90,9,9,100.0,12,13,92.3,2,2,100.0,0.0,0.0,0,3,1,0,24,1,0,0,0,0,0,0,0,0,0,1,1,2.43,1,0,0,0,0,0,0.00,0,0,0,0,0,1,1,0,1,0,1,100.0,0,0,0,1,0,0,29,0,0,0,,0,,21,0,2,1,22,37,1.6,,0,1,37,1,0.00,0,0,0,0.00,+0.59,0.3,0.4,-0.1,-0.17,+0.11,1,3,0,0,0,2,1,100.0
87,Pedro Borges,br BRA,MF,Sport Recife,28-219,1997,8,1,231,2.6,0,0,0,0,0,0,3,0,0.1,0.1,0.1,0.2,1,5,3,0.00,0.00,0.00,0.00,0.00,0.03,0.03,0.06,0.03,0.06,Matches,0,0,,0.00,0.00,,,,0,,0.0,0.0,23,25,92.0,410,90,9,9,100.0,12,13,92.3,2,2,100.0,0.0,0.0,0,3,1,0,24,1,0,0,0,0,0,0,0,0,0,1,1,2.43,1,0,0,0,0,0,0.00,0,0,0,0,0,1,1,0,1,0,1,100.0,0,0,0,1,0,0,29,0,0,0,,0,,21,0,2,1,22,37,1.6,,0,1,37,1,0.00,0,0,0,0.00,+0.59,0.3,0.4,-0.1,-0.17,+0.11,1,3,0,0,0,2,1,100.0
281,Pedro Henrique,br BRA,FW,Ceará,35-114,1990,19,12,1007,11.2,4,1,5,4,0,0,4,0,2.7,2.7,0.7,3.4,29,12,53,0.36,0.09,0.45,0.36,0.45,0.24,0.07,0.31,0.24,0.31,Matches,28,12,42.9,2.50,1.07,0.14,0.33,20.4,4,0.10,+1.3,+1.3,163,239,68.2,2935,651,87,105,82.9,50,80,62.5,24,39,61.5,0.7,+0.3,8,8,4,2,217,19,0,7,30,7,6,3,1,0,3,1,22,1.97,15,2,1,3,0,4,0.36,2,0,1,0,0,29,24,10,13,6,12,48.0,13,3,5,34,11,3,362,10,33,3,20.0,10,66.7,196,4,29,6,231,53,43.0,71,1,7,21,0,1.26,11,12,-1,-0.09,-0.29,10.1,13.7,-3.6,-0.32,-0.48,0,24,0,1,0,43,13,31.0
282,Pedro Henrique,br BRA,DF,RB Bragantino,30-006,1995,24,24,2104,23.4,1,1,2,1,0,0,4,0,0.7,0.7,0.7,1.5,17,80,1,0.04,0.04,0.09,0.04,0.09,0.03,0.03,0.06,0.03,0.06,Matches,28,12,42.9,2.50,1.07,0.14,0.33,20.4,4,0.10,+1.3,+1.3,163,239,68.2,2935,651,87,105,82.9,50,80,62.5,24,39,61.5,0.7,+0.3,8,8,4,2,217,19,0,7,30,7,6,3,1,0,3,1,22,1.97,15,2,1,3,0,4,0.36,2,0,1,0,0,29,24,10,13,6,12,48.0,13,3,5,34,11,3,362,10,33,3,20.0,10,66.7,196,4,29,6,231,53,43.0,71,1,7,21,0,1.26,11,12,-1,-0.09,-0.29,10.1,13.7,-3.6,-0.32,-0.48,0,24,0,1,0,43,13,31.0
,Pedro Kauã,,,,,,,,,,,,,,,,,,,,,,,,,,,,,,,,,,,,,,,,,,,,,,,,,,,,,,,,,,,,,,,,,,,,,,,,,,,,,,,,,,,,,,,,,,,,,,,,,,,,,,,,,,,,,,,,,,,,,,,,,,0,0,,3,,,,,,,,,,,,,,,,,,,
545,Pedro Raul,br BRA,FW,Ceará,28-337,1996,24,24,2065,22.9,7,1,8,6,1,1,3,0,8.0,7.2,2.5,9.7,12,30,89,0.31,0.04,0.35,0.26,0.31,0.35,0.11,0.46,0.31,0.42,Matches,71,27,38.0,3.09,1.18,0.08,0.22,14.8,0,0.10,-1.0,-1.2,267,395,67.6,3323,811,168,216,77.8,67,101,66.3,7,13,53.8,0.9,-1.5,22,27,4,0,362,28,1,1,3,1,0,0,0,0,5,19,44,1.92,33,0,2,3,0,2,0.09,2,0,0,0,0,11,5,1,10,0,3,37.5,5,7,3,14,22,0,676,27,124,8,30.8,14,53.8,346,9,91,41,508,86,88.2,86,15,0,,0,1.38,22,20,+2,+0.09,+0.09,22.1,25.6,-3.5,-0.15,-0.88,0,42,0,0,0,41,76,41.5
508,Peixoto,br BRA,"DF,MF",Juventude,28-100,1997,4,1,123,1.4,0,0,0,0,0,0,0,0,0.0,0.0,0.0,0.1,3,3,0,0.00,0.00,0.00,0.00,0.00,0.02,0.02,0.05,0.02,0.05,Matches,1,0,0.0,0.73,0.00,0.00,,20.4,0,0.03,0.0,0.0,53,63,84.1,1017,276,18,20,90.0,30,31,96.8,5,12,41.7,0.0,0.0,2,4,0,0,60,3,0,1,0,0,0,0,0,0,0,0,4,2.93,4,0,0,0,0,0,0.00,0,0,0,0,0,4,3,2,2,0,0,0.0,2,3,0,4,3,1,79,3,0,1,33.3,2,66.7,51,0,1,0,53,31,5.3,76,0,3,16,13,0.25,0,1,-1,-0.73,+0.32,1.0,2.4,-1.4,-0.99,-0.13,0,5,0,0,0,7,2,66.7
513,Pernambuco,br BRA,"FW,MF",Juventude,27-163,1998,3,0,57,0.6,0,0,0,0,0,0,0,0,0.2,0.2,0.1,0.3,4,6,7,0.00,0.00,0.00,0.00,0.00,0.28,0.18,0.47,0.28,0.47,Matches,2,0,0.0,3.16,0.00,0.00,,16.4,0,0.09,-0.2,-0.2,21,25,84.0,320,71,12,13,92.3,8,8,100.0,1,2,50.0,0.1,-0.1,2,2,2,0,24,1,0,0,1,1,0,0,0,0,0,1,3,4.74,3,0,0,0,0,0,0.00,0,0,0,0,0,3,2,1,1,1,0,0.0,1,1,0,3,0,0,40,1,4,3,42.9,4,57.1,26,0,4,2,29,19,2.4,,0,3,19,1,1.33,0,4,-4,-6.32,-5.41,0.8,2.6,-1.8,-2.90,-2.08,0,0,0,0,0,2,1,25.0
514,Petterson,br BRA,MF,Juventude,21-277,2004,2,1,80,0.9,0,0,0,0,0,0,0,0,0.1,0.1,0.0,0.1,4,1,4,0.00,0.00,0.00,0.00,0.00,0.11,0.00,0.11,0.11,0.11,Matches,3,0,0.0,3.38,0.00,0.00,,18.4,0,0.03,-0.1,-0.1,32,42,76.2,556,88,15,17,88.2,14,19,73.7,3,4,75.0,0.0,0.0,0,2,0,0,40,0,0,1,2,0,0,0,0,0,2,0,1,1.13,1,0,0,0,0,0,0.00,0,0,0,0,0,0,0,0,0,0,0,0.0,1,3,1,1,1,0,54,1,8,2,100.0,0,0.0,39,2,1,2,38,40,3.4,57,0,1,23,2,1.50,0,1,-1,-1.13,-0.09,0.4,0.7,-0.3,-0.34,+0.54,0,0,0,0,0,12,0,0.0
142,Philippe Coutinho,br BRA,MF,Vasco da Gama,33-118,1992,21,21,1661,18.5,5,2,7,5,0,0,0,1,3.3,3.3,2.9,6.2,59,126,86,0.27,0.11,0.38,0.27,0.38,0.18,0.15,0.34,0.18,0.34,Matches,49,21,42.9,2.66,1.14,0.10,0.24,24.7,12,0.07,+1.7,+1.7,894,1077,83.0,14639,4877,464,499,93.0,328,378,86.8,76,144,52.8,3.3,-0.9,39,133,21,5,968,106,3,7,90,5,56,18,27,1,3,18,94,5.09,58,21,4,6,0,11,0.60,3,5,1,2,0,15,6,5,5,5,8,42.1,11,10,7,22,5,0,1239,16,34,23,44.2,23,44.2,838,4,25,31,992,79,68.4,79,6,0,,1,1.48,35,26,+9,+0.49,+1.42,24.0,23.3,+0.7,+0.04,+0.58,0,15,1,0,0,65,7,38.9
,Phillipe Gabriel,,,,,,,,,,,,,,,,,,,,,,,,,,,,,,,,,,,,,,,,,,,,,,,,,,,,,,,,,,,,,,,,,,,,,,,,,,,,,,,,,,,,,,,,,,,,,,,,,,,,,,,,,,,,,,,,,,,,,,,,,,0,0,,1,,,,,,,,,,,,,,,,,,,
515,Pierre,br BRA,MF,Fortaleza,23-210,2002,2,1,72,0.8,0,0,0,0,0,0,1,0,0.0,0.0,0.0,0.0,0,8,0,0.00,0.00,0.00,0.00,0.00,0.00,0.01,0.01,0.00,0.01,Matches,0,0,,0.00,0.00,,,,0,,0.0,0.0,58,63,92.1,901,263,25,26,96.2,26,27,96.3,2,3,66.7,0.0,0.0,1,9,0,0,62,1,0,0,0,0,0,0,0,0,0,1,2,2.50,2,0,0,0,0,1,1.25,1,0,0,0,0,1,1,0,1,0,0,0.0,1,2,1,2,2,1,72,1,0,0,0.0,0,0.0,44,0,1,0,51,36,3.1,61,0,1,11,5,1.50,2,0,+2,+2.50,+3.17,0.6,0.2,+0.4,+0.45,+0.75,0,2,0,0,0,6,0,0.0
79,Rafael Bilu,br BRA,"FW,MF",Juventude,26-170,1999,5,2,155,1.7,1,0,1,1,0,0,0,0,0.4,0.4,0.2,0.6,7,6,12,0.58,0.00,0.58,0.58,0.58,0.21,0.14,0.35,0.21,0.35,Matches,5,2,40.0,2.90,1.16,0.20,0.50,19.9,0,0.07,+0.6,+0.6,44,58,75.9,663,180,26,27,96.3,14,20,70.0,2,5,40.0,0.2,-0.2,4,2,1,1,53,5,0,0,7,1,2,2,0,0,0,2,9,5.23,4,2,1,1,0,2,1.16,1,0,1,0,0,2,1,0,1,1,2,66.7,1,2,0,2,4,0,84,1,5,4,33.3,4,33.3,53,2,5,4,60,31,6.6,45,0,3,22,4,0.40,2,3,-1,-0.58,+0.49,2.2,1.6,+0.7,+0.38,+1.34,0,4,0,0,0,9,1,25.0
88,Rafael Borré,co COL,FW,Internacional,30-023,1995,20,13,1128,12.5,4,1,5,3,1,1,2,1,5.5,4.5,0.9,5.4,13,10,71,0.32,0.08,0.40,0.24,0.32,0.44,0.07,0.51,0.36,0.43,Matches,27,8,29.6,2.15,0.64,0.11,0.38,13.3,0,0.17,-1.5,-1.5,193,254,76.0,2708,366,111,136,81.6,60,73,82.2,10,18,55.6,1.0,+0.1,9,10,0,0,233,21,1,1,9,3,0,0,0,0,0,11,25,1.99,18,0,3,2,1,4,0.32,2,0,2,0,0,20,13,3,6,11,4,25.0,12,8,3,23,7,0,377,10,53,8,44.4,9,50.0,223,8,25,22,272,56,48.2,76,4,7,21,0,1.35,11,13,-2,-0.16,+0.14,18.2,10.7,+7.6,+0.60,+0.34,0,29,0,0,0,27,22,34.4
,Rafael Coutinho,,,,,,,,,,,,,,,,,,,,,,,,,,,,,,,,,,,,,,,,,,,,,,,,,,,,,,,,,,,,,,,,,,,,,,,,,,,,,,,,,,,,,,,,,,,,,,,,,,,,,,,,,,,,,,,,,,,,,,,,,,0,0,,2,,,,,,,,,,,,,,,,,,,
,Rafael Pinna,,,,,,,,,,,,,,,,,,,,,,,,,,,,,,,,,,,,,,,,,,,,,,,,,,,,,,,,,,,,,,,,,,,,,,,,,,,,,,,,,,,,,,,,,,,,,,,,,,,,,,,,,,,,,,,,,,,,,,,,,,0,0,,2,,,,,,,,,,,,,,,,,,,
518,Rafael Pires,br BRA,GK,São Paulo,36-107,1989,25,25,2250,25.0,0,0,0,0,0,0,2,0,0.0,0.0,0.0,0.0,0,0,0,0.00,0.00,0.00,0.00,0.00,0.00,0.00,0.00,0.00,0.00,Matches,0,0,,0.00,0.00,,,,0,,0.0,0.0,403,597,67.5,10003,6392,97,98,99.0,184,186,98.9,110,298,36.9,0.0,0.0,0,3,0,0,381,214,0,0,0,0,0,0,0,0,2,1,1,0.04,0,1,0,0,0,0,0.00,0,0,0,0,0,1,1,1,0,0,1,33.3,2,1,0,1,11,2,651,603,0,1,100.0,0,0.0,323,0,0,1,261,90,92.6,90,25,0,,1,1.48,29,25,+4,+0.16,+0.66,33.0,25.4,+7.5,+0.30,+0.33,0,0,0,0,0,18,4,100.0
542,Rafael Ramos,pt POR,DF,Ceará,30-272,1995,14,5,551,6.1,0,0,0,0,0,0,2,0,0.1,0.1,0.4,0.6,14,27,22,0.00,0.00,0.00,0.00,0.00,0.02,0.07,0.09,0.02,0.09,Matches,5,1,20.0,0.82,0.16,0.00,0.00,24.7,0,0.02,-0.1,-0.1,203,284,71.5,3434,1805,94,107,87.9,84,118,71.2,19,37,51.4,0.5,-0.4,7,18,7,3,223,58,0,0,17,52,0,0,0,0,3,6,13,2.12,11,2,0,0,0,0,0.00,0,0,0,0,0,26,15,18,6,2,19,79.2,5,7,8,34,25,0,374,15,4,4,57.1,3,42.9,168,2,8,2,184,39,23.5,85,4,9,14,11,1.21,3,6,-3,-0.49,-0.74,8.3,7.2,+1.1,+0.18,+0.30,0,16,0,0,0,23,8,42.1
660,Rafael Thyere,br BRA,DF,Sport Recife,32-144,1993,13,13,1125,12.5,0,0,0,0,0,0,0,0,0.5,0.5,0.0,0.6,6,31,3,0.00,0.00,0.00,0.00,0.00,0.04,0.00,0.04,0.04,0.04,Matches,6,3,50.0,0.48,0.24,0.00,0.00,12.5,0,0.09,-0.5,-0.5,443,519,85.4,8299,3187,158,167,94.6,245,268,91.4,38,71,53.5,0.1,0.0,1,37,0,0,495,23,0,2,1,1,0,0,0,0,1,6,2,0.16,2,0,0,0,0,0,0.00,0,0,0,0,0,12,9,5,7,0,5,45.5,6,2,16,28,73,0,652,104,8,0,,0,,374,0,5,0,420,87,50.0,87,12,0,,3,1.00,12,17,-5,-0.40,+0.72,15.4,19.7,-4.3,-0.35,+0.29,0,7,0,0,0,27,22,55.0
664,Rafael Tolói,it ITA,DF,São Paulo,34-363,1990,3,3,210,2.3,0,0,0,0,0,0,0,0,0.0,0.0,0.0,0.0,0,4,0,0.00,0.00,0.00,0.00,0.00,0.00,0.00,0.00,0.00,0.00,Matches,0,0,,0.00,0.00,,,,0,,0.0,0.0,99,115,86.1,2005,631,24,28,85.7,67,69,97.1,8,16,50.0,0.0,0.0,0,6,0,0,112,2,0,0,0,0,0,0,0,0,1,2,0,0.00,0,0,0,0,0,0,0.00,0,0,0,0,0,10,4,4,4,2,5,71.4,2,1,5,15,15,0,147,17,0,0,,0,,86,0,2,1,92,70,8.6,70,2,0,,0,1.00,1,1,0,0.00,-0.12,2.0,2.2,-0.1,-0.06,-0.36,0,2,0,0,0,12,3,50.0
,Rafinha,,,,,,,,,,,,,,,,,,,,,,,,,,,,,,,,,,,,,,,,,,,,,,,,,,,,,,,,,,,,,,,,,,,,,,,,,,,,,,,,,,,,,,,,,,,,,,,,,,,,,,,,,,,,,,,,,,,,,,,,,,0,0,,1,,,,,,,,,,,,,,,,,,,
537,Ramon,br BRA,DF,Vitória,24-209,2001,8,8,720,8.0,0,0,0,0,0,0,2,0,0.2,0.2,0.2,0.4,13,28,45,0.00,0.00,0.00,0.00,0.00,0.02,0.03,0.05,0.02,0.05,Matches,5,0,0.0,0.62,0.00,0.00,,17.0,0,0.04,-0.2,-0.2,249,337,73.9,4083,1642,129,150,86.0,97,118,82.2,19,48,39.6,0.4,-0.2,5,21,9,6,271,64,0,0,26,57,2,0,2,0,2,14,12,1.50,9,3,0,0,0,2,0.25,1,1,0,0,0,10,5,6,2,2,7,63.6,4,9,9,19,33,0,432,29,8,5,38.5,7,53.8,186,2,9,1,229,90,29.6,90,8,0,,0,0.88,5,18,-13,-1.62,-1.36,8.2,13.1,-4.9,-0.61,-0.26,0,14,0,1,0,29,10,62.5
538,Ramon,br BRA,DF,Internacional,24-209,2001,5,4,329,3.7,0,0,0,0,0,0,1,0,0.1,0.1,0.1,0.3,8,13,16,0.00,0.00,0.00,0.00,0.00,0.04,0.04,0.08,0.04,0.08,Matches,5,0,0.0,0.62,0.00,0.00,,17.0,0,0.04,-0.2,-0.2,249,337,73.9,4083,1642,129,150,86.0,97,118,82.2,19,48,39.6,0.4,-0.2,5,21,9,6,271,64,0,0,26,57,2,0,2,0,2,14,12,1.50,9,3,0,0,0,2,0.25,1,1,0,0,0,10,5,6,2,2,7,63.6,4,9,9,19,33,0,432,29,8,5,38.5,7,53.8,186,2,9,1,229,90,29.6,90,8,0,,0,0.88,5,18,-13,-1.62,-1.36,8.2,13.1,-4.9,-0.61,-0.26,0,14,0,1,0,29,10,62.5
436,Ramon Menezes Roma,br BRA,DF,Sport Recife,30-158,1995,13,13,1145,12.7,1,0,1,1,0,0,2,0,0.9,0.9,0.1,1.0,2,23,2,0.08,0.00,0.08,0.08,0.08,0.07,0.01,0.08,0.07,0.08,Matches,9,4,44.4,0.71,0.31,0.11,0.25,10.4,0,0.10,+0.1,+0.1,456,521,87.5,9278,3335,124,136,91.2,273,295,92.5,57,81,70.4,0.2,-0.1,3,16,1,0,507,12,0,1,0,1,0,0,0,0,2,3,11,0.86,7,0,0,0,0,1,0.08,1,0,0,0,0,10,8,9,1,0,6,66.7,3,2,14,24,86,1,667,113,20,0,,0,,387,0,3,2,440,,,,0,0,,10,,,,,,,,,,,,0,10,0,0,0,28,32,68.1
642,Ramón Sosa,py PAR,"FW,MF",Palmeiras,26-038,1999,13,2,412,4.6,2,2,4,2,0,0,0,0,1.6,1.6,0.7,2.3,17,25,54,0.44,0.44,0.87,0.44,0.87,0.35,0.15,0.50,0.35,0.50,Matches,15,4,26.7,3.28,0.87,0.13,0.50,15.5,0,0.11,+0.4,+0.4,140,189,74.1,2113,611,78,87,89.7,52,67,77.6,6,21,28.6,0.8,+1.3,6,13,9,4,171,18,0,0,26,5,5,4,1,0,0,8,20,4.39,9,2,2,4,0,5,1.10,4,0,0,1,0,3,1,0,2,1,1,14.3,6,1,1,4,7,0,263,5,21,7,28.0,18,72.0,158,6,17,7,181,32,18.3,65,0,11,26,1,2.31,10,6,+4,+0.87,+0.04,8.2,4.3,+3.9,+0.86,+0.27,0,4,1,0,0,18,12,63.2
543,Raniele,br BRA,"MF,DF",Corinthians,28-281,1996,22,19,1520,16.9,0,1,1,0,0,0,5,0,1.0,1.0,1.5,2.5,10,53,21,0.00,0.06,0.06,0.00,0.06,0.06,0.09,0.15,0.06,0.15,Matches,10,4,40.0,0.59,0.24,0.00,0.00,13.2,0,0.10,-1.0,-1.0,508,617,82.3,9729,3111,179,219,81.7,274,296,92.6,47,74,63.5,0.8,-0.5,11,41,5,1,586,31,4,6,3,1,0,0,0,0,0,12,29,1.72,22,0,3,1,2,3,0.18,3,0,0,0,0,36,28,15,17,4,17,63.0,10,13,23,59,43,5,812,58,19,9,37.5,11,45.8,453,1,25,13,510,69,62.6,76,7,3,28,2,1.18,20,21,-1,-0.06,+0.14,22.5,19.5,+3.0,+0.18,+0.63,0,30,0,0,0,47,26,54.2
673,Raphael Veiga,br BRA,MF,Palmeiras,30-111,1995,14,7,555,6.2,1,1,2,0,1,1,1,0,1.5,0.7,1.0,1.7,6,30,19,0.16,0.16,0.32,0.00,0.16,0.25,0.16,0.40,0.12,0.27,Matches,12,3,25.0,1.95,0.49,0.00,0.00,24.7,1,0.06,-0.5,-0.7,200,256,78.1,3814,1134,88,94,93.6,76,92,82.6,33,64,51.6,1.0,0.0,13,26,5,0,195,61,0,6,37,2,29,7,14,0,0,1,29,4.71,11,13,1,2,0,2,0.32,1,0,0,1,0,8,3,3,3,2,4,57.1,3,5,3,11,9,0,325,7,10,2,22.2,3,33.3,161,1,10,5,205,40,24.7,62,0,7,17,3,2.14,9,9,0,0.00,-1.12,9.2,7.5,+1.7,+0.28,-0.48,0,11,1,0,0,22,1,20.0
,Raul Steffens,,,,,,,,,,,,,,,,,,,,,,,,,,,,,,,,,,,,,,,,,,,,,,,,,,,,,,,,,,,,,,,,,,,,,,,,,,,,,,,,,,,,,,,,,,,,,,,,,,,,,,,,,,,,,,,,,,,,,,,,,,0,0,,12,,,,,,,,,,,,,,,,,,,
692,Rayan Vitor,br BRA,FW,Vasco da Gama,19-066,2006,25,23,2032,22.6,9,1,10,7,2,2,3,0,7.1,5.6,1.4,7.0,57,52,136,0.40,0.04,0.44,0.31,0.35,0.32,0.06,0.38,0.25,0.31,Matches,72,25,34.7,3.19,1.11,0.10,0.28,21.0,2,0.08,+1.9,+1.4,394,506,77.9,5807,1129,220,254,86.6,130,170,76.5,26,37,70.3,1.5,-0.4,19,32,14,5,498,6,1,3,35,1,0,0,0,0,2,13,67,2.97,39,0,6,12,0,9,0.40,4,0,1,1,0,28,14,9,13,6,12,63.2,7,11,12,40,38,0,781,34,88,23,41.8,27,49.1,469,28,36,20,571,81,83.6,86,15,2,29,1,1.08,35,34,+1,+0.04,+0.04,28.4,30.7,-2.3,-0.10,+0.27,0,20,0,0,0,58,37,57.8
546,Raykkonen,br BRA,FW,Internacional,17-087,2008,4,0,91,1.0,0,0,0,0,0,0,0,0,0.0,0.0,0.0,0.0,0,1,1,0.00,0.00,0.00,0.00,0.00,0.00,0.00,0.00,0.00,0.00,Matches,0,0,,0.00,0.00,,,,0,,0.0,0.0,9,16,56.3,136,24,4,6,66.7,5,6,83.3,0,0,,0.0,0.0,0,0,0,0,16,0,0,0,0,0,0,0,0,0,0,1,0,0.00,0,0,0,0,0,0,0.00,0,0,0,0,0,1,1,0,0,1,0,,0,0,0,1,2,0,31,3,0,2,66.7,1,33.3,13,0,6,2,17,23,3.9,,0,4,23,8,0.50,2,0,+2,+1.98,+2.30,0.6,0.5,+0.1,+0.09,-0.35,0,1,0,0,0,2,3,16.7
102,Raúl Cáceres,py PAR,DF,Vitória,34-020,1991,13,13,1082,12.0,1,1,2,1,0,0,5,0,0.7,0.7,0.4,1.0,17,35,54,0.08,0.08,0.17,0.08,0.17,0.06,0.03,0.09,0.06,0.09,Matches,9,4,44.4,0.75,0.33,0.11,0.25,18.7,0,0.08,+0.3,+0.3,367,494,74.3,6457,2824,172,195,88.2,146,189,77.2,40,81,49.4,0.6,+0.6,7,31,9,6,387,106,0,1,39,89,3,1,1,0,1,12,23,1.91,16,2,1,2,0,1,0.08,1,0,0,0,0,20,12,15,3,2,12,48.0,13,7,7,27,67,0,630,63,13,4,30.8,8,61.5,288,1,9,3,344,83,44.5,83,8,0,,6,1.08,13,17,-4,-0.33,+0.60,13.8,18.1,-4.3,-0.36,+0.13,0,17,0,1,0,32,18,56.3
547,Reginaldo,br BRA,DF,Juventude,32-228,1993,16,12,1050,11.7,0,2,2,0,0,0,1,0,0.1,0.1,0.5,0.6,21,21,65,0.00,0.17,0.17,0.00,0.17,0.01,0.05,0.05,0.01,0.05,Matches,4,1,25.0,0.34,0.09,0.00,0.00,22.2,0,0.02,-0.1,-0.1,369,469,78.7,6242,2035,180,207,87.0,152,188,80.9,30,46,65.2,0.6,+1.5,11,24,14,11,373,96,0,0,53,83,4,0,2,0,0,16,19,1.63,15,1,0,1,0,2,0.17,2,0,0,0,0,10,7,5,5,0,4,57.1,3,5,9,19,31,0,567,35,5,2,18.2,6,54.5,280,1,12,3,339,66,44.9,80,7,4,24,10,1.25,10,22,-12,-1.03,+0.02,8.8,21.2,-12.4,-1.06,-0.35,0,6,0,0,0,34,3,27.3
548,Reinaldo,br BRA,DF,Mirassol,36-010,1989,25,24,2171,24.1,9,3,12,5,4,5,5,0,6.4,2.4,6.2,8.6,42,121,89,0.37,0.12,0.50,0.21,0.33,0.26,0.26,0.52,0.10,0.36,Matches,41,14,34.1,1.70,0.58,0.12,0.36,25.7,5,0.06,+2.6,+2.6,958,1354,70.8,18365,9506,388,453,85.7,406,533,76.2,142,292,48.6,4.2,-3.2,42,94,22,15,987,362,1,24,147,247,64,16,35,1,5,37,83,3.44,45,28,6,0,1,9,0.37,5,3,0,0,0,34,26,16,11,7,17,45.9,20,17,12,46,85,2,1645,84,36,26,44.1,27,45.8,772,6,28,15,900,87,92.8,90,24,1,11,0,1.60,38,25,+13,+0.54,+0.01,36.8,29.4,+7.4,+0.31,+0.81,0,22,0,2,0,95,7,30.4
549,Reinier,br BRA,"MF,FW",Atlético Mineiro,23-262,2002,7,3,273,3.0,0,0,0,0,0,0,1,0,0.3,0.3,0.0,0.3,2,22,24,0.00,0.00,0.00,0.00,0.00,0.09,0.01,0.09,0.09,0.09,Matches,5,1,20.0,1.65,0.33,0.00,0.00,14.6,0,0.05,-0.3,-0.3,118,148,79.7,1614,404,72,82,87.8,34,46,73.9,6,9,66.7,0.1,0.0,1,17,2,0,142,5,0,2,2,3,0,0,0,0,1,0,7,2.31,5,1,0,0,0,0,0.00,0,0,0,0,0,9,3,4,4,1,4,66.7,2,3,1,10,2,0,181,1,12,0,0.0,1,100.0,123,1,7,5,144,39,12.1,60,0,4,24,1,0.29,1,6,-5,-1.65,-1.56,1.7,3.1,-1.4,-0.45,-0.55,0,4,0,0,0,10,4,50.0
48,Renato Augusto,br BRA,"MF,FW",Fluminense,37-242,1988,2,0,20,0.2,0,0,0,0,0,0,0,0,0.0,0.0,0.0,0.0,0,0,3,0.00,0.00,0.00,0.00,0.00,0.00,0.00,0.00,0.00,0.00,Matches,0,0,,0.00,0.00,,,,0,,0.0,0.0,3,3,100.0,53,0,2,2,100.0,1,1,100.0,0,0,,0.0,0.0,0,0,0,0,3,0,0,0,0,0,0,0,0,0,0,0,0,0.00,0,0,0,0,0,0,0.00,0,0,0,0,0,0,0,0,0,0,0,,0,0,0,0,0,0,4,0,0,0,,0,,4,0,0,1,4,10,0.9,,0,2,10,1,0.50,1,1,0,0.00,-0.08,0.5,0.8,-0.3,-1.33,-1.44,0,0,0,0,0,1,1,100.0
344,Renato Kayser,br BRA,FW,Vitória,29-233,1996,20,19,1567,17.4,7,0,7,7,0,0,2,0,5.9,5.9,1.0,6.9,11,27,64,0.40,0.00,0.40,0.40,0.40,0.34,0.05,0.40,0.34,0.40,Matches,34,14,41.2,1.95,0.80,0.21,0.50,14.3,0,0.17,+1.1,+1.1,192,263,73.0,3039,613,98,122,80.3,77,97,79.4,10,17,58.8,0.8,-1.0,10,15,7,0,219,40,2,1,5,2,0,0,0,0,4,6,27,1.55,12,1,2,6,0,2,0.11,1,0,0,1,0,11,5,0,6,5,3,30.0,7,11,4,15,20,0,456,17,56,7,33.3,12,57.1,255,5,47,22,294,78,64.5,80,6,1,45,0,0.95,16,24,-8,-0.46,+0.58,20.0,24.6,-4.7,-0.27,+0.45,0,29,0,0,0,42,24,30.0
,Renato Marques,,,,,,,,,,,,,,,,,,,,,,,,,,,,,,,,,,,,,,,,,,,,,,,,,,,,,,,,,,,,,,,,,,,,,,,,,,,,,,,,,,,,,,,,,,,,,,,,,,,,,,,,,,,,,,,,,,,,,,,,,,0,0,,2,,,,,,,,,,,,,,,,,,,
,Renzo,,,,,,,,,,,,,,,,,,,,,,,,,,,,,,,,,,,,,,,,,,,,,,,,,,,,,,,,,,,,,,,,,,,,,,,,,,,,,,,,,,,,,,,,,,,,,,,,,,,,,,,,,,,,,,,,,,,,,,,,,,0,0,,3,,,,,,,,,,,,,,,,,,,
370,Renzo López,uy URU,FW,Vitória,31-175,1994,12,0,190,2.1,1,0,1,1,0,0,3,0,1.2,1.2,0.4,1.6,0,5,5,0.47,0.00,0.47,0.47,0.47,0.57,0.17,0.74,0.57,0.74,Matches,9,5,55.6,4.26,2.37,0.11,0.20,12.4,0,0.13,-0.2,-0.2,37,58,63.8,582,120,19,30,63.3,16,21,76.2,2,3,66.7,0.8,-0.4,5,1,1,0,49,8,0,0,0,1,0,0,0,0,1,0,6,2.84,6,0,0,0,0,0,0.00,0,0,0,0,0,5,3,2,3,0,2,50.0,2,3,0,5,1,0,87,2,16,0,,0,,32,0,8,1,59,16,7.8,,0,12,16,0,0.92,1,7,-6,-2.84,-2.36,2.7,5.8,-3.1,-1.47,-1.13,0,9,0,0,0,8,27,50.9
614,Renzo Saravia,ar ARG,DF,Atlético Mineiro,32-114,1993,8,2,237,2.6,0,0,0,0,0,0,1,0,0.1,0.1,0.0,0.1,5,7,9,0.00,0.00,0.00,0.00,0.00,0.04,0.01,0.04,0.04,0.04,Matches,4,0,0.0,1.52,0.00,0.00,,26.0,0,0.02,-0.1,-0.1,109,127,85.8,1834,487,54,54,100.0,46,54,85.2,8,14,57.1,0.0,0.0,1,8,0,0,113,14,0,1,5,12,0,0,0,0,0,4,7,2.66,2,1,0,1,2,0,0.00,0,0,0,0,0,8,8,4,3,1,3,30.0,7,1,1,9,7,0,156,9,2,2,33.3,4,66.7,96,1,4,2,104,30,10.5,62,0,6,19,9,1.38,5,5,0,0.00,+0.31,4.3,3.6,+0.8,+0.29,+0.28,0,11,0,0,0,11,1,16.7
552,Renê,br BRA,DF,Fluminense,33-024,1992,16,15,1358,15.1,1,0,1,1,0,0,0,0,0.2,0.2,1.1,1.3,32,64,39,0.07,0.00,0.07,0.07,0.07,0.01,0.07,0.08,0.01,0.08,Matches,6,1,16.7,0.40,0.07,0.17,1.00,22.1,0,0.03,+0.8,+0.8,745,944,78.9,11995,4546,390,423,92.2,276,355,77.7,59,103,57.3,1.6,-1.1,16,47,16,5,760,179,3,7,40,126,10,5,3,0,5,23,35,2.32,27,6,0,1,0,2,0.13,0,2,0,0,0,30,20,20,9,1,13,48.1,14,17,22,52,50,1,1095,49,15,6,60.0,4,40.0,522,1,15,7,635,85,60.4,89,14,1,16,5,1.75,22,14,+8,+0.53,+1.14,14.5,12.5,+2.0,+0.14,+0.11,0,13,0,0,0,71,25,61.0
553,Rezende,br BRA,"MF,DF",Bahia,30-279,1995,9,4,471,5.2,0,0,0,0,0,0,0,0,0.0,0.0,0.1,0.1,5,20,1,0.00,0.00,0.00,0.00,0.00,0.00,0.01,0.01,0.00,0.01,Matches,1,0,0.0,0.19,0.00,0.00,,34.6,0,0.01,0.0,0.0,224,248,90.3,3842,968,93,102,91.2,111,120,92.5,13,16,81.3,0.2,-0.1,1,19,2,0,237,11,1,0,0,0,0,0,0,0,0,3,6,1.15,5,0,0,1,0,0,0.00,0,0,0,0,0,6,3,2,4,0,3,42.9,4,2,7,13,16,0,299,23,1,1,33.3,1,33.3,167,0,6,2,210,52,20.1,90,4,5,22,10,1.11,4,9,-5,-0.96,-1.39,3.2,7.6,-4.4,-0.84,-0.96,0,9,0,0,0,17,10,66.7
,Rhyan,,,,,,,,,,,,,,,,,,,,,,,,,,,,,,,,,,,,,,,,,,,,,,,,,,,,,,,,,,,,,,,,,,,,,,,,,,,,,,,,,,,,,,,,,,,,,,,,,,,,,,,,,,,,,,,,,,,,,,,,,,0,0,,2,,,,,,,,,,,,,,,,,,,
556,Ricardo,br BRA,MF,Vitória,31-223,1994,16,11,846,9.4,0,0,0,0,0,0,3,0,1.0,1.0,0.4,1.4,3,37,12,0.00,0.00,0.00,0.00,0.00,0.11,0.04,0.15,0.11,0.15,Matches,7,4,57.1,0.74,0.43,0.00,0.00,25.4,0,0.15,-1.0,-1.0,316,383,82.5,6394,1729,111,134,82.8,152,168,90.5,49,67,73.1,0.3,-0.4,4,35,2,1,365,18,0,6,4,1,0,0,0,0,0,11,12,1.28,10,0,1,0,0,0,0.00,0,0,0,0,0,16,10,7,5,4,8,66.7,4,6,9,25,20,1,487,33,3,5,50.0,4,40.0,261,0,10,4,294,53,34.8,68,2,5,20,8,0.81,7,16,-9,-0.96,-0.45,9.5,12.2,-2.7,-0.29,+0.21,0,29,0,0,0,44,12,50.0
423,Ricardo Mathias,br BRA,FW,Internacional,19-075,2006,14,6,512,5.7,3,0,3,3,0,0,1,0,3.9,3.9,0.3,4.2,3,7,19,0.53,0.00,0.53,0.53,0.53,0.69,0.05,0.74,0.69,0.74,Matches,16,7,43.8,2.81,1.23,0.19,0.43,11.8,0,0.25,-0.9,-0.9,51,85,60.0,715,182,30,41,73.2,16,30,53.3,2,3,66.7,0.2,-0.3,3,5,0,0,67,18,0,0,4,1,0,0,0,0,0,4,6,1.05,4,0,1,1,0,1,0.18,0,0,1,0,0,3,2,1,1,1,1,100.0,0,2,0,3,6,0,145,7,22,3,37.5,4,50.0,75,1,16,3,105,37,21.9,57,0,8,21,1,0.93,11,13,-2,-0.35,-0.15,12.5,8.5,+4.0,+0.70,+0.35,0,11,0,0,0,9,19,38.8
558,Richard,br BRA,MF,Internacional,31-232,1994,4,3,243,2.7,0,0,0,0,0,0,0,0,0.0,0.0,0.0,0.0,0,9,1,0.00,0.00,0.00,0.00,0.00,0.00,0.00,0.00,0.00,0.00,Matches,0,0,,0.00,0.00,,,,0,,0.0,0.0,130,143,90.9,1916,390,68,73,93.2,52,58,89.7,5,5,100.0,0.0,0.0,0,16,0,0,138,5,0,0,0,0,0,0,0,0,0,1,0,0.00,0,0,0,0,0,0,0.00,0,0,0,0,0,3,2,1,2,0,1,50.0,1,4,5,8,5,0,171,7,2,1,33.3,1,33.3,101,0,4,2,125,,0.0,,0,0,,8,0.00,1,2,-1,,,,,,,,0,5,0,0,0,6,5,71.4
563,Richard Ríos,co COL,MF,Palmeiras,25-128,2000,10,10,733,8.1,0,2,2,0,0,0,4,0,0.6,0.6,0.7,1.3,13,34,24,0.00,0.25,0.25,0.00,0.25,0.07,0.09,0.16,0.07,0.16,Matches,12,2,16.7,1.47,0.25,0.00,0.00,25.3,4,0.05,-0.6,-0.6,275,338,81.4,5263,1155,114,125,91.2,113,129,87.6,42,63,66.7,0.8,+1.3,9,29,6,1,303,33,1,5,26,1,4,3,1,0,2,12,25,3.07,15,5,1,3,0,5,0.61,3,1,1,0,0,14,7,6,5,3,7,36.8,12,15,8,22,6,0,453,13,16,8,34.8,11,47.8,232,3,22,8,279,73,32.6,73,2,0,,0,2.00,7,5,+2,+0.25,-0.88,7.3,5.8,+1.5,+0.18,-0.68,0,23,0,0,0,51,7,43.8
559,Richardson,br BRA,MF,Ceará,34-052,1991,11,9,645,7.2,0,0,0,0,0,0,3,0,0.0,0.0,0.2,0.2,5,20,2,0.00,0.00,0.00,0.00,0.00,0.01,0.02,0.03,0.01,0.03,Matches,2,1,50.0,0.28,0.14,0.00,0.00,21.2,0,0.02,0.0,0.0,215,255,84.3,4195,932,76,86,88.4,111,128,86.7,27,36,75.0,0.2,-0.2,3,21,0,0,236,19,0,3,1,0,0,0,0,0,0,0,5,0.70,5,0,0,0,0,0,0.00,0,0,0,0,0,13,8,6,7,0,6,46.2,7,2,4,17,7,0,297,12,3,0,0.0,2,100.0,173,0,7,0,191,59,27.6,69,1,2,10,3,1.64,7,6,+1,+0.14,+0.09,5.8,8.7,-2.9,-0.40,-0.49,0,9,0,0,0,18,6,50.0
564,Riquelme,br BRA,"FW,MF",Fluminense,18-209,2007,4,0,69,0.8,0,0,0,0,0,0,0,0,0.0,0.0,0.1,0.1,5,3,10,0.00,0.00,0.00,0.00,0.00,0.04,0.14,0.19,0.04,0.19,Matches,2,0,0.0,2.61,0.00,0.00,,28.1,0,0.02,0.0,0.0,24,34,70.6,374,89,15,19,78.9,8,12,66.7,1,2,50.0,0.2,-0.1,1,1,2,1,32,2,0,0,3,1,1,0,0,0,0,1,3,3.91,3,0,0,0,0,0,0.00,0,0,0,0,0,7,4,1,3,3,5,71.4,2,0,0,7,0,0,56,2,6,5,55.6,4,44.4,38,2,4,4,41,17,3.1,,0,4,17,5,1.75,1,1,0,0.00,-0.08,0.5,0.3,+0.2,+0.22,+0.13,0,1,0,0,0,4,0,0.0
213,Riquelme Fillipi,br BRA,FW,Palmeiras,19-023,2006,1,0,9,0.1,0,0,0,0,0,0,0,0,0.0,0.0,0.0,0.0,2,1,1,0.00,0.00,0.00,0.00,0.00,0.30,0.00,0.30,0.30,0.30,Matches,1,0,0.0,10.00,0.00,0.00,,17.1,0,0.03,0.0,0.0,2,2,100.0,32,16,1,1,100.0,1,1,100.0,0,0,,0.0,0.0,0,1,0,0,2,0,0,0,0,0,0,0,0,0,0,0,1,10.00,0,0,0,0,0,0,0.00,0,0,0,0,0,0,0,0,0,0,0,,0,0,0,0,2,0,8,0,1,0,,0,,4,1,1,1,3,9,0.4,,0,1,9,2,3.00,0,0,0,0.00,-0.84,0.1,0.3,-0.3,-2.68,-3.33,0,0,0,0,0,2,0,0.0
222,Riquelme Freitas,br BRA,"FW,MF",Grêmio,19-056,2006,10,4,388,4.3,0,0,0,0,0,0,0,0,0.3,0.3,0.8,1.1,3,14,14,0.00,0.00,0.00,0.00,0.00,0.07,0.19,0.25,0.07,0.25,Matches,2,1,50.0,0.46,0.23,0.00,0.00,19.7,0,0.14,-0.3,-0.3,150,177,84.7,2174,630,87,98,88.8,51,54,94.4,6,16,37.5,0.6,-0.8,5,14,4,1,166,11,1,0,8,3,3,0,3,0,0,1,12,2.79,8,2,0,0,1,1,0.23,1,0,0,0,0,6,4,2,4,0,5,45.5,6,8,1,7,2,0,226,2,3,11,50.0,9,40.9,151,0,13,6,169,39,16.0,71,0,6,18,1,1.30,4,5,-1,-0.23,-0.06,5.7,5.2,+0.5,+0.12,+0.77,0,3,0,0,0,23,4,28.6
,Robert,,,,,,,,,,,,,,,,,,,,,,,,,,,,,,,,,,,,,,,,,,,,,,,,,,,,,,,,,,,,,,,,,,,,,,,,,,,,,,,,,,,,,,,,,,,,,,,,,,,,,,,,,,,,,,,,,,,,,,,,,,0,0,,13,,,,,,,,,,,,,,,,,,,
36,Robert Arboleda,ec ECU,DF,São Paulo,33-351,1991,16,15,1369,15.2,3,0,3,3,0,0,3,0,1.5,1.5,0.0,1.5,1,14,1,0.20,0.00,0.20,0.20,0.20,0.10,0.00,0.10,0.10,0.10,Matches,12,4,33.3,0.79,0.26,0.25,0.75,9.7,0,0.13,+1.5,+1.5,684,757,90.4,13410,4155,210,219,95.9,408,428,95.3,62,99,62.6,0.1,0.0,0,24,0,0,730,26,0,2,1,1,0,0,0,0,1,2,1,0.07,1,0,0,0,0,0,0.00,0,0,0,0,0,25,17,18,7,0,13,76.5,4,11,13,38,102,0,950,185,18,0,,0,,526,0,5,1,631,86,56.3,90,15,1,19,2,1.38,18,20,-2,-0.13,-0.56,20.3,17.4,+2.9,+0.19,-0.20,0,11,0,0,0,50,39,68.4
550,Robert Renan,br BRA,DF,Vasco da Gama,21-362,2003,5,5,396,4.4,0,0,0,0,0,0,1,0,0.0,0.0,0.1,0.2,9,30,2,0.00,0.00,0.00,0.00,0.00,0.00,0.03,0.04,0.00,0.04,Matches,1,0,0.0,0.23,0.00,0.00,,34.5,0,0.02,0.0,0.0,247,286,86.4,4718,2179,97,102,95.1,118,129,91.5,29,49,59.2,0.2,-0.1,2,25,3,1,281,4,0,5,5,0,0,0,0,0,1,1,3,0.68,2,1,0,0,0,0,0.00,0,0,0,0,0,5,4,3,2,0,3,100.0,0,1,6,11,22,0,330,39,1,0,0.0,1,100.0,232,0,3,2,259,79,16.3,79,4,0,,1,1.60,9,9,0,0.00,-0.04,6.1,7.4,-1.3,-0.30,-0.18,0,7,0,0,0,15,6,66.7
337,Robinho Junior,br BRA,"MF,FW",Santos,17-295,2007,5,0,78,0.9,0,0,0,0,0,0,0,0,0.4,0.4,0.3,0.7,2,1,10,0.00,0.00,0.00,0.00,0.00,0.49,0.37,0.86,0.49,0.86,Matches,4,0,0.0,4.62,0.00,0.00,,17.9,0,0.11,-0.4,-0.4,30,36,83.3,478,152,16,16,100.0,11,14,78.6,2,4,50.0,0.1,-0.3,4,0,0,0,30,6,0,0,5,1,4,1,3,0,0,0,7,8.08,5,2,0,0,0,0,0.00,0,0,0,0,0,3,2,1,1,1,1,33.3,2,0,0,3,1,0,49,2,6,1,33.3,1,33.3,28,0,2,1,31,16,3.3,,0,5,16,9,1.00,4,1,+3,+3.46,+4.10,3.7,0.5,+3.1,+3.62,+3.85,0,1,0,0,0,4,0,0.0
571,Rodrigo,br BRA,MF,São Paulo,21-206,2004,17,7,659,7.3,0,0,0,0,0,0,5,0,1.2,1.2,0.5,1.7,24,28,54,0.00,0.00,0.00,0.00,0.00,0.16,0.07,0.24,0.16,0.24,Matches,22,5,22.7,3.00,0.68,0.00,0.00,21.9,2,0.05,-1.2,-1.2,282,347,81.3,4224,974,156,181,86.2,95,114,83.3,19,32,59.4,0.9,-0.5,13,23,9,2,325,21,0,2,24,5,11,9,1,0,1,5,33,4.51,19,6,3,3,0,3,0.41,3,0,0,0,0,15,10,2,9,4,6,35.3,11,8,4,19,6,0,450,6,20,21,65.6,11,34.4,289,3,17,17,325,39,27.1,66,2,10,20,5,1.47,7,9,-2,-0.27,-0.53,8.6,6.4,+2.2,+0.30,+0.03,0,16,0,0,0,25,4,36.4
44,Rodrigo Atencio,ar ARG,"MF,FW",Sport Recife,23-100,2002,15,2,407,4.5,0,0,0,0,0,0,1,0,0.9,0.9,0.6,1.5,13,31,39,0.00,0.00,0.00,0.00,0.00,0.19,0.13,0.32,0.19,0.32,Matches,13,2,15.4,2.87,0.44,0.00,0.00,23.5,1,0.07,-0.9,-0.9,184,236,78.0,3385,853,91,106,85.8,61,74,82.4,27,43,62.8,1.1,-0.6,12,23,3,0,209,24,0,8,22,3,17,7,6,0,3,4,29,6.41,17,5,4,0,0,0,0.00,0,0,0,0,0,9,4,5,2,2,5,41.7,7,2,3,12,2,1,299,3,11,11,57.9,8,42.1,188,5,19,7,203,27,18.1,60,0,13,22,5,0.67,4,5,-1,-0.22,+0.66,5.1,6.4,-1.3,-0.29,+0.24,0,3,0,0,0,26,1,14.3
183,Rodrigo Ely,br BRA,DF,Grêmio,31-339,1993,2,1,40,0.4,0,0,0,0,0,0,0,0,0.0,0.0,0.0,0.0,0,0,0,0.00,0.00,0.00,0.00,0.00,0.00,0.00,0.00,0.00,0.00,Matches,0,0,,0.00,0.00,,,,0,,0.0,0.0,9,14,64.3,221,81,1,2,50.0,6,7,85.7,2,4,50.0,0.0,0.0,0,1,0,0,13,0,0,0,0,0,0,0,0,0,1,0,0,0.00,0,0,0,0,0,0,0.00,0,0,0,0,0,1,1,1,0,0,0,,0,0,1,2,0,0,17,0,0,0,,0,,10,0,0,0,10,20,1.6,26,0,1,14,1,1.50,0,1,-1,-2.25,-2.10,0.1,1.4,-1.3,-2.95,-2.46,0,1,0,0,0,1,2,50.0
240,Rodrigo Garro,ar ARG,MF,Corinthians,27-277,1998,11,8,820,9.1,0,1,1,0,0,0,3,0,0.8,0.8,2.2,3.0,9,65,57,0.00,0.11,0.11,0.00,0.11,0.09,0.24,0.33,0.09,0.33,Matches,14,5,35.7,1.54,0.55,0.00,0.00,25.1,3,0.06,-0.8,-0.8,350,511,68.5,6553,1998,153,186,82.3,145,193,75.1,47,108,43.5,2.4,-1.2,24,52,21,1,409,96,8,6,70,4,39,22,16,0,6,8,41,4.50,21,9,1,7,0,4,0.44,1,1,0,1,0,7,6,1,3,3,2,13.3,13,4,3,10,0,0,597,1,11,11,47.8,11,47.8,334,2,25,11,436,75,33.7,88,6,3,39,1,1.00,9,11,-2,-0.22,-0.16,12.1,12.6,-0.5,-0.06,0.00,0,15,0,0,0,32,1,14.3
467,Rodrigo Nestor,br BRA,MF,Bahia,25-060,2000,14,4,474,5.3,3,0,3,3,0,0,3,0,0.7,0.7,0.6,1.2,7,24,24,0.57,0.00,0.57,0.57,0.57,0.13,0.11,0.23,0.13,0.23,Matches,12,5,41.7,2.28,0.95,0.25,0.60,24.9,6,0.06,+2.3,+2.3,238,286,83.2,3656,804,124,134,92.5,88,99,88.9,14,34,41.2,0.4,-0.6,7,21,5,1,254,29,1,4,21,2,8,7,1,0,3,3,18,3.42,15,1,1,0,0,1,0.19,0,0,0,0,0,14,10,4,9,1,6,54.5,5,5,2,16,4,0,348,5,7,2,18.2,5,45.5,173,3,8,3,224,34,20.3,68,0,10,20,8,1.14,5,7,-2,-0.38,-0.67,4.6,7.2,-2.6,-0.49,-0.53,0,9,0,0,0,28,2,40.0
604,Rodrigo Sam,br BRA,DF,Juventude,30-076,1995,8,6,557,6.2,0,0,0,0,0,0,2,0,0.2,0.2,0.0,0.3,2,13,1,0.00,0.00,0.00,0.00,0.00,0.03,0.01,0.04,0.03,0.04,Matches,2,1,50.0,0.32,0.16,0.00,0.00,10.2,0,0.11,-0.2,-0.2,275,309,89.0,5328,1796,73,84,86.9,171,184,92.9,22,32,68.8,0.1,0.0,2,5,2,0,298,11,0,3,0,1,0,0,0,0,0,0,9,1.45,8,0,0,1,0,1,0.16,1,0,0,0,0,11,9,10,1,0,2,33.3,4,0,6,17,41,0,375,56,5,0,,0,,207,0,0,2,238,70,23.8,90,6,2,9,2,0.38,3,14,-11,-1.78,-0.97,3.8,10.6,-6.8,-1.10,-0.30,0,13,1,0,0,18,25,73.5
613,Rodrigo Santos,br BRA,"MF,FW",Fortaleza,25-020,2000,4,0,88,1.0,0,0,0,0,0,0,0,0,0.1,0.1,0.1,0.1,1,3,3,0.00,0.00,0.00,0.00,0.00,0.07,0.06,0.13,0.07,0.13,Matches,2,1,50.0,2.05,1.02,0.00,0.00,19.8,0,0.03,-0.1,-0.1,32,39,82.1,518,216,19,23,82.6,10,11,90.9,3,4,75.0,0.0,-0.1,1,3,0,0,37,2,0,0,0,0,0,0,0,0,0,1,1,1.01,1,0,0,0,0,0,0.00,0,0,0,0,0,4,3,2,1,1,1,33.3,2,2,0,4,5,0,53,5,1,1,100.0,0,0.0,31,0,2,2,36,22,3.8,,0,4,22,4,1.50,1,2,-1,-1.02,-0.46,1.6,1.1,+0.5,+0.49,+0.80,0,2,0,0,0,3,2,66.7
577,Rodriguinho,br BRA,FW,Cruzeiro,22-125,2003,1,0,15,0.2,0,0,0,0,0,0,0,0,0.0,0.0,0.0,0.0,0,1,1,0.00,0.00,0.00,0.00,0.00,0.00,0.00,0.00,0.00,0.00,Matches,0,0,,0.00,0.00,,,,0,,0.0,0.0,6,6,100.0,131,51,3,3,100.0,1,1,100.0,2,2,100.0,0.1,0.0,0,1,0,0,5,1,0,0,1,0,1,0,1,0,0,0,0,0.00,0,0,0,0,0,0,0.00,0,0,0,0,0,0,0,0,0,0,0,0.0,1,0,0,0,0,0,8,0,1,1,50.0,0,0.0,8,0,2,1,8,15,0.6,,0,1,15,9,0.00,0,1,-1,-6.00,-6.78,0.1,0.4,-0.3,-2.00,-2.43,0,2,0,0,0,0,0,
578,Rodriguinho,br BRA,"FW,MF",Ceará,22-125,2003,3,0,15,0.2,0,0,0,0,0,0,0,1,0.1,0.1,0.1,0.1,2,0,1,0.00,0.00,0.00,0.00,0.00,0.31,0.48,0.80,0.31,0.80,Matches,0,0,,0.00,0.00,,,,0,,0.0,0.0,6,6,100.0,131,51,3,3,100.0,1,1,100.0,2,2,100.0,0.1,0.0,0,1,0,0,5,1,0,0,1,0,1,0,1,0,0,0,0,0.00,0,0,0,0,0,0,0.00,0,0,0,0,0,0,0,0,0,0,0,0.0,1,0,0,0,0,0,8,0,1,1,50.0,0,0.0,8,0,2,1,8,15,0.6,,0,1,15,9,0.00,0,1,-1,-6.00,-6.78,0.1,0.4,-0.3,-2.00,-2.43,0,2,0,0,0,0,0,
,Roger,,,,,,,,,,,,,,,,,,,,,,,,,,,,,,,,,,,,,,,,,,,,,,,,,,,,,,,,,,,,,,,,,,,,,,,,,,,,,,,,,,,,,,,,,,,,,,,,,,,,,,,,,,,,,,,,,,,,,,,,,,0,0,,1,,,,,,,,,,,,,,,,,,,
582,Romarinho,br BRA,"MF,FW",Vitória,34-300,1990,5,1,124,1.4,0,0,0,0,0,0,0,0,0.3,0.3,0.1,0.4,3,5,12,0.00,0.00,0.00,0.00,0.00,0.18,0.08,0.27,0.18,0.27,Matches,3,1,33.3,2.18,0.73,0.00,0.00,13.0,0,0.08,-0.3,-0.3,48,60,80.0,722,161,29,34,85.3,16,19,84.2,2,3,66.7,0.1,-0.1,3,4,2,1,57,3,0,0,2,0,1,1,0,0,0,1,6,4.35,6,0,0,0,0,0,0.00,0,0,0,0,0,1,0,0,0,1,0,0.0,1,1,1,2,1,0,74,2,7,4,66.7,2,33.3,43,0,0,2,60,25,5.1,70,0,4,14,2,0.00,0,3,-3,-2.18,-1.59,1.1,3.0,-1.9,-1.39,-1.02,0,0,0,0,0,4,4,50.0
583,Romarinho,br BRA,"FW,MF",Sport Recife,31-221,1994,14,1,273,3.0,2,0,2,2,0,0,0,0,0.8,0.8,0.4,1.3,15,24,44,0.66,0.00,0.66,0.66,0.66,0.28,0.13,0.41,0.28,0.41,Matches,3,1,33.3,2.18,0.73,0.00,0.00,13.0,0,0.08,-0.3,-0.3,48,60,80.0,722,161,29,34,85.3,16,19,84.2,2,3,66.7,0.1,-0.1,3,4,2,1,57,3,0,0,2,0,1,1,0,0,0,1,6,4.35,6,0,0,0,0,0,0.00,0,0,0,0,0,1,0,0,0,1,0,0.0,1,1,1,2,1,0,74,2,7,4,66.7,2,33.3,43,0,0,2,60,25,5.1,70,0,4,14,2,0.00,0,3,-3,-2.18,-1.59,1.1,3.0,-1.9,-1.39,-1.02,0,0,0,0,0,4,4,50.0
587,Romulo,br BRA,"MF,FW",Ceará,24-001,2001,9,0,133,1.5,0,0,0,0,0,0,0,0,0.2,0.2,0.6,0.8,4,16,13,0.00,0.00,0.00,0.00,0.00,0.13,0.39,0.52,0.13,0.52,Matches,3,3,100.0,2.03,2.03,0.00,0.00,25.4,0,0.06,-0.2,-0.2,52,75,69.3,1091,304,14,19,73.7,28,36,77.8,8,16,50.0,0.2,-0.6,7,6,2,0,61,14,0,1,9,1,9,2,5,0,0,3,13,8.80,8,3,0,0,0,0,0.00,0,0,0,0,0,2,2,0,1,1,0,0.0,2,2,0,2,3,0,94,1,2,1,25.0,2,50.0,43,1,6,2,55,15,5.7,,0,9,15,6,1.22,0,4,-4,-2.71,-2.95,2.1,2.8,-0.7,-0.47,-0.44,0,6,0,0,0,10,1,12.5
589,Ronald,br BRA,MF,Vitória,28-112,1997,23,18,1513,16.8,0,2,2,0,0,0,4,0,0.3,0.3,1.9,2.2,27,78,47,0.00,0.12,0.12,0.00,0.12,0.02,0.11,0.13,0.02,0.13,Matches,11,6,54.5,0.65,0.36,0.00,0.00,29.3,0,0.03,-0.3,-0.3,545,646,84.4,9540,2530,240,265,90.6,231,264,87.5,59,80,73.8,1.7,+0.1,28,66,12,2,597,47,2,8,31,7,17,3,8,0,2,16,50,2.98,38,9,1,1,1,3,0.18,2,0,0,1,0,36,25,15,14,7,18,62.1,11,12,11,47,10,0,821,16,12,21,55.3,15,39.5,459,4,45,22,504,66,62.3,77,7,5,27,2,1.00,16,26,-10,-0.59,+0.19,18.9,25.5,-6.7,-0.40,+0.08,0,26,0,0,0,105,6,35.3
590,Ronald,br BRA,"DF,MF",Grêmio,22-239,2003,6,1,233,2.6,0,0,0,0,0,0,0,0,0.0,0.0,0.0,0.0,1,9,1,0.00,0.00,0.00,0.00,0.00,0.00,0.00,0.00,0.00,0.00,Matches,11,6,54.5,0.65,0.36,0.00,0.00,29.3,0,0.03,-0.3,-0.3,545,646,84.4,9540,2530,240,265,90.6,231,264,87.5,59,80,73.8,1.7,+0.1,28,66,12,2,597,47,2,8,31,7,17,3,8,0,2,16,50,2.98,38,9,1,1,1,3,0.18,2,0,0,1,0,36,25,15,14,7,18,62.1,11,12,11,47,10,0,821,16,12,21,55.3,15,39.5,459,4,45,22,504,66,62.3,77,7,5,27,2,1.00,16,26,-10,-0.59,+0.19,18.9,25.5,-6.7,-0.40,+0.08,0,26,0,0,0,105,6,35.3
591,Ronaldo,br BRA,GK,Bahia,29-047,1996,16,16,1368,15.2,0,1,1,0,0,0,0,0,0.0,0.0,0.1,0.1,0,0,0,0.00,0.07,0.07,0.00,0.07,0.00,0.01,0.01,0.00,0.01,Matches,0,0,,0.00,0.00,,,,0,,0.0,0.0,370,510,72.5,8758,5423,64,64,100.0,206,212,97.2,84,218,38.5,0.0,+0.9,1,1,0,0,384,126,0,0,0,0,0,0,0,0,0,0,1,0.07,1,0,0,0,0,1,0.07,1,0,0,0,0,0,0,0,0,0,0,0.0,1,0,0,0,13,2,552,474,0,0,,0,,290,0,1,0,282,86,58.5,86,15,0,,5,1.31,21,21,0,0.00,-0.37,16.5,18.4,-2.0,-0.13,-0.13,0,1,0,1,1,18,8,88.9
592,Ronaldo,br BRA,MF,Internacional,28-350,1996,13,6,728,8.1,0,0,0,0,0,0,3,1,0.5,0.5,0.0,0.6,4,31,1,0.00,0.00,0.00,0.00,0.00,0.06,0.01,0.07,0.06,0.07,Matches,0,0,,0.00,0.00,,,,0,,0.0,0.0,370,510,72.5,8758,5423,64,64,100.0,206,212,97.2,84,218,38.5,0.0,+0.9,1,1,0,0,384,126,0,0,0,0,0,0,0,0,0,0,1,0.07,1,0,0,0,0,1,0.07,1,0,0,0,0,0,0,0,0,0,0,0.0,1,0,0,0,13,2,552,474,0,0,,0,,290,0,1,0,282,86,58.5,86,15,0,,5,1.31,21,21,0,0.00,-0.37,16.5,18.4,-2.0,-0.13,-0.13,0,1,0,1,1,18,8,88.9
594,Rony,br BRA,FW,Atlético Mineiro,30-150,1995,24,21,1781,19.8,3,1,4,3,0,0,3,0,5.8,5.8,1.3,7.1,27,25,140,0.15,0.05,0.20,0.15,0.20,0.29,0.06,0.36,0.29,0.36,Matches,55,20,36.4,2.78,1.01,0.05,0.15,17.8,0,0.11,-2.8,-2.8,256,360,71.1,3850,745,147,181,81.2,81,111,73.0,16,33,48.5,1.4,-0.3,14,18,8,2,331,28,1,4,36,11,1,0,0,0,1,14,38,1.92,23,0,2,6,0,6,0.30,3,0,0,3,0,17,11,4,5,8,5,45.5,6,13,9,26,14,0,570,14,63,7,26.9,15,57.7,320,9,42,17,390,74,79.2,82,9,3,21,0,1.21,15,19,-4,-0.20,+0.37,20.0,20.3,-0.3,-0.01,-0.26,0,40,1,0,0,53,28,35.4
599,Ruan,br BRA,DF,São Paulo,26-123,1999,5,4,361,4.0,0,0,0,0,0,0,1,0,0.0,0.0,0.0,0.0,0,6,0,0.00,0.00,0.00,0.00,0.00,0.00,0.00,0.00,0.00,0.00,Matches,0,0,,0.00,0.00,,,,0,,0.0,0.0,108,121,89.3,2163,775,32,33,97.0,62,64,96.9,14,22,63.6,0.0,0.0,0,3,0,0,119,2,0,0,0,0,0,0,0,0,0,1,2,0.50,2,0,0,0,0,0,0.00,0,0,0,0,0,4,4,4,0,0,3,100.0,0,1,7,11,41,1,181,41,1,1,100.0,0,0.0,86,0,1,0,92,,,,0,0,,3,,,,,,,,,,,,0,5,0,0,0,9,14,58.3
119,Ruan Carneiro,br BRA,GK,Juventude,35-194,1990,2,2,180,2.0,0,0,0,0,0,0,0,0,0.0,0.0,0.0,0.0,0,0,0,0.00,0.00,0.00,0.00,0.00,0.00,0.00,0.00,0.00,0.00,Matches,0,0,,0.00,0.00,,,,0,,0.0,0.0,45,64,70.3,1198,566,1,1,100.0,33,33,100.0,11,29,37.9,0.0,0.0,0,0,0,0,42,21,0,0,0,0,0,0,0,0,1,0,0,0.00,0,0,0,0,0,0,0.00,0,0,0,0,0,0,0,0,0,0,0,,0,0,0,0,0,0,68,65,0,0,,0,,31,0,0,0,31,90,7.7,90,2,0,,11,1.50,3,4,-1,-0.50,+0.58,3.5,3.4,+0.1,+0.06,+1.01,0,0,0,0,0,1,1,100.0
488,Ruan Pablo,br BRA,FW,Bahia,17-077,2008,1,0,9,0.1,0,0,0,0,0,0,0,0,0.4,0.4,0.0,0.4,1,1,3,0.00,0.00,0.00,0.00,0.00,3.53,0.00,3.53,3.53,3.53,Matches,2,1,50.0,20.00,10.00,0.00,0.00,7.0,0,0.18,-0.4,-0.4,7,8,87.5,100,37,4,4,100.0,3,4,75.0,0,0,,0.0,0.0,0,0,0,0,8,0,0,0,1,0,0,0,0,0,0,0,0,0.00,0,0,0,0,0,0,0.00,0,0,0,0,0,0,0,0,0,0,0,,0,0,0,0,0,0,10,0,2,0,,0,,7,0,0,1,9,9,0.4,,0,1,9,4,3.00,1,0,+1,+10.00,+9.88,1.1,0.5,+0.6,+6.49,+6.59,0,0,0,0,0,1,1,100.0
572,Ruben Rodrigues,pt POR,MF,Vitória,29-067,1996,4,0,26,0.3,0,0,0,0,0,0,0,0,0.1,0.1,0.0,0.1,0,3,2,0.00,0.00,0.00,0.00,0.00,0.32,0.00,0.32,0.32,0.32,Matches,1,0,0.0,3.46,0.00,0.00,,17.1,0,0.09,-0.1,-0.1,13,21,61.9,204,55,8,12,66.7,4,6,66.7,1,1,100.0,0.0,0.0,0,1,0,0,21,0,0,0,0,0,0,0,0,0,0,2,1,3.46,1,0,0,0,0,0,0.00,0,0,0,0,0,2,2,0,2,0,1,50.0,1,0,0,2,1,0,28,1,2,1,50.0,1,50.0,16,0,2,0,17,7,1.1,,0,4,7,5,0.75,0,2,-2,-6.92,-6.32,0.3,2.7,-2.4,-8.17,-7.83,0,0,0,0,0,5,0,
600,Rubens,br BRA,"MF,DF",Atlético Mineiro,24-109,2001,13,11,1033,11.5,1,0,1,1,0,0,2,0,1.5,1.5,0.3,1.8,13,48,39,0.09,0.00,0.09,0.09,0.09,0.13,0.03,0.16,0.13,0.16,Matches,17,5,29.4,1.48,0.44,0.06,0.20,21.0,0,0.09,-0.5,-0.5,417,504,82.7,6982,1770,201,222,90.5,178,202,88.1,33,65,50.8,0.6,-0.3,8,40,5,1,456,48,1,3,18,37,0,0,0,0,0,8,28,2.44,20,0,3,1,2,2,0.17,0,0,1,0,0,38,30,17,16,5,13,65.0,7,13,29,67,41,1,662,32,13,8,47.1,7,41.2,337,2,10,5,378,79,45.9,88,9,2,32,0,1.54,12,10,+2,+0.17,+0.84,13.1,10.4,+2.7,+0.23,+0.36,0,17,0,0,0,47,10,50.0
359,Rubén Lezcano,py PAR,"MF,FW",Fluminense,21-241,2004,4,0,57,0.6,0,0,0,0,0,0,0,0,0.1,0.1,0.1,0.2,2,6,3,0.00,0.00,0.00,0.00,0.00,0.12,0.21,0.33,0.12,0.33,Matches,2,0,0.0,3.16,0.00,0.00,,22.7,0,0.04,-0.1,-0.1,32,37,86.5,567,143,15,19,78.9,15,15,100.0,2,2,100.0,0.2,-0.1,3,2,4,0,36,1,0,0,1,0,1,0,1,0,0,1,3,4.74,2,1,0,0,0,0,0.00,0,0,0,0,0,1,0,0,0,1,1,100.0,0,1,0,1,0,0,48,0,3,0,0.0,3,75.0,33,1,1,2,38,14,2.5,,0,4,14,14,2.25,2,0,+2,+3.16,+3.16,1.0,0.6,+0.4,+0.56,+0.48,0,0,0,0,0,4,0,0.0
602,Rwan,br BRA,FW,Botafogo (RJ),24-141,2001,5,2,176,2.0,0,0,0,0,0,0,0,0,0.3,0.3,0.3,0.6,3,5,10,0.00,0.00,0.00,0.00,0.00,0.14,0.17,0.32,0.14,0.32,Matches,3,0,0.0,1.53,0.00,0.00,,19.7,0,0.09,-0.3,-0.3,23,36,63.9,293,57,14,22,63.6,7,9,77.8,0,1,0.0,0.3,-0.3,2,3,0,0,34,2,1,0,2,1,0,0,0,0,0,1,4,2.05,3,0,1,0,0,0,0.00,0,0,0,0,0,4,2,1,2,1,1,50.0,1,2,1,5,0,0,58,0,7,2,66.7,1,33.3,37,1,9,2,47,35,7.2,63,0,3,17,5,2.00,1,0,+1,+0.51,-0.01,1.8,2.9,-1.1,-0.58,-0.92,0,1,0,0,0,4,1,14.3
216,Ryan Francisco,br BRA,"FW,MF",São Paulo,18-321,2006,8,2,205,2.3,2,0,2,2,0,0,0,0,0.5,0.5,0.2,0.8,3,2,9,0.88,0.00,0.88,0.88,0.88,0.23,0.10,0.33,0.23,0.33,Matches,4,2,50.0,1.76,0.88,0.50,1.00,19.7,0,0.13,+1.5,+1.5,19,29,65.5,290,56,10,13,76.9,7,8,87.5,1,3,33.3,0.2,-0.2,3,0,2,0,22,6,0,1,1,0,0,0,0,0,1,1,5,2.20,4,0,1,0,0,2,0.88,1,0,1,0,0,0,0,0,0,0,0,0.0,3,1,0,0,0,0,41,0,4,3,50.0,2,33.3,28,0,2,3,34,26,8.4,75,1,6,9,5,0.50,3,5,-2,-0.88,-1.08,3.0,4.1,-1.1,-0.49,-0.84,0,4,0,0,0,2,0,0.0
264,Ryan Guilherme,br BRA,MF,Cruzeiro,22-305,2002,1,0,12,0.1,0,0,0,0,0,0,0,0,0.0,0.0,0.1,0.1,0,2,0,0.00,0.00,0.00,0.00,0.00,0.00,0.51,0.51,0.00,0.51,Matches,0,0,,0.00,0.00,,,,0,,0.0,0.0,11,14,78.6,142,44,7,8,87.5,4,5,80.0,0,0,,0.0,-0.1,2,0,0,0,14,0,0,0,0,0,0,0,0,0,0,0,2,15.00,2,0,0,0,0,0,0.00,0,0,0,0,0,2,2,1,1,0,1,50.0,1,0,2,4,0,0,18,0,0,1,100.0,0,0.0,12,0,0,1,11,12,0.5,,0,1,12,2,1.00,0,0,0,0.00,-0.74,0.6,0.4,+0.2,+1.76,+1.35,0,0,0,0,0,3,0,0.0
270,Ryan Gustavo,br BRA,MF,Corinthians,22-085,2003,14,5,491,5.5,0,0,0,0,0,0,1,0,0.1,0.1,0.1,0.2,4,23,6,0.00,0.00,0.00,0.00,0.00,0.01,0.02,0.03,0.01,0.03,Matches,1,0,0.0,0.18,0.00,0.00,,17.6,0,0.07,-0.1,-0.1,194,213,91.1,3234,803,77,86,89.5,106,112,94.6,8,11,72.7,0.1,-0.1,5,17,1,0,200,12,0,0,2,2,0,0,0,0,1,0,7,1.28,4,0,0,1,2,0,0.00,0,0,0,0,0,19,11,5,12,2,7,41.2,10,7,9,28,3,0,279,6,2,3,30.0,5,50.0,152,0,10,4,172,35,20.2,78,3,9,11,7,1.50,6,5,+1,+0.18,+0.37,5.2,6.2,-1.0,-0.19,-0.16,0,11,0,0,0,35,3,75.0
588,Rômulo,br BRA,"DF,MF",Atlético Mineiro,21-250,2004,3,2,209,2.3,0,0,0,0,0,0,1,0,0.0,0.0,0.0,0.0,0,6,0,0.00,0.00,0.00,0.00,0.00,0.00,0.00,0.00,0.00,0.00,Matches,0,0,,0.00,0.00,,,,0,,0.0,0.0,76,89,85.4,1401,375,25,29,86.2,44,48,91.7,6,11,54.5,0.0,0.0,1,8,0,0,88,1,0,1,1,0,0,0,0,0,0,1,1,0.43,1,0,0,0,0,0,0.00,0,0,0,0,0,5,4,4,1,0,1,50.0,1,0,6,11,14,1,118,18,0,0,,0,,62,0,1,1,73,70,9.3,75,1,1,59,9,1.33,3,4,-1,-0.43,-0.17,1.9,3.5,-1.6,-0.70,-0.82,0,5,0,0,0,4,7,70.0
365,Samuel Lino,br BRA,"FW,MF",Flamengo,25-289,1999,10,9,713,7.9,2,4,6,2,0,0,0,0,2.1,2.1,1.6,3.7,50,31,92,0.25,0.50,0.76,0.25,0.76,0.26,0.20,0.46,0.26,0.46,Matches,24,5,20.8,3.03,0.63,0.08,0.40,16.9,0,0.09,-0.1,-0.1,284,358,79.3,4120,1018,161,186,86.6,98,117,83.8,12,20,60.0,1.2,+2.4,11,16,12,4,344,13,0,2,23,7,4,1,0,0,1,16,44,5.55,32,3,4,3,0,9,1.14,8,0,1,0,0,17,10,9,7,1,6,31.6,13,13,1,18,6,0,466,4,50,21,58.3,15,41.7,306,25,17,12,362,71,30.5,75,3,1,34,0,1.90,16,5,+11,+1.39,-0.05,12.6,8.1,+4.4,+0.56,-0.20,0,10,0,0,0,28,4,57.1
712,Samuel Xavier,br BRA,DF,Fluminense,35-124,1990,17,14,1332,14.8,3,1,4,3,0,0,3,0,0.5,0.5,0.8,1.3,34,82,54,0.20,0.07,0.27,0.20,0.27,0.04,0.05,0.09,0.04,0.09,Matches,14,4,28.6,0.95,0.27,0.21,0.75,22.6,0,0.04,+2.5,+2.5,807,944,85.5,12450,4358,473,499,94.8,273,327,83.5,49,89,55.1,1.8,+0.2,8,71,18,4,799,143,1,5,32,114,4,1,2,0,2,12,34,2.30,27,3,0,2,0,2,0.14,2,0,0,0,0,21,15,12,6,3,14,63.6,8,14,6,27,44,1,1084,40,17,5,41.7,6,50.0,630,4,9,7,730,78,59.2,88,10,3,36,3,1.76,20,18,+2,+0.14,+0.14,17.8,14.4,+3.4,+0.23,+0.34,0,17,0,0,0,49,3,12.5
541,Santi Ramos Mingo,ar ARG,DF,Bahia,23-321,2001,24,24,2123,23.6,0,0,0,0,0,0,4,0,0.6,0.6,0.4,0.9,25,87,2,0.00,0.00,0.00,0.00,0.00,0.02,0.01,0.04,0.02,0.04,Matches,10,0,0.0,0.42,0.00,0.00,,10.0,0,0.06,-0.6,-0.6,1131,1283,88.2,19769,7913,450,477,94.3,589,632,93.2,74,130,56.9,0.3,-0.4,4,106,3,1,1235,47,0,4,3,4,0,0,0,0,1,14,12,0.51,9,0,0,0,0,0,0.00,0,0,0,0,0,22,14,13,8,1,13,68.4,6,9,17,39,117,2,1509,172,14,6,66.7,2,22.2,866,0,6,4,1088,88,90.7,88,23,0,,0,1.54,29,30,-1,-0.04,-2.12,28.3,32.2,-3.9,-0.17,-0.98,0,24,0,0,0,52,55,55.6
40,Santiago Arias,co COL,DF,Bahia,33-268,1992,13,7,744,8.3,0,0,0,0,0,0,3,0,0.3,0.3,0.3,0.5,12,32,38,0.00,0.00,0.00,0.00,0.00,0.03,0.03,0.06,0.03,0.06,Matches,5,2,40.0,0.60,0.24,0.00,0.00,25.2,0,0.05,-0.3,-0.3,459,546,84.1,7110,2653,236,259,91.1,200,227,88.1,15,31,48.4,0.6,-0.3,5,34,7,5,480,66,0,0,26,56,0,0,0,0,0,13,15,1.81,13,0,0,1,0,1,0.12,1,0,0,0,0,13,9,7,6,0,9,60.0,6,3,12,25,26,1,619,28,7,1,20.0,1,20.0,326,2,1,4,403,57,31.8,87,6,6,22,7,1.31,10,14,-4,-0.48,-0.93,7.4,13.3,-5.9,-0.72,-0.94,0,9,0,1,0,40,4,33.3
447,Santiago Moreno,co COL,FW,Fluminense,25-170,2000,4,2,136,1.5,0,0,0,0,0,0,1,0,0.0,0.0,0.1,0.1,2,5,13,0.00,0.00,0.00,0.00,0.00,0.00,0.08,0.08,0.00,0.08,Matches,0,0,,0.00,0.00,,,,0,,0.0,0.0,60,77,77.9,945,291,35,41,85.4,19,22,86.4,4,5,80.0,0.2,-0.1,3,2,1,0,66,11,0,1,7,5,6,0,5,0,0,3,8,5.29,4,3,0,1,0,0,0.00,0,0,0,0,0,2,0,1,1,0,0,0.0,1,4,2,4,2,0,105,2,5,0,0.0,4,100.0,50,2,8,2,66,34,6.0,64,0,2,4,1,1.00,0,0,0,0.00,-0.09,0.9,0.8,+0.1,+0.10,0.00,0,5,0,0,0,8,2,40.0
576,Santiago Rodríguez,uy URU,"FW,MF",Botafogo (RJ),25-273,2000,18,8,809,9.0,2,3,5,2,0,0,4,0,0.9,0.9,2.5,3.4,15,39,68,0.22,0.33,0.56,0.22,0.56,0.10,0.28,0.38,0.10,0.38,Matches,18,7,38.9,2.00,0.78,0.11,0.29,20.3,1,0.05,+1.1,+1.1,289,378,76.5,4292,1243,169,194,87.1,93,118,78.8,16,36,44.4,1.3,+0.5,21,27,14,3,355,22,8,3,30,3,12,4,6,0,1,7,39,4.33,29,3,1,1,2,5,0.56,3,0,0,0,1,19,15,6,12,1,9,40.9,13,12,12,31,8,0,519,2,25,16,41.0,17,43.6,314,3,24,15,371,45,33.3,78,1,10,19,4,1.78,15,11,+4,+0.44,-0.11,13.0,8.6,+4.4,+0.49,+0.32,0,16,0,0,0,33,10,45.5
473,Saúl Ñíguez,es ESP,MF,Flamengo,30-321,1994,8,7,654,7.3,0,1,1,0,0,0,1,0,0.4,0.4,0.6,1.0,3,39,8,0.00,0.14,0.14,0.00,0.14,0.06,0.08,0.14,0.06,0.14,Matches,11,1,9.1,1.51,0.14,0.00,0.00,24.0,0,0.04,-0.4,-0.4,406,445,91.2,6456,1686,203,213,95.3,171,181,94.5,22,34,64.7,0.9,+0.4,10,42,9,4,438,7,1,3,5,0,0,0,0,0,0,5,18,2.48,18,0,0,0,0,2,0.28,2,0,0,0,0,14,9,9,5,0,7,41.2,10,10,12,26,11,0,518,13,3,2,100.0,0,0.0,283,0,4,8,371,82,27.9,87,6,1,45,1,2.00,16,5,+11,+1.51,+0.13,11.7,7.1,+4.6,+0.63,-0.09,0,16,0,0,0,35,5,33.3
,Serafim,,,,,,,,,,,,,,,,,,,,,,,,,,,,,,,,,,,,,,,,,,,,,,,,,,,,,,,,,,,,,,,,,,,,,,,,,,,,,,,,,,,,,,,,,,,,,,,,,,,,,,,,,,,,,,,,,,,,,,,,,,0,0,,4,,,,,,,,,,,,,,,,,,,
492,Sergio Palacios,co COL,DF,RB Bragantino,20-236,2005,2,1,71,0.8,0,0,0,0,0,0,2,0,0.0,0.0,0.0,0.0,0,1,0,0.00,0.00,0.00,0.00,0.00,0.00,0.00,0.00,0.00,0.00,Matches,0,0,,0.00,0.00,,,,0,,0.0,0.0,33,38,86.8,712,344,8,9,88.9,22,24,91.7,3,5,60.0,0.0,0.0,0,0,0,0,36,2,0,0,0,0,0,0,0,0,0,0,0,0.00,0,0,0,0,0,0,0.00,0,0,0,0,0,1,0,1,0,0,0,0.0,1,0,0,1,3,0,44,9,0,0,,0,,25,0,1,0,32,36,2.9,45,0,1,26,5,1.50,1,2,-1,-1.27,-1.11,0.4,1.5,-1.1,-1.39,-1.37,0,3,0,0,0,1,0,0.0
570,Sergio Rochet,uy URU,GK,Internacional,32-199,1993,11,11,945,10.5,0,0,0,0,0,0,0,0,0.0,0.0,0.0,0.0,0,0,0,0.00,0.00,0.00,0.00,0.00,0.00,0.00,0.00,0.00,0.00,Matches,0,0,,0.00,0.00,,,,0,,0.0,0.0,202,292,69.2,5401,4094,45,45,100.0,99,101,98.0,57,141,40.4,0.0,0.0,0,1,0,0,203,85,0,1,0,0,0,0,0,0,4,0,0,0.00,0,0,0,0,0,0,0.00,0,0,0,0,0,0,0,0,0,0,0,,0,0,0,0,1,1,306,277,0,0,,0,,179,0,0,0,125,86,40.4,86,10,0,,1,1.55,16,15,+1,+0.10,+0.55,18.8,11.2,+7.6,+0.72,+0.49,0,0,0,0,0,9,1,100.0
626,Shaylon,br BRA,MF,Mirassol,28-164,1997,4,1,147,1.6,0,0,0,0,0,0,0,0,0.1,0.1,0.2,0.3,4,11,6,0.00,0.00,0.00,0.00,0.00,0.06,0.11,0.17,0.06,0.17,Matches,3,1,33.3,1.84,0.61,0.00,0.00,22.7,0,0.03,-0.1,-0.1,67,78,85.9,1172,238,32,33,97.0,29,33,87.9,4,9,44.4,0.2,-0.2,3,8,3,1,76,2,0,1,3,0,2,2,0,0,0,1,11,6.73,10,0,1,0,0,0,0.00,0,0,0,0,0,6,2,1,2,3,2,40.0,3,0,1,7,6,0,97,2,2,1,100.0,0,0.0,51,0,0,1,67,37,6.3,67,0,3,27,3,1.75,2,0,+2,+1.22,+0.73,2.6,1.2,+1.4,+0.87,+0.66,0,1,0,0,0,4,0,0.0
,Sidney,,,,,,,,,,,,,,,,,,,,,,,,,,,,,,,,,,,,,,,,,,,,,,,,,,,,,,,,,,,,,,,,,,,,,,,,,,,,,,,,,,,,,,,,,,,,,,,,,,,,,,,,,,,,,,,,,,,,,,,,,,0,0,,2,,,,,,,,,,,,,,,,,,,
645,Souza,br BRA,DF,Santos,19-114,2006,14,11,871,9.7,0,2,2,0,0,0,2,0,0.3,0.3,0.9,1.2,17,31,46,0.00,0.21,0.21,0.00,0.21,0.03,0.09,0.12,0.03,0.12,Matches,8,1,12.5,0.83,0.10,0.00,0.00,17.9,0,0.03,-0.3,-0.3,350,447,78.3,5013,2131,217,249,87.1,116,147,78.9,10,23,43.5,0.7,+1.1,6,20,6,5,362,84,0,0,29,75,0,0,0,0,1,16,10,1.03,8,1,0,0,0,4,0.41,2,1,0,0,0,28,22,19,7,2,17,73.9,6,4,10,38,45,0,581,34,17,14,58.3,9,37.5,279,5,12,9,320,62,37.2,76,6,3,10,5,1.29,13,14,-1,-0.10,+0.63,14.7,15.2,-0.4,-0.04,+0.10,0,15,0,1,0,40,7,58.3
,Stanley Boateng,,,,,,,,,,,,,,,,,,,,,,,,,,,,,,,,,,,,,,,,,,,,,,,,,,,,,,,,,,,,,,,,,,,,,,,,,,,,,,,,,,,,,,,,,,,,,,,,,,,,,,,,,,,,,,,,,,,,,,,,,,0,0,,1,,,,,,,,,,,,,,,,,,,
477,Sérgio Oliveira,pt POR,MF,Sport Recife,33-128,1992,8,7,603,6.7,1,0,1,1,0,0,3,0,0.6,0.6,0.4,0.9,10,41,14,0.15,0.00,0.15,0.15,0.15,0.08,0.06,0.14,0.08,0.14,Matches,14,3,21.4,2.09,0.45,0.07,0.33,25.5,5,0.04,+0.4,+0.4,252,343,73.5,4294,1143,133,148,89.9,80,101,79.2,28,70,40.0,1.0,-0.4,6,35,7,0,313,28,2,10,33,1,19,9,8,0,2,5,18,2.69,11,2,1,2,0,2,0.30,2,0,0,0,0,13,9,3,9,1,7,50.0,7,5,5,18,6,1,413,11,5,8,61.5,4,30.8,205,1,6,10,268,75,26.8,80,4,1,45,2,0.25,4,15,-11,-1.64,-1.20,4.4,11.0,-6.6,-0.99,-0.68,0,12,0,0,0,35,3,42.9
386,Talles Magno,br BRA,"FW,MF",Corinthians,23-104,2002,21,9,869,9.7,1,1,2,1,0,0,2,0,4.1,4.1,0.6,4.7,26,23,83,0.10,0.10,0.21,0.10,0.21,0.42,0.06,0.48,0.42,0.48,Matches,25,6,24.0,2.59,0.62,0.04,0.17,12.9,0,0.16,-3.1,-3.1,228,286,79.7,3110,692,133,155,85.8,76,88,86.4,7,14,50.0,0.5,+0.4,7,15,9,0,267,18,3,1,2,10,0,0,0,0,1,13,26,2.69,15,0,1,4,1,4,0.41,1,0,1,1,1,19,13,9,7,3,11,55.0,9,7,5,24,12,0,442,15,46,11,32.4,18,52.9,264,6,28,17,309,41,35.8,72,1,12,19,4,0.95,6,9,-3,-0.31,-0.31,10.1,11.2,-1.1,-0.12,-0.09,0,20,0,0,0,44,20,52.6
655,Tchê Tchê,br BRA,MF,Vasco da Gama,33-039,1992,19,17,1437,16.0,1,0,1,1,0,0,1,0,0.4,0.4,0.5,0.8,18,85,24,0.06,0.00,0.06,0.06,0.06,0.02,0.03,0.05,0.02,0.05,Matches,12,2,16.7,0.75,0.13,0.08,0.50,22.8,0,0.03,+0.6,+0.6,791,854,92.6,12280,3640,412,428,96.3,299,317,94.3,49,65,75.4,1.0,-0.5,15,101,9,1,829,24,2,7,5,4,0,0,0,0,1,10,45,2.82,37,1,1,4,0,2,0.13,2,0,0,0,0,12,5,2,7,3,8,57.1,6,5,10,22,6,0,968,28,7,17,63.0,5,18.5,698,2,24,17,810,76,59.1,82,8,2,24,0,1.11,24,25,-1,-0.06,-0.24,20.9,20.1,+0.9,+0.05,+0.49,0,15,0,0,0,51,4,30.8
658,Thaciano,br BRA,"FW,MF",Santos,30-149,1995,14,3,393,4.4,1,0,1,1,0,0,0,0,1.0,1.0,0.0,1.0,4,9,18,0.23,0.00,0.23,0.23,0.23,0.22,0.00,0.23,0.22,0.23,Matches,10,2,20.0,2.29,0.46,0.10,0.50,11.3,0,0.10,0.0,0.0,64,84,76.2,1038,197,36,45,80.0,20,25,80.0,7,10,70.0,0.1,0.0,1,4,0,0,77,7,0,0,2,1,0,0,0,0,0,1,9,2.06,4,0,1,0,1,0,0.00,0,0,0,0,0,8,6,0,4,4,3,50.0,3,2,3,11,5,0,133,8,15,3,30.0,4,40.0,60,1,5,1,74,28,16.8,66,1,11,18,9,1.07,4,8,-4,-0.92,-0.50,4.4,6.6,-2.2,-0.50,-0.48,0,2,0,0,0,17,12,50.0
659,Thalys,br BRA,"MF,FW",Palmeiras,20-228,2005,2,1,88,1.0,0,0,0,0,0,0,0,0,0.0,0.0,0.0,0.0,1,2,4,0.00,0.00,0.00,0.00,0.00,0.00,0.01,0.01,0.00,0.01,Matches,0,0,,0.00,0.00,,,,0,,0.0,0.0,14,18,77.8,188,40,8,9,88.9,5,6,83.3,0,0,,0.0,0.0,1,0,0,0,16,2,1,0,0,0,0,0,0,0,0,0,1,1.02,1,0,0,0,0,0,0.00,0,0,0,0,0,1,1,1,0,0,0,,0,0,1,2,1,0,28,1,0,0,0.0,2,100.0,14,1,4,2,19,44,3.9,63,0,1,25,12,2.00,2,1,+1,+1.02,+0.19,1.1,0.7,+0.4,+0.38,-0.27,0,0,0,0,0,4,0,0.0
,Thiago,,,,,,,,,,,,,,,,,,,,,,,,,,,,,,,,,,,,,,,,,,,,,,,,,,,,,,,,,,,,,,,,,,,,,,,,,,,,,,,,,,,,,,,,,,,,,,,,,,,,,,,,,,,,,,,,,,,,,,,,,,0,0,,14,,,,,,,,,,,,,,,,,,,
,Thiago Beltrame,,,,,,,,,,,,,,,,,,,,,,,,,,,,,,,,,,,,,,,,,,,,,,,,,,,,,,,,,,,,,,,,,,,,,,,,,,,,,,,,,,,,,,,,,,,,,,,,,,,,,,,,,,,,,,,,,,,,,,,,,,0,0,,1,,,,,,,,,,,,,,,,,,,
83,Thiago Borbas,uy URU,"FW,MF",RB Bragantino,23-184,2002,14,3,444,4.9,1,1,2,1,0,0,3,0,1.8,1.8,0.8,2.6,2,7,27,0.20,0.20,0.41,0.20,0.41,0.36,0.17,0.52,0.36,0.52,Matches,11,3,27.3,2.23,0.61,0.09,0.33,12.4,0,0.16,-0.8,-0.8,68,106,64.2,935,217,43,57,75.4,19,28,67.9,4,7,57.1,0.1,+0.2,8,5,1,0,99,6,0,0,1,3,0,0,0,0,1,3,14,2.84,8,0,2,1,1,2,0.41,1,0,0,1,0,7,4,3,2,2,5,50.0,5,8,1,8,6,0,163,6,19,4,57.1,3,42.9,74,2,9,10,107,32,18.3,70,1,11,21,10,1.57,8,3,+5,+1.01,+1.47,7.9,4.6,+3.2,+0.66,+0.87,0,13,0,0,0,9,23,53.5
390,Thiago Maia,br BRA,MF,Internacional,28-199,1997,20,14,1173,13.0,1,1,2,1,0,0,1,0,0.7,0.7,0.3,1.0,5,76,22,0.08,0.08,0.15,0.08,0.15,0.05,0.02,0.08,0.05,0.08,Matches,5,1,20.0,0.38,0.08,0.20,1.00,19.5,0,0.14,+0.3,+0.3,693,780,88.8,11075,3522,338,368,91.8,299,328,91.2,39,51,76.5,0.6,+0.7,13,89,5,0,743,34,1,1,3,12,0,0,0,0,3,6,38,2.92,32,0,2,1,2,6,0.46,5,0,1,0,0,21,16,8,10,3,9,47.4,10,16,19,40,27,0,902,23,8,5,62.5,1,12.5,493,0,10,4,591,59,50.1,71,3,6,29,3,1.35,20,14,+6,+0.46,+1.39,20.4,12.8,+7.7,+0.59,+0.32,0,12,0,0,0,77,17,53.1
433,Thiago Mendes,br BRA,"MF,DF",Vasco da Gama,33-207,1992,4,1,133,1.5,0,0,0,0,0,0,1,0,0.0,0.0,0.0,0.0,0,8,0,0.00,0.00,0.00,0.00,0.00,0.00,0.00,0.00,0.00,0.00,Matches,0,0,,0.00,0.00,,,,0,,0.0,0.0,137,139,98.6,2169,613,72,73,98.6,53,54,98.1,8,8,100.0,0.0,0.0,0,10,0,0,137,2,0,2,0,0,0,0,0,0,0,0,1,0.68,1,0,0,0,0,0,0.00,0,0,0,0,0,0,0,0,0,0,0,0.0,1,2,4,4,7,0,153,15,0,0,,0,,121,0,0,0,134,33,5.5,56,0,3,26,2,1.00,2,6,-4,-2.71,-2.90,1.4,2.5,-1.1,-0.74,-0.62,0,3,0,0,0,5,0,0.0
635,Thiago Silva,br BRA,DF,Fluminense,41-016,1984,15,14,1286,14.3,0,0,0,0,0,0,0,0,0.5,0.5,0.2,0.7,6,59,3,0.00,0.00,0.00,0.00,0.00,0.03,0.02,0.05,0.03,0.05,Matches,7,2,28.6,0.49,0.14,0.00,0.00,11.2,0,0.06,-0.5,-0.5,846,922,91.8,16080,6412,301,310,97.1,451,470,96.0,86,129,66.7,0.4,-0.2,6,39,6,1,875,47,0,5,3,6,0,0,0,0,0,3,12,0.84,9,1,0,0,0,1,0.07,0,0,0,0,0,6,4,4,2,0,2,66.7,1,2,13,19,86,1,1050,147,12,2,66.7,1,33.3,649,0,3,0,759,86,57.2,90,13,1,30,0,1.53,16,15,+1,+0.07,-0.02,14.4,12.6,+1.8,+0.13,+0.08,0,8,0,0,0,43,28,63.6
170,Thiago dos Santos,br BRA,MF,Fluminense,36-033,1989,7,2,202,2.2,0,0,0,0,0,0,2,0,0.1,0.1,0.0,0.1,2,7,2,0.00,0.00,0.00,0.00,0.00,0.03,0.01,0.04,0.03,0.04,Matches,1,0,0.0,0.45,0.00,0.00,,9.3,0,0.07,-0.1,-0.1,73,91,80.2,1223,309,38,44,86.4,28,34,82.4,6,8,75.0,0.0,0.0,1,10,0,0,83,8,0,3,0,1,0,0,0,0,0,1,3,1.34,2,0,0,1,0,0,0.00,0,0,0,0,0,9,7,2,7,0,3,33.3,6,1,2,11,3,0,116,2,3,3,100.0,0,0.0,55,0,3,0,62,29,9.0,66,0,5,14,17,2.14,4,3,+1,+0.45,+0.40,2.3,1.9,+0.3,+0.15,+0.06,0,8,0,0,0,11,4,40.0
,Thiaguinho,,,,,,,,,,,,,,,,,,,,,,,,,,,,,,,,,,,,,,,,,,,,,,,,,,,,,,,,,,,,,,,,,,,,,,,,,,,,,,,,,,,,,,,,,,,,,,,,,,,,,,,,,,,,,,,,,,,,,,,,,,0,0,,2,,,,,,,,,,,,,,,,,,,
,Thomazella,,,,,,,,,,,,,,,,,,,,,,,,,,,,,,,,,,,,,,,,,,,,,,,,,,,,,,,,,,,,,,,,,,,,,,,,,,,,,,,,,,,,,,,,,,,,,,,,,,,,,,,,,,,,,,,,,,,,,,,,,,0,0,,10,,,,,,,,,,,,,,,,,,,
661,Tiago,br BRA,"FW,MF",Bahia,20-183,2005,13,1,381,4.2,0,1,1,0,0,0,1,0,0.3,0.3,0.2,0.6,7,3,31,0.00,0.24,0.24,0.00,0.24,0.08,0.05,0.13,0.08,0.13,Matches,5,1,20.0,1.18,0.24,0.00,0.00,16.1,0,0.06,-0.3,-0.3,63,80,78.8,1021,130,34,41,82.9,21,25,84.0,5,5,100.0,0.6,+0.8,3,2,0,0,76,4,0,0,4,2,1,0,0,0,0,4,7,1.65,4,0,1,1,0,3,0.71,1,0,1,1,0,9,7,3,3,3,1,33.3,2,3,0,9,4,0,129,6,14,2,33.3,3,50.0,74,4,12,7,94,29,16.3,56,0,12,27,10,1.77,8,5,+3,+0.71,+0.66,4.8,7.7,-3.0,-0.70,-0.74,0,11,1,0,0,10,9,45.0
693,Tiago Volpi,br BRA,GK,Grêmio,34-293,1990,24,24,2160,24.0,2,0,2,0,2,2,2,0,1.6,0.0,0.0,0.0,0,0,1,0.08,0.00,0.08,0.00,0.00,0.07,0.00,0.07,0.00,0.00,Matches,0,0,,0.00,0.00,,,,0,,+0.4,0.0,476,693,68.7,15840,11442,45,45,100.0,191,193,99.0,238,451,52.8,0.0,0.0,0,13,0,0,468,223,0,0,0,0,0,0,0,0,2,0,2,0.08,1,1,0,0,0,1,0.04,0,1,0,0,0,0,0,0,0,0,0,0.0,1,0,0,0,8,1,751,621,2,1,100.0,0,0.0,407,0,1,0,324,90,88.9,90,24,0,,0,1.21,24,30,-6,-0.25,-0.58,26.6,37.3,-10.8,-0.45,+0.73,0,1,0,1,0,25,7,100.0
640,Tiquinho Soares,br BRA,FW,Santos,34-264,1991,22,12,1117,12.4,2,3,5,0,2,2,3,0,3.6,2.1,1.0,3.1,3,17,36,0.16,0.24,0.40,0.00,0.24,0.29,0.08,0.38,0.17,0.25,Matches,24,6,25.0,1.93,0.48,0.00,0.00,18.8,2,0.09,-1.6,-2.1,178,246,72.4,2688,641,95,132,72.0,56,72,77.8,14,17,82.4,0.4,+2.0,12,18,2,0,214,28,1,1,3,2,0,0,0,0,4,4,28,2.26,18,1,2,6,0,6,0.48,5,0,0,1,0,10,8,0,7,3,4,57.1,3,5,2,12,10,0,373,12,41,8,44.4,7,38.9,185,0,40,10,266,51,47.7,74,3,10,23,4,1.00,16,20,-4,-0.32,+0.34,16.9,15.4,+1.6,+0.13,+0.44,0,27,1,0,0,29,33,49.3
663,Titi,br BRA,DF,Fortaleza,37-210,1988,3,3,269,3.0,0,0,0,0,0,0,2,1,0.0,0.0,0.0,0.0,0,1,0,0.00,0.00,0.00,0.00,0.00,0.00,0.00,0.00,0.00,0.00,Matches,0,0,,0.00,0.00,,,,0,,0.0,0.0,72,93,77.4,1287,416,23,26,88.5,42,48,87.5,5,15,33.3,0.0,0.0,0,0,0,0,89,3,0,0,0,0,0,0,0,0,1,0,0,0.00,0,0,0,0,0,0,0.00,0,0,0,0,0,4,1,2,2,0,2,50.0,2,0,10,14,11,0,125,16,0,0,,0,,75,0,2,0,74,90,11.5,90,2,0,,7,1.67,3,1,+2,+0.67,+1.41,2.5,4.1,-1.5,-0.51,-0.26,1,4,0,0,0,7,5,55.6
523,Tomas Pochettino,ar ARG,"MF,FW",Fortaleza,29-249,1996,16,8,793,8.8,1,2,3,1,0,0,1,0,0.9,0.9,1.7,2.6,39,43,58,0.11,0.23,0.34,0.11,0.34,0.10,0.19,0.29,0.10,0.29,Matches,24,9,37.5,2.72,1.02,0.04,0.11,26.1,2,0.04,+0.1,+0.1,199,341,58.4,3646,1388,91,115,79.1,77,125,61.6,27,75,36.0,1.1,+0.3,21,27,12,6,280,59,1,3,80,17,26,3,18,0,2,13,41,4.65,19,14,2,2,0,3,0.34,0,3,0,0,0,25,16,10,10,5,13,46.4,15,14,9,34,11,0,468,13,26,10,38.5,14,53.8,251,8,21,9,263,50,33.9,72,3,8,27,1,1.06,12,15,-3,-0.34,+0.36,12.5,13.5,-1.0,-0.11,+0.26,0,5,0,0,0,37,6,37.5
146,Tomás Cuello,ar ARG,"FW,MF",Atlético Mineiro,25-217,2000,15,14,1190,13.2,1,1,2,1,0,0,3,1,2.2,2.2,1.0,3.3,64,68,154,0.08,0.08,0.15,0.08,0.15,0.17,0.08,0.25,0.17,0.25,Matches,37,12,32.4,2.80,0.91,0.03,0.08,17.6,0,0.06,-1.2,-1.2,376,476,79.0,6135,1812,199,225,88.4,142,160,88.8,28,51,54.9,2.3,0.0,24,32,28,6,444,26,2,5,33,21,1,0,0,0,6,16,76,5.75,48,2,13,5,3,1,0.08,1,0,0,0,0,25,15,8,9,8,9,56.3,7,3,7,32,7,0,669,14,60,43,51.2,34,40.5,465,27,29,19,494,79,52.9,82,6,1,45,0,1.13,15,18,-3,-0.23,+0.11,16.8,13.1,+3.7,+0.28,+0.51,0,18,0,1,0,65,12,50.0
562,Tomás Rincón,ve VEN,MF,Santos,37-268,1988,16,11,909,10.1,0,0,0,0,0,0,4,1,0.4,0.4,0.0,0.4,4,41,11,0.00,0.00,0.00,0.00,0.00,0.03,0.00,0.04,0.03,0.04,Matches,6,0,0.0,0.59,0.00,0.00,,16.2,0,0.06,-0.4,-0.4,418,493,84.8,6753,2039,207,226,91.6,181,203,89.2,22,43,51.2,0.5,0.0,2,45,4,2,472,20,1,3,7,3,0,0,0,0,1,4,11,1.09,7,0,1,2,1,0,0.00,0,0,0,0,0,20,11,6,13,1,7,41.2,10,7,12,32,15,2,597,16,8,5,45.5,4,36.4,324,1,9,9,393,57,38.8,71,5,5,25,8,1.19,3,11,-8,-0.79,-0.48,8.5,11.2,-2.7,-0.27,-0.26,0,24,0,0,0,54,12,46.2
,Vagno,,,,,,,,,,,,,,,,,,,,,,,,,,,,,,,,,,,,,,,,,,,,,,,,,,,,,,,,,,,,,,,,,,,,,,,,,,,,,,,,,,,,,,,,,,,,,,,,,,,,,,,,,,,,,,,,,,,,,,,,,,0,0,,3,,,,,,,,,,,,,,,,,,,
669,Vanderlan,br BRA,DF,Palmeiras,23-031,2002,3,3,198,2.2,0,0,0,0,0,0,0,0,0.0,0.0,0.0,0.0,2,4,7,0.00,0.00,0.00,0.00,0.00,0.00,0.00,0.00,0.00,0.00,Matches,0,0,,0.00,0.00,,,,0,,0.0,0.0,60,76,78.9,896,271,35,39,89.7,24,30,80.0,1,5,20.0,0.0,0.0,0,2,1,1,61,15,0,0,6,13,0,0,0,0,0,1,1,0.45,0,0,0,1,0,0,0.00,0,0,0,0,0,6,5,5,1,0,3,60.0,2,5,5,11,7,0,111,5,0,2,28.6,4,57.1,38,0,5,2,53,66,8.8,66,1,0,,13,2.33,3,3,0,0.00,-0.92,3.0,2.5,+0.5,+0.24,-0.44,0,5,0,0,0,5,3,42.9
670,Vanderlan,br BRA,DF,RB Bragantino,23-031,2002,8,8,690,7.7,0,1,1,0,0,0,1,0,0.1,0.1,1.3,1.3,11,31,34,0.00,0.13,0.13,0.00,0.13,0.01,0.17,0.17,0.01,0.17,Matches,0,0,,0.00,0.00,,,,0,,0.0,0.0,60,76,78.9,896,271,35,39,89.7,24,30,80.0,1,5,20.0,0.0,0.0,0,2,1,1,61,15,0,0,6,13,0,0,0,0,0,1,1,0.45,0,0,0,1,0,0,0.00,0,0,0,0,0,6,5,5,1,0,3,60.0,2,5,5,11,7,0,111,5,0,2,28.6,4,57.1,38,0,5,2,53,66,8.8,66,1,0,,13,2.33,3,3,0,0.00,-0.92,3.0,2.5,+0.5,+0.24,-0.44,0,5,0,0,0,5,3,42.9
233,Victor Gabriel,br BRA,DF,Internacional,21-163,2004,11,10,929,10.3,2,0,2,2,0,0,1,0,0.9,0.9,0.0,1.0,8,26,8,0.19,0.00,0.19,0.19,0.19,0.09,0.00,0.09,0.09,0.09,Matches,6,3,50.0,0.58,0.29,0.33,0.67,14.2,0,0.15,+1.1,+1.1,500,574,87.1,8679,3371,215,227,94.7,226,255,88.6,45,70,64.3,0.1,0.0,2,25,0,0,529,43,0,3,2,19,0,0,0,0,2,2,4,0.39,3,1,0,0,0,0,0.00,0,0,0,0,0,18,14,10,8,0,9,75.0,3,6,15,33,83,1,720,81,7,5,55.6,3,33.3,397,0,6,3,463,84,39.7,90,10,1,29,7,1.55,13,19,-6,-0.58,-0.58,13.5,14.6,-1.1,-0.11,-0.88,0,16,0,0,0,29,34,69.4
290,Victor Hugo,br BRA,MF,Flamengo,21-150,2004,1,0,6,0.1,0,0,0,0,0,0,0,0,0.0,0.0,0.0,0.0,0,1,0,0.00,0.00,0.00,0.00,0.00,0.00,0.00,0.00,0.00,0.00,Matches,0,0,,0.00,0.00,,,,0,,0.0,0.0,5,7,71.4,72,46,3,4,75.0,2,3,66.7,0,0,,0.0,0.0,0,1,0,0,7,0,0,0,0,0,0,0,0,0,0,0,0,0.00,0,0,0,0,0,0,0.00,0,0,0,0,0,0,0,0,0,0,0,,0,1,0,0,1,0,9,0,0,0,0.0,1,100.0,6,0,0,1,6,6,0.3,,0,1,6,1,1.00,0,0,0,0.00,-1.43,0.2,0.0,+0.2,+2.73,+2.04,0,0,0,0,0,1,2,100.0
291,Victor Hugo,br BRA,"MF,FW",Santos,21-150,2004,2,2,92,1.0,0,0,0,0,0,0,0,0,0.0,0.0,0.1,0.1,3,1,2,0.00,0.00,0.00,0.00,0.00,0.02,0.08,0.09,0.02,0.09,Matches,0,0,,0.00,0.00,,,,0,,0.0,0.0,5,7,71.4,72,46,3,4,75.0,2,3,66.7,0,0,,0.0,0.0,0,1,0,0,7,0,0,0,0,0,0,0,0,0,0,0,0,0.00,0,0,0,0,0,0,0.00,0,0,0,0,0,0,0,0,0,0,0,,0,1,0,0,1,0,9,0,0,0,0.0,1,100.0,6,0,0,1,6,6,0.3,,0,1,6,1,1.00,0,0,0,0.00,-1.43,0.2,0.0,+0.2,+2.73,+2.04,0,0,0,0,0,1,2,100.0
292,Victor Hugo,br BRA,DF,Sport Recife,16-300,2008,1,1,61,0.7,0,0,0,0,0,0,0,0,0.0,0.0,0.0,0.0,0,2,0,0.00,0.00,0.00,0.00,0.00,0.07,0.00,0.07,0.07,0.07,Matches,0,0,,0.00,0.00,,,,0,,0.0,0.0,5,7,71.4,72,46,3,4,75.0,2,3,66.7,0,0,,0.0,0.0,0,1,0,0,7,0,0,0,0,0,0,0,0,0,0,0,0,0.00,0,0,0,0,0,0,0.00,0,0,0,0,0,0,0,0,0,0,0,,0,1,0,0,1,0,9,0,0,0,0.0,1,100.0,6,0,0,1,6,6,0.3,,0,1,6,1,1.00,0,0,0,0.00,-1.43,0.2,0.0,+0.2,+2.73,+2.04,0,0,0,0,0,1,2,100.0
379,Victor Luis,br BRA,DF,Vasco da Gama,32-107,1993,4,1,126,1.4,0,0,0,0,0,0,0,0,0.1,0.1,0.0,0.1,2,11,5,0.00,0.00,0.00,0.00,0.00,0.04,0.02,0.06,0.04,0.06,Matches,1,1,100.0,0.71,0.71,0.00,0.00,10.1,0,0.06,-0.1,-0.1,91,110,82.7,1566,565,41,45,91.1,40,45,88.9,9,15,60.0,0.1,0.0,1,8,3,3,97,13,0,1,6,8,1,0,1,0,0,1,4,2.86,3,0,0,0,0,0,0.00,0,0,0,0,0,0,0,0,0,0,0,0.0,1,0,3,3,5,0,129,6,2,0,0.0,2,100.0,76,0,1,0,82,32,5.2,90,1,3,12,23,0.50,0,2,-2,-1.43,-1.55,0.8,1.3,-0.5,-0.35,-0.21,0,2,0,0,0,9,4,80.0
681,Viery,br BRA,DF,Grêmio,20-279,2005,2,0,31,0.3,0,0,0,0,0,0,0,0,0.0,0.0,0.0,0.0,0,0,1,0.00,0.00,0.00,0.00,0.00,0.00,0.00,0.00,0.00,0.00,Matches,0,0,,0.00,0.00,,,,0,,0.0,0.0,6,11,54.5,101,44,2,2,100.0,4,8,50.0,0,1,0.0,0.0,0.0,0,0,0,0,7,4,0,0,0,4,0,0,0,0,0,0,0,0.00,0,0,0,0,0,0,0.00,0,0,0,0,0,0,0,0,0,0,0,,0,2,0,0,4,1,22,7,0,0,,0,,4,0,1,0,3,16,1.3,,0,2,16,12,3.00,0,1,-1,-2.90,-2.75,0.1,1.5,-1.4,-3.99,-3.51,0,1,0,0,0,3,0,
,Vinicius Lira,,,,,,,,,,,,,,,,,,,,,,,,,,,,,,,,,,,,,,,,,,,,,,,,,,,,,,,,,,,,,,,,,,,,,,,,,,,,,,,,,,,,,,,,,,,,,,,,,,,,,,,,,,,,,,,,,,,,,,,,,,0,0,,1,,,,,,,,,,,,,,,,,,,
434,Vinicius Mendonça,br BRA,FW,RB Bragantino,21-230,2004,21,11,990,11.0,0,2,2,0,0,0,2,0,0.8,0.8,0.8,1.6,32,25,89,0.00,0.18,0.18,0.00,0.18,0.07,0.07,0.14,0.07,0.14,Matches,18,6,33.3,1.64,0.55,0.00,0.00,18.1,0,0.04,-0.8,-0.8,231,293,78.8,3204,725,135,149,90.6,75,91,82.4,8,18,44.4,0.9,+1.2,8,21,7,3,277,15,0,0,20,10,1,0,0,0,1,12,35,3.18,17,1,7,9,0,3,0.27,2,0,0,1,0,26,17,12,11,3,13,43.3,17,12,6,32,8,0,448,5,44,24,39.3,28,45.9,292,15,25,12,312,47,40.7,60,1,10,33,2,1.52,9,11,-2,-0.18,+0.01,13.1,12.3,+0.7,+0.06,+0.20,0,16,1,0,0,45,3,13.6
636,Vinicius Silvestre,br BRA,GK,Fortaleza,31-194,1994,2,2,180,2.0,0,0,0,0,0,0,0,0,0.0,0.0,0.0,0.0,0,0,0,0.00,0.00,0.00,0.00,0.00,0.00,0.00,0.00,0.00,0.00,Matches,0,0,,0.00,0.00,,,,0,,0.0,0.0,38,61,62.3,1320,1099,6,6,100.0,15,15,100.0,17,40,42.5,0.0,0.0,0,2,0,0,39,22,0,0,0,0,0,0,0,0,0,0,0,0.00,0,0,0,0,0,0,0.00,0,0,0,0,0,0,0,0,0,0,0,0.0,1,0,0,0,1,1,66,57,0,0,,0,,35,0,0,0,21,90,7.7,90,2,0,,6,0.50,1,6,-5,-2.50,-2.08,1.4,3.9,-2.6,-1.28,-1.08,0,0,0,0,0,2,0,
685,Vinícius,br BRA,MF,Ceará,34-176,1991,6,0,132,1.5,0,0,0,0,0,0,1,0,0.7,0.7,0.1,0.8,0,15,9,0.00,0.00,0.00,0.00,0.00,0.48,0.06,0.54,0.48,0.54,Matches,4,2,50.0,2.73,1.36,0.00,0.00,23.2,0,0.17,-0.7,-0.7,72,92,78.3,1355,459,33,36,91.7,23,29,79.3,13,20,65.0,0.3,-0.1,4,15,3,0,81,11,0,1,8,0,3,2,0,0,0,2,7,4.81,3,2,0,0,0,1,0.69,1,0,0,0,0,0,0,0,0,0,0,,0,1,0,0,1,0,107,2,2,0,0.0,3,75.0,63,0,4,0,83,22,5.6,,0,6,22,0,1.33,3,1,+2,+1.36,+1.36,2.5,2.1,+0.4,+0.28,+0.35,0,3,0,0,0,7,1,16.7
716,Vinícius Zanocelo,br BRA,MF,Ceará,24-251,2001,3,0,71,0.8,0,0,0,0,0,0,0,0,0.0,0.0,0.0,0.0,2,4,3,0.00,0.00,0.00,0.00,0.00,0.05,0.00,0.05,0.05,0.05,Matches,2,1,50.0,2.54,1.27,0.00,0.00,29.3,0,0.02,0.0,0.0,35,42,83.3,642,226,13,15,86.7,19,23,82.6,3,4,75.0,0.0,0.0,0,8,0,0,42,0,0,1,0,0,0,0,0,0,0,0,1,1.27,1,0,0,0,0,0,0.00,0,0,0,0,0,0,0,0,0,0,0,0.0,2,0,1,1,1,0,50,2,1,0,0.0,0,0.0,38,0,1,1,40,24,3.0,,0,3,24,2,1.33,0,0,0,0.00,-0.08,0.9,0.9,0.0,-0.03,+0.02,0,5,0,0,0,2,0,0.0
689,Vitinho,br BRA,"FW,MF",Internacional,26-190,1999,15,8,703,7.8,2,0,2,2,0,0,4,0,1.7,1.7,0.7,2.5,9,14,50,0.26,0.00,0.26,0.26,0.26,0.22,0.09,0.32,0.22,0.32,Matches,15,4,26.7,1.92,0.51,0.13,0.50,14.8,0,0.12,+0.3,+0.3,157,213,73.7,2348,502,84,104,80.8,56,69,81.2,9,14,64.3,0.5,-0.7,8,4,4,1,204,9,0,2,15,1,8,2,6,0,0,10,13,1.66,9,1,0,1,0,1,0.13,0,0,0,0,0,12,5,6,6,0,6,37.5,10,10,6,18,8,0,312,5,24,3,23.1,8,61.5,174,5,22,8,223,,,,0,0,,9,,,,,,,,,,,,0,23,0,0,0,28,12,34.3
690,Vitinho,br BRA,"FW,MF",Corinthians,31-364,1993,8,3,308,3.4,0,1,1,0,0,0,0,0,0.3,0.3,1.0,1.3,16,11,15,0.00,0.29,0.29,0.00,0.29,0.08,0.30,0.38,0.08,0.38,Matches,15,4,26.7,1.92,0.51,0.13,0.50,14.8,0,0.12,+0.3,+0.3,157,213,73.7,2348,502,84,104,80.8,56,69,81.2,9,14,64.3,0.5,-0.7,8,4,4,1,204,9,0,2,15,1,8,2,6,0,0,10,13,1.66,9,1,0,1,0,1,0.13,0,0,0,0,0,12,5,6,6,0,6,37.5,10,10,6,18,8,0,312,5,24,3,23.1,8,61.5,174,5,22,8,223,,,,0,0,,9,,,,,,,,,,,,0,23,0,0,0,28,12,34.3
691,Vitinho,br BRA,DF,Botafogo (RJ),26-077,1999,27,25,2084,23.2,1,1,2,1,0,0,1,0,1.8,1.8,2.1,3.9,39,70,159,0.04,0.04,0.09,0.04,0.09,0.08,0.09,0.17,0.08,0.17,Matches,15,4,26.7,1.92,0.51,0.13,0.50,14.8,0,0.12,+0.3,+0.3,157,213,73.7,2348,502,84,104,80.8,56,69,81.2,9,14,64.3,0.5,-0.7,8,4,4,1,204,9,0,2,15,1,8,2,6,0,0,10,13,1.66,9,1,0,1,0,1,0.13,0,0,0,0,0,12,5,6,6,0,6,37.5,10,10,6,18,8,0,312,5,24,3,23.1,8,61.5,174,5,22,8,223,,,,0,0,,9,,,,,,,,,,,,0,23,0,0,0,28,12,34.3
,Vitor Eudes,,,,,,,,,,,,,,,,,,,,,,,,,,,,,,,,,,,,,,,,,,,,,,,,,,,,,,,,,,,,,,,,,,,,,,,,,,,,,,,,,,,,,,,,,,,,,,,,,,,,,,,,,,,,,,,,,,,,,,,,,,0,0,,19,,,,,,,,,,,,,,,,,,,
293,Vitor Hugo,br BRA,DF,Atlético Mineiro,34-141,1991,12,9,789,8.8,1,0,1,1,0,0,2,0,0.5,0.5,0.1,0.7,3,23,1,0.11,0.00,0.11,0.11,0.11,0.06,0.01,0.08,0.06,0.08,Matches,6,1,16.7,0.68,0.11,0.17,1.00,12.7,0,0.09,+0.5,+0.5,476,518,91.9,7386,2583,225,237,94.9,217,230,94.3,21,33,63.6,0.1,-0.1,2,26,0,0,486,31,0,3,0,2,0,0,0,0,1,3,4,0.46,3,0,0,0,1,0,0.00,0,0,0,0,0,13,7,7,5,1,4,57.1,3,5,16,29,57,1,631,82,9,3,75.0,1,25.0,394,0,3,0,432,66,35.1,81,7,3,19,12,1.33,5,10,-5,-0.57,-0.45,7.4,10.2,-2.7,-0.31,-0.54,0,3,0,0,0,22,25,61.0
,Vitor Lamounier,,,,,,,,,,,,,,,,,,,,,,,,,,,,,,,,,,,,,,,,,,,,,,,,,,,,,,,,,,,,,,,,,,,,,,,,,,,,,,,,,,,,,,,,,,,,,,,,,,,,,,,,,,,,,,,,,,,,,,,,,,0,0,,1,,,,,,,,,,,,,,,,,,,
595,Vitor Roque,br BRA,FW,Palmeiras,20-222,2005,24,17,1475,16.4,10,3,13,9,1,1,3,0,9.4,8.6,2.2,10.8,39,24,111,0.61,0.18,0.79,0.55,0.73,0.57,0.14,0.71,0.52,0.66,Matches,48,23,47.9,2.93,1.40,0.19,0.39,15.9,0,0.18,+0.6,+0.4,160,225,71.1,2287,386,92,114,80.7,52,66,78.8,8,11,72.7,1.7,+0.8,27,7,16,4,210,10,2,1,16,1,0,0,0,0,5,13,62,3.78,35,0,9,13,1,5,0.31,4,0,0,0,1,11,10,2,3,6,2,28.6,5,12,4,15,4,0,465,1,90,29,37.7,39,50.6,307,18,58,37,340,61,65.6,76,3,7,27,0,2.17,35,9,+26,+1.59,+2.17,27.3,11.5,+15.7,+0.96,+0.93,0,21,0,0,0,45,12,24.0
688,Vitão,br BRA,DF,Internacional,25-248,2000,20,20,1800,20.0,0,1,1,0,0,0,4,0,0.8,0.8,1.1,1.8,11,81,2,0.00,0.05,0.05,0.00,0.05,0.04,0.05,0.09,0.04,0.09,Matches,10,3,30.0,0.50,0.15,0.00,0.00,11.7,0,0.08,-0.8,-0.8,949,1060,89.5,18747,6112,279,287,97.2,555,586,94.7,104,171,60.8,0.5,-0.1,4,69,3,0,1012,47,1,10,0,0,0,0,0,0,1,3,12,0.60,12,0,0,0,0,1,0.05,1,0,0,0,0,21,12,15,6,0,11,52.4,10,12,13,34,91,1,1242,120,13,1,50.0,1,50.0,759,1,7,0,888,,,,0,0,,1,,,,,,,,,,,,0,13,0,0,1,52,34,60.7
694,Wagner,br BRA,DF,Grêmio,26-077,1999,23,20,1829,20.3,0,1,1,0,0,0,2,0,1.3,1.3,0.7,2.0,6,56,1,0.00,0.05,0.05,0.00,0.05,0.06,0.03,0.10,0.06,0.10,Matches,5,4,80.0,0.25,0.20,0.00,0.00,12.0,0,0.26,-1.3,-1.3,821,928,88.5,16869,6035,230,248,92.7,470,500,94.0,109,158,69.0,0.5,+0.3,3,38,3,0,869,58,1,10,0,0,0,0,0,0,1,0,11,0.54,11,0,0,0,0,1,0.05,1,0,0,0,0,19,9,13,5,1,7,50.0,7,2,24,43,129,1,1132,174,12,1,50.0,1,50.0,628,0,7,0,723,80,75.3,87,19,3,30,4,1.13,20,27,-7,-0.34,-0.64,21.5,34.5,-13.0,-0.64,-0.45,0,17,0,0,0,53,53,63.1
695,Walace,br BRA,MF,Cruzeiro,30-187,1995,8,2,183,2.0,0,0,0,0,0,0,2,0,0.0,0.0,0.0,0.0,2,8,1,0.00,0.00,0.00,0.00,0.00,0.00,0.00,0.00,0.00,0.00,Matches,0,0,,0.00,0.00,,,,0,,0.0,0.0,81,99,81.8,1225,366,48,54,88.9,26,30,86.7,5,10,50.0,0.0,0.0,0,10,0,0,96,2,0,0,3,0,0,0,0,0,1,2,4,1.98,4,0,0,0,0,1,0.49,1,0,0,0,0,4,2,2,2,0,2,25.0,6,3,5,9,5,0,124,7,1,0,,0,,63,0,7,4,72,23,7.5,58,0,6,11,17,2.13,4,2,+2,+0.98,+0.26,2.8,2.7,+0.2,+0.08,-0.36,0,8,0,0,0,10,1,100.0
696,Wallace,br BRA,"FW,MF",Flamengo,20-242,2005,11,1,204,2.3,1,2,3,1,0,0,5,1,0.5,0.5,0.9,1.3,10,7,30,0.44,0.88,1.32,0.44,1.32,0.20,0.38,0.58,0.20,0.58,Matches,6,2,33.3,2.65,0.88,0.17,0.50,16.2,0,0.08,+0.5,+0.5,56,71,78.9,749,182,39,45,86.7,13,16,81.3,1,3,33.3,0.1,+1.1,6,2,1,0,70,1,0,1,5,0,1,0,0,0,0,3,13,5.74,9,0,1,3,0,4,1.76,3,0,0,1,0,4,4,0,1,3,2,50.0,2,5,1,5,0,0,123,1,14,9,47.4,8,42.1,85,4,13,4,97,19,8.7,58,0,10,15,8,2.27,6,2,+4,+1.76,+0.37,3.1,3.2,-0.1,-0.03,-0.80,1,7,0,0,0,12,3,33.3
697,Walter,br BRA,GK,Mirassol,37-324,1987,20,20,1800,20.0,0,0,0,0,0,0,2,0,0.0,0.0,0.0,0.0,0,0,0,0.00,0.00,0.00,0.00,0.00,0.00,0.00,0.00,0.00,0.00,Matches,0,0,,0.00,0.00,,,,0,,0.0,0.0,468,575,81.4,12071,7288,68,68,100.0,266,269,98.9,130,232,56.0,0.0,0.0,0,3,0,0,471,104,0,1,0,0,0,0,0,0,0,1,2,0.10,1,1,0,0,0,0,0.00,0,0,0,0,0,0,0,0,0,0,0,,0,0,0,0,12,1,619,565,0,1,100.0,0,0.0,413,0,0,0,316,90,76.9,90,20,0,,5,1.80,31,19,+12,+0.60,+0.27,28.6,24.3,+4.3,+0.21,-0.15,0,0,0,0,0,19,10,100.0
341,Walter Kannemann,ar ARG,DF,Grêmio,34-208,1991,15,14,1273,14.1,0,0,0,0,0,0,6,1,0.4,0.4,0.1,0.5,3,26,2,0.00,0.00,0.00,0.00,0.00,0.03,0.01,0.04,0.03,0.04,Matches,4,1,25.0,0.28,0.07,0.00,0.00,9.9,0,0.10,-0.4,-0.4,439,533,82.4,8657,3329,134,147,91.2,254,279,91.0,47,94,50.0,0.1,-0.1,3,27,1,0,491,39,0,4,2,2,0,0,0,0,3,3,9,0.64,6,0,0,1,0,2,0.14,1,0,0,1,0,21,10,13,6,2,11,68.8,5,13,15,36,96,1,719,131,5,4,66.7,2,33.3,351,2,13,4,401,85,52.4,87,13,1,61,6,1.50,18,14,+4,+0.28,+0.98,18.9,19.8,-0.9,-0.06,+0.98,0,19,1,0,0,28,41,80.4
698,Wanderson,br BRA,"FW,MF",Cruzeiro,31-001,1994,24,23,1693,18.8,0,2,2,0,0,0,2,0,2.2,2.2,2.8,5.0,48,35,99,0.00,0.11,0.11,0.00,0.11,0.12,0.15,0.27,0.12,0.27,Matches,32,10,31.3,1.70,0.53,0.00,0.00,20.5,0,0.07,-2.2,-2.2,328,441,74.4,4316,1463,211,239,88.3,74,110,67.3,17,48,35.4,3.2,-0.8,33,19,24,11,383,56,1,0,61,5,40,10,2,0,2,14,63,3.35,42,9,4,2,0,5,0.27,5,0,0,0,0,9,7,4,4,1,6,30.0,14,14,6,15,17,0,640,18,40,33,47.8,34,49.3,346,18,44,19,377,71,69.7,73,2,1,24,0,1.96,30,14,+16,+0.85,+0.36,23.7,15.8,+7.9,+0.42,+0.03,0,24,0,0,0,78,5,29.4
544,Wellington Rato,br BRA,"FW,MF",Vitória,33-102,1992,5,3,212,2.4,1,0,1,1,0,0,0,0,0.2,0.2,0.1,0.2,1,8,13,0.42,0.00,0.42,0.42,0.42,0.07,0.03,0.10,0.07,0.10,Matches,5,3,60.0,2.12,1.27,0.20,0.33,26.0,1,0.03,+0.8,+0.8,68,87,78.2,1220,282,33,36,91.7,25,29,86.2,9,20,45.0,0.2,-0.1,3,8,3,2,77,10,0,2,9,1,6,4,1,0,0,0,4,1.70,4,0,0,0,0,0,0.00,0,0,0,0,0,1,1,0,1,0,1,50.0,1,4,1,2,1,0,109,1,4,0,0.0,2,100.0,65,0,5,4,83,42,8.7,54,0,2,25,2,0.60,1,5,-4,-1.70,-1.13,1.1,2.7,-1.7,-0.71,-0.30,0,3,0,0,0,10,1,25.0
701,Wendell,br BRA,MF,Vitória,20-038,2005,1,1,66,0.7,0,0,0,0,0,0,0,0,0.0,0.0,0.0,0.0,0,3,2,0.00,0.00,0.00,0.00,0.00,0.00,0.00,0.00,0.00,0.00,Matches,0,0,,0.00,0.00,,,,0,,0.0,0.0,19,23,82.6,277,66,12,14,85.7,5,6,83.3,2,2,100.0,0.0,0.0,0,0,0,0,23,0,0,0,0,0,0,0,0,0,0,0,0,0.00,0,0,0,0,0,0,0.00,0,0,0,0,0,1,1,1,0,0,0,,0,1,3,4,2,2,30,1,0,0,,0,,15,0,0,1,17,66,2.7,66,0,0,,1,0.00,0,7,-7,-9.55,-9.13,0.1,3.3,-3.2,-4.32,-4.00,0,0,0,0,0,3,0,
702,Wendell,br BRA,DF,São Paulo,32-080,1993,15,10,826,9.2,0,1,1,0,0,0,0,0,0.3,0.3,0.9,1.2,25,35,46,0.00,0.11,0.11,0.00,0.11,0.04,0.10,0.13,0.04,0.13,Matches,0,0,,0.00,0.00,,,,0,,0.0,0.0,19,23,82.6,277,66,12,14,85.7,5,6,83.3,2,2,100.0,0.0,0.0,0,0,0,0,23,0,0,0,0,0,0,0,0,0,0,0,0,0.00,0,0,0,0,0,0,0.00,0,0,0,0,0,1,1,1,0,0,0,,0,1,3,4,2,2,30,1,0,0,,0,,15,0,0,1,17,66,2.7,66,0,0,,1,0.00,0,7,-7,-9.55,-9.13,0.1,3.3,-3.2,-4.32,-4.00,0,0,0,0,0,3,0,
703,Wesley,br BRA,DF,Flamengo,22-032,2003,11,11,982,10.9,1,2,3,1,0,0,4,0,0.3,0.3,1.0,1.4,35,46,124,0.09,0.18,0.27,0.09,0.27,0.03,0.10,0.13,0.03,0.13,Matches,10,3,30.0,0.92,0.27,0.10,0.33,23.4,0,0.03,+0.7,+0.7,559,660,84.7,8900,1990,290,320,90.6,217,251,86.5,37,54,68.5,1.2,+1.0,11,34,17,7,557,102,0,8,50,88,0,0,0,0,1,10,28,2.57,24,0,0,4,0,4,0.37,2,0,0,2,0,29,20,15,11,3,13,54.2,11,9,12,41,16,1,784,15,24,15,50.0,11,36.7,477,11,25,13,544,89,42.0,89,10,0,,3,1.91,20,5,+15,+1.37,-0.08,15.6,5.2,+10.4,+0.95,+0.44,0,16,0,0,0,49,7,41.2
704,Wesley,br BRA,"FW,MF",Internacional,26-192,1999,18,16,1233,13.7,0,3,3,0,0,0,2,0,2.3,2.3,1.8,4.1,49,38,116,0.00,0.22,0.22,0.00,0.22,0.17,0.13,0.30,0.17,0.30,Matches,10,3,30.0,0.92,0.27,0.10,0.33,23.4,0,0.03,+0.7,+0.7,559,660,84.7,8900,1990,290,320,90.6,217,251,86.5,37,54,68.5,1.2,+1.0,11,34,17,7,557,102,0,8,50,88,0,0,0,0,1,10,28,2.57,24,0,0,4,0,4,0.37,2,0,0,2,0,29,20,15,11,3,13,54.2,11,9,12,41,16,1,784,15,24,15,50.0,11,36.7,477,11,25,13,544,89,42.0,89,10,0,,3,1.91,20,5,+15,+1.37,-0.08,15.6,5.2,+10.4,+0.95,+0.44,0,16,0,0,0,49,7,41.2
,Wesley Santos,,,,,,,,,,,,,,,,,,,,,,,,,,,,,,,,,,,,,,,,,,,,,,,,,,,,,,,,,,,,,,,,,,,,,,,,,,,,,,,,,,,,,,,,,,,,,,,,,,,,,,,,,,,,,,,,,,,,,,,,,,0,0,,2,,,,,,,,,,,,,,,,,,,
705,Weverson,br BRA,DF,Fortaleza,25-095,2000,3,2,198,2.2,0,0,0,0,0,0,0,0,0.1,0.1,0.0,0.1,2,9,9,0.00,0.00,0.00,0.00,0.00,0.03,0.01,0.04,0.03,0.04,Matches,2,0,0.0,0.91,0.00,0.00,,9.9,0,0.04,-0.1,-0.1,78,98,79.6,1364,392,35,41,85.4,35,39,89.7,6,12,50.0,0.0,0.0,1,8,2,0,89,9,0,0,5,8,0,0,0,0,0,2,4,1.82,3,0,1,0,0,0,0.00,0,0,0,0,0,3,2,2,1,0,3,75.0,1,3,1,4,6,0,121,5,6,1,50.0,1,50.0,65,1,5,2,73,66,8.5,90,2,1,18,2,0.00,1,7,-6,-2.73,-2.35,2.2,3.0,-0.7,-0.33,-0.06,0,5,0,0,0,10,1,33.3
25,Wilker Ángel,ve VEN,DF,Juventude,32-204,1993,15,13,1236,13.7,1,0,1,1,0,0,4,0,0.5,0.5,0.0,0.5,2,23,0,0.07,0.00,0.07,0.07,0.07,0.04,0.00,0.04,0.04,0.04,Matches,10,5,50.0,0.73,0.36,0.10,0.20,11.3,0,0.05,+0.5,+0.5,452,528,85.6,9275,3213,122,125,97.6,275,297,92.6,53,103,51.5,0.0,0.0,1,11,0,0,496,32,0,6,0,1,0,0,0,0,0,1,5,0.36,3,0,0,0,0,0,0.00,0,0,0,0,0,10,5,5,4,1,6,66.7,3,2,10,20,97,3,700,136,10,1,50.0,0,0.0,352,0,2,0,429,82,52.8,89,12,2,41,5,1.00,12,26,-14,-1.02,+0.04,10.3,23.9,-13.6,-0.99,-0.26,0,22,0,1,0,20,37,74.0
707,William,br BRA,DF,Cruzeiro,30-188,1995,20,16,1468,16.3,0,4,4,0,0,0,3,1,0.6,0.6,4.3,4.9,28,61,96,0.00,0.25,0.25,0.00,0.25,0.04,0.26,0.30,0.04,0.30,Matches,18,4,22.2,1.10,0.25,0.00,0.00,22.9,2,0.03,-0.6,-0.6,672,927,72.5,11544,4836,343,397,86.4,221,307,72.0,89,175,50.9,2.8,-0.3,32,52,23,14,714,210,2,7,99,159,23,4,9,0,3,21,60,3.68,39,13,2,2,2,7,0.43,5,1,1,0,0,52,32,27,22,3,35,50.0,35,18,27,79,56,1,1172,66,27,22,47.8,23,50.0,558,5,23,13,609,73,60.4,85,14,4,27,2,2.15,22,12,+10,+0.61,-0.32,20.8,15.3,+5.5,+0.34,-0.18,1,27,0,0,0,95,10,34.5
708,Willian,br BRA,MF,Vitória,32-145,1993,11,8,679,7.5,0,0,0,0,0,0,4,0,0.6,0.6,0.1,0.7,2,16,8,0.00,0.00,0.00,0.00,0.00,0.08,0.01,0.09,0.08,0.09,Matches,11,1,9.1,1.46,0.13,0.00,0.00,19.3,0,0.06,-0.6,-0.6,204,243,84.0,3394,736,102,113,90.3,80,93,86.0,17,24,70.8,0.1,-0.1,2,26,0,0,238,5,0,3,1,2,0,0,0,0,0,7,6,0.80,5,0,0,0,0,0,0.00,0,0,0,0,0,13,7,6,7,0,7,53.8,6,6,15,28,19,0,318,21,11,2,100.0,0,0.0,143,0,11,6,186,62,27.9,75,3,3,26,5,0.73,3,6,-3,-0.40,+0.37,6.1,9.6,-3.5,-0.46,-0.04,0,16,0,0,0,39,6,46.2
709,Willian,br BRA,FW,Grêmio,37-060,1988,3,3,151,1.7,0,1,1,0,0,0,0,0,0.0,0.0,0.4,0.5,8,17,12,0.00,0.60,0.60,0.00,0.60,0.01,0.26,0.27,0.01,0.27,Matches,11,1,9.1,1.46,0.13,0.00,0.00,19.3,0,0.06,-0.6,-0.6,204,243,84.0,3394,736,102,113,90.3,80,93,86.0,17,24,70.8,0.1,-0.1,2,26,0,0,238,5,0,3,1,2,0,0,0,0,0,7,6,0.80,5,0,0,0,0,0,0.00,0,0,0,0,0,13,7,6,7,0,7,53.8,6,6,15,28,19,0,318,21,11,2,100.0,0,0.0,143,0,11,6,186,62,27.9,75,3,3,26,5,0.73,3,6,-3,-0.40,+0.37,6.1,9.6,-3.5,-0.46,-0.04,0,16,0,0,0,39,6,46.2
31,Willian Arão,br BRA,MF,Santos,32-309,1992,1,0,2,0.0,0,0,0,0,0,0,0,0,0.0,0.0,0.0,0.0,0,0,0,0.00,0.00,0.00,0.00,0.00,0.00,0.00,0.00,0.00,0.00,Matches,0,0,,0.00,0.00,,,,0,,0.0,0.0,0,0,,0,0,0,0,,0,0,,0,0,,0.0,0.0,0,0,0,0,0,0,0,0,0,0,0,0,0,0,0,0,0,0.00,0,0,0,0,0,0,0.00,0,0,0,0,0,0,0,0,0,0,0,,0,0,0,0,1,0,2,1,0,0,,0,,0,0,1,0,0,2,0.1,,0,1,2,4,3.00,0,0,0,0.00,+0.50,0.2,0.0,+0.1,+6.40,+6.52,0,1,0,0,0,0,1,100.0
331,Willian José,br BRA,FW,Bahia,33-319,1991,22,18,1244,13.8,5,4,9,3,2,2,3,0,5.4,3.8,2.3,6.0,3,21,49,0.36,0.29,0.65,0.22,0.51,0.39,0.16,0.55,0.27,0.44,Matches,31,13,41.9,2.24,0.94,0.10,0.23,15.8,5,0.12,-0.4,-0.8,240,310,77.4,3183,565,147,169,87.0,69,93,74.2,6,9,66.7,0.9,+1.7,27,9,8,0,300,9,4,0,2,1,0,0,0,0,1,8,40,2.90,32,0,2,0,0,4,0.29,4,0,0,0,0,8,6,2,2,4,3,50.0,3,3,5,13,16,1,433,19,60,11,84.6,2,15.4,216,2,31,17,299,57,53.2,65,1,4,19,2,1.73,18,10,+8,+0.58,+0.91,16.9,14.0,+2.9,+0.21,+0.61,0,8,0,0,0,45,21,35.6
385,Willian Machado,br BRA,DF,Ceará,28-329,1996,25,25,2229,24.8,0,0,0,0,0,0,3,0,0.5,0.5,0.1,0.6,6,46,1,0.00,0.00,0.00,0.00,0.00,0.02,0.00,0.02,0.02,0.02,Matches,15,5,33.3,0.61,0.20,0.00,0.00,13.7,0,0.04,-0.5,-0.5,760,904,84.1,16343,5568,169,186,90.9,482,528,91.3,108,179,60.3,0.1,-0.1,3,46,1,0,844,55,0,7,4,8,0,0,0,0,5,4,10,0.40,6,1,1,1,1,0,0.00,0,0,0,0,0,28,17,18,10,0,10,66.7,5,9,23,51,193,1,1209,239,22,4,66.7,1,16.7,604,0,8,1,708,89,95.3,89,24,0,,0,1.36,26,23,+3,+0.12,+0.93,26.4,27.8,-1.4,-0.06,-0.21,0,14,0,1,0,44,62,79.5
706,Wéverton,br BRA,GK,Palmeiras,37-299,1987,24,24,2160,24.0,0,0,0,0,0,0,2,0,0.0,0.0,0.2,0.2,0,0,0,0.00,0.00,0.00,0.00,0.00,0.00,0.01,0.01,0.00,0.01,Matches,0,0,,0.00,0.00,,,,0,,0.0,0.0,442,704,62.8,12962,9271,61,61,100.0,229,231,99.1,148,402,36.8,0.1,-0.2,1,16,0,0,506,195,0,1,0,0,0,0,0,0,3,3,5,0.21,5,0,0,0,0,0,0.00,0,0,0,0,0,1,1,1,0,0,1,50.0,1,0,0,1,8,1,747,587,0,0,,0,,438,0,0,0,364,90,96.0,90,24,0,,0,2.20,42,21,+21,+0.87,+0.87,35.5,20.3,+15.2,+0.63,-0.14,0,0,0,0,0,27,0,
713,Yago,br BRA,MF,Mirassol,30-247,1995,15,7,560,6.2,0,1,1,0,0,0,2,0,0.3,0.3,0.5,0.8,9,38,21,0.00,0.16,0.16,0.00,0.16,0.05,0.07,0.12,0.05,0.12,Matches,6,0,0.0,0.96,0.00,0.00,,20.6,0,0.05,-0.3,-0.3,223,276,80.8,3388,882,127,146,87.0,73,88,83.0,16,23,69.6,0.8,+0.5,4,21,6,1,264,11,2,0,4,2,0,0,0,0,1,8,13,2.09,11,0,0,1,0,1,0.16,1,0,0,0,0,18,7,8,9,1,5,38.5,8,8,4,22,5,1,349,4,10,1,14.3,2,28.6,214,2,10,7,251,37,23.9,60,0,8,18,7,1.60,7,7,0,0.00,-0.71,5.6,6.5,-0.9,-0.15,-0.52,0,11,0,0,0,30,4,66.7
714,Yago,br BRA,MF,Internacional,18-245,2007,2,0,73,0.8,0,0,0,0,0,0,0,0,0.0,0.0,0.1,0.1,1,7,6,0.00,0.00,0.00,0.00,0.00,0.00,0.09,0.09,0.00,0.09,Matches,6,0,0.0,0.96,0.00,0.00,,20.6,0,0.05,-0.3,-0.3,223,276,80.8,3388,882,127,146,87.0,73,88,83.0,16,23,69.6,0.8,+0.5,4,21,6,1,264,11,2,0,4,2,0,0,0,0,1,8,13,2.09,11,0,0,1,0,1,0.16,1,0,0,0,0,18,7,8,9,1,5,38.5,8,8,4,22,5,1,349,4,10,1,14.3,2,28.6,214,2,10,7,251,37,23.9,60,0,8,18,7,1.60,7,7,0,0.00,-0.71,5.6,6.5,-0.9,-0.15,-0.52,0,11,0,0,0,30,4,66.7
516,Yago Pikachu,br BRA,"FW,MF",Fortaleza,33-125,1992,23,13,1224,13.6,2,1,3,0,2,2,2,0,3.0,1.4,2.5,3.9,20,42,98,0.15,0.07,0.22,0.00,0.07,0.22,0.18,0.40,0.10,0.29,Matches,21,5,23.8,1.54,0.37,0.00,0.00,20.9,1,0.07,-1.0,-1.4,372,477,78.0,6154,1591,188,215,87.4,133,164,81.1,35,62,56.5,2.1,-1.5,20,31,13,5,426,48,1,3,53,20,20,0,17,0,3,11,42,3.09,30,6,0,3,1,6,0.44,4,0,0,1,0,15,6,7,5,3,9,75.0,3,5,2,17,14,0,580,16,51,8,72.7,3,27.3,347,5,19,11,405,53,52.3,79,5,10,20,3,1.00,13,16,-3,-0.22,+0.75,15.0,17.4,-2.4,-0.18,+0.21,0,11,1,0,0,44,3,18.8
,Yan Henrique,,,,,,,,,,,,,,,,,,,,,,,,,,,,,,,,,,,,,,,,,,,,,,,,,,,,,,,,,,,,,,,,,,,,,,,,,,,,,,,,,,,,,,,,,,,,,,,,,,,,,,,,,,,,,,,,,,,,,,,,,,0,0,,1,,,,,,,,,,,,,,,,,,,
81,Yannick Bolasie,cd COD,"FW,MF",Cruzeiro,36-137,1989,13,0,136,1.5,0,1,1,0,0,0,1,0,0.5,0.5,0.3,0.8,2,2,12,0.00,0.66,0.66,0.00,0.66,0.31,0.21,0.52,0.31,0.52,Matches,6,1,16.7,3.97,0.66,0.00,0.00,17.2,0,0.08,-0.5,-0.5,19,45,42.2,315,111,8,17,47.1,8,16,50.0,1,3,33.3,0.0,+0.7,1,2,0,0,44,1,0,0,7,0,0,0,0,0,0,1,2,1.32,0,0,0,0,0,1,0.66,0,0,0,0,0,4,1,2,1,1,3,75.0,1,1,1,5,8,0,84,7,10,2,40.0,2,40.0,37,0,11,2,48,10,5.6,,0,13,10,10,2.08,3,0,+3,+1.99,+1.32,2.7,1.3,+1.4,+0.91,+0.53,0,9,0,0,0,7,14,66.7
643,Yeferson Soteldo,ve VEN,"FW,MF",Santos,28-100,1997,5,3,326,3.6,0,0,0,0,0,0,1,0,0.2,0.2,0.4,0.6,31,17,41,0.00,0.00,0.00,0.00,0.00,0.05,0.11,0.16,0.05,0.16,Matches,6,1,16.7,1.66,0.28,0.00,0.00,21.1,1,0.03,-0.2,-0.2,121,172,70.3,2075,443,54,71,76.1,60,70,85.7,6,23,26.1,0.9,-0.4,7,12,6,2,154,17,0,0,27,3,8,4,2,1,1,5,18,4.97,12,1,3,1,0,1,0.28,1,0,0,0,0,2,1,0,1,1,1,50.0,1,1,2,4,2,0,209,1,15,12,54.5,8,36.4,145,13,7,10,160,65,13.9,84,2,2,37,0,0.40,2,3,-1,-0.28,+0.26,2.8,2.8,+0.1,+0.01,+0.14,0,2,0,0,0,15,2,50.0
644,Yeferson Soteldo,ve VEN,FW,Fluminense,28-100,1997,9,2,281,3.1,0,0,0,0,0,0,0,0,0.1,0.1,0.4,0.6,24,6,36,0.00,0.00,0.00,0.00,0.00,0.04,0.14,0.18,0.04,0.18,Matches,6,1,16.7,1.66,0.28,0.00,0.00,21.1,1,0.03,-0.2,-0.2,121,172,70.3,2075,443,54,71,76.1,60,70,85.7,6,23,26.1,0.9,-0.4,7,12,6,2,154,17,0,0,27,3,8,4,2,1,1,5,18,4.97,12,1,3,1,0,1,0.28,1,0,0,0,0,2,1,0,1,1,1,50.0,1,1,2,4,2,0,209,1,15,12,54.5,8,36.4,145,13,7,10,160,65,13.9,84,2,2,37,0,0.40,2,3,-1,-0.28,+0.26,2.8,2.8,+0.1,+0.01,+0.14,0,2,0,0,0,15,2,50.0
271,Yeison Guzmán,co COL,MF,Fortaleza,27-200,1998,3,0,113,1.3,0,0,0,0,0,0,0,0,0.0,0.0,0.2,0.2,3,5,12,0.00,0.00,0.00,0.00,0.00,0.00,0.18,0.18,0.00,0.18,Matches,0,0,,0.00,0.00,,,,0,,0.0,0.0,60,72,83.3,973,324,28,31,90.3,19,24,79.2,7,9,77.8,0.4,-0.2,7,10,0,0,62,10,0,0,6,0,7,3,2,0,0,0,12,9.56,9,3,0,0,0,0,0.00,0,0,0,0,0,0,0,0,0,0,0,0.0,2,1,2,2,0,0,79,0,1,0,0.0,1,100.0,56,0,2,1,57,38,4.8,,0,3,38,0,2.00,2,1,+1,+0.80,+1.44,2.7,1.9,+0.7,+0.58,+0.90,0,2,0,0,0,5,1,50.0
715,Young,br BRA,GK,São Paulo,23-215,2002,2,2,180,2.0,0,0,0,0,0,0,0,0,0.0,0.0,0.0,0.0,0,0,0,0.00,0.00,0.00,0.00,0.00,0.00,0.00,0.00,0.00,0.00,Matches,0,0,,0.00,0.00,,,,0,,0.0,0.0,32,44,72.7,733,460,8,9,88.9,17,17,100.0,6,17,35.3,0.0,0.0,0,0,0,0,25,19,0,0,0,0,0,0,0,0,0,0,0,0.00,0,0,0,0,0,0,0.00,0,0,0,0,0,0,0,0,0,0,0,,0,0,0,0,1,1,49,44,1,1,100.0,0,0.0,25,0,1,0,16,90,7.4,90,2,0,,9,0.50,2,3,-1,-0.50,-0.66,2.1,2.1,-0.1,-0.03,-0.33,0,0,0,0,0,0,1,100.0
7,Yuri Alberto,br BRA,FW,Corinthians,24-204,2001,17,12,1221,13.6,7,2,9,6,1,2,3,0,7.4,6.1,1.3,7.4,19,18,79,0.52,0.15,0.66,0.44,0.59,0.55,0.10,0.64,0.45,0.55,Matches,44,16,36.4,3.24,1.18,0.14,0.38,15.7,0,0.14,-0.4,-0.1,149,203,73.4,2096,403,83,105,79.0,53,69,76.8,5,8,62.5,0.4,+0.7,11,16,5,1,187,16,0,2,1,2,0,0,0,0,0,7,36,2.65,19,0,5,5,0,6,0.44,2,0,2,1,0,5,2,0,2,3,4,50.0,4,1,3,8,8,0,321,8,61,9,47.4,10,52.6,191,12,29,7,246,72,50.2,86,9,5,38,0,1.29,17,18,-1,-0.07,+0.08,16.6,14.9,+1.7,+0.13,+0.37,0,14,1,0,0,32,22,46.8
265,Zé Guilherme,br BRA,"DF,FW",Bahia,20-206,2005,3,0,86,1.0,0,0,0,0,0,0,0,0,0.1,0.1,0.0,0.1,1,3,5,0.00,0.00,0.00,0.00,0.00,0.09,0.00,0.09,0.09,0.09,Matches,2,0,0.0,2.09,0.00,0.00,,22.4,0,0.04,-0.1,-0.1,36,42,85.7,575,125,18,19,94.7,13,17,76.5,3,3,100.0,0.0,0.0,0,1,0,0,36,6,0,0,1,6,0,0,0,0,0,2,3,3.14,1,0,0,2,0,0,0.00,0,0,0,0,0,0,0,0,0,0,0,,0,2,3,3,3,0,57,2,1,2,33.3,3,50.0,27,0,0,0,34,29,3.7,,0,3,29,9,1.00,1,3,-2,-2.09,-2.33,0.6,1.4,-0.9,-0.90,-0.85,0,1,0,0,0,5,2,100.0
,Zé Henrique,,,,,,,,,,,,,,,,,,,,,,,,,,,,,,,,,,,,,,,,,,,,,,,,,,,,,,,,,,,,,,,,,,,,,,,,,,,,,,,,,,,,,,,,,,,,,,,,,,,,,,,,,,,,,,,,,,,,,,,,,,0,0,,1,,,,,,,,,,,,,,,,,,,
308,Zé Ivaldo,br BRA,DF,Santos,28-229,1997,14,13,1179,13.1,1,0,1,1,0,0,6,1,0.9,0.9,0.0,0.9,6,35,0,0.08,0.00,0.08,0.08,0.08,0.07,0.00,0.07,0.07,0.07,Matches,13,1,7.7,0.99,0.08,0.08,1.00,16.9,0,0.07,+0.1,+0.1,528,610,86.6,10641,4315,170,185,91.9,291,309,94.2,63,109,57.8,0.3,0.0,0,37,2,0,572,38,0,10,4,1,0,0,0,0,0,3,7,0.53,3,1,0,0,2,3,0.23,1,1,0,0,0,18,12,11,6,1,13,59.1,9,5,13,31,67,0,752,119,14,2,50.0,1,25.0,447,0,8,1,484,84,50.4,87,12,1,45,3,0.71,8,17,-9,-0.69,-0.38,12.2,15.0,-2.8,-0.21,-0.22,1,16,0,1,0,53,33,76.7
376,Zé Lucas,br BRA,MF,Sport Recife,17-199,2008,21,18,1387,15.4,0,0,0,0,0,0,4,0,1.1,1.1,0.8,1.8,16,48,36,0.00,0.00,0.00,0.00,0.00,0.07,0.05,0.12,0.07,0.12,Matches,16,3,18.8,1.04,0.19,0.00,0.00,20.0,0,0.07,-1.1,-1.1,406,525,77.3,6609,1673,198,230,86.1,163,195,83.6,31,48,64.6,0.4,-0.8,11,53,8,0,518,6,0,1,6,2,0,0,0,0,1,18,25,1.62,19,0,2,2,1,1,0.06,1,0,0,0,0,36,21,16,16,4,15,42.9,20,22,23,59,26,2,732,33,20,11,55.0,9,45.0,348,3,31,7,417,66,61.6,74,3,3,18,0,0.71,9,19,-10,-0.65,+0.29,16.7,20.7,-4.1,-0.26,+0.60,0,26,0,0,0,92,12,30.8
402,Zé Marcos,br BRA,DF,Vitória,27-249,1998,20,19,1755,19.5,1,1,2,1,0,0,5,0,2.3,2.3,0.3,2.6,13,59,3,0.05,0.05,0.10,0.05,0.10,0.12,0.01,0.13,0.12,0.13,Matches,8,1,12.5,0.41,0.05,0.13,1.00,10.1,0,0.29,-1.3,-1.3,705,858,82.2,13655,4852,209,227,92.1,430,463,92.9,61,141,43.3,0.2,+0.7,5,58,1,0,821,33,0,8,3,2,0,0,0,0,4,15,14,0.72,10,0,1,0,1,0,0.00,0,0,0,0,0,15,12,9,5,1,8,61.5,5,3,12,27,131,1,1069,140,14,3,75.0,1,25.0,601,0,13,3,693,88,72.2,90,19,1,45,4,0.90,18,32,-14,-0.72,-0.18,18.3,32.3,-14.0,-0.72,-1.03,0,16,0,0,0,45,40,54.1
,Zé Phelipe,,,,,,,,,,,,,,,,,,,,,,,,,,,,,,,,,,,,,,,,,,,,,,,,,,,,,,,,,,,,,,,,,,,,,,,,,,,,,,,,,,,,,,,,,,,,,,,,,,,,,,,,,,,,,,,,,,,,,,,,,,0,0,,3,,,,,,,,,,,,,,,,,,,
534,Zé Rafael,br BRA,MF,Santos,32-114,1993,17,14,1183,13.1,0,0,0,0,0,0,2,0,1.5,1.5,0.3,1.8,17,59,13,0.00,0.00,0.00,0.00,0.00,0.11,0.02,0.14,0.11,0.14,Matches,16,2,12.5,1.22,0.15,0.00,0.00,16.6,1,0.09,-1.5,-1.5,488,553,88.2,7966,2077,230,247,93.1,188,215,87.4,41,51,80.4,0.5,-0.3,7,49,5,1,519,32,1,4,3,3,0,0,0,0,2,5,30,2.28,22,0,1,3,2,1,0.08,0,0,0,0,0,48,31,20,23,5,20,64.5,11,11,8,56,17,0,708,26,19,10,45.5,10,45.5,419,2,22,7,480,70,50.6,80,7,3,22,1,1.35,11,19,-8,-0.61,-0.22,16.0,16.7,-0.7,-0.05,+0.11,0,24,0,0,0,72,9,37.5
64,Álvaro Barreal,ar ARG,"FW,MF",Santos,25-052,2000,22,17,1441,16.0,6,0,6,6,0,0,1,0,4.5,4.5,2.7,7.2,22,42,120,0.37,0.00,0.37,0.37,0.37,0.28,0.17,0.45,0.28,0.45,Matches,34,13,38.2,2.12,0.81,0.18,0.46,17.1,1,0.13,+1.5,+1.5,486,629,77.3,8522,2496,257,296,86.8,166,201,82.6,55,100,55.0,2.3,-2.7,28,34,16,7,569,57,3,5,72,16,16,6,9,0,3,15,53,3.31,36,9,0,3,0,3,0.19,1,0,0,1,0,25,10,7,13,5,12,34.3,23,25,19,44,15,1,825,18,47,16,34.8,27,58.7,487,7,24,12,565,66,61.6,72,2,5,44,2,1.23,16,26,-10,-0.62,-0.32,20.5,24.4,-3.9,-0.24,-0.35,0,19,0,0,0,60,5,38.5
444,Álvaro Montoro,ar ARG,FW,Botafogo (RJ),18-174,2007,11,9,745,8.3,2,2,4,2,0,0,3,0,1.9,1.9,1.8,3.8,23,54,70,0.24,0.24,0.48,0.24,0.48,0.23,0.22,0.46,0.23,0.46,Matches,12,6,50.0,1.45,0.72,0.17,0.33,14.6,0,0.16,+0.1,+0.1,281,339,82.9,4361,1275,156,169,92.3,102,122,83.6,15,24,62.5,1.4,+0.2,16,27,16,2,329,6,2,0,9,4,0,0,0,0,4,8,37,4.47,32,0,1,2,1,5,0.60,4,0,0,0,0,16,12,7,6,3,9,69.2,4,8,12,28,4,1,431,3,24,21,52.5,17,42.5,301,5,20,9,336,68,30.7,77,1,2,27,1,1.91,11,7,+4,+0.48,-0.05,12.7,7.2,+5.5,+0.67,+0.57,0,9,0,0,0,39,1,16.7
584,Ángel Romero,py PAR,"FW,MF",Corinthians,33-096,1992,22,10,959,10.7,0,1,1,0,0,0,4,1,2.5,2.5,1.1,3.6,19,36,69,0.00,0.09,0.09,0.00,0.09,0.24,0.10,0.34,0.24,0.34,Matches,19,4,21.1,1.78,0.38,0.00,0.00,15.4,1,0.13,-2.5,-2.5,261,340,76.8,4295,947,129,150,86.0,94,120,78.3,27,36,75.0,0.7,-0.1,6,24,5,2,328,11,1,2,21,4,1,0,1,0,1,11,17,1.60,12,0,2,0,0,2,0.19,2,0,0,0,0,18,11,6,10,2,8,50.0,8,5,7,25,7,0,447,10,21,10,32.3,21,67.7,257,8,15,11,351,44,39.5,73,2,12,19,3,1.18,9,18,-9,-0.84,-1.21,12.4,15.4,-3.0,-0.28,-0.37,0,9,0,0,0,26,8,38.1
192,Éverson,br BRA,GK,Atlético Mineiro,35-078,1990,23,23,2070,23.0,0,0,0,0,0,0,6,0,0.0,0.0,0.1,0.1,0,1,0,0.00,0.00,0.00,0.00,0.00,0.00,0.01,0.01,0.00,0.01,Matches,0,0,,0.00,0.00,,,,0,,0.0,0.0,612,843,72.6,16773,12646,107,107,100.0,300,306,98.0,200,420,47.6,0.0,-0.1,2,9,0,0,705,134,0,1,0,0,0,0,0,0,4,1,8,0.35,6,2,0,0,0,0,0.00,0,0,0,0,0,0,0,0,0,0,0,0.0,1,0,0,0,13,1,897,743,0,0,,0,,540,0,0,0,533,90,92.0,90,23,0,,0,1.22,21,27,-6,-0.26,+0.24,25.3,24.9,+0.3,+0.01,-0.32,0,0,0,0,0,34,9,100.0
186,Ênio,br BRA,"MF,FW",Juventude,24-219,2001,17,7,868,9.6,2,0,2,2,0,0,3,0,1.5,1.5,0.9,2.5,33,35,61,0.21,0.00,0.21,0.21,0.21,0.16,0.10,0.26,0.16,0.26,Matches,17,7,41.2,1.76,0.73,0.12,0.29,19.6,0,0.09,+0.5,+0.5,205,267,76.8,3390,792,113,128,88.3,70,85,82.4,20,33,60.6,0.8,-0.9,14,13,13,1,248,18,1,3,15,6,2,2,0,0,1,10,31,3.22,25,1,2,2,0,2,0.21,2,0,0,0,0,6,5,3,2,1,1,12.5,7,6,1,7,8,1,361,5,31,8,30.8,15,57.7,250,12,21,21,280,51,37.1,76,1,10,34,4,1.06,12,19,-7,-0.73,+0.50,10.1,15.0,-4.9,-0.51,+0.57,0,4,0,0,0,34,6,35.3
,Índio,,,,,,,,,,,,,,,,,,,,,,,,,,,,,,,,,,,,,,,,,,,,,,,,,,,,,,,,,,,,,,,,,,,,,,,,,,,,,,,,,,,,,,,,,,,,,,,,,,,,,,,,,,,,,,,,,,,,,,,,,,0,0,,1,,,,,,,,,,,,,,,,,,,
586,Óscar Romero,py PAR,"MF,FW",Internacional,33-096,1992,13,4,428,4.8,0,1,1,0,0,0,2,0,0.3,0.3,1.0,1.3,11,38,11,0.00,0.21,0.21,0.00,0.21,0.06,0.21,0.27,0.06,0.27,Matches,8,1,12.5,1.68,0.21,0.00,0.00,23.0,2,0.03,-0.3,-0.3,228,291,78.4,4007,1274,107,118,90.7,89,96,92.7,30,57,52.6,0.8,0.0,13,29,6,2,257,33,0,2,27,8,14,9,4,0,1,11,22,4.63,16,6,0,0,0,1,0.21,1,0,0,0,0,12,8,1,8,3,5,71.4,2,0,4,16,3,0,344,3,6,2,16.7,7,58.3,209,0,8,8,247,33,18.3,55,0,9,23,8,1.31,3,8,-5,-1.05,-1.00,7.1,6.2,+0.9,+0.19,-0.28,0,6,0,1,0,23,2,22.2
