Rk,Player,Nation,Pos,Squad,Age,Born,MP,Starts,Min,90s,Gls,Ast,G+A,G-PK,PK,PKatt,CrdY,CrdR,xG,npxG,xAG,npxG+xAG,PrgC,PrgP,PrgR,Gls,Ast,G+A,G-PK,G+A-PK,xG,xAG,xG+xAG,npxG,npxG+xAG,Matches,Sh,SoT,SoT%,Sh/90,SoT/90,G/Sh,G/SoT,Dist,FK,npxG/Sh,G-xG,np:G-xG,Cmp,Att,Cmp%,TotDist,PrgDist,Cmp,Att,Cmp%,Cmp,Att,Cmp%,Cmp,Att,Cmp%,xA,A-xAG,KP,1/3,PPA,CrsPA,Live,Dead,TB,Sw,Crs,TI,CK,In,Out,Str,Off,Blocks,SCA,SCA90,PassLive,PassDead,TO,Fld,Def,GCA,GCA90,PassLive,PassDead,TO,Fld,Def,Tkl,TklW,Def 3rd,Mid 3rd,Att 3rd,Tkl,Tkl%,Lost,Pass,Int,Tkl+Int,Clr,Err,Touches,Def Pen,Att Pen,Succ,Succ%,Tkld,Tkld%,Carries,CPA,Mis,Dis,Rec,Mn/MP,Min%,Mn/Start,Compl,Subs,Mn/Sub,unSub,PPM,onG,onGA,+/-,+/-90,On-Off,onxG,onxGA,xG+/-,xG+/-90,On-Off,2CrdY,Fls,PKwon,PKcon,OG,Recov,Won,Won%
681,Aaron Nicolás Molinas,ar ARG,"MF,FW",Defensa y Just,25-067,2000,22,20,1522,16.9,2,2,4,2,0,0,3,0,1.4,1.4,2.6,4.0,47,128,113,0.12,0.12,0.24,0.12,0.24,0.08,0.16,0.24,0.08,0.24,Matches,22,8,36.4,1.30,0.47,0.09,0.25,24.2,0,0.06,+0.6,+0.6,753,929,81.1,12853,3388,381,419,90.9,271,331,81.9,85,131,64.9,2.4,-0.6,35,100,25,5,858,61,5,7,66,12,36,14,15,1,10,17,66,3.96,42,17,2,2,0,5,0.30,2,3,0,0,0,22,14,7,12,3,14,73.7,5,19,5,27,11,1,1068,11,20,17,73.9,5,21.7,613,1,32,20,809,69,62.6,73,4,2,33,0,1.41,13,19,-6,-0.35,-0.75,14.3,16.4,-2.1,-0.13,+0.15,0,17,0,0,0,74,7,23.3
797,Aaron Quirós,ar ARG,DF,Vélez Sarsfield,23-342,2001,14,12,1039,11.5,0,0,0,0,0,0,7,3,0.5,0.5,0.0,0.5,4,39,1,0.00,0.00,0.00,0.00,0.00,0.04,0.00,0.04,0.04,0.04,Matches,3,0,0.0,0.26,0.00,0.00,,13.9,0,0.16,-0.5,-0.5,443,565,78.4,8991,3853,116,137,84.7,269,299,90.0,53,117,45.3,0.1,0.0,0,17,0,0,502,63,0,4,1,33,0,0,0,0,0,7,3,0.26,3,0,0,0,0,0,0.00,0,0,0,0,0,17,11,10,4,3,11,61.1,7,4,18,35,72,0,697,72,8,5,50.0,4,40.0,355,0,5,3,405,74,42.8,83,8,2,20,9,1.36,11,12,-1,-0.09,+0.24,9.8,9.3,+0.5,+0.04,+0.23,2,15,0,1,0,42,35,61.4
707,Abiel Osorio,ar ARG,"FW,MF",Defensa y Just,23-117,2002,24,20,1719,19.1,5,1,6,3,2,2,5,1,6.6,5.0,1.2,6.2,25,37,111,0.26,0.05,0.31,0.16,0.21,0.35,0.06,0.41,0.27,0.33,Matches,43,16,37.2,2.25,0.84,0.07,0.19,15.6,0,0.12,-1.6,-2.0,294,424,69.3,4447,721,149,207,72.0,103,130,79.2,20,30,66.7,1.0,-0.2,12,26,8,2,386,34,1,1,14,1,0,0,0,0,4,16,32,1.69,20,0,3,3,1,6,0.32,2,0,2,1,0,7,6,0,5,2,1,50.0,1,14,3,10,25,0,657,25,89,12,38.7,18,58.1,339,12,63,27,470,72,70.7,81,9,4,27,2,1.38,21,21,0,0.00,+0.25,19.6,23.2,-3.7,-0.19,-0.03,1,23,1,0,0,38,47,35.6
78,Adrián Balboa,uy URU,"FW,MF",Racing Club,31-262,1994,21,9,913,10.1,4,0,4,4,0,0,2,0,4.0,4.0,0.8,4.8,4,11,40,0.39,0.00,0.39,0.39,0.39,0.40,0.08,0.47,0.40,0.47,Matches,26,7,26.9,2.56,0.69,0.15,0.57,13.7,0,0.15,0.0,0.0,89,170,52.4,1044,218,63,97,64.9,17,31,54.8,1,7,14.3,0.7,-0.8,4,7,2,0,159,8,1,1,5,2,0,0,0,0,3,9,18,1.77,10,0,0,5,2,0,0.00,0,0,0,0,0,15,11,2,4,9,5,45.5,6,5,1,16,9,0,288,9,48,4,28.6,10,71.4,135,2,26,16,184,43,37.6,77,2,12,18,5,1.32,14,16,-2,-0.20,-0.79,12.2,14.0,-1.7,-0.17,-0.23,0,29,0,0,0,19,36,39.6
312,Adrián Fernández,ar ARG,"MF,FW",Racing Club,24-141,2001,12,3,339,3.8,0,1,1,0,0,0,2,0,0.8,0.8,1.3,2.1,13,37,28,0.00,0.27,0.27,0.00,0.27,0.20,0.35,0.55,0.20,0.55,Matches,7,1,14.3,1.86,0.27,0.00,0.00,22.2,0,0.11,-0.8,-0.8,162,216,75.0,2763,797,77,90,85.6,65,77,84.4,16,29,55.2,0.9,-0.3,10,27,8,4,209,6,3,1,10,3,2,1,1,0,1,12,21,5.56,14,0,3,1,1,0,0.00,0,0,0,0,0,7,6,1,3,3,2,40.0,3,3,3,10,3,0,277,4,8,9,52.9,8,47.1,147,1,15,10,187,28,14.0,62,0,9,17,8,1.17,6,2,+4,+1.06,+0.89,6.3,4.3,+2.0,+0.53,+0.65,0,5,0,0,0,37,1,20.0
435,Adrián Guillermo Sánchez,ar ARG,MF,Atlé Tucumán,26-147,1999,27,27,2310,25.7,2,0,2,2,0,0,4,0,1.9,1.9,2.3,4.2,33,171,64,0.08,0.00,0.08,0.08,0.08,0.07,0.09,0.16,0.07,0.16,Matches,21,4,19.0,0.82,0.16,0.10,0.50,20.9,0,0.11,+0.1,+0.1,1055,1311,80.5,18805,6527,461,527,87.5,443,518,85.5,121,189,64.0,1.7,-2.3,27,135,17,5,1248,55,2,13,37,15,5,0,4,0,8,21,56,2.18,44,4,0,4,1,3,0.12,1,1,0,0,0,79,50,31,45,3,33,55.9,26,39,23,102,42,1,1587,37,16,7,35.0,12,60.0,775,1,33,18,963,86,95.1,86,19,0,,0,1.15,28,30,-2,-0.08,-0.08,29.0,32.9,-3.9,-0.15,+0.08,0,28,0,1,0,162,34,54.0
576,Adrián Martínez,ar ARG,FW,Racing Club,33-093,1992,20,19,1628,18.1,10,1,11,9,1,1,8,0,7.6,6.8,1.1,7.9,8,24,89,0.55,0.06,0.61,0.50,0.55,0.42,0.06,0.48,0.37,0.44,Matches,43,19,44.2,2.38,1.05,0.21,0.47,14.1,0,0.16,+2.4,+2.2,163,244,66.8,2678,402,83,114,72.8,65,93,69.9,13,18,72.2,0.8,-0.1,13,12,5,0,230,14,0,1,7,0,0,0,0,0,0,10,28,1.55,19,0,4,2,0,4,0.22,3,0,1,0,0,5,3,1,3,1,1,16.7,5,9,5,10,10,0,426,11,111,7,41.2,10,58.8,213,5,60,19,296,81,67.0,84,11,1,23,1,1.57,24,17,+7,+0.39,+0.27,22.3,23.3,-1.0,-0.06,-0.09,0,30,0,1,0,38,31,40.8
941,Adrián Sporle,ar ARG,DF,Independiente,30-087,1995,10,9,722,8.0,1,1,2,1,0,0,1,0,0.3,0.3,0.5,0.7,16,36,54,0.12,0.12,0.25,0.12,0.25,0.03,0.06,0.09,0.03,0.09,Matches,6,3,50.0,0.75,0.37,0.17,0.33,21.5,0,0.04,+0.7,+0.7,270,381,70.9,4373,1713,147,179,82.1,91,122,74.6,23,53,43.4,0.5,+0.5,5,22,10,5,305,76,0,4,31,73,0,0,0,0,0,14,13,1.62,9,1,1,0,0,3,0.37,2,0,0,0,0,16,6,8,7,1,9,60.0,6,8,15,31,20,0,474,23,6,7,41.2,10,58.8,222,0,8,14,261,72,30.9,80,6,1,2,4,1.70,11,7,+4,+0.50,+0.33,10.3,9.9,+0.4,+0.05,+0.04,0,7,0,0,1,31,10,52.6
942,Adrián Sporle,ar ARG,DF,Belgrano,30-087,1995,5,5,433,4.8,0,2,2,0,0,0,1,0,0.3,0.3,0.8,1.1,9,16,42,0.00,0.42,0.42,0.00,0.42,0.06,0.16,0.22,0.06,0.22,Matches,6,3,50.0,0.75,0.37,0.17,0.33,21.5,0,0.04,+0.7,+0.7,270,381,70.9,4373,1713,147,179,82.1,91,122,74.6,23,53,43.4,0.5,+0.5,5,22,10,5,305,76,0,4,31,73,0,0,0,0,0,14,13,1.62,9,1,1,0,0,3,0.37,2,0,0,0,0,16,6,8,7,1,9,60.0,6,8,15,31,20,0,474,23,6,7,41.2,10,58.8,222,0,8,14,261,72,30.9,80,6,1,2,4,1.70,11,7,+4,+0.50,+0.33,10.3,9.9,+0.4,+0.05,+0.04,0,7,0,0,1,31,10,52.6
,Agostino Spina,,,,,,,,,,,,,,,,,,,,,,,,,,,,,,,,,,,,,,,,,,,,,,,,,,,,,,,,,,,,,,,,,,,,,,,,,,,,,,,,,,,,,,,,,,,,,,,,,,,,,,,,,,,,,,,,,,,,,,,,,,0,0,,10,,,,,,,,,,,,,,,,,,,
,Aguilar Samaniego,,,,,,,,,,,,,,,,,,,,,,,,,,,,,,,,,,,,,,,,,,,,,,,,,,,,,,,,,,,,,,,,,,,,,,,,,,,,,,,,,,,,,,,,,,,,,,,,,,,,,,,,,,,,,,,,,,,,,,,,,,0,0,,5,,,,,,,,,,,,,,,,,,,
135,Agustin Bravo,ar ARG,"DF,FW",Rosario Central,24-150,2001,3,2,198,2.2,0,0,0,0,0,0,1,0,0.0,0.0,0.0,0.0,0,0,0,0.00,0.00,0.00,0.00,0.00,0.00,0.00,0.00,0.00,0.00,Matches,0,0,,0.00,0.00,,,,0,,0.0,0.0,53,67,79.1,1055,364,14,16,87.5,32,36,88.9,6,12,50.0,0.0,0.0,0,0,0,0,62,5,0,0,0,0,0,0,0,0,0,2,0,0.00,0,0,0,0,0,0,0.00,0,0,0,0,0,1,0,1,0,0,0,,0,1,0,1,20,3,98,26,0,0,0.0,1,100.0,43,0,1,0,53,66,8.5,90,2,1,18,8,1.67,2,3,-1,-0.45,-1.34,2.0,1.6,+0.4,+0.20,-0.30,0,4,0,0,0,7,8,72.7
442,Agustin Hausch,ar ARG,"DF,MF",Defensa y Just,22-140,2003,7,4,307,3.4,0,0,0,0,0,0,1,0,0.5,0.5,0.1,0.7,18,10,34,0.00,0.00,0.00,0.00,0.00,0.16,0.04,0.19,0.16,0.19,Matches,6,0,0.0,1.76,0.00,0.00,,14.1,0,0.09,-0.5,-0.5,126,157,80.3,1857,479,72,79,91.1,44,57,77.2,7,12,58.3,0.4,-0.1,3,6,4,4,144,13,0,0,19,11,2,0,0,0,0,4,7,2.05,5,0,1,1,0,2,0.59,1,0,1,0,0,8,7,3,3,2,3,42.9,4,5,4,12,8,0,211,4,14,3,33.3,5,55.6,132,6,8,2,143,44,12.6,63,0,3,19,5,1.29,5,4,+1,+0.29,+0.42,4.4,3.9,+0.5,+0.14,+0.37,0,2,0,1,0,18,2,40.0
,Agustin Mangiaut,,,,,,,,,,,,,,,,,,,,,,,,,,,,,,,,,,,,,,,,,,,,,,,,,,,,,,,,,,,,,,,,,,,,,,,,,,,,,,,,,,,,,,,,,,,,,,,,,,,,,,,,,,,,,,,,,,,,,,,,,,0,0,,5,,,,,,,,,,,,,,,,,,,
25,Agustín Alaniz,uy URU,"FW,MF",Banfield,23-145,2002,19,11,1048,11.6,2,2,4,2,0,0,1,0,1.8,1.8,1.9,3.7,35,24,70,0.17,0.17,0.34,0.17,0.34,0.15,0.16,0.31,0.15,0.31,Matches,26,7,26.9,2.23,0.60,0.08,0.29,19.6,2,0.07,+0.2,+0.2,178,267,66.7,2479,698,101,131,77.1,55,76,72.4,8,30,26.7,1.8,+0.1,8,13,6,1,233,32,0,1,32,5,9,3,5,0,2,14,22,1.88,11,2,4,3,0,3,0.26,2,0,1,0,0,17,12,3,10,4,3,21.4,11,15,6,23,5,0,441,4,34,13,29.5,31,70.5,238,15,41,21,274,55,43.1,82,3,8,18,8,0.95,12,13,-1,-0.09,+0.50,11.1,16.9,-5.8,-0.49,-0.34,0,16,0,0,0,40,2,10.0
34,Agustín Almendra,ar ARG,MF,Racing Club,25-239,2000,19,17,1132,12.6,0,0,0,0,0,0,4,0,0.7,0.7,0.8,1.6,6,83,18,0.00,0.00,0.00,0.00,0.00,0.06,0.07,0.13,0.06,0.13,Matches,20,5,25.0,1.59,0.40,0.00,0.00,27.6,1,0.04,-0.7,-0.7,397,529,75.0,7756,2383,161,187,86.1,166,208,79.8,62,114,54.4,0.8,-0.8,11,82,14,1,484,43,2,10,21,3,14,5,4,0,2,4,32,2.55,24,3,0,0,1,1,0.08,1,0,0,0,0,17,12,6,9,2,9,50.0,9,9,20,37,13,0,634,12,8,6,60.0,4,40.0,313,0,15,4,390,60,46.6,64,0,2,21,5,1.35,17,13,+4,+0.32,+0.04,14.8,16.6,-1.8,-0.15,-0.22,0,15,0,0,0,59,7,38.9
69,Agustín Auzmendi,ar ARG,FW,Godoy Cruz,28-249,1997,18,12,987,11.0,5,0,5,4,1,1,1,0,3.9,3.1,0.3,3.4,3,17,50,0.46,0.00,0.46,0.36,0.36,0.36,0.02,0.38,0.28,0.31,Matches,32,9,28.1,2.92,0.82,0.13,0.44,13.2,0,0.10,+1.1,+0.9,99,198,50.0,1478,245,54,97,55.7,29,58,50.0,8,12,66.7,0.3,-0.3,5,8,4,0,188,7,0,2,3,0,0,0,0,0,3,7,19,1.73,13,0,0,1,0,1,0.09,1,0,0,0,0,4,3,1,3,0,0,0.0,5,5,0,4,10,0,303,7,63,3,37.5,5,62.5,131,1,26,10,221,55,40.6,71,5,6,22,4,0.94,6,13,-7,-0.64,-0.14,10.1,10.0,+0.1,+0.01,+0.64,0,8,0,0,0,19,55,51.4
,Agustín Baldi,,,,,,,,,,,,,,,,,,,,,,,,,,,,,,,,,,,,,,,,,,,,,,,,,,,,,,,,,,,,,,,,,,,,,,,,,,,,,,,,,,,,,,,,,,,,,,,,,,,,,,,,,,,,,,,,,,,,,,,,,,0,0,,3,,,,,,,,,,,,,,,,,,,
130,Agustín Bouzat,ar ARG,MF,Vélez Sarsfield,31-194,1994,22,21,1794,19.9,0,2,2,0,0,0,11,0,0.3,0.3,1.6,2.0,36,105,37,0.00,0.10,0.10,0.00,0.10,0.02,0.08,0.10,0.02,0.10,Matches,10,4,40.0,0.50,0.20,0.00,0.00,27.3,0,0.03,-0.3,-0.3,730,1008,72.4,12714,4867,346,404,85.6,294,391,75.2,69,150,46.0,1.7,+0.4,24,100,12,3,909,95,3,9,55,18,22,5,14,0,4,25,47,2.36,34,8,2,1,0,2,0.10,2,0,0,0,0,72,42,27,37,8,23,46.9,26,30,24,96,40,1,1256,45,11,17,54.8,14,45.2,610,3,25,24,704,82,73.8,83,11,1,45,0,1.32,15,20,-5,-0.25,-0.11,16.2,17.6,-1.5,-0.07,+0.05,0,34,0,0,0,107,21,38.2
178,Agustín Cardozo,ar ARG,MF,Lanús,28-131,1997,25,23,2048,22.8,0,0,0,0,0,0,8,1,0.4,0.4,0.7,1.2,19,93,21,0.00,0.00,0.00,0.00,0.00,0.02,0.03,0.05,0.02,0.05,Matches,10,4,40.0,0.44,0.18,0.00,0.00,23.6,0,0.04,-0.4,-0.4,895,1037,86.3,14875,4987,422,463,91.1,388,433,89.6,65,98,66.3,0.7,-0.7,12,93,7,1,994,40,1,2,4,3,0,0,0,0,3,12,34,1.49,30,1,0,1,0,2,0.09,2,0,0,0,0,39,27,15,22,2,24,57.1,18,23,27,66,30,0,1232,42,6,5,29.4,11,64.7,589,0,20,10,738,82,84.3,87,15,2,28,0,1.54,20,17,+3,+0.13,-0.10,24.4,22.4,+2.0,+0.09,+0.20,1,32,0,0,0,157,33,52.4
216,Agustín Colazo,ar ARG,FW,Unión,24-327,2000,15,5,544,6.0,0,1,1,0,0,0,2,0,2.2,2.2,0.7,2.9,4,7,32,0.00,0.17,0.17,0.00,0.17,0.36,0.11,0.48,0.36,0.48,Matches,23,6,26.1,3.81,0.99,0.00,0.00,13.5,0,0.10,-2.2,-2.2,64,94,68.1,848,179,37,51,72.5,23,30,76.7,1,1,100.0,0.6,+0.3,8,5,1,1,89,4,0,0,1,1,0,0,0,0,1,4,13,2.15,9,0,1,1,0,3,0.50,1,0,1,0,0,2,1,0,2,0,0,0.0,2,4,0,2,5,0,160,5,39,2,28.6,5,71.4,85,3,14,7,107,36,22.4,71,2,10,19,9,1.07,3,6,-3,-0.50,-0.59,6.9,7.4,-0.5,-0.08,-0.33,0,8,0,0,0,18,21,36.8
256,Agustín De la Cuesta,ar ARG,MF,River Plate,19-277,2006,1,1,61,0.7,0,0,0,0,0,0,0,0,0.0,0.0,0.0,0.0,1,6,0,0.00,0.00,0.00,0.00,0.00,0.00,0.00,0.00,0.00,0.00,Matches,0,0,,0.00,0.00,,,,0,,0.0,0.0,45,49,91.8,745,250,25,27,92.6,18,18,100.0,2,4,50.0,0.0,0.0,0,7,0,0,48,1,0,1,0,0,0,0,0,0,0,0,3,4.43,1,1,0,1,0,0,0.00,0,0,0,0,0,1,1,0,1,0,0,0.0,2,0,2,3,1,0,54,1,0,0,,0,,30,0,1,1,42,61,2.5,61,0,0,,2,0.00,0,1,-1,-1.48,-2.24,0.7,0.6,+0.1,+0.13,-0.32,0,1,0,0,0,5,0,
250,Agustín Dáttola,ar ARG,DF,Belgrano,26-171,1999,4,4,360,4.0,0,0,0,0,0,0,1,0,0.1,0.1,0.0,0.1,2,13,0,0.00,0.00,0.00,0.00,0.00,0.02,0.00,0.02,0.02,0.02,Matches,2,0,0.0,0.50,0.00,0.00,,16.7,0,0.03,-0.1,-0.1,121,145,83.4,2558,936,25,29,86.2,77,84,91.7,15,27,55.6,0.0,0.0,0,12,0,0,135,10,0,0,0,0,0,0,0,0,0,0,2,0.50,2,0,0,0,0,0,0.00,0,0,0,0,0,3,2,2,1,0,2,66.7,1,2,3,6,20,0,178,16,2,0,,0,,89,0,1,0,99,90,14.8,90,4,0,,8,1.25,4,6,-2,-0.50,-0.24,4.0,2.9,+1.1,+0.28,+0.47,0,3,0,0,0,12,12,70.6
,Agustín Falcón,,,,,,,,,,,,,,,,,,,,,,,,,,,,,,,,,,,,,,,,,,,,,,,,,,,,,,,,,,,,,,,,,,,,,,,,,,,,,,,,,,,,,,,,,,,,,,,,,,,,,,,,,,,,,,,,,,,,,,,,,,0,0,,1,,,,,,,,,,,,,,,,,,,
363,Agustín García Basso,ar ARG,DF,Racing Club,33-196,1992,12,12,1049,11.7,0,2,2,0,0,0,2,0,0.1,0.1,0.6,0.7,8,54,9,0.00,0.17,0.17,0.00,0.17,0.01,0.05,0.06,0.01,0.06,Matches,4,0,0.0,0.34,0.00,0.00,,22.6,0,0.04,-0.1,-0.1,506,638,79.3,10827,3832,162,186,87.1,245,277,88.4,97,161,60.2,0.4,+1.4,5,46,6,2,594,39,1,12,10,15,0,0,0,0,5,4,12,1.03,10,0,0,0,1,2,0.17,1,0,0,0,1,14,9,6,8,0,4,50.0,4,4,16,30,55,0,757,61,4,6,60.0,4,40.0,375,0,6,1,469,87,43.2,87,10,0,,6,1.67,14,11,+3,+0.26,-0.07,14.4,14.8,-0.4,-0.03,-0.01,0,4,0,0,0,45,12,52.2
,Agustín Gálvez,,,,,,,,,,,,,,,,,,,,,,,,,,,,,,,,,,,,,,,,,,,,,,,,,,,,,,,,,,,,,,,,,,,,,,,,,,,,,,,,,,,,,,,,,,,,,,,,,,,,,,,,,,,,,,,,,,,,,,,,,,0,0,,4,,,,,,,,,,,,,,,,,,,
491,Agustín Ladstatter,ar ARG,"FW,MF",San Lorenzo,20-125,2005,13,1,303,3.4,0,0,0,0,0,0,1,0,0.3,0.3,0.3,0.6,11,12,30,0.00,0.00,0.00,0.00,0.00,0.09,0.09,0.18,0.09,0.18,Matches,5,2,40.0,1.49,0.59,0.00,0.00,21.9,0,0.06,-0.3,-0.3,60,103,58.3,1090,386,27,37,73.0,22,36,61.1,10,23,43.5,0.7,-0.3,4,5,4,1,92,10,0,1,20,0,9,5,3,0,1,4,13,3.86,9,2,1,1,0,1,0.30,1,0,0,0,0,6,3,4,2,0,2,50.0,2,8,1,7,3,0,160,1,7,6,35.3,11,64.7,90,5,14,9,101,23,12.5,74,0,12,19,13,1.31,3,4,-1,-0.30,-0.55,2.7,4.6,-1.9,-0.55,-0.89,0,8,0,0,0,26,0,0.0
492,Agustín Lagos,ar ARG,DF,Vélez Sarsfield,23-364,2001,12,9,704,7.8,0,0,0,0,0,0,6,1,0.6,0.6,0.9,1.5,20,59,41,0.00,0.00,0.00,0.00,0.00,0.08,0.11,0.19,0.08,0.19,Matches,7,2,28.6,0.89,0.26,0.00,0.00,20.4,3,0.09,-0.6,-0.6,290,447,64.9,4997,3003,121,154,78.6,142,207,68.6,19,62,30.6,1.2,-0.9,7,48,10,6,338,106,1,2,39,93,4,0,3,0,3,12,16,2.05,10,3,1,1,0,2,0.26,2,0,0,0,0,29,23,11,13,5,15,68.2,7,13,14,43,28,1,576,18,11,11,50.0,11,50.0,229,4,22,4,255,59,29.0,73,3,3,17,4,1.50,8,7,+1,+0.13,+0.49,9.2,6.9,+2.3,+0.29,+0.53,1,19,0,0,0,34,19,76.0
,Agustín Lastra,,,,,,,,,,,,,,,,,,,,,,,,,,,,,,,,,,,,,,,,,,,,,,,,,,,,,,,,,,,,,,,,,,,,,,,,,,,,,,,,,,,,,,,,,,,,,,,,,,,,,,,,,,,,,,,,,,,,,,,,,,0,0,,7,,,,,,,,,,,,,,,,,,,
,Agustín Maglione,,,,,,,,,,,,,,,,,,,,,,,,,,,,,,,,,,,,,,,,,,,,,,,,,,,,,,,,,,,,,,,,,,,,,,,,,,,,,,,,,,,,,,,,,,,,,,,,,,,,,,,,,,,,,,,,,,,,,,,,,,0,0,,6,,,,,,,,,,,,,,,,,,,
567,Agustín Marchesín,ar ARG,GK,Boca Juniors,37-206,1988,24,24,2159,24.0,0,0,0,0,0,0,2,0,0.0,0.0,0.0,0.0,0,0,0,0.00,0.00,0.00,0.00,0.00,0.00,0.00,0.00,0.00,0.00,Matches,0,0,,0.00,0.00,,,,0,,0.0,0.0,528,690,76.5,13669,9889,118,119,99.2,265,268,98.9,141,297,47.5,0.0,0.0,1,3,0,0,437,252,0,2,0,1,0,0,0,0,1,1,3,0.13,3,0,0,0,0,0,0.00,0,0,0,0,0,0,0,0,0,0,0,,0,0,0,0,8,2,724,617,0,2,100.0,0,0.0,314,0,0,0,272,90,88.8,90,23,0,,0,1.85,40,17,+23,+0.96,+0.96,33.2,22.3,+10.8,+0.45,+0.16,0,1,0,1,0,15,3,75.0
574,Agustín Martegani,ar ARG,MF,Boca Juniors,25-141,2000,1,1,57,0.6,0,0,0,0,0,0,0,0,0.1,0.1,0.0,0.1,1,0,2,0.00,0.00,0.00,0.00,0.00,0.12,0.00,0.12,0.12,0.12,Matches,1,1,100.0,1.58,1.58,0.00,0.00,22.2,0,0.07,-0.1,-0.1,19,21,90.5,246,51,12,12,100.0,5,5,100.0,1,2,50.0,0.0,0.0,0,3,0,0,18,3,0,0,1,0,1,0,0,0,0,0,1,1.58,0,0,0,1,0,0,0.00,0,0,0,0,0,1,0,0,1,0,1,100.0,0,0,0,1,0,0,30,0,1,1,100.0,0,0.0,15,0,4,0,22,57,2.3,57,0,0,,15,3.00,1,0,+1,+1.58,+0.74,0.6,0.0,+0.5,+0.81,+0.38,0,1,0,0,0,1,1,25.0
600,Agustín Medina,,MF,Lanús,,,21,11,1130,12.6,0,0,0,0,0,0,5,0,0.2,0.2,0.3,0.5,7,59,19,0.00,0.00,0.00,0.00,0.00,0.02,0.02,0.04,0.02,0.04,Matches,9,4,44.4,0.72,0.32,0.00,0.00,27.9,0,0.02,-0.2,-0.2,504,625,80.6,8549,2913,236,274,86.1,211,248,85.1,45,71,63.4,0.5,-0.3,6,61,2,0,618,6,2,7,1,0,0,0,0,0,1,12,26,2.07,23,0,0,1,2,2,0.16,2,0,0,0,0,40,27,13,21,6,21,63.6,12,23,18,58,16,1,772,18,5,8,72.7,3,27.3,369,0,17,7,449,54,46.5,84,4,10,21,5,1.64,8,7,+1,+0.08,-0.13,14.6,16.0,-1.4,-0.11,-0.32,0,34,0,1,0,89,14,45.2
,Agustín Melgarejo,,,,,,,,,,,,,,,,,,,,,,,,,,,,,,,,,,,,,,,,,,,,,,,,,,,,,,,,,,,,,,,,,,,,,,,,,,,,,,,,,,,,,,,,,,,,,,,,,,,,,,,,,,,,,,,,,,,,,,,,,,0,0,,6,,,,,,,,,,,,,,,,,,,
631,Agustín Molina,ar ARG,FW,Sarmiento,19-091,2006,2,0,33,0.4,0,0,0,0,0,0,0,0,0.1,0.1,0.0,0.1,0,0,0,0.00,0.00,0.00,0.00,0.00,0.15,0.00,0.15,0.15,0.15,Matches,1,0,0.0,2.73,0.00,0.00,,12.4,0,0.06,-0.1,-0.1,2,4,50.0,41,0,0,0,,2,3,66.7,0,0,,0.0,0.0,0,0,0,0,3,1,0,0,0,0,0,0,0,0,0,0,0,0.00,0,0,0,0,0,0,0.00,0,0,0,0,0,0,0,0,0,0,0,,0,1,0,0,0,0,13,1,1,1,33.3,2,66.7,6,0,2,0,7,17,1.4,,0,2,17,4,1.00,0,1,-1,-2.73,-2.34,0.1,0.5,-0.3,-0.94,-0.62,0,1,0,0,1,2,2,66.7
630,Agustín Módica,ar ARG,FW,Rosario Central,22-269,2003,1,0,11,0.1,0,0,0,0,0,0,0,0,0.0,0.0,0.0,0.0,0,0,1,0.00,0.00,0.00,0.00,0.00,0.00,0.00,0.00,0.00,0.00,Matches,0,0,,0.00,0.00,,,,0,,0.0,0.0,1,2,50.0,14,0,1,2,50.0,0,0,,0,0,,0.0,0.0,0,0,0,0,2,0,0,0,0,0,0,0,0,0,0,0,1,8.18,0,0,0,1,0,0,0.00,0,0,0,0,0,0,0,0,0,0,0,,0,1,0,0,1,0,5,0,0,0,,0,,4,0,0,1,3,11,0.5,,0,1,11,1,3.00,1,0,+1,+8.18,+7.45,0.5,0.0,+0.5,+3.78,+3.33,0,0,0,0,0,2,0,0.0
685,Agustín Obando,ar ARG,"MF,FW",Banfield,25-211,2000,4,1,90,1.0,0,0,0,0,0,0,0,0,0.1,0.1,0.1,0.2,2,4,0,0.00,0.00,0.00,0.00,0.00,0.10,0.06,0.15,0.10,0.15,Matches,1,0,0.0,1.00,0.00,0.00,,26.6,1,0.10,-0.1,-0.1,17,33,51.5,321,185,7,12,58.3,7,13,53.8,3,8,37.5,0.1,-0.1,2,4,1,1,29,4,0,0,6,0,4,2,2,0,0,1,2,2.00,1,1,0,0,0,0,0.00,0,0,0,0,0,0,0,0,0,0,0,,0,1,0,0,1,0,43,2,0,0,0.0,1,100.0,14,0,2,1,15,23,3.7,45,0,3,15,7,2.00,0,1,-1,-1.00,-0.65,0.7,1.9,-1.1,-1.14,-0.88,0,0,0,0,0,2,3,75.0
,Agustín Obregón,,,,,,,,,,,,,,,,,,,,,,,,,,,,,,,,,,,,,,,,,,,,,,,,,,,,,,,,,,,,,,,,,,,,,,,,,,,,,,,,,,,,,,,,,,,,,,,,,,,,,,,,,,,,,,,,,,,,,,,,,,0,0,,1,,,,,,,,,,,,,,,,,,,
717,Agustín Palavecino,ar ARG,"FW,MF",Aldosivi,22-213,2003,20,12,973,10.8,1,0,1,1,0,0,4,1,1.1,1.1,0.8,1.9,26,26,67,0.09,0.00,0.09,0.09,0.09,0.10,0.07,0.17,0.10,0.17,Matches,16,6,37.5,1.48,0.55,0.06,0.17,19.7,0,0.07,-0.1,-0.1,180,284,63.4,2781,784,90,126,71.4,68,100,68.0,9,23,39.1,0.8,-0.8,13,19,8,4,271,11,0,3,29,9,0,0,0,0,2,17,21,1.94,15,0,3,1,1,0,0.00,0,0,0,0,0,34,18,12,16,6,16,76.2,5,15,8,42,15,0,457,12,22,7,31.8,13,59.1,244,5,41,14,272,49,40.0,63,0,8,27,6,0.80,5,16,-11,-1.02,-0.40,9.1,15.5,-6.4,-0.59,-0.19,1,19,0,0,0,52,20,37.7
840,Agustín Rodríguez,ar ARG,"MF,FW",Lanús,21-159,2004,2,1,77,0.9,0,0,0,0,0,0,0,0,0.3,0.3,0.0,0.4,3,2,4,0.00,0.00,0.00,0.00,0.00,0.41,0.03,0.44,0.41,0.44,Matches,2,0,0.0,2.34,0.00,0.00,,17.7,0,0.17,-0.3,-0.3,16,25,64.0,206,102,11,14,78.6,5,7,71.4,0,2,0.0,0.0,0.0,2,3,0,0,25,0,0,0,1,0,0,0,0,0,0,2,5,5.84,4,0,0,0,0,0,0.00,0,0,0,0,0,1,1,0,1,0,1,100.0,0,0,0,1,0,0,32,1,1,0,0.0,1,100.0,24,0,1,3,27,39,3.2,69,0,1,8,13,0.50,0,0,0,0.00,-0.15,0.9,1.1,-0.2,-0.24,-0.31,0,0,0,0,0,2,0,0.0
917,Agustín Seyral,ar ARG,MF,Sarmiento,20-250,2005,1,0,12,0.1,0,0,0,0,0,0,0,0,0.0,0.0,0.0,0.0,0,0,0,0.00,0.00,0.00,0.00,0.00,0.00,0.00,0.00,0.00,0.00,Matches,0,0,,0.00,0.00,,,,0,,0.0,0.0,0,1,0.0,0,0,0,0,,0,0,,0,1,0.0,0.0,0.0,0,0,0,0,1,0,0,0,0,0,0,0,0,0,0,0,0,0.00,0,0,0,0,0,0,0.00,0,0,0,0,0,0,0,0,0,0,0,,0,1,0,0,4,0,7,5,0,0,,0,,0,0,0,0,1,12,0.5,,0,1,12,20,1.00,0,1,-1,-7.50,-7.11,0.0,1.8,-1.7,-12.96,-12.70,0,0,0,0,0,0,0,0.0
918,Agustín Sienra,ar ARG,DF,Defensa y Just,26-086,1999,1,1,90,1.0,0,0,0,0,0,0,0,0,0.0,0.0,0.0,0.0,1,2,1,0.00,0.00,0.00,0.00,0.00,0.00,0.00,0.00,0.00,0.00,Matches,0,0,,0.00,0.00,,,,0,,0.0,0.0,33,42,78.6,551,235,11,12,91.7,22,25,88.0,0,5,0.0,0.0,0.0,0,1,0,0,42,0,0,0,0,0,0,0,0,0,0,0,2,1.73,2,0,0,0,0,1,0.87,1,0,0,0,0,5,2,5,0,0,3,60.0,2,1,2,7,13,0,69,8,0,0,,0,,18,0,3,0,28,90,3.7,90,1,0,,8,0.00,1,4,-3,-3.00,-3.04,0.5,2.1,-1.5,-1.33,-1.20,0,1,0,0,0,4,2,66.7
895,Agustín Sández,py PAR,DF,Rosario Central,24-265,2001,25,25,2125,23.6,2,0,2,2,0,0,6,0,1.5,1.5,1.6,3.1,52,111,63,0.08,0.00,0.08,0.08,0.08,0.06,0.07,0.13,0.06,0.13,Matches,15,5,33.3,0.64,0.21,0.13,0.40,15.2,0,0.10,+0.5,+0.5,858,1137,75.5,14342,6816,424,481,88.1,357,454,78.6,60,140,42.9,0.6,-1.6,15,89,8,3,870,264,0,4,42,240,0,0,0,0,3,38,30,1.27,22,4,2,1,0,0,0.00,0,0,0,0,0,43,28,27,12,4,23,62.2,14,22,35,78,95,1,1413,66,23,9,34.6,15,57.7,641,5,26,17,737,85,90.8,85,19,0,,0,1.96,31,12,+19,+0.80,+0.39,29.0,17.1,+11.9,+0.51,+0.42,0,26,0,0,0,87,33,53.2
977,Agustín Urzi,ar ARG,"FW,MF",Huracán,25-157,2000,20,6,750,8.3,1,1,2,1,0,0,1,0,1.0,1.0,0.5,1.5,14,22,65,0.12,0.12,0.24,0.12,0.24,0.12,0.06,0.18,0.12,0.18,Matches,12,3,25.0,1.44,0.36,0.08,0.33,21.0,0,0.08,0.0,0.0,159,240,66.3,2392,788,86,112,76.8,55,81,67.9,10,25,40.0,0.4,+0.5,8,13,7,0,226,12,1,0,20,8,2,2,0,0,2,9,26,3.12,15,1,2,7,0,1,0.12,1,0,0,0,0,16,9,7,5,4,6,54.5,5,6,5,21,8,1,350,2,15,9,45.0,11,55.0,195,4,27,18,225,38,30.9,66,0,14,25,2,1.38,8,8,0,0.00,-0.27,11.5,8.7,+2.9,+0.34,+0.15,0,5,0,0,0,30,7,50.0
,Agustín Villalobos,,,,,,,,,,,,,,,,,,,,,,,,,,,,,,,,,,,,,,,,,,,,,,,,,,,,,,,,,,,,,,,,,,,,,,,,,,,,,,,,,,,,,,,,,,,,,,,,,,,,,,,,,,,,,,,,,,,,,,,,,,0,0,,1,,,,,,,,,,,,,,,,,,,
19,Alan Aguerre,ar ARG,GK,Cen. Córdoba–SdE,35-046,1990,25,25,2250,25.0,0,0,0,0,0,0,2,0,0.0,0.0,0.0,0.0,0,0,0,0.00,0.00,0.00,0.00,0.00,0.00,0.00,0.00,0.00,0.00,Matches,0,0,,0.00,0.00,,,,0,,0.0,0.0,359,567,63.3,11031,8528,57,58,98.3,156,156,100.0,141,344,41.0,0.0,0.0,1,10,0,0,288,275,0,0,0,0,0,0,0,0,4,0,1,0.04,1,0,0,0,0,0,0.00,0,0,0,0,0,2,1,2,0,0,2,100.0,0,0,0,2,14,0,625,517,0,0,,0,,254,0,1,0,151,90,92.6,90,25,0,,1,1.32,32,28,+4,+0.16,+1.16,30.0,28.3,+1.7,+0.07,-0.67,0,0,0,0,0,22,4,100.0
91,Alan Barrionuevo,ar ARG,DF,Tigre,28-279,1997,10,6,548,6.1,0,1,1,0,0,0,0,0,0.1,0.1,0.1,0.1,1,12,1,0.00,0.16,0.16,0.00,0.16,0.01,0.01,0.02,0.01,0.02,Matches,1,1,100.0,0.16,0.16,0.00,0.00,9.9,0,0.06,-0.1,-0.1,154,197,78.2,3437,1444,37,45,82.2,84,101,83.2,31,48,64.6,0.1,+0.9,3,8,2,0,175,22,0,1,0,1,0,0,0,0,0,1,6,0.99,6,0,0,0,0,1,0.16,1,0,0,0,0,8,5,3,5,0,3,60.0,2,4,5,13,36,0,263,51,3,1,100.0,0,0.0,89,0,1,1,104,55,22.6,90,6,4,2,11,2.00,5,2,+3,+0.49,+0.25,7.2,4.6,+2.6,+0.43,+0.17,0,1,0,0,0,15,20,45.5
337,Alan Forneris,ar ARG,MF,Racing Club,20-253,2005,2,2,162,1.8,0,0,0,0,0,0,0,0,0.0,0.0,0.0,0.0,2,9,1,0.00,0.00,0.00,0.00,0.00,0.01,0.01,0.02,0.01,0.02,Matches,1,0,0.0,0.56,0.00,0.00,,30.1,0,0.02,0.0,0.0,76,96,79.2,1439,425,29,35,82.9,38,45,84.4,9,15,60.0,0.0,0.0,1,6,0,0,96,0,0,0,0,0,0,0,0,0,0,1,2,1.11,2,0,0,0,0,0,0.00,0,0,0,0,0,10,6,8,2,0,4,66.7,2,1,2,12,1,0,114,3,0,0,0.0,1,100.0,42,0,1,0,71,81,6.7,81,1,0,,5,2.00,1,0,+1,+0.56,+0.28,1.7,2.5,-0.7,-0.42,-0.42,0,2,0,0,0,10,1,50.0
507,Alan Lescano,ar ARG,"MF,FW",Arg Juniors,23-331,2001,26,26,2196,24.4,6,4,10,6,0,1,5,0,4.7,3.9,2.6,6.5,42,124,94,0.25,0.16,0.41,0.25,0.41,0.19,0.11,0.30,0.16,0.27,Matches,50,13,26.0,2.05,0.53,0.12,0.46,20.0,3,0.08,+1.3,+2.1,957,1136,84.2,16972,4060,435,496,87.7,399,450,88.7,98,129,76.0,3.0,+1.4,26,96,19,2,1075,58,1,13,15,8,3,1,2,0,3,24,57,2.34,47,2,0,1,2,9,0.37,8,1,0,0,0,41,20,12,20,9,19,46.3,22,21,10,51,22,0,1417,25,74,22,48.9,22,48.9,849,5,49,41,1040,84,90.4,84,10,0,,0,1.86,35,11,+24,+0.98,+2.91,31.8,18.3,+13.5,+0.55,+1.55,0,24,0,0,0,113,19,43.2
841,Alan Rodríguez,uy URU,"MF,FW",Arg Juniors,25-256,2000,14,14,1162,12.9,2,1,3,2,0,0,2,0,1.1,1.1,2.0,3.1,39,53,99,0.15,0.08,0.23,0.15,0.23,0.08,0.16,0.24,0.08,0.24,Matches,17,6,35.3,1.32,0.46,0.12,0.33,20.7,0,0.06,+0.9,+0.9,412,559,73.7,5846,1590,251,300,83.7,116,156,74.4,24,61,39.3,2.4,-1.0,22,39,18,5,510,48,1,1,64,5,29,6,20,0,1,22,44,3.41,29,7,3,2,1,2,0.16,1,0,0,0,1,24,16,12,8,4,13,56.5,10,7,5,29,6,0,723,3,47,31,51.7,28,46.7,383,14,37,25,465,83,47.8,83,9,0,,0,1.87,17,6,+11,+0.85,+0.28,16.6,10.7,+6.0,+0.46,+0.11,0,11,0,0,0,66,6,24.0
928,Alan Sosa,ar ARG,"FW,MF",Gimnasia–LP,22-156,2003,17,9,871,9.7,0,0,0,0,0,0,0,0,1.7,1.7,0.6,2.3,21,32,64,0.00,0.00,0.00,0.00,0.00,0.17,0.06,0.23,0.17,0.23,Matches,23,6,26.1,2.38,0.62,0.00,0.00,20.7,0,0.07,-1.7,-1.7,243,367,66.2,3808,1149,126,164,76.8,88,119,73.9,18,47,38.3,0.6,-0.6,8,28,5,1,343,23,1,0,38,10,9,7,2,0,1,21,19,1.97,12,2,2,0,1,0,0.00,0,0,0,0,0,27,16,16,6,5,7,33.3,14,11,7,34,15,0,510,14,30,16,50.0,16,50.0,266,4,27,14,301,,,,0,0,,14,,,,,,,,,,,,0,6,0,0,0,69,10,50.0
990,Alan Velasco,ar ARG,"MF,FW",Boca Juniors,23-073,2002,22,13,1057,11.7,1,1,2,1,0,0,5,0,1.6,1.6,1.4,3.0,22,50,76,0.09,0.09,0.17,0.09,0.17,0.14,0.12,0.25,0.14,0.25,Matches,26,7,26.9,2.21,0.60,0.04,0.14,21.3,2,0.06,-0.6,-0.6,358,465,77.0,6478,1451,182,213,85.4,120,148,81.1,48,73,65.8,1.2,-0.4,17,48,7,2,424,38,2,13,39,5,17,11,5,0,3,14,43,3.66,24,7,3,6,0,5,0.43,3,0,1,1,0,26,12,10,14,2,13,48.1,14,17,7,33,10,0,665,4,18,17,41.5,24,58.5,351,2,53,31,451,48,43.5,69,1,9,17,2,1.63,14,9,+5,+0.43,-0.75,13.8,10.2,+3.6,+0.31,-0.22,0,20,0,0,0,67,10,45.5
,Alejandro Martínez,,,,,,,,,,,,,,,,,,,,,,,,,,,,,,,,,,,,,,,,,,,,,,,,,,,,,,,,,,,,,,,,,,,,,,,,,,,,,,,,,,,,,,,,,,,,,,,,,,,,,,,,,,,,,,,,,,,,,,,,,,0,0,,1,,,,,,,,,,,,,,,,,,,
632,Alejandro Molina,ar ARG,DF,San Martín de San Juan,28-059,1997,19,13,1128,12.5,0,0,0,0,0,0,4,0,0.3,0.3,0.6,0.9,13,26,43,0.00,0.00,0.00,0.00,0.00,0.03,0.05,0.07,0.03,0.07,Matches,8,3,37.5,0.64,0.24,0.00,0.00,17.8,0,0.04,-0.3,-0.3,303,473,64.1,5898,2870,126,152,82.9,128,202,63.4,45,86,52.3,0.7,-0.6,7,26,7,2,320,150,0,2,24,148,0,0,0,0,3,16,18,1.44,11,3,1,0,1,0,0.00,0,0,0,0,0,37,28,17,17,3,20,58.8,14,11,8,45,44,0,616,38,10,4,40.0,6,60.0,220,1,17,4,236,59,46.4,82,7,6,11,6,0.68,4,17,-13,-1.04,-0.83,8.2,15.4,-7.2,-0.57,-0.51,0,33,0,0,0,31,11,37.9
761,Alejandro Piedrahita,co COL,"FW,MF",Gimnasia–LP,23-035,2002,13,8,722,8.0,0,0,0,0,0,0,2,0,0.4,0.4,0.4,0.9,24,21,82,0.00,0.00,0.00,0.00,0.00,0.06,0.05,0.11,0.06,0.11,Matches,10,4,40.0,1.25,0.50,0.00,0.00,21.6,0,0.04,-0.4,-0.4,180,258,69.8,2903,800,98,121,81.0,55,74,74.3,17,35,48.6,0.6,-0.4,8,16,14,8,248,8,0,1,31,6,1,0,1,0,2,11,20,2.50,15,0,1,2,0,0,0.00,0,0,0,0,0,11,10,6,4,1,3,21.4,11,4,6,17,9,1,335,4,24,12,50.0,12,50.0,208,4,22,5,231,56,29.7,72,2,5,29,4,1.62,4,10,-6,-0.75,-0.33,6.7,11.1,-4.4,-0.55,-0.26,0,7,0,0,0,36,4,33.3
1008,Alejandro Villareal,co COL,FW,Aldosivi,,,1,0,6,0.1,0,0,0,0,0,0,0,0,0.0,0.0,0.0,0.0,0,0,2,0.00,0.00,0.00,0.00,0.00,0.00,0.00,0.00,0.00,0.00,Matches,0,0,,0.00,0.00,,,,0,,0.0,0.0,4,4,100.0,39,0,2,2,100.0,1,1,100.0,0,0,,0.0,0.0,0,0,0,0,4,0,0,0,0,0,0,0,0,0,0,0,0,0.00,0,0,0,0,0,0,0.00,0,0,0,0,0,0,0,0,0,0,0,,0,0,0,0,0,0,4,0,0,0,,0,,7,0,0,3,7,6,0.2,,0,1,6,1,1.00,0,0,0,0.00,+0.78,0.0,0.1,-0.1,-0.97,-0.50,0,0,0,0,0,0,0,
,Alejo Córdoba,,,,,,,,,,,,,,,,,,,,,,,,,,,,,,,,,,,,,,,,,,,,,,,,,,,,,,,,,,,,,,,,,,,,,,,,,,,,,,,,,,,,,,,,,,,,,,,,,,,,,,,,,,,,,,,,,,,,,,,,,,0,0,,7,,,,,,,,,,,,,,,,,,,
638,Alejo Montero,ar ARG,DF,Newell's OB,27-156,1998,23,21,1898,21.1,0,0,0,0,0,0,7,0,0.3,0.3,1.7,2.1,42,64,82,0.00,0.00,0.00,0.00,0.00,0.02,0.08,0.10,0.02,0.10,Matches,6,0,0.0,0.28,0.00,0.00,,18.9,0,0.05,-0.3,-0.3,559,782,71.5,9362,4749,275,301,91.4,238,350,68.0,40,91,44.0,2.0,-1.7,18,30,15,10,612,164,0,2,58,156,0,0,0,0,6,24,43,2.04,35,3,2,1,2,3,0.14,2,1,0,0,0,62,39,35,20,7,29,55.8,23,16,36,98,85,1,1041,73,13,11,39.3,15,53.6,437,4,29,7,444,83,78.1,88,17,2,29,0,1.09,16,24,-8,-0.38,+0.13,20.2,23.3,-3.2,-0.15,+0.05,0,28,0,0,0,108,25,64.1
671,Alejo Navarro,ar ARG,MF,Newell's OB,19-053,2006,1,0,5,0.1,0,0,0,0,0,0,0,0,0.0,0.0,0.0,0.0,0,0,0,0.00,0.00,0.00,0.00,0.00,0.00,0.00,0.00,0.00,0.00,Matches,0,0,,0.00,0.00,,,,0,,0.0,0.0,0,1,0.0,0,0,0,0,,0,0,,0,0,,0.0,0.0,0,0,0,0,1,0,0,0,0,0,0,0,0,0,0,1,0,0.00,0,0,0,0,0,0,0.00,0,0,0,0,0,0,0,0,0,0,0,,0,0,0,0,0,0,3,0,2,0,,0,,1,0,1,0,1,5,0.2,,0,1,5,3,0.00,0,0,0,0.00,+0.41,0.1,0.4,-0.3,-5.97,-5.82,0,0,0,0,0,0,0,
706,Alejo Osella,ar ARG,DF,Ind. Rivadavia,25-008,2000,14,7,617,6.9,0,0,0,0,0,0,1,0,0.1,0.1,0.0,0.1,3,19,11,0.00,0.00,0.00,0.00,0.00,0.01,0.00,0.01,0.01,0.01,Matches,1,0,0.0,0.15,0.00,0.00,,12.6,0,0.06,-0.1,-0.1,172,234,73.5,3191,1458,64,76,84.2,84,105,80.0,18,38,47.4,0.1,0.0,0,12,1,0,191,43,0,2,1,42,0,0,0,0,0,6,2,0.29,1,0,0,1,0,0,0.00,0,0,0,0,0,10,5,4,6,0,5,50.0,5,7,7,17,44,0,327,31,4,7,70.0,3,30.0,116,1,8,1,135,44,25.4,79,3,7,9,8,1.79,4,5,-1,-0.15,-0.25,5.8,8.6,-2.7,-0.40,-0.15,0,4,0,0,0,26,15,65.2
951,Alejo Tabares,ar ARG,"DF,MF",Newell's OB,24-110,2001,14,9,894,9.9,0,1,1,0,0,0,3,0,0.2,0.2,0.4,0.7,11,25,53,0.00,0.10,0.10,0.00,0.10,0.02,0.04,0.07,0.02,0.07,Matches,9,3,33.3,0.91,0.30,0.00,0.00,23.8,0,0.03,-0.2,-0.2,172,314,54.8,3228,1391,68,95,71.6,85,132,64.4,16,65,24.6,0.2,+0.6,5,12,3,2,234,80,0,1,32,79,0,0,0,0,0,16,11,1.11,8,1,0,0,1,2,0.20,1,0,0,0,1,17,11,9,6,2,11,78.6,3,4,12,29,38,1,450,37,13,2,22.2,7,77.8,164,1,19,4,185,64,36.8,84,7,5,28,8,1.14,10,12,-2,-0.20,+0.33,10.4,9.7,+0.7,+0.07,+0.36,0,12,0,1,0,28,14,56.0
992,Alejo Véliz,ar ARG,FW,Rosario Central,22-019,2003,10,10,817,9.1,3,0,3,3,0,0,3,0,3.2,3.2,0.5,3.7,5,16,30,0.33,0.00,0.33,0.33,0.33,0.36,0.05,0.41,0.36,0.41,Matches,25,13,52.0,2.75,1.43,0.12,0.23,13.1,0,0.13,-0.2,-0.2,78,115,67.8,1194,250,42,62,67.7,31,37,83.8,2,2,100.0,0.2,-0.5,5,8,2,0,102,13,0,0,1,0,0,0,0,0,0,3,17,1.87,7,0,1,5,0,2,0.22,1,0,0,1,0,3,1,0,2,1,2,66.7,1,3,0,3,10,0,192,11,36,6,100.0,0,0.0,86,3,19,12,136,82,34.9,82,6,0,,0,1.64,10,4,+6,+0.66,-0.17,10.7,6.0,+4.7,+0.52,+0.08,0,8,1,0,0,17,30,50.0
54,Alex Arce,py PAR,FW,Ind. Rivadavia,30-114,1995,7,6,522,5.8,2,0,2,2,0,0,1,0,2.7,2.7,0.0,2.8,7,17,34,0.34,0.00,0.34,0.34,0.34,0.47,0.01,0.48,0.47,0.48,Matches,13,6,46.2,2.24,1.03,0.15,0.33,14.0,1,0.21,-0.7,-0.7,90,148,60.8,1393,438,50,78,64.1,32,48,66.7,6,12,50.0,0.1,0.0,1,11,3,0,137,10,0,0,2,1,0,0,0,0,1,5,7,1.21,6,0,0,1,0,2,0.34,2,0,0,0,0,2,2,0,2,0,1,33.3,2,2,1,3,9,0,220,10,23,3,30.0,7,70.0,104,3,17,8,150,75,21.5,83,5,1,27,2,0.86,6,6,0,0.00,-0.05,6.3,6.2,+0.1,+0.01,+0.38,0,14,0,0,0,21,40,52.6
,Alex Juárez,,,,,,,,,,,,,,,,,,,,,,,,,,,,,,,,,,,,,,,,,,,,,,,,,,,,,,,,,,,,,,,,,,,,,,,,,,,,,,,,,,,,,,,,,,,,,,,,,,,,,,,,,,,,,,,,,,,,,,,,,,0,0,,1,,,,,,,,,,,,,,,,,,,
541,Alex Luna,ar ARG,"FW,MF",Instituto,21-191,2004,26,26,2212,24.6,8,2,10,6,2,2,7,0,5.6,4.0,3.2,7.2,56,96,165,0.33,0.08,0.41,0.24,0.33,0.23,0.13,0.36,0.16,0.29,Matches,66,20,30.3,2.69,0.81,0.09,0.30,24.0,8,0.06,+2.4,+2.0,461,687,67.1,7394,2133,229,285,80.4,166,225,73.8,42,97,43.3,2.9,-1.2,29,46,31,11,630,53,2,2,104,6,29,9,15,0,4,43,73,2.97,44,6,6,9,2,6,0.24,4,1,0,1,0,30,21,4,16,10,17,56.7,13,33,18,48,3,0,1090,3,67,40,36.4,69,62.7,688,20,101,62,794,85,91.0,85,15,0,,0,1.07,18,29,-11,-0.45,-0.86,25.2,26.0,-0.9,-0.03,+0.05,0,31,1,0,0,100,9,29.0
1002,Alex Vigo,ar ARG,"DF,FW",Sarmiento,26-163,1999,19,13,1294,14.4,0,2,2,0,0,0,4,0,0.8,0.8,2.1,2.9,24,52,97,0.00,0.14,0.14,0.00,0.14,0.06,0.15,0.20,0.06,0.20,Matches,14,4,28.6,0.97,0.28,0.00,0.00,21.2,0,0.06,-0.8,-0.8,476,634,75.1,8566,3044,204,237,86.1,222,289,76.8,43,78,55.1,2.1,-0.1,13,37,15,6,484,148,2,6,41,139,1,1,0,0,2,16,34,2.36,24,5,2,0,1,4,0.28,3,0,0,0,0,35,23,19,15,1,23,69.7,10,14,18,53,49,1,844,37,27,19,59.4,12,37.5,319,6,36,11,393,68,55.3,87,11,6,27,3,0.95,9,18,-9,-0.63,-0.45,14.7,20.0,-5.3,-0.37,-0.09,0,22,0,1,0,64,20,51.3
276,Alexander Díaz,ar ARG,"FW,MF",Deportivo Riestra,25-259,2000,23,10,1034,11.5,1,3,4,1,0,0,2,0,1.4,1.4,1.5,2.9,22,25,69,0.09,0.26,0.35,0.09,0.35,0.12,0.13,0.25,0.12,0.25,Matches,13,5,38.5,1.13,0.44,0.08,0.20,19.5,0,0.11,-0.4,-0.4,127,258,49.2,2006,665,60,99,60.6,44,87,50.6,13,33,39.4,1.0,+1.5,11,16,11,4,251,6,2,0,34,1,1,0,1,0,1,16,35,3.05,22,0,2,10,1,7,0.61,5,0,0,2,0,13,9,4,7,2,5,29.4,12,7,6,19,14,0,425,6,25,11,34.4,21,65.6,260,1,54,26,306,45,42.6,72,1,13,24,4,1.83,20,7,+13,+1.13,+1.07,14.1,11.1,+3.0,+0.26,+0.65,0,25,1,0,0,51,37,38.5
168,Alexis Canelo,ar ARG,FW,Lanús,33-247,1992,21,3,470,5.2,1,3,4,1,0,0,1,0,3.0,3.0,1.4,4.5,11,22,42,0.19,0.57,0.77,0.19,0.77,0.58,0.28,0.85,0.58,0.85,Matches,19,5,26.3,3.64,0.96,0.05,0.20,14.5,0,0.17,-2.0,-2.0,113,178,63.5,1709,574,63,87,72.4,36,55,65.5,8,13,61.5,1.1,+1.6,13,13,11,6,172,5,2,0,16,3,0,0,0,0,1,5,23,4.41,18,0,0,1,0,3,0.58,3,0,0,0,0,2,1,0,2,0,0,0.0,2,1,1,3,5,0,240,6,33,0,0.0,6,100.0,123,4,16,10,186,22,19.3,81,1,18,13,2,1.45,8,3,+5,+0.96,+1.00,9.2,6.7,+2.5,+0.48,+0.53,0,14,0,0,0,15,17,37.8
198,Alexis Castro,ar ARG,"MF,FW",Estudiantes–LP,30-355,1994,16,10,771,8.6,2,0,2,2,0,0,2,1,2.5,2.5,0.2,2.7,12,36,45,0.23,0.00,0.23,0.23,0.23,0.29,0.02,0.31,0.29,0.31,Matches,9,3,33.3,1.05,0.35,0.22,0.67,14.4,0,0.27,-0.5,-0.5,265,329,80.5,3820,986,149,177,84.2,96,113,85.0,9,13,69.2,0.7,-0.2,2,22,4,0,323,1,2,0,2,1,0,0,0,0,5,6,9,1.05,7,0,1,0,1,0,0.00,0,0,0,0,0,14,10,6,4,4,7,38.9,11,9,14,28,6,0,432,8,15,9,60.0,6,40.0,231,4,21,13,295,48,31.7,59,0,6,30,3,1.50,11,8,+3,+0.35,+0.57,9.3,9.0,+0.4,+0.04,-0.12,0,16,0,0,0,44,8,50.0
243,Alexis Cuello,ar ARG,"FW,MF",San Lorenzo,25-232,2000,25,22,1702,18.9,3,1,4,2,1,1,5,1,6.5,5.7,1.5,7.2,29,38,115,0.16,0.05,0.21,0.11,0.16,0.34,0.08,0.42,0.30,0.38,Matches,43,16,37.2,2.27,0.85,0.05,0.13,13.5,0,0.13,-3.5,-3.7,231,345,67.0,2883,865,144,203,70.9,68,97,70.1,2,3,66.7,1.0,-0.5,19,24,11,0,332,12,0,0,12,3,0,0,0,0,1,11,58,3.07,33,0,6,10,1,6,0.32,3,0,1,2,0,21,13,2,10,9,12,52.2,11,24,4,25,15,0,648,19,90,35,44.9,43,55.1,358,15,88,56,439,68,70.0,76,8,3,10,0,1.52,14,14,0,0.00,-0.62,20.3,13.5,+6.8,+0.36,+0.44,1,30,1,0,0,73,59,43.1
,Alexis Devesa,,,,,,,,,,,,,,,,,,,,,,,,,,,,,,,,,,,,,,,,,,,,,,,,,,,,,,,,,,,,,,,,,,,,,,,,,,,,,,,,,,,,,,,,,,,,,,,,,,,,,,,,,,,,,,,,,,,,,,,,,,0,0,,1,,,,,,,,,,,,,,,,,,,
284,Alexis Dominguez,ar ARG,"FW,MF",Aldosivi,28-343,1996,10,1,227,2.5,0,0,0,0,0,0,0,0,0.1,0.1,0.0,0.1,0,2,12,0.00,0.00,0.00,0.00,0.00,0.04,0.01,0.04,0.04,0.04,Matches,3,1,33.3,1.19,0.40,0.00,0.00,14.7,0,0.03,-0.1,-0.1,31,48,64.6,424,86,12,21,57.1,12,17,70.6,2,2,100.0,0.0,0.0,1,0,0,0,46,2,0,0,1,0,0,0,0,0,0,3,3,1.19,1,0,0,1,0,0,0.00,0,0,0,0,0,2,2,1,1,0,1,100.0,0,3,0,2,0,0,79,0,9,1,100.0,0,0.0,40,0,15,4,55,23,9.3,45,0,9,20,6,0.20,2,7,-5,-1.98,-1.33,1.6,4.4,-2.8,-1.11,-0.71,0,2,0,0,0,2,11,42.3
552,Alexis Maldonado,ar ARG,DF,Banfield,28-036,1997,20,20,1706,19.0,0,0,0,0,0,0,6,0,0.3,0.3,0.0,0.4,9,44,1,0.00,0.00,0.00,0.00,0.00,0.02,0.00,0.02,0.02,0.02,Matches,5,1,20.0,0.26,0.05,0.00,0.00,12.1,0,0.07,-0.3,-0.3,406,513,79.1,8790,3698,99,114,86.8,249,278,89.6,57,112,50.9,0.2,0.0,2,38,1,0,458,53,0,5,2,2,0,0,0,0,2,4,7,0.37,7,0,0,0,0,0,0.00,0,0,0,0,0,31,20,21,7,3,10,66.7,5,4,17,48,130,0,735,104,10,2,50.0,2,50.0,276,0,3,2,301,85,70.2,85,16,0,,1,1.10,19,23,-4,-0.21,+0.53,18.0,23.1,-5.1,-0.27,+0.11,0,18,0,2,0,55,47,68.1
553,Alexis Maldonado,ar ARG,DF,Belgrano,28-036,1997,3,3,270,3.0,0,0,0,0,0,0,0,0,0.0,0.0,0.0,0.0,4,8,1,0.00,0.00,0.00,0.00,0.00,0.00,0.00,0.00,0.00,0.00,Matches,5,1,20.0,0.26,0.05,0.00,0.00,12.1,0,0.07,-0.3,-0.3,406,513,79.1,8790,3698,99,114,86.8,249,278,89.6,57,112,50.9,0.2,0.0,2,38,1,0,458,53,0,5,2,2,0,0,0,0,2,4,7,0.37,7,0,0,0,0,0,0.00,0,0,0,0,0,31,20,21,7,3,10,66.7,5,4,17,48,130,0,735,104,10,2,50.0,2,50.0,276,0,3,2,301,85,70.2,85,16,0,,1,1.10,19,23,-4,-0.21,+0.53,18.0,23.1,-5.1,-0.27,+0.11,0,18,0,2,0,55,47,68.1
565,Alexis Manyoma,co COL,"MF,FW",Estudiantes–LP,22-278,2003,11,2,375,4.2,0,0,0,0,0,0,1,0,0.2,0.2,0.3,0.5,10,13,39,0.00,0.00,0.00,0.00,0.00,0.05,0.06,0.11,0.05,0.11,Matches,6,1,16.7,1.44,0.24,0.00,0.00,21.9,0,0.03,-0.2,-0.2,111,147,75.5,1412,335,64,79,81.0,34,45,75.6,1,7,14.3,0.3,-0.3,5,10,3,1,139,8,3,1,5,6,1,0,1,0,0,1,10,2.39,7,1,1,0,0,0,0.00,0,0,0,0,0,16,10,8,5,3,6,50.0,6,5,5,21,4,0,223,7,13,6,40.0,9,60.0,128,2,23,9,144,34,15.4,45,0,9,32,7,1.00,3,5,-2,-0.48,-0.52,3.8,3.9,-0.1,-0.03,-0.19,0,8,0,0,0,23,5,33.3
909,Alexis Segovia,ar ARG,FW,Lanús,21-115,2004,19,11,880,9.8,1,0,1,1,0,0,0,0,0.5,0.5,0.3,0.8,30,38,61,0.10,0.00,0.10,0.10,0.10,0.05,0.03,0.09,0.05,0.09,Matches,13,4,30.8,1.33,0.41,0.08,0.25,24.9,0,0.04,+0.5,+0.5,251,327,76.8,3757,1072,144,170,84.7,88,106,83.0,11,21,52.4,0.6,-0.3,8,15,12,4,313,11,0,0,16,8,1,0,0,0,3,19,29,2.97,17,2,3,6,0,2,0.21,1,0,0,1,0,16,11,4,11,1,8,40.0,12,16,6,22,17,0,458,12,20,11,52.4,10,47.6,281,7,22,15,309,46,36.2,67,3,8,18,6,1.40,9,14,-5,-0.51,-1.03,8.4,13.9,-5.5,-0.57,-0.98,0,15,0,0,0,64,10,62.5
937,Alexis Soto,ar ARG,DF,Defensa y Just,31-353,1993,25,25,2097,23.3,0,6,6,0,0,0,4,1,1.4,1.4,3.4,4.8,63,118,173,0.00,0.26,0.26,0.00,0.26,0.06,0.14,0.20,0.06,0.20,Matches,24,5,20.8,1.03,0.21,0.00,0.00,20.3,1,0.06,-1.4,-1.4,1036,1393,74.4,19531,7702,448,510,87.8,451,572,78.8,129,250,51.6,2.9,+2.6,34,99,35,15,1157,227,2,18,117,191,17,4,10,0,9,30,77,3.30,58,11,5,1,1,10,0.43,7,1,2,0,0,56,42,34,18,4,31,49.2,32,17,30,86,64,3,1690,78,25,22,50.0,22,50.0,838,9,37,18,995,84,86.3,84,19,0,,1,1.36,26,27,-1,-0.04,+0.23,22.4,25.7,-3.3,-0.14,+0.32,1,17,0,0,0,142,25,48.1
710,Alfio Oviedo,py PAR,FW,Tigre,29-294,1995,15,3,488,5.4,2,0,2,2,0,0,1,0,1.6,1.6,0.2,1.8,3,7,31,0.37,0.00,0.37,0.37,0.37,0.29,0.04,0.33,0.29,0.33,Matches,14,7,50.0,2.58,1.29,0.14,0.29,15.2,0,0.11,+0.4,+0.4,63,99,63.6,890,190,36,52,69.2,18,29,62.1,4,5,80.0,0.1,-0.2,6,5,0,0,97,2,0,0,1,0,0,0,0,0,0,1,13,2.40,8,0,1,1,0,2,0.37,1,0,0,1,0,6,4,0,2,4,1,100.0,0,10,0,6,9,0,185,8,22,7,63.6,3,27.3,86,3,25,11,134,33,20.1,71,0,12,23,3,1.73,7,5,+2,+0.37,+0.09,6.1,6.5,-0.4,-0.07,-0.47,0,8,1,0,0,9,32,47.8
449,Ander Herrera,es ESP,"MF,FW",Boca Juniors,36-055,1989,7,4,291,3.2,0,0,0,0,0,0,1,0,0.1,0.1,0.6,0.7,0,18,6,0.00,0.00,0.00,0.00,0.00,0.04,0.18,0.22,0.04,0.22,Matches,4,0,0.0,1.24,0.00,0.00,,23.0,0,0.04,-0.1,-0.1,220,255,86.3,3517,831,109,119,91.6,86,94,91.5,14,20,70.0,0.9,-0.6,5,14,6,0,246,9,3,1,5,1,0,0,0,0,0,5,13,4.03,10,0,1,1,0,2,0.62,1,0,0,1,0,8,5,3,4,1,3,42.9,4,3,6,14,7,0,294,9,5,2,66.7,1,33.3,161,0,5,2,210,42,12.0,61,0,3,16,0,1.63,4,2,+2,+0.62,-0.27,5.3,3.5,+1.9,+0.58,+0.16,0,4,1,0,0,20,6,85.7
,Andrew Pereira,,,,,,,,,,,,,,,,,,,,,,,,,,,,,,,,,,,,,,,,,,,,,,,,,,,,,,,,,,,,,,,,,,,,,,,,,,,,,,,,,,,,,,,,,,,,,,,,,,,,,,,,,,,,,,,,,,,,,,,,,,0,0,,4,,,,,,,,,,,,,,,,,,,
268,Andrés Desábato,ar ARG,GK,Platense,35-192,1990,4,4,360,4.0,0,0,0,0,0,0,0,0,0.0,0.0,0.0,0.0,0,0,0,0.00,0.00,0.00,0.00,0.00,0.00,0.00,0.00,0.00,0.00,Matches,0,0,,0.00,0.00,,,,0,,0.0,0.0,54,79,68.4,1382,1004,14,14,100.0,24,25,96.0,16,40,40.0,0.0,0.0,0,1,0,0,49,30,0,0,0,0,0,0,0,0,0,0,0,0.00,0,0,0,0,0,0,0.00,0,0,0,0,0,1,1,1,0,0,1,100.0,0,0,0,1,1,0,86,63,0,0,,0,,46,0,0,0,27,90,15.4,90,4,0,,19,1.00,6,8,-2,-0.50,-0.45,5.5,4.2,+1.4,+0.34,+0.47,0,0,0,0,0,4,1,100.0
,Andrés Marsengo,,,,,,,,,,,,,,,,,,,,,,,,,,,,,,,,,,,,,,,,,,,,,,,,,,,,,,,,,,,,,,,,,,,,,,,,,,,,,,,,,,,,,,,,,,,,,,,,,,,,,,,,,,,,,,,,,,,,,,,,,,0,0,,1,,,,,,,,,,,,,,,,,,,
1012,Andrés Vombergar,si SVN,FW,San Lorenzo,30-322,1994,22,17,1568,17.4,7,1,8,3,4,4,3,0,6.2,3.0,1.0,4.0,7,29,67,0.40,0.06,0.46,0.17,0.23,0.36,0.06,0.41,0.17,0.23,Matches,31,7,22.6,1.78,0.40,0.10,0.43,14.7,0,0.10,+0.8,0.0,231,380,60.8,3183,707,132,195,67.7,76,117,65.0,8,18,44.4,0.6,0.0,10,18,2,0,360,18,1,1,6,2,0,0,0,0,2,13,20,1.15,16,0,0,1,0,1,0.06,1,0,0,0,0,11,8,0,10,1,1,16.7,5,16,1,12,23,0,555,23,63,3,30.0,7,70.0,216,0,47,15,361,71,64.5,82,8,5,35,5,1.44,15,13,+2,+0.11,-0.20,17.0,13.0,+3.9,+0.23,-0.01,0,26,0,0,1,38,102,45.1
,Angelo Marchese,,,,,,,,,,,,,,,,,,,,,,,,,,,,,,,,,,,,,,,,,,,,,,,,,,,,,,,,,,,,,,,,,,,,,,,,,,,,,,,,,,,,,,,,,,,,,,,,,,,,,,,,,,,,,,,,,,,,,,,,,,0,0,,3,,,,,,,,,,,,,,,,,,,
504,Anibal Leguizamón,ar ARG,DF,Belgrano,33-271,1992,10,9,824,9.2,0,0,0,0,0,0,0,1,0.1,0.1,0.0,0.1,7,31,3,0.00,0.00,0.00,0.00,0.00,0.01,0.00,0.02,0.01,0.02,Matches,3,0,0.0,0.33,0.00,0.00,,9.9,0,0.04,-0.1,-0.1,266,356,74.7,5514,2871,102,117,87.2,111,132,84.1,48,94,51.1,0.2,0.0,1,30,2,1,330,24,0,4,1,3,0,0,0,0,2,3,4,0.44,3,1,0,0,0,0,0.00,0,0,0,0,0,9,1,5,4,0,5,83.3,1,3,11,20,60,2,457,61,11,0,0.0,1,100.0,182,1,3,0,246,82,33.9,90,8,1,15,10,0.80,5,14,-9,-0.98,-1.04,7.4,12.7,-5.4,-0.59,-0.70,0,10,0,0,0,29,31,63.3
35,Antony Alonso,ar ARG,"MF,FW",Deportivo Riestra,27-150,1998,25,18,1245,13.8,5,1,6,5,0,0,1,0,1.8,1.8,0.9,2.8,9,18,45,0.36,0.07,0.43,0.36,0.43,0.13,0.07,0.20,0.13,0.20,Matches,15,9,60.0,1.08,0.65,0.33,0.56,14.3,0,0.12,+3.2,+3.2,124,231,53.7,1562,698,86,131,65.6,25,53,47.2,5,10,50.0,1.4,+0.1,13,11,7,1,228,0,0,1,8,0,0,0,0,0,3,11,21,1.52,16,0,0,3,1,1,0.07,0,0,0,1,0,17,8,9,6,2,8,22.2,28,12,8,25,19,0,396,16,46,5,33.3,9,60.0,167,2,37,11,192,50,51.2,62,0,7,18,2,1.65,16,8,+8,+0.58,+0.12,12.1,14.0,-1.9,-0.13,-0.04,0,15,1,0,0,44,33,38.4
359,Ariel Gamarra,py PAR,"DF,MF",Arg Juniors,22-224,2003,4,0,25,0.3,0,0,0,0,0,0,0,0,0.0,0.0,0.4,0.4,1,2,0,0.00,0.00,0.00,0.00,0.00,0.00,1.48,1.48,0.00,1.48,Matches,0,0,,0.00,0.00,,,,0,,0.0,0.0,8,12,66.7,172,97,3,5,60.0,3,4,75.0,2,3,66.7,0.3,-0.4,2,1,2,1,10,2,1,0,1,1,0,0,0,0,0,0,2,7.20,2,0,0,0,0,0,0.00,0,0,0,0,0,2,1,1,1,0,0,,0,1,1,3,6,1,23,3,0,1,100.0,0,0.0,7,0,0,1,6,6,1.0,,0,4,6,11,3.00,0,0,0,0.00,-0.71,0.5,0.7,-0.2,-0.56,-0.98,0,0,0,0,0,0,0,0.0
606,Armando Méndez,uy URU,DF,Lanús,29-191,1996,13,7,677,7.5,0,0,0,0,0,0,4,0,0.4,0.4,0.9,1.3,18,17,30,0.00,0.00,0.00,0.00,0.00,0.05,0.12,0.17,0.05,0.17,Matches,4,3,75.0,0.53,0.40,0.00,0.00,14.6,0,0.09,-0.4,-0.4,196,258,76.0,3244,1462,89,103,86.4,79,99,79.8,17,36,47.2,0.9,-0.9,3,12,7,5,182,75,0,1,15,73,0,0,0,0,1,1,13,1.73,10,0,1,1,1,0,0.00,0,0,0,0,0,22,14,13,9,0,13,68.4,6,4,11,33,21,1,364,20,12,9,64.3,5,35.7,149,1,17,8,161,52,27.9,82,4,6,17,7,1.29,7,6,+1,+0.13,-0.02,10.9,7.9,+2.9,+0.39,+0.46,0,20,0,0,0,28,9,50.0
531,Augusto Lotti,it ITA,FW,Platense,29-120,1996,23,14,1100,12.2,1,2,3,1,0,1,0,0,2.6,1.9,1.4,3.2,7,19,65,0.08,0.16,0.25,0.08,0.25,0.23,0.12,0.34,0.16,0.27,Matches,21,7,33.3,1.72,0.57,0.05,0.14,15.1,0,0.09,-1.6,-0.9,151,248,60.9,2121,440,93,136,68.4,38,61,62.3,9,16,56.3,0.6,+0.6,15,6,7,0,232,14,0,1,13,0,0,0,0,0,2,10,25,2.13,22,0,2,1,0,4,0.34,3,0,1,0,0,4,2,0,2,2,1,25.0,3,7,1,5,9,0,357,8,48,5,55.6,4,44.4,170,3,28,17,238,48,47.0,65,1,9,21,0,1.52,9,9,0,0.00,+0.22,10.9,11.5,-0.6,-0.05,0.00,0,7,0,0,0,18,31,31.0
597,Augusto Max,ar ARG,"MF,FW",Gimnasia–LP,33-059,1992,9,2,330,3.7,0,0,0,0,0,0,3,0,0.0,0.0,0.1,0.1,1,12,3,0.00,0.00,0.00,0.00,0.00,0.00,0.01,0.01,0.00,0.01,Matches,0,0,,0.00,0.00,,,,0,,0.0,0.0,119,146,81.5,1968,577,58,67,86.6,47,57,82.5,12,14,85.7,0.1,-0.1,2,9,3,0,137,9,0,0,2,1,1,0,1,0,0,6,4,1.09,3,0,0,1,0,0,0.00,0,0,0,0,0,21,12,12,9,0,7,63.6,4,1,4,25,13,0,201,11,1,6,85.7,1,14.3,91,0,5,1,94,37,13.6,83,1,7,24,13,2.11,1,4,-3,-0.82,-0.35,2.9,6.0,-3.1,-0.84,-0.55,0,7,0,0,0,19,4,36.4
907,Augusto Schott,ar ARG,DF,Talleres,25-264,2000,19,17,1547,17.2,3,1,4,3,0,0,2,0,1.0,1.0,1.6,2.7,24,66,67,0.17,0.06,0.23,0.17,0.23,0.06,0.09,0.15,0.06,0.15,Matches,17,7,41.2,0.99,0.41,0.18,0.43,14.6,0,0.06,+2.0,+2.0,554,727,76.2,9174,4121,275,317,86.8,235,296,79.4,35,80,43.8,1.2,-0.6,15,52,14,10,547,179,0,2,38,156,0,0,0,0,1,18,27,1.57,24,2,0,1,0,1,0.06,1,0,0,0,0,44,31,31,12,1,22,57.9,16,12,19,63,59,0,925,46,27,4,26.7,11,73.3,381,2,26,9,428,81,63.7,86,14,2,45,8,1.11,10,13,-3,-0.17,+0.34,18.5,15.0,+3.5,+0.20,-0.20,0,19,0,0,0,57,17,41.5
924,Augusto Solari,ar ARG,MF,Unión,33-278,1992,8,1,252,2.8,1,0,1,1,0,0,1,0,0.3,0.3,0.1,0.4,3,12,17,0.36,0.00,0.36,0.36,0.36,0.11,0.05,0.15,0.11,0.15,Matches,3,1,33.3,1.07,0.36,0.33,1.00,21.4,0,0.10,+0.7,+0.7,72,109,66.1,1210,344,38,48,79.2,26,37,70.3,6,18,33.3,0.1,-0.1,4,11,2,1,105,3,0,3,11,3,0,0,0,0,1,5,10,3.57,8,0,0,2,0,0,0.00,0,0,0,0,0,5,3,1,2,2,3,60.0,2,8,4,9,4,0,151,4,4,3,42.9,4,57.1,69,0,7,4,81,32,10.4,72,0,7,26,0,1.50,1,5,-4,-1.43,-1.55,2.6,3.6,-0.9,-0.33,-0.56,0,4,0,0,0,18,1,33.3
925,Augusto Solari,ar ARG,"MF,FW",Rosario Central,33-278,1992,6,1,204,2.3,0,0,0,0,0,0,0,0,0.0,0.0,0.2,0.2,2,11,14,0.00,0.00,0.00,0.00,0.00,0.01,0.07,0.08,0.01,0.08,Matches,3,1,33.3,1.07,0.36,0.33,1.00,21.4,0,0.10,+0.7,+0.7,72,109,66.1,1210,344,38,48,79.2,26,37,70.3,6,18,33.3,0.1,-0.1,4,11,2,1,105,3,0,3,11,3,0,0,0,0,1,5,10,3.57,8,0,0,2,0,0,0.00,0,0,0,0,0,5,3,1,2,2,3,60.0,2,8,4,9,4,0,151,4,4,3,42.9,4,57.1,69,0,7,4,81,32,10.4,72,0,7,26,0,1.50,1,5,-4,-1.43,-1.55,2.6,3.6,-0.9,-0.33,-0.56,0,4,0,0,0,18,1,33.3
1017,Axel Werner,ar ARG,GK,Rosario Central,29-222,1996,2,2,180,2.0,0,0,0,0,0,0,0,0,0.0,0.0,0.0,0.0,0,0,0,0.00,0.00,0.00,0.00,0.00,0.00,0.00,0.00,0.00,0.00,Matches,0,0,,0.00,0.00,,,,0,,0.0,0.0,29,43,67.4,871,665,4,4,100.0,15,15,100.0,10,24,41.7,0.0,0.0,0,1,0,0,21,22,0,0,0,0,0,0,0,0,0,0,0,0.00,0,0,0,0,0,0,0.00,0,0,0,0,0,0,0,0,0,0,0,,0,0,0,0,1,0,46,37,0,0,,0,,16,0,0,0,12,90,7.7,90,2,0,,23,2.00,3,0,+3,+1.50,+0.79,3.9,1.7,+2.2,+1.09,+0.68,0,0,0,0,0,1,0,
236,Ayrton Costa,ar ARG,DF,Boca Juniors,26-088,1999,14,11,1085,12.1,1,0,1,1,0,0,6,1,1.4,1.4,0.2,1.6,6,16,0,0.08,0.00,0.08,0.08,0.08,0.12,0.02,0.13,0.12,0.13,Matches,9,3,33.3,0.75,0.25,0.11,0.33,9.0,0,0.16,-0.4,-0.4,503,572,87.9,8607,3646,227,242,93.8,239,257,93.0,34,63,54.0,0.1,-0.2,2,25,1,0,539,33,0,3,1,4,0,0,0,0,0,8,10,0.83,7,1,0,0,1,3,0.25,1,1,0,0,1,28,21,23,5,0,16,84.2,3,10,27,55,76,0,746,94,15,6,60.0,3,30.0,339,0,5,9,463,78,44.7,90,10,3,32,9,1.67,20,11,+9,+0.75,-0.19,16.3,10.8,+5.5,+0.45,+0.04,1,13,0,0,0,38,24,53.3
780,Ayrton Portillo,ar ARG,"DF,MF",San Martín de San Juan,25-051,2000,25,20,1841,20.5,0,1,1,0,0,0,5,0,0.4,0.4,0.7,1.0,36,46,65,0.00,0.05,0.05,0.00,0.05,0.02,0.03,0.05,0.02,0.05,Matches,11,2,18.2,0.54,0.10,0.00,0.00,17.8,0,0.03,-0.4,-0.4,323,549,58.8,5936,3384,127,164,77.4,148,238,62.2,37,90,41.1,0.8,+0.3,6,32,11,8,390,151,0,0,55,146,0,0,0,0,8,28,30,1.47,16,7,2,3,1,2,0.10,2,0,0,0,0,22,13,4,12,6,12,63.2,7,16,17,39,51,1,760,37,17,9,33.3,17,63.0,268,9,40,17,301,74,75.8,85,14,5,27,1,0.80,11,19,-8,-0.39,+0.83,15.3,20.7,-5.4,-0.27,+0.15,0,18,0,0,0,56,20,38.5
787,Ayrton Preciado,ec ECU,"FW,MF",Aldosivi,31-083,1994,22,8,950,10.6,2,2,4,2,0,0,0,0,1.2,1.2,0.8,2.0,36,33,59,0.19,0.19,0.38,0.19,0.38,0.12,0.08,0.19,0.12,0.19,Matches,17,4,23.5,1.61,0.38,0.12,0.50,22.9,3,0.07,+0.8,+0.8,265,362,73.2,4063,1126,153,180,85.0,80,106,75.5,21,56,37.5,1.1,+1.2,14,26,8,3,315,46,0,1,51,7,26,8,16,0,1,6,33,3.13,19,7,5,1,0,3,0.28,1,1,1,0,0,10,7,3,5,2,2,50.0,2,9,3,13,4,0,465,9,33,21,60.0,14,40.0,273,13,24,17,317,43,39.1,70,0,14,28,2,0.55,9,16,-7,-0.66,+0.19,6.7,12.8,-6.2,-0.58,-0.19,0,6,0,0,0,53,8,47.1
842,Baltasar Rodríguez,ar ARG,MF,Racing Club,22-091,2003,3,1,96,1.1,0,0,0,0,0,0,2,0,0.2,0.2,0.0,0.2,0,4,3,0.00,0.00,0.00,0.00,0.00,0.23,0.00,0.23,0.23,0.23,Matches,5,1,20.0,4.69,0.94,0.00,0.00,24.1,0,0.05,-0.2,-0.2,30,35,85.7,621,118,12,13,92.3,13,13,100.0,5,6,83.3,0.0,0.0,0,3,0,0,32,3,0,0,1,0,1,1,0,0,0,3,2,1.86,1,0,0,0,0,0,0.00,0,0,0,0,0,3,1,1,0,2,1,25.0,3,1,2,5,0,0,54,1,2,0,0.0,1,100.0,34,0,4,1,33,32,4.0,67,0,2,15,1,0.00,2,5,-3,-2.81,-3.24,0.6,0.8,-0.2,-0.15,-0.13,0,6,0,0,0,6,0,0.0
1018,Bastián Yañez,cl CHI,"MF,FW",Godoy Cruz,24-109,2001,19,11,966,10.7,0,2,2,0,0,0,2,0,0.4,0.4,0.9,1.3,27,39,75,0.00,0.19,0.19,0.00,0.19,0.04,0.08,0.12,0.04,0.12,Matches,12,1,8.3,1.12,0.09,0.00,0.00,22.0,0,0.03,-0.4,-0.4,275,372,73.9,4500,1236,148,171,86.5,91,120,75.8,27,54,50.0,0.9,+1.1,12,32,8,5,337,35,0,4,58,5,22,13,7,0,0,17,28,2.61,24,2,0,2,0,5,0.47,4,0,0,1,0,22,13,10,11,1,16,76.2,5,17,7,29,9,0,465,8,14,4,30.8,9,69.2,257,2,11,11,313,51,39.8,74,3,8,18,7,1.00,6,12,-6,-0.56,-0.01,6.1,12.7,-6.6,-0.61,-0.41,0,5,0,0,0,51,1,9.1
96,Bautista Barros Schelotto,ar ARG,DF,Platense,25-268,2000,8,3,449,5.0,0,0,0,0,0,0,1,0,0.0,0.0,0.1,0.2,0,14,10,0.00,0.00,0.00,0.00,0.00,0.01,0.03,0.04,0.01,0.04,Matches,1,1,100.0,0.20,0.20,0.00,0.00,23.1,0,0.03,0.0,0.0,108,180,60.0,1958,1009,50,64,78.1,42,72,58.3,15,36,41.7,0.1,-0.1,1,12,4,3,126,54,0,1,12,54,0,0,0,0,0,3,3,0.67,2,0,0,1,0,0,0.00,0,0,0,0,0,11,9,6,5,0,8,44.4,10,4,6,17,17,0,235,16,1,0,,0,,71,0,3,1,84,56,19.2,90,3,5,36,17,1.25,2,3,-1,-0.20,-0.11,4.6,5.6,-1.0,-0.22,-0.20,0,5,0,0,0,13,4,36.4
488,Bautista Kociubinski,ar ARG,"MF,FW",Estudiantes–LP,24-165,2001,5,2,184,2.0,0,0,0,0,0,0,1,0,0.1,0.1,0.3,0.4,1,17,0,0.00,0.00,0.00,0.00,0.00,0.06,0.15,0.21,0.06,0.21,Matches,3,1,33.3,1.47,0.49,0.00,0.00,20.6,0,0.04,-0.1,-0.1,77,92,83.7,1377,483,29,34,85.3,32,34,94.1,10,15,66.7,0.4,-0.3,3,9,2,0,90,2,0,1,0,1,0,0,0,0,0,1,6,2.93,5,0,0,1,0,0,0.00,0,0,0,0,0,10,7,3,5,2,6,66.7,3,2,6,16,5,0,125,6,1,1,50.0,1,50.0,50,0,4,3,57,37,7.6,52,0,3,27,7,1.60,1,5,-4,-1.96,-2.08,1.9,2.4,-0.5,-0.25,-0.41,0,5,0,0,0,15,5,83.3
614,Bautista Merlini,ar ARG,"MF,FW",Gimnasia–LP,30-096,1995,18,7,801,8.9,0,2,2,0,0,0,5,0,0.4,0.4,0.8,1.2,40,61,62,0.00,0.22,0.22,0.00,0.22,0.05,0.09,0.14,0.05,0.14,Matches,7,2,28.6,0.79,0.22,0.00,0.00,20.6,0,0.06,-0.4,-0.4,362,425,85.2,5069,1231,204,232,87.9,132,146,90.4,11,14,78.6,1.3,+1.2,10,38,11,0,412,13,3,0,9,6,2,0,0,0,0,16,22,2.48,20,0,0,1,0,1,0.11,1,0,0,0,0,12,10,6,5,1,5,26.3,14,14,4,16,11,0,542,6,15,14,46.7,15,50.0,334,4,24,18,384,45,33.0,69,1,11,29,2,1.22,5,9,-4,-0.45,+0.10,7.2,9.5,-2.3,-0.26,+0.16,0,13,0,0,0,63,2,12.5
,Benjamin Acosta,,,,,,,,,,,,,,,,,,,,,,,,,,,,,,,,,,,,,,,,,,,,,,,,,,,,,,,,,,,,,,,,,,,,,,,,,,,,,,,,,,,,,,,,,,,,,,,,,,,,,,,,,,,,,,,,,,,,,,,,,,0,0,,1,,,,,,,,,,,,,,,,,,,
123,Benjamín Bosch,ar ARG,MF,Vélez Sarsfield,20-115,2005,2,1,106,1.2,0,0,0,0,0,0,0,0,0.1,0.1,0.0,0.1,2,6,11,0.00,0.00,0.00,0.00,0.00,0.07,0.00,0.07,0.07,0.07,Matches,2,1,50.0,1.70,0.85,0.00,0.00,22.2,0,0.04,-0.1,-0.1,32,44,72.7,484,177,16,23,69.6,11,12,91.7,2,3,66.7,0.1,0.0,0,2,3,1,44,0,0,0,4,0,0,0,0,0,0,3,0,0.00,0,0,0,0,0,0,0.00,0,0,0,0,0,0,0,0,0,0,0,,0,0,1,1,2,0,58,1,2,3,50.0,3,50.0,40,1,4,2,44,,,,0,0,,4,,,,,,,,,,,,0,1,0,0,0,5,0,0.0
905,Benjamín Schamine,ar ARG,MF,Defensa y Just,21-349,2003,13,3,449,5.0,0,2,2,0,0,0,3,0,0.4,0.4,0.7,1.0,1,11,14,0.00,0.40,0.40,0.00,0.40,0.07,0.14,0.21,0.07,0.21,Matches,4,0,0.0,0.80,0.00,0.00,,15.6,0,0.09,-0.4,-0.4,113,152,74.3,1990,761,52,64,81.3,51,60,85.0,8,16,50.0,0.2,+1.3,3,12,3,0,143,9,0,1,4,5,1,1,0,0,0,6,6,1.21,5,0,0,0,0,2,0.40,1,0,0,0,0,15,6,3,9,3,7,43.8,9,6,4,19,20,1,214,14,9,1,33.3,1,33.3,76,0,9,4,98,35,18.5,81,1,10,21,7,1.62,9,10,-1,-0.20,-0.16,5.7,8.1,-2.5,-0.49,-0.38,0,7,0,0,0,27,6,50.0
,Bernardo Benítez,,,,,,,,,,,,,,,,,,,,,,,,,,,,,,,,,,,,,,,,,,,,,,,,,,,,,,,,,,,,,,,,,,,,,,,,,,,,,,,,,,,,,,,,,,,,,,,,,,,,,,,,,,,,,,,,,,,,,,,,,,0,0,,4,,,,,,,,,,,,,,,,,,,
64,Blas Armoa,py PAR,FW,Tigre,25-247,2000,12,5,436,4.8,0,2,2,0,0,0,1,0,1.1,1.1,0.4,1.5,13,5,35,0.00,0.41,0.41,0.00,0.41,0.22,0.09,0.31,0.22,0.31,Matches,12,3,25.0,2.48,0.62,0.00,0.00,16.0,0,0.09,-1.1,-1.1,47,88,53.4,576,58,30,44,68.2,14,28,50.0,1,2,50.0,0.1,+1.6,2,0,0,0,85,2,0,0,7,1,0,0,0,0,1,6,8,1.65,2,0,1,1,1,1,0.21,0,0,0,0,1,1,1,0,1,0,0,,0,3,2,3,3,0,144,3,18,5,45.5,6,54.5,84,5,20,3,110,36,17.9,68,0,7,14,11,1.17,3,3,0,0.00,-0.36,7.2,5.3,+1.9,+0.39,+0.10,0,8,0,0,0,11,11,26.2
838,Blas Riveros,py PAR,DF,Talleres,27-247,1998,12,6,718,8.0,0,1,1,0,0,0,0,0,0.2,0.2,0.8,1.0,25,30,31,0.00,0.13,0.13,0.00,0.13,0.03,0.11,0.13,0.03,0.13,Matches,9,3,33.3,1.13,0.38,0.00,0.00,28.0,0,0.02,-0.2,-0.2,225,303,74.3,4153,1791,106,121,87.6,92,116,79.3,25,52,48.1,1.4,+0.2,4,22,4,2,245,56,0,2,27,51,1,0,1,0,2,9,11,1.38,9,1,1,0,0,1,0.13,1,0,0,0,0,16,9,11,5,0,8,40.0,12,4,4,20,21,0,395,18,9,9,37.5,15,62.5,189,3,9,3,194,60,29.5,90,6,6,30,4,1.00,9,8,+1,+0.13,+0.60,11.0,9.5,+1.5,+0.19,-0.13,0,3,0,0,0,35,7,63.6
245,Braian Cufré,ar ARG,DF,Cen. Córdoba–SdE,28-297,1996,20,17,1460,16.2,0,1,1,0,0,0,0,0,1.1,1.1,1.4,2.5,23,86,62,0.00,0.06,0.06,0.00,0.06,0.07,0.09,0.15,0.07,0.15,Matches,20,5,25.0,1.23,0.31,0.00,0.00,24.4,8,0.05,-1.1,-1.1,683,878,77.8,12033,4818,299,336,89.0,315,384,82.0,59,132,44.7,2.5,-0.4,18,56,16,5,700,176,1,5,89,110,43,6,31,0,2,9,51,3.15,24,23,0,1,0,5,0.31,1,3,0,0,0,22,9,11,8,3,16,80.0,4,13,12,34,35,1,1023,38,17,9,52.9,8,47.1,463,0,15,5,582,73,60.1,83,12,3,17,3,1.25,22,20,+2,+0.12,+0.12,20.9,15.9,+5.0,+0.31,+0.47,0,15,0,0,0,77,8,57.1
434,Braian Guille,ar ARG,"MF,FW",Deportivo Riestra,28-069,1997,6,1,143,1.6,1,0,1,1,0,0,2,0,0.6,0.6,0.6,1.2,2,6,13,0.63,0.00,0.63,0.63,0.63,0.39,0.39,0.78,0.39,0.78,Matches,6,2,33.3,3.78,1.26,0.17,0.50,19.5,0,0.10,+0.4,+0.4,29,54,53.7,448,175,18,27,66.7,8,13,61.5,3,10,30.0,0.5,-0.6,1,5,1,0,46,8,0,0,5,1,3,2,1,0,0,4,6,3.78,3,1,1,0,0,1,0.63,1,0,0,0,0,5,1,1,3,1,2,50.0,2,2,2,7,1,0,90,0,2,6,60.0,4,40.0,50,0,10,8,49,24,5.9,56,0,5,17,6,1.71,2,0,+2,+1.26,+0.79,2.3,1.5,+0.8,+0.53,+0.68,0,3,0,0,0,12,2,22.2
865,Braian Romero,ar ARG,FW,Vélez Sarsfield,34-115,1991,24,21,1888,21.0,8,2,10,7,1,1,8,0,8.6,7.8,1.5,9.3,20,28,117,0.38,0.10,0.48,0.33,0.43,0.41,0.07,0.48,0.37,0.44,Matches,54,20,37.0,2.57,0.95,0.13,0.35,15.9,3,0.14,-0.6,-0.8,241,374,64.4,3293,614,143,200,71.5,69,97,71.1,14,24,58.3,1.4,+0.5,8,12,8,1,330,42,2,1,6,7,0,0,0,0,2,15,31,1.48,17,0,6,5,0,4,0.19,3,0,0,1,0,24,13,7,13,4,6,66.7,3,13,3,27,18,0,634,14,76,20,42.6,25,53.2,340,9,62,32,435,79,77.7,85,13,3,32,0,1.33,19,22,-3,-0.14,+0.36,17.5,20.3,-2.7,-0.13,-0.20,0,31,1,0,0,43,38,42.2
885,Branco Salinardi,ar ARG,"FW,MF",San Lorenzo,18-165,2007,9,1,166,1.8,1,0,1,1,0,0,1,0,0.9,0.9,0.0,0.9,0,3,10,0.54,0.00,0.54,0.54,0.54,0.46,0.02,0.49,0.46,0.49,Matches,4,1,25.0,2.17,0.54,0.25,1.00,10.5,0,0.21,+0.1,+0.1,18,31,58.1,216,43,12,19,63.2,2,6,33.3,1,1,100.0,0.0,0.0,2,2,0,0,31,0,0,0,0,0,0,0,0,0,0,1,2,1.08,2,0,0,0,0,0,0.00,0,0,0,0,0,5,3,1,3,1,3,75.0,1,0,0,5,1,0,51,1,6,0,0.0,2,100.0,19,0,4,3,34,18,6.8,67,0,8,12,13,1.67,2,0,+2,+1.08,+0.97,1.8,2.0,-0.2,-0.10,-0.35,0,8,0,0,0,6,6,27.3
,Brandon Márquez,,,,,,,,,,,,,,,,,,,,,,,,,,,,,,,,,,,,,,,,,,,,,,,,,,,,,,,,,,,,,,,,,,,,,,,,,,,,,,,,,,,,,,,,,,,,,,,,,,,,,,,,,,,,,,,,,,,,,,,,,,0,0,,8,,,,,,,,,,,,,,,,,,,
711,Brandon Oviedo,ar ARG,DF,Banfield,20-256,2005,5,5,299,3.3,0,0,0,0,0,0,3,0,0.0,0.0,0.0,0.0,10,8,4,0.00,0.00,0.00,0.00,0.00,0.01,0.00,0.01,0.01,0.01,Matches,1,1,100.0,0.30,0.30,0.00,0.00,17.7,0,0.02,0.0,0.0,57,94,60.6,1149,434,20,32,62.5,26,38,68.4,11,20,55.0,0.0,0.0,0,9,0,0,76,16,0,0,2,11,0,0,0,0,2,2,2,0.60,0,0,1,1,0,0,0.00,0,0,0,0,0,11,7,5,5,1,5,83.3,1,2,7,18,18,0,146,16,3,5,62.5,2,25.0,62,2,3,1,55,60,12.3,60,2,0,,7,0.80,2,3,-1,-0.30,+0.08,4.0,2.7,+1.3,+0.39,+0.79,0,11,0,0,0,12,5,55.6
,Brian Aguilar,,,,,,,,,,,,,,,,,,,,,,,,,,,,,,,,,,,,,,,,,,,,,,,,,,,,,,,,,,,,,,,,,,,,,,,,,,,,,,,,,,,,,,,,,,,,,,,,,,,,,,,,,,,,,,,,,,,,,,,,,,0,0,,1,,,,,,,,,,,,,,,,,,,
22,Brian Aguirre,ar ARG,"MF,FW",Boca Juniors,22-129,2003,14,9,668,7.4,1,2,3,1,0,0,0,0,1.2,1.2,1.1,2.3,25,22,62,0.13,0.27,0.40,0.13,0.40,0.16,0.15,0.30,0.16,0.30,Matches,13,5,38.5,1.75,0.67,0.08,0.20,19.7,0,0.09,-0.2,-0.2,146,212,68.9,2146,440,80,109,73.4,51,64,79.7,9,17,52.9,1.0,+0.9,6,9,9,4,205,7,0,1,23,5,1,0,0,0,0,8,15,2.02,9,0,1,3,1,2,0.27,2,0,0,0,0,7,4,3,3,1,5,38.5,8,9,5,12,6,0,297,3,29,16,50.0,16,50.0,183,12,16,10,201,48,27.5,68,0,5,11,13,2.00,14,3,+11,+1.48,+0.87,9.9,4.7,+5.2,+0.70,+0.37,0,14,0,0,0,34,7,43.8
163,Brian Calderara,ar ARG,DF,Newell's OB,27-008,1998,2,1,70,0.8,0,0,0,0,0,0,0,0,0.0,0.0,0.0,0.0,1,1,9,0.00,0.00,0.00,0.00,0.00,0.03,0.00,0.03,0.03,0.03,Matches,1,0,0.0,1.29,0.00,0.00,,31.0,0,0.02,0.0,0.0,26,33,78.8,371,72,17,18,94.4,6,8,75.0,2,2,100.0,0.0,0.0,0,0,1,1,28,5,0,0,3,4,0,0,0,0,0,1,1,1.27,1,0,0,0,0,0,0.00,0,0,0,0,0,3,2,2,1,0,1,33.3,2,2,0,3,5,0,51,2,1,0,0.0,2,100.0,29,0,1,1,28,35,2.9,56,0,1,14,4,1.50,0,1,-1,-1.29,-0.90,0.1,0.7,-0.6,-0.74,-0.60,0,1,0,0,0,2,0,0.0
577,Brian Martínez,ar ARG,"MF,FW",Tigre,26-051,1999,7,1,186,2.1,2,1,3,0,2,2,2,0,1.7,0.2,0.4,0.5,3,6,23,0.97,0.48,1.45,0.00,0.48,0.81,0.18,0.99,0.08,0.25,Matches,3,0,0.0,1.45,0.00,0.00,,23.1,0,0.05,+0.3,-0.2,56,82,68.3,935,238,33,45,73.3,17,21,81.0,6,12,50.0,0.4,+0.6,6,4,2,0,71,11,0,3,10,5,3,0,2,0,0,2,8,3.87,6,0,0,1,0,2,0.97,1,0,0,1,0,6,3,0,4,2,2,100.0,0,2,0,6,1,0,128,0,9,4,50.0,4,50.0,78,0,18,11,92,27,7.7,62,0,6,21,4,0.86,4,3,+1,+0.48,+0.20,3.9,2.3,+1.6,+0.79,+0.53,0,1,1,0,0,11,1,14.3
,Bruno Barticciotto,,,,,,,,,,,,,,,,,,,,,,,,,,,,,,,,,,,,,,,,,,,,,,,,,,,,,,,,,,,,,,,,,,,,,,,,,,,,,,,,,,,,,,,,,,,,,,,,,,,,,,,,,,,,,,,,,,,,,,,,,,0,0,,2,,,,,,,,,,,,,,,,,,,
158,Bruno Cabrera,ar ARG,FW,Lanús,22-109,2003,6,3,246,2.7,0,0,0,0,0,0,2,0,0.2,0.2,0.0,0.2,1,5,15,0.00,0.00,0.00,0.00,0.00,0.08,0.00,0.08,0.08,0.08,Matches,3,3,100.0,1.10,1.10,0.00,0.00,16.9,0,0.07,-0.2,-0.2,36,52,69.2,481,115,22,27,81.5,11,13,84.6,1,2,50.0,0.2,0.0,0,0,1,0,52,0,1,0,2,0,0,0,0,0,0,4,5,1.83,3,0,0,2,0,1,0.37,1,0,0,0,0,1,0,0,1,0,0,0.0,2,4,1,2,0,0,80,0,6,0,0.0,3,75.0,58,0,8,6,72,41,10.1,59,0,3,23,13,2.00,2,2,0,0.00,-0.16,4.4,2.7,+1.7,+0.62,+0.63,0,7,0,0,0,5,5,33.3
509,Bruno Leyes,ar ARG,MF,Tigre,23-343,2001,9,6,523,5.8,0,0,0,0,0,0,3,0,0.1,0.1,0.1,0.1,5,26,2,0.00,0.00,0.00,0.00,0.00,0.01,0.01,0.02,0.01,0.02,Matches,2,0,0.0,0.34,0.00,0.00,,24.7,0,0.03,-0.1,-0.1,215,277,77.6,4353,1571,75,93,80.6,106,123,86.2,34,52,65.4,0.5,-0.1,1,32,2,0,268,9,0,4,2,0,0,0,0,0,0,5,5,0.86,5,0,0,0,0,0,0.00,0,0,0,0,0,12,7,6,4,2,6,42.9,8,8,7,19,28,0,354,28,1,2,100.0,0,0.0,137,0,6,2,186,58,21.5,75,1,3,24,2,1.56,4,4,0,0.00,-0.38,8.4,5.9,+2.5,+0.44,+0.17,0,12,0,0,0,18,9,47.4
510,Bruno Leyes,ar ARG,MF,Godoy Cruz,23-343,2001,13,10,952,10.6,0,0,0,0,0,0,3,0,0.1,0.1,0.5,0.6,3,48,5,0.00,0.00,0.00,0.00,0.00,0.01,0.04,0.05,0.01,0.05,Matches,2,0,0.0,0.34,0.00,0.00,,24.7,0,0.03,-0.1,-0.1,215,277,77.6,4353,1571,75,93,80.6,106,123,86.2,34,52,65.4,0.5,-0.1,1,32,2,0,268,9,0,4,2,0,0,0,0,0,0,5,5,0.86,5,0,0,0,0,0,0.00,0,0,0,0,0,12,7,6,4,2,6,42.9,8,8,7,19,28,0,354,28,1,2,100.0,0,0.0,137,0,6,2,186,58,21.5,75,1,3,24,2,1.56,4,4,0,0.00,-0.38,8.4,5.9,+2.5,+0.44,+0.17,0,12,0,0,0,18,9,47.4
770,Bruno Pittón,ar ARG,DF,Unión,32-249,1993,10,8,620,6.9,0,0,0,0,0,0,2,0,0.0,0.0,0.9,0.9,8,46,28,0.00,0.00,0.00,0.00,0.00,0.00,0.13,0.13,0.00,0.13,Matches,1,0,0.0,0.15,0.00,0.00,,23.1,0,0.03,0.0,0.0,221,311,71.1,3804,1594,100,123,81.3,100,127,78.7,20,45,44.4,0.6,-0.9,7,24,3,2,258,53,0,0,29,40,8,2,5,0,0,10,16,2.32,9,6,0,0,0,0,0.00,0,0,0,0,0,13,10,8,2,3,5,71.4,2,8,4,17,19,0,374,14,11,2,50.0,2,50.0,170,2,8,3,212,62,25.5,69,3,2,34,3,0.80,4,6,-2,-0.29,-0.34,8.1,7.4,+0.8,+0.11,-0.09,0,7,0,0,0,18,8,57.1
912,Bruno Sepúlveda,ar ARG,FW,Banfield,33-021,1992,6,3,292,3.2,0,0,0,0,0,0,1,0,0.5,0.5,0.0,0.5,1,8,13,0.00,0.00,0.00,0.00,0.00,0.15,0.00,0.15,0.15,0.15,Matches,5,1,20.0,1.54,0.31,0.00,0.00,12.9,0,0.10,-0.5,-0.5,31,50,62.0,497,187,15,24,62.5,10,12,83.3,3,6,50.0,0.0,0.0,0,6,1,0,46,4,0,0,1,1,0,0,0,0,0,3,3,0.92,3,0,0,0,0,0,0.00,0,0,0,0,0,2,1,0,2,0,0,0.0,2,0,0,2,2,0,76,1,11,3,60.0,2,40.0,38,0,9,3,53,49,12.0,82,2,3,15,1,0.67,1,3,-2,-0.62,-0.28,1.8,2.7,-1.0,-0.30,0.00,0,11,0,0,0,9,6,42.9
1034,Bruno Zuculini,ar ARG,MF,Racing Club,32-189,1993,13,8,714,7.9,1,3,4,1,0,0,5,0,1.7,1.7,0.8,2.5,1,23,14,0.13,0.38,0.50,0.13,0.50,0.22,0.10,0.32,0.22,0.32,Matches,11,4,36.4,1.39,0.50,0.09,0.25,15.2,0,0.16,-0.7,-0.7,188,252,74.6,3221,1073,88,109,80.7,73,92,79.3,22,31,71.0,0.3,+2.2,9,30,3,1,245,5,0,0,2,0,0,0,0,0,2,7,17,2.14,12,0,0,0,2,6,0.76,4,0,0,0,1,20,12,11,8,1,4,25.0,12,7,10,30,15,0,339,19,15,0,,0,,124,0,11,4,168,55,29.4,71,4,5,29,4,1.54,11,6,+5,+0.63,+0.47,12.3,8.3,+4.0,+0.51,+0.75,0,18,0,0,0,45,15,75.0
,Bryan Cabezas,,,,,,,,,,,,,,,,,,,,,,,,,,,,,,,,,,,,,,,,,,,,,,,,,,,,,,,,,,,,,,,,,,,,,,,,,,,,,,,,,,,,,,,,,,,,,,,,,,,,,,,,,,,,,,,,,,,,,,,,,,0,0,,1,,,,,,,,,,,,,,,,,,,
824,Bryan Reyna,pe PER,"MF,FW",Belgrano,27-046,1998,17,5,584,6.5,0,0,0,0,0,0,3,0,0.7,0.7,0.3,1.0,15,20,56,0.00,0.00,0.00,0.00,0.00,0.11,0.04,0.15,0.11,0.15,Matches,6,1,16.7,0.92,0.15,0.00,0.00,14.0,0,0.12,-0.7,-0.7,125,170,73.5,1860,595,73,88,83.0,38,50,76.0,10,19,52.6,0.3,-0.3,6,9,5,2,157,13,1,0,12,10,3,2,0,0,0,1,15,2.31,11,2,0,1,0,1,0.15,1,0,0,0,0,8,3,2,2,4,3,25.0,9,9,5,13,7,0,258,3,19,3,10.7,25,89.3,138,6,17,8,157,34,24.0,66,1,12,21,8,0.82,7,9,-2,-0.31,-0.02,6.5,6.9,-0.4,-0.06,+0.08,0,8,0,0,0,27,13,65.0
891,Brían Sánchez,ar ARG,MF,Deportivo Riestra,32-119,1993,11,5,494,5.5,0,0,0,0,0,0,2,0,0.5,0.5,0.2,0.7,8,16,17,0.00,0.00,0.00,0.00,0.00,0.10,0.03,0.13,0.10,0.13,Matches,5,2,40.0,0.91,0.36,0.00,0.00,15.7,0,0.11,-0.5,-0.5,112,169,66.3,1534,552,65,89,73.0,36,47,76.6,4,14,28.6,0.7,-0.2,2,8,4,0,164,5,2,0,4,0,2,0,2,0,0,9,5,0.91,3,0,1,1,0,0,0.00,0,0,0,0,0,16,11,13,2,1,10,47.6,11,8,8,24,5,0,258,3,16,11,52.4,10,47.6,124,4,16,13,136,45,20.3,66,0,6,28,6,1.25,4,5,-1,-0.18,-0.88,6.0,6.2,-0.2,-0.03,+0.10,0,8,0,0,0,31,3,25.0
822,Camilo Rey,ar ARG,MF,Boca Juniors,19-212,2006,5,3,305,3.4,0,0,0,0,0,0,0,0,0.0,0.0,0.0,0.0,2,12,3,0.00,0.00,0.00,0.00,0.00,0.00,0.00,0.00,0.00,0.00,Matches,0,0,,0.00,0.00,,,,0,,0.0,0.0,152,175,86.9,2402,678,74,82,90.2,62,69,89.9,8,14,57.1,0.0,0.0,0,13,0,0,171,3,1,1,1,0,0,0,0,0,1,1,1,0.30,1,0,0,0,0,0,0.00,0,0,0,0,0,9,4,4,4,1,6,66.7,3,2,7,16,5,0,208,7,0,3,50.0,3,50.0,101,0,3,4,142,61,12.6,90,3,2,18,1,2.20,3,1,+2,+0.59,-0.30,4.0,2.9,+1.2,+0.34,-0.10,0,4,0,0,0,15,1,20.0
4,Carlos Abeldano,ar ARG,FW,Atlé Tucumán,20-182,2005,2,0,20,0.2,0,0,0,0,0,0,0,0,0.0,0.0,0.0,0.0,0,0,1,0.00,0.00,0.00,0.00,0.00,0.00,0.00,0.00,0.00,0.00,Matches,0,0,,0.00,0.00,,,,0,,0.0,0.0,1,1,100.0,11,0,1,1,100.0,0,0,,0,0,,0.0,0.0,0,0,0,0,1,0,0,0,0,0,0,0,0,0,0,0,0,0.00,0,0,0,0,0,0,0.00,0,0,0,0,0,0,0,0,0,0,0,0.0,1,0,0,0,0,0,2,0,0,0,,0,,0,0,0,1,1,10,0.8,,0,2,10,2,1.50,0,1,-1,-4.50,-4.46,0.1,0.5,-0.4,-1.60,-1.46,0,3,0,0,0,0,0,0.0
71,Carlos Auzqui,ar ARG,MF,Atlé Tucumán,34-206,1991,15,8,761,8.5,1,1,2,1,0,0,1,0,0.8,0.8,1.4,2.2,8,29,44,0.12,0.12,0.24,0.12,0.24,0.10,0.17,0.26,0.10,0.26,Matches,10,1,10.0,1.18,0.12,0.10,1.00,19.6,0,0.08,+0.2,+0.2,203,295,68.8,3042,1215,115,139,82.7,66,99,66.7,13,34,38.2,0.9,-0.4,10,17,10,8,287,7,0,1,35,6,0,0,0,0,1,11,24,2.84,18,0,2,2,2,2,0.24,1,0,1,0,0,29,22,13,13,3,17,63.0,10,11,15,44,12,0,401,8,15,3,33.3,6,66.7,165,1,14,8,219,51,31.3,72,1,7,26,10,1.40,8,11,-3,-0.35,-0.41,11.3,13.2,-1.9,-0.23,-0.10,0,30,0,0,0,40,16,55.2
409,Carlos González Espínola,py PAR,FW,Newell's OB,32-246,1993,21,17,1576,17.5,3,1,4,3,0,0,0,0,5.1,5.1,0.9,6.0,14,28,58,0.17,0.06,0.23,0.17,0.23,0.29,0.05,0.34,0.29,0.34,Matches,41,12,29.3,2.34,0.69,0.07,0.25,13.6,0,0.13,-2.1,-2.1,176,311,56.6,2527,677,100,162,61.7,60,101,59.4,8,15,53.3,0.9,+0.1,13,18,12,0,289,19,1,0,2,0,0,0,0,0,3,7,35,2.00,21,0,5,6,1,2,0.11,1,0,0,1,0,14,10,5,7,2,2,20.0,8,1,9,23,21,0,508,22,71,13,50.0,12,46.2,252,5,50,35,376,75,64.9,86,14,4,29,0,1.05,15,21,-6,-0.34,+0.18,17.7,20.6,-2.9,-0.17,-0.01,0,11,0,0,0,41,101,50.0
431,Carlos Gugenheim,ar ARG,FW,Deportivo Riestra,21-074,2004,1,0,13,0.1,0,0,0,0,0,0,0,0,0.0,0.0,0.0,0.0,1,1,1,0.00,0.00,0.00,0.00,0.00,0.00,0.25,0.25,0.00,0.25,Matches,0,0,,0.00,0.00,,,,0,,0.0,0.0,4,4,100.0,41,16,1,1,100.0,0,0,,1,1,100.0,0.0,0.0,1,1,1,0,4,0,0,0,0,0,0,0,0,0,0,0,1,6.92,1,0,0,0,0,0,0.00,0,0,0,0,0,1,1,0,1,0,1,100.0,0,0,0,1,0,0,6,0,0,1,50.0,1,50.0,3,0,0,2,2,13,0.5,,0,1,13,2,3.00,1,0,+1,+6.92,+6.44,0.5,0.3,+0.1,+0.90,+1.01,0,0,0,0,0,2,0,0.0
474,Carlos Izquierdoz,ar ARG,DF,Lanús,36-339,1988,23,22,2005,22.3,0,0,0,0,0,0,1,1,1.1,1.1,1.0,2.1,7,58,7,0.00,0.00,0.00,0.00,0.00,0.05,0.05,0.09,0.05,0.09,Matches,17,3,17.6,0.76,0.13,0.00,0.00,11.9,0,0.06,-1.1,-1.1,941,1098,85.7,19345,7627,262,281,93.2,541,591,91.5,130,199,65.3,0.6,-1.0,6,52,2,0,988,109,0,8,6,9,0,0,0,0,1,10,8,0.36,6,0,0,0,0,0,0.00,0,0,0,0,0,31,14,23,8,0,13,61.9,8,4,32,63,161,3,1388,195,31,5,83.3,1,16.7,664,1,10,2,803,87,82.5,89,21,1,45,2,1.46,20,13,+7,+0.31,+0.95,26.0,19.6,+6.4,+0.29,+1.32,0,8,0,0,0,53,69,59.5
713,Carlos Palacios,cl CHI,MF,Boca Juniors,25-080,2000,20,18,1487,16.5,3,4,7,3,0,0,2,0,1.5,1.5,3.5,5.0,27,98,52,0.18,0.24,0.42,0.18,0.42,0.09,0.21,0.30,0.09,0.30,Matches,18,6,33.3,1.09,0.36,0.17,0.50,20.1,0,0.09,+1.5,+1.5,632,780,81.0,10445,3176,330,379,87.1,223,274,81.4,61,88,69.3,3.1,+0.5,31,74,20,1,723,54,4,5,25,6,19,4,10,0,3,10,63,3.81,46,10,1,4,1,8,0.48,5,1,0,0,1,13,9,5,4,4,7,36.8,12,9,3,16,18,1,900,18,21,13,50.0,9,34.6,475,0,28,17,654,74,61.2,79,5,2,30,1,1.86,24,11,+13,+0.79,-0.17,19.4,14.8,+4.7,+0.28,-0.39,0,16,0,0,0,81,13,43.3
795,Carlos Quintana,ar ARG,DF,Rosario Central,37-239,1988,22,22,1789,19.9,0,2,2,0,0,0,6,0,0.8,0.8,0.4,1.3,3,31,3,0.00,0.10,0.10,0.00,0.10,0.04,0.02,0.06,0.04,0.06,Matches,13,0,0.0,0.65,0.00,0.00,,13.1,0,0.06,-0.8,-0.8,597,687,86.9,12668,5820,139,155,89.7,383,407,94.1,72,118,61.0,0.3,+1.6,5,29,0,0,664,23,0,0,1,0,0,0,0,0,0,2,16,0.80,11,0,1,0,1,4,0.20,2,0,0,0,1,24,16,18,6,0,12,60.0,8,9,18,42,133,0,928,141,23,4,80.0,1,20.0,446,0,9,1,537,81,76.5,81,16,0,,0,1.92,24,9,+15,+0.75,-0.06,23.5,15.8,+7.7,+0.39,-0.33,0,17,0,0,0,38,59,61.5
1005,Carlos Villalba,ar ARG,MF,Sarmiento,27-081,1998,20,20,1635,18.2,1,0,1,1,0,0,9,0,0.4,0.4,0.6,1.0,10,55,12,0.06,0.00,0.06,0.06,0.06,0.02,0.03,0.06,0.02,0.06,Matches,4,1,25.0,0.22,0.06,0.25,1.00,16.2,0,0.11,+0.6,+0.6,446,614,72.6,8617,2831,157,200,78.5,221,267,82.8,53,111,47.7,0.5,-0.6,16,50,3,1,584,28,1,6,10,4,0,0,0,0,2,9,22,1.21,18,0,0,3,0,0,0.00,0,0,0,0,0,51,23,24,25,2,27,50.9,26,14,40,91,50,0,824,38,17,5,62.5,3,37.5,331,1,17,6,359,82,69.9,82,13,0,,0,1.14,14,18,-4,-0.22,+0.67,15.0,22.7,-7.7,-0.42,-0.33,0,46,0,0,0,104,17,32.1
466,Celías Ingenthron,ar ARG,DF,Platense,17-102,2008,2,1,108,1.2,0,0,0,0,0,0,0,0,0.0,0.0,0.0,0.0,0,3,4,0.00,0.00,0.00,0.00,0.00,0.00,0.00,0.00,0.00,0.00,Matches,0,0,,0.00,0.00,,,,0,,0.0,0.0,47,64,73.4,810,326,22,28,78.6,21,26,80.8,3,5,60.0,0.0,0.0,0,3,0,0,45,18,0,0,2,18,0,0,0,0,1,3,2,1.67,1,1,0,0,0,0,0.00,0,0,0,0,0,3,2,3,0,0,0,0.0,1,2,0,3,2,0,81,1,0,0,0.0,2,100.0,42,0,3,1,41,54,4.6,63,0,1,45,4,1.50,2,2,0,0.00,+0.12,1.6,1.4,+0.3,+0.22,+0.29,0,3,0,0,0,4,0,0.0
691,Christian Ordoñez,ar ARG,MF,Vélez Sarsfield,21-076,2004,14,13,1130,12.6,0,0,0,0,0,0,3,0,0.3,0.3,0.2,0.6,19,53,44,0.00,0.00,0.00,0.00,0.00,0.03,0.02,0.05,0.03,0.05,Matches,9,3,33.3,0.72,0.24,0.00,0.00,23.4,0,0.04,-0.3,-0.3,347,463,74.9,5680,1703,186,225,82.7,129,165,78.2,24,39,61.5,0.3,-0.2,7,45,5,0,450,10,1,2,7,2,0,0,0,0,3,12,26,2.07,20,0,2,2,1,0,0.00,0,0,0,0,0,38,19,14,20,4,20,62.5,12,13,13,51,20,0,632,18,9,18,58.1,13,41.9,302,2,30,11,333,81,46.5,85,11,1,28,0,0.57,4,19,-15,-1.19,-1.82,8.6,12.3,-3.8,-0.30,-0.40,0,20,0,0,0,66,22,37.9
75,Claudio Baeza,cl CHI,MF,Vélez Sarsfield,31-289,1993,16,12,1051,11.7,0,1,1,0,0,0,8,0,0.1,0.1,0.3,0.4,4,51,9,0.00,0.09,0.09,0.00,0.09,0.01,0.03,0.03,0.01,0.03,Matches,5,0,0.0,0.43,0.00,0.00,,26.0,0,0.02,-0.1,-0.1,505,634,79.7,8710,2583,220,260,84.6,232,272,85.3,41,76,53.9,0.3,+0.7,9,52,2,0,609,24,0,5,3,4,1,0,1,0,1,10,20,1.71,13,2,2,1,1,1,0.09,1,0,0,0,0,40,25,15,24,1,21,50.0,21,6,20,60,30,0,783,26,2,9,69.2,4,30.8,323,1,13,7,414,66,43.3,75,5,4,37,6,1.63,12,10,+2,+0.17,+0.69,10.0,12.0,-2.0,-0.17,-0.15,0,31,0,0,0,78,22,39.3
136,Claudio Bravo,ar ARG,MF,Arg Juniors,28-209,1997,1,1,70,0.8,0,0,0,0,0,0,0,0,0.0,0.0,0.0,0.0,3,4,7,0.00,0.00,0.00,0.00,0.00,0.00,0.00,0.00,0.00,0.00,Matches,0,0,,0.00,0.00,,,,0,,0.0,0.0,39,46,84.8,679,240,17,17,100.0,19,23,82.6,3,5,60.0,0.1,0.0,0,3,1,1,34,11,0,0,2,11,0,0,0,0,1,0,0,0.00,0,0,0,0,0,0,0.00,0,0,0,0,0,0,0,0,0,0,0,0.0,2,1,2,2,1,0,55,1,2,0,0.0,2,100.0,27,0,0,0,31,70,2.9,70,0,0,,10,3.00,1,0,+1,+1.29,+0.60,1.2,0.4,+0.9,+1.11,+0.72,0,0,0,0,0,5,0,0.0
235,Claudio Corvalán,ar ARG,DF,Unión,36-199,1989,14,12,1005,11.2,0,0,0,0,0,0,5,0,0.3,0.3,0.5,0.8,17,60,21,0.00,0.00,0.00,0.00,0.00,0.03,0.04,0.07,0.03,0.07,Matches,6,0,0.0,0.54,0.00,0.00,,16.7,0,0.05,-0.3,-0.3,507,625,81.1,9806,4679,173,190,91.1,272,306,88.9,56,107,52.3,0.7,-0.5,6,58,7,0,561,61,0,2,12,40,1,0,1,0,3,8,18,1.61,16,1,0,0,0,1,0.09,1,0,0,0,0,27,12,17,8,2,13,72.2,5,6,21,48,57,0,764,58,14,0,0.0,1,100.0,387,1,5,1,442,72,41.4,83,10,2,8,10,0.64,7,15,-8,-0.72,-1.16,13.4,14.1,-0.7,-0.07,-0.41,0,14,0,1,0,39,22,53.7
983,Claudio Valverde,ar ARG,MF,Godoy Cruz,23-196,2002,1,1,58,0.6,0,0,0,0,0,0,0,0,0.1,0.1,0.0,0.1,0,2,2,0.00,0.00,0.00,0.00,0.00,0.17,0.00,0.17,0.17,0.17,Matches,1,0,0.0,1.55,0.00,0.00,,8.8,0,0.11,-0.1,-0.1,11,18,61.1,126,43,6,8,75.0,3,7,42.9,0,0,,0.0,0.0,0,2,0,0,18,0,0,0,2,0,0,0,0,0,0,1,1,1.55,1,0,0,0,0,0,0.00,0,0,0,0,0,2,1,2,0,0,2,100.0,0,1,0,2,0,0,25,0,1,0,,0,,7,0,2,0,13,58,2.4,58,0,0,,4,1.00,1,1,0,0.00,+0.57,0.4,1.1,-0.6,-0.99,-0.63,0,0,0,0,0,1,1,50.0
327,Clever Ferreira,py PAR,DF,Atlé Tucumán,22-230,2003,8,8,719,8.0,1,0,1,1,0,0,2,1,0.4,0.4,0.3,0.8,4,16,3,0.13,0.00,0.13,0.13,0.13,0.05,0.04,0.10,0.05,0.10,Matches,9,2,22.2,1.13,0.25,0.11,0.50,12.9,0,0.05,+0.6,+0.6,169,259,65.3,3638,1842,53,64,82.8,76,90,84.4,36,91,39.6,0.3,-0.3,2,14,2,0,235,18,0,0,0,8,0,0,0,0,6,3,9,1.13,3,1,1,1,0,0,0.00,0,0,0,0,0,13,8,7,6,0,8,53.3,7,4,16,29,79,0,402,77,14,4,100.0,0,0.0,152,0,6,0,178,90,29.6,90,7,0,,0,1.75,11,6,+5,+0.63,+0.99,9.6,9.6,0.0,+0.01,+0.23,0,11,0,0,1,18,38,71.7
328,Cristian Ferreira,ar ARG,"FW,MF",Arg Juniors,26-026,1999,3,0,47,0.5,0,0,0,0,0,0,0,0,0.0,0.0,0.0,0.0,1,4,2,0.00,0.00,0.00,0.00,0.00,0.00,0.00,0.00,0.00,0.00,Matches,0,0,,0.00,0.00,,,,0,,0.0,0.0,12,21,57.1,221,63,6,8,75.0,4,8,50.0,2,4,50.0,0.0,0.0,0,2,1,0,17,4,0,0,3,0,0,0,0,0,0,0,1,1.91,1,0,0,0,0,0,0.00,0,0,0,0,0,0,0,0,0,0,0,,0,0,0,0,0,0,28,0,1,0,0.0,3,100.0,17,0,2,3,21,16,1.9,,0,3,16,4,2.33,0,0,0,0.00,-0.72,0.6,0.6,0.0,+0.08,-0.33,0,0,0,0,0,2,0,
,Cristian Lema,,,,,,,,,,,,,,,,,,,,,,,,,,,,,,,,,,,,,,,,,,,,,,,,,,,,,,,,,,,,,,,,,,,,,,,,,,,,,,,,,,,,,,,,,,,,,,,,,,,,,,,,,,,,,,,,,,,,,,,,,,0,0,,3,,,,,,,,,,,,,,,,,,,
601,Cristian Medina,ar ARG,"MF,FW",Estudiantes–LP,23-129,2002,21,15,1274,14.2,0,1,1,0,0,0,6,0,1.6,1.6,1.1,2.7,44,64,64,0.00,0.07,0.07,0.00,0.07,0.12,0.08,0.19,0.12,0.19,Matches,16,4,25.0,1.13,0.28,0.00,0.00,16.5,0,0.10,-1.6,-1.6,465,557,83.5,6831,1678,272,306,88.9,166,189,87.8,17,37,45.9,1.3,-0.1,16,56,13,1,540,16,4,3,16,8,5,1,2,0,1,10,39,2.76,31,1,1,4,2,2,0.14,1,0,1,0,0,28,16,19,5,4,14,48.3,15,9,15,43,16,0,715,15,29,12,40.0,18,60.0,421,9,27,17,514,61,52.4,73,1,6,30,0,1.36,12,17,-5,-0.35,-0.66,14.4,13.3,+1.1,+0.08,-0.10,0,22,0,0,0,48,8,36.4
729,Cristian Paz,ar ARG,DF,Deportivo Riestra,30-167,1995,27,27,2430,27.0,1,0,1,1,0,0,7,0,1.2,1.2,0.1,1.4,2,21,2,0.04,0.00,0.04,0.04,0.04,0.04,0.01,0.05,0.04,0.05,Matches,9,2,22.2,0.33,0.07,0.11,0.50,10.1,0,0.13,-0.2,-0.2,187,320,58.4,3904,2052,53,74,71.6,99,135,73.3,31,96,32.3,0.2,-0.1,1,18,2,0,304,14,1,0,3,4,0,0,0,0,2,9,4,0.15,2,0,0,2,0,1,0.04,0,0,0,1,0,48,32,38,7,3,31,64.6,17,17,23,71,227,0,702,202,16,5,41.7,7,58.3,139,0,6,3,122,90,100.0,90,27,0,,0,1.68,29,15,+14,+0.52,,24.8,27.8,-3.0,-0.11,,0,24,0,0,0,75,46,49.5
958,Cristian Tarragona,ar ARG,FW,Unión,34-182,1991,11,11,842,9.4,4,2,6,3,1,1,2,0,3.1,2.3,0.8,3.1,7,23,51,0.43,0.21,0.64,0.32,0.53,0.33,0.08,0.42,0.25,0.33,Matches,24,10,41.7,2.57,1.07,0.13,0.30,15.0,0,0.10,+0.9,+0.7,139,204,68.1,2229,548,81,105,77.1,41,62,66.1,13,18,72.2,0.4,+1.2,12,12,8,1,197,7,0,2,5,3,0,0,0,0,0,8,24,2.57,19,0,1,1,1,1,0.11,1,0,0,0,0,11,6,2,7,2,4,57.1,3,6,3,14,13,0,328,15,38,4,33.3,7,58.3,184,0,35,23,245,77,34.7,77,2,0,,0,1.55,14,8,+6,+0.64,+1.04,10.6,8.5,+2.1,+0.22,+0.08,0,26,0,0,0,31,30,45.5
959,Cristian Tarragona,ar ARG,"FW,MF",Talleres,34-182,1991,13,1,294,3.3,0,0,0,0,0,0,1,0,1.2,1.2,0.1,1.3,6,10,17,0.00,0.00,0.00,0.00,0.00,0.37,0.03,0.40,0.37,0.40,Matches,24,10,41.7,2.57,1.07,0.13,0.30,15.0,0,0.10,+0.9,+0.7,139,204,68.1,2229,548,81,105,77.1,41,62,66.1,13,18,72.2,0.4,+1.2,12,12,8,1,197,7,0,2,5,3,0,0,0,0,0,8,24,2.57,19,0,1,1,1,1,0.11,1,0,0,0,0,11,6,2,7,2,4,57.1,3,6,3,14,13,0,328,15,38,4,33.3,7,58.3,184,0,35,23,245,77,34.7,77,2,0,,0,1.55,14,8,+6,+0.64,+1.04,10.6,8.5,+2.1,+0.22,+0.08,0,26,0,0,0,31,30,45.5
987,Cristian Vega,ar ARG,"MF,FW",Cen. Córdoba–SdE,32-021,1993,2,1,121,1.3,0,0,0,0,0,0,0,0,0.0,0.0,0.1,0.1,0,4,1,0.00,0.00,0.00,0.00,0.00,0.00,0.05,0.05,0.00,0.05,Matches,0,0,,0.00,0.00,,,,0,,0.0,0.0,77,92,83.7,1572,562,22,24,91.7,41,49,83.7,14,17,82.4,0.1,-0.1,2,11,1,0,90,2,0,0,0,1,0,0,0,0,0,0,3,2.23,3,0,0,0,0,0,0.00,0,0,0,0,0,5,4,4,1,0,1,25.0,3,1,4,9,2,0,105,1,0,0,,0,,47,0,2,1,61,61,5.0,90,1,1,31,7,1.50,2,1,+1,+0.74,+0.70,1.0,1.0,0.0,-0.01,-0.13,0,1,0,0,0,7,1,33.3
459,César Ibáñez,ar ARG,DF,Huracán,26-113,1999,23,23,1974,21.9,1,0,1,1,0,0,7,0,0.6,0.6,0.8,1.4,35,94,59,0.05,0.00,0.05,0.05,0.05,0.03,0.04,0.06,0.03,0.06,Matches,19,4,21.1,0.87,0.18,0.05,0.25,25.6,0,0.03,+0.4,+0.4,690,1010,68.3,12271,5675,294,341,86.2,312,416,75.0,69,202,34.2,1.0,-0.8,9,57,19,11,812,194,1,2,55,183,0,0,0,0,4,22,31,1.41,23,3,2,0,2,0,0.00,0,0,0,0,0,64,45,43,17,4,40,60.6,26,32,31,95,73,0,1290,65,12,13,59.1,7,31.8,543,0,32,15,598,86,81.2,86,19,0,,3,1.56,18,15,+3,+0.14,-0.26,24.4,20.3,+4.2,+0.19,-0.26,0,34,0,0,0,134,37,63.8
745,César Pérez,cl CHI,MF,Defensa y Just,22-313,2002,20,19,1463,16.3,3,0,3,3,0,0,2,0,1.5,1.5,0.4,1.9,31,114,62,0.18,0.00,0.18,0.18,0.18,0.09,0.03,0.12,0.09,0.12,Matches,20,6,30.0,1.23,0.37,0.15,0.50,16.9,0,0.07,+1.5,+1.5,718,866,82.9,11983,3292,344,403,85.4,304,347,87.6,54,71,76.1,0.8,-0.4,14,111,8,1,848,14,5,6,16,5,0,0,0,0,4,16,38,2.34,34,0,1,1,0,1,0.06,1,0,0,0,0,24,18,9,13,2,9,31.0,20,16,13,37,23,0,1031,20,23,14,66.7,7,33.3,551,0,29,21,724,73,60.2,76,6,1,10,2,1.35,17,16,+1,+0.06,+0.34,16.0,16.9,-0.9,-0.06,+0.32,0,19,1,0,0,92,23,46.0
,Damian Fernandez,,,,,,,,,,,,,,,,,,,,,,,,,,,,,,,,,,,,,,,,,,,,,,,,,,,,,,,,,,,,,,,,,,,,,,,,,,,,,,,,,,,,,,,,,,,,,,,,,,,,,,,,,,,,,,,,,,,,,,,,,,0,0,,4,,,,,,,,,,,,,,,,,,,
,Damián Adín,,,,,,,,,,,,,,,,,,,,,,,,,,,,,,,,,,,,,,,,,,,,,,,,,,,,,,,,,,,,,,,,,,,,,,,,,,,,,,,,,,,,,,,,,,,,,,,,,,,,,,,,,,,,,,,,,,,,,,,,,,0,0,,5,,,,,,,,,,,,,,,,,,,
97,Damián Batallini,ar ARG,"MF,FW",Instituto,29-106,1996,12,10,717,8.0,2,0,2,2,0,0,3,0,1.1,1.1,0.9,2.0,17,14,46,0.25,0.00,0.25,0.25,0.25,0.14,0.12,0.25,0.14,0.25,Matches,11,5,45.5,1.38,0.63,0.18,0.40,17.3,0,0.10,+0.9,+0.9,149,215,69.3,1861,500,98,116,84.5,36,56,64.3,5,16,31.3,0.6,-0.9,8,11,4,3,199,15,0,0,24,9,0,0,0,0,1,15,15,1.88,9,0,1,4,1,1,0.13,0,0,0,1,0,22,18,7,12,3,10,58.8,7,14,4,26,2,0,319,6,18,8,72.7,2,18.2,173,1,21,13,185,60,29.5,68,2,2,18,1,1.08,6,9,-3,-0.38,-0.01,7.7,7.7,0.0,0.00,+0.06,0,28,1,0,0,51,10,38.5
277,Damián Díaz,ec ECU,"MF,FW",Banfield,39-160,1986,4,2,186,2.1,0,0,0,0,0,0,1,0,0.4,0.4,0.1,0.5,3,13,15,0.00,0.00,0.00,0.00,0.00,0.19,0.03,0.22,0.19,0.22,Matches,2,0,0.0,0.97,0.00,0.00,,15.1,1,0.20,-0.4,-0.4,65,94,69.1,1084,401,32,41,78.0,28,37,75.7,5,12,41.7,0.2,-0.1,3,13,2,0,76,17,0,0,10,3,2,2,0,0,1,3,5,2.39,3,2,0,0,0,0,0.00,0,0,0,0,0,3,3,1,2,0,0,0.0,1,1,0,3,0,0,103,0,3,2,50.0,2,50.0,58,0,3,6,74,47,7.7,67,0,2,27,3,0.50,1,5,-4,-1.94,-1.69,2.2,3.9,-1.7,-0.81,-0.55,0,2,0,0,0,5,1,50.0
313,Damián Fernández,ar ARG,DF,Vélez Sarsfield,24-279,2001,13,10,943,10.5,0,0,0,0,0,0,1,0,0.1,0.1,0.1,0.2,3,25,1,0.00,0.00,0.00,0.00,0.00,0.01,0.01,0.02,0.01,0.02,Matches,2,1,50.0,0.19,0.10,0.00,0.00,12.6,0,0.06,-0.1,-0.1,418,502,83.3,8222,2938,130,146,89.0,237,255,92.9,49,82,59.8,0.1,-0.1,1,8,0,0,472,27,0,3,2,8,0,0,0,0,3,8,3,0.29,3,0,0,0,0,0,0.00,0,0,0,0,0,22,12,15,7,0,14,82.4,3,5,19,41,72,2,649,59,5,0,0.0,1,100.0,333,0,8,2,362,73,38.8,89,9,3,18,3,1.08,6,15,-9,-0.86,-1.04,8.0,12.9,-4.9,-0.47,-0.62,0,12,0,0,0,35,38,55.1
314,Damián Fernández,ar ARG,DF,Defensa y Just,24-279,2001,11,11,984,10.9,0,0,0,0,0,0,0,0,0.0,0.0,0.0,0.0,0,28,0,0.00,0.00,0.00,0.00,0.00,0.00,0.00,0.00,0.00,0.00,Matches,2,1,50.0,0.19,0.10,0.00,0.00,12.6,0,0.06,-0.1,-0.1,418,502,83.3,8222,2938,130,146,89.0,237,255,92.9,49,82,59.8,0.1,-0.1,1,8,0,0,472,27,0,3,2,8,0,0,0,0,3,8,3,0.29,3,0,0,0,0,0,0.00,0,0,0,0,0,22,12,15,7,0,14,82.4,3,5,19,41,72,2,649,59,5,0,0.0,1,100.0,333,0,8,2,362,73,38.8,89,9,3,18,3,1.08,6,15,-9,-0.86,-1.04,8.0,12.9,-4.9,-0.47,-0.62,0,12,0,0,0,35,38,55.1
578,Damián Martínez,ar ARG,DF,Atlé Tucumán,35-250,1990,23,19,1591,17.7,0,2,2,0,0,0,9,0,0.2,0.2,1.1,1.3,14,65,57,0.00,0.11,0.11,0.00,0.11,0.01,0.06,0.07,0.01,0.07,Matches,6,1,16.7,0.34,0.06,0.00,0.00,20.9,0,0.03,-0.2,-0.2,513,730,70.3,8423,4380,243,278,87.4,209,280,74.6,44,129,34.1,1.9,+0.9,11,42,15,11,558,169,0,1,43,155,0,0,0,0,3,21,26,1.47,22,2,1,0,0,2,0.11,2,0,0,0,0,52,30,27,20,5,29,67.4,14,9,8,60,56,0,912,33,14,6,66.7,3,33.3,359,1,17,8,425,69,65.5,78,9,4,29,3,1.17,22,19,+3,+0.17,+0.71,19.5,22.5,-3.1,-0.17,-0.05,0,33,0,1,1,58,25,47.2
790,Damián Puebla,ar ARG,"MF,FW",Instituto,23-023,2002,24,14,1220,13.6,2,0,2,2,0,0,3,0,1.4,1.4,1.7,3.1,20,34,53,0.15,0.00,0.15,0.15,0.15,0.10,0.13,0.23,0.10,0.23,Matches,20,3,15.0,1.48,0.22,0.10,0.67,17.2,2,0.07,+0.6,+0.6,196,314,62.4,3604,1205,88,125,70.4,71,105,67.6,31,54,57.4,1.1,-1.7,10,35,7,1,304,8,2,3,27,3,4,3,1,0,2,16,35,2.58,23,2,3,5,1,2,0.15,2,0,0,0,0,23,13,6,14,3,10,45.5,12,20,6,29,12,1,495,6,36,15,35.7,26,61.9,268,4,35,25,306,51,50.2,68,0,10,27,1,1.08,12,17,-5,-0.37,0.00,12.9,15.2,-2.3,-0.17,-0.26,0,19,0,0,0,68,14,25.0
746,Damián Pérez,ar ARG,DF,Defensa y Just,36-290,1988,3,2,225,2.5,0,0,0,0,0,0,0,0,0.1,0.1,0.0,0.1,7,16,7,0.00,0.00,0.00,0.00,0.00,0.04,0.01,0.05,0.04,0.05,Matches,1,0,0.0,0.40,0.00,0.00,,12.4,0,0.09,-0.1,-0.1,79,111,71.2,1226,615,45,50,90.0,26,35,74.3,5,16,31.3,0.0,0.0,1,5,0,0,96,13,0,0,4,13,0,0,0,0,2,3,4,1.60,4,0,0,0,0,1,0.40,1,0,0,0,0,4,1,3,1,0,1,33.3,2,3,6,10,8,1,138,14,1,0,0.0,1,100.0,71,1,4,1,71,75,9.3,90,2,1,45,12,0.67,2,4,-2,-0.80,-0.80,2.2,4.3,-2.2,-0.87,-0.75,0,0,0,0,0,12,5,71.4
88,Daniel Barrea,ar ARG,"FW,MF",Godoy Cruz,24-078,2001,17,5,652,7.2,1,0,1,1,0,0,4,1,2.3,2.3,0.8,3.1,11,13,55,0.14,0.00,0.14,0.14,0.14,0.32,0.12,0.43,0.32,0.43,Matches,26,6,23.1,3.59,0.83,0.04,0.17,19.6,0,0.09,-1.3,-1.3,108,166,65.1,1775,342,57,75,76.0,41,55,74.5,7,18,38.9,0.8,-0.8,8,8,9,6,163,2,0,0,19,0,0,0,0,0,1,8,32,4.42,18,0,2,6,2,1,0.14,1,0,0,0,0,14,8,3,8,3,5,62.5,3,2,4,18,4,0,276,3,25,10,47.6,11,52.4,166,3,30,15,201,38,26.8,67,0,12,26,2,1.00,7,8,-1,-0.14,+0.57,8.0,8.2,-0.1,-0.02,+0.47,0,18,0,1,0,28,24,49.0
450,Daniel Herrera,ar ARG,DF,San Lorenzo,21-244,2004,18,13,1263,14.0,0,0,0,0,0,0,4,0,0.5,0.5,0.1,0.7,8,54,2,0.00,0.00,0.00,0.00,0.00,0.04,0.01,0.05,0.04,0.05,Matches,7,0,0.0,0.50,0.00,0.00,,12.5,0,0.08,-0.5,-0.5,424,522,81.2,9106,3374,87,97,89.7,269,307,87.6,62,102,60.8,0.4,-0.1,2,28,2,0,510,11,0,0,1,1,0,0,0,0,1,9,10,0.71,9,0,0,0,1,0,0.00,0,0,0,0,0,20,14,14,6,0,11,68.8,5,13,18,38,104,1,712,65,12,2,66.7,1,33.3,344,0,8,3,388,70,52.0,90,13,5,19,9,1.63,13,9,+4,+0.29,+0.21,14.4,11.3,+3.1,+0.22,-0.02,0,13,0,0,0,40,28,56.0
1020,Daniel Zabala,ar ARG,DF,Huracán,22-264,2003,2,2,101,1.1,0,0,0,0,0,0,0,0,0.0,0.0,0.0,0.0,0,3,0,0.00,0.00,0.00,0.00,0.00,0.00,0.00,0.00,0.00,0.00,Matches,0,0,,0.00,0.00,,,,0,,0.0,0.0,45,49,91.8,912,267,12,13,92.3,25,25,100.0,7,10,70.0,0.0,0.0,0,3,0,0,46,3,0,1,0,0,0,0,0,0,0,0,1,0.89,0,0,0,1,0,0,0.00,0,0,0,0,0,1,1,1,0,0,0,0.0,1,0,0,1,3,0,60,13,0,3,100.0,0,0.0,38,0,1,1,43,51,4.2,51,0,0,,8,0.50,1,1,0,0.00,-0.19,0.8,1.1,-0.3,-0.24,-0.50,0,2,0,0,1,1,0,
,Danilo Arboleda,,,,,,,,,,,,,,,,,,,,,,,,,,,,,,,,,,,,,,,,,,,,,,,,,,,,,,,,,,,,,,,,,,,,,,,,,,,,,,,,,,,,,,,,,,,,,,,,,,,,,,,,,,,,,,,,,,,,,,,,,,0,0,,8,,,,,,,,,,,,,,,,,,,
,Danilo Monza,,,,,,,,,,,,,,,,,,,,,,,,,,,,,,,,,,,,,,,,,,,,,,,,,,,,,,,,,,,,,,,,,,,,,,,,,,,,,,,,,,,,,,,,,,,,,,,,,,,,,,,,,,,,,,,,,,,,,,,,,,0,0,,1,,,,,,,,,,,,,,,,,,,
623,Dardo Miloc,ar ARG,MF,Barracas Central,34-357,1990,26,26,2109,23.4,0,0,0,0,0,0,5,0,0.4,0.4,0.1,0.5,2,50,9,0.00,0.00,0.00,0.00,0.00,0.02,0.00,0.02,0.02,0.02,Matches,2,1,50.0,0.09,0.04,0.00,0.00,3.7,0,0.19,-0.4,-0.4,524,671,78.1,8526,2470,239,296,80.7,213,264,80.7,41,61,67.2,0.3,-0.1,3,34,2,1,650,18,0,2,2,1,0,0,0,0,3,8,16,0.68,13,0,1,1,0,1,0.04,0,0,0,0,0,54,32,23,26,5,27,57.4,20,13,41,95,35,1,878,31,4,5,45.5,4,36.4,288,0,21,9,357,81,86.8,81,17,0,,0,1.59,27,23,+4,+0.17,+0.17,19.7,21.2,-1.5,-0.06,-1.01,0,28,0,0,0,120,27,55.1
105,Darío Benedetto,ar ARG,FW,Newell's OB,35-144,1990,6,3,259,2.9,0,0,0,0,0,1,1,0,1.1,0.3,0.1,0.4,0,5,18,0.00,0.00,0.00,0.00,0.00,0.38,0.03,0.41,0.10,0.14,Matches,5,1,20.0,1.74,0.35,0.00,0.00,27.0,0,0.06,-1.1,-0.3,28,41,68.3,662,133,10,14,71.4,11,13,84.6,7,10,70.0,0.1,-0.1,2,6,1,0,34,7,0,3,1,0,0,0,0,0,0,2,4,1.39,3,0,0,1,0,0,0.00,0,0,0,0,0,3,1,0,1,2,1,50.0,1,0,2,5,1,0,63,1,8,1,100.0,0,0.0,39,0,11,5,47,43,10.7,54,0,3,32,2,0.67,3,5,-2,-0.69,-0.32,3.2,3.1,+0.1,+0.04,+0.22,0,1,1,0,0,2,2,14.3
902,Darío Sarmiento,ar ARG,MF,Tigre,22-193,2003,2,0,18,0.2,0,0,0,0,0,0,0,0,0.0,0.0,0.0,0.0,0,0,3,0.00,0.00,0.00,0.00,0.00,0.00,0.00,0.00,0.00,0.00,Matches,0,0,,0.00,0.00,,,,0,,0.0,0.0,2,5,40.0,45,11,0,0,,2,4,50.0,0,1,0.0,0.0,0.0,0,0,0,0,5,0,0,1,1,0,0,0,0,0,0,0,0,0.00,0,0,0,0,0,0,0.00,0,0,0,0,0,0,0,0,0,0,0,,0,2,0,0,0,0,12,0,1,0,0.0,1,100.0,6,0,1,0,8,9,0.7,,0,2,9,8,0.00,0,0,0,0.00,-0.30,0.3,0.1,+0.2,+1.04,+0.74,0,0,0,0,0,1,0,
84,David Barbona,ar ARG,"MF,FW",Defensa y Just,30-228,1995,17,3,511,5.7,0,0,0,0,0,0,1,0,0.6,0.6,1.7,2.3,22,62,50,0.00,0.00,0.00,0.00,0.00,0.10,0.30,0.40,0.10,0.40,Matches,10,7,70.0,1.76,1.23,0.00,0.00,24.7,1,0.06,-0.6,-0.6,227,291,78.0,4042,1344,101,114,88.6,97,118,82.2,25,40,62.5,1.2,-1.7,18,49,16,3,266,20,0,0,31,1,12,5,5,0,5,9,33,5.82,23,8,0,1,1,2,0.35,1,0,0,1,0,1,1,0,1,0,0,0.0,4,3,0,1,3,0,338,0,5,6,54.5,5,45.5,230,1,13,6,283,30,21.0,67,0,14,22,2,1.41,8,5,+3,+0.53,+0.76,8.1,5.0,+3.1,+0.54,+0.92,0,1,0,0,0,12,4,25.0
,David González,,,,,,,,,,,,,,,,,,,,,,,,,,,,,,,,,,,,,,,,,,,,,,,,,,,,,,,,,,,,,,,,,,,,,,,,,,,,,,,,,,,,,,,,,,,,,,,,,,,,,,,,,,,,,,,,,,,,,,,,,,0,0,,6,,,,,,,,,,,,,,,,,,,
,David Juárez,,,,,,,,,,,,,,,,,,,,,,,,,,,,,,,,,,,,,,,,,,,,,,,,,,,,,,,,,,,,,,,,,,,,,,,,,,,,,,,,,,,,,,,,,,,,,,,,,,,,,,,,,,,,,,,,,,,,,,,,,,0,0,,1,,,,,,,,,,,,,,,,,,,
936,David Sotelo,ar ARG,"MF,FW",Newell's OB,22-070,2003,17,7,766,8.5,0,2,2,0,0,0,2,0,0.7,0.7,0.8,1.5,8,37,15,0.00,0.23,0.23,0.00,0.23,0.08,0.10,0.18,0.08,0.18,Matches,12,5,41.7,1.41,0.59,0.00,0.00,25.0,0,0.05,-0.7,-0.7,240,315,76.2,4143,1600,113,133,85.0,106,125,84.8,16,35,45.7,0.8,+1.2,4,27,4,1,298,15,0,2,10,4,3,0,2,0,2,7,16,1.88,12,2,0,2,0,3,0.35,2,1,0,0,0,24,15,10,14,0,12,57.1,9,14,17,41,22,2,427,20,4,5,38.5,5,38.5,203,0,9,7,222,45,31.5,75,2,10,24,6,1.35,9,10,-1,-0.12,+0.42,10.9,8.0,+2.9,+0.34,+0.74,0,11,0,0,0,52,11,50.0
1022,David Zalazar,ar ARG,"MF,DF",Cen. Córdoba–SdE,23-152,2002,8,2,222,2.5,0,0,0,0,0,0,0,0,0.2,0.2,0.2,0.4,6,17,15,0.00,0.00,0.00,0.00,0.00,0.09,0.07,0.16,0.09,0.16,Matches,12,0,0.0,4.86,0.00,0.00,,30.7,0,0.02,-0.2,-0.2,83,139,59.7,1723,681,31,42,73.8,38,57,66.7,13,30,43.3,0.4,-0.2,4,15,2,1,126,12,0,5,25,4,5,1,4,0,1,5,13,5.27,8,4,0,1,0,0,0.00,0,0,0,0,0,4,2,1,3,0,0,0.0,3,2,1,5,3,0,179,1,3,2,50.0,2,50.0,103,1,8,3,112,28,9.1,45,0,6,22,5,0.38,2,7,-5,-2.03,-2.31,2.0,4.0,-2.0,-0.80,-1.01,0,2,0,0,0,14,3,50.0
,Demian Troya,,,,,,,,,,,,,,,,,,,,,,,,,,,,,,,,,,,,,,,,,,,,,,,,,,,,,,,,,,,,,,,,,,,,,,,,,,,,,,,,,,,,,,,,,,,,,,,,,,,,,,,,,,,,,,,,,,,,,,,,,,0,0,,1,,,,,,,,,,,,,,,,,,,
,Demián Domínguez,,,,,,,,,,,,,,,,,,,,,,,,,,,,,,,,,,,,,,,,,,,,,,,,,,,,,,,,,,,,,,,,,,,,,,,,,,,,,,,,,,,,,,,,,,,,,,,,,,,,,,,,,,,,,,,,,,,,,,,,,,0,0,,2,,,,,,,,,,,,,,,,,,,
89,Diego Barrera,ar ARG,"MF,FW",Cen. Córdoba–SdE,21-108,2004,20,2,614,6.8,3,0,3,3,0,0,0,0,2.3,2.3,1.3,3.7,27,13,85,0.44,0.00,0.44,0.44,0.44,0.34,0.19,0.54,0.34,0.54,Matches,17,6,35.3,2.49,0.88,0.18,0.50,18.1,0,0.14,+0.7,+0.7,147,225,65.3,2395,569,81,96,84.4,47,77,61.0,13,26,50.0,1.1,-1.3,12,11,8,7,218,7,2,3,40,4,3,0,3,0,0,16,22,3.22,16,0,2,2,1,1,0.15,1,0,0,0,0,9,7,3,3,3,7,63.6,4,5,4,13,7,0,318,4,26,9,39.1,14,60.9,196,6,16,11,216,31,25.3,55,0,18,28,3,1.55,17,6,+11,+1.61,+2.06,12.7,7.5,+5.2,+0.76,+0.86,0,13,0,0,0,34,5,29.4
278,Diego Díaz,ar ARG,FW,Unión,23-271,2002,12,0,181,2.0,1,0,1,1,0,0,0,0,1.1,1.1,0.2,1.3,5,4,10,0.50,0.00,0.50,0.50,0.50,0.55,0.10,0.65,0.55,0.65,Matches,8,2,25.0,3.98,0.99,0.13,0.50,19.2,0,0.14,-0.1,-0.1,23,30,76.7,336,115,14,18,77.8,4,5,80.0,3,3,100.0,0.2,-0.2,4,1,2,1,28,2,0,0,1,1,0,0,0,0,0,1,11,5.47,7,0,3,0,1,2,0.99,1,0,1,0,0,2,2,0,0,2,1,50.0,1,1,0,2,2,0,72,1,11,5,45.5,6,54.5,35,2,13,5,47,15,7.4,,0,12,15,10,1.33,4,2,+2,+0.99,+1.11,4.0,2.0,+2.0,+1.02,+0.91,0,0,0,0,0,6,2,18.2
408,Diego González,ar ARG,MF,San Martín de San Juan,37-241,1988,13,11,843,9.4,1,0,1,1,0,0,4,0,0.3,0.3,0.3,0.6,5,57,9,0.11,0.00,0.11,0.11,0.11,0.03,0.03,0.07,0.03,0.07,Matches,9,1,11.1,0.96,0.11,0.11,1.00,22.7,0,0.03,+0.7,+0.7,280,357,78.4,5120,1874,127,154,82.5,112,130,86.2,36,56,64.3,0.5,-0.3,7,38,9,1,340,16,1,4,3,1,0,0,0,0,1,5,16,1.71,14,0,0,0,1,0,0.00,0,0,0,0,0,15,7,6,7,2,11,52.4,10,6,12,27,23,0,467,25,10,5,62.5,3,37.5,166,0,22,6,225,65,34.7,71,1,2,30,0,0.69,5,10,-5,-0.53,+0.09,5.7,6.5,-0.8,-0.09,+0.33,0,11,0,0,0,49,25,54.3
443,Diego Herazo,co COL,FW,San Lorenzo,29-177,1996,4,0,61,0.7,1,0,1,1,0,0,0,0,0.3,0.3,0.2,0.6,0,1,4,1.48,0.00,1.48,1.48,1.48,0.49,0.33,0.82,0.49,0.82,Matches,4,1,25.0,5.90,1.48,0.25,1.00,14.3,0,0.08,+0.7,+0.7,6,11,54.5,62,12,5,7,71.4,1,3,33.3,0,0,,0.0,-0.2,2,2,0,0,11,0,0,0,0,0,0,0,0,0,0,0,3,4.43,3,0,0,0,0,0,0.00,0,0,0,0,0,0,0,0,0,0,0,,0,0,0,0,0,0,16,0,6,0,,0,,8,0,1,1,14,15,2.5,,0,4,15,2,1.00,1,0,+1,+1.48,+1.32,1.0,0.3,+0.7,+1.06,+0.86,0,2,0,0,0,2,2,100.0
591,Diego Mastrángelo,ar ARG,MF,Gimnasia–LP,22-335,2002,1,1,62,0.7,0,0,0,0,0,0,1,0,0.0,0.0,0.0,0.0,3,4,2,0.00,0.00,0.00,0.00,0.00,0.00,0.00,0.00,0.00,0.00,Matches,0,0,,0.00,0.00,,,,0,,0.0,0.0,15,25,60.0,313,159,8,8,100.0,2,8,25.0,4,6,66.7,0.0,0.0,0,1,1,1,13,12,0,0,4,10,0,0,0,0,0,2,1,1.48,0,1,0,0,0,0,0.00,0,0,0,0,0,1,1,1,0,0,1,100.0,0,1,0,1,6,0,40,1,0,0,0.0,1,100.0,13,0,2,1,12,62,2.6,62,0,0,,6,0.00,0,1,-1,-1.45,-0.96,0.2,1.1,-0.9,-1.27,-0.93,0,3,0,1,0,2,1,25.0
594,Diego Matías Rodríguez,ar ARG,GK,Arg Juniors,36-105,1989,27,27,2430,27.0,0,0,0,0,0,0,0,0,0.0,0.0,0.1,0.1,0,0,0,0.00,0.00,0.00,0.00,0.00,0.00,0.00,0.00,0.00,0.00,Matches,0,0,,0.00,0.00,,,,0,,0.0,0.0,689,895,77.0,21107,14340,70,71,98.6,354,356,99.4,264,465,56.8,0.0,-0.1,1,15,0,0,692,202,0,4,0,0,0,0,0,0,1,0,4,0.15,2,2,0,0,0,0,0.00,0,0,0,0,0,0,0,0,0,0,0,,0,0,0,0,8,2,940,816,0,2,100.0,0,0.0,558,0,2,0,524,90,100.0,90,27,0,,0,1.79,36,17,+19,+0.70,,34.4,23.5,+10.9,+0.40,,0,0,0,0,1,28,5,100.0
701,Diego Ortegoza,cl CHI,MF,Talleres,28-172,1997,22,16,1429,15.9,2,1,3,2,0,0,7,1,2.8,2.4,0.8,3.2,21,86,28,0.13,0.06,0.19,0.13,0.19,0.18,0.05,0.23,0.15,0.20,Matches,36,7,19.4,2.27,0.44,0.06,0.29,24.8,2,0.07,-0.8,-0.4,612,762,80.3,11176,2893,267,313,85.3,260,298,87.2,69,113,61.1,0.9,+0.2,11,77,9,1,737,23,0,9,25,5,5,0,4,0,2,18,46,2.90,37,4,2,1,0,2,0.13,2,0,0,0,0,49,30,20,24,5,14,46.7,16,17,6,55,32,0,966,39,16,14,45.2,17,54.8,510,3,27,21,622,65,58.8,79,7,6,27,1,1.05,9,12,-3,-0.19,+0.26,17.5,14.0,+3.5,+0.22,-0.13,0,29,0,0,0,98,18,66.7
776,Diego Porcel,ar ARG,"FW,MF",Arg Juniors,20-260,2005,9,2,233,2.6,0,2,2,0,0,0,0,0,0.6,0.6,0.4,1.0,5,6,16,0.00,0.77,0.77,0.00,0.77,0.23,0.15,0.38,0.23,0.38,Matches,8,2,25.0,3.09,0.77,0.00,0.00,23.5,1,0.08,-0.6,-0.6,44,62,71.0,706,155,23,27,85.2,14,18,77.8,5,9,55.6,0.2,+1.6,2,2,3,1,59,3,0,1,8,1,2,0,1,0,0,3,4,1.54,2,1,0,1,0,1,0.38,1,0,0,0,0,5,2,0,3,2,2,50.0,2,3,2,7,6,0,110,6,10,2,40.0,3,60.0,59,1,12,2,78,26,9.6,67,0,7,14,7,1.90,3,0,+3,+1.16,+0.50,2.8,1.0,+1.7,+0.67,+0.30,0,6,0,0,0,6,6,54.5
,Diego Romero,,,,,,,,,,,,,,,,,,,,,,,,,,,,,,,,,,,,,,,,,,,,,,,,,,,,,,,,,,,,,,,,,,,,,,,,,,,,,,,,,,,,,,,,,,,,,,,,,,,,,,,,,,,,,,,,,,,,,,,,,,0,0,,27,,,,,,,,,,,,,,,,,,,
929,Diego Sosa,ar ARG,DF,Tigre,28-072,1997,11,8,813,9.0,1,0,1,0,1,2,1,0,1.9,0.1,1.3,1.4,8,22,24,0.11,0.00,0.11,0.00,0.00,0.21,0.14,0.35,0.02,0.16,Matches,5,1,20.0,0.55,0.11,0.00,0.00,26.5,1,0.03,-0.9,-0.1,261,409,63.8,4567,2149,132,158,83.5,91,139,65.5,33,93,35.5,1.0,-1.3,12,21,13,10,296,113,0,1,47,101,5,0,5,0,0,10,21,2.32,12,6,0,1,0,0,0.00,0,0,0,0,0,22,14,12,9,1,9,42.9,12,5,12,34,37,0,508,29,7,5,50.0,5,50.0,182,1,7,0,208,74,33.5,90,8,3,31,16,1.58,8,7,+1,+0.11,-0.28,9.5,7.4,+2.2,+0.24,-0.10,0,9,0,0,0,49,9,47.4
960,Diego Tarzia,ar ARG,FW,Independiente,22-165,2003,23,16,1236,13.7,0,1,1,0,0,0,3,0,1.5,1.5,0.8,2.3,17,25,93,0.00,0.07,0.07,0.00,0.07,0.11,0.06,0.16,0.11,0.16,Matches,21,5,23.8,1.53,0.36,0.00,0.00,19.2,2,0.07,-1.5,-1.5,196,305,64.3,2780,947,119,147,81.0,58,84,69.0,9,34,26.5,2.1,+0.2,10,14,9,5,276,27,0,1,45,9,11,0,8,0,2,18,29,2.11,21,1,1,2,1,1,0.07,1,0,0,0,0,32,19,13,11,8,13,68.4,6,15,6,38,14,1,485,13,42,11,29.7,25,67.6,251,6,36,37,290,54,52.8,68,3,7,22,2,1.58,13,10,+3,+0.22,-0.11,13.0,13.7,-0.7,-0.05,-0.16,0,10,0,0,0,44,15,48.4
969,Diego Tonetto,ar ARG,MF,Ind. Rivadavia,36-307,1988,10,3,297,3.3,0,0,0,0,0,0,1,0,0.0,0.0,0.1,0.1,1,11,3,0.00,0.00,0.00,0.00,0.00,0.00,0.02,0.02,0.00,0.02,Matches,0,0,,0.00,0.00,,,,0,,0.0,0.0,87,113,77.0,1368,473,46,52,88.5,33,41,80.5,6,10,60.0,0.0,-0.1,2,11,0,0,102,8,0,0,2,5,0,0,0,0,3,4,4,1.22,2,0,0,0,2,0,0.00,0,0,0,0,0,6,3,2,3,1,5,71.4,2,1,4,10,5,0,143,11,0,1,25.0,3,75.0,57,0,4,1,79,30,12.2,58,0,7,18,17,1.60,1,3,-2,-0.61,-0.73,1.7,6.7,-5.0,-1.53,-1.42,0,8,0,0,0,15,5,55.6
978,Diego Valdés,cl CHI,"FW,MF",Vélez Sarsfield,31-251,1994,3,0,60,0.7,1,0,1,1,0,0,0,0,0.2,0.2,0.3,0.5,3,5,8,1.50,0.00,1.50,1.50,1.50,0.27,0.47,0.74,0.27,0.74,Matches,3,2,66.7,4.50,3.00,0.33,0.50,25.2,0,0.06,+0.8,+0.8,31,46,67.4,516,151,16,22,72.7,11,13,84.6,3,7,42.9,0.4,-0.3,3,0,2,0,34,12,0,0,8,0,3,0,3,0,0,2,3,4.50,0,3,0,0,0,0,0.00,0,0,0,0,0,2,0,0,1,1,1,33.3,2,1,0,2,0,0,57,0,1,1,25.0,3,75.0,26,1,0,2,34,20,2.5,,0,3,20,1,2.33,2,0,+2,+3.00,+3.30,0.7,0.4,+0.3,+0.52,+0.62,0,0,0,0,0,3,0,0.0
391,Dilan Godoy,ar ARG,"FW,MF",Vélez Sarsfield,19-245,2006,4,2,177,2.0,2,0,2,1,1,1,0,0,1.5,0.7,0.4,1.1,3,1,11,1.02,0.00,1.02,0.51,0.51,0.74,0.20,0.94,0.34,0.54,Matches,5,2,40.0,2.54,1.02,0.20,0.50,21.3,1,0.13,+0.5,+0.3,21,37,56.8,248,27,13,19,68.4,4,10,40.0,1,1,100.0,0.3,-0.4,3,1,1,0,34,3,0,0,3,0,0,0,0,0,0,3,8,4.07,6,0,0,1,0,1,0.51,1,0,0,0,0,3,2,0,2,1,0,,0,0,0,3,2,0,70,1,10,0,0.0,1,50.0,38,1,15,0,45,44,7.3,68,0,2,21,7,2.25,4,1,+3,+1.53,+1.88,3.3,1.3,+2.0,+1.00,+1.17,0,2,0,0,0,3,9,60.0
997,Duván Vergara,co COL,"MF,FW",Racing Club,29-029,1996,10,7,599,6.7,2,0,2,2,0,0,1,0,0.9,0.9,0.5,1.4,17,40,63,0.30,0.00,0.30,0.30,0.30,0.13,0.08,0.21,0.13,0.21,Matches,15,7,46.7,2.25,1.05,0.13,0.29,23.8,0,0.06,+1.1,+1.1,163,238,68.5,2721,885,82,94,87.2,60,93,64.5,17,36,47.2,1.0,-0.5,8,22,15,3,219,17,2,1,27,8,8,4,3,0,2,5,19,2.85,11,1,4,0,1,1,0.15,0,1,0,0,0,10,7,3,4,3,3,50.0,3,4,5,15,0,0,310,0,8,15,55.6,12,44.4,173,0,12,6,210,60,24.7,73,2,3,28,1,1.20,3,3,0,0.00,-0.39,5.5,7.8,-2.3,-0.34,-0.42,0,5,0,0,0,30,4,25.0
53,Dylan Aquino,ar ARG,"FW,MF",Lanús,20-126,2005,25,6,896,10.0,0,0,0,0,0,0,3,0,1.8,1.8,1.2,3.1,35,36,91,0.00,0.00,0.00,0.00,0.00,0.18,0.12,0.31,0.18,0.31,Matches,27,6,22.2,2.71,0.60,0.00,0.00,21.2,1,0.07,-1.8,-1.8,267,350,76.3,4153,1239,149,174,85.6,90,107,84.1,17,37,45.9,1.3,-1.2,12,28,10,2,332,16,2,2,28,4,6,3,2,0,2,11,27,2.70,19,1,3,2,1,1,0.10,0,0,0,1,0,22,11,6,13,3,11,52.4,10,20,6,28,10,0,525,6,31,31,55.4,25,44.6,308,9,39,21,349,36,36.9,74,0,19,24,1,1.46,8,4,+4,+0.40,+0.40,14.4,9.6,+4.7,+0.48,+0.66,0,11,1,0,0,55,7,41.2
389,Dylan Glaby,ar ARG,MF,Barracas Central,29-184,1996,1,1,58,0.6,0,0,0,0,0,0,0,0,0.0,0.0,0.0,0.0,0,1,0,0.00,0.00,0.00,0.00,0.00,0.00,0.00,0.00,0.00,0.00,Matches,0,0,,0.00,0.00,,,,0,,0.0,0.0,19,25,76.0,401,137,5,5,100.0,11,15,73.3,3,5,60.0,0.0,0.0,0,3,0,0,25,0,0,0,0,0,0,0,0,0,0,0,0,0.00,0,0,0,0,0,0,0.00,0,0,0,0,0,0,0,0,0,0,0,0.0,1,1,1,1,1,0,31,1,0,0,0.0,1,100.0,10,0,1,0,17,58,2.4,58,0,0,,2,0.00,0,2,-2,-3.10,-3.33,0.3,1.1,-0.7,-1.15,-1.25,0,0,0,0,0,1,1,33.3
390,Dylan Glaby,ar ARG,MF,Cen. Córdoba–SdE,29-184,1996,12,6,601,6.7,0,0,0,0,0,0,0,0,0.0,0.0,0.0,0.1,2,22,4,0.00,0.00,0.00,0.00,0.00,0.00,0.00,0.01,0.00,0.01,Matches,0,0,,0.00,0.00,,,,0,,0.0,0.0,19,25,76.0,401,137,5,5,100.0,11,15,73.3,3,5,60.0,0.0,0.0,0,3,0,0,25,0,0,0,0,0,0,0,0,0,0,0,0,0.00,0,0,0,0,0,0,0.00,0,0,0,0,0,0,0,0,0,0,0,0.0,1,1,1,1,1,0,31,1,0,0,0.0,1,100.0,10,0,1,0,17,58,2.4,58,0,0,,2,0.00,0,2,-2,-3.10,-3.33,0.3,1.1,-0.7,-1.15,-1.25,0,0,0,0,0,1,1,33.3
291,Edgar Elizalde,uy URU,DF,Platense,25-223,2000,4,3,320,3.6,0,0,0,0,0,0,0,0,0.0,0.0,0.1,0.1,5,21,1,0.00,0.00,0.00,0.00,0.00,0.00,0.04,0.04,0.00,0.04,Matches,0,0,,0.00,0.00,,,,0,,0.0,0.0,136,169,80.5,2957,1345,44,49,89.8,65,72,90.3,26,44,59.1,0.2,-0.1,3,16,3,3,148,20,0,2,5,9,0,0,0,0,1,1,6,1.69,6,0,0,0,0,0,0.00,0,0,0,0,0,6,5,4,2,0,3,100.0,0,0,6,12,22,0,213,18,0,1,50.0,1,50.0,96,0,2,0,109,80,13.7,86,2,1,63,19,2.00,4,5,-1,-0.28,-0.19,4.5,4.2,+0.3,+0.07,+0.15,0,4,0,0,0,16,5,31.3
,Edilson Salinas,,,,,,,,,,,,,,,,,,,,,,,,,,,,,,,,,,,,,,,,,,,,,,,,,,,,,,,,,,,,,,,,,,,,,,,,,,,,,,,,,,,,,,,,,,,,,,,,,,,,,,,,,,,,,,,,,,,,,,,,,,0,0,,1,,,,,,,,,,,,,,,,,,,
204,Edinson Cavani,uy URU,FW,Boca Juniors,38-236,1987,17,16,1325,14.7,3,2,5,3,0,2,4,0,5.3,3.7,0.5,4.2,7,20,58,0.20,0.14,0.34,0.20,0.34,0.36,0.03,0.40,0.25,0.29,Matches,18,7,38.9,1.22,0.48,0.17,0.43,13.5,1,0.21,-2.3,-0.7,204,267,76.4,3356,467,102,129,79.1,71,91,78.0,21,25,84.0,0.6,+1.5,7,14,4,0,245,21,1,7,2,3,0,0,0,0,1,10,25,1.70,16,0,1,3,1,3,0.20,1,0,0,0,1,11,7,5,2,4,5,50.0,5,6,2,13,14,0,383,17,44,5,50.0,5,50.0,171,2,36,3,252,78,54.5,81,6,1,25,1,1.89,21,7,+14,+0.95,+0.22,18.1,11.4,+6.8,+0.46,+0.06,0,17,2,0,0,39,17,38.6
889,Eduardo Salvio,ar ARG,FW,Lanús,35-087,1990,26,23,1905,21.2,3,1,4,1,2,2,0,0,4.3,2.7,2.6,5.2,62,72,145,0.14,0.05,0.19,0.05,0.09,0.20,0.12,0.32,0.13,0.25,Matches,35,17,48.6,1.65,0.80,0.03,0.06,20.5,0,0.08,-1.3,-1.7,536,717,74.8,7816,1859,320,379,84.4,161,209,77.0,29,54,53.7,2.7,-1.6,33,41,25,6,696,16,5,4,37,14,2,1,1,0,5,30,59,2.79,45,1,7,2,0,3,0.14,2,1,0,0,0,26,18,11,10,5,13,44.8,16,26,16,42,29,0,1043,25,80,34,35.8,59,62.1,620,15,75,30,716,73,78.4,80,6,3,23,1,1.41,17,14,+3,+0.14,-0.03,20.3,22.1,-1.8,-0.09,-0.66,0,22,0,0,0,120,13,40.6
,Edwin Schulz,,,,,,,,,,,,,,,,,,,,,,,,,,,,,,,,,,,,,,,,,,,,,,,,,,,,,,,,,,,,,,,,,,,,,,,,,,,,,,,,,,,,,,,,,,,,,,,,,,,,,,,,,,,,,,,,,,,,,,,,,,0,0,,1,,,,,,,,,,,,,,,,,,,
212,Edwuin Cetré,co COL,"FW,MF",Estudiantes–LP,27-280,1998,23,6,899,10.0,2,3,5,2,0,0,4,0,2.9,2.9,2.1,5.0,27,21,121,0.20,0.30,0.50,0.20,0.50,0.29,0.21,0.50,0.29,0.50,Matches,33,10,30.3,3.30,1.00,0.06,0.20,20.3,4,0.09,-0.9,-0.9,250,364,68.7,4072,1119,139,161,86.3,73,109,67.0,31,68,45.6,2.1,+0.9,24,16,20,14,316,48,0,2,83,13,25,11,10,0,0,14,58,5.81,33,11,3,6,0,8,0.80,3,1,1,1,0,9,8,2,4,3,4,40.0,6,5,6,15,7,0,469,8,37,10,35.7,16,57.1,330,12,21,6,353,39,37.0,59,0,17,32,3,1.39,14,12,+2,+0.20,+0.38,13.6,10.2,+3.4,+0.34,+0.34,0,9,0,0,0,27,7,38.9
753,Edwuin Pernía,ve VEN,"FW,MF",San Martín de San Juan,30-238,1995,6,1,167,1.9,0,0,0,0,0,0,1,0,0.9,0.9,0.0,0.9,3,1,13,0.00,0.00,0.00,0.00,0.00,0.51,0.00,0.51,0.51,0.51,Matches,10,4,40.0,5.39,2.16,0.00,0.00,15.0,0,0.09,-0.9,-0.9,20,33,60.6,273,35,10,16,62.5,8,10,80.0,1,2,50.0,0.0,0.0,0,2,0,0,27,6,0,0,2,1,0,0,0,0,0,1,2,1.08,2,0,0,0,0,0,0.00,0,0,0,0,0,0,0,0,0,0,0,,0,1,0,0,0,0,52,0,12,1,25.0,3,75.0,26,2,5,1,30,28,6.9,90,1,5,15,6,0.00,0,3,-3,-1.62,-1.10,2.6,2.1,+0.5,+0.27,+0.61,0,4,0,0,0,4,4,44.4
472,Elian Irala,ar ARG,MF,San Lorenzo,21-094,2004,15,15,1126,12.5,0,0,0,0,0,0,5,0,0.4,0.4,0.2,0.6,11,48,12,0.00,0.00,0.00,0.00,0.00,0.03,0.01,0.05,0.03,0.05,Matches,10,1,10.0,0.80,0.08,0.00,0.00,26.9,0,0.04,-0.4,-0.4,447,560,79.8,7637,2364,201,237,84.8,193,223,86.5,41,62,66.1,0.3,-0.2,8,48,6,2,527,30,1,5,12,5,0,0,0,0,3,11,16,1.28,13,2,0,0,0,1,0.08,0,1,0,0,0,25,12,10,15,0,13,43.3,17,21,32,57,25,1,720,24,2,9,50.0,9,50.0,376,0,32,19,381,75,46.3,75,7,0,,0,1.81,7,7,0,0.00,-0.35,12.8,10.4,+2.4,+0.19,-0.08,0,12,0,0,0,86,18,51.4
,Elian Muñoz,,,,,,,,,,,,,,,,,,,,,,,,,,,,,,,,,,,,,,,,,,,,,,,,,,,,,,,,,,,,,,,,,,,,,,,,,,,,,,,,,,,,,,,,,,,,,,,,,,,,,,,,,,,,,,,,,,,,,,,,,,0,0,,11,,,,,,,,,,,,,,,,,,,
379,Elián Giménez,ar ARG,MF,Sarmiento,21-199,2004,20,16,1347,15.0,2,1,3,2,0,0,4,0,0.6,0.6,0.3,0.9,10,52,15,0.13,0.07,0.20,0.13,0.20,0.04,0.02,0.06,0.04,0.06,Matches,21,2,9.5,1.40,0.13,0.10,1.00,26.6,0,0.03,+1.4,+1.4,374,475,78.7,7506,2095,129,156,82.7,185,223,83.0,56,81,69.1,0.3,+0.7,8,42,4,0,464,7,0,4,2,1,0,0,0,0,4,8,28,1.87,18,1,2,2,2,3,0.20,2,0,0,0,1,37,26,17,17,3,20,44.4,25,21,19,56,26,0,656,25,0,13,61.9,8,38.1,296,1,24,14,322,67,57.6,77,5,4,30,4,1.10,14,11,+3,+0.20,+1.47,13.6,16.0,-2.4,-0.16,+0.39,0,21,0,0,0,89,9,32.1
141,Elías Brito,ar ARG,DF,Lanús,20-063,2005,1,0,3,0.0,0,0,0,0,0,0,0,0,0.0,0.0,0.0,0.0,0,1,0,0.00,0.00,0.00,0.00,0.00,0.00,0.00,0.00,0.00,0.00,Matches,0,0,,0.00,0.00,,,,0,,0.0,0.0,3,4,75.0,65,34,0,0,,3,4,75.0,0,0,,0.0,0.0,0,0,1,0,2,2,0,0,1,2,0,0,0,0,0,0,0,0.00,0,0,0,0,0,0,0.00,0,0,0,0,0,0,0,0,0,0,0,,0,0,0,0,0,0,4,0,0,0,,0,,1,0,0,0,1,3,0.1,,0,1,3,4,0.00,0,0,0,0.00,-0.15,0.0,0.0,0.0,+0.34,+0.29,0,2,0,0,0,0,0,
73,Elías Báez,ar ARG,DF,San Lorenzo,20-355,2004,27,27,2358,26.2,1,2,3,1,0,0,4,0,1.1,1.1,1.4,2.6,33,119,88,0.04,0.08,0.11,0.04,0.11,0.04,0.05,0.10,0.04,0.10,Matches,21,6,28.6,0.80,0.23,0.05,0.17,23.6,1,0.05,-0.1,-0.1,797,1240,64.3,14339,7075,333,419,79.5,361,528,68.4,83,205,40.5,0.9,+0.6,13,101,16,7,937,297,1,12,46,268,1,0,1,0,6,44,40,1.53,32,4,1,1,0,3,0.11,2,0,0,0,0,65,43,33,25,7,33,54.1,28,30,35,100,106,1,1601,68,24,17,43.6,21,53.8,589,7,41,17,662,87,97.0,87,24,0,,0,1.57,21,17,+4,+0.15,-1.10,26.4,19.5,+6.9,+0.26,+1.17,0,28,0,0,0,109,46,59.0
159,Elías Cabrera,ar ARG,"MF,FW",Tigre,22-225,2003,24,22,1621,18.0,1,4,5,1,0,0,5,0,1.5,1.5,3.8,5.2,15,89,54,0.06,0.22,0.28,0.06,0.28,0.08,0.21,0.29,0.08,0.29,Matches,27,10,37.0,1.50,0.56,0.04,0.10,25.2,7,0.05,-0.5,-0.5,450,634,71.0,8066,2476,215,257,83.7,151,200,75.5,66,126,52.4,3.1,+0.2,50,55,22,2,537,94,4,10,80,2,55,13,42,0,3,17,79,4.39,50,25,0,2,0,10,0.56,7,3,0,0,0,33,19,8,19,6,13,50.0,13,13,12,45,5,0,824,6,23,19,50.0,17,44.7,355,1,46,27,453,68,66.7,72,2,2,21,1,1.68,21,12,+9,+0.50,+0.61,23.0,15.5,+7.5,+0.42,+0.34,0,21,0,0,0,81,30,41.7
399,Elías Gómez,ar ARG,DF,Vélez Sarsfield,31-121,1994,25,23,2080,23.1,0,0,0,0,0,0,5,0,0.7,0.7,1.3,2.0,62,120,114,0.00,0.00,0.00,0.00,0.00,0.03,0.05,0.08,0.03,0.08,Matches,13,1,7.7,0.56,0.04,0.00,0.00,25.2,0,0.05,-0.7,-0.7,943,1254,75.2,16532,6260,464,531,87.4,379,484,78.3,88,198,44.4,1.1,-1.3,11,87,21,9,1030,220,1,17,79,186,1,0,1,0,4,27,43,1.86,31,3,3,3,2,1,0.04,0,0,0,0,0,54,33,34,14,6,31,59.6,21,16,21,75,67,2,1542,62,16,24,42.1,33,57.9,719,3,38,23,854,83,85.6,88,21,2,27,1,1.28,20,26,-6,-0.26,-0.26,20.9,23.2,-2.3,-0.10,-0.09,0,25,0,0,0,141,30,39.5
521,Elías López,ar ARG,DF,Belgrano,25-092,2000,10,5,493,5.5,0,0,0,0,0,0,1,0,0.0,0.0,0.2,0.2,5,16,12,0.00,0.00,0.00,0.00,0.00,0.01,0.04,0.05,0.01,0.05,Matches,2,0,0.0,0.37,0.00,0.00,,22.7,0,0.02,0.0,0.0,177,237,74.7,3014,1207,94,107,87.9,62,78,79.5,20,42,47.6,0.5,-0.2,3,18,7,4,197,39,0,2,18,38,0,0,0,0,1,8,10,1.83,9,0,0,0,0,1,0.18,1,0,0,0,0,11,10,8,2,1,8,88.9,1,3,2,13,20,0,285,15,5,4,50.0,4,50.0,135,1,5,0,146,49,20.3,66,3,5,32,7,1.40,5,6,-1,-0.18,+0.14,5.9,4.9,+1.0,+0.18,+0.39,0,5,0,0,0,25,3,37.5
,Elías Ocampo,,,,,,,,,,,,,,,,,,,,,,,,,,,,,,,,,,,,,,,,,,,,,,,,,,,,,,,,,,,,,,,,,,,,,,,,,,,,,,,,,,,,,,,,,,,,,,,,,,,,,,,,,,,,,,,,,,,,,,,,,,0,0,,1,,,,,,,,,,,,,,,,,,,
743,Elías Pereyra,ar ARG,DF,Instituto,26-235,1999,18,14,1232,13.7,0,0,0,0,0,0,4,0,0.4,0.4,1.2,1.6,19,44,40,0.00,0.00,0.00,0.00,0.00,0.03,0.09,0.12,0.03,0.12,Matches,3,0,0.0,0.22,0.00,0.00,,17.7,0,0.13,-0.4,-0.4,372,551,67.5,6157,3268,199,230,86.5,137,189,72.5,30,91,33.0,0.7,-1.2,15,35,11,6,396,152,0,2,34,142,0,0,0,0,3,31,28,2.05,21,3,1,3,0,1,0.07,1,0,0,0,0,24,20,17,4,3,14,56.0,11,16,10,34,48,0,707,39,7,5,29.4,12,70.6,290,0,19,8,313,68,50.7,81,8,4,23,7,1.00,8,17,-9,-0.66,-0.58,16.1,15.4,+0.7,+0.05,+0.18,0,18,0,0,0,58,9,31.0
970,Elías Torres,ar ARG,"FW,MF",Racing Club,24-195,2001,7,2,214,2.4,0,0,0,0,0,0,0,0,0.5,0.5,0.1,0.6,3,3,14,0.00,0.00,0.00,0.00,0.00,0.23,0.04,0.27,0.23,0.27,Matches,5,2,40.0,2.10,0.84,0.00,0.00,13.8,0,0.11,-0.5,-0.5,29,38,76.3,407,45,18,21,85.7,4,5,80.0,5,6,83.3,0.1,-0.1,2,2,0,0,37,1,0,0,3,0,0,0,0,0,0,1,5,2.11,3,0,0,0,1,1,0.42,0,0,0,0,0,4,4,0,1,3,2,40.0,3,3,0,4,2,0,80,3,13,0,0.0,4,100.0,42,1,18,3,47,31,8.8,61,0,5,19,3,1.14,4,2,+2,+0.84,+0.60,2.6,2.3,+0.3,+0.15,+0.19,0,6,0,0,0,11,4,22.2
971,Elías Torres,ar ARG,FW,Aldosivi,24-195,2001,16,15,1309,14.5,6,2,8,4,2,2,5,0,5.4,3.9,1.4,5.3,19,33,94,0.41,0.14,0.55,0.28,0.41,0.37,0.10,0.47,0.27,0.36,Matches,5,2,40.0,2.10,0.84,0.00,0.00,13.8,0,0.11,-0.5,-0.5,29,38,76.3,407,45,18,21,85.7,4,5,80.0,5,6,83.3,0.1,-0.1,2,2,0,0,37,1,0,0,3,0,0,0,0,0,0,1,5,2.11,3,0,0,0,1,1,0.42,0,0,0,0,0,4,4,0,1,3,2,40.0,3,3,0,4,2,0,80,3,13,0,0.0,4,100.0,42,1,18,3,47,31,8.8,61,0,5,19,3,1.14,4,2,+2,+0.84,+0.60,2.6,2.3,+0.3,+0.15,+0.19,0,6,0,0,0,11,4,22.2
21,Emanuel Aguilera,ar ARG,DF,Defensa y Just,36-119,1989,17,14,1179,13.1,0,0,0,0,0,0,2,0,0.1,0.1,0.0,0.1,9,56,0,0.00,0.00,0.00,0.00,0.00,0.01,0.00,0.01,0.01,0.01,Matches,2,1,50.0,0.15,0.08,0.00,0.00,13.1,0,0.04,-0.1,-0.1,626,720,86.9,12821,4764,190,212,89.6,347,366,94.8,86,131,65.6,0.1,0.0,0,55,0,0,679,41,0,3,1,7,0,0,0,0,0,2,5,0.38,5,0,0,0,0,1,0.08,1,0,0,0,0,4,2,2,2,0,2,22.2,7,1,8,12,78,0,837,83,3,0,,0,,433,0,5,1,497,69,48.5,83,11,3,6,6,1.53,15,17,-2,-0.15,-0.15,13.0,14.9,-2.0,-0.15,+0.07,0,6,0,0,0,54,47,72.3
102,Emanuel Beltrán,uy URU,FW,Instituto,27-258,1998,4,4,360,4.0,0,0,0,0,0,0,0,0,0.0,0.0,0.9,1.0,8,14,17,0.00,0.00,0.00,0.00,0.00,0.01,0.23,0.24,0.01,0.24,Matches,1,0,0.0,0.25,0.00,0.00,,22.7,0,0.03,0.0,0.0,93,142,65.5,1596,770,42,55,76.4,42,58,72.4,9,22,40.9,1.0,-0.9,6,9,6,4,113,29,0,1,16,29,0,0,0,0,0,6,11,2.75,10,1,0,0,0,0,0.00,0,0,0,0,0,12,10,4,6,2,8,80.0,2,6,2,14,9,0,177,8,5,1,50.0,1,50.0,73,2,6,3,82,90,14.8,90,4,0,,16,1.50,3,1,+2,+0.50,+1.02,5.1,3.6,+1.5,+0.38,+0.49,0,3,0,0,0,14,5,83.3
205,Emanuel Cecchini,ar ARG,MF,San Lorenzo,28-288,1996,17,5,631,7.0,1,0,1,1,0,0,4,0,0.3,0.3,0.1,0.4,11,33,10,0.14,0.00,0.14,0.14,0.14,0.05,0.01,0.06,0.05,0.06,Matches,6,2,33.3,0.86,0.29,0.17,0.50,21.2,0,0.05,+0.7,+0.7,250,320,78.1,4279,1018,116,131,88.5,99,117,84.6,24,44,54.5,0.1,-0.1,3,25,2,0,306,13,0,5,3,2,0,0,0,0,1,9,9,1.28,9,0,0,0,0,2,0.29,2,0,0,0,0,18,9,7,8,3,6,30.0,14,7,3,21,12,0,392,12,3,1,33.3,2,66.7,186,1,10,5,224,37,26.0,74,2,12,22,9,1.61,8,6,+2,+0.29,+0.14,6.0,7.3,-1.3,-0.18,-0.55,0,19,0,0,0,34,8,34.8
232,Emanuel Coronel,ar ARG,DF,Rosario Central,28-249,1997,24,19,1762,19.6,0,3,3,0,0,0,7,0,0.2,0.2,0.9,1.1,34,78,57,0.00,0.15,0.15,0.00,0.15,0.01,0.05,0.06,0.01,0.06,Matches,6,1,16.7,0.31,0.05,0.00,0.00,23.2,0,0.03,-0.2,-0.2,637,879,72.5,10941,4842,307,363,84.6,263,342,76.9,55,121,45.5,1.1,+2.1,10,47,12,2,667,210,0,3,24,190,0,0,0,0,2,27,27,1.38,17,5,1,3,1,5,0.26,2,2,0,1,0,54,38,30,23,1,26,63.4,15,14,29,83,76,1,1105,68,18,20,52.6,16,42.1,459,7,24,16,484,73,75.3,85,13,5,28,2,1.93,26,11,+15,+0.77,-0.01,22.1,13.6,+8.5,+0.43,-0.14,0,31,0,0,0,121,21,52.5
,Emanuel Dall'Aglio,,,,,,,,,,,,,,,,,,,,,,,,,,,,,,,,,,,,,,,,,,,,,,,,,,,,,,,,,,,,,,,,,,,,,,,,,,,,,,,,,,,,,,,,,,,,,,,,,,,,,,,,,,,,,,,,,,,,,,,,,,0,0,,3,,,,,,,,,,,,,,,,,,,
555,Emanuel Mammana,ar ARG,DF,Vélez Sarsfield,29-240,1996,14,13,1124,12.5,0,0,0,0,0,0,2,0,0.1,0.1,0.1,0.2,9,66,0,0.00,0.00,0.00,0.00,0.00,0.01,0.01,0.01,0.01,0.01,Matches,4,1,25.0,0.32,0.08,0.00,0.00,22.2,0,0.03,-0.1,-0.1,598,661,90.5,12904,4436,135,144,93.8,375,399,94.0,85,110,77.3,0.1,-0.1,2,46,1,0,635,24,0,5,2,2,0,0,0,0,2,1,5,0.40,5,0,0,0,0,0,0.00,0,0,0,0,0,19,12,13,6,0,11,73.3,4,5,21,40,85,0,810,93,3,2,100.0,0,0.0,397,0,1,0,472,80,46.3,85,12,1,14,3,0.93,7,12,-5,-0.40,-0.33,10.4,11.8,-1.5,-0.12,-0.06,0,7,0,0,0,53,30,63.8
826,Emanuel Reynoso,ar ARG,MF,Talleres,29-326,1995,20,9,824,9.2,0,1,1,0,0,0,0,0,0.6,0.6,1.5,2.1,24,66,84,0.00,0.11,0.11,0.00,0.11,0.06,0.17,0.23,0.06,0.23,Matches,12,4,33.3,1.31,0.44,0.00,0.00,24.6,3,0.05,-0.6,-0.6,329,468,70.3,5519,1991,175,212,82.5,97,130,74.6,43,89,48.3,1.8,-0.5,37,47,18,4,408,56,4,3,59,4,37,17,15,0,4,14,65,7.09,41,15,6,2,1,1,0.11,0,1,0,0,0,25,18,7,14,4,8,57.1,6,13,6,31,6,0,590,5,21,26,68.4,12,31.6,322,9,36,30,417,41,33.9,65,1,11,22,2,0.95,8,4,+4,+0.44,+1.11,10.6,5.9,+4.7,+0.51,+0.36,0,20,0,0,0,40,9,34.6
,Emanuel Sittaro,,,,,,,,,,,,,,,,,,,,,,,,,,,,,,,,,,,,,,,,,,,,,,,,,,,,,,,,,,,,,,,,,,,,,,,,,,,,,,,,,,,,,,,,,,,,,,,,,,,,,,,,,,,,,,,,,,,,,,,,,,0,0,,3,,,,,,,,,,,,,,,,,,,
,Emiliano Chiavassa,,,,,,,,,,,,,,,,,,,,,,,,,,,,,,,,,,,,,,,,,,,,,,,,,,,,,,,,,,,,,,,,,,,,,,,,,,,,,,,,,,,,,,,,,,,,,,,,,,,,,,,,,,,,,,,,,,,,,,,,,,0,0,,3,,,,,,,,,,,,,,,,,,,
,Emiliano Giannunzio,,,,,,,,,,,,,,,,,,,,,,,,,,,,,,,,,,,,,,,,,,,,,,,,,,,,,,,,,,,,,,,,,,,,,,,,,,,,,,,,,,,,,,,,,,,,,,,,,,,,,,,,,,,,,,,,,,,,,,,,,,0,0,,9,,,,,,,,,,,,,,,,,,,
843,Emiliano Rodríguez,uy URU,"FW,MF",Aldosivi,22-084,2003,5,0,119,1.3,0,0,0,0,0,0,0,0,0.0,0.0,0.1,0.1,1,3,10,0.00,0.00,0.00,0.00,0.00,0.03,0.06,0.09,0.03,0.09,Matches,1,1,100.0,0.76,0.76,0.00,0.00,14.8,0,0.04,0.0,0.0,21,31,67.7,282,70,12,15,80.0,7,11,63.6,0,0,,0.0,-0.1,1,3,1,0,29,2,0,0,0,0,0,0,0,0,0,2,4,2.98,3,0,0,1,0,0,0.00,0,0,0,0,0,0,0,0,0,0,0,,0,0,0,0,0,0,45,1,4,1,50.0,1,50.0,21,0,7,1,34,24,4.9,,0,5,24,1,0.00,0,3,-3,-2.27,-1.57,0.6,1.9,-1.3,-0.96,-0.51,0,1,0,0,0,3,5,45.5
1011,Emiliano Viveros,ar ARG,"FW,MF",Arg Juniors,23-008,2002,18,11,896,10.0,1,0,1,1,0,0,1,0,1.2,1.2,0.9,2.1,14,45,57,0.10,0.00,0.10,0.10,0.10,0.12,0.09,0.21,0.12,0.21,Matches,11,3,27.3,1.10,0.30,0.09,0.33,18.0,0,0.12,-0.2,-0.2,369,446,82.7,6023,1455,168,182,92.3,158,179,88.3,27,51,52.9,0.8,-0.9,11,28,14,3,410,33,1,2,27,2,17,3,10,0,3,10,39,3.91,31,4,0,1,0,4,0.40,2,0,0,0,0,21,9,8,9,4,10,52.6,9,10,5,26,11,0,576,1,25,15,39.5,23,60.5,339,3,24,19,403,50,36.9,66,0,7,25,8,1.74,16,8,+8,+0.80,+0.16,11.1,9.3,+1.8,+0.18,-0.35,0,17,0,0,0,55,5,23.8
38,Emiliano Álvarez,uy URU,"MF,FW",Unión,24-244,2001,4,0,43,0.5,0,0,0,0,0,0,0,0,0.0,0.0,0.2,0.2,2,1,4,0.00,0.00,0.00,0.00,0.00,0.06,0.35,0.41,0.06,0.41,Matches,1,0,0.0,2.09,0.00,0.00,,20.7,0,0.03,0.0,0.0,13,25,52.0,206,119,5,8,62.5,5,7,71.4,1,3,33.3,0.3,-0.2,1,1,1,1,20,5,0,0,5,2,3,0,1,0,0,4,5,10.47,3,1,0,1,0,0,0.00,0,0,0,0,0,1,1,1,0,0,0,,0,0,0,1,3,0,33,0,1,1,50.0,1,50.0,12,1,1,0,14,11,1.8,,0,4,11,5,1.75,1,1,0,0.00,+0.04,1.3,0.6,+0.7,+1.44,+1.29,0,1,0,0,0,4,0,0.0
,Emilio Suárez,,,,,,,,,,,,,,,,,,,,,,,,,,,,,,,,,,,,,,,,,,,,,,,,,,,,,,,,,,,,,,,,,,,,,,,,,,,,,,,,,,,,,,,,,,,,,,,,,,,,,,,,,,,,,,,,,,,,,,,,,,0,0,,1,,,,,,,,,,,,,,,,,,,
119,Enrique Bologna,ar ARG,GK,Defensa y Just,43-237,1982,27,27,2430,27.0,0,0,0,0,0,0,2,0,0.0,0.0,0.1,0.1,0,0,0,0.00,0.00,0.00,0.00,0.00,0.00,0.00,0.00,0.00,0.00,Matches,0,0,,0.00,0.00,,,,0,,0.0,0.0,599,794,75.4,18229,14071,94,94,100.0,258,262,98.5,242,428,56.5,0.1,-0.1,2,21,2,0,521,270,0,1,0,0,0,0,0,0,3,2,5,0.19,3,2,0,0,0,1,0.04,0,1,0,0,0,3,1,3,0,0,2,66.7,1,1,0,3,13,1,859,732,0,0,,0,,428,0,1,0,315,90,100.0,90,27,0,,0,1.30,30,32,-2,-0.07,,26.8,31.8,-5.0,-0.18,,0,1,0,1,0,32,4,100.0
92,Enzo Barrionuevo,ar ARG,"MF,FW",Godoy Cruz,19-283,2005,2,1,54,0.6,0,0,0,0,0,0,0,0,0.0,0.0,0.0,0.0,0,1,4,0.00,0.00,0.00,0.00,0.00,0.00,0.02,0.02,0.00,0.02,Matches,0,0,,0.00,0.00,,,,0,,0.0,0.0,5,12,41.7,87,34,3,6,50.0,1,3,33.3,1,2,50.0,0.3,0.0,1,0,1,1,12,0,0,0,3,0,0,0,0,0,0,1,1,1.67,1,0,0,0,0,0,0.00,0,0,0,0,0,0,0,0,0,0,0,,0,0,0,0,0,0,14,0,1,0,0.0,2,100.0,9,0,0,0,11,27,2.2,45,0,1,9,4,1.00,0,1,-1,-1.67,-1.14,0.5,0.5,0.0,-0.07,+0.31,0,1,0,0,0,1,0,0.0
226,Enzo Copetti,ar ARG,FW,Rosario Central,29-265,1996,26,15,1523,16.9,3,3,6,3,0,0,4,0,3.9,3.9,2.9,6.8,15,25,71,0.18,0.18,0.35,0.18,0.35,0.23,0.17,0.40,0.23,0.40,Matches,19,11,57.9,1.12,0.65,0.16,0.27,11.1,0,0.20,-0.9,-0.9,211,343,61.5,3033,554,133,185,71.9,63,99,63.6,11,23,47.8,1.6,+0.1,13,14,7,2,318,24,1,1,9,4,0,0,0,0,1,15,24,1.42,20,0,0,1,0,6,0.35,4,0,0,1,0,22,13,4,14,4,6,40.0,9,8,6,28,22,0,513,22,56,8,47.1,9,52.9,237,8,44,19,344,59,65.1,84,8,11,24,1,2.00,22,6,+16,+0.95,+0.50,22.6,12.0,+10.6,+0.62,+0.45,0,26,1,0,0,44,61,51.7
380,Enzo Giménez,py PAR,"DF,MF",Rosario Central,27-233,1998,16,7,708,7.9,2,0,2,2,0,0,2,0,0.8,0.8,1.2,2.0,12,30,58,0.25,0.00,0.25,0.25,0.25,0.11,0.15,0.25,0.11,0.25,Matches,10,4,40.0,1.27,0.51,0.20,0.50,15.8,0,0.08,+1.2,+1.2,288,390,73.8,4876,1555,149,169,88.2,111,153,72.5,26,45,57.8,0.7,-1.2,6,19,5,2,333,56,0,3,32,49,2,0,2,0,1,17,13,1.65,7,5,0,0,1,0,0.00,0,0,0,0,0,30,17,17,11,2,12,46.2,14,7,11,41,38,1,527,33,13,4,30.8,9,69.2,204,2,17,5,260,44,30.3,83,5,9,14,10,1.88,11,2,+9,+1.14,+0.54,12.4,7.8,+4.6,+0.59,+0.17,0,11,0,0,0,37,16,51.6
575,Enzo Martín Roldán,ar ARG,MF,Platense,24-304,2000,7,0,97,1.1,0,0,0,0,0,0,0,0,0.0,0.0,0.0,0.0,3,3,1,0.00,0.00,0.00,0.00,0.00,0.00,0.00,0.00,0.00,0.00,Matches,0,0,,0.00,0.00,,,,0,,0.0,0.0,27,40,67.5,381,128,14,17,82.4,12,15,80.0,0,4,0.0,0.0,0.0,0,3,0,0,37,3,0,0,5,0,1,0,1,0,0,3,1,0.93,1,0,0,0,0,0,0.00,0,0,0,0,0,3,2,1,2,0,2,66.7,1,1,2,5,5,0,58,3,0,1,33.3,2,66.7,29,0,2,2,28,14,4.1,,0,7,14,14,1.14,2,2,0,0.00,+0.12,1.0,1.6,-0.6,-0.55,-0.52,0,3,0,0,0,7,5,45.5
579,Enzo Martínez,uy URU,DF,Gimnasia–LP,27-162,1998,1,0,34,0.4,0,0,0,0,0,0,0,0,0.0,0.0,0.0,0.0,0,0,0,0.00,0.00,0.00,0.00,0.00,0.00,0.00,0.00,0.00,0.00,Matches,0,0,,0.00,0.00,,,,0,,0.0,0.0,1,3,33.3,16,3,0,0,,1,1,100.0,0,2,0.0,0.0,0.0,0,0,0,0,2,1,0,0,0,0,0,0,0,0,0,0,0,0.00,0,0,0,0,0,0,0.00,0,0,0,0,0,1,0,1,0,0,0,,0,1,1,2,3,0,10,4,0,0,,0,,3,1,1,0,0,34,1.4,,0,1,34,2,3.00,0,0,0,0.00,+0.53,0.5,0.9,-0.4,-1.08,-0.73,0,2,0,0,0,2,0,
747,Enzo Pérez,ar ARG,MF,River Plate,39-228,1986,20,18,1380,15.3,0,0,0,0,0,0,3,1,0.0,0.0,0.3,0.3,6,90,5,0.00,0.00,0.00,0.00,0.00,0.00,0.02,0.02,0.00,0.02,Matches,0,0,,0.00,0.00,,,,0,,0.0,0.0,774,895,86.5,13779,4637,317,359,88.3,384,425,90.4,60,80,75.0,0.3,-0.3,5,78,1,0,834,59,0,6,2,5,0,0,0,0,2,12,13,0.85,11,2,0,0,0,1,0.07,1,0,0,0,0,48,37,15,31,2,17,58.6,12,8,42,90,30,1,1064,27,0,2,33.3,4,66.7,443,0,13,8,594,69,56.8,74,7,2,22,2,1.95,24,8,+16,+1.04,+0.79,18.3,12.2,+6.0,+0.39,-0.11,0,22,0,0,0,81,40,63.5
952,Enzo Taborda,ar ARG,"FW,MF",Independiente,20-141,2005,2,1,96,1.1,0,0,0,0,0,0,0,0,0.2,0.2,0.0,0.2,2,1,9,0.00,0.00,0.00,0.00,0.00,0.16,0.00,0.16,0.16,0.16,Matches,4,0,0.0,3.75,0.00,0.00,,20.9,0,0.04,-0.2,-0.2,10,17,58.8,120,41,8,9,88.9,1,2,50.0,0,3,0.0,0.0,0.0,0,0,1,0,17,0,0,0,3,0,0,0,0,0,0,1,4,3.75,3,0,1,0,0,0,0.00,0,0,0,0,0,2,2,0,1,1,1,50.0,1,3,1,3,0,0,32,0,7,1,50.0,1,50.0,23,2,2,6,23,48,4.1,90,1,1,6,11,0.50,0,1,-1,-0.94,-1.26,0.3,2.0,-1.7,-1.58,-1.67,0,1,0,0,0,3,2,100.0
482,Eric Joel Tovo,ar ARG,DF,Deportivo Riestra,33-216,1992,4,3,199,2.2,0,0,0,0,0,0,0,0,0.0,0.0,0.0,0.0,0,2,1,0.00,0.00,0.00,0.00,0.00,0.00,0.00,0.00,0.00,0.00,Matches,0,0,,0.00,0.00,,,,0,,0.0,0.0,11,29,37.9,222,152,4,8,50.0,5,9,55.6,2,8,25.0,0.0,0.0,0,2,1,0,26,2,0,0,0,1,0,0,0,0,1,1,0,0.00,0,0,0,0,0,0,0.00,0,0,0,0,0,1,1,0,0,1,0,0.0,1,0,4,5,19,0,58,18,5,0,,0,,11,0,1,0,9,50,8.2,54,0,1,36,3,1.25,1,2,-1,-0.45,-1.06,1.4,4.1,-2.7,-1.20,-1.19,0,1,0,0,0,6,10,71.4
616,Eric Meza,ar ARG,DF,Estudiantes–LP,26-183,1999,19,17,1483,16.5,1,1,2,1,0,0,5,0,0.5,0.5,2.2,2.7,58,70,104,0.06,0.06,0.12,0.06,0.12,0.03,0.13,0.16,0.03,0.16,Matches,11,4,36.4,0.67,0.24,0.09,0.25,21.8,0,0.05,+0.5,+0.5,559,802,69.7,10178,4557,247,290,85.2,235,318,73.9,66,141,46.8,2.4,-1.2,23,65,28,20,650,148,1,7,95,135,0,0,0,0,4,34,42,2.55,37,3,2,0,0,6,0.36,5,0,1,0,0,32,16,21,7,4,15,50.0,15,14,12,44,47,1,993,62,29,24,55.8,19,44.2,484,8,30,17,534,78,61.0,85,13,2,23,0,1.30,19,17,+2,+0.12,+0.41,19.7,16.8,+2.9,+0.17,+0.12,0,22,0,0,0,86,7,46.7
803,Eric Ramírez,ve VEN,FW,Tigre,26-322,1998,6,1,147,1.6,0,0,0,0,0,0,0,0,0.3,0.3,0.0,0.3,3,4,7,0.00,0.00,0.00,0.00,0.00,0.17,0.01,0.18,0.17,0.18,Matches,3,1,33.3,1.84,0.61,0.00,0.00,14.7,0,0.09,-0.3,-0.3,19,31,61.3,243,78,12,22,54.5,5,5,100.0,0,0,,0.4,0.0,1,4,0,0,30,0,0,0,1,0,0,0,0,0,1,1,4,2.45,1,0,1,1,0,0,0.00,0,0,0,0,0,0,0,0,0,0,0,0.0,1,2,1,1,1,0,48,1,5,1,50.0,1,50.0,20,3,5,3,32,25,6.0,72,0,5,15,6,1.14,1,2,-1,-0.61,-0.97,1.7,1.2,+0.6,+0.34,+0.03,0,8,0,0,0,4,6,50.0
804,Eric Ramírez,ar ARG,FW,Huracán,29-017,1996,22,14,1135,12.6,3,1,4,2,1,1,3,0,4.0,3.2,0.4,3.6,11,17,50,0.24,0.08,0.32,0.16,0.24,0.32,0.03,0.34,0.25,0.28,Matches,3,1,33.3,1.84,0.61,0.00,0.00,14.7,0,0.09,-0.3,-0.3,19,31,61.3,243,78,12,22,54.5,5,5,100.0,0,0,,0.4,0.0,1,4,0,0,30,0,0,0,1,0,0,0,0,0,1,1,4,2.45,1,0,1,1,0,0,0.00,0,0,0,0,0,0,0,0,0,0,0,0.0,1,2,1,1,1,0,48,1,5,1,50.0,1,50.0,20,3,5,3,32,25,6.0,72,0,5,15,6,1.14,1,2,-1,-0.61,-0.97,1.7,1.2,+0.6,+0.34,+0.03,0,8,0,0,0,4,6,50.0
392,Erik Godoy,ar ARG,DF,Arg Juniors,32-053,1993,25,25,2185,24.3,1,0,1,1,0,0,8,0,1.2,1.2,0.0,1.2,17,59,4,0.04,0.00,0.04,0.04,0.04,0.05,0.00,0.05,0.05,0.05,Matches,8,4,50.0,0.33,0.16,0.13,0.25,16.8,0,0.15,-0.2,-0.2,1182,1354,87.3,23386,7252,370,401,92.3,679,722,94.0,123,210,58.6,0.1,0.0,1,51,2,0,1294,54,1,4,3,3,0,0,0,0,6,1,11,0.45,10,0,0,0,0,0,0.00,0,0,0,0,0,25,14,15,10,0,14,70.0,6,10,21,46,165,1,1627,188,9,1,50.0,0,0.0,875,0,8,2,1078,87,89.9,87,24,0,,0,1.81,31,15,+16,+0.66,-0.44,29.1,21.3,+7.8,+0.32,-0.83,0,22,0,2,0,66,53,57.0
148,Esteban Burgos,ar ARG,DF,San Martín de San Juan,33-272,1992,12,10,888,9.9,0,0,0,0,0,0,1,0,0.5,0.5,0.0,0.5,1,39,4,0.00,0.00,0.00,0.00,0.00,0.05,0.00,0.05,0.05,0.05,Matches,5,1,20.0,0.51,0.10,0.00,0.00,13.9,0,0.09,-0.5,-0.5,292,387,75.5,6731,2957,88,101,87.1,144,171,84.2,58,104,55.8,0.1,0.0,1,37,0,0,355,31,0,9,1,0,0,0,0,0,1,3,9,0.91,7,1,0,0,1,0,0.00,0,0,0,0,0,11,6,10,1,0,6,100.0,0,5,10,21,68,0,499,67,12,1,50.0,1,50.0,202,1,8,2,223,74,36.5,82,7,2,36,6,0.58,2,7,-5,-0.51,+0.14,7.7,10.6,-2.9,-0.30,+0.01,0,5,0,0,0,50,23,62.2
,Esteban Lucero,,,,,,,,,,,,,,,,,,,,,,,,,,,,,,,,,,,,,,,,,,,,,,,,,,,,,,,,,,,,,,,,,,,,,,,,,,,,,,,,,,,,,,,,,,,,,,,,,,,,,,,,,,,,,,,,,,,,,,,,,,0,0,,12,,,,,,,,,,,,,,,,,,,
,Evaristo Dieguiz,,,,,,,,,,,,,,,,,,,,,,,,,,,,,,,,,,,,,,,,,,,,,,,,,,,,,,,,,,,,,,,,,,,,,,,,,,,,,,,,,,,,,,,,,,,,,,,,,,,,,,,,,,,,,,,,,,,,,,,,,,0,0,,1,,,,,,,,,,,,,,,,,,,
1028,Exequiel Zeballos,ar ARG,"FW,MF",Boca Juniors,23-167,2002,20,6,678,7.5,2,1,3,2,0,0,1,0,2.7,2.7,0.7,3.5,32,20,88,0.27,0.13,0.40,0.27,0.40,0.36,0.10,0.46,0.36,0.46,Matches,22,6,27.3,2.92,0.80,0.09,0.33,20.6,1,0.12,-0.7,-0.7,152,202,75.2,2438,586,93,110,84.5,42,57,73.7,15,23,65.2,0.9,+0.3,10,9,4,2,189,13,0,3,24,4,7,2,3,0,0,10,31,4.11,20,0,8,1,0,2,0.27,1,0,1,0,0,9,6,4,2,3,4,44.4,5,5,2,11,1,0,315,1,45,22,46.8,23,48.9,195,14,33,12,231,34,27.9,65,0,14,21,3,2.00,11,3,+8,+1.06,+0.29,10.1,5.8,+4.3,+0.57,+0.19,0,7,0,0,0,26,3,23.1
120,Ezequiel Bonifacio,ar ARG,DF,Ind. Rivadavia,31-152,1994,6,4,341,3.8,0,0,0,0,0,0,1,0,0.0,0.0,0.3,0.3,4,10,13,0.00,0.00,0.00,0.00,0.00,0.00,0.07,0.07,0.00,0.07,Matches,0,0,,0.00,0.00,,,,0,,0.0,0.0,81,124,65.3,1419,569,41,48,85.4,31,47,66.0,8,24,33.3,0.7,-0.3,5,11,3,1,100,23,0,0,4,23,0,0,0,0,1,2,5,1.32,5,0,0,0,0,0,0.00,0,0,0,0,0,3,3,2,1,0,3,60.0,2,3,3,6,17,0,160,11,7,1,100.0,0,0.0,59,0,4,4,72,57,14.0,74,0,2,22,3,1.17,2,2,0,0.00,-0.04,2.8,3.8,-0.9,-0.25,+0.04,0,7,0,0,0,8,7,50.0
170,Ezequiel Cannavo,ar ARG,DF,Defensa y Just,23-118,2002,21,20,1692,18.8,1,1,2,1,0,0,2,0,1.1,1.1,1.1,2.2,33,50,88,0.05,0.05,0.11,0.05,0.11,0.06,0.06,0.12,0.06,0.12,Matches,16,4,25.0,0.85,0.21,0.06,0.25,12.6,0,0.07,-0.1,-0.1,571,748,76.3,8767,3388,314,367,85.6,213,273,78.0,31,64,48.4,1.1,-0.1,9,33,8,5,593,153,0,2,27,144,0,0,0,0,2,23,22,1.17,15,1,2,2,0,1,0.05,1,0,0,0,0,62,44,37,20,5,31,68.9,14,16,19,81,83,0,1033,66,34,14,38.9,21,58.3,408,2,25,13,501,81,69.6,83,13,1,28,4,1.43,18,17,+1,+0.05,+0.42,17.9,19.1,-1.2,-0.06,+0.40,0,28,0,0,0,78,31,50.8
169,Ezequiel Cañete,ar ARG,"MF,FW",Unión,26-113,1999,2,0,46,0.5,0,0,0,0,0,0,0,0,0.0,0.0,0.0,0.0,3,3,0,0.00,0.00,0.00,0.00,0.00,0.00,0.00,0.00,0.00,0.00,Matches,0,0,,0.00,0.00,,,,0,,0.0,0.0,15,21,71.4,299,102,6,6,100.0,7,8,87.5,2,4,50.0,0.0,0.0,0,2,0,0,21,0,0,1,0,0,0,0,0,0,0,2,0,0.00,0,0,0,0,0,0,0.00,0,0,0,0,0,3,2,0,3,0,0,0.0,2,1,0,3,0,0,28,0,0,0,,0,,16,0,1,0,17,23,1.9,,0,2,23,5,0.50,0,2,-2,-3.91,-3.95,0.5,1.0,-0.5,-0.94,-1.14,0,5,0,0,0,2,0,0.0
207,Ezequiel Centurión,ar ARG,GK,Ind. Rivadavia,28-141,1997,27,27,2430,27.0,0,0,0,0,0,0,2,0,0.0,0.0,0.0,0.0,0,0,0,0.00,0.00,0.00,0.00,0.00,0.00,0.00,0.00,0.00,0.00,Matches,0,0,,0.00,0.00,,,,0,,0.0,0.0,459,791,58.0,16524,13138,25,25,100.0,215,217,99.1,219,546,40.1,0.1,0.0,0,15,0,0,469,319,0,0,0,0,0,0,0,0,3,0,7,0.26,3,4,0,0,0,0,0.00,0,0,0,0,0,1,1,1,0,0,1,50.0,1,0,0,1,13,2,846,697,0,0,,0,,374,0,2,0,252,90,100.0,90,27,0,,0,1.36,30,29,+1,+0.04,,29.0,36.7,-7.8,-0.29,,0,1,0,1,0,18,2,66.7
209,Ezequiel Cerutti,ar ARG,"FW,MF",San Lorenzo,33-264,1992,22,16,1388,15.4,1,2,3,1,0,0,7,0,0.6,0.6,2.5,3.1,43,50,99,0.06,0.13,0.19,0.06,0.19,0.04,0.16,0.20,0.04,0.20,Matches,14,6,42.9,0.91,0.39,0.07,0.17,24.6,0,0.04,+0.4,+0.4,337,505,66.7,5735,2119,163,198,82.3,123,183,67.2,37,88,42.0,2.2,-0.5,27,39,22,18,449,54,2,2,84,12,28,7,13,0,2,16,56,3.63,38,6,2,8,0,4,0.26,1,0,1,2,0,16,14,6,5,5,9,50.0,9,15,4,20,13,1,634,4,22,9,40.9,13,59.1,370,5,30,10,426,63,57.1,74,1,6,34,0,1.56,14,9,+5,+0.32,+0.32,13.5,11.4,+2.1,+0.13,-0.22,0,21,1,0,0,78,4,21.1
,Ezequiel Godoy,,,,,,,,,,,,,,,,,,,,,,,,,,,,,,,,,,,,,,,,,,,,,,,,,,,,,,,,,,,,,,,,,,,,,,,,,,,,,,,,,,,,,,,,,,,,,,,,,,,,,,,,,,,,,,,,,,,,,,,,,,0,0,,6,,,,,,,,,,,,,,,,,,,
441,Ezequiel Ham,sy SYR,MF,Unión,31-212,1994,15,9,799,8.9,1,1,2,1,0,0,1,0,0.9,0.9,1.7,2.6,15,85,37,0.11,0.11,0.23,0.11,0.23,0.10,0.19,0.29,0.10,0.29,Matches,18,6,33.3,2.03,0.68,0.06,0.17,26.9,1,0.05,+0.1,+0.1,431,553,77.9,8550,2569,164,196,83.7,203,238,85.3,60,101,59.4,1.8,-0.7,20,68,16,4,492,60,1,12,45,6,31,5,21,0,1,8,44,4.96,31,10,0,0,0,2,0.23,1,1,0,0,0,8,8,1,7,0,4,26.7,11,7,6,14,8,0,621,12,8,2,40.0,3,60.0,349,2,11,8,424,53,32.9,67,2,6,33,0,0.93,4,10,-6,-0.68,-0.95,11.0,9.2,+1.8,+0.20,+0.04,0,5,0,0,0,57,1,20.0
451,Ezequiel Herrera,ar ARG,DF,San Lorenzo,22-259,2003,23,19,1711,19.0,0,0,0,0,0,0,8,0,0.4,0.4,0.4,0.8,18,48,36,0.00,0.00,0.00,0.00,0.00,0.02,0.02,0.04,0.02,0.04,Matches,6,0,0.0,0.32,0.00,0.00,,25.1,0,0.07,-0.4,-0.4,478,738,64.8,7911,3466,237,281,84.3,175,280,62.5,47,126,37.3,0.6,-0.4,8,43,13,9,533,204,0,3,37,192,1,0,0,0,1,26,25,1.32,22,1,0,1,0,1,0.05,1,0,0,0,0,40,25,26,10,4,24,70.6,10,23,21,61,67,1,953,38,6,16,53.3,14,46.7,378,0,27,12,411,74,70.4,88,18,4,12,2,1.59,18,11,+7,+0.37,+0.62,19.3,15.0,+4.4,+0.23,+0.01,0,23,0,0,0,66,17,50.0
636,Ezequiel Montagna,ar ARG,"MF,FW",San Martín de San Juan,31-122,1994,4,2,175,1.9,0,0,0,0,0,0,0,0,0.0,0.0,0.1,0.1,2,0,5,0.00,0.00,0.00,0.00,0.00,0.00,0.04,0.04,0.00,0.04,Matches,0,0,,0.00,0.00,,,,0,,0.0,0.0,47,61,77.0,646,162,21,27,77.8,12,15,80.0,4,6,66.7,0.1,-0.1,2,2,1,1,53,7,0,0,5,4,2,1,0,0,1,1,6,3.09,4,1,0,1,0,0,0.00,0,0,0,0,0,1,0,1,0,0,0,0.0,3,0,1,2,4,0,78,1,1,1,50.0,1,50.0,38,1,6,5,42,44,7.2,62,0,2,26,2,0.00,0,1,-1,-0.51,+0.08,0.8,3.3,-2.5,-1.31,-1.08,0,1,0,0,0,8,2,18.2
664,Ezequiel Muñoz,ar ARG,DF,Lanús,35-000,1990,17,12,1112,12.4,0,1,1,0,0,0,1,0,0.5,0.5,0.3,0.8,3,24,1,0.00,0.08,0.08,0.00,0.08,0.04,0.02,0.06,0.04,0.06,Matches,11,1,9.1,0.89,0.08,0.00,0.00,12.2,0,0.04,-0.5,-0.5,459,538,85.3,8837,3721,145,161,90.1,259,285,90.9,44,73,60.3,0.0,+0.7,1,14,0,0,502,35,0,1,1,0,0,0,0,0,1,4,6,0.49,1,1,0,1,0,2,0.16,0,0,0,1,0,12,5,9,3,0,7,63.6,4,11,30,42,112,0,737,105,15,0,,0,,312,0,8,0,377,65,45.8,89,10,5,9,9,1.53,9,9,0,0.00,-0.27,12.9,14.2,-1.3,-0.10,-0.30,0,9,1,0,0,33,62,72.1
,Ezequiel Tejada,,,,,,,,,,,,,,,,,,,,,,,,,,,,,,,,,,,,,,,,,,,,,,,,,,,,,,,,,,,,,,,,,,,,,,,,,,,,,,,,,,,,,,,,,,,,,,,,,,,,,,,,,,,,,,,,,,,,,,,,,,0,0,,1,,,,,,,,,,,,,,,,,,,
744,Fabio Pereyra,ar ARG,DF,Huracán,35-250,1990,26,25,2161,24.0,2,0,2,2,0,0,6,1,1.9,1.9,0.5,2.3,14,77,2,0.08,0.00,0.08,0.08,0.08,0.08,0.02,0.10,0.08,0.10,Matches,21,7,33.3,0.87,0.29,0.10,0.29,13.2,0,0.09,+0.1,+0.1,731,908,80.5,16587,6619,163,187,87.2,415,471,88.1,142,227,62.6,0.5,-0.5,5,52,0,0,828,78,0,9,0,1,0,0,0,0,2,1,11,0.46,10,0,0,0,0,0,0.00,0,0,0,0,0,16,10,8,8,0,10,43.5,13,9,26,42,187,1,1208,180,29,4,100.0,0,0.0,544,0,10,3,611,83,88.9,85,23,1,31,0,1.63,24,17,+7,+0.29,+0.96,28.8,22.1,+6.7,+0.28,+0.36,1,25,0,2,0,65,95,66.9
682,Fabián Noguera,ar ARG,DF,Newell's OB,32-202,1993,4,4,308,3.4,0,0,0,0,0,0,1,0,0.0,0.0,0.0,0.0,0,4,0,0.00,0.00,0.00,0.00,0.00,0.00,0.00,0.00,0.00,0.00,Matches,0,0,,0.00,0.00,,,,0,,0.0,0.0,37,62,59.7,657,360,16,25,64.0,15,21,71.4,5,14,35.7,0.0,0.0,0,3,0,0,61,1,0,0,0,0,0,0,0,0,0,1,1,0.29,1,0,0,0,0,0,0.00,0,0,0,0,0,3,3,2,1,0,1,100.0,0,0,2,5,22,0,98,19,4,0,,0,,25,0,1,0,33,77,12.7,77,2,0,,6,0.25,2,7,-5,-1.46,-1.21,1.1,3.8,-2.8,-0.81,-0.75,0,4,0,0,0,5,12,57.1
,Fabricio Acosta,,,,,,,,,,,,,,,,,,,,,,,,,,,,,,,,,,,,,,,,,,,,,,,,,,,,,,,,,,,,,,,,,,,,,,,,,,,,,,,,,,,,,,,,,,,,,,,,,,,,,,,,,,,,,,,,,,,,,,,,,,0,0,,5,,,,,,,,,,,,,,,,,,,
42,Fabricio Amato,ar ARG,MF,Ind. Rivadavia,21-126,2004,1,0,27,0.3,0,0,0,0,0,0,0,0,0.0,0.0,0.0,0.0,0,1,0,0.00,0.00,0.00,0.00,0.00,0.00,0.00,0.00,0.00,0.00,Matches,0,0,,0.00,0.00,,,,0,,0.0,0.0,4,7,57.1,86,71,1,2,50.0,2,3,66.7,1,1,100.0,0.0,0.0,0,1,0,0,7,0,0,0,0,0,0,0,0,0,0,0,0,0.00,0,0,0,0,0,0,0.00,0,0,0,0,0,1,1,0,1,0,1,100.0,0,1,1,2,1,0,13,1,0,0,,0,,5,0,0,1,6,27,1.1,,0,1,27,13,1.00,0,1,-1,-3.33,-3.41,0.0,1.3,-1.3,-4.33,-4.08,0,1,0,1,0,1,0,
152,Fabricio Bustos,ar ARG,DF,River Plate,29-163,1996,12,9,853,9.5,0,0,0,0,0,0,1,0,0.3,0.3,0.6,0.9,9,42,90,0.00,0.00,0.00,0.00,0.00,0.03,0.06,0.09,0.03,0.09,Matches,7,2,28.6,0.74,0.21,0.00,0.00,18.7,0,0.04,-0.3,-0.3,486,610,79.7,7562,2992,259,287,90.2,190,234,81.2,25,52,48.1,0.5,-0.6,12,24,7,2,491,119,0,1,26,112,1,0,1,0,0,19,22,2.32,21,0,0,1,0,2,0.21,2,0,0,0,0,18,14,9,6,3,9,52.9,8,10,6,24,25,2,707,21,12,4,25.0,12,75.0,318,0,8,2,397,71,35.1,82,7,3,38,13,1.86,15,11,+4,+0.42,-0.43,9.5,10.6,-1.1,-0.11,-0.85,0,12,0,0,0,36,7,43.8
227,Fabricio Corbalan,ar ARG,"DF,FW",Gimnasia–LP,22-009,2003,9,5,353,3.9,0,0,0,0,0,0,3,1,0.3,0.3,0.3,0.6,13,13,19,0.00,0.00,0.00,0.00,0.00,0.08,0.07,0.15,0.08,0.15,Matches,4,0,0.0,1.02,0.00,0.00,,33.6,0,0.08,-0.3,-0.3,123,193,63.7,2059,968,63,74,85.1,47,64,73.4,12,43,27.9,0.1,-0.3,3,13,4,2,150,42,0,0,28,37,2,0,2,0,1,7,5,1.27,2,2,0,0,0,0,0.00,0,0,0,0,0,11,6,2,6,3,8,80.0,2,4,3,14,7,1,253,12,3,9,47.4,10,52.6,106,3,13,6,128,39,14.5,60,0,4,13,17,1.11,2,4,-2,-0.51,+0.01,2.6,4.6,-2.0,-0.51,-0.17,1,5,0,0,0,20,3,42.9
458,Fabricio Iacovich,ar ARG,GK,Estudiantes–LP,23-252,2002,1,1,90,1.0,0,0,0,0,0,0,0,0,0.0,0.0,0.0,0.0,0,0,0,0.00,0.00,0.00,0.00,0.00,0.00,0.00,0.00,0.00,0.00,Matches,0,0,,0.00,0.00,,,,0,,0.0,0.0,15,16,93.8,383,289,3,3,100.0,9,9,100.0,3,4,75.0,0.0,0.0,0,0,0,0,9,7,0,0,0,0,0,0,0,0,0,0,0,0.00,0,0,0,0,0,0,0.00,0,0,0,0,0,0,0,0,0,0,0,,0,0,0,0,1,0,20,19,0,0,,0,,9,0,0,0,4,90,3.7,90,1,0,,24,3.00,1,0,+1,+1.00,+1.08,0.6,1.0,-0.5,-0.45,-0.60,0,0,0,0,0,1,0,
522,Fabricio López,ar ARG,DF,San Lorenzo,22-321,2002,9,8,733,8.1,0,0,0,0,0,0,3,0,0.7,0.7,0.0,0.8,8,23,28,0.00,0.00,0.00,0.00,0.00,0.09,0.01,0.10,0.09,0.10,Matches,9,1,11.1,1.11,0.12,0.00,0.00,17.6,0,0.08,-0.7,-0.7,206,320,64.4,3399,1782,100,126,79.4,86,124,69.4,15,41,36.6,0.2,0.0,2,16,5,2,217,103,0,0,11,99,0,0,0,0,0,19,11,1.35,4,2,2,0,2,0,0.00,0,0,0,0,0,24,16,13,6,5,16,72.7,6,5,15,39,34,0,448,25,15,9,47.4,10,52.6,161,3,18,5,175,81,30.2,86,7,1,45,7,1.33,5,7,-2,-0.25,-0.62,7.8,5.8,+2.0,+0.25,+0.03,0,18,0,0,0,23,18,50.0
,Fabricio Oviedo,,,,,,,,,,,,,,,,,,,,,,,,,,,,,,,,,,,,,,,,,,,,,,,,,,,,,,,,,,,,,,,,,,,,,,,,,,,,,,,,,,,,,,,,,,,,,,,,,,,,,,,,,,,,,,,,,,,,,,,,,,0,0,,4,,,,,,,,,,,,,,,,,,,
748,Fabricio Pérez,ar ARG,"FW,MF",Estudiantes–LP,19-305,2005,8,4,326,3.6,1,1,2,1,0,0,1,0,0.6,0.6,0.4,1.0,11,9,48,0.28,0.28,0.55,0.28,0.55,0.16,0.12,0.28,0.16,0.28,Matches,10,3,30.0,2.76,0.83,0.10,0.33,18.1,0,0.06,+0.4,+0.4,90,118,76.3,1184,259,64,70,91.4,22,36,61.1,2,5,40.0,0.8,+0.6,5,5,2,0,110,7,0,1,16,3,1,0,0,0,1,3,13,3.59,8,2,1,2,0,1,0.28,0,1,0,0,0,8,4,1,4,3,3,42.9,4,5,3,11,1,0,181,2,12,3,23.1,10,76.9,126,4,14,11,136,41,13.4,59,0,4,23,11,1.38,5,2,+3,+0.83,+1.00,2.4,2.0,+0.4,+0.11,-0.02,0,3,0,0,0,10,3,60.0
963,Fabricio Tirado,ar ARG,"MF,DF",Newell's OB,21-020,2004,2,0,63,0.7,0,0,0,0,0,0,0,0,0.1,0.1,0.1,0.1,0,5,6,0.00,0.00,0.00,0.00,0.00,0.09,0.09,0.18,0.09,0.18,Matches,2,1,50.0,2.86,1.43,0.00,0.00,26.7,0,0.03,-0.1,-0.1,36,50,72.0,712,227,15,18,83.3,12,18,66.7,7,12,58.3,0.1,-0.1,2,6,1,0,43,7,0,1,8,2,3,0,3,0,0,0,4,5.71,2,1,0,0,1,0,0.00,0,0,0,0,0,1,1,0,1,0,0,,0,2,2,3,0,0,59,0,0,0,,0,,28,0,1,0,39,32,2.6,,0,2,32,3,0.00,0,0,0,0.00,+0.42,2.0,0.6,+1.5,+2.13,+2.35,0,0,0,0,0,0,0,
903,Fabrizio Sartori,ar ARG,"FW,MF",Ind. Rivadavia,23-085,2002,23,8,889,9.9,5,0,5,5,0,0,0,0,3.5,3.5,0.4,3.9,6,5,45,0.51,0.00,0.51,0.51,0.51,0.35,0.04,0.39,0.35,0.39,Matches,17,8,47.1,1.72,0.81,0.29,0.63,13.6,0,0.20,+1.5,+1.5,122,179,68.2,1529,294,74,91,81.3,36,52,69.2,1,6,16.7,0.3,-0.4,6,6,0,0,165,12,0,0,8,0,1,1,0,0,2,11,10,1.01,8,0,0,0,0,0,0.00,0,0,0,0,0,10,6,2,5,3,4,25.0,12,7,1,11,6,0,303,9,34,4,26.7,11,73.3,165,0,41,20,207,39,36.6,78,2,15,18,4,1.08,17,15,+2,+0.20,+0.26,12.9,15.0,-2.0,-0.21,+0.13,0,11,0,0,0,29,26,33.8
36,Facundo Altamira,,"FW,MF",Godoy Cruz,,,19,13,993,11.0,2,0,2,2,0,0,2,0,1.7,1.7,0.3,2.0,33,13,67,0.18,0.00,0.18,0.18,0.18,0.15,0.03,0.18,0.15,0.18,Matches,15,6,40.0,1.36,0.54,0.13,0.33,21.8,0,0.11,+0.3,+0.3,170,228,74.6,2322,429,109,129,84.5,43,61,70.5,8,16,50.0,0.3,-0.3,8,6,3,3,218,10,0,0,32,5,2,0,2,0,0,10,26,2.36,20,1,3,2,0,3,0.27,2,0,0,1,0,15,13,5,9,1,5,55.6,4,8,5,20,15,0,383,11,27,36,64.3,20,35.7,214,6,41,21,228,52,40.9,61,1,6,34,4,0.89,10,13,-3,-0.27,+0.48,7.9,11.6,-3.7,-0.33,+0.06,0,23,1,0,0,50,8,34.8
,Facundo Altamirano,,,,,,,,,,,,,,,,,,,,,,,,,,,,,,,,,,,,,,,,,,,,,,,,,,,,,,,,,,,,,,,,,,,,,,,,,,,,,,,,,,,,,,,,,,,,,,,,,,,,,,,,,,,,,,,,,,,,,,,,,,0,0,,11,,,,,,,,,,,,,,,,,,,
59,Facundo Ardiles,ar ARG,DF,Godoy Cruz,27-016,1998,1,0,45,0.5,0,0,0,0,0,0,0,0,0.0,0.0,0.0,0.0,1,0,2,0.00,0.00,0.00,0.00,0.00,0.00,0.04,0.04,0.00,0.04,Matches,0,0,,0.00,0.00,,,,0,,0.0,0.0,14,20,70.0,259,185,5,6,83.3,7,10,70.0,2,2,100.0,0.0,0.0,1,0,0,0,11,9,0,0,0,9,0,0,0,0,0,2,1,2.00,1,0,0,0,0,0,0.00,0,0,0,0,0,3,1,2,1,0,2,66.7,1,0,0,3,1,0,25,1,0,0,,0,,5,0,0,1,8,45,1.9,,0,1,45,0,0.00,0,1,-1,-2.00,-1.47,0.1,0.6,-0.4,-0.87,-0.51,0,0,0,0,0,1,0,
145,Facundo Bruera,ar ARG,FW,Barracas Central,27-015,1998,26,11,1385,15.4,8,5,13,8,0,0,5,0,5.9,5.9,1.8,7.7,10,24,59,0.52,0.32,0.84,0.52,0.84,0.39,0.12,0.50,0.39,0.50,Matches,47,22,46.8,3.05,1.43,0.17,0.36,17.3,0,0.13,+2.1,+2.1,178,327,54.4,2500,588,99,169,58.6,50,88,56.8,13,22,59.1,1.6,+3.2,19,22,5,1,320,6,1,2,7,0,0,0,0,0,1,7,35,2.27,22,0,3,4,1,8,0.52,5,0,0,1,0,18,13,3,11,4,10,41.7,14,11,2,20,26,0,562,30,87,6,24.0,19,76.0,259,8,66,27,398,53,57.0,85,9,15,30,0,1.56,23,17,+6,+0.39,+0.56,18.0,15.9,+2.1,+0.14,+0.16,0,42,1,0,1,45,111,50.9
164,Facundo Cambeses,ar ARG,GK,Racing Club,28-182,1997,12,10,963,10.7,0,0,0,0,0,0,1,0,0.0,0.0,0.0,0.0,0,0,0,0.00,0.00,0.00,0.00,0.00,0.00,0.00,0.00,0.00,0.00,Matches,0,0,,0.00,0.00,,,,0,,0.0,0.0,216,334,64.7,6713,5125,33,33,100.0,106,107,99.1,76,192,39.6,0.1,0.0,1,10,1,0,196,137,0,0,0,0,0,0,0,0,1,0,5,0.47,4,1,0,0,0,0,0.00,0,0,0,0,0,1,1,1,0,0,1,100.0,0,0,0,1,4,1,361,305,0,1,100.0,0,0.0,156,0,0,0,134,80,39.6,90,10,2,32,14,1.46,14,10,+4,+0.37,+0.13,12.2,13.6,-1.4,-0.13,-0.17,0,0,0,0,0,7,3,100.0
218,Facundo Colidio,ar ARG,"FW,MF",River Plate,25-277,2000,23,19,1440,16.0,6,3,9,6,0,0,4,0,3.6,3.6,2.7,6.3,50,39,150,0.37,0.19,0.56,0.37,0.56,0.23,0.17,0.39,0.23,0.39,Matches,41,15,36.6,2.56,0.94,0.15,0.40,18.5,0,0.09,+2.4,+2.4,368,512,71.9,5104,1334,222,278,79.9,104,144,72.2,22,36,61.1,2.3,+0.3,26,41,10,1,482,24,4,3,19,17,1,1,0,0,6,16,66,4.14,44,2,3,13,0,4,0.25,2,0,1,1,0,25,14,2,17,6,7,50.0,7,14,3,28,9,0,728,12,56,21,36.8,35,61.4,469,10,51,32,588,63,59.3,71,2,4,25,1,1.84,17,10,+7,+0.44,-0.65,19.6,12.4,+7.2,+0.45,+0.03,0,18,0,0,0,60,23,41.8
258,Facundo De La Vega,ar ARG,FW,Aldosivi,22-176,2003,6,4,322,3.6,0,0,0,0,0,0,1,0,0.3,0.3,0.1,0.4,1,7,22,0.00,0.00,0.00,0.00,0.00,0.08,0.04,0.12,0.08,0.12,Matches,5,3,60.0,1.40,0.84,0.00,0.00,19.5,0,0.06,-0.3,-0.3,31,60,51.7,429,121,16,34,47.1,10,17,58.8,3,5,60.0,0.1,-0.1,3,4,0,0,58,2,0,1,2,0,0,0,0,0,0,1,5,1.40,4,0,0,0,1,0,0.00,0,0,0,0,0,6,3,1,3,2,1,25.0,3,4,0,6,1,0,111,2,12,2,28.6,5,71.4,45,1,14,3,73,54,13.3,71,1,2,20,4,0.50,1,3,-2,-0.56,+0.25,2.5,6.3,-3.9,-1.08,-0.70,0,8,0,0,0,5,20,52.6
270,Facundo Di Biasi,ar ARG,MF,Gimnasia–LP,20-108,2005,17,13,1060,11.8,0,0,0,0,0,0,6,0,0.3,0.3,0.2,0.5,9,76,12,0.00,0.00,0.00,0.00,0.00,0.03,0.02,0.04,0.03,0.04,Matches,10,0,0.0,0.85,0.00,0.00,,26.8,0,0.03,-0.3,-0.3,427,517,82.6,8644,3308,164,191,85.9,171,195,87.7,84,101,83.2,0.4,-0.2,9,78,8,3,493,22,0,9,7,4,0,0,0,0,2,14,23,1.95,21,0,1,1,0,0,0.00,0,0,0,0,0,20,14,6,9,5,12,54.5,10,10,15,35,23,1,641,25,5,7,50.0,7,50.0,317,1,23,5,387,62,43.6,77,8,4,15,7,1.00,5,11,-6,-0.51,+0.02,8.7,14.6,-5.9,-0.50,-0.24,0,23,0,0,0,62,14,56.0
309,Facundo Farías,ar ARG,"FW,MF",Estudiantes–LP,23-041,2002,16,5,578,6.4,0,2,2,0,0,0,4,0,0.2,0.2,1.1,1.3,5,23,49,0.00,0.31,0.31,0.00,0.31,0.04,0.17,0.20,0.04,0.20,Matches,5,0,0.0,0.78,0.00,0.00,,25.1,0,0.05,-0.2,-0.2,176,235,74.9,2509,567,99,124,79.8,57,75,76.0,8,18,44.4,1.0,+0.9,9,18,10,1,224,11,6,2,11,3,3,2,1,0,0,5,14,2.18,13,0,0,1,0,2,0.31,2,0,0,0,0,6,2,0,3,3,1,20.0,4,3,1,7,6,0,309,3,6,15,50.0,15,50.0,188,1,24,13,234,36,23.8,61,1,11,25,4,1.12,6,8,-2,-0.31,-0.36,6.2,6.2,0.0,+0.01,-0.16,0,15,0,0,0,24,2,10.5
,Facundo González,,,,,,,,,,,,,,,,,,,,,,,,,,,,,,,,,,,,,,,,,,,,,,,,,,,,,,,,,,,,,,,,,,,,,,,,,,,,,,,,,,,,,,,,,,,,,,,,,,,,,,,,,,,,,,,,,,,,,,,,,,0,0,,1,,,,,,,,,,,,,,,,,,,
429,Facundo Guch,ar ARG,"MF,FW",Newell's OB,18-261,2007,5,0,157,1.7,1,0,1,1,0,0,1,0,1.0,1.0,0.0,1.0,4,4,19,0.57,0.00,0.57,0.57,0.57,0.58,0.00,0.58,0.58,0.58,Matches,3,2,66.7,1.72,1.15,0.33,0.50,17.6,0,0.34,0.0,0.0,40,53,75.5,638,75,17,19,89.5,22,28,78.6,1,5,20.0,0.0,0.0,0,3,0,0,50,3,0,0,4,0,0,0,0,0,0,0,1,0.57,1,0,0,0,0,0,0.00,0,0,0,0,0,6,6,1,2,3,3,60.0,2,1,0,6,1,0,80,0,4,5,45.5,6,54.5,48,1,2,3,54,31,6.5,,0,5,31,10,1.00,3,4,-1,-0.57,-0.18,2.3,2.1,+0.2,+0.14,+0.32,0,1,0,0,0,7,1,100.0
436,Facundo Gulli,ar ARG,MF,San Lorenzo,20-013,2005,7,3,274,3.0,1,0,1,1,0,0,0,0,0.9,0.9,0.3,1.2,15,16,7,0.33,0.00,0.33,0.33,0.33,0.28,0.11,0.39,0.28,0.39,Matches,9,4,44.4,2.96,1.31,0.11,0.25,23.1,2,0.09,+0.1,+0.1,83,118,70.3,1512,487,37,46,80.4,28,38,73.7,14,26,53.8,0.2,-0.3,9,13,2,0,99,18,0,2,15,0,10,9,0,0,1,2,16,5.26,10,3,0,1,0,1,0.33,1,0,0,0,0,1,1,0,1,0,0,0.0,2,3,1,2,1,0,153,1,6,3,27.3,8,72.7,92,2,8,7,102,39,11.3,75,0,4,12,4,1.29,3,2,+1,+0.33,+0.16,4.1,2.4,+1.7,+0.56,+0.38,0,4,0,0,0,14,4,40.0
554,Facundo Mallo,uy URU,DF,Rosario Central,30-265,1995,14,12,1077,12.0,0,0,0,0,0,0,4,0,0.2,0.2,0.1,0.3,4,40,0,0.00,0.00,0.00,0.00,0.00,0.02,0.01,0.02,0.02,0.02,Matches,6,0,0.0,0.50,0.00,0.00,,11.4,0,0.04,-0.2,-0.2,397,497,79.9,8911,3652,85,93,91.4,246,271,90.8,65,123,52.8,0.1,-0.1,2,30,4,0,475,20,0,9,0,1,0,0,0,0,2,4,7,0.58,4,0,0,0,0,1,0.08,0,0,0,0,0,14,9,9,5,0,1,20.0,4,1,26,40,82,1,642,90,11,0,0.0,2,100.0,337,0,3,1,390,77,46.0,83,10,2,41,3,2.27,19,5,+14,+1.17,+0.74,15.1,8.9,+6.1,+0.51,+0.09,0,12,0,0,0,36,27,67.5
559,Facundo Mansilla,ar ARG,DF,Cen. Córdoba–SdE,26-223,1999,5,5,450,5.0,0,0,0,0,0,0,1,0,0.1,0.1,0.0,0.1,1,13,1,0.00,0.00,0.00,0.00,0.00,0.01,0.00,0.01,0.01,0.01,Matches,1,0,0.0,0.20,0.00,0.00,,8.8,0,0.07,-0.1,-0.1,181,226,80.1,3507,1459,56,68,82.4,110,126,87.3,14,27,51.9,0.0,0.0,0,6,0,0,214,12,0,4,0,4,0,0,0,0,0,1,3,0.60,2,0,0,1,0,1,0.20,1,0,0,0,0,6,4,4,2,0,3,60.0,2,2,9,15,37,0,293,30,2,1,100.0,0,0.0,130,0,3,0,157,90,18.5,90,5,0,,21,0.80,4,6,-2,-0.40,-0.58,4.1,5.0,-0.9,-0.18,-0.36,0,6,0,0,0,16,15,60.0
,Facundo Masuero,,,,,,,,,,,,,,,,,,,,,,,,,,,,,,,,,,,,,,,,,,,,,,,,,,,,,,,,,,,,,,,,,,,,,,,,,,,,,,,,,,,,,,,,,,,,,,,,,,,,,,,,,,,,,,,,,,,,,,,,,,0,0,,20,,,,,,,,,,,,,,,,,,,
592,Facundo Mater,sy SYR,"DF,MF",Barracas Central,27-077,1998,17,14,1173,13.0,0,1,1,0,0,0,5,0,0.4,0.4,0.8,1.2,18,49,37,0.00,0.08,0.08,0.00,0.08,0.03,0.06,0.09,0.03,0.09,Matches,6,0,0.0,0.46,0.00,0.00,,17.1,0,0.07,-0.4,-0.4,244,352,69.3,3978,2164,117,149,78.5,93,119,78.2,22,57,38.6,0.8,+0.2,12,30,12,3,310,40,2,1,9,35,0,0,0,0,2,8,25,1.92,21,0,3,0,0,2,0.15,2,0,0,0,0,29,15,17,7,5,16,43.2,21,16,26,55,52,0,534,34,11,12,40.0,17,56.7,225,3,18,10,234,69,48.3,75,6,3,40,10,1.44,14,12,+2,+0.15,+0.01,12.2,8.7,+3.5,+0.27,+0.38,0,11,0,0,0,54,9,32.1
625,Facundo Miño,ar ARG,DF,Deportivo Riestra,25-357,1999,21,19,1610,17.9,0,0,0,0,0,0,9,1,0.3,0.3,0.2,0.5,6,37,2,0.00,0.00,0.00,0.00,0.00,0.02,0.01,0.03,0.02,0.03,Matches,3,0,0.0,0.17,0.00,0.00,,10.1,0,0.10,-0.3,-0.3,181,391,46.3,4221,2750,55,81,67.9,76,141,53.9,48,154,31.2,0.4,-0.2,3,25,5,1,285,105,0,1,6,97,0,0,0,0,1,7,14,0.78,7,5,0,0,1,1,0.06,1,0,0,0,0,36,24,20,14,2,23,76.7,7,12,17,53,108,1,606,84,6,2,50.0,2,50.0,113,0,7,3,100,77,66.3,82,14,2,26,4,1.82,23,10,+13,+0.73,+0.62,18.3,17.6,+0.8,+0.04,+0.46,1,29,0,1,0,32,48,64.0
666,Facundo Mura,ar ARG,DF,Racing Club,26-199,1999,16,10,881,9.8,2,0,2,2,0,0,3,0,0.4,0.4,1.4,1.8,16,40,47,0.20,0.00,0.20,0.20,0.20,0.04,0.14,0.19,0.04,0.19,Matches,8,3,37.5,0.82,0.31,0.25,0.67,23.8,0,0.05,+1.6,+1.6,290,444,65.3,5573,2358,120,141,85.1,122,177,68.9,42,105,40.0,0.9,-1.4,11,27,15,9,333,108,1,2,37,103,0,0,0,0,3,7,21,2.15,18,2,0,1,0,0,0.00,0,0,0,0,0,15,9,10,3,2,9,56.3,7,7,6,21,27,0,556,26,6,2,20.0,8,80.0,220,1,18,7,262,55,36.3,80,6,6,14,9,1.44,13,12,+1,+0.10,-0.30,11.7,12.2,-0.5,-0.05,-0.04,0,14,0,0,0,37,9,42.9
,Facundo Noguera,,,,,,,,,,,,,,,,,,,,,,,,,,,,,,,,,,,,,,,,,,,,,,,,,,,,,,,,,,,,,,,,,,,,,,,,,,,,,,,,,,,,,,,,,,,,,,,,,,,,,,,,,,,,,,,,,,,,,,,,,,0,0,,2,,,,,,,,,,,,,,,,,,,
794,Facundo Quignon,ar ARG,MF,Belgrano,32-159,1993,15,9,814,9.0,0,0,0,0,0,0,2,0,0.2,0.2,0.6,0.8,0,33,11,0.00,0.00,0.00,0.00,0.00,0.02,0.07,0.09,0.02,0.09,Matches,3,1,33.3,0.33,0.11,0.00,0.00,15.6,0,0.06,-0.2,-0.2,265,331,80.1,4133,1291,130,151,86.1,110,133,82.7,14,22,63.6,0.3,-0.6,7,27,4,0,317,10,0,0,1,0,0,0,0,0,4,9,8,0.88,7,0,0,0,1,0,0.00,0,0,0,0,0,28,10,11,15,2,14,56.0,11,7,13,41,23,0,428,21,6,3,60.0,2,40.0,193,0,9,4,228,54,33.5,74,3,6,25,9,1.47,8,10,-2,-0.22,+0.11,8.6,8.0,+0.6,+0.06,+0.28,0,12,0,0,0,43,12,48.0
844,Facundo Rodríguez,ar ARG,DF,Estudiantes–LP,25-224,2000,18,13,1255,13.9,0,0,0,0,0,0,4,0,0.2,0.2,0.2,0.3,18,60,2,0.00,0.00,0.00,0.00,0.00,0.01,0.01,0.02,0.01,0.02,Matches,4,1,25.0,0.29,0.07,0.00,0.00,21.3,0,0.05,-0.2,-0.2,599,691,86.7,11558,4589,194,206,94.2,342,362,94.5,58,113,51.3,0.2,-0.2,3,38,1,0,661,28,0,3,3,3,0,0,0,0,2,0,11,0.79,9,1,1,0,0,1,0.07,1,0,0,0,0,13,8,10,3,0,5,62.5,3,1,17,30,74,0,827,82,3,3,75.0,1,25.0,488,0,7,2,542,70,51.6,90,13,5,17,9,1.37,13,18,-5,-0.36,-0.66,14.6,12.5,+2.1,+0.15,+0.05,0,24,0,0,0,47,17,56.7
871,Facundo Roncaglia,ar ARG,DF,Sarmiento,38-240,1987,21,21,1861,20.7,0,0,0,0,0,0,6,0,0.1,0.1,0.1,0.2,11,64,3,0.00,0.00,0.00,0.00,0.00,0.00,0.01,0.01,0.00,0.01,Matches,3,1,33.3,0.15,0.05,0.00,0.00,12.8,0,0.02,-0.1,-0.1,640,775,82.6,14097,5412,160,172,93.0,385,417,92.3,93,173,53.8,0.2,-0.1,4,47,3,0,730,43,0,17,4,3,1,0,1,0,2,8,12,0.58,11,0,0,0,0,1,0.05,1,0,0,0,0,22,14,14,7,1,7,50.0,7,6,22,44,121,2,1000,141,8,1,100.0,0,0.0,480,0,12,1,539,89,79.5,89,19,0,,4,1.14,16,18,-2,-0.10,+1.59,18.5,25.0,-6.6,-0.32,+0.03,0,18,0,1,0,64,44,52.4
,Facundo Sandoval,,,,,,,,,,,,,,,,,,,,,,,,,,,,,,,,,,,,,,,,,,,,,,,,,,,,,,,,,,,,,,,,,,,,,,,,,,,,,,,,,,,,,,,,,,,,,,,,,,,,,,,,,,,,,,,,,,,,,,,,,,0,0,,1,,,,,,,,,,,,,,,,,,,
896,Facundo Sanguinetti,ar ARG,GK,Banfield,24-221,2001,27,27,2430,27.0,0,0,0,0,0,0,1,0,0.0,0.0,0.0,0.0,0,0,0,0.00,0.00,0.00,0.00,0.00,0.00,0.00,0.00,0.00,0.00,Matches,0,0,,0.00,0.00,,,,0,,0.0,0.0,442,695,63.6,15308,13038,57,58,98.3,176,177,99.4,208,458,45.4,0.1,0.0,0,16,0,0,408,286,0,1,0,0,0,0,0,0,1,0,5,0.19,2,3,0,0,0,0,0.00,0,0,0,0,0,0,0,0,0,0,0,0.0,3,1,0,0,9,1,741,619,0,0,,0,,321,0,0,1,186,90,100.0,90,27,0,,0,1.04,23,33,-10,-0.37,,25.9,34.0,-8.1,-0.30,,0,0,0,0,0,41,4,100.0
946,Facundo Suárez,ar ARG,FW,Instituto,31-099,1994,4,4,340,3.8,1,0,1,0,1,1,0,0,1.1,0.3,0.3,0.6,3,7,12,0.26,0.00,0.26,0.00,0.00,0.30,0.08,0.38,0.09,0.17,Matches,4,2,50.0,1.06,0.53,0.00,0.00,23.8,0,0.09,-0.1,-0.3,42,85,49.4,524,178,24,47,51.1,13,23,56.5,0,2,0.0,0.1,-0.3,3,6,2,0,79,5,0,0,2,0,0,0,0,0,1,4,6,1.59,5,0,1,0,0,0,0.00,0,0,0,0,0,1,0,0,1,0,0,0.0,3,1,4,5,5,0,121,4,12,3,50.0,3,50.0,54,2,9,4,86,85,14.0,85,1,0,,0,1.50,4,2,+2,+0.53,+1.05,2.3,2.5,-0.2,-0.05,-0.02,0,1,0,0,0,7,23,52.3
892,Facundo Sánchez,ar ARG,MF,Lanús,20-062,2005,5,1,126,1.4,0,0,0,0,0,0,0,0,0.0,0.0,0.0,0.0,0,9,0,0.00,0.00,0.00,0.00,0.00,0.00,0.02,0.02,0.00,0.02,Matches,0,0,,0.00,0.00,,,,0,,0.0,0.0,50,61,82.0,704,297,29,32,90.6,17,21,81.0,1,4,25.0,0.0,0.0,1,6,0,0,59,2,0,0,0,0,0,0,0,0,0,1,1,0.71,1,0,0,0,0,0,0.00,0,0,0,0,0,4,4,2,1,1,2,100.0,0,3,2,6,3,0,76,4,0,0,,0,,32,0,1,2,41,25,5.2,65,0,4,15,5,1.40,2,1,+1,+0.71,+0.60,1.3,2.9,-1.6,-1.13,-1.25,0,2,0,0,0,5,2,66.7
1013,Facundo Waller,uy URU,"MF,FW",Huracán,28-182,1997,3,1,116,1.3,0,0,0,0,0,0,1,0,0.1,0.1,0.0,0.1,1,12,5,0.00,0.00,0.00,0.00,0.00,0.05,0.02,0.07,0.05,0.07,Matches,1,0,0.0,0.78,0.00,0.00,,22.2,0,0.07,-0.1,-0.1,40,58,69.0,715,275,17,21,81.0,19,25,76.0,3,8,37.5,0.0,0.0,2,8,0,0,52,4,0,0,2,1,0,0,0,0,2,1,4,3.10,3,0,0,1,0,0,0.00,0,0,0,0,0,2,2,0,2,0,0,0.0,2,3,1,3,0,0,74,2,0,1,50.0,1,50.0,41,0,6,1,44,39,4.8,70,0,2,23,5,2.33,0,0,0,0.00,-0.19,0.7,0.7,0.0,+0.02,-0.23,0,2,0,0,0,4,2,66.7
1021,Facundo Zabala,ar ARG,DF,Independiente,26-279,1999,7,7,559,6.2,0,0,0,0,0,0,1,0,0.2,0.2,0.1,0.3,9,16,16,0.00,0.00,0.00,0.00,0.00,0.04,0.01,0.05,0.04,0.05,Matches,4,0,0.0,0.64,0.00,0.00,,21.9,0,0.06,-0.2,-0.2,188,293,64.2,3065,1481,102,119,85.7,64,100,64.0,16,45,35.6,0.2,-0.1,3,20,3,2,213,78,0,0,15,66,2,0,2,0,2,13,9,1.45,7,0,2,0,0,0,0.00,0,0,0,0,0,10,8,4,4,2,7,63.6,4,4,5,15,12,0,364,6,5,10,52.6,9,47.4,149,1,9,8,166,80,23.9,80,4,0,,1,0.71,2,4,-2,-0.32,-0.78,4.5,4.3,+0.2,+0.04,+0.01,0,8,0,0,0,29,6,46.2
,Faustino Piotti,,,,,,,,,,,,,,,,,,,,,,,,,,,,,,,,,,,,,,,,,,,,,,,,,,,,,,,,,,,,,,,,,,,,,,,,,,,,,,,,,,,,,,,,,,,,,,,,,,,,,,,,,,,,,,,,,,,,,,,,,,0,0,,6,,,,,,,,,,,,,,,,,,,
428,Fausto Grillo,ar ARG,DF,Belgrano,32-230,1993,10,10,833,9.3,0,0,0,0,0,0,6,1,0.2,0.2,0.1,0.2,6,28,6,0.00,0.00,0.00,0.00,0.00,0.02,0.01,0.03,0.02,0.03,Matches,6,0,0.0,0.65,0.00,0.00,,15.7,0,0.03,-0.2,-0.2,224,319,70.2,4041,2141,92,110,83.6,108,147,73.5,23,52,44.2,0.4,-0.1,1,24,5,4,263,56,0,1,9,51,0,0,0,0,0,9,4,0.43,4,0,0,0,0,2,0.22,2,0,0,0,0,26,17,14,10,2,18,64.3,10,12,9,35,40,1,447,35,10,3,37.5,5,62.5,164,1,12,3,196,,,,0,0,,8,,,,,,,,,,,,1,17,0,1,0,19,19,57.6
,Fausto Pianovi,,,,,,,,,,,,,,,,,,,,,,,,,,,,,,,,,,,,,,,,,,,,,,,,,,,,,,,,,,,,,,,,,,,,,,,,,,,,,,,,,,,,,,,,,,,,,,,,,,,,,,,,,,,,,,,,,,,,,,,,,,0,0,,1,,,,,,,,,,,,,,,,,,,
154,Favio Cabral,ar ARG,FW,Cen. Córdoba–SdE,24-245,2001,17,3,447,5.0,1,0,1,1,0,0,2,0,0.6,0.6,0.3,0.9,3,9,19,0.20,0.00,0.20,0.20,0.20,0.12,0.05,0.18,0.12,0.18,Matches,3,1,33.3,0.60,0.20,0.33,1.00,9.9,0,0.21,+0.4,+0.4,77,115,67.0,853,170,50,68,73.5,19,29,65.5,0,1,0.0,0.1,-0.3,3,2,3,0,107,8,0,1,2,0,0,0,0,0,0,4,6,1.21,5,0,0,1,0,0,0.00,0,0,0,0,0,7,3,0,4,3,3,50.0,3,5,1,8,4,0,168,4,13,1,20.0,4,80.0,96,0,15,5,123,26,18.4,54,0,14,20,3,1.18,7,6,+1,+0.20,+0.16,4.0,7.5,-3.5,-0.70,-1.01,0,16,0,0,0,10,11,25.6
51,Federico Anselmo,ar ARG,FW,San Martín de San Juan,31-174,1994,16,9,917,10.2,1,0,1,1,0,0,1,0,3.1,3.1,0.4,3.5,5,14,14,0.10,0.00,0.10,0.10,0.10,0.30,0.04,0.34,0.30,0.34,Matches,27,7,25.9,2.65,0.69,0.04,0.14,13.9,0,0.11,-2.1,-2.1,66,136,48.5,977,317,27,60,45.0,28,48,58.3,2,4,50.0,0.4,-0.4,6,7,4,2,123,12,0,0,5,0,0,0,0,0,1,6,13,1.27,6,0,1,2,0,1,0.10,0,0,1,0,0,6,2,0,3,3,1,33.3,2,2,0,6,14,0,240,15,34,2,18.2,9,81.8,112,2,30,10,162,57,37.7,81,3,7,27,7,0.69,4,12,-8,-0.79,-0.31,8.6,12.2,-3.6,-0.35,-0.08,0,13,0,0,0,16,43,36.8
,Federico Bonansea,,,,,,,,,,,,,,,,,,,,,,,,,,,,,,,,,,,,,,,,,,,,,,,,,,,,,,,,,,,,,,,,,,,,,,,,,,,,,,,,,,,,,,,,,,,,,,,,,,,,,,,,,,,,,,,,,,,,,,,,,,0,0,,10,,,,,,,,,,,,,,,,,,,
311,Federico Fattori,ar ARG,MF,Arg Juniors,33-078,1992,23,23,1945,21.6,0,0,0,0,0,0,7,2,0.1,0.1,0.4,0.5,12,157,17,0.00,0.00,0.00,0.00,0.00,0.00,0.02,0.02,0.00,0.02,Matches,5,0,0.0,0.23,0.00,0.00,,27.7,0,0.02,-0.1,-0.1,1468,1665,88.2,29655,9647,495,545,90.8,734,800,91.8,222,273,81.3,0.6,-0.4,10,149,13,0,1605,53,0,12,6,8,0,0,0,0,7,16,42,1.94,38,1,0,2,1,1,0.05,1,0,0,0,0,44,27,26,16,2,18,40.9,26,14,32,76,65,0,1877,71,5,5,50.0,5,50.0,1053,0,24,16,1289,85,80.0,85,20,0,,0,1.80,27,11,+16,+0.74,+0.18,26.2,17.2,+9.0,+0.42,+0.07,0,40,0,0,0,138,24,44.4
,Federico Gattoni,,,,,,,,,,,,,,,,,,,,,,,,,,,,,,,,,,,,,,,,,,,,,,,,,,,,,,,,,,,,,,,,,,,,,,,,,,,,,,,,,,,,,,,,,,,,,,,,,,,,,,,,,,,,,,,,,,,,,,,,,,0,0,,6,,,,,,,,,,,,,,,,,,,
387,Federico Gino,uy URU,MF,Aldosivi,32-224,1993,9,9,686,7.6,0,0,0,0,0,0,5,0,0.4,0.4,0.1,0.5,3,24,12,0.00,0.00,0.00,0.00,0.00,0.05,0.01,0.06,0.05,0.06,Matches,10,1,10.0,1.31,0.13,0.00,0.00,22.4,0,0.04,-0.4,-0.4,213,270,78.9,3244,1169,110,130,84.6,76,92,82.6,14,25,56.0,0.2,-0.1,1,23,0,0,257,13,0,0,2,2,0,0,0,0,0,2,7,0.92,5,0,0,1,0,0,0.00,0,0,0,0,0,25,19,9,13,3,9,47.4,10,7,11,36,10,0,351,9,7,2,33.3,4,66.7,134,0,9,6,181,76,28.2,76,3,0,,0,0.67,3,7,-4,-0.52,+0.35,5.5,11.3,-5.7,-0.75,-0.40,0,13,0,0,0,33,8,42.1
388,Federico Girotti,ar ARG,FW,Talleres,26-128,1999,25,17,1525,16.9,0,1,1,0,0,0,2,0,2.9,2.9,3.4,6.2,14,24,86,0.00,0.06,0.06,0.00,0.06,0.17,0.20,0.37,0.17,0.37,Matches,41,12,29.3,2.42,0.71,0.00,0.00,21.2,1,0.07,-2.9,-2.9,236,388,60.8,3690,680,117,191,61.3,81,125,64.8,20,30,66.7,1.4,-2.4,21,22,8,4,355,30,2,2,11,3,0,0,0,0,3,12,49,2.88,34,0,4,2,0,1,0.06,1,0,0,0,0,5,4,0,5,0,3,27.3,8,5,1,6,20,0,540,18,63,13,54.2,11,45.8,242,3,42,14,398,61,62.8,82,8,8,17,2,0.88,10,18,-8,-0.47,-0.47,19.0,16.7,+2.3,+0.13,-0.39,0,14,0,0,0,21,69,62.7
410,Federico González,ar ARG,"FW,MF",San Martín de San Juan,38-275,1987,10,1,171,1.9,0,0,0,0,0,0,0,0,0.3,0.3,0.0,0.4,2,3,16,0.00,0.00,0.00,0.00,0.00,0.17,0.01,0.18,0.17,0.18,Matches,2,0,0.0,1.05,0.00,0.00,,13.8,0,0.17,-0.3,-0.3,28,52,53.8,293,55,15,23,65.2,7,15,46.7,0,2,0.0,0.2,0.0,1,1,1,0,50,2,0,0,3,0,0,0,0,0,0,3,3,1.57,1,0,1,0,0,0,0.00,0,0,0,0,0,3,2,1,1,1,0,0.0,1,1,1,4,4,0,80,5,12,2,40.0,3,60.0,41,1,9,2,56,17,7.0,45,0,9,14,7,0.80,1,4,-3,-1.58,-1.06,1.4,3.5,-2.1,-1.11,-0.87,0,4,0,0,0,6,5,27.8
530,Federico Losas,ar ARG,GK,Platense,23-194,2002,1,1,90,1.0,0,0,0,0,0,0,0,0,0.0,0.0,0.0,0.0,0,0,0,0.00,0.00,0.00,0.00,0.00,0.00,0.00,0.00,0.00,0.00,Matches,0,0,,0.00,0.00,,,,0,,0.0,0.0,12,20,60.0,490,456,1,1,100.0,5,5,100.0,6,14,42.9,0.0,0.0,0,0,0,0,10,10,0,0,0,0,0,0,0,0,0,0,0,0.00,0,0,0,0,0,0,0.00,0,0,0,0,0,0,0,0,0,0,0,,0,0,0,0,3,0,27,23,0,0,,0,,7,0,0,0,2,90,3.8,90,1,0,,7,0.00,0,2,-2,-2.00,-1.96,0.9,0.9,0.0,-0.02,+0.03,0,0,0,0,0,0,1,100.0
558,Federico Mancuello,ar ARG,"MF,FW",Independiente,36-196,1989,13,2,299,3.3,1,1,2,0,1,1,2,0,1.1,0.3,0.5,0.7,4,9,8,0.30,0.30,0.60,0.00,0.30,0.32,0.14,0.46,0.08,0.22,Matches,5,2,40.0,1.51,0.60,0.00,0.00,22.9,2,0.06,-0.1,-0.3,71,125,56.8,1298,569,35,43,81.4,23,38,60.5,13,39,33.3,0.5,+0.5,8,7,3,2,96,27,0,0,30,2,16,10,6,0,2,2,17,5.12,7,5,1,1,2,0,0.00,0,0,0,0,0,6,4,3,2,1,2,40.0,3,3,0,6,6,0,157,6,7,1,20.0,4,80.0,69,0,5,1,84,23,12.8,73,1,11,14,12,1.43,5,4,+1,+0.30,+0.04,4.3,3.4,+0.8,+0.25,+0.25,0,4,0,0,0,14,1,25.0
672,Federico Navarro,ar ARG,MF,Rosario Central,25-213,2000,18,15,1317,14.6,0,0,0,0,0,0,3,0,0.5,0.5,0.3,0.8,9,52,4,0.00,0.00,0.00,0.00,0.00,0.03,0.02,0.05,0.03,0.05,Matches,5,0,0.0,0.34,0.00,0.00,,16.8,0,0.09,-0.5,-0.5,530,603,87.9,9826,2756,203,220,92.3,266,296,89.9,51,66,77.3,0.3,-0.3,4,40,2,1,587,15,0,5,4,1,0,0,0,0,1,7,16,1.09,15,0,0,0,1,1,0.07,1,0,0,0,0,44,22,19,24,1,18,58.1,13,8,14,58,29,0,739,33,3,2,28.6,5,71.4,364,0,15,6,427,73,56.3,85,9,3,13,5,2.00,19,7,+12,+0.82,+0.12,18.0,11.6,+6.4,+0.44,-0.07,0,24,0,0,0,97,6,37.5
722,Federico Paradela,ar ARG,MF,Sarmiento,26-103,1999,10,3,346,3.8,0,0,0,0,0,0,4,0,0.4,0.4,0.2,0.5,7,14,13,0.00,0.00,0.00,0.00,0.00,0.09,0.04,0.14,0.09,0.14,Matches,8,4,50.0,2.08,1.04,0.00,0.00,27.3,0,0.05,-0.4,-0.4,99,136,72.8,1758,357,36,46,78.3,46,58,79.3,11,21,52.4,0.3,-0.2,4,11,0,0,124,12,0,1,16,2,6,3,2,0,0,5,12,3.12,4,1,2,3,0,1,0.26,0,0,0,1,0,5,3,1,3,1,2,40.0,3,0,1,6,2,0,180,2,7,6,75.0,2,25.0,99,0,13,4,126,35,14.8,54,0,7,26,13,1.10,4,2,+2,+0.52,+1.11,5.1,3.0,+2.1,+0.54,+1.02,0,8,1,0,0,21,3,37.5
813,Federico Rasmussen,ar ARG,DF,Godoy Cruz,33-218,1992,19,18,1564,17.4,0,0,0,0,0,0,2,0,0.4,0.4,0.0,0.5,1,31,3,0.00,0.00,0.00,0.00,0.00,0.03,0.00,0.03,0.03,0.03,Matches,8,0,0.0,0.46,0.00,0.00,,13.2,0,0.06,-0.4,-0.4,493,611,80.7,9902,3358,152,176,86.4,275,324,84.9,65,95,68.4,0.0,0.0,1,15,0,0,575,34,0,5,0,1,0,0,0,0,2,5,8,0.46,6,0,0,0,2,0,0.00,0,0,0,0,0,29,17,20,8,1,14,73.7,5,16,25,54,125,1,851,108,8,6,75.0,2,25.0,350,0,18,3,381,82,64.4,86,16,1,15,1,1.05,10,18,-8,-0.46,+0.27,10.7,18.9,-8.2,-0.47,-0.30,0,15,0,0,0,64,54,74.0
827,Federico Ricca,uy URU,DF,Belgrano,30-311,1994,5,5,427,4.7,0,0,0,0,0,0,1,0,0.2,0.2,0.0,0.2,2,27,8,0.00,0.00,0.00,0.00,0.00,0.03,0.00,0.04,0.03,0.04,Matches,5,1,20.0,1.05,0.21,0.00,0.00,15.8,0,0.03,-0.2,-0.2,177,244,72.5,3490,1498,61,76,80.3,91,116,78.4,23,44,52.3,0.1,0.0,1,23,3,0,212,32,0,0,5,25,0,0,0,0,0,5,2,0.42,2,0,0,0,0,0,0.00,0,0,0,0,0,9,6,8,1,0,5,71.4,2,7,8,17,27,0,316,20,7,0,,0,,148,0,8,0,164,85,17.6,85,4,0,,0,1.00,3,5,-2,-0.42,-0.15,4.7,3.9,+0.8,+0.16,+0.35,0,9,0,0,0,18,15,57.7
,Federico Tévez,,,,,,,,,,,,,,,,,,,,,,,,,,,,,,,,,,,,,,,,,,,,,,,,,,,,,,,,,,,,,,,,,,,,,,,,,,,,,,,,,,,,,,,,,,,,,,,,,,,,,,,,,,,,,,,,,,,,,,,,,,0,0,,5,,,,,,,,,,,,,,,,,,,
993,Federico Vera,ar ARG,DF,Independiente,27-198,1998,22,21,1760,19.6,0,0,0,0,0,0,4,0,0.2,0.2,0.9,1.0,25,57,94,0.00,0.00,0.00,0.00,0.00,0.01,0.04,0.05,0.01,0.05,Matches,3,1,33.3,0.15,0.05,0.00,0.00,16.8,0,0.05,-0.2,-0.2,655,915,71.6,11168,4980,327,386,84.7,252,348,72.4,60,126,47.6,0.9,-0.9,9,34,10,6,679,235,0,8,61,220,0,0,0,0,1,36,25,1.28,16,4,3,2,0,0,0.00,0,0,0,0,0,34,24,21,10,3,19,59.4,13,12,28,62,49,1,1116,36,15,18,50.0,18,50.0,491,4,29,13,552,80,75.2,82,13,1,48,4,1.56,21,17,+4,+0.20,-0.26,19.6,19.1,+0.5,+0.03,0.00,0,29,0,0,1,82,15,45.5
1027,Federico Zaracho,ar ARG,MF,Racing Club,27-212,1998,12,5,521,5.8,1,2,3,1,0,0,2,0,0.6,0.6,1.5,2.1,6,28,12,0.17,0.35,0.52,0.17,0.52,0.11,0.26,0.36,0.11,0.36,Matches,5,1,20.0,0.86,0.17,0.20,1.00,15.5,0,0.13,+0.4,+0.4,169,208,81.3,2930,877,79,93,84.9,74,80,92.5,14,22,63.6,0.9,+0.5,12,20,7,3,200,8,0,2,5,5,0,0,0,0,0,7,14,2.42,13,0,0,0,0,2,0.35,1,0,0,0,0,15,9,4,9,2,8,44.4,10,7,8,23,8,0,278,5,8,1,25.0,3,75.0,119,0,11,4,145,43,21.4,69,0,7,25,4,1.75,12,5,+7,+1.21,+1.16,9.0,5.0,+4.0,+0.68,+0.90,0,12,0,0,0,37,7,31.8
39,Federico Álvarez,ar ARG,DF,Tigre,31-062,1994,5,5,412,4.6,0,0,0,0,0,0,0,0,0.0,0.0,0.2,0.2,3,23,20,0.00,0.00,0.00,0.00,0.00,0.00,0.04,0.04,0.00,0.04,Matches,1,0,0.0,0.22,0.00,0.00,,8.9,0,0.02,0.0,0.0,151,219,68.9,2972,1337,64,78,82.1,64,81,79.0,22,49,44.9,0.2,-0.2,1,17,5,3,177,42,0,3,24,35,2,0,2,0,0,6,6,1.31,5,1,0,0,0,1,0.22,1,0,0,0,0,6,5,3,3,0,3,23.1,10,3,5,11,21,0,266,16,4,1,20.0,4,80.0,102,0,5,1,139,82,17.0,82,4,0,,4,1.60,5,3,+2,+0.44,+0.17,6.2,3.1,+3.1,+0.67,+0.44,0,3,0,0,0,19,16,64.0
151,Felipe Bussio,ar ARG,"MF,FW",Platense,21-114,2004,4,0,43,0.5,0,0,0,0,0,0,1,0,0.0,0.0,0.0,0.0,1,1,1,0.00,0.00,0.00,0.00,0.00,0.10,0.00,0.10,0.10,0.10,Matches,2,1,50.0,4.19,2.09,0.00,0.00,25.5,0,0.02,0.0,0.0,18,24,75.0,271,60,11,13,84.6,6,8,75.0,1,2,50.0,0.0,0.0,0,2,0,0,24,0,0,0,0,0,0,0,0,0,0,1,3,6.14,1,0,2,0,0,0,0.00,0,0,0,0,0,1,0,0,1,0,0,,0,0,0,1,4,0,33,1,0,2,100.0,0,0.0,12,0,1,0,18,11,1.8,,0,4,11,5,2.00,1,0,+1,+2.09,+2.25,0.5,0.4,0.0,+0.01,+0.07,0,2,0,0,0,1,2,50.0
533,Felipe Loyola,cl CHI,"MF,DF",Independiente,24-333,2000,25,22,1904,21.2,5,2,7,4,1,1,4,0,3.7,2.9,2.9,5.8,44,93,108,0.24,0.09,0.33,0.19,0.28,0.17,0.14,0.31,0.14,0.27,Matches,32,11,34.4,1.51,0.52,0.13,0.36,17.7,2,0.09,+1.3,+1.1,777,997,77.9,11985,3568,431,496,86.9,263,330,79.7,56,93,60.2,1.9,-0.9,26,80,20,10,935,59,2,10,35,43,0,0,0,0,3,33,57,2.69,44,2,1,6,0,6,0.28,4,1,0,1,0,42,30,16,19,7,22,52.4,20,18,18,60,36,0,1243,27,57,16,35.6,29,64.4,643,4,41,23,799,76,81.4,83,17,3,27,1,1.50,28,18,+10,+0.47,+1.09,24.2,19.9,+4.3,+0.20,+0.95,0,18,1,0,0,92,31,50.8
739,Felipe Peña,ar ARG,MF,Lanús,24-186,2001,9,6,476,5.3,0,1,1,0,0,0,2,0,0.2,0.2,0.5,0.8,2,31,8,0.00,0.19,0.19,0.00,0.19,0.05,0.10,0.15,0.05,0.15,Matches,7,0,0.0,1.32,0.00,0.00,,14.7,0,0.04,-0.2,-0.2,201,273,73.6,3635,1339,81,103,78.6,93,122,76.2,22,37,59.5,0.2,+0.5,2,31,3,1,258,15,0,2,3,3,0,0,0,0,0,7,8,1.51,7,0,0,0,1,1,0.19,1,0,0,0,0,7,4,0,6,1,5,50.0,5,6,6,13,15,0,340,26,7,2,50.0,2,50.0,101,0,8,1,174,53,19.6,71,2,3,17,1,1.44,7,5,+2,+0.38,+0.29,3.4,5.0,-1.6,-0.30,-0.44,0,2,0,0,0,32,24,85.7
1031,Felipe Zenobio,ar ARG,GK,Tigre,25-139,2000,27,27,2430,27.0,0,0,0,0,0,0,1,0,0.0,0.0,0.0,0.0,0,0,0,0.00,0.00,0.00,0.00,0.00,0.00,0.00,0.00,0.00,0.00,Matches,0,0,,0.00,0.00,,,,0,,0.0,0.0,441,657,67.1,14267,10731,49,49,100.0,206,206,100.0,185,401,46.1,0.1,0.0,0,23,1,0,410,247,0,0,0,0,0,0,0,0,0,0,3,0.11,2,1,0,0,0,0,0.00,0,0,0,0,0,0,0,0,0,0,0,,0,0,0,0,11,1,703,612,0,0,,0,,312,0,0,0,233,90,100.0,90,27,0,,0,1.54,28,20,+8,+0.30,,32.3,24.0,+8.3,+0.31,,0,0,0,0,0,15,8,100.0
26,Fernando Alarcón,ar ARG,DF,Instituto,31-114,1994,26,26,2333,25.9,0,1,1,0,0,0,8,1,1.3,1.3,0.3,1.6,9,50,5,0.00,0.04,0.04,0.00,0.04,0.05,0.01,0.06,0.05,0.06,Matches,19,2,10.5,0.73,0.08,0.00,0.00,11.0,0,0.07,-1.3,-1.3,704,910,77.4,14506,7013,205,235,87.2,394,443,88.9,97,200,48.5,0.4,+0.7,6,45,1,0,781,128,0,3,0,1,0,0,0,0,1,15,14,0.54,11,0,0,1,1,3,0.12,1,0,0,1,0,37,24,25,10,2,17,65.4,9,10,36,73,178,2,1235,213,38,2,66.7,1,33.3,432,0,17,4,514,90,96.0,90,25,0,,0,1.15,21,30,-9,-0.35,+0.58,27.7,27.4,+0.3,+0.01,+1.23,0,21,1,0,0,88,71,58.2
,Fernando Closter,,,,,,,,,,,,,,,,,,,,,,,,,,,,,,,,,,,,,,,,,,,,,,,,,,,,,,,,,,,,,,,,,,,,,,,,,,,,,,,,,,,,,,,,,,,,,,,,,,,,,,,,,,,,,,,,,,,,,,,,,,0,0,,1,,,,,,,,,,,,,,,,,,,
251,Fernando David Cardozo,py PAR,"MF,FW",Newell's OB,24-242,2001,11,6,490,5.4,0,0,0,0,0,0,3,0,0.7,0.7,0.2,0.9,8,22,35,0.00,0.00,0.00,0.00,0.00,0.13,0.03,0.16,0.13,0.16,Matches,6,1,16.7,1.10,0.18,0.00,0.00,21.2,0,0.12,-0.7,-0.7,127,189,67.2,2162,715,60,74,81.1,48,71,67.6,14,24,58.3,0.2,-0.2,4,13,6,1,173,15,0,3,13,13,0,0,0,0,1,9,13,2.38,11,0,1,0,0,2,0.37,2,0,0,0,0,8,8,6,2,0,6,42.9,8,6,4,12,11,0,261,12,15,6,46.2,7,53.8,145,3,14,9,168,45,20.2,59,1,5,28,5,1.45,4,4,0,0.00,+0.51,6.2,4.6,+1.7,+0.31,+0.59,0,14,0,0,0,24,2,13.3
,Fernando Díaz,,,,,,,,,,,,,,,,,,,,,,,,,,,,,,,,,,,,,,,,,,,,,,,,,,,,,,,,,,,,,,,,,,,,,,,,,,,,,,,,,,,,,,,,,,,,,,,,,,,,,,,,,,,,,,,,,,,,,,,,,,0,0,,10,,,,,,,,,,,,,,,,,,,
485,Fernando Juárez,ar ARG,MF,Platense,27-046,1998,14,4,524,5.8,0,0,0,0,0,0,3,0,0.1,0.1,0.0,0.1,0,20,3,0.00,0.00,0.00,0.00,0.00,0.01,0.00,0.01,0.01,0.01,Matches,2,0,0.0,0.34,0.00,0.00,,25.3,0,0.03,-0.1,-0.1,94,147,63.9,1799,630,33,49,67.3,45,62,72.6,13,24,54.2,0.1,0.0,1,12,3,1,141,4,0,3,4,0,0,0,0,0,2,4,6,1.03,4,1,0,1,0,0,0.00,0,0,0,0,0,17,7,8,8,1,5,55.6,4,5,12,29,17,0,218,11,0,3,75.0,1,25.0,70,0,9,2,70,37,22.4,68,0,10,25,2,1.76,4,3,+1,+0.17,+0.37,4.8,6.8,-2.0,-0.34,-0.37,0,8,0,0,0,31,11,52.4
486,Fernando Juárez,ar ARG,MF,Cen. Córdoba–SdE,27-046,1998,7,4,368,4.1,0,0,0,0,0,0,1,0,0.0,0.0,0.0,0.1,1,15,5,0.00,0.00,0.00,0.00,0.00,0.01,0.01,0.02,0.01,0.02,Matches,2,0,0.0,0.34,0.00,0.00,,25.3,0,0.03,-0.1,-0.1,94,147,63.9,1799,630,33,49,67.3,45,62,72.6,13,24,54.2,0.1,0.0,1,12,3,1,141,4,0,3,4,0,0,0,0,0,2,4,6,1.03,4,1,0,1,0,0,0.00,0,0,0,0,0,17,7,8,8,1,5,55.6,4,5,12,29,17,0,218,11,0,3,75.0,1,25.0,70,0,9,2,70,37,22.4,68,0,10,25,2,1.76,4,3,+1,+0.17,+0.37,4.8,6.8,-2.0,-0.34,-0.37,0,8,0,0,0,31,11,52.4
580,Fernando Martínez,ar ARG,"DF,MF",Cen. Córdoba–SdE,25-073,2000,10,8,745,8.3,0,0,0,0,0,0,1,0,0.0,0.0,0.9,0.9,29,22,27,0.00,0.00,0.00,0.00,0.00,0.00,0.11,0.11,0.00,0.11,Matches,2,1,50.0,0.24,0.12,0.00,0.00,43.4,0,0.01,0.0,0.0,251,350,71.7,4066,1839,124,143,86.7,104,146,71.2,17,46,37.0,0.4,-0.9,5,21,5,1,268,80,3,2,24,76,0,0,0,0,2,7,10,1.21,6,2,1,0,1,0,0.00,0,0,0,0,0,23,14,11,10,2,12,70.6,5,7,4,27,21,0,444,14,4,8,53.3,7,46.7,203,3,14,10,213,75,30.7,88,6,2,20,8,1.10,7,8,-1,-0.12,-0.28,9.5,9.6,-0.1,-0.01,-0.19,0,8,0,0,0,50,4,25.0
668,Fernando Muslera,uy URU,GK,Estudiantes–LP,39-114,1986,10,10,900,10.0,0,0,0,0,0,0,1,0,0.0,0.0,0.0,0.0,0,0,0,0.00,0.00,0.00,0.00,0.00,0.00,0.00,0.00,0.00,0.00,Matches,0,0,,0.00,0.00,,,,0,,0.0,0.0,243,317,76.7,6459,4943,58,58,100.0,112,112,100.0,73,147,49.7,0.0,0.0,0,2,0,0,230,87,0,0,0,0,0,0,0,0,0,0,0,0.00,0,0,0,0,0,0,0.00,0,0,0,0,0,0,0,0,0,0,0,,0,2,0,0,7,0,335,269,0,0,0.0,1,100.0,190,0,0,0,123,90,37.0,90,10,0,,1,1.40,11,12,-1,-0.10,-0.10,10.1,8.9,+1.2,+0.12,-0.02,0,0,0,0,1,16,6,100.0
,Fernando Romero,,,,,,,,,,,,,,,,,,,,,,,,,,,,,,,,,,,,,,,,,,,,,,,,,,,,,,,,,,,,,,,,,,,,,,,,,,,,,,,,,,,,,,,,,,,,,,,,,,,,,,,,,,,,,,,,,,,,,,,,,,0,0,,1,,,,,,,,,,,,,,,,,,,
862,Fernando Román,py PAR,DF,Aldosivi,26-322,1998,3,3,269,3.0,0,0,0,0,0,0,1,0,0.0,0.0,0.1,0.2,1,5,4,0.00,0.00,0.00,0.00,0.00,0.01,0.05,0.06,0.01,0.06,Matches,1,0,0.0,0.33,0.00,0.00,,27.4,0,0.03,0.0,0.0,43,97,44.3,1134,773,9,17,52.9,20,44,45.5,14,32,43.8,0.2,-0.1,3,5,3,2,57,39,0,0,9,32,4,0,4,0,1,4,4,1.34,3,1,0,0,0,0,0.00,0,0,0,0,0,4,4,2,1,1,3,50.0,3,1,2,6,18,0,138,10,1,0,0.0,3,100.0,29,0,4,3,35,90,11.1,90,2,0,,1,1.00,1,4,-3,-1.00,-0.25,2.1,5.8,-3.7,-1.24,-0.87,0,4,0,0,0,7,5,45.5
965,Fernando Tobio,ar ARG,DF,Barracas Central,35-355,1989,19,19,1704,18.9,2,0,2,2,0,0,7,0,0.5,0.5,0.0,0.5,0,7,0,0.11,0.00,0.11,0.11,0.11,0.03,0.00,0.03,0.03,0.03,Matches,2,2,100.0,0.11,0.11,1.00,1.00,7.1,0,0.24,+1.5,+1.5,347,518,67.0,9008,5487,68,87,78.2,188,215,87.4,88,209,42.1,0.6,0.0,0,17,0,0,401,117,0,0,1,1,0,0,0,0,0,2,2,0.11,1,1,0,0,0,0,0.00,0,0,0,0,0,16,12,14,2,0,6,75.0,2,4,11,27,135,1,706,185,9,0,,0,,238,0,3,0,277,90,70.1,90,18,0,,3,1.45,22,23,-1,-0.05,-0.67,17.2,18.2,-1.0,-0.05,-0.41,0,8,0,0,0,32,30,61.2
643,Florián Monzón,ar ARG,FW,Vélez Sarsfield,24-278,2001,1,0,12,0.1,0,0,0,0,0,0,0,0,0.0,0.0,0.0,0.0,0,0,4,0.00,0.00,0.00,0.00,0.00,0.00,0.00,0.00,0.00,0.00,Matches,0,0,,0.00,0.00,,,,0,,0.0,0.0,2,3,66.7,37,2,0,0,,0,0,,1,1,100.0,0.0,0.0,0,1,0,0,3,0,0,0,0,0,0,0,0,0,0,1,1,7.50,1,0,0,0,0,0,0.00,0,0,0,0,0,0,0,0,0,0,0,,0,0,0,0,0,0,4,0,1,0,,0,,4,0,0,0,4,12,0.5,,0,1,12,3,1.00,1,0,+1,+7.50,+7.76,0.0,0.0,0.0,+0.25,+0.34,0,0,0,0,0,0,0,0.0
512,Francesco Lo Celso,ar ARG,DF,Rosario Central,25-217,2000,1,0,1,0.0,0,0,0,0,0,0,0,0,0.0,0.0,0.0,0.0,1,1,0,0.00,0.00,0.00,0.00,0.00,0.00,0.00,0.00,0.00,0.00,Matches,0,0,,0.00,0.00,,,,0,,0.0,0.0,3,3,100.0,61,19,1,1,100.0,1,1,100.0,1,1,100.0,0.0,0.0,0,0,0,0,2,1,0,0,0,1,0,0,0,0,0,0,0,0.00,0,0,0,0,0,0,0.00,0,0,0,0,0,0,0,0,0,0,0,,0,0,0,0,0,0,3,0,0,0,,0,,2,0,0,0,2,1,0.0,,0,1,1,4,1.00,0,0,0,0.00,-0.77,0.0,0.0,0.0,0.00,-0.47,0,0,0,0,0,0,0,
513,Francesco Lo Celso,ar ARG,MF,Instituto,25-217,2000,1,0,35,0.4,0,0,0,0,0,0,0,0,0.0,0.0,0.0,0.0,0,5,1,0.00,0.00,0.00,0.00,0.00,0.00,0.00,0.00,0.00,0.00,Matches,0,0,,0.00,0.00,,,,0,,0.0,0.0,3,3,100.0,61,19,1,1,100.0,1,1,100.0,1,1,100.0,0.0,0.0,0,0,0,0,2,1,0,0,0,1,0,0,0,0,0,0,0,0.00,0,0,0,0,0,0,0.00,0,0,0,0,0,0,0,0,0,0,0,,0,0,0,0,0,0,3,0,0,0,,0,,2,0,0,0,2,1,0.0,,0,1,1,4,1.00,0,0,0,0.00,-0.77,0.0,0.0,0.0,0.00,-0.47,0,0,0,0,0,0,0,
543,Francis Mac Allister,ar ARG,MF,Instituto,29-343,1995,21,18,1347,15.0,0,1,1,0,0,0,7,1,0.2,0.2,0.3,0.5,1,59,4,0.00,0.07,0.07,0.00,0.07,0.01,0.02,0.03,0.01,0.03,Matches,4,0,0.0,0.27,0.00,0.00,,22.2,1,0.06,-0.2,-0.2,377,483,78.1,6931,2540,149,178,83.7,174,216,80.6,44,64,68.8,0.4,+0.7,8,40,3,0,459,24,0,4,2,1,2,0,1,0,0,7,13,0.87,11,1,0,0,1,1,0.07,1,0,0,0,0,67,42,37,26,4,39,60.9,25,23,20,87,35,0,640,44,3,4,57.1,2,28.6,201,0,11,3,269,64,55.4,72,4,3,18,3,1.14,15,17,-2,-0.13,+0.53,14.5,17.1,-2.6,-0.17,-0.29,0,33,0,2,0,69,27,51.9
,Francisco Facello,,,,,,,,,,,,,,,,,,,,,,,,,,,,,,,,,,,,,,,,,,,,,,,,,,,,,,,,,,,,,,,,,,,,,,,,,,,,,,,,,,,,,,,,,,,,,,,,,,,,,,,,,,,,,,,,,,,,,,,,,,0,0,,3,,,,,,,,,,,,,,,,,,,
,Francisco Fraga,,,,,,,,,,,,,,,,,,,,,,,,,,,,,,,,,,,,,,,,,,,,,,,,,,,,,,,,,,,,,,,,,,,,,,,,,,,,,,,,,,,,,,,,,,,,,,,,,,,,,,,,,,,,,,,,,,,,,,,,,,0,0,,2,,,,,,,,,,,,,,,,,,,
369,Francisco Gerometta,ar ARG,DF,Unión,26-037,1999,9,8,688,7.6,0,0,0,0,0,0,0,0,0.0,0.0,0.4,0.4,29,18,37,0.00,0.00,0.00,0.00,0.00,0.00,0.05,0.06,0.00,0.06,Matches,1,0,0.0,0.13,0.00,0.00,,23.1,0,0.03,0.0,0.0,237,338,70.1,4204,1413,105,123,85.4,107,147,72.8,24,49,49.0,0.6,-0.4,9,16,11,8,285,52,0,0,38,50,0,0,0,0,1,16,20,2.62,14,4,1,0,1,0,0.00,0,0,0,0,0,19,13,7,10,2,10,47.6,11,7,8,27,19,0,430,13,14,8,47.1,9,52.9,217,4,5,9,240,76,28.3,83,6,1,23,7,0.56,3,10,-7,-0.92,-1.23,7.4,9.4,-2.0,-0.26,-0.61,0,10,0,0,0,30,14,63.6
411,Francisco González,ar ARG,MF,Belgrano,28-193,1997,23,18,1422,15.8,1,2,3,1,0,0,2,0,1.1,1.1,1.0,2.1,21,84,44,0.06,0.13,0.19,0.06,0.19,0.07,0.06,0.13,0.07,0.13,Matches,18,5,27.8,1.14,0.32,0.06,0.20,22.3,0,0.06,-0.1,-0.1,583,732,79.6,9046,2848,314,370,84.9,213,254,83.9,37,63,58.7,0.9,+1.0,13,62,10,0,689,37,2,1,24,12,13,0,8,0,6,16,35,2.22,28,1,1,1,1,3,0.19,2,0,0,0,0,38,27,14,22,2,21,52.5,19,21,12,50,17,1,889,23,15,14,46.7,15,50.0,459,1,21,10,566,62,58.5,72,6,5,24,4,1.13,12,21,-9,-0.57,-0.66,13.4,17.9,-4.5,-0.28,-0.38,0,26,0,0,0,84,11,36.7
412,Francisco González,ar ARG,"FW,MF",Newell's OB,24-185,2001,1,1,60,0.7,0,0,0,0,0,0,1,0,0.1,0.1,0.0,0.1,1,2,6,0.00,0.00,0.00,0.00,0.00,0.20,0.00,0.20,0.20,0.20,Matches,18,5,27.8,1.14,0.32,0.06,0.20,22.3,0,0.06,-0.1,-0.1,583,732,79.6,9046,2848,314,370,84.9,213,254,83.9,37,63,58.7,0.9,+1.0,13,62,10,0,689,37,2,1,24,12,13,0,8,0,6,16,35,2.22,28,1,1,1,1,3,0.19,2,0,0,0,0,38,27,14,22,2,21,52.5,19,21,12,50,17,1,889,23,15,14,46.7,15,50.0,459,1,21,10,566,62,58.5,72,6,5,24,4,1.13,12,21,-9,-0.57,-0.66,13.4,17.9,-4.5,-0.28,-0.38,0,26,0,0,0,84,11,36.7
413,Francisco González,ar ARG,"FW,MF",Defensa y Just,24-185,2001,14,7,733,8.1,1,1,2,1,0,0,2,0,0.7,0.7,0.8,1.5,27,27,94,0.12,0.12,0.25,0.12,0.25,0.08,0.09,0.17,0.08,0.17,Matches,18,5,27.8,1.14,0.32,0.06,0.20,22.3,0,0.06,-0.1,-0.1,583,732,79.6,9046,2848,314,370,84.9,213,254,83.9,37,63,58.7,0.9,+1.0,13,62,10,0,689,37,2,1,24,12,13,0,8,0,6,16,35,2.22,28,1,1,1,1,3,0.19,2,0,0,0,0,38,27,14,22,2,21,52.5,19,21,12,50,17,1,889,23,15,14,46.7,15,50.0,459,1,21,10,566,62,58.5,72,6,5,24,4,1.13,12,21,-9,-0.57,-0.66,13.4,17.9,-4.5,-0.28,-0.38,0,26,0,0,0,84,11,36.7
,Francisco Gómez,,,,,,,,,,,,,,,,,,,,,,,,,,,,,,,,,,,,,,,,,,,,,,,,,,,,,,,,,,,,,,,,,,,,,,,,,,,,,,,,,,,,,,,,,,,,,,,,,,,,,,,,,,,,,,,,,,,,,,,,,,0,0,,5,,,,,,,,,,,,,,,,,,,
,Francisco Montoro,,,,,,,,,,,,,,,,,,,,,,,,,,,,,,,,,,,,,,,,,,,,,,,,,,,,,,,,,,,,,,,,,,,,,,,,,,,,,,,,,,,,,,,,,,,,,,,,,,,,,,,,,,,,,,,,,,,,,,,,,,0,0,,5,,,,,,,,,,,,,,,,,,,
756,Francisco Perruzzi,ar ARG,MF,San Lorenzo,24-036,2001,6,0,53,0.6,0,0,0,0,0,0,0,0,0.0,0.0,0.0,0.0,1,2,0,0.00,0.00,0.00,0.00,0.00,0.00,0.00,0.00,0.00,0.00,Matches,0,0,,0.00,0.00,,,,0,,0.0,0.0,13,20,65.0,216,45,5,7,71.4,8,8,100.0,0,1,0.0,0.0,0.0,0,1,0,0,20,0,0,0,0,0,0,0,0,0,0,3,0,0.00,0,0,0,0,0,0,0.00,0,0,0,0,0,4,2,1,3,0,1,25.0,3,1,3,7,5,0,34,3,0,1,100.0,0,0.0,5,0,1,1,5,9,2.2,,0,6,9,5,2.33,1,0,+1,+1.70,+1.55,0.4,1.2,-0.9,-1.54,-1.81,0,1,0,0,0,3,2,50.0
772,Francisco Pizzini,ar ARG,"FW,MF",Vélez Sarsfield,32-019,1993,22,13,1095,12.2,0,0,0,0,0,0,1,0,0.9,0.9,1.0,1.9,57,67,113,0.00,0.00,0.00,0.00,0.00,0.07,0.09,0.16,0.07,0.16,Matches,17,3,17.6,1.40,0.25,0.00,0.00,19.6,1,0.05,-0.9,-0.9,315,463,68.0,5496,1570,150,192,78.1,121,168,72.0,35,60,58.3,2.0,-1.0,6,29,13,3,435,24,0,5,55,15,6,3,3,0,4,26,24,1.97,16,1,2,5,0,2,0.16,2,0,0,0,0,17,12,5,6,6,9,42.9,12,15,5,22,9,0,646,9,41,14,32.6,29,67.4,417,11,51,30,475,50,45.1,70,2,9,20,5,1.32,10,17,-7,-0.58,-0.64,12.8,12.4,+0.4,+0.03,+0.21,0,10,0,0,1,77,5,20.8
,Francisco Pumpido,,,,,,,,,,,,,,,,,,,,,,,,,,,,,,,,,,,,,,,,,,,,,,,,,,,,,,,,,,,,,,,,,,,,,,,,,,,,,,,,,,,,,,,,,,,,,,,,,,,,,,,,,,,,,,,,,,,,,,,,,,0,0,,1,,,,,,,,,,,,,,,,,,,
,Francisco Scarpeccio,,,,,,,,,,,,,,,,,,,,,,,,,,,,,,,,,,,,,,,,,,,,,,,,,,,,,,,,,,,,,,,,,,,,,,,,,,,,,,,,,,,,,,,,,,,,,,,,,,,,,,,,,,,,,,,,,,,,,,,,,,0,0,,1,,,,,,,,,,,,,,,,,,,
40,Francisco Álvarez,ar ARG,DF,Arg Juniors,25-224,2000,24,24,2142,23.8,0,2,2,0,0,0,8,2,0.6,0.6,0.1,0.8,27,93,5,0.00,0.08,0.08,0.00,0.08,0.03,0.01,0.03,0.03,0.03,Matches,19,2,10.5,0.80,0.08,0.00,0.00,18.1,0,0.03,-0.6,-0.6,1318,1500,87.9,26323,9184,399,444,89.9,756,808,93.6,152,222,68.5,0.3,+1.9,3,84,5,1,1438,59,0,12,6,9,0,0,0,0,3,8,26,1.09,23,0,0,0,2,4,0.17,4,0,0,0,0,23,18,16,6,1,17,65.4,9,11,42,65,109,4,1751,173,23,6,50.0,6,50.0,1040,1,10,6,1213,89,88.1,89,21,0,,0,1.65,28,14,+14,+0.59,-0.97,30.2,18.6,+11.6,+0.49,+0.70,2,20,0,1,0,98,75,65.8
31,Franco Alfonso,ar ARG,"MF,FW",Cen. Córdoba–SdE,23-157,2002,9,2,313,3.5,0,0,0,0,0,0,2,0,0.7,0.7,0.2,0.9,15,16,28,0.00,0.00,0.00,0.00,0.00,0.20,0.06,0.26,0.20,0.26,Matches,8,2,25.0,2.30,0.58,0.00,0.00,16.2,0,0.09,-0.7,-0.7,96,139,69.1,1630,443,46,58,79.3,33,46,71.7,13,22,59.1,0.2,-0.2,7,9,4,2,123,15,0,0,24,6,8,3,5,0,1,7,11,3.16,9,1,0,1,0,0,0.00,0,0,0,0,0,6,4,1,2,3,4,40.0,6,4,3,9,2,0,186,2,11,5,50.0,5,50.0,117,1,10,4,126,35,12.9,68,1,7,25,9,1.11,5,5,0,0.00,-0.09,4.1,3.9,+0.2,+0.07,-0.06,0,6,0,0,0,14,0,0.0
41,Franco Amarfil,ar ARG,MF,Ind. Rivadavia,24-211,2001,26,26,2201,24.5,1,2,3,1,0,0,8,0,1.5,1.5,0.7,2.2,22,116,49,0.04,0.08,0.12,0.04,0.12,0.06,0.03,0.09,0.06,0.09,Matches,23,5,21.7,0.94,0.20,0.04,0.20,22.1,0,0.06,-0.5,-0.5,759,922,82.3,14540,4380,302,344,87.8,329,376,87.5,111,150,74.0,0.9,+1.3,12,93,11,3,897,17,2,17,10,4,1,0,0,0,8,15,42,1.72,31,0,4,3,1,4,0.16,3,0,1,0,0,44,26,13,27,4,19,35.8,34,27,18,62,54,0,1200,56,20,21,61.8,13,38.2,618,3,47,18,702,85,90.6,85,14,0,,0,1.30,27,25,+2,+0.08,+0.47,26.1,31.8,-5.8,-0.24,+0.54,0,49,0,1,0,128,31,42.5
63,Franco Armani,ar ARG,GK,River Plate,38-357,1986,25,25,2250,25.0,0,0,0,0,0,0,2,0,0.0,0.0,0.0,0.0,0,0,0,0.00,0.00,0.00,0.00,0.00,0.00,0.00,0.00,0.00,0.00,Matches,0,0,,0.00,0.00,,,,0,,0.0,0.0,464,608,76.3,12724,9247,61,63,96.8,255,262,97.3,148,282,52.5,0.0,0.0,0,3,0,0,376,232,0,1,0,0,0,0,0,0,0,0,0,0.00,0,0,0,0,0,0,0.00,0,0,0,0,0,1,1,1,0,0,1,100.0,0,0,0,1,15,2,660,569,0,1,100.0,0,0.0,281,0,0,0,237,90,92.6,90,25,0,,1,1.85,35,16,+19,+0.76,+0.76,32.7,21.0,+11.7,+0.47,+0.38,0,0,0,0,0,25,7,100.0
79,Franco Baldassarra,ar ARG,MF,Platense,27-009,1998,13,9,850,9.4,1,0,1,1,0,0,2,0,0.8,0.8,0.2,1.0,16,49,8,0.11,0.00,0.11,0.11,0.11,0.08,0.02,0.10,0.08,0.10,Matches,15,2,13.3,1.59,0.21,0.07,0.50,27.2,0,0.05,+0.2,+0.2,276,360,76.7,5172,1790,104,128,81.3,127,151,84.1,37,54,68.5,0.2,-0.2,8,48,4,3,348,9,0,3,6,2,0,0,0,0,3,10,27,2.86,25,0,0,0,2,1,0.11,1,0,0,0,0,28,20,9,14,5,12,70.6,5,13,9,37,18,0,490,18,4,4,44.4,5,55.6,232,0,15,8,257,65,36.3,84,4,4,24,6,1.15,8,12,-4,-0.42,-0.48,10.4,8.8,+1.7,+0.18,+0.37,0,16,0,0,0,42,15,57.7
,Franco Dominguez,,,,,,,,,,,,,,,,,,,,,,,,,,,,,,,,,,,,,,,,,,,,,,,,,,,,,,,,,,,,,,,,,,,,,,,,,,,,,,,,,,,,,,,,,,,,,,,,,,,,,,,,,,,,,,,,,,,,,,,,,,0,0,,2,,,,,,,,,,,,,,,,,,,
279,Franco Díaz,ar ARG,MF,Instituto,25-041,2000,12,2,349,3.9,0,1,1,0,0,0,1,0,1.3,1.3,0.6,1.9,5,22,16,0.00,0.26,0.26,0.00,0.26,0.33,0.15,0.48,0.33,0.48,Matches,9,2,22.2,2.32,0.52,0.00,0.00,15.9,0,0.14,-1.3,-1.3,133,178,74.7,2181,722,68,81,84.0,49,63,77.8,12,19,63.2,0.2,+0.4,10,15,3,1,172,6,0,2,6,2,0,0,0,0,0,10,15,3.86,14,0,0,0,0,1,0.26,1,0,0,0,0,4,2,1,2,1,3,27.3,8,5,4,8,2,0,230,5,11,1,16.7,5,83.3,117,2,10,7,143,29,14.4,78,1,10,19,12,1.46,4,7,-3,-0.77,-0.47,6.2,5.6,+0.5,+0.14,+0.21,0,8,0,0,0,17,7,50.0
307,Franco Fagundez,uy URU,FW,Deportivo Riestra,26-298,1998,1,0,34,0.4,0,0,0,0,0,0,0,0,0.0,0.0,0.0,0.0,0,3,4,0.00,0.00,0.00,0.00,0.00,0.04,0.00,0.04,0.04,0.04,Matches,1,0,0.0,2.65,0.00,0.00,,12.3,0,0.02,0.0,0.0,5,12,41.7,76,33,2,7,28.6,3,4,75.0,0,0,,0.0,0.0,0,2,0,0,12,0,0,0,0,0,0,0,0,0,0,1,0,0.00,0,0,0,0,0,0,0.00,0,0,0,0,0,3,3,1,0,2,3,100.0,0,0,0,3,0,0,20,0,3,0,0.0,1,100.0,8,0,4,1,13,34,1.4,,0,1,34,3,1.00,0,0,0,0.00,-0.53,0.0,0.4,-0.4,-1.05,-0.95,0,2,0,0,0,1,1,20.0
338,Franco Fragapane,ar ARG,MF,Unión,32-244,1993,25,16,1375,15.3,1,1,2,1,0,0,3,1,1.5,1.5,1.6,3.1,27,88,91,0.07,0.07,0.13,0.07,0.13,0.10,0.10,0.20,0.10,0.20,Matches,13,5,38.5,0.85,0.33,0.08,0.20,16.4,0,0.12,-0.5,-0.5,488,630,77.5,7628,2621,263,301,87.4,180,223,80.7,31,68,45.6,2.0,-0.6,28,60,26,4,588,42,0,2,38,10,18,6,7,0,0,16,60,3.93,47,9,1,1,0,6,0.39,5,1,0,0,0,23,14,7,13,3,12,38.7,19,12,12,35,10,0,756,13,38,13,50.0,13,50.0,363,7,21,12,484,55,56.6,70,3,9,28,1,1.24,18,12,+6,+0.39,+0.99,18.8,13.2,+5.6,+0.37,+0.44,1,11,0,0,0,89,9,39.1
343,Franco Frías,ar ARG,"FW,MF",Sarmiento,23-205,2002,16,4,554,6.2,1,0,1,1,0,0,1,0,2.1,2.1,0.6,2.7,6,9,34,0.16,0.00,0.16,0.16,0.16,0.35,0.09,0.44,0.35,0.44,Matches,10,5,50.0,1.62,0.81,0.10,0.20,12.2,0,0.21,-1.1,-1.1,69,103,67.0,1052,241,38,50,76.0,23,32,71.9,3,6,50.0,0.3,-0.6,5,5,2,1,97,6,0,1,5,0,0,0,0,0,0,5,10,1.63,8,0,0,1,0,2,0.33,1,0,0,1,0,4,3,1,1,2,0,0.0,3,3,1,5,0,0,162,2,17,2,25.0,6,75.0,89,1,22,9,120,35,23.7,75,1,12,21,10,0.88,7,7,0,0.00,+0.55,8.6,8.5,0.0,+0.01,+0.43,0,5,1,1,0,20,12,29.3
460,Franco Ibarra,ar ARG,MF,Rosario Central,24-163,2001,24,23,2001,22.2,1,1,2,1,0,0,8,0,0.6,0.6,0.3,0.9,17,103,12,0.04,0.04,0.09,0.04,0.09,0.03,0.02,0.04,0.03,0.04,Matches,18,4,22.2,0.81,0.18,0.06,0.25,25.1,0,0.03,+0.4,+0.4,769,962,79.9,15144,5120,276,332,83.1,364,422,86.3,114,169,67.5,0.5,+0.7,9,101,7,2,932,27,0,14,5,5,1,0,0,0,3,11,35,1.57,28,1,2,1,1,4,0.18,3,0,1,0,0,98,63,48,41,9,43,52.4,39,36,22,120,55,0,1266,56,8,16,55.2,12,41.4,558,0,30,20,685,83,85.5,87,18,1,10,0,1.93,29,13,+16,+0.72,-0.34,27.2,17.5,+9.7,+0.43,-0.23,0,31,0,0,0,133,31,44.3
478,Franco Jara,ar ARG,FW,Belgrano,37-085,1988,25,23,1964,21.8,5,2,7,2,3,3,5,0,6.7,4.3,1.1,5.4,32,50,139,0.23,0.09,0.32,0.09,0.18,0.30,0.05,0.36,0.20,0.25,Matches,41,19,46.3,1.88,0.87,0.05,0.11,17.7,0,0.10,-1.7,-2.3,356,499,71.3,5734,980,204,257,79.4,113,152,74.3,30,49,61.2,1.9,+0.9,17,37,10,1,475,24,1,10,20,1,0,0,0,0,0,20,51,2.34,32,0,5,5,3,3,0.14,2,0,0,0,0,17,8,1,9,7,2,20.0,8,9,2,19,18,0,760,18,76,26,40.0,39,60.0,482,12,77,29,586,79,80.8,83,12,2,32,0,1.08,18,26,-8,-0.37,-0.37,19.8,25.0,-5.2,-0.24,-0.59,0,55,0,1,0,70,17,24.6
590,Franco Mastantuono,ar ARG,"FW,MF",River Plate,18-055,2007,10,9,748,8.3,3,3,6,3,0,0,3,0,2.7,2.7,2.0,4.7,41,28,99,0.36,0.36,0.72,0.36,0.72,0.32,0.24,0.57,0.32,0.57,Matches,41,14,34.1,4.93,1.68,0.07,0.21,21.2,5,0.07,+0.3,+0.3,285,394,72.3,4797,1185,141,176,80.1,102,127,80.3,33,62,53.2,1.9,+1.0,23,27,13,4,357,36,1,4,42,4,27,12,12,0,1,10,57,6.86,30,7,10,6,0,6,0.72,3,0,2,0,0,7,3,0,4,3,3,33.3,6,10,1,8,3,0,554,1,42,31,49.2,31,49.2,368,19,42,23,420,75,30.8,80,5,1,25,0,1.92,14,7,+7,+0.84,+0.20,14.2,8.5,+5.8,+0.70,+0.37,0,13,0,0,0,36,7,36.8
624,Franco Minerva,ar ARG,"MF,DF",Platense,19-130,2006,10,1,178,2.0,0,0,0,0,0,0,0,0,0.2,0.2,0.1,0.4,1,4,15,0.00,0.00,0.00,0.00,0.00,0.11,0.07,0.18,0.11,0.18,Matches,7,1,14.3,3.54,0.51,0.00,0.00,23.6,0,0.03,-0.2,-0.2,39,62,62.9,718,206,12,17,70.6,21,26,80.8,4,16,25.0,0.4,-0.1,2,1,3,2,57,5,0,2,11,4,0,0,0,0,0,1,7,3.58,5,0,0,0,0,0,0.00,0,0,0,0,0,6,3,1,4,1,3,50.0,3,2,2,8,7,0,95,5,4,0,0.0,3,100.0,43,0,3,2,50,18,7.6,65,0,9,13,14,0.60,2,4,-2,-1.01,-0.97,2.6,3.6,-1.0,-0.51,-0.49,0,3,0,0,0,8,2,66.7
678,Franco Nicola,uy URU,"MF,DF",Atlé Tucumán,23-173,2002,20,10,874,9.7,3,0,3,3,0,0,2,0,1.9,1.9,1.9,3.8,24,22,62,0.31,0.00,0.31,0.31,0.31,0.19,0.19,0.39,0.19,0.39,Matches,15,6,40.0,1.54,0.62,0.20,0.50,19.6,2,0.13,+1.1,+1.1,223,339,65.8,3468,1138,129,161,80.1,65,94,69.1,20,55,36.4,2.5,-1.9,17,13,16,11,299,37,0,2,51,9,17,6,10,0,3,9,31,3.19,23,5,1,1,0,0,0.00,0,0,0,0,0,14,9,6,6,2,5,45.5,6,6,8,22,7,0,467,4,23,19,51.4,17,45.9,263,5,36,16,291,44,36.0,64,1,10,24,6,1.05,8,15,-7,-0.72,-1.01,10.8,15.4,-4.6,-0.47,-0.49,0,11,0,0,0,57,7,36.8
696,Franco Orozco,ar ARG,FW,Lanús,23-272,2002,6,2,209,2.3,0,0,0,0,0,0,0,0,0.5,0.5,0.3,0.7,11,6,33,0.00,0.00,0.00,0.00,0.00,0.20,0.12,0.31,0.20,0.31,Matches,4,2,50.0,1.72,0.86,0.00,0.00,19.3,0,0.11,-0.5,-0.5,63,89,70.8,901,212,35,41,85.4,22,31,71.0,4,9,44.4,0.2,-0.3,5,4,3,3,86,3,0,0,9,3,0,0,0,0,0,7,10,4.33,7,0,1,1,0,0,0.00,0,0,0,0,0,5,5,2,3,0,3,33.3,6,3,3,8,3,0,122,1,10,2,33.3,4,66.7,81,2,7,1,91,35,8.6,70,0,4,17,9,0.67,0,2,-2,-0.86,-1.10,2.2,2.1,+0.1,+0.06,0.00,0,0,0,0,0,15,2,50.0
697,Franco Orozco,ar ARG,"MF,FW",Newell's OB,23-272,2002,6,3,246,2.7,0,0,0,0,0,0,1,0,0.0,0.0,0.3,0.3,5,3,19,0.00,0.00,0.00,0.00,0.00,0.01,0.10,0.11,0.01,0.11,Matches,4,2,50.0,1.72,0.86,0.00,0.00,19.3,0,0.11,-0.5,-0.5,63,89,70.8,901,212,35,41,85.4,22,31,71.0,4,9,44.4,0.2,-0.3,5,4,3,3,86,3,0,0,9,3,0,0,0,0,0,7,10,4.33,7,0,1,1,0,0,0.00,0,0,0,0,0,5,5,2,3,0,3,33.3,6,3,3,8,3,0,122,1,10,2,33.3,4,66.7,81,2,7,1,91,35,8.6,70,0,4,17,9,0.67,0,2,-2,-0.86,-1.10,2.2,2.1,+0.1,+0.06,0.00,0,0,0,0,0,15,2,50.0
340,Franco Pardo,ar ARG,DF,Unión,28-186,1997,17,16,1412,15.7,0,0,0,0,0,0,2,1,1.0,1.0,0.4,1.4,16,48,3,0.00,0.00,0.00,0.00,0.00,0.07,0.02,0.09,0.07,0.09,Matches,14,1,7.1,0.89,0.06,0.00,0.00,13.4,0,0.07,-1.0,-1.0,620,721,86.0,14038,5469,137,147,93.2,373,395,94.4,104,162,64.2,0.3,-0.4,6,48,3,0,661,58,0,7,1,13,0,0,0,0,2,4,19,1.21,16,1,0,0,0,1,0.06,1,0,0,0,0,19,12,8,9,2,9,47.4,10,3,33,52,111,2,933,113,16,4,57.1,3,42.9,489,1,8,3,529,83,58.1,87,15,1,18,0,1.06,12,17,-5,-0.32,-0.67,20.0,15.7,+4.3,+0.28,+0.25,0,10,0,0,0,71,49,79.0
341,Franco Pardo,ar ARG,DF,Racing Club,28-186,1997,7,5,433,4.8,0,0,0,0,0,0,2,1,0.0,0.0,0.1,0.1,5,17,1,0.00,0.00,0.00,0.00,0.00,0.00,0.02,0.02,0.00,0.02,Matches,14,1,7.1,0.89,0.06,0.00,0.00,13.4,0,0.07,-1.0,-1.0,620,721,86.0,14038,5469,137,147,93.2,373,395,94.4,104,162,64.2,0.3,-0.4,6,48,3,0,661,58,0,7,1,13,0,0,0,0,2,4,19,1.21,16,1,0,0,0,1,0.06,1,0,0,0,0,19,12,8,9,2,9,47.4,10,3,33,52,111,2,933,113,16,4,57.1,3,42.9,489,1,8,3,529,83,58.1,87,15,1,18,0,1.06,12,17,-5,-0.32,-0.67,20.0,15.7,+4.3,+0.28,+0.25,0,10,0,0,0,71,49,79.0
723,Franco Paredes,ar ARG,"DF,FW",Independiente,26-204,1999,9,5,470,5.2,0,0,0,0,0,0,4,1,0.1,0.1,0.0,0.1,4,19,0,0.00,0.00,0.00,0.00,0.00,0.01,0.00,0.01,0.01,0.01,Matches,2,0,0.0,0.38,0.00,0.00,,14.3,0,0.03,-0.1,-0.1,182,217,83.9,3852,1334,50,54,92.6,93,108,86.1,34,46,73.9,0.1,0.0,1,12,1,0,202,15,0,3,0,4,0,0,0,0,0,3,1,0.19,1,0,0,0,0,0,0.00,0,0,0,0,0,5,4,3,2,0,2,100.0,0,1,10,15,38,0,281,33,5,2,100.0,0,0.0,137,0,2,1,147,52,20.1,69,1,4,32,11,0.89,5,5,0,0.00,-0.34,4.1,6.1,-2.0,-0.38,-0.51,1,13,0,0,1,12,10,43.5
758,Franco Petroli,ar ARG,GK,Godoy Cruz,27-119,1998,27,27,2430,27.0,0,1,1,0,0,0,3,0,0.0,0.0,0.0,0.0,0,0,0,0.00,0.04,0.04,0.00,0.04,0.00,0.00,0.00,0.00,0.00,Matches,0,0,,0.00,0.00,,,,0,,0.0,0.0,639,938,68.1,21597,16794,61,61,100.0,283,287,98.6,295,586,50.3,0.1,+1.0,2,34,0,0,685,249,0,0,0,0,0,0,0,0,4,0,14,0.52,7,7,0,0,0,3,0.11,3,0,0,0,0,0,0,0,0,0,0,,0,0,0,0,24,1,1001,694,0,0,,0,,586,0,0,0,437,90,100.0,90,27,0,,0,0.96,17,32,-15,-0.56,,20.1,30.0,-9.9,-0.37,,0,0,0,0,0,20,3,100.0
802,Franco Rami,ar ARG,FW,Aldosivi,22-191,2003,13,4,474,5.3,2,0,2,2,0,0,0,0,1.5,1.5,0.1,1.7,0,4,27,0.38,0.00,0.38,0.38,0.38,0.29,0.02,0.32,0.29,0.32,Matches,16,6,37.5,3.04,1.14,0.13,0.33,10.3,0,0.10,+0.5,+0.5,61,92,66.3,775,154,37,50,74.0,16,22,72.7,3,5,60.0,0.1,-0.1,4,3,0,0,81,10,0,0,1,0,0,0,0,0,1,5,10,1.90,9,0,0,0,0,0,0.00,0,0,0,0,0,5,5,0,5,0,0,0.0,1,6,2,7,6,0,163,8,21,0,0.0,5,100.0,77,0,20,2,103,36,19.5,76,2,9,19,10,0.77,7,9,-2,-0.38,+0.49,5.7,6.1,-0.4,-0.07,+0.50,0,6,0,0,0,15,17,43.6
967,Franco Toloza,ar ARG,FW,San Martín de San Juan,31-152,1994,16,7,658,7.3,1,0,1,1,0,0,4,0,1.3,1.3,0.2,1.5,7,10,31,0.14,0.00,0.14,0.14,0.14,0.17,0.03,0.21,0.17,0.21,Matches,17,6,35.3,2.33,0.82,0.06,0.17,15.2,0,0.08,-0.3,-0.3,66,128,51.6,906,225,40,71,56.3,21,33,63.6,2,7,28.6,0.3,-0.2,4,5,2,1,122,5,0,0,8,0,0,0,0,0,1,10,11,1.50,9,0,2,0,0,0,0.00,0,0,0,0,0,5,4,0,3,2,3,42.9,4,5,1,6,10,0,203,9,23,2,40.0,3,60.0,108,1,20,5,153,41,27.1,72,2,9,17,5,0.75,3,8,-5,-0.68,-0.13,3.3,8.3,-5.0,-0.69,-0.53,0,18,0,0,0,12,23,38.3
1014,Franco Watson,ar ARG,"MF,FW",Lanús,25-280,2000,7,6,431,4.8,1,1,2,1,0,0,0,0,1.5,1.5,0.2,1.6,15,18,27,0.21,0.21,0.42,0.21,0.42,0.30,0.03,0.34,0.30,0.34,Matches,9,5,55.6,1.88,1.04,0.11,0.20,14.2,0,0.16,-0.5,-0.5,163,206,79.1,2687,537,83,97,85.6,62,71,87.3,15,31,48.4,0.4,+0.8,5,16,3,0,182,24,0,3,18,0,10,5,4,0,0,5,12,2.50,6,4,1,1,0,1,0.21,0,1,0,0,0,4,3,0,4,0,3,33.3,6,6,2,6,4,2,249,1,14,3,33.3,6,66.7,136,2,8,12,179,62,17.7,66,0,1,34,2,2.00,8,5,+3,+0.63,+0.58,5.2,4.3,+0.9,+0.19,+0.17,0,5,0,0,0,19,1,20.0
1015,Franco Watson,ar ARG,MF,Huracán,25-280,2000,5,2,197,2.2,0,0,0,0,0,0,0,0,1.0,1.0,0.1,1.1,1,11,8,0.00,0.00,0.00,0.00,0.00,0.47,0.05,0.52,0.47,0.52,Matches,9,5,55.6,1.88,1.04,0.11,0.20,14.2,0,0.16,-0.5,-0.5,163,206,79.1,2687,537,83,97,85.6,62,71,87.3,15,31,48.4,0.4,+0.8,5,16,3,0,182,24,0,3,18,0,10,5,4,0,0,5,12,2.50,6,4,1,1,0,1,0.21,0,1,0,0,0,4,3,0,4,0,3,33.3,6,6,2,6,4,2,249,1,14,3,33.3,6,66.7,136,2,8,12,179,62,17.7,66,0,1,34,2,2.00,8,5,+3,+0.63,+0.58,5.2,4.3,+0.9,+0.19,+0.17,0,5,0,0,0,19,1,20.0
1026,Franco Zapiola,ar ARG,"MF,FW",Platense,24-231,2001,24,19,1485,16.5,0,1,1,0,0,0,1,0,2.0,2.0,3.8,5.8,21,67,92,0.00,0.06,0.06,0.00,0.06,0.12,0.24,0.36,0.12,0.36,Matches,36,8,22.2,2.18,0.48,0.00,0.00,22.3,4,0.05,-2.0,-2.0,403,608,66.3,7475,2822,183,249,73.5,142,197,72.1,68,130,52.3,3.7,-2.8,37,62,23,9,541,66,3,1,92,10,36,13,22,0,1,19,66,4.12,45,14,2,3,0,2,0.12,2,0,0,0,0,28,20,8,16,4,15,46.9,17,17,21,49,19,0,814,9,39,20,46.5,23,53.5,433,6,37,17,491,62,63.5,73,4,5,19,2,1.32,11,18,-7,-0.42,-0.85,16.2,16.4,-0.1,-0.01,+0.12,0,13,0,0,0,90,5,22.7
194,Frank Castañeda,co COL,"MF,FW",Banfield,31-083,1994,10,3,346,3.8,0,1,1,0,0,0,0,0,0.5,0.5,0.7,1.2,13,10,31,0.00,0.26,0.26,0.00,0.26,0.14,0.17,0.32,0.14,0.32,Matches,6,2,33.3,1.56,0.52,0.00,0.00,20.0,0,0.09,-0.5,-0.5,91,146,62.3,1619,600,42,54,77.8,23,36,63.9,18,35,51.4,1.2,+0.3,12,10,11,7,125,21,3,0,34,2,11,3,7,0,0,6,15,3.90,8,6,1,0,0,1,0.26,1,0,0,0,0,5,4,3,1,1,4,57.1,3,3,2,7,1,0,199,4,8,5,50.0,4,40.0,109,2,17,6,108,35,14.2,57,0,7,25,0,1.30,3,2,+1,+0.26,+0.74,3.1,4.4,-1.3,-0.33,-0.03,0,3,0,0,0,18,2,15.4
305,Frank Fabra,co COL,DF,Boca Juniors,34-228,1991,2,1,111,1.2,0,0,0,0,0,0,1,0,0.3,0.3,0.1,0.4,6,8,6,0.00,0.00,0.00,0.00,0.00,0.25,0.10,0.35,0.25,0.35,Matches,2,1,50.0,1.62,0.81,0.00,0.00,10.7,0,0.16,-0.3,-0.3,50,61,82.0,728,213,30,37,81.1,16,19,84.2,2,2,100.0,0.1,-0.1,1,3,0,0,50,10,0,0,1,9,0,0,0,0,1,1,0,0.00,0,0,0,0,0,0,0.00,0,0,0,0,0,2,2,1,0,1,1,50.0,1,0,7,9,2,0,76,1,5,1,50.0,1,50.0,41,1,2,2,44,56,4.6,90,1,1,21,11,0.50,0,1,-1,-0.81,-1.74,0.8,1.3,-0.6,-0.46,-0.93,0,2,0,0,0,4,1,25.0
24,Gabriel Alanís,ar ARG,FW,Huracán,31-206,1994,18,13,1067,11.9,0,0,0,0,0,0,0,0,1.2,1.2,1.3,2.5,15,8,75,0.00,0.00,0.00,0.00,0.00,0.10,0.11,0.21,0.10,0.21,Matches,11,3,27.3,0.93,0.25,0.00,0.00,12.6,0,0.11,-1.2,-1.2,156,220,70.9,2278,494,96,104,92.3,53,77,68.8,4,15,26.7,0.7,-1.3,8,6,7,5,217,0,1,1,27,0,0,0,0,0,3,13,14,1.18,10,0,0,1,0,2,0.17,0,0,0,0,0,12,9,5,5,2,3,18.8,13,6,6,18,18,0,361,14,26,5,20.0,20,80.0,165,1,29,15,210,59,43.9,71,1,5,28,8,1.68,13,8,+5,+0.42,+0.42,12.7,10.0,+2.7,+0.23,-0.01,0,11,0,0,0,47,17,45.9
60,Gabriel Arias,cl CHI,GK,Racing Club,38-025,1987,17,17,1464,16.3,0,0,0,0,0,0,1,1,0.0,0.0,0.0,0.0,0,0,0,0.00,0.00,0.00,0.00,0.00,0.00,0.00,0.00,0.00,0.00,Matches,0,0,,0.00,0.00,,,,0,,0.0,0.0,346,492,70.3,10182,7760,65,65,100.0,165,168,98.2,115,257,44.7,0.1,0.0,2,14,2,0,317,174,0,0,0,0,0,0,0,0,1,0,4,0.25,3,1,0,0,0,0,0.00,0,0,0,0,0,0,0,0,0,0,0,0.0,2,0,0,0,11,2,538,438,0,0,,0,,251,0,0,0,186,86,60.2,86,15,0,,5,1.56,23,19,+4,+0.25,-0.13,20.5,19.8,+0.7,+0.04,+0.17,0,1,0,0,0,19,2,100.0
74,Gabriel Báez,ar ARG,DF,Talleres,30-079,1995,6,4,408,4.5,0,0,0,0,0,0,1,0,0.2,0.2,0.7,0.9,7,14,19,0.00,0.00,0.00,0.00,0.00,0.05,0.15,0.19,0.05,0.19,Matches,4,1,25.0,0.88,0.22,0.00,0.00,21.8,0,0.05,-0.2,-0.2,157,207,75.8,2658,1014,62,71,87.3,78,92,84.8,10,26,38.5,0.4,-0.7,5,9,3,2,163,43,0,1,14,38,4,2,2,0,1,4,7,1.54,4,2,0,1,0,0,0.00,0,0,0,0,0,8,6,5,2,1,4,57.1,3,3,2,10,9,0,241,12,7,4,57.1,2,28.6,105,0,1,4,127,68,16.8,90,4,2,24,3,1.17,1,1,0,0.00,+0.36,4.1,3.0,+1.1,+0.25,-0.03,0,5,0,0,0,18,1,16.7
174,Gabriel Carabajal,ar ARG,"MF,FW",Sarmiento,33-303,1991,14,10,752,8.4,2,0,2,0,2,2,1,0,2.2,0.6,0.6,1.3,2,42,39,0.24,0.00,0.24,0.00,0.00,0.26,0.07,0.34,0.08,0.15,Matches,16,5,31.3,1.91,0.60,0.00,0.00,29.8,1,0.04,-0.2,-0.6,239,345,69.3,5387,1683,77,91,84.6,102,134,76.1,59,99,59.6,0.9,-0.6,13,30,9,2,288,52,2,8,39,11,19,10,9,0,5,4,30,3.59,18,6,2,4,0,0,0.00,0,0,0,0,0,5,3,3,1,1,3,21.4,11,6,8,13,15,0,428,15,9,6,33.3,11,61.1,248,1,15,7,274,54,32.1,61,1,4,36,2,0.93,5,14,-9,-1.08,-0.96,8.1,10.6,-2.5,-0.30,+0.04,0,8,0,0,0,43,13,61.9
221,Gabriel Compagnucci,ar ARG,"DF,MF",Belgrano,34-040,1991,22,18,1662,18.5,1,1,2,1,0,0,3,2,0.3,0.3,1.2,1.5,24,48,92,0.05,0.05,0.11,0.05,0.11,0.02,0.06,0.08,0.02,0.08,Matches,7,2,28.6,0.38,0.11,0.14,0.50,15.8,0,0.05,+0.7,+0.7,509,693,73.4,8649,2979,245,283,86.6,204,260,78.5,49,111,44.1,1.5,-0.2,22,33,20,14,560,131,0,1,83,110,12,0,9,0,2,23,45,2.44,32,8,1,2,1,3,0.16,1,0,0,1,1,28,17,12,12,4,12,48.0,13,12,11,39,32,0,848,35,22,8,36.4,13,59.1,416,1,18,10,474,76,68.4,83,9,4,41,0,1.05,17,21,-4,-0.22,+0.25,18.4,18.9,-0.5,-0.03,+0.31,1,24,1,0,0,73,20,57.1
280,Gabriel Díaz,ar ARG,"DF,FW",Sarmiento,25-172,2000,17,11,892,9.9,0,1,1,0,0,0,4,0,1.2,1.2,1.3,2.5,13,48,36,0.00,0.10,0.10,0.00,0.10,0.12,0.13,0.25,0.12,0.25,Matches,11,0,0.0,1.11,0.00,0.00,,22.8,1,0.11,-1.2,-1.2,311,458,67.9,5380,2224,143,167,85.6,144,198,72.7,21,71,29.6,1.0,-0.3,9,35,9,5,369,87,1,4,38,70,10,4,5,0,2,19,18,1.82,12,6,0,0,0,2,0.20,2,0,0,0,0,22,14,9,10,3,13,61.9,8,7,22,44,32,0,576,19,8,11,78.6,3,21.4,269,1,14,10,290,52,38.1,68,2,6,24,6,0.94,11,14,-3,-0.30,+0.19,12.2,13.7,-1.5,-0.15,+0.28,0,8,0,0,1,39,9,45.0
333,Gabriel Florentín,ar ARG,MF,Arg Juniors,26-209,1999,1,0,8,0.1,0,0,0,0,0,0,0,0,0.0,0.0,0.0,0.0,0,1,1,0.00,0.00,0.00,0.00,0.00,0.00,0.00,0.00,0.00,0.00,Matches,0,0,,0.00,0.00,,,,0,,0.0,0.0,8,8,100.0,157,23,4,4,100.0,2,2,100.0,2,2,100.0,0.0,0.0,0,1,0,0,7,1,0,0,0,0,0,0,0,0,0,0,1,11.25,1,0,0,0,0,0,0.00,0,0,0,0,0,0,0,0,0,0,0,,0,0,0,0,0,0,9,0,0,1,100.0,0,0.0,4,0,0,0,7,8,0.3,,0,1,8,2,3.00,0,0,0,0.00,-0.71,0.1,0.0,+0.1,+0.80,+0.39,0,0,0,0,0,1,0,
677,Gabriel Neves,uy URU,MF,Estudiantes–LP,28-058,1997,16,13,1133,12.6,2,1,3,2,0,0,2,0,0.3,0.3,0.4,0.7,10,133,8,0.16,0.08,0.24,0.16,0.24,0.02,0.03,0.06,0.02,0.06,Matches,7,2,28.6,0.56,0.16,0.29,1.00,25.2,0,0.04,+1.7,+1.7,838,970,86.4,16963,6318,302,339,89.1,384,427,89.9,141,173,81.5,0.7,+0.6,12,117,5,1,914,54,4,12,11,4,4,2,2,0,2,10,30,2.38,27,1,1,0,0,3,0.24,2,0,1,0,0,33,19,11,21,1,22,51.2,21,13,18,51,24,1,1077,31,2,7,58.3,4,33.3,574,0,15,5,720,71,46.6,81,4,3,26,6,1.47,14,15,-1,-0.08,-0.08,14.5,11.5,+2.9,+0.23,+0.20,0,14,0,0,0,93,15,62.5
686,Gabriel Obredor,ar ARG,"MF,FW",Deportivo Riestra,28-275,1997,14,0,287,3.2,2,0,2,2,0,0,2,0,0.7,0.7,0.0,0.7,7,7,21,0.63,0.00,0.63,0.63,0.63,0.22,0.00,0.22,0.22,0.22,Matches,7,2,28.6,2.20,0.63,0.29,1.00,13.9,0,0.10,+1.3,+1.3,49,94,52.1,708,222,28,47,59.6,15,23,65.2,3,9,33.3,0.2,0.0,0,5,4,2,91,3,0,0,11,2,1,0,0,0,0,1,6,1.89,2,0,1,3,0,3,0.94,0,0,1,2,0,9,8,3,5,1,2,50.0,2,5,2,11,15,1,172,10,16,3,27.3,8,72.7,63,3,19,1,85,21,11.8,,0,14,21,6,1.73,7,4,+3,+0.94,+0.48,3.5,5.5,-2.0,-0.64,-0.60,0,11,1,1,0,13,21,60.0
724,Gabriel Paredes,ar ARG,DF,Aldosivi,21-300,2003,1,0,11,0.1,0,0,0,0,0,0,0,0,0.0,0.0,0.0,0.0,0,2,0,0.00,0.00,0.00,0.00,0.00,0.00,0.00,0.00,0.00,0.00,Matches,0,0,,0.00,0.00,,,,0,,0.0,0.0,6,9,66.7,152,68,1,1,100.0,4,5,80.0,1,2,50.0,0.0,0.0,0,0,0,0,7,2,0,0,1,2,0,0,0,0,0,1,0,0.00,0,0,0,0,0,0,0.00,0,0,0,0,0,2,2,1,1,0,1,50.0,1,1,0,2,0,0,11,1,0,0,,0,,4,0,1,0,5,11,0.5,,0,1,11,17,0.00,0,0,0,0.00,+0.78,0.0,0.4,-0.3,-2.65,-2.19,0,1,0,0,0,2,0,
856,Gabriel Rojas,ar ARG,DF,Racing Club,28-108,1997,19,17,1526,17.0,0,2,2,0,0,0,2,0,0.7,0.7,2.0,2.7,48,63,120,0.00,0.12,0.12,0.00,0.12,0.04,0.12,0.16,0.04,0.16,Matches,19,2,10.5,1.12,0.12,0.00,0.00,22.0,2,0.04,-0.7,-0.7,517,789,65.5,9527,3827,224,261,85.8,210,298,70.5,68,169,40.2,2.4,0.0,29,39,17,10,583,198,0,6,121,131,42,10,23,0,8,27,59,3.48,28,23,2,2,1,5,0.29,3,1,0,0,0,26,14,11,13,2,11,55.0,9,11,14,40,45,1,985,31,21,13,48.1,14,51.9,377,5,31,12,506,80,62.8,86,13,2,31,2,1.58,25,16,+9,+0.53,+0.63,21.4,19.2,+2.1,+0.12,+0.40,0,29,0,2,0,59,16,50.0
988,Gabriel Vega,ar ARG,MF,Banfield,23-173,2002,9,2,294,3.3,1,1,2,0,1,1,1,1,1.1,0.4,0.7,1.1,9,14,11,0.31,0.31,0.61,0.00,0.31,0.35,0.22,0.57,0.11,0.33,Matches,3,1,33.3,0.92,0.31,0.00,0.00,25.0,0,0.12,-0.1,-0.4,87,115,75.7,1368,381,46,57,80.7,34,41,82.9,5,11,45.5,0.6,+0.3,5,11,2,0,107,8,0,1,7,0,3,1,2,0,0,3,8,2.46,7,1,0,0,0,1,0.31,1,0,0,0,0,11,4,5,4,2,5,45.5,6,9,3,14,0,0,158,3,6,9,60.0,5,33.3,75,0,8,11,91,33,12.1,64,0,7,24,9,0.78,4,6,-2,-0.61,-0.28,4.0,5.5,-1.4,-0.44,-0.16,0,5,0,0,0,18,2,22.2
72,Gabriel Ávalos,py PAR,FW,Independiente,34-361,1990,23,17,1458,16.2,9,1,10,7,2,2,4,0,5.2,3.7,1.5,5.1,11,26,69,0.56,0.06,0.62,0.43,0.49,0.32,0.09,0.41,0.23,0.32,Matches,28,15,53.6,1.73,0.93,0.25,0.47,14.7,0,0.13,+3.8,+3.3,171,264,64.8,2309,577,96,134,71.6,51,79,64.6,7,15,46.7,0.9,-0.5,15,20,5,2,234,28,1,0,13,1,0,0,0,0,2,12,26,1.60,20,0,2,1,0,3,0.19,3,0,0,0,0,10,6,0,6,4,3,60.0,2,7,2,12,19,0,422,18,76,4,40.0,6,60.0,205,4,50,20,302,63,62.3,77,4,6,26,1,1.46,22,12,+10,+0.62,+0.92,18.6,14.8,+3.7,+0.23,+0.54,0,21,0,0,0,15,61,50.0
,Galo Galarza,,,,,,,,,,,,,,,,,,,,,,,,,,,,,,,,,,,,,,,,,,,,,,,,,,,,,,,,,,,,,,,,,,,,,,,,,,,,,,,,,,,,,,,,,,,,,,,,,,,,,,,,,,,,,,,,,,,,,,,,,,0,0,,2,,,,,,,,,,,,,,,,,,,
,Galván Vittar,,,,,,,,,,,,,,,,,,,,,,,,,,,,,,,,,,,,,,,,,,,,,,,,,,,,,,,,,,,,,,,,,,,,,,,,,,,,,,,,,,,,,,,,,,,,,,,,,,,,,,,,,,,,,,,,,,,,,,,,,,0,0,,3,,,,,,,,,,,,,,,,,,,
288,Gaspar Duarte,ar ARG,"FW,MF",Rosario Central,22-275,2003,22,12,976,10.8,2,0,2,2,0,0,1,0,3.8,3.8,0.3,4.1,19,14,98,0.18,0.00,0.18,0.18,0.18,0.35,0.03,0.37,0.35,0.37,Matches,16,9,56.3,1.48,0.83,0.13,0.22,11.9,0,0.24,-1.8,-1.8,133,206,64.6,1774,460,98,119,82.4,23,46,50.0,7,11,63.6,0.3,-0.3,3,7,7,1,198,5,0,1,22,3,1,0,0,0,3,17,23,2.12,9,1,0,9,0,6,0.55,1,0,0,3,0,18,9,10,5,3,10,52.6,9,8,2,20,23,0,372,19,37,12,24.5,36,73.5,212,8,36,22,231,44,41.7,63,0,10,22,3,2.00,19,8,+11,+1.01,+0.42,14.9,9.4,+5.5,+0.51,+0.07,0,10,2,0,0,42,4,17.4
468,Gaspar Iñíguez,ar ARG,MF,Newell's OB,31-196,1994,2,1,108,1.2,0,1,1,0,0,0,0,0,0.0,0.0,0.0,0.0,1,3,0,0.00,0.83,0.83,0.00,0.83,0.01,0.01,0.02,0.01,0.02,Matches,1,0,0.0,0.83,0.00,0.00,,33.2,0,0.01,0.0,0.0,46,57,80.7,835,234,22,22,100.0,20,25,80.0,4,9,44.4,0.1,+1.0,1,6,1,0,54,3,0,0,2,0,2,1,1,0,0,1,1,0.83,0,1,0,0,0,1,0.83,0,1,0,0,0,0,0,0,0,0,0,,0,0,1,1,0,0,60,0,0,1,100.0,0,0.0,34,0,0,2,46,54,4.4,63,0,1,45,5,0.50,1,3,-2,-1.67,-1.32,0.2,2.1,-1.9,-1.60,-1.51,0,2,0,0,0,6,0,0.0
,Gaston Arturia,,,,,,,,,,,,,,,,,,,,,,,,,,,,,,,,,,,,,,,,,,,,,,,,,,,,,,,,,,,,,,,,,,,,,,,,,,,,,,,,,,,,,,,,,,,,,,,,,,,,,,,,,,,,,,,,,,,,,,,,,,0,0,,6,,,,,,,,,,,,,,,,,,,
414,Gaston Gonzalez,ar ARG,"FW,MF",Defensa y Just,24-103,2001,6,1,168,1.9,0,0,0,0,0,0,0,0,0.5,0.5,0.0,0.5,5,6,20,0.00,0.00,0.00,0.00,0.00,0.21,0.01,0.23,0.21,0.23,Matches,1,1,100.0,0.54,0.54,0.00,0.00,8.9,0,0.23,-0.5,-0.5,39,48,81.3,495,102,26,28,92.9,11,14,78.6,1,1,100.0,0.1,0.0,2,1,2,0,46,1,0,0,4,0,0,0,0,0,1,4,7,3.33,4,0,1,1,1,0,0.00,0,0,0,0,0,2,2,1,0,1,1,100.0,0,4,2,4,0,0,75,0,5,6,50.0,6,50.0,46,1,9,1,53,28,6.9,45,0,5,25,3,0.50,1,4,-3,-1.61,-1.65,1.3,3.5,-2.2,-1.05,-0.94,0,1,0,0,0,8,2,28.6
415,Gaston Gonzalez,ar ARG,"MF,FW",Sarmiento,24-103,2001,9,9,726,8.1,1,1,2,1,0,0,0,0,1.8,1.8,0.4,2.2,21,15,54,0.12,0.12,0.25,0.12,0.25,0.23,0.05,0.28,0.23,0.28,Matches,1,1,100.0,0.54,0.54,0.00,0.00,8.9,0,0.23,-0.5,-0.5,39,48,81.3,495,102,26,28,92.9,11,14,78.6,1,1,100.0,0.1,0.0,2,1,2,0,46,1,0,0,4,0,0,0,0,0,1,4,7,3.33,4,0,1,1,1,0,0.00,0,0,0,0,0,2,2,1,0,1,1,100.0,0,4,2,4,0,0,75,0,5,6,50.0,6,50.0,46,1,9,1,53,28,6.9,45,0,5,25,3,0.50,1,4,-3,-1.61,-1.65,1.3,3.5,-2.2,-1.05,-0.94,0,1,0,0,0,8,2,28.6
103,Gastón Benavídez,ar ARG,DF,Talleres,29-350,1995,11,10,886,9.8,2,1,3,2,0,0,0,0,1.0,1.0,0.7,1.7,21,42,54,0.20,0.10,0.30,0.20,0.30,0.10,0.07,0.18,0.10,0.18,Matches,4,3,75.0,0.41,0.30,0.50,0.67,13.6,0,0.25,+1.0,+1.0,406,501,81.0,7157,3176,185,213,86.9,175,205,85.4,40,61,65.6,1.1,+0.3,12,42,14,5,408,91,1,1,26,78,0,0,0,0,2,14,24,2.44,19,5,0,0,0,2,0.20,2,0,0,0,0,20,12,3,15,2,11,68.8,5,10,6,26,28,1,591,18,15,5,35.7,9,64.3,281,4,9,2,327,81,36.5,86,9,1,31,4,0.73,7,11,-4,-0.41,-0.17,11.7,8.8,+2.9,+0.29,+0.02,0,8,0,0,0,40,9,64.3
104,Gastón Benedetti,ar ARG,DF,Estudiantes–LP,24-193,2001,14,9,768,8.5,0,3,3,0,0,0,6,2,0.3,0.3,1.1,1.4,26,48,48,0.00,0.35,0.35,0.00,0.35,0.03,0.13,0.16,0.03,0.16,Matches,10,2,20.0,1.17,0.23,0.00,0.00,26.3,0,0.03,-0.3,-0.3,411,513,80.1,7408,2317,177,200,88.5,170,204,83.3,57,89,64.0,1.0,+1.9,8,41,7,5,452,59,0,7,20,56,0,0,0,0,2,10,18,2.11,14,2,1,1,0,3,0.35,3,0,0,0,0,20,15,12,6,2,11,84.6,2,6,7,27,26,0,611,18,12,2,22.2,7,77.8,336,3,10,4,400,55,31.6,78,5,5,14,9,1.60,9,7,+2,+0.23,+0.40,9.0,7.1,+1.9,+0.23,+0.15,1,14,0,1,0,28,6,42.9
129,Gastón Bouhier,ar ARG,MF,Arg Juniors,17-280,2008,1,0,2,0.0,0,0,0,0,0,0,0,0,0.0,0.0,0.0,0.0,0,0,0,0.00,0.00,0.00,0.00,0.00,0.00,0.00,0.00,0.00,0.00,Matches,0,0,,0.00,0.00,,,,0,,0.0,0.0,0,1,0.0,0,0,0,0,,0,0,,0,0,,0.0,0.0,0,0,0,0,1,0,0,0,0,0,0,0,0,0,0,1,0,0.00,0,0,0,0,0,0,0.00,0,0,0,0,0,0,0,0,0,0,0,,0,0,0,0,0,0,3,0,0,1,100.0,0,0.0,1,0,1,1,2,2,0.1,,0,1,2,3,3.00,0,0,0,0.00,-0.70,0.0,0.0,0.0,0.00,-0.40,0,0,0,0,0,0,0,
292,Gastón Emanuel Moreyra,ar ARG,MF,San Martín de San Juan,25-297,1999,2,1,75,0.8,0,0,0,0,0,0,0,0,0.1,0.1,0.1,0.2,1,3,0,0.00,0.00,0.00,0.00,0.00,0.06,0.17,0.23,0.06,0.23,Matches,3,1,33.3,3.60,1.20,0.00,0.00,30.0,0,0.02,-0.1,-0.1,28,40,70.0,347,186,12,13,92.3,7,11,63.6,2,6,33.3,0.3,-0.1,2,4,0,0,38,2,0,1,5,0,2,0,2,0,0,1,3,3.60,1,1,0,0,1,0,0.00,0,0,0,0,0,3,1,2,1,0,2,50.0,2,1,1,4,1,0,57,0,3,3,60.0,2,40.0,28,0,3,0,34,38,3.1,58,0,1,17,3,0.50,0,0,0,0.00,+0.61,0.3,1.3,-1.0,-1.16,-0.89,0,1,0,0,0,7,1,25.0
447,Gastón Hernández,ar ARG,DF,San Lorenzo,27-262,1998,16,14,1216,13.5,1,0,1,1,0,0,4,1,1.2,1.2,0.0,1.2,16,49,6,0.07,0.00,0.07,0.07,0.07,0.09,0.00,0.09,0.09,0.09,Matches,8,2,25.0,0.59,0.15,0.13,0.50,14.9,0,0.15,-0.2,-0.2,589,704,83.7,11726,4896,170,196,86.7,345,378,91.3,64,106,60.4,0.1,0.0,2,52,2,0,670,31,0,3,3,0,0,0,0,0,3,7,10,0.74,9,0,0,0,1,0,0.00,0,0,0,0,0,23,13,11,11,1,9,52.9,8,9,25,48,67,0,863,72,13,8,57.1,5,35.7,495,0,6,2,537,76,50.0,87,12,2,1,4,1.53,11,9,+2,+0.15,-0.07,13.0,9.8,+3.2,+0.24,+0.01,1,9,0,0,0,51,23,54.8
515,Gastón Lodico,ar ARG,MF,Instituto,27-133,1998,26,25,1968,21.9,5,2,7,4,1,1,2,0,2.5,1.8,3.1,4.9,19,123,58,0.23,0.09,0.32,0.18,0.27,0.12,0.14,0.26,0.08,0.22,Matches,23,10,43.5,1.05,0.46,0.17,0.40,24.5,1,0.08,+2.5,+2.2,930,1220,76.2,17270,5308,377,430,87.7,406,488,83.2,121,233,51.9,3.7,-1.1,41,112,14,6,1036,175,2,6,132,6,70,26,38,0,9,28,85,3.89,51,30,2,1,0,6,0.27,2,3,1,0,0,48,23,19,26,3,33,50.8,32,25,29,77,19,0,1423,22,17,18,58.1,13,41.9,654,0,26,9,837,76,81.0,78,8,1,25,1,1.11,17,21,-4,-0.18,+0.99,21.3,21.4,-0.1,0.00,+0.19,0,12,0,0,0,124,10,47.6
588,Gastón Martirena,uy URU,"DF,MF",Racing Club,25-276,2000,22,18,1656,18.4,2,4,6,2,0,0,4,0,1.1,1.1,3.1,4.2,37,95,97,0.11,0.22,0.33,0.11,0.33,0.06,0.17,0.23,0.06,0.23,Matches,28,7,25.0,1.52,0.38,0.07,0.29,24.1,2,0.04,+0.9,+0.9,561,880,63.8,11043,4896,217,274,79.2,235,344,68.3,97,204,47.5,2.9,+0.9,23,65,33,12,677,198,2,12,86,170,17,1,13,0,5,28,58,3.15,38,11,3,2,1,7,0.38,4,2,0,0,0,27,16,20,4,3,14,40.0,21,17,24,51,49,1,1109,37,33,17,39.5,26,60.5,491,7,42,14,551,75,68.1,87,14,4,24,2,1.30,25,22,+3,+0.16,-0.42,22.7,23.5,-0.8,-0.04,-0.05,0,16,0,0,0,83,19,40.4
950,Gastón Suso,ar ARG,DF,Gimnasia–LP,34-210,1991,25,25,2182,24.2,1,0,1,1,0,0,10,1,0.6,0.6,0.0,0.6,3,59,2,0.04,0.00,0.04,0.04,0.04,0.03,0.00,0.03,0.03,0.03,Matches,16,7,43.8,0.66,0.29,0.06,0.14,11.6,0,0.04,+0.4,+0.4,668,816,81.9,14740,6376,151,178,84.8,401,447,89.7,108,170,63.5,0.1,0.0,0,36,0,0,783,31,0,4,0,5,0,0,0,0,2,4,2,0.08,2,0,0,0,0,0,0.00,0,0,0,0,0,35,21,27,8,0,15,57.7,11,13,38,73,248,1,1206,176,22,0,,0,,456,0,6,2,552,87,89.8,87,22,0,,0,1.16,15,25,-10,-0.41,+1.04,20.4,29.6,-9.2,-0.38,-0.13,0,24,0,4,0,49,88,70.4
966,Gastón Togni,ar ARG,FW,Defensa y Just,28-018,1997,12,11,886,9.8,5,1,6,5,0,0,1,0,1.6,1.6,0.9,2.5,19,16,125,0.51,0.10,0.61,0.51,0.61,0.16,0.10,0.26,0.16,0.26,Matches,33,14,42.4,3.35,1.42,0.15,0.36,20.2,3,0.05,+3.4,+3.4,185,274,67.5,3064,918,97,127,76.4,61,86,70.9,19,34,55.9,0.9,+0.1,16,8,16,10,259,13,0,0,53,2,9,2,5,0,2,13,43,4.48,30,4,2,1,1,1,0.10,1,0,0,0,0,5,2,1,2,2,0,0.0,3,2,4,9,12,0,378,15,36,10,62.5,6,37.5,218,4,18,16,273,74,36.5,77,4,1,34,0,1.33,12,13,-1,-0.10,-0.04,7.4,11.8,-4.4,-0.46,-0.42,0,3,0,0,0,27,6,37.5
999,Gastón Verón,ar ARG,"FW,MF",Cen. Córdoba–SdE,24-168,2001,24,15,1302,14.5,7,3,10,5,2,2,4,0,4.4,2.8,1.3,4.1,12,61,89,0.48,0.21,0.69,0.35,0.55,0.30,0.09,0.39,0.19,0.28,Matches,31,10,32.3,2.14,0.69,0.16,0.50,20.7,2,0.09,+2.6,+2.2,420,558,75.3,6810,1377,224,280,80.0,136,175,77.7,42,55,76.4,1.2,+1.7,18,43,15,2,545,13,2,12,10,1,3,0,2,0,0,18,47,3.25,34,2,2,6,1,4,0.28,4,0,0,0,0,13,8,2,5,6,5,35.7,9,4,4,17,13,0,753,10,39,16,43.2,19,51.4,423,0,60,28,587,54,53.6,67,2,9,33,2,1.25,19,18,+1,+0.07,-0.01,17.0,14.8,+2.2,+0.15,+0.07,0,28,0,0,0,62,58,50.0
873,Genaro Rossi,ar ARG,FW,Newell's OB,23-098,2002,2,1,98,1.1,0,0,0,0,0,0,0,0,0.2,0.2,0.0,0.2,0,3,5,0.00,0.00,0.00,0.00,0.00,0.16,0.00,0.16,0.16,0.16,Matches,1,0,0.0,0.92,0.00,0.00,,10.2,0,0.17,-0.2,-0.2,9,13,69.2,191,21,4,5,80.0,3,4,75.0,2,3,66.7,0.0,0.0,0,0,1,0,10,2,0,0,0,0,0,0,0,0,1,0,1,0.92,1,0,0,0,0,0,0.00,0,0,0,0,0,2,1,0,1,1,1,100.0,0,0,0,2,1,0,33,1,6,3,100.0,0,0.0,19,0,6,2,19,49,4.0,65,0,1,33,1,2.00,1,1,0,0.00,+0.42,1.2,0.8,+0.4,+0.41,+0.60,0,0,0,0,0,3,1,9.1
223,Germán Conti,ar ARG,DF,Racing Club,31-127,1994,4,3,248,2.8,0,0,0,0,0,0,0,0,0.2,0.2,0.0,0.2,1,7,0,0.00,0.00,0.00,0.00,0.00,0.06,0.00,0.06,0.06,0.06,Matches,2,1,50.0,0.73,0.36,0.00,0.00,7.9,0,0.08,-0.2,-0.2,111,132,84.1,2255,676,33,37,89.2,63,69,91.3,15,26,57.7,0.0,0.0,1,6,0,0,130,2,0,0,0,1,0,0,0,0,0,1,3,1.09,3,0,0,0,0,0,0.00,0,0,0,0,0,4,3,3,1,0,1,33.3,2,1,6,10,23,0,178,30,4,0,,0,,99,0,1,0,102,62,10.2,80,2,1,8,11,0.75,3,5,-2,-0.73,-1.14,2.9,3.0,-0.1,-0.02,+0.01,0,1,0,0,0,11,20,64.5
224,Germán Conti,ar ARG,DF,Gimnasia–LP,31-127,1994,4,2,296,3.3,0,0,0,0,0,0,0,0,0.2,0.2,0.0,0.2,1,8,0,0.00,0.00,0.00,0.00,0.00,0.05,0.00,0.05,0.05,0.05,Matches,2,1,50.0,0.73,0.36,0.00,0.00,7.9,0,0.08,-0.2,-0.2,111,132,84.1,2255,676,33,37,89.2,63,69,91.3,15,26,57.7,0.0,0.0,1,6,0,0,130,2,0,0,0,1,0,0,0,0,0,1,3,1.09,3,0,0,0,0,0,0.00,0,0,0,0,0,4,3,3,1,0,1,33.3,2,1,6,10,23,0,178,30,4,0,,0,,99,0,1,0,102,62,10.2,80,2,1,8,11,0.75,3,5,-2,-0.73,-1.14,2.9,3.0,-0.1,-0.02,+0.01,0,1,0,0,0,11,20,64.5
759,Germán Pezzella,ar ARG,DF,River Plate,34-103,1991,16,13,1138,12.6,0,0,0,0,0,0,3,0,0.5,0.5,0.3,0.8,5,43,0,0.00,0.00,0.00,0.00,0.00,0.04,0.02,0.06,0.04,0.06,Matches,9,3,33.3,0.71,0.24,0.00,0.00,11.3,0,0.05,-0.5,-0.5,615,694,88.6,12903,4398,165,179,92.2,354,383,92.4,91,125,72.8,0.1,-0.3,1,29,0,0,667,27,0,2,0,4,0,0,0,0,0,0,5,0.40,4,0,0,0,0,0,0.00,0,0,0,0,0,12,8,7,4,1,8,88.9,1,5,15,27,79,0,836,62,15,1,50.0,1,50.0,464,0,11,1,530,71,46.8,83,11,3,20,4,2.06,18,6,+12,+0.95,+0.46,18.8,9.5,+9.3,+0.74,+0.56,0,7,0,0,0,41,41,67.2
834,Geronimo Rivera,ar ARG,"MF,FW",Banfield,22-051,2003,13,11,845,9.4,2,1,3,2,0,0,3,0,1.7,1.7,0.7,2.5,17,30,49,0.21,0.11,0.32,0.21,0.32,0.19,0.08,0.26,0.19,0.26,Matches,20,6,30.0,2.13,0.64,0.10,0.33,23.0,4,0.09,+0.3,+0.3,160,269,59.5,2979,1292,63,91,69.2,63,94,67.0,26,65,40.0,1.0,+0.3,9,16,10,3,199,67,1,3,40,36,14,3,7,0,3,6,32,3.44,18,5,2,6,0,5,0.54,1,2,0,2,0,15,10,8,3,4,5,31.3,11,8,9,24,6,0,401,5,19,10,30.3,20,60.6,202,5,32,20,221,65,34.8,76,2,2,7,1,1.08,9,6,+3,+0.32,+1.06,8.3,8.0,+0.3,+0.04,+0.51,0,14,1,0,0,41,5,29.4
444,Gerónimo Heredia,ar ARG,"DF,MF",Belgrano,20-241,2005,11,6,596,6.6,0,0,0,0,0,0,3,0,0.1,0.1,0.2,0.3,10,10,17,0.00,0.00,0.00,0.00,0.00,0.02,0.02,0.04,0.02,0.04,Matches,6,1,16.7,0.91,0.15,0.00,0.00,27.0,0,0.02,-0.1,-0.1,146,214,68.2,2454,883,74,88,84.1,58,86,67.4,11,31,35.5,0.3,-0.2,3,7,2,2,175,39,0,2,14,38,0,0,0,0,0,6,10,1.51,6,1,1,1,0,0,0.00,0,0,0,0,0,9,4,3,5,1,5,55.6,4,3,4,13,21,0,291,16,10,4,33.3,8,66.7,109,5,10,4,143,54,24.5,80,3,5,23,10,1.09,4,9,-5,-0.76,-0.61,4.8,6.7,-2.0,-0.30,-0.23,0,12,0,0,0,16,9,56.3
,Gerónimo Montivero,,,,,,,,,,,,,,,,,,,,,,,,,,,,,,,,,,,,,,,,,,,,,,,,,,,,,,,,,,,,,,,,,,,,,,,,,,,,,,,,,,,,,,,,,,,,,,,,,,,,,,,,,,,,,,,,,,,,,,,,,,0,0,,2,,,,,,,,,,,,,,,,,,,
326,Gianluca Ferrari,ar ARG,DF,Atlé Tucumán,28-100,1997,16,16,1350,15.0,0,1,1,0,0,0,5,0,0.7,0.7,1.1,1.8,5,28,3,0.00,0.07,0.07,0.00,0.07,0.05,0.07,0.12,0.05,0.12,Matches,11,1,9.1,0.73,0.07,0.00,0.00,11.7,0,0.07,-0.7,-0.7,385,483,79.7,7983,3167,103,117,88.0,223,244,91.4,52,107,48.6,0.6,-0.1,4,20,5,2,452,30,0,1,3,0,0,0,0,0,1,5,10,0.67,8,0,1,0,0,1,0.07,1,0,0,0,0,22,17,13,8,1,9,64.3,5,7,16,38,107,2,676,111,23,1,25.0,3,75.0,290,0,9,2,328,84,55.6,84,14,0,,9,1.06,16,18,-2,-0.13,-0.13,20.0,20.5,-0.4,-0.03,+0.29,0,17,0,1,0,43,48,70.6
688,Gino Olguín,ar ARG,MF,San Martín de San Juan,25-209,2000,3,2,160,1.8,0,0,0,0,0,0,1,0,0.0,0.0,0.0,0.1,1,3,1,0.00,0.00,0.00,0.00,0.00,0.01,0.02,0.03,0.01,0.03,Matches,1,0,0.0,0.56,0.00,0.00,,40.0,0,0.01,0.0,0.0,54,73,74.0,906,268,22,26,84.6,27,34,79.4,3,9,33.3,0.0,0.0,1,4,0,0,69,3,0,0,1,0,0,0,0,0,1,0,3,1.69,3,0,0,0,0,0,0.00,0,0,0,0,0,9,3,5,4,0,2,33.3,4,4,1,10,2,0,101,2,0,1,33.3,2,66.7,46,0,3,1,52,53,6.6,68,1,1,25,4,0.00,0,3,-3,-1.69,-1.17,0.8,3.5,-2.8,-1.55,-1.34,0,6,0,0,0,9,2,100.0
238,Giorgio Costantini,br BRA,"MF,FW",River Plate,19-175,2006,2,0,14,0.2,0,0,0,0,0,0,0,0,0.0,0.0,0.0,0.0,0,1,0,0.00,0.00,0.00,0.00,0.00,0.00,0.00,0.00,0.00,0.00,Matches,0,0,,0.00,0.00,,,,0,,0.0,0.0,5,7,71.4,70,53,2,3,66.7,3,3,100.0,0,1,0.0,0.0,0.0,0,0,0,0,7,0,0,0,0,0,0,0,0,0,0,0,0,0.00,0,0,0,0,0,0,0.00,0,0,0,0,0,1,0,1,0,0,1,100.0,0,0,0,1,4,0,15,2,0,0,,0,,1,0,0,0,1,7,0.6,,0,2,7,0,2.00,0,1,-1,-6.43,-7.17,0.0,0.7,-0.6,-4.11,-4.58,0,0,0,0,0,0,0,0.0
215,Giovani Chiaverano,ar ARG,"MF,FW",Newell's OB,20-140,2005,13,3,483,5.4,0,1,1,0,0,0,1,0,0.9,0.9,1.2,2.1,10,10,47,0.00,0.19,0.19,0.00,0.19,0.17,0.23,0.40,0.17,0.40,Matches,11,6,54.5,2.05,1.12,0.00,0.00,14.6,0,0.08,-0.9,-0.9,71,137,51.8,1066,353,43,62,69.4,21,41,51.2,5,17,29.4,1.2,-0.2,4,10,3,2,123,13,0,1,30,10,2,2,0,0,1,8,14,2.61,10,0,2,1,0,3,0.56,2,0,1,0,0,10,8,4,3,3,4,40.0,6,6,2,12,6,0,205,5,21,4,30.8,8,61.5,103,4,12,8,120,37,19.9,51,0,10,33,10,0.77,5,9,-4,-0.75,-0.42,7.5,5.3,+2.2,+0.41,+0.71,0,10,0,0,0,11,8,50.0
,Giovanni Baroni,,,,,,,,,,,,,,,,,,,,,,,,,,,,,,,,,,,,,,,,,,,,,,,,,,,,,,,,,,,,,,,,,,,,,,,,,,,,,,,,,,,,,,,,,,,,,,,,,,,,,,,,,,,,,,,,,,,,,,,,,,0,0,,1,,,,,,,,,,,,,,,,,,,
172,Giovanni Cantizano,ar ARG,"MF,FW",Rosario Central,18-201,2007,7,1,150,1.7,0,0,0,0,0,0,1,0,0.6,0.6,0.0,0.7,11,6,14,0.00,0.00,0.00,0.00,0.00,0.37,0.03,0.40,0.37,0.40,Matches,4,3,75.0,2.40,1.80,0.00,0.00,14.7,0,0.15,-0.6,-0.6,31,51,60.8,493,169,14,18,77.8,13,21,61.9,2,4,50.0,0.3,0.0,1,3,1,0,49,1,2,0,0,1,0,0,0,0,1,2,5,3.00,4,0,0,1,0,2,1.20,2,0,0,0,0,6,3,4,2,0,4,57.1,3,1,2,8,3,1,94,2,8,4,25.0,11,68.8,61,6,9,2,56,21,6.4,45,0,6,18,7,1.86,4,0,+4,+2.40,+1.74,3.3,1.8,+1.4,+0.86,+0.42,0,4,0,0,0,11,1,100.0
208,Giuliano Cerato,ar ARG,"DF,MF",Aldosivi,27-120,1998,24,20,1827,20.3,1,0,1,1,0,0,9,0,2.0,2.0,1.0,3.0,27,99,78,0.05,0.00,0.05,0.05,0.05,0.10,0.05,0.15,0.10,0.15,Matches,26,9,34.6,1.28,0.44,0.04,0.11,22.3,0,0.08,-1.0,-1.0,659,1025,64.3,12766,6446,249,308,80.8,286,426,67.1,106,225,47.1,1.6,-1.0,28,94,19,12,840,182,0,6,75,162,6,0,4,0,3,29,65,3.20,50,8,1,2,0,1,0.05,1,0,0,0,0,57,30,30,21,6,26,59.1,18,23,22,79,77,0,1294,57,22,5,31.3,10,62.5,518,8,29,7,634,76,75.2,87,16,4,21,2,0.83,18,26,-8,-0.39,+1.55,17.8,25.5,-7.7,-0.38,+0.36,0,41,0,0,1,109,15,41.7
355,Giuliano Galoppo,ar ARG,MF,River Plate,26-112,1999,18,15,1082,12.0,5,1,6,5,0,0,2,0,2.0,2.0,0.8,2.8,9,52,40,0.42,0.08,0.50,0.42,0.50,0.17,0.06,0.23,0.17,0.23,Matches,24,10,41.7,2.00,0.83,0.21,0.50,19.3,0,0.08,+3.0,+3.0,390,521,74.9,6454,1865,188,225,83.6,149,199,74.9,38,53,71.7,1.3,+0.2,9,51,11,3,488,26,2,5,10,11,1,0,0,0,7,8,25,2.08,19,0,2,3,0,3,0.25,3,0,0,0,0,32,19,8,18,6,15,62.5,9,15,8,40,10,0,656,16,24,10,47.6,10,47.6,323,2,21,12,427,60,44.5,66,3,3,29,3,1.79,20,11,+9,+0.75,+0.08,15.1,9.8,+5.3,+0.44,+0.01,0,25,1,0,0,55,24,72.7
7,Gonzalo Abrego,ar ARG,MF,Godoy Cruz,25-274,2000,19,12,1100,12.2,0,0,0,0,0,0,2,0,0.8,0.8,1.5,2.3,10,63,32,0.00,0.00,0.00,0.00,0.00,0.07,0.12,0.19,0.07,0.19,Matches,19,5,26.3,1.55,0.41,0.00,0.00,24.3,2,0.04,-0.8,-0.8,379,543,69.8,7502,2637,160,200,80.0,150,204,73.5,60,107,56.1,1.2,-1.5,22,47,13,5,481,60,0,7,53,5,25,10,15,0,2,16,40,3.27,26,13,1,0,0,0,0.00,0,0,0,0,0,27,16,8,18,1,13,46.4,15,12,8,35,26,1,695,31,8,11,55.0,8,40.0,301,0,23,10,374,58,45.3,77,6,7,25,3,1.05,8,18,-10,-0.82,-0.48,9.2,14.3,-5.1,-0.42,-0.09,0,11,0,0,0,72,36,55.4
,Gonzalo Bordón,,,,,,,,,,,,,,,,,,,,,,,,,,,,,,,,,,,,,,,,,,,,,,,,,,,,,,,,,,,,,,,,,,,,,,,,,,,,,,,,,,,,,,,,,,,,,,,,,,,,,,,,,,,,,,,,,,,,,,,,,,0,0,,6,,,,,,,,,,,,,,,,,,,
137,Gonzalo Bravo,ar ARG,"MF,FW",Deportivo Riestra,35-143,1990,4,1,128,1.4,0,0,0,0,0,0,0,0,0.5,0.5,0.0,0.5,1,3,5,0.00,0.00,0.00,0.00,0.00,0.32,0.00,0.32,0.32,0.32,Matches,4,3,75.0,2.81,2.11,0.00,0.00,14.7,0,0.11,-0.5,-0.5,12,23,52.2,117,43,6,8,75.0,2,7,28.6,0,2,0.0,0.1,0.0,0,1,1,0,21,2,0,0,4,0,1,0,1,0,0,2,4,2.79,2,0,0,1,0,0,0.00,0,0,0,0,0,2,2,0,1,1,2,50.0,2,0,2,4,2,0,42,1,10,1,33.3,1,33.3,22,1,2,0,23,32,5.3,70,0,3,19,12,0.60,0,1,-1,-0.70,-1.29,1.0,1.0,0.0,-0.02,+0.10,0,1,0,0,0,5,0,0.0
297,Gonzalo Escudero,ar ARG,DF,Racing Club,18-190,2007,2,1,90,1.0,0,0,0,0,0,0,0,0,0.0,0.0,0.0,0.0,1,5,1,0.00,0.00,0.00,0.00,0.00,0.00,0.02,0.02,0.00,0.02,Matches,0,0,,0.00,0.00,,,,0,,0.0,0.0,37,49,75.5,631,231,15,17,88.2,18,24,75.0,3,6,50.0,0.1,0.0,1,1,1,0,48,1,0,0,0,0,0,0,0,0,0,1,1,1.00,1,0,0,0,0,0,0.00,0,0,0,0,0,4,2,4,0,0,4,80.0,1,0,1,5,4,0,65,6,1,2,100.0,0,0.0,21,0,3,0,31,45,3.7,45,0,1,45,11,0.00,1,4,-3,-3.00,-3.42,0.8,1.4,-0.6,-0.59,-0.58,0,2,0,0,0,8,2,28.6
,Gonzalo González,,,,,,,,,,,,,,,,,,,,,,,,,,,,,,,,,,,,,,,,,,,,,,,,,,,,,,,,,,,,,,,,,,,,,,,,,,,,,,,,,,,,,,,,,,,,,,,,,,,,,,,,,,,,,,,,,,,,,,,,,,0,0,,1,,,,,,,,,,,,,,,,,,,
407,Gonzalo Goñi,ar ARG,"DF,FW",Platense,27-053,1998,2,1,52,0.6,0,0,0,0,0,0,0,0,0.0,0.0,0.0,0.0,0,1,0,0.00,0.00,0.00,0.00,0.00,0.00,0.00,0.00,0.00,0.00,Matches,0,0,,0.00,0.00,,,,0,,0.0,0.0,1,3,33.3,22,18,0,1,0.0,1,1,100.0,0,0,,0.0,0.0,0,1,0,0,2,1,0,0,0,1,0,0,0,0,0,0,0,0.00,0,0,0,0,0,0,0.00,0,0,0,0,0,1,1,1,0,0,1,100.0,0,0,0,1,1,0,6,1,0,0,,0,,1,0,0,0,1,26,2.2,45,0,1,7,8,1.50,1,2,-1,-1.73,-1.65,0.2,1.3,-1.1,-1.83,-1.81,0,1,0,0,0,0,1,50.0
,Gonzalo Marinelli,,,,,,,,,,,,,,,,,,,,,,,,,,,,,,,,,,,,,,,,,,,,,,,,,,,,,,,,,,,,,,,,,,,,,,,,,,,,,,,,,,,,,,,,,,,,,,,,,,,,,,,,,,,,,,,,,,,,,,,,,,0,0,,21,,,,,,,,,,,,,,,,,,,
572,Gonzalo Maroni,ar ARG,"MF,FW",Newell's OB,26-204,1999,24,19,1523,16.9,2,2,4,2,0,0,6,1,3.0,3.0,2.4,5.3,57,89,97,0.12,0.12,0.24,0.12,0.24,0.17,0.14,0.31,0.17,0.31,Matches,30,9,30.0,1.77,0.53,0.07,0.22,20.4,1,0.10,-1.0,-1.0,459,635,72.3,7442,2455,221,279,79.2,166,224,74.1,44,77,57.1,3.0,-0.4,28,61,23,7,584,49,1,5,39,19,14,5,6,0,2,18,48,2.84,35,0,4,4,1,5,0.30,3,0,1,1,0,20,13,3,11,6,10,76.9,3,11,9,29,8,0,835,4,48,30,46.9,34,53.1,465,13,37,21,560,63,62.7,71,2,5,34,0,1.13,13,17,-4,-0.24,+0.46,17.8,18.6,-0.7,-0.04,+0.32,0,28,0,0,0,83,27,54.0
639,Gonzalo Montiel,ar ARG,DF,River Plate,28-280,1997,18,17,1436,16.0,2,3,5,2,0,0,3,0,1.7,1.7,3.0,4.8,28,84,137,0.13,0.19,0.31,0.13,0.31,0.11,0.19,0.30,0.11,0.30,Matches,10,4,40.0,0.63,0.25,0.20,0.50,9.1,0,0.17,+0.3,+0.3,763,975,78.3,12141,4812,385,429,89.7,320,403,79.4,40,86,46.5,1.8,0.0,18,67,21,12,808,165,0,4,44,155,0,0,0,0,2,29,41,2.57,35,2,1,1,1,3,0.19,3,0,0,0,0,31,25,18,9,4,16,72.7,6,4,17,48,41,0,1121,33,38,6,46.2,7,53.8,535,5,14,8,668,80,59.1,83,13,1,28,4,1.95,21,9,+12,+0.75,+0.12,23.3,13.0,+10.2,+0.64,+0.49,0,8,0,0,0,69,27,56.3
646,Gonzalo Morales,ar ARG,"FW,MF",Barracas Central,22-218,2003,22,12,1042,11.6,2,1,3,2,0,0,1,0,2.7,2.7,0.9,3.6,12,12,56,0.17,0.09,0.26,0.17,0.26,0.23,0.08,0.31,0.23,0.31,Matches,25,7,28.0,2.16,0.60,0.08,0.29,18.4,0,0.11,-0.7,-0.7,131,194,67.5,2044,313,66,86,76.7,53,64,82.8,7,19,36.8,0.6,+0.1,11,4,3,2,181,12,0,3,11,0,0,0,0,0,1,7,25,2.16,16,0,0,4,0,3,0.26,1,0,0,1,0,6,2,1,4,1,2,40.0,3,8,1,7,3,0,307,1,34,4,23.5,13,76.5,195,5,35,15,226,47,42.9,63,2,10,29,5,1.39,19,10,+9,+0.78,+1.10,15.8,11.8,+3.9,+0.34,+0.47,0,10,2,0,0,24,10,29.4
660,Gonzalo Mottes,ar ARG,DF,Aldosivi,27-274,1998,22,21,1891,21.0,2,1,3,2,0,0,4,0,1.0,1.0,0.5,1.5,3,44,4,0.10,0.05,0.14,0.10,0.14,0.05,0.02,0.07,0.05,0.07,Matches,19,8,42.1,0.90,0.38,0.11,0.25,12.0,0,0.06,+1.0,+1.0,560,725,77.2,11740,5576,146,168,86.9,311,362,85.9,87,172,50.6,0.5,+0.5,3,37,1,0,673,51,0,3,0,2,0,0,0,0,1,3,13,0.62,8,0,0,0,2,2,0.10,0,0,0,0,1,19,11,15,4,0,12,75.0,4,8,18,37,149,0,971,151,30,0,,0,,419,0,6,2,514,86,77.8,90,21,1,1,3,0.95,20,33,-13,-0.62,+0.72,18.8,27.8,-9.0,-0.43,+0.19,0,20,0,0,0,43,84,68.3
680,Gonzalo Nicolás Martínez,ar ARG,"FW,MF",River Plate,32-117,1993,9,3,345,3.8,0,2,2,0,0,0,1,0,0.6,0.6,1.0,1.6,10,30,64,0.00,0.52,0.52,0.00,0.52,0.16,0.26,0.42,0.16,0.42,Matches,15,2,13.3,3.91,0.52,0.00,0.00,23.3,2,0.04,-0.6,-0.6,143,211,67.8,2616,863,61,77,79.2,64,87,73.6,18,40,45.0,1.3,+1.0,10,15,9,2,188,23,3,2,34,9,9,3,6,0,0,9,27,7.04,17,3,3,3,0,2,0.52,2,0,0,0,0,4,2,0,4,0,1,16.7,5,4,4,8,0,0,284,1,18,9,40.9,13,59.1,172,4,20,7,210,38,14.2,64,0,6,25,4,1.78,2,1,+1,+0.26,-0.52,5.6,4.2,+1.4,+0.36,-0.09,0,9,0,0,0,24,0,0.0
765,Gonzalo Piñeiro,ar ARG,"MF,FW",Tigre,25-005,2000,5,1,101,1.1,0,0,0,0,0,0,0,0,0.0,0.0,0.0,0.0,0,3,1,0.00,0.00,0.00,0.00,0.00,0.00,0.00,0.00,0.00,0.00,Matches,0,0,,0.00,0.00,,,,0,,0.0,0.0,30,44,68.2,568,180,11,16,68.8,13,14,92.9,5,10,50.0,0.0,0.0,0,5,1,1,43,1,0,1,2,0,1,1,0,0,0,2,0,0.00,0,0,0,0,0,0,0.00,0,0,0,0,0,4,4,2,2,0,2,50.0,2,1,3,7,3,0,55,4,0,0,0.0,1,100.0,22,0,0,0,26,20,4.2,67,0,4,9,15,1.60,0,2,-2,-1.78,-2.17,1.1,2.0,-0.9,-0.79,-1.15,0,3,0,0,0,4,1,100.0
749,Gonzalo Pérez,uy URU,"DF,MF",Lanús,24-277,2001,19,14,1180,13.1,0,1,1,0,0,0,3,0,0.1,0.1,0.4,0.5,9,79,34,0.00,0.08,0.08,0.00,0.08,0.01,0.03,0.04,0.01,0.04,Matches,3,0,0.0,0.23,0.00,0.00,,21.4,0,0.04,-0.1,-0.1,462,624,74.0,8403,4131,206,241,85.5,198,253,78.3,52,100,52.0,0.7,+0.6,8,62,12,5,521,102,0,4,11,96,0,0,0,0,1,11,22,1.68,17,3,1,0,0,3,0.23,3,0,0,0,0,23,19,14,8,1,16,47.1,18,20,16,39,47,0,757,31,7,5,62.5,3,37.5,307,1,7,2,370,62,48.6,79,6,5,14,4,1.68,12,11,+1,+0.08,-0.14,13.7,14.6,-0.9,-0.07,-0.24,0,16,0,0,0,72,14,46.7
820,Gonzalo Requena,ar ARG,DF,Instituto,22-218,2003,14,13,1197,13.3,0,0,0,0,0,0,4,0,0.2,0.2,0.1,0.2,4,26,1,0.00,0.00,0.00,0.00,0.00,0.01,0.00,0.02,0.01,0.02,Matches,5,0,0.0,0.38,0.00,0.00,,22.0,0,0.04,-0.2,-0.2,275,369,74.5,6128,3005,69,79,87.3,156,180,86.7,48,97,49.5,0.1,-0.1,1,29,0,0,337,32,0,2,1,1,0,0,0,0,0,10,5,0.38,2,0,0,0,0,0,0.00,0,0,0,0,0,16,10,8,7,1,9,47.4,10,2,14,30,87,2,523,78,4,0,,0,,174,0,2,5,210,86,49.3,90,13,1,27,13,1.00,8,16,-8,-0.60,-0.46,12.0,13.7,-1.7,-0.13,-0.18,0,11,0,0,0,41,38,60.3
825,Gonzalo Reyna,ar ARG,FW,Racing Club,19-077,2006,1,0,3,0.0,0,0,0,0,0,0,0,0,0.0,0.0,0.0,0.0,0,0,0,0.00,0.00,0.00,0.00,0.00,0.00,0.00,0.00,0.00,0.00,Matches,0,0,,0.00,0.00,,,,0,,0.0,0.0,1,2,50.0,10,0,1,1,100.0,0,0,,0,0,,0.0,0.0,0,0,0,0,2,0,0,0,0,0,0,0,0,0,0,1,0,0.00,0,0,0,0,0,0,0.00,0,0,0,0,0,1,0,0,1,0,1,100.0,0,0,0,1,0,0,6,0,0,0,0.0,1,100.0,1,0,1,0,3,3,0.1,,0,1,3,1,3.00,0,0,0,0.00,-0.30,0.0,0.3,-0.3,-7.70,-7.68,0,0,0,0,0,0,0,
830,Gonzalo Ríos,ar ARG,"MF,FW",Banfield,26-254,1999,22,21,1685,18.7,0,2,2,0,0,0,0,0,2.3,2.3,2.3,4.7,51,73,110,0.00,0.11,0.11,0.00,0.11,0.13,0.12,0.25,0.13,0.25,Matches,34,13,38.2,1.82,0.69,0.00,0.00,22.2,1,0.07,-2.3,-2.3,402,588,68.4,7206,2520,180,221,81.4,152,200,76.0,52,117,44.4,3.4,-0.3,36,36,24,9,503,84,1,3,109,3,45,17,27,0,1,19,77,4.11,47,14,3,7,1,3,0.16,1,2,0,0,0,25,16,7,15,3,13,31.7,28,16,16,41,13,0,860,10,32,30,39.5,45,59.2,485,7,68,36,507,77,69.3,78,5,1,45,1,0.91,15,24,-9,-0.48,-0.36,17.9,21.0,-3.1,-0.16,+0.44,0,16,0,0,0,105,11,30.6
831,Gonzalo Ríos,ar ARG,"MF,FW",Ind. Rivadavia,26-254,1999,3,0,68,0.8,0,0,0,0,0,0,0,0,0.1,0.1,0.1,0.2,3,2,2,0.00,0.00,0.00,0.00,0.00,0.17,0.08,0.25,0.17,0.25,Matches,34,13,38.2,1.82,0.69,0.00,0.00,22.2,1,0.07,-2.3,-2.3,402,588,68.4,7206,2520,180,221,81.4,152,200,76.0,52,117,44.4,3.4,-0.3,36,36,24,9,503,84,1,3,109,3,45,17,27,0,1,19,77,4.11,47,14,3,7,1,3,0.16,1,2,0,0,0,25,16,7,15,3,13,31.7,28,16,16,41,13,0,860,10,32,30,39.5,45,59.2,485,7,68,36,507,77,69.3,78,5,1,45,1,0.91,15,24,-9,-0.48,-0.36,17.9,21.0,-3.1,-0.16,+0.44,0,16,0,0,0,105,11,30.6
,Gonzalo Siri Payer,,,,,,,,,,,,,,,,,,,,,,,,,,,,,,,,,,,,,,,,,,,,,,,,,,,,,,,,,,,,,,,,,,,,,,,,,,,,,,,,,,,,,,,,,,,,,,,,,,,,,,,,,,,,,,,,,,,,,,,,0.0,,0,0,,21,0.00,0,0,0,,,,,,,,,,,,,,,
955,Gonzalo Tapia,cl CHI,"FW,MF",River Plate,23-232,2002,6,1,159,1.8,0,0,0,0,0,0,1,0,0.7,0.7,0.1,0.8,1,3,16,0.00,0.00,0.00,0.00,0.00,0.39,0.06,0.45,0.39,0.45,Matches,6,2,33.3,3.40,1.13,0.00,0.00,15.5,0,0.12,-0.7,-0.7,13,33,39.4,150,21,9,14,64.3,3,10,30.0,0,4,0.0,0.0,-0.1,1,1,2,0,33,0,0,0,6,0,0,0,0,0,0,2,2,1.13,2,0,0,0,0,0,0.00,0,0,0,0,0,0,0,0,0,0,0,0.0,1,2,0,0,3,0,55,2,8,1,50.0,0,0.0,25,0,4,2,38,27,6.5,45,0,5,23,7,1.83,2,1,+1,+0.57,-0.15,2.6,2.4,+0.2,+0.11,-0.35,0,6,0,0,0,4,10,66.7
973,Gonzalo Trindade,ar ARG,"DF,MF",Cen. Córdoba–SdE,21-147,2004,5,4,345,3.8,0,0,0,0,0,0,1,0,0.0,0.0,0.0,0.0,7,6,6,0.00,0.00,0.00,0.00,0.00,0.00,0.01,0.01,0.00,0.01,Matches,1,1,100.0,0.26,0.26,0.00,0.00,31.4,0,0.02,0.0,0.0,137,183,74.9,1767,629,91,100,91.0,36,52,69.2,2,13,15.4,0.0,0.0,2,7,0,0,140,43,0,0,16,35,3,0,3,0,0,4,2,0.52,1,1,0,0,0,0,0.00,0,0,0,0,0,6,4,6,0,0,5,62.5,3,7,8,14,16,0,235,9,3,0,0.0,3,100.0,108,1,2,1,114,69,14.2,75,2,1,45,5,1.60,4,3,+1,+0.26,+0.22,3.7,6.9,-3.2,-0.83,-1.11,0,2,0,0,0,19,5,50.0
1029,Gonzalo Zelarayán,ar ARG,"MF,FW",Belgrano,21-163,2004,2,0,19,0.2,0,1,1,0,0,0,0,0,0.0,0.0,0.1,0.1,1,0,1,0.00,4.74,4.74,0.00,4.74,0.00,0.53,0.53,0.00,0.53,Matches,0,0,,0.00,0.00,,,,0,,0.0,0.0,7,12,58.3,106,61,4,5,80.0,2,2,100.0,1,5,20.0,0.0,+0.9,1,1,0,0,9,3,0,0,1,0,0,0,0,0,0,0,2,9.47,1,1,0,0,0,1,4.74,1,0,0,0,0,1,1,0,0,1,1,100.0,0,1,0,1,0,0,16,0,1,0,0.0,2,100.0,10,1,1,1,11,10,0.8,,0,2,10,9,1.50,1,0,+1,+4.74,+5.07,0.1,0.3,-0.2,-0.73,-0.61,0,1,0,0,0,1,0,
187,Guido Carrillo,ar ARG,FW,Estudiantes–LP,34-136,1991,22,14,1342,14.9,2,2,4,2,0,0,2,1,3.8,3.8,1.5,5.3,4,27,73,0.13,0.13,0.27,0.13,0.27,0.25,0.10,0.35,0.25,0.35,Matches,40,20,50.0,2.68,1.34,0.05,0.10,12.2,0,0.09,-1.8,-1.8,224,346,64.7,3110,507,144,204,70.6,60,102,58.8,10,14,71.4,0.8,+0.5,12,13,6,0,318,28,0,2,0,2,0,0,0,0,0,7,32,2.15,24,0,0,2,1,5,0.34,3,0,0,0,1,7,4,0,5,2,2,22.2,7,3,2,9,21,0,475,23,69,7,58.3,4,33.3,197,1,30,18,355,61,55.2,80,8,8,27,0,1.39,15,18,-3,-0.20,-0.37,17.6,15.5,+2.1,+0.14,+0.04,0,8,0,0,0,28,80,52.3
452,Guido Herrera,ar ARG,GK,Talleres,33-221,1992,26,26,2295,25.5,0,0,0,0,0,0,4,0,0.0,0.0,0.3,0.3,0,0,0,0.00,0.00,0.00,0.00,0.00,0.00,0.01,0.01,0.00,0.01,Matches,0,0,,0.00,0.00,,,,0,,0.0,0.0,578,797,72.5,17391,13562,102,103,99.0,266,266,100.0,206,421,48.9,0.1,-0.3,5,26,3,0,571,223,0,2,0,0,0,0,0,0,3,0,9,0.35,7,2,0,0,0,0,0.00,0,0,0,0,0,1,0,1,0,0,1,50.0,1,0,0,1,15,2,846,654,0,0,,0,,438,0,2,0,394,88,94.4,88,25,0,,1,0.81,14,23,-9,-0.35,-1.02,27.7,21.3,+6.4,+0.25,-0.49,0,1,0,1,0,23,8,88.9
550,Guido Mainero,ar ARG,"FW,MF",Platense,30-199,1995,26,26,2061,22.9,3,5,8,3,0,0,5,0,1.9,1.9,3.6,5.6,48,61,126,0.13,0.22,0.35,0.13,0.35,0.09,0.16,0.25,0.09,0.25,Matches,26,10,38.5,1.14,0.44,0.12,0.30,19.4,0,0.08,+1.1,+1.1,493,818,60.3,9041,3026,222,299,74.2,174,268,64.9,78,176,44.3,4.0,+1.4,36,51,41,26,740,76,1,8,135,47,16,4,10,0,2,42,74,3.28,52,8,6,4,0,6,0.27,5,0,0,1,0,26,15,7,16,3,14,42.4,19,24,10,36,26,0,1088,26,33,18,31.0,39,67.2,564,7,61,19,644,79,88.1,79,7,0,,0,1.43,20,21,-1,-0.04,+0.60,21.9,22.4,-0.5,-0.02,+0.25,0,21,0,0,0,115,28,41.8
10,Guillermo Acosta,ar ARG,MF,Atlé Tucumán,36-342,1988,17,11,926,10.3,0,1,1,0,0,0,3,0,0.4,0.4,0.2,0.6,7,57,9,0.00,0.10,0.10,0.00,0.10,0.04,0.02,0.06,0.04,0.06,Matches,8,2,25.0,0.78,0.19,0.00,0.00,26.9,0,0.05,-0.4,-0.4,370,467,79.2,6751,2560,155,181,85.6,164,199,82.4,44,67,65.7,0.4,+0.8,5,44,7,1,444,21,1,2,9,2,0,0,0,0,2,7,22,2.14,20,0,1,0,1,6,0.58,6,0,0,0,0,22,16,8,13,1,9,60.0,6,2,17,39,18,0,561,28,5,3,60.0,2,40.0,230,1,7,4,297,54,38.1,72,1,6,22,10,1.47,14,16,-2,-0.19,-0.19,12.0,14.8,-2.8,-0.27,-0.19,0,13,0,0,1,56,19,63.3
593,Guillermo Matías Fernández,ar ARG,"MF,FW",Godoy Cruz,33-362,1991,10,6,637,7.1,0,0,0,0,0,0,4,0,0.1,0.1,0.5,0.5,14,56,16,0.00,0.00,0.00,0.00,0.00,0.01,0.07,0.07,0.01,0.07,Matches,2,1,50.0,0.28,0.14,0.00,0.00,28.9,1,0.03,-0.1,-0.1,349,420,83.1,6232,2022,143,163,87.7,173,189,91.5,25,48,52.1,0.8,-0.5,6,43,4,0,390,29,1,1,8,3,7,3,2,0,1,11,21,2.97,15,5,0,1,0,1,0.14,1,0,0,0,0,8,5,5,3,0,3,42.9,4,6,5,13,7,0,470,6,1,3,60.0,2,40.0,265,0,11,6,315,64,26.2,82,4,4,36,0,0.90,5,7,-2,-0.28,+0.37,6.7,8.7,-2.0,-0.28,+0.12,0,4,0,0,0,39,6,85.7
938,Guillermo Soto,cl CHI,DF,Tigre,31-271,1994,9,8,739,8.2,0,1,1,0,0,0,3,0,0.1,0.1,0.7,0.8,18,29,49,0.00,0.12,0.12,0.00,0.12,0.01,0.09,0.10,0.01,0.10,Matches,2,1,50.0,0.24,0.12,0.00,0.00,12.1,0,0.04,-0.1,-0.1,235,348,67.5,3609,1844,147,170,86.5,63,104,60.6,18,44,40.9,0.5,+0.3,5,27,8,5,257,90,0,0,29,89,0,0,0,0,1,15,14,1.71,6,6,1,0,0,1,0.12,1,0,0,0,0,18,11,8,6,4,11,84.6,2,6,9,27,28,0,444,17,7,6,37.5,10,62.5,176,2,14,2,193,82,30.4,84,7,1,64,2,1.44,7,5,+2,+0.24,-0.08,8.7,5.0,+3.7,+0.45,+0.21,0,14,0,0,0,23,10,45.5
,Gustavo Albarracín,,,,,,,,,,,,,,,,,,,,,,,,,,,,,,,,,,,,,,,,,,,,,,,,,,,,,,,,,,,,,,,,,,,,,,,,,,,,,,,,,,,,,,,,,,,,,,,,,,,,,,,,,,,,,,,,,,,,,,,,,,0,0,,6,,,,,,,,,,,,,,,,,,,
315,Gustavo Fernández,ar ARG,FW,Deportivo Riestra,35-065,1990,2,1,74,0.8,0,0,0,0,0,0,1,0,0.0,0.0,0.2,0.2,2,3,5,0.00,0.00,0.00,0.00,0.00,0.00,0.24,0.24,0.00,0.24,Matches,0,0,,0.00,0.00,,,,0,,0.0,0.0,11,20,55.0,151,51,7,12,58.3,4,6,66.7,0,0,,0.2,-0.2,1,1,1,0,20,0,0,0,0,0,0,0,0,0,0,1,2,2.43,2,0,0,0,0,0,0.00,0,0,0,0,0,0,0,0,0,0,0,,0,0,0,0,0,0,28,0,4,0,0.0,1,100.0,16,2,1,6,25,37,3.0,45,0,1,29,8,2.00,0,0,0,0.00,-0.53,0.5,0.6,-0.1,-0.08,+0.03,0,2,0,0,0,4,4,36.4
257,Hernán De La Fuente,ar ARG,DF,Huracán,28-274,1997,11,7,643,7.1,0,0,0,0,0,0,2,0,0.1,0.1,0.1,0.3,9,20,30,0.00,0.00,0.00,0.00,0.00,0.02,0.02,0.04,0.02,0.04,Matches,6,1,16.7,0.84,0.14,0.00,0.00,24.1,0,0.02,-0.1,-0.1,196,276,71.0,3240,1404,91,109,83.5,88,116,75.9,11,27,40.7,0.1,-0.1,4,12,0,0,202,72,0,0,18,70,0,0,0,0,2,15,13,1.82,7,2,3,1,0,0,0.00,0,0,0,0,0,9,4,5,3,1,5,62.5,3,4,7,16,18,0,353,20,4,11,52.4,10,47.6,149,0,10,6,166,58,26.5,88,6,4,7,11,1.79,8,6,+2,+0.28,+0.13,5.1,7.7,-2.7,-0.38,-0.84,0,8,0,1,0,21,3,50.0
352,Hernán Galíndez,ec ECU,GK,Huracán,38-192,1987,24,24,2160,24.0,0,0,0,0,0,0,1,0,0.0,0.0,0.0,0.0,0,0,0,0.00,0.00,0.00,0.00,0.00,0.00,0.00,0.00,0.00,0.00,Matches,0,0,,0.00,0.00,,,,0,,0.0,0.0,452,697,64.8,14704,10893,48,48,100.0,223,226,98.7,180,418,43.1,0.1,0.0,1,24,0,0,434,259,0,3,0,1,0,0,0,0,4,0,4,0.17,3,1,0,0,0,0,0.00,0,0,0,0,0,0,0,0,0,0,0,,0,0,0,0,5,0,737,565,1,0,,0,,365,0,0,0,294,90,88.9,90,24,0,,0,1.68,23,15,+8,+0.33,+1.33,26.7,21.7,+5.0,+0.21,-0.27,0,0,0,0,0,14,5,83.3
520,Hernán Lopes,ar ARG,DF,San Martín de San Juan,34-194,1991,4,3,324,3.6,0,1,1,0,0,0,0,0,0.2,0.2,0.1,0.2,2,7,2,0.00,0.28,0.28,0.00,0.28,0.05,0.02,0.07,0.05,0.07,Matches,3,0,0.0,0.83,0.00,0.00,,11.9,0,0.05,-0.2,-0.2,101,140,72.1,2082,838,30,34,88.2,49,59,83.1,16,37,43.2,0.2,+0.9,2,6,0,0,126,14,0,1,0,1,0,0,0,0,0,1,5,1.39,5,0,0,0,0,1,0.28,1,0,0,0,0,8,6,6,2,0,3,75.0,1,1,2,10,33,0,194,24,7,0,,0,,82,0,1,1,86,81,13.3,90,3,1,54,10,0.75,3,6,-3,-0.83,-0.28,3.8,4.1,-0.3,-0.08,+0.26,0,1,0,0,0,14,17,70.8
526,Hernán López Muñoz,ar ARG,"MF,FW",Arg Juniors,25-031,2000,10,6,577,6.4,3,1,4,3,0,0,1,0,1.4,1.4,1.6,3.0,17,38,32,0.47,0.16,0.62,0.47,0.62,0.23,0.25,0.47,0.23,0.47,Matches,14,5,35.7,2.18,0.78,0.21,0.60,21.2,1,0.10,+1.6,+1.6,187,257,72.8,3300,974,88,108,81.5,78,95,82.1,17,42,40.5,1.4,-0.6,13,32,9,4,233,24,3,0,21,2,8,3,4,0,0,6,24,3.74,16,3,3,1,1,2,0.31,2,0,0,0,0,9,8,0,6,3,2,28.6,5,5,1,10,3,0,335,2,11,24,63.2,13,34.2,200,2,16,3,231,58,23.7,80,2,4,25,1,1.50,8,5,+3,+0.47,-0.31,9.5,5.6,+4.0,+0.62,+0.28,0,9,0,0,0,30,4,40.0
962,Horacio Tijanovich,ar ARG,"FW,MF",San Martín de San Juan,29-222,1996,16,10,818,9.1,2,0,2,1,1,1,3,0,2.6,1.8,0.5,2.3,17,22,58,0.22,0.00,0.22,0.11,0.11,0.29,0.06,0.34,0.20,0.25,Matches,20,6,30.0,2.20,0.66,0.05,0.17,19.1,3,0.09,-0.6,-0.8,103,193,53.4,1657,696,59,90,65.6,27,49,55.1,12,28,42.9,0.6,-0.5,5,11,6,1,175,17,1,0,30,4,6,3,2,0,1,12,22,2.41,5,3,3,8,1,0,0.00,0,0,0,0,0,14,8,7,7,0,8,66.7,4,4,12,26,16,0,338,7,28,6,26.1,16,69.6,193,3,38,24,216,51,33.7,69,0,6,21,2,0.69,3,8,-5,-0.55,+0.06,6.5,7.3,-0.8,-0.09,+0.33,0,11,0,0,0,30,14,33.3
676,Hugo Nervo,ar ARG,DF,Huracán,34-275,1991,6,5,451,5.0,1,0,1,1,0,0,1,0,0.0,0.0,0.0,0.0,2,17,0,0.20,0.00,0.20,0.20,0.20,0.01,0.00,0.01,0.01,0.01,Matches,1,1,100.0,0.20,0.20,1.00,1.00,11.7,0,0.03,+1.0,+1.0,188,211,89.1,3632,1185,62,64,96.9,108,113,95.6,15,28,53.6,0.0,0.0,0,8,0,0,196,15,0,0,0,0,0,0,0,0,0,1,5,1.00,5,0,0,0,0,0,0.00,0,0,0,0,0,0,0,0,0,0,0,0.0,1,1,3,3,38,0,258,35,1,1,100.0,0,0.0,135,0,0,0,152,75,18.6,90,5,1,1,3,1.50,2,3,-1,-0.20,-0.47,4.8,3.6,+1.3,+0.25,+0.02,0,2,0,0,0,10,9,69.2
331,Héctor Fértoli,ar ARG,"MF,FW",Tigre,30-309,1994,15,5,591,6.6,0,0,0,0,0,0,1,0,1.3,1.3,0.1,1.4,9,19,34,0.00,0.00,0.00,0.00,0.00,0.19,0.02,0.21,0.19,0.21,Matches,13,4,30.8,1.98,0.61,0.00,0.00,17.8,1,0.10,-1.3,-1.3,162,240,67.5,2773,617,77,91,84.6,63,87,72.4,16,44,36.4,0.3,-0.1,4,15,1,0,213,26,0,4,29,3,13,4,8,0,1,8,14,2.13,10,2,1,0,0,0,0.00,0,0,0,0,0,9,8,3,5,1,2,18.2,9,2,6,15,5,0,330,2,20,9,37.5,14,58.3,188,2,21,13,207,39,24.3,73,0,10,23,10,1.31,4,8,-4,-0.61,-1.20,7.4,7.2,+0.2,+0.03,-0.37,0,8,0,0,0,37,6,37.5
948,Ian Subiabre,ar ARG,"FW,MF",River Plate,18-280,2007,10,3,346,3.8,1,1,2,1,0,0,2,0,0.9,0.9,0.8,1.7,20,9,36,0.26,0.26,0.52,0.26,0.52,0.23,0.20,0.43,0.23,0.43,Matches,9,4,44.4,2.34,1.04,0.11,0.25,15.5,0,0.10,+0.1,+0.1,95,130,73.1,1436,388,50,59,84.7,31,39,79.5,8,12,66.7,0.3,+0.2,4,7,4,1,127,2,0,1,6,2,0,0,0,0,1,8,11,2.86,9,0,0,0,0,1,0.26,0,0,0,0,0,6,5,3,3,0,5,55.6,4,5,2,8,2,1,202,0,21,8,24.2,25,75.8,131,10,17,10,137,35,14.2,56,0,7,26,7,1.90,8,4,+4,+1.04,+0.39,6.9,4.5,+2.4,+0.62,+0.21,0,5,0,0,0,24,3,50.0
6,Ignacio Abraham,sy SYR,DF,Banfield,27-269,1998,16,15,1344,14.9,0,0,0,0,0,0,1,0,0.8,0.8,1.6,2.4,35,44,70,0.00,0.00,0.00,0.00,0.00,0.06,0.11,0.16,0.06,0.16,Matches,15,1,6.7,1.00,0.07,0.00,0.00,22.2,0,0.06,-0.8,-0.8,350,603,58.0,6857,3624,127,169,75.1,164,247,66.4,53,143,37.1,1.5,-1.6,16,40,23,17,419,182,0,2,84,160,16,4,12,0,2,35,31,2.08,20,5,2,1,2,1,0.07,1,0,0,0,0,25,20,17,6,2,17,68.0,8,10,6,31,65,0,783,34,13,13,39.4,20,60.6,304,5,10,8,339,84,55.3,89,13,1,11,11,1.38,15,19,-4,-0.27,+0.23,15.6,16.6,-1.0,-0.06,+0.53,0,16,0,0,0,40,15,42.9
29,Ignacio Alastra,ar ARG,"DF,FW",Talleres,17-344,2007,2,0,50,0.6,0,0,0,0,0,0,0,0,0.0,0.0,0.1,0.2,1,2,6,0.00,0.00,0.00,0.00,0.00,0.04,0.26,0.30,0.04,0.30,Matches,2,0,0.0,3.60,0.00,0.00,,18.9,0,0.01,0.0,0.0,6,9,66.7,147,86,2,4,50.0,3,3,100.0,1,2,50.0,0.0,-0.1,1,2,1,0,9,0,0,0,2,0,0,0,0,0,0,0,1,1.80,1,0,0,0,0,0,0.00,0,0,0,0,0,1,1,1,0,0,0,,0,1,0,1,0,0,21,0,2,1,50.0,0,0.0,14,0,5,0,15,25,2.1,,0,2,25,6,0.50,0,1,-1,-1.80,-1.54,0.4,0.1,+0.4,+0.69,+0.42,0,0,0,0,0,1,1,100.0
55,Ignacio Arce,ar ARG,GK,Deportivo Riestra,33-183,1992,27,27,2430,27.0,0,0,0,0,0,0,2,0,0.0,0.0,0.2,0.2,0,0,0,0.00,0.00,0.00,0.00,0.00,0.00,0.01,0.01,0.00,0.01,Matches,2,1,50.0,0.07,0.04,0.00,0.00,37.4,1,0.02,0.0,0.0,430,927,46.4,21171,19421,15,16,93.8,62,66,93.9,350,837,41.8,0.3,-0.2,4,67,2,0,531,392,0,1,0,0,0,0,0,0,4,1,22,0.81,9,13,0,0,0,4,0.15,1,3,0,0,0,1,1,1,0,0,0,0.0,1,0,0,1,19,1,994,722,1,5,100.0,0,0.0,480,0,3,0,166,90,100.0,90,27,0,,0,1.68,29,15,+14,+0.52,,24.8,27.8,-3.0,-0.11,,0,0,0,0,0,22,12,92.3
,Ignacio Campo,,,,,,,,,,,,,,,,,,,,,,,,,,,,,,,,,,,,,,,,,,,,,,,,,,,,,,,,,,,,,,,,,,,,,,,,,,,,,,,,,,,,,,,,,,,,,,,,,,,,,,,,,,,,,,,,,,,,,,,,,,0,0,,5,,,,,,,,,,,,,,,,,,,
,Ignacio Chicco,,,,,,,,,,,,,,,,,,,,,,,,,,,,,,,,,,,,,,,,,,,,,,,,,,,,,,,,,,,,,,,,,,,,,,,,,,,,,,,,,,,,,,,,,,,,,,,,,,,,,,,,,,,,,,,,,,,,,,,,,,0,0,,5,,,,,,,,,,,,,,,,,,,
316,Ignacio Fernández,ar ARG,MF,River Plate,35-269,1990,11,4,403,4.5,2,3,5,2,0,0,1,0,0.4,0.4,0.9,1.3,10,34,34,0.45,0.67,1.12,0.45,1.12,0.09,0.20,0.29,0.09,0.29,Matches,7,3,42.9,1.56,0.67,0.29,0.67,20.5,0,0.06,+1.6,+1.6,226,281,80.4,3982,1193,102,116,87.9,94,106,88.7,24,38,63.2,0.9,+2.1,9,31,7,1,265,16,1,3,18,4,7,3,3,0,0,13,15,3.35,12,2,0,1,0,5,1.12,4,1,0,0,0,16,9,7,7,2,10,52.6,9,8,5,21,5,0,352,5,12,8,44.4,10,55.6,201,1,13,1,257,37,16.6,61,1,7,23,13,1.77,15,4,+11,+2.46,+2.10,7.3,3.8,+3.5,+0.78,+0.40,0,7,0,0,0,29,2,25.0
356,Ignacio Galván,ar ARG,"DF,FW",Atlé Tucumán,23-032,2002,6,4,339,3.8,1,0,1,1,0,0,2,0,0.5,0.5,0.2,0.7,14,6,16,0.27,0.00,0.27,0.27,0.27,0.14,0.05,0.19,0.14,0.19,Matches,2,2,100.0,0.53,0.53,0.50,0.50,16.6,0,0.26,+0.5,+0.5,78,115,67.8,1232,485,42,55,76.4,29,35,82.9,4,17,23.5,0.1,-0.2,1,3,0,0,102,13,0,0,5,13,0,0,0,0,0,5,5,1.33,4,1,0,0,0,0,0.00,0,0,0,0,0,7,5,7,0,0,2,50.0,2,5,9,16,19,0,181,13,6,6,42.9,8,57.1,74,1,8,4,81,57,14.0,64,0,2,43,3,1.33,4,3,+1,+0.27,+0.39,3.7,3.9,-0.2,-0.06,+0.10,0,4,0,0,0,21,7,87.5
430,Ignacio Guerrico,ar ARG,DF,Aldosivi,27-091,1998,25,24,2065,22.9,0,1,1,0,0,0,5,0,0.2,0.2,1.1,1.3,22,110,57,0.00,0.04,0.04,0.00,0.04,0.01,0.05,0.06,0.01,0.06,Matches,11,1,9.1,0.48,0.04,0.00,0.00,28.9,1,0.02,-0.2,-0.2,771,1149,67.1,14521,8397,307,368,83.4,356,481,74.0,98,248,39.5,2.0,-0.1,26,98,16,9,897,243,1,2,79,195,14,1,12,1,9,24,48,2.09,27,18,1,1,0,2,0.09,1,1,0,0,0,75,54,36,31,8,40,61.5,25,18,35,110,125,0,1439,80,8,8,47.1,8,47.1,525,1,14,6,602,83,85.0,86,18,1,1,2,0.84,19,35,-16,-0.70,+0.54,20.2,28.1,-7.9,-0.34,+0.85,0,27,0,1,0,118,40,60.6
,Ignacio Gómez,,,,,,,,,,,,,,,,,,,,,,,,,,,,,,,,,,,,,,,,,,,,,,,,,,,,,,,,,,,,,,,,,,,,,,,,,,,,,,,,,,,,,,,,,,,,,,,,,,,,,,,,,,,,,,,,,,,,,,,,,,0,0,,2,,,,,,,,,,,,,,,,,,,
511,Ignacio Liberato,,FW,Newell's OB,,,1,0,24,0.3,0,0,0,0,0,0,0,0,0.0,0.0,0.0,0.0,0,0,2,0.00,0.00,0.00,0.00,0.00,0.00,0.00,0.00,0.00,0.00,Matches,0,0,,0.00,0.00,,,,0,,0.0,0.0,2,3,66.7,34,0,0,0,,2,3,66.7,0,0,,0.0,0.0,0,0,0,0,3,0,0,0,0,0,0,0,0,0,0,0,0,0.00,0,0,0,0,0,0,0.00,0,0,0,0,0,0,0,0,0,0,0,,0,0,1,1,0,0,5,0,0,0,0.0,1,100.0,4,0,0,1,4,24,1.0,,0,1,24,5,0.00,0,0,0,0.00,+0.41,0.0,0.7,-0.7,-2.57,-2.44,0,0,0,0,0,0,0,0.0
545,Ignacio Maestro Puch,ar ARG,"FW,MF",Independiente,22-056,2003,7,0,147,1.6,0,1,1,0,0,0,0,0,1.0,1.0,0.5,1.4,4,6,12,0.00,0.61,0.61,0.00,0.61,0.70,0.33,1.04,0.70,1.04,Matches,6,1,16.7,3.67,0.61,0.00,0.00,15.1,0,0.17,-1.0,-1.0,21,30,70.0,323,100,9,13,69.2,10,10,100.0,1,1,100.0,0.0,+0.5,1,3,1,0,29,0,0,1,1,0,0,0,0,0,1,3,6,4.32,3,0,0,1,0,3,2.16,3,0,0,0,0,3,3,0,2,1,2,100.0,0,1,0,3,1,0,55,1,8,2,40.0,3,60.0,37,1,9,6,46,21,6.3,,0,7,21,6,1.75,4,2,+2,+1.22,+1.02,2.8,2.9,-0.1,-0.09,-0.12,0,7,0,0,0,6,6,85.7
546,Ignacio Maestro Puch,ar ARG,FW,San Martín de San Juan,22-056,2003,10,10,792,8.8,1,0,1,1,0,0,0,0,1.2,1.2,0.1,1.3,7,12,39,0.11,0.00,0.11,0.11,0.11,0.14,0.01,0.15,0.14,0.15,Matches,6,1,16.7,3.67,0.61,0.00,0.00,15.1,0,0.17,-1.0,-1.0,21,30,70.0,323,100,9,13,69.2,10,10,100.0,1,1,100.0,0.0,+0.5,1,3,1,0,29,0,0,1,1,0,0,0,0,0,1,3,6,4.32,3,0,0,1,0,3,2.16,3,0,0,0,0,3,3,0,2,1,2,100.0,0,1,0,3,1,0,55,1,8,2,40.0,3,60.0,37,1,9,6,46,21,6.3,,0,7,21,6,1.75,4,2,+2,+1.22,+1.02,2.8,2.9,-0.1,-0.09,-0.12,0,7,0,0,0,6,6,85.7
626,Ignacio Miramon,ar ARG,"MF,FW",Boca Juniors,22-118,2003,3,1,102,1.1,0,0,0,0,0,0,1,0,0.2,0.2,0.0,0.2,1,7,0,0.00,0.00,0.00,0.00,0.00,0.17,0.00,0.17,0.17,0.17,Matches,3,0,0.0,2.65,0.00,0.00,,22.2,0,0.06,-0.2,-0.2,42,55,76.4,788,230,20,21,95.2,13,17,76.5,7,14,50.0,0.0,0.0,0,6,0,0,53,2,0,3,2,0,0,0,0,0,0,1,3,2.65,2,0,0,1,0,0,0.00,0,0,0,0,0,7,5,2,5,0,4,66.7,2,2,1,8,3,0,78,2,1,0,0.0,2,100.0,36,0,2,1,51,34,4.2,72,0,2,15,8,3.00,0,0,0,0.00,-0.89,0.9,1.1,-0.2,-0.22,-0.68,0,2,0,0,0,9,1,50.0
675,Ignacio Neira,uy URU,MF,Tigre,27-244,1998,1,0,8,0.1,0,0,0,0,0,0,0,0,0.0,0.0,0.0,0.0,1,4,0,0.00,0.00,0.00,0.00,0.00,0.00,0.00,0.00,0.00,0.00,Matches,0,0,,0.00,0.00,,,,0,,0.0,0.0,7,8,87.5,161,69,0,0,,7,8,87.5,0,0,,0.0,0.0,0,2,0,0,8,0,0,0,1,0,0,0,0,0,0,0,1,11.25,1,0,0,0,0,0,0.00,0,0,0,0,0,0,0,0,0,0,0,,0,0,0,0,0,0,8,0,0,0,,0,,7,0,0,0,8,8,0.3,,0,1,8,4,0.00,0,0,0,0.00,-0.30,0.1,0.0,+0.1,+0.91,+0.61,0,0,0,0,0,2,0,
709,Ignacio Ovando,ar ARG,DF,Rosario Central,18-101,2007,1,0,1,0.0,0,0,0,0,0,0,0,0,0.0,0.0,0.0,0.0,0,0,0,0.00,0.00,0.00,0.00,0.00,0.00,0.00,0.00,0.00,0.00,Matches,0,0,,0.00,0.00,,,,0,,0.0,0.0,1,2,50.0,33,32,0,0,,0,0,,1,1,100.0,0.0,0.0,0,0,0,0,1,0,0,0,0,0,0,0,0,0,1,0,0,0.00,0,0,0,0,0,0,0.00,0,0,0,0,0,0,0,0,0,0,0,,0,0,0,0,1,0,3,1,0,0,,0,,2,0,0,0,2,1,0.0,,0,1,1,9,3.00,0,0,0,0.00,-0.77,0.0,0.0,0.0,-2.47,-2.94,0,0,0,0,0,0,0,
757,Ignacio Perruzzi,ar ARG,MF,San Lorenzo,20-186,2005,12,12,1079,12.0,0,0,0,0,0,0,2,0,0.2,0.2,0.1,0.2,3,34,2,0.00,0.00,0.00,0.00,0.00,0.01,0.01,0.02,0.01,0.02,Matches,7,1,14.3,0.58,0.08,0.00,0.00,28.6,0,0.02,-0.2,-0.2,367,474,77.4,6613,1817,147,177,83.1,187,221,84.6,30,64,46.9,0.3,-0.1,3,35,2,0,449,24,1,2,0,4,0,0,0,0,1,6,13,1.08,10,0,0,1,2,0,0.00,0,0,0,0,0,34,25,10,22,2,17,70.8,7,6,13,47,26,0,598,23,1,3,50.0,3,50.0,271,1,15,7,285,90,44.4,90,11,0,,1,1.40,10,9,+1,+0.08,-0.18,11.7,7.6,+4.1,+0.34,+0.20,0,28,0,0,0,74,13,37.1
792,Ignacio Pussetto,ar ARG,FW,Independiente,29-291,1995,9,4,339,3.8,0,0,0,0,0,0,3,0,1.0,1.0,0.0,1.0,3,5,17,0.00,0.00,0.00,0.00,0.00,0.26,0.00,0.26,0.26,0.26,Matches,10,3,30.0,2.65,0.80,0.00,0.00,15.3,0,0.10,-1.0,-1.0,51,84,60.7,635,120,34,49,69.4,12,20,60.0,2,5,40.0,0.1,0.0,0,2,0,0,75,7,0,0,2,0,0,0,0,0,2,2,4,1.06,0,0,1,1,1,0,0.00,0,0,0,0,0,1,0,0,1,0,0,0.0,1,3,1,2,3,0,131,3,14,1,25.0,3,75.0,65,1,11,12,94,38,14.5,66,0,5,15,0,0.56,1,4,-3,-0.80,-1.25,3.0,3.3,-0.2,-0.06,-0.10,0,11,0,0,0,7,20,40.0
845,Ignacio Rodríguez,ar ARG,"DF,MF",Racing Club,23-228,2002,16,9,938,10.4,0,0,0,0,0,0,4,0,0.5,0.5,1.1,1.6,23,31,67,0.00,0.00,0.00,0.00,0.00,0.05,0.10,0.15,0.05,0.15,Matches,8,4,50.0,0.77,0.38,0.00,0.00,20.0,0,0.07,-0.5,-0.5,278,410,67.8,4534,1491,141,168,83.9,108,153,70.6,21,51,41.2,1.6,-1.1,8,9,9,1,312,96,0,0,51,69,17,6,10,0,2,15,26,2.49,13,8,2,1,0,3,0.29,1,1,1,0,0,12,8,8,1,3,6,33.3,12,9,6,18,29,0,529,22,23,7,46.7,8,53.3,223,7,20,10,262,59,38.6,85,7,7,24,8,1.47,9,10,-1,-0.10,-0.64,9.5,15.6,-6.1,-0.59,-0.91,0,6,0,0,0,57,23,48.9
879,Ignacio Russo,ar ARG,FW,Tigre,24-299,2000,27,26,2148,23.9,8,1,9,8,0,1,6,0,10.1,9.3,1.2,10.5,19,35,153,0.34,0.04,0.38,0.34,0.38,0.42,0.05,0.47,0.39,0.44,Matches,54,22,40.7,2.26,0.92,0.15,0.36,14.1,0,0.17,-2.1,-1.3,284,483,58.8,3683,711,178,251,70.9,79,135,58.5,8,24,33.3,1.2,-0.2,22,23,6,4,471,10,0,1,36,2,0,0,0,0,2,32,60,2.51,37,1,2,9,1,3,0.13,1,0,0,1,0,15,6,0,9,6,5,33.3,10,24,3,18,19,0,774,23,108,13,33.3,25,64.1,409,12,92,32,564,80,88.4,82,12,1,18,0,1.54,24,19,+5,+0.21,-0.75,28.2,20.8,+7.4,+0.31,+0.02,0,42,1,0,0,46,52,31.5
906,Ignacio Schor,ar ARG,"FW,MF",Platense,25-065,2000,24,4,697,7.7,1,1,2,1,0,0,3,0,2.8,2.8,0.9,3.7,27,13,69,0.13,0.13,0.26,0.13,0.26,0.34,0.11,0.45,0.34,0.45,Matches,12,7,58.3,1.55,0.90,0.08,0.14,14.5,0,0.19,-1.8,-1.8,166,227,73.1,2399,729,91,109,83.5,57,78,73.1,7,14,50.0,0.7,+0.1,14,12,3,2,212,14,0,1,20,7,1,0,0,0,1,9,36,4.37,23,0,5,3,2,4,0.49,1,0,0,0,1,18,11,4,10,4,9,69.2,4,10,2,20,9,0,349,7,34,20,51.3,18,46.2,213,12,33,16,222,29,29.8,77,1,20,19,2,1.43,8,15,-7,-0.90,-1.12,9.0,10.4,-1.3,-0.16,-0.16,0,9,0,0,0,41,11,44.0
956,Ignacio Tapia,ar ARG,"MF,FW",Barracas Central,21-037,2004,4,1,124,1.4,1,0,1,1,0,0,0,0,0.3,0.3,0.0,0.3,3,3,2,0.73,0.00,0.73,0.73,0.73,0.20,0.00,0.20,0.20,0.20,Matches,3,2,66.7,2.18,1.45,0.33,0.50,11.8,0,0.09,+0.7,+0.7,17,27,63.0,270,66,11,13,84.6,5,10,50.0,1,2,50.0,0.0,0.0,0,2,0,0,27,0,0,1,3,0,0,0,0,0,0,2,5,3.63,3,0,0,2,0,0,0.00,0,0,0,0,0,5,3,2,3,0,4,80.0,1,1,0,5,2,0,49,0,3,2,40.0,2,40.0,26,0,5,5,29,31,5.1,55,0,3,23,7,1.25,2,1,+1,+0.73,+0.61,1.5,0.8,+0.7,+0.48,+0.43,0,2,0,0,0,6,0,0.0
985,Ignacio Vázquez,ar ARG,DF,Platense,28-115,1997,24,24,2090,23.2,1,0,1,1,0,0,6,1,0.8,0.8,0.6,1.4,7,63,6,0.04,0.00,0.04,0.04,0.04,0.03,0.03,0.06,0.03,0.06,Matches,14,3,21.4,0.60,0.13,0.07,0.33,12.8,0,0.05,+0.2,+0.2,549,800,68.6,12269,5833,132,184,71.7,314,377,83.3,97,216,44.9,0.8,-0.6,5,49,5,0,724,76,0,4,7,9,0,0,0,0,0,8,30,1.29,18,4,0,1,2,2,0.09,1,1,0,0,0,51,35,36,15,0,33,67.3,16,17,34,85,135,0,1100,117,31,5,55.6,3,33.3,453,0,15,5,449,87,89.3,87,23,0,,0,1.54,21,20,+1,+0.04,+1.48,22.3,23.5,-1.3,-0.06,-0.01,1,16,0,1,1,104,79,64.2
663,Iker Muniain,es ESP,MF,San Lorenzo,32-293,1992,8,5,510,5.7,1,0,1,1,0,0,0,0,1.1,1.1,0.5,1.6,3,25,16,0.18,0.00,0.18,0.18,0.18,0.19,0.10,0.28,0.19,0.28,Matches,5,3,60.0,0.88,0.53,0.20,0.33,17.6,1,0.21,-0.1,-0.1,232,284,81.7,3604,947,129,140,92.1,68,86,79.1,24,40,60.0,1.1,-0.5,6,24,9,1,250,34,0,1,17,1,11,4,4,0,0,4,14,2.47,10,3,1,0,0,2,0.35,2,0,0,0,0,4,4,0,4,0,2,50.0,2,3,2,6,0,0,328,0,9,10,62.5,6,37.5,200,0,10,7,238,64,21.0,87,3,3,25,0,1.27,4,3,+1,+0.18,-0.01,3.7,4.7,-1.0,-0.18,-0.52,0,2,0,0,0,27,1,20.0
544,Imanol Machuca,my MAS,"FW,MF",Vélez Sarsfield,25-266,2000,15,9,818,9.1,1,1,2,1,0,0,2,0,1.7,1.7,1.2,2.9,50,33,75,0.11,0.11,0.22,0.11,0.22,0.19,0.14,0.32,0.19,0.32,Matches,12,2,16.7,1.32,0.22,0.08,0.50,17.3,1,0.14,-0.7,-0.7,229,332,69.0,3381,813,136,166,81.9,62,88,70.5,17,44,38.6,1.3,-0.2,14,20,11,4,301,30,1,1,43,1,19,11,6,0,1,11,31,3.41,24,5,1,1,0,4,0.44,3,0,1,0,0,11,8,4,6,1,4,40.0,6,7,5,16,2,0,458,3,35,15,33.3,30,66.7,269,14,37,16,312,55,33.7,69,0,6,32,4,1.13,10,8,+2,+0.22,+0.67,9.8,10.1,-0.2,-0.03,+0.09,0,10,0,1,0,37,7,38.9
45,Isaías Andrada,ar ARG,"DF,MF",Vélez Sarsfield,22-238,2003,5,2,241,2.7,0,2,2,0,0,0,0,0,0.0,0.0,0.4,0.4,2,13,11,0.00,0.75,0.75,0.00,0.75,0.00,0.16,0.16,0.00,0.16,Matches,0,0,,0.00,0.00,,,,0,,0.0,0.0,106,132,80.3,1774,662,49,56,87.5,48,53,90.6,5,9,55.6,0.3,+1.6,3,7,5,1,106,24,0,0,4,22,0,0,0,0,2,6,5,1.87,5,0,0,0,0,2,0.75,2,0,0,0,0,10,5,8,2,0,8,88.9,1,5,1,11,14,0,171,8,3,2,66.7,1,33.3,68,0,6,0,73,48,9.9,70,0,3,34,9,1.80,4,3,+1,+0.37,+0.66,2.3,3.0,-0.7,-0.25,-0.18,0,1,0,0,0,16,3,37.5
930,Ismael Sosa,ar ARG,"FW,MF",Arg Juniors,38-263,1987,19,3,520,5.8,0,1,1,0,0,0,2,0,0.9,0.9,1.1,2.0,8,20,61,0.00,0.17,0.17,0.00,0.17,0.16,0.19,0.35,0.16,0.35,Matches,13,5,38.5,2.25,0.87,0.00,0.00,20.7,1,0.07,-0.9,-0.9,140,197,71.1,2374,660,76,91,83.5,45,64,70.3,16,31,51.6,1.2,-0.1,15,10,8,2,179,17,0,2,29,0,9,7,2,0,1,6,23,3.97,16,5,1,1,0,1,0.17,1,0,0,0,0,10,4,1,6,3,4,40.0,6,3,3,13,1,0,264,0,21,2,22.2,6,66.7,131,3,9,5,171,27,21.4,62,0,16,21,8,1.95,3,5,-2,-0.35,-1.34,8.6,8.0,+0.6,+0.11,-0.37,0,10,0,0,0,25,2,12.5
556,Ivo Mammini,ar ARG,"FW,MF",Gimnasia–LP,22-176,2003,9,1,199,2.2,0,0,0,0,0,0,0,0,0.1,0.1,0.0,0.1,2,2,17,0.00,0.00,0.00,0.00,0.00,0.06,0.01,0.07,0.06,0.07,Matches,4,0,0.0,1.81,0.00,0.00,,21.5,0,0.03,-0.1,-0.1,35,48,72.9,458,55,20,22,90.9,8,12,66.7,2,3,66.7,0.0,0.0,1,2,1,0,43,5,0,1,4,1,0,0,0,0,0,3,4,1.81,1,0,1,1,0,0,0.00,0,0,0,0,0,3,2,2,0,1,1,50.0,1,2,0,3,2,0,79,3,7,1,20.0,4,80.0,41,0,10,4,50,22,8.2,73,0,8,16,8,0.89,2,5,-3,-1.36,-0.91,1.5,3.9,-2.4,-1.10,-0.80,0,4,0,0,0,5,2,14.3
,Ivo Visona,,,,,,,,,,,,,,,,,,,,,,,,,,,,,,,,,,,,,,,,,,,,,,,,,,,,,,,,,,,,,,,,,,,,,,,,,,,,,,,,,,,,,,,,,,,,,,,,,,,,,,,,,,,,,,,,,,,,,,,,,,0,0,,4,,,,,,,,,,,,,,,,,,,
,Iván Guaraz,,,,,,,,,,,,,,,,,,,,,,,,,,,,,,,,,,,,,,,,,,,,,,,,,,,,,,,,,,,,,,,,,,,,,,,,,,,,,,,,,,,,,,,,,,,,,,,,,,,,,,,,,,,,,,,,,,,,,,,,,,0,0,,27,,,,,,,,,,,,,,,,,,,
400,Iván Gómez,ar ARG,MF,Cen. Córdoba–SdE,28-222,1997,19,17,1376,15.3,2,3,5,2,0,0,2,0,0.6,0.6,1.2,1.8,10,87,28,0.13,0.20,0.33,0.13,0.33,0.04,0.08,0.11,0.04,0.11,Matches,13,7,53.8,0.85,0.46,0.15,0.29,23.9,0,0.04,+1.4,+1.4,620,736,84.2,10551,2905,284,316,89.9,264,296,89.2,56,86,65.1,0.9,+1.8,18,73,9,3,692,44,0,7,27,2,16,2,13,0,0,15,38,2.49,28,7,0,1,1,5,0.33,3,2,0,0,0,37,25,17,16,4,12,52.2,11,21,14,51,14,0,909,8,15,9,52.9,8,47.1,486,2,34,13,567,72,56.6,78,8,2,25,1,1.53,19,15,+4,+0.26,+0.43,16.3,15.5,+0.8,+0.05,-0.15,0,32,0,0,0,87,8,34.8
571,Iván Marcone,ar ARG,MF,Independiente,35-127,1990,21,19,1636,18.2,0,0,0,0,0,0,6,0,0.1,0.1,0.2,0.3,19,140,18,0.00,0.00,0.00,0.00,0.00,0.01,0.01,0.02,0.01,0.02,Matches,3,0,0.0,0.17,0.00,0.00,,24.0,0,0.03,-0.1,-0.1,966,1121,86.2,19147,6924,366,407,89.9,426,479,88.9,157,196,80.1,0.5,-0.2,6,116,7,1,1030,89,0,25,5,6,0,0,0,0,2,15,25,1.37,24,0,0,1,0,2,0.11,2,0,0,0,0,44,23,19,23,2,20,55.6,16,11,17,61,36,1,1275,44,6,12,66.7,4,22.2,740,0,23,4,814,78,69.9,84,14,2,23,4,1.46,22,16,+6,+0.33,+0.20,18.1,17.8,+0.3,+0.02,-0.03,0,15,0,0,0,122,13,43.3
645,Iván Morales Bravo,cl CHI,FW,Sarmiento,26-071,1999,24,17,1668,18.5,2,1,3,2,0,2,3,0,4.1,2.5,2.1,4.6,40,26,91,0.11,0.05,0.16,0.11,0.16,0.22,0.11,0.33,0.14,0.25,Matches,37,9,24.3,2.00,0.49,0.05,0.22,19.2,1,0.07,-2.1,-0.5,194,292,66.4,3032,505,105,140,75.0,63,83,75.9,15,29,51.7,0.8,-1.1,16,16,5,0,268,21,3,2,21,3,0,0,0,0,3,21,35,1.89,21,0,7,3,0,3,0.16,0,0,2,0,0,8,5,3,4,1,6,46.2,7,11,1,9,6,0,491,4,59,29,60.4,19,39.6,288,15,65,33,349,70,71.3,81,8,7,41,1,1.00,13,19,-6,-0.32,+0.35,18.3,23.8,-5.5,-0.29,+0.11,0,22,1,0,0,48,8,17.4
764,Iván Pillud,ar ARG,DF,Cen. Córdoba–SdE,39-167,1986,9,8,634,7.0,0,1,1,0,0,0,0,0,0.1,0.1,0.9,1.0,9,36,31,0.00,0.14,0.14,0.00,0.14,0.01,0.12,0.14,0.01,0.14,Matches,1,0,0.0,0.14,0.00,0.00,,13.3,0,0.10,-0.1,-0.1,320,414,77.3,5139,2103,168,184,91.3,123,149,82.6,21,56,37.5,0.5,+0.1,4,32,6,5,348,63,1,3,24,56,0,0,0,0,3,11,9,1.28,8,0,1,0,0,2,0.28,2,0,0,0,0,16,9,10,6,0,13,76.5,4,6,6,22,19,1,475,18,2,11,78.6,3,21.4,244,1,8,2,274,70,26.1,79,6,1,4,10,1.67,7,5,+2,+0.28,+0.28,7.3,7.5,-0.2,-0.03,-0.20,0,1,0,0,0,48,2,28.6
957,Iván Tapia,ar ARG,MF,Barracas Central,26-319,1998,25,25,1744,19.4,2,1,3,1,1,2,3,0,2.5,0.9,1.7,2.7,7,45,20,0.10,0.05,0.15,0.05,0.10,0.13,0.09,0.22,0.05,0.14,Matches,24,10,41.7,1.24,0.52,0.04,0.10,30.2,8,0.04,-0.5,+0.1,503,672,74.9,8776,3224,244,288,84.7,173,214,80.8,72,133,54.1,2.9,-0.7,28,49,6,3,536,133,0,3,82,3,45,13,21,0,3,11,51,2.63,18,25,0,4,0,4,0.21,1,1,0,1,0,13,5,3,9,1,9,36.0,16,11,11,24,10,0,794,13,8,5,45.5,5,45.5,324,0,27,10,416,70,71.8,70,3,0,,0,1.54,21,20,+1,+0.05,-0.34,15.5,17.7,-2.2,-0.11,-0.65,0,18,0,0,0,63,6,23.1
1006,Iván Villalba,py PAR,DF,Ind. Rivadavia,30-262,1995,25,25,2170,24.1,1,1,2,1,0,0,7,1,1.3,1.3,0.3,1.6,4,47,4,0.04,0.04,0.08,0.04,0.08,0.05,0.01,0.06,0.05,0.06,Matches,13,3,23.1,0.54,0.12,0.08,0.33,9.4,0,0.10,-0.3,-0.3,515,727,70.8,10884,4238,139,172,80.8,294,359,81.9,76,167,45.5,0.3,+0.7,3,35,1,0,663,56,0,14,1,31,0,0,0,0,8,9,10,0.41,8,0,0,0,0,3,0.12,2,0,0,0,0,27,15,18,9,0,15,53.6,13,8,23,50,134,0,993,126,19,2,66.7,1,33.3,392,0,17,2,460,87,89.3,87,24,0,,0,1.31,26,24,+2,+0.08,+0.43,24.0,32.0,-8.0,-0.33,-0.41,0,20,0,1,1,65,83,68.0
900,Jabes Saralegui,ar ARG,"MF,FW",Tigre,22-280,2003,25,23,1895,21.1,2,3,5,2,0,0,1,0,2.3,2.3,2.4,4.7,17,86,60,0.09,0.14,0.24,0.09,0.24,0.11,0.11,0.22,0.11,0.22,Matches,34,7,20.6,1.61,0.33,0.06,0.29,22.2,0,0.07,-0.3,-0.3,397,553,71.8,7516,2587,170,224,75.9,162,209,77.5,55,86,64.0,1.8,+0.6,23,57,20,6,541,9,3,9,26,0,2,0,1,0,3,15,60,2.85,41,1,5,6,3,8,0.38,5,0,1,1,0,32,22,7,17,8,13,48.1,14,17,16,48,24,0,779,12,36,20,43.5,23,50.0,380,5,38,14,467,76,78.0,80,6,2,29,0,1.54,23,14,+9,+0.43,+0.60,26.3,17.6,+8.6,+0.41,+0.47,0,10,1,0,0,103,8,34.8
740,Jaime Peralta,co COL,"FW,MF",San Lorenzo,20-250,2005,5,0,101,1.1,1,0,1,1,0,0,4,0,0.1,0.1,0.0,0.1,1,2,6,0.89,0.00,0.89,0.89,0.89,0.09,0.02,0.11,0.09,0.11,Matches,2,1,50.0,1.78,0.89,0.50,1.00,10.6,0,0.05,+0.9,+0.9,15,27,55.6,166,53,11,19,57.9,3,5,60.0,0,0,,0.0,0.0,1,2,0,0,26,1,0,0,2,0,0,0,0,0,0,1,1,0.89,1,0,0,0,0,0,0.00,0,0,0,0,0,2,1,0,0,2,0,0.0,1,1,0,2,1,0,41,1,3,1,33.3,2,66.7,19,0,6,4,31,20,4.2,,0,5,20,2,1.40,2,2,0,0.00,-0.19,1.1,1.3,-0.2,-0.17,-0.42,0,5,0,0,0,3,9,90.0
290,Jalil Elías,sy SYR,MF,Tigre,29-166,1996,3,2,195,2.2,0,0,0,0,0,0,0,0,0.0,0.0,0.0,0.0,1,5,1,0.00,0.00,0.00,0.00,0.00,0.01,0.01,0.01,0.01,0.01,Matches,1,0,0.0,0.46,0.00,0.00,,15.6,0,0.02,0.0,0.0,56,75,74.7,1100,342,28,32,87.5,18,27,66.7,10,15,66.7,0.0,0.0,1,5,0,0,68,7,0,0,0,0,0,0,0,0,0,1,3,1.39,3,0,0,0,0,0,0.00,0,0,0,0,0,2,2,0,1,1,1,33.3,2,1,6,8,7,0,100,8,1,2,100.0,0,0.0,50,0,3,0,55,65,8.0,89,1,1,18,3,2.33,2,1,+1,+0.46,+0.18,1.0,1.1,-0.1,-0.04,-0.38,0,3,0,0,0,5,3,42.9
166,Jaminton Campaz,co COL,"FW,MF",Rosario Central,25-137,2000,20,18,1514,16.8,4,1,5,4,0,0,5,0,2.6,2.6,2.9,5.6,63,79,165,0.24,0.06,0.30,0.24,0.30,0.16,0.17,0.33,0.16,0.33,Matches,39,15,38.5,2.32,0.89,0.10,0.27,21.2,0,0.07,+1.4,+1.4,435,630,69.0,7277,2217,218,273,79.9,166,224,74.1,39,67,58.2,2.0,-1.9,14,53,16,5,592,34,0,4,75,25,6,1,0,0,4,35,45,2.68,30,2,4,5,1,2,0.12,1,0,1,0,0,35,25,16,14,5,11,45.8,13,14,9,44,6,0,876,7,37,30,36.1,50,60.2,542,4,51,33,633,76,64.7,80,1,2,36,0,1.83,23,8,+15,+0.89,+0.35,21.7,11.7,+10.1,+0.60,+0.37,0,19,0,0,0,77,20,39.2
183,Jan Carlos Hurtado,ve VEN,"FW,MF",Gimnasia–LP,25-217,2000,11,6,587,6.5,0,0,0,0,0,0,2,0,1.9,1.9,0.1,2.1,4,10,30,0.00,0.00,0.00,0.00,0.00,0.30,0.02,0.31,0.30,0.31,Matches,19,4,21.1,2.91,0.61,0.00,0.00,15.2,2,0.10,-1.9,-1.9,72,101,71.3,1018,169,38,45,84.4,27,37,73.0,3,7,42.9,0.2,-0.1,4,7,1,0,93,7,0,1,1,1,0,0,0,0,1,2,15,2.30,9,0,0,2,0,0,0.00,0,0,0,0,0,6,1,0,4,2,0,0.0,4,3,1,7,6,0,200,8,28,8,42.1,11,57.9,109,3,27,15,142,53,24.2,72,2,5,32,1,1.09,4,7,-3,-0.46,+0.08,5.8,8.5,-2.7,-0.41,-0.06,0,13,0,0,0,17,23,36.5
427,Jano Gordon,ar ARG,DF,Vélez Sarsfield,21-114,2004,17,15,1249,13.9,0,0,0,0,0,0,5,1,0.3,0.3,1.4,1.7,19,50,37,0.00,0.00,0.00,0.00,0.00,0.02,0.10,0.12,0.02,0.12,Matches,8,1,12.5,0.58,0.07,0.00,0.00,13.1,0,0.04,-0.3,-0.3,558,753,74.1,9334,3544,269,319,84.3,245,312,78.5,41,86,47.7,1.1,-1.4,10,36,6,2,606,144,2,5,20,125,0,0,0,0,3,21,17,1.22,14,2,1,0,0,2,0.14,2,0,0,0,0,42,23,14,17,11,28,73.7,10,12,26,68,71,0,952,65,22,8,57.1,6,42.9,373,2,15,5,445,73,51.4,81,7,2,20,2,1.35,10,13,-3,-0.22,+0.01,10.6,12.5,-1.9,-0.14,-0.10,1,16,0,0,0,56,37,57.8
150,Javier Burrai,ec ECU,GK,Talleres,34-364,1990,2,1,135,1.5,0,0,0,0,0,0,0,0,0.0,0.0,0.2,0.2,0,0,0,0.00,0.00,0.00,0.00,0.00,0.00,0.16,0.16,0.00,0.16,Matches,0,0,,0.00,0.00,,,,0,,0.0,0.0,47,60,78.3,1344,1057,8,8,100.0,27,27,100.0,12,25,48.0,0.0,-0.2,1,1,0,0,39,21,0,0,0,0,0,0,0,0,0,0,2,1.33,1,1,0,0,0,0,0.00,0,0,0,0,0,0,0,0,0,0,0,,0,0,0,0,2,0,62,39,0,0,,0,,28,0,0,0,30,68,5.6,90,1,1,45,25,1.50,2,1,+1,+0.67,+1.02,2.6,1.5,+1.1,+0.74,+0.49,0,0,0,0,0,4,0,
,Javier Hernán García,,,,,,,,,,,,,,,,,,,,,,,,,,,,,,,,,,,,,,,,,,,,,,,,,,,,,,,,,,,,,,,,,,,,,,,,,,,,,,,,,,,,,,,,,,,,,,,,,,,,,,,,,,,,,,,,,,,,,,,,,,0,0,,3,,,,,,,,,,,,,,,,,,,
876,Javier Ruiz,ar ARG,"MF,FW",Barracas Central,21-014,2004,22,21,1651,18.3,3,6,9,3,0,0,1,0,1.7,1.7,3.3,5.0,54,55,130,0.16,0.33,0.49,0.16,0.49,0.09,0.18,0.27,0.09,0.27,Matches,32,11,34.4,1.74,0.60,0.09,0.27,25.8,0,0.05,+1.3,+1.3,352,461,76.4,5644,1468,177,214,82.7,131,167,78.4,30,46,65.2,2.7,+2.7,25,30,17,4,423,34,6,1,31,7,0,0,0,0,4,10,68,3.70,41,1,16,5,1,8,0.44,5,0,2,0,0,25,15,10,7,8,11,50.0,11,11,8,33,3,0,769,1,27,85,48.9,89,51.1,525,9,72,56,546,75,67.9,77,8,1,30,0,1.52,22,21,+1,+0.05,-0.29,17.2,16.4,+0.8,+0.04,-0.08,0,24,0,0,0,112,11,32.4
615,Jeremias Merlo,,"FW,MF",Gimnasia–LP,,,11,8,588,6.5,0,1,1,0,0,0,2,0,0.5,0.5,1.2,1.7,21,14,58,0.00,0.15,0.15,0.00,0.15,0.08,0.18,0.26,0.08,0.26,Matches,8,1,12.5,1.22,0.15,0.00,0.00,18.0,0,0.07,-0.5,-0.5,82,133,61.7,1106,256,51,68,75.0,23,38,60.5,4,9,44.4,0.3,-0.2,7,6,5,2,129,2,0,1,21,1,0,0,0,0,2,10,16,2.44,12,0,1,1,0,2,0.31,1,0,0,0,0,5,4,2,2,1,2,20.0,8,8,3,8,4,0,249,4,19,13,30.2,30,69.8,155,9,32,16,163,53,24.2,68,0,3,15,5,1.18,6,9,-3,-0.46,+0.08,5.9,8.1,-2.3,-0.35,+0.03,0,5,0,0,0,31,3,33.3
213,Jeremías Chavero,ar ARG,FW,Lanús,19-131,2006,1,0,2,0.0,0,0,0,0,0,0,0,0,0.0,0.0,0.0,0.0,0,0,0,0.00,0.00,0.00,0.00,0.00,0.00,0.00,0.00,0.00,0.00,Matches,0,0,,0.00,0.00,,,,0,,0.0,0.0,1,1,100.0,19,0,0,0,,1,1,100.0,0,0,,0.0,0.0,0,0,0,0,1,0,0,0,0,0,0,0,0,0,0,0,1,45.00,1,0,0,0,0,0,0.00,0,0,0,0,0,0,0,0,0,0,0,,0,0,0,0,1,0,2,1,0,0,,0,,1,0,0,1,2,2,0.1,,0,1,2,2,1.00,0,0,0,0.00,-0.15,0.0,0.1,-0.1,-2.31,-2.37,0,1,0,0,0,0,1,100.0
,Jeremías Florentín,,,,,,,,,,,,,,,,,,,,,,,,,,,,,,,,,,,,,,,,,,,,,,,,,,,,,,,,,,,,,,,,,,,,,,,,,,,,,,,,,,,,,,,,,,,,,,,,,,,,,,,,,,,,,,,,,,,,,,,,,,0,0,,1,,,,,,,,,,,,,,,,,,,
,Jeremías Gallard,,,,,,,,,,,,,,,,,,,,,,,,,,,,,,,,,,,,,,,,,,,,,,,,,,,,,,,,,,,,,,,,,,,,,,,,,,,,,,,,,,,,,,,,,,,,,,,,,,,,,,,,,,,,,,,,,,,,,,,,,,0,0,,1,,,,,,,,,,,,,,,,,,,
503,Jeremías Ledesma,ar ARG,GK,River Plate,32-237,1993,2,2,180,2.0,0,0,0,0,0,0,0,0,0.0,0.0,0.0,0.0,0,0,0,0.00,0.00,0.00,0.00,0.00,0.00,0.00,0.00,0.00,0.00,Matches,0,0,,0.00,0.00,,,,0,,0.0,0.0,40,50,80.0,1170,897,7,7,100.0,22,22,100.0,11,21,52.4,0.0,0.0,0,0,0,0,26,24,0,0,0,0,0,0,0,0,0,0,0,0.00,0,0,0,0,0,0,0.00,0,0,0,0,0,0,0,0,0,0,0,,0,0,0,0,1,1,57,52,0,0,,0,,23,0,0,0,14,90,7.4,90,2,0,,25,1.50,4,4,0,0.00,-0.76,3.4,3.3,+0.2,+0.09,-0.38,0,0,0,0,0,0,1,100.0
536,Jeremías Lucco,ar ARG,MF,Belgrano,19-302,2005,2,0,52,0.6,0,0,0,0,0,0,0,0,0.0,0.0,0.0,0.0,0,0,5,0.00,0.00,0.00,0.00,0.00,0.00,0.00,0.00,0.00,0.00,Matches,0,0,,0.00,0.00,,,,0,,0.0,0.0,9,15,60.0,122,51,6,9,66.7,1,1,100.0,1,1,100.0,0.0,0.0,0,0,0,0,15,0,0,0,0,0,0,0,0,0,0,3,2,3.46,0,0,0,2,0,0,0.00,0,0,0,0,0,0,0,0,0,0,0,0.0,2,1,0,0,3,0,28,2,1,1,16.7,5,83.3,22,0,3,0,18,26,2.1,,0,2,26,8,2.00,1,0,+1,+1.73,+2.07,0.9,0.5,+0.4,+0.68,+0.83,0,3,0,0,0,4,1,50.0
500,Jeremías Lázaro,ar ARG,"FW,MF",Instituto,21-102,2004,15,3,523,5.8,0,1,1,0,0,0,1,0,0.2,0.2,0.8,1.1,15,22,45,0.00,0.17,0.17,0.00,0.17,0.04,0.15,0.19,0.04,0.19,Matches,6,3,50.0,1.03,0.52,0.00,0.00,20.6,0,0.04,-0.2,-0.2,120,186,64.5,1634,595,76,96,79.2,36,51,70.6,4,15,26.7,0.7,+0.2,13,8,9,4,180,5,2,2,27,3,0,0,0,0,1,16,30,5.18,21,0,3,3,1,2,0.35,2,0,0,0,0,12,9,6,4,2,5,41.7,7,11,2,14,1,0,270,4,17,10,43.5,13,56.5,156,4,23,11,168,35,21.5,71,0,12,26,7,1.00,7,5,+2,+0.34,+0.91,6.4,5.6,+0.8,+0.14,+0.23,0,7,0,0,0,41,2,15.4
,Jeremías Ramponi,,,,,,,,,,,,,,,,,,,,,,,,,,,,,,,,,,,,,,,,,,,,,,,,,,,,,,,,,,,,,,,,,,,,,,,,,,,,,,,,,,,,,,,,,,,,,,,,,,,,,,,,,,,,,,,,,,,,,,,,,,0,0,,4,,,,,,,,,,,,,,,,,,,
982,Jeremías Vallejos,ar ARG,DF,Sarmiento,22-177,2003,9,6,500,5.6,0,0,0,0,0,0,4,0,0.0,0.0,0.0,0.0,6,14,5,0.00,0.00,0.00,0.00,0.00,0.00,0.00,0.00,0.00,0.00,Matches,1,0,0.0,0.18,0.00,0.00,,15.3,0,0.02,0.0,0.0,109,198,55.1,2294,1108,36,49,73.5,57,91,62.6,15,45,33.3,0.1,0.0,0,12,3,2,140,56,0,1,17,56,0,0,0,0,2,8,7,1.26,3,2,1,0,1,0,0.00,0,0,0,0,0,22,19,15,7,0,14,58.3,10,3,6,28,29,0,281,21,1,5,55.6,4,44.4,107,1,11,4,105,56,21.4,76,4,3,15,17,0.89,4,6,-2,-0.36,+0.08,4.3,7.0,-2.8,-0.49,-0.22,0,9,0,0,0,22,9,75.0
283,Jerónimo Domina,ar ARG,"FW,MF",Unión,19-356,2005,12,8,655,7.3,0,1,1,0,0,0,3,0,2.7,2.7,1.1,3.7,20,9,58,0.00,0.14,0.14,0.00,0.14,0.37,0.14,0.51,0.37,0.51,Matches,27,9,33.3,3.71,1.24,0.00,0.00,16.2,0,0.10,-2.7,-2.7,105,150,70.0,1442,217,70,86,81.4,26,37,70.3,5,12,41.7,0.6,-0.1,10,4,5,2,139,10,1,0,19,2,1,0,0,0,1,8,16,2.20,10,0,1,1,0,2,0.27,1,0,0,0,0,4,1,0,3,1,2,50.0,2,1,0,4,5,0,222,5,40,4,40.0,6,60.0,130,7,13,13,166,55,27.0,68,1,4,28,4,0.75,4,11,-7,-0.96,-1.27,11.1,7.3,+3.8,+0.52,+0.47,0,9,0,0,0,14,12,33.3
595,Jerónimo Mattar,ar ARG,MF,Newell's OB,17-062,2008,4,0,63,0.7,0,0,0,0,0,0,1,0,0.0,0.0,0.0,0.0,1,1,3,0.00,0.00,0.00,0.00,0.00,0.00,0.00,0.00,0.00,0.00,Matches,0,0,,0.00,0.00,,,,0,,0.0,0.0,14,20,70.0,172,36,8,10,80.0,5,6,83.3,0,2,0.0,0.0,0.0,0,0,0,0,20,0,0,0,2,0,0,0,0,0,0,1,0,0.00,0,0,0,0,0,0,0.00,0,0,0,0,0,0,0,0,0,0,0,0.0,1,1,1,1,1,0,32,1,0,3,42.9,4,57.1,16,0,3,1,19,16,2.6,,0,4,16,5,1.75,1,1,0,0.00,+0.42,1.1,1.0,+0.1,+0.21,+0.38,0,4,0,0,0,6,2,50.0
880,Jerónimo Russo,ar ARG,MF,Newell's OB,20-131,2005,1,0,17,0.2,0,0,0,0,0,0,0,0,0.0,0.0,0.0,0.0,2,0,2,0.00,0.00,0.00,0.00,0.00,0.00,0.00,0.00,0.00,0.00,Matches,0,0,,0.00,0.00,,,,0,,0.0,0.0,5,7,71.4,105,29,1,1,100.0,3,4,75.0,1,2,50.0,0.0,0.0,0,0,1,1,7,0,0,0,3,0,0,0,0,0,0,0,0,0.00,0,0,0,0,0,0,0.00,0,0,0,0,0,0,0,0,0,0,0,,0,0,0,0,1,0,9,0,0,0,0.0,1,100.0,7,0,1,0,7,17,0.7,,0,1,17,1,1.00,1,1,0,0.00,+0.41,0.6,0.2,+0.4,+2.00,+2.17,0,0,0,0,0,1,0,0.0
659,Jherson Mosquera,co COL,DF,Newell's OB,26-020,1999,7,6,491,5.5,1,0,1,1,0,0,1,0,0.0,0.0,0.2,0.2,6,12,19,0.18,0.00,0.18,0.18,0.18,0.00,0.04,0.04,0.00,0.04,Matches,1,1,100.0,0.18,0.18,1.00,1.00,15.4,0,0.01,+1.0,+1.0,138,180,76.7,2355,901,73,78,93.6,54,74,73.0,11,22,50.0,0.1,-0.2,3,6,0,0,138,41,0,0,9,39,0,0,0,0,1,2,6,1.10,2,3,0,1,0,0,0.00,0,0,0,0,0,11,8,7,1,3,8,61.5,5,1,7,18,24,0,249,24,7,2,28.6,5,71.4,88,0,8,3,105,70,20.2,82,4,1,1,4,0.86,3,12,-9,-1.65,-1.56,4.1,6.4,-2.3,-0.43,-0.34,0,7,0,0,0,29,10,55.6
,Jhoan Merino,,,,,,,,,,,,,,,,,,,,,,,,,,,,,,,,,,,,,,,,,,,,,,,,,,,,,,,,,,,,,,,,,,,,,,,,,,,,,,,,,,,,,,,,,,,,,,,,,,,,,,,,,,,,,,,,,,,,,,,,,,0,0,,2,,,,,,,,,,,,,,,,,,,
864,Jhohan Romaña,co COL,DF,San Lorenzo,27-025,1998,26,26,2293,25.5,0,1,1,0,0,0,10,0,0.7,0.7,1.3,2.0,19,72,4,0.00,0.04,0.04,0.00,0.04,0.03,0.05,0.08,0.03,0.08,Matches,6,2,33.3,0.24,0.08,0.00,0.00,14.2,0,0.12,-0.7,-0.7,759,917,82.8,15658,5626,187,224,83.5,489,538,90.9,81,132,61.4,0.3,-0.3,6,59,2,0,879,37,0,3,1,4,0,0,0,0,1,14,22,0.86,18,0,1,0,0,2,0.08,0,0,0,0,0,48,30,36,11,1,27,87.1,4,10,29,77,173,2,1231,155,17,3,50.0,3,50.0,601,0,12,11,629,88,94.4,88,23,0,,0,1.52,21,18,+3,+0.12,-1.20,25.8,19.8,+6.0,+0.23,+0.10,0,21,0,0,0,95,77,66.4
230,Jhon Córdoba,co COL,"FW,MF",Instituto,25-085,2000,5,0,157,1.7,0,0,0,0,0,0,1,0,0.4,0.4,0.2,0.6,3,1,12,0.00,0.00,0.00,0.00,0.00,0.23,0.11,0.34,0.23,0.34,Matches,4,3,75.0,2.29,1.72,0.00,0.00,17.5,0,0.10,-0.4,-0.4,18,27,66.7,279,52,12,18,66.7,4,6,66.7,1,2,50.0,0.3,-0.2,3,1,1,1,27,0,1,0,4,0,0,0,0,0,0,0,3,1.72,3,0,0,0,0,0,0.00,0,0,0,0,0,4,3,3,0,1,2,100.0,0,1,3,7,2,0,54,2,9,1,25.0,3,75.0,31,1,7,2,26,31,6.5,,0,5,31,4,1.40,1,1,0,0.00,+0.40,2.4,1.6,+0.8,+0.46,+0.53,0,3,0,0,0,8,0,0.0
819,Jhon Rentería,co COL,MF,Sarmiento,19-349,2005,2,0,46,0.5,0,0,0,0,0,0,0,0,0.1,0.1,0.3,0.4,2,2,3,0.00,0.00,0.00,0.00,0.00,0.16,0.59,0.75,0.16,0.75,Matches,1,0,0.0,1.96,0.00,0.00,,13.8,0,0.08,-0.1,-0.1,7,17,41.2,112,40,5,7,71.4,1,6,16.7,1,4,25.0,0.0,-0.3,2,2,0,0,15,2,0,0,5,0,2,0,2,0,0,1,4,7.83,2,0,0,1,0,0,0.00,0,0,0,0,0,1,1,0,1,0,1,25.0,3,1,0,1,0,0,31,1,2,1,25.0,3,75.0,15,0,2,0,18,23,2.0,,0,2,23,1,0.50,0,1,-1,-1.96,-1.56,0.5,0.7,-0.1,-0.26,+0.07,0,0,0,0,0,4,3,100.0
167,Jhonatan Candia,uy URU,"FW,MF",Barracas Central,30-207,1995,21,16,1320,14.7,8,1,9,8,0,0,6,0,5.2,5.2,2.1,7.4,12,32,69,0.55,0.07,0.61,0.55,0.61,0.36,0.15,0.50,0.36,0.50,Matches,34,14,41.2,2.32,0.95,0.24,0.57,17.1,1,0.15,+2.8,+2.8,237,356,66.6,3678,705,123,183,67.2,79,110,71.8,20,25,80.0,1.6,-1.1,11,22,7,3,350,5,1,4,8,1,0,0,0,0,1,11,26,1.77,19,0,2,2,0,2,0.14,1,0,0,0,0,14,8,0,7,7,6,35.3,11,6,3,17,7,0,537,9,58,15,48.4,16,51.6,291,5,51,20,408,63,54.3,74,4,5,27,5,1.45,14,13,+1,+0.07,-0.18,13.3,13.1,+0.2,+0.02,-0.12,0,29,0,0,0,30,67,35.1
,Joaquin Medina,,,,,,,,,,,,,,,,,,,,,,,,,,,,,,,,,,,,,,,,,,,,,,,,,,,,,,,,,,,,,,,,,,,,,,,,,,,,,,,,,,,,,,,,,,,,,,,,,,,,,,,,,,,,,,,,,,,,,,,,,,0,0,,2,,,,,,,,,,,,,,,,,,,
57,Joaquín Ardaiz,uy URU,"FW,MF",Arg Juniors,26-270,1999,1,0,5,0.1,0,0,0,0,0,0,0,0,0.0,0.0,0.0,0.0,0,1,0,0.00,0.00,0.00,0.00,0.00,0.00,0.00,0.00,0.00,0.00,Matches,0,0,,0.00,0.00,,,,0,,0.0,0.0,1,2,50.0,22,20,0,1,0.0,1,1,100.0,0,0,,0.0,0.0,0,0,0,0,2,0,0,0,1,0,0,0,0,0,0,0,0,0.00,0,0,0,0,0,0,0.00,0,0,0,0,0,1,0,0,0,1,1,100.0,0,0,0,1,0,0,3,0,0,0,,0,,1,0,0,0,1,5,0.2,,0,1,5,5,1.67,0,0,0,0.00,-0.71,0.3,0.2,+0.1,+2.10,+1.70,0,0,0,0,0,1,0,
58,Joaquín Ardaiz,uy URU,FW,Sarmiento,26-270,1999,7,6,454,5.0,3,1,4,3,0,0,1,0,2.3,2.3,0.4,2.7,4,10,13,0.59,0.20,0.79,0.59,0.79,0.46,0.07,0.53,0.46,0.53,Matches,0,0,,0.00,0.00,,,,0,,0.0,0.0,1,2,50.0,22,20,0,1,0.0,1,1,100.0,0,0,,0.0,0.0,0,0,0,0,2,0,0,0,1,0,0,0,0,0,0,0,0,0.00,0,0,0,0,0,0,0.00,0,0,0,0,0,1,0,0,0,1,1,100.0,0,0,0,1,0,0,3,0,0,0,,0,,1,0,0,0,1,5,0.2,,0,1,5,5,1.67,0,0,0,0.00,-0.71,0.3,0.2,+0.1,+2.10,+1.70,0,0,0,0,0,1,0,
,Joaquín Blázquez,,,,,,,,,,,,,,,,,,,,,,,,,,,,,,,,,,,,,,,,,,,,,,,,,,,,,,,,,,,,,,,,,,,,,,,,,,,,,,,,,,,,,,,,,,,,,,,,,,,,,,,,,,,,,,,,,,,,,,,,,,0,0,,26,,,,,,,,,,,,,,,,,,,
149,Joaquín Burgos,ar ARG,"FW,MF",Estudiantes–LP,20-298,2004,10,6,475,5.3,2,1,3,2,0,0,1,0,0.7,0.7,1.1,1.8,17,18,52,0.38,0.19,0.57,0.38,0.57,0.13,0.21,0.33,0.13,0.33,Matches,8,4,50.0,1.52,0.76,0.25,0.50,18.6,1,0.08,+1.3,+1.3,136,216,63.0,2265,796,75,98,76.5,43,69,62.3,15,36,41.7,0.8,-0.1,14,17,11,5,190,25,1,0,45,3,15,5,9,0,1,10,19,3.59,11,4,3,1,0,1,0.19,0,1,0,0,0,9,6,5,4,0,4,50.0,4,8,2,11,4,0,282,6,9,9,47.4,10,52.6,151,1,17,9,186,48,19.5,62,1,4,26,0,1.36,10,6,+4,+0.76,+0.99,6.4,4.3,+2.1,+0.39,+0.33,0,3,0,0,0,28,2,22.2
364,Joaquín García,ar ARG,DF,Vélez Sarsfield,24-049,2001,1,1,33,0.4,0,0,0,0,0,0,0,0,0.0,0.0,0.1,0.1,2,3,7,0.00,0.00,0.00,0.00,0.00,0.00,0.17,0.17,0.00,0.17,Matches,0,0,,0.00,0.00,,,,0,,0.0,0.0,17,22,77.3,329,121,4,5,80.0,12,13,92.3,1,3,33.3,0.1,-0.1,1,1,2,2,18,4,0,0,6,4,0,0,0,0,0,1,1,2.73,1,0,0,0,0,0,0.00,0,0,0,0,0,0,0,0,0,0,0,,0,0,0,0,0,0,23,0,0,0,0.0,1,100.0,14,0,0,2,15,33,1.4,33,0,0,,0,0.00,0,2,-2,-5.45,-5.30,0.1,0.6,-0.5,-1.28,-1.21,0,0,0,0,0,1,0,0.0
370,Joaquín Gho,ar ARG,"MF,DF",Arg Juniors,22-147,2003,6,1,112,1.2,0,0,0,0,0,0,0,0,0.0,0.0,0.1,0.1,6,2,8,0.00,0.00,0.00,0.00,0.00,0.00,0.10,0.10,0.00,0.10,Matches,0,0,,0.00,0.00,,,,0,,0.0,0.0,32,59,54.2,584,213,13,21,61.9,15,22,68.2,4,6,66.7,0.4,-0.1,1,2,2,2,55,4,0,1,8,3,0,0,0,0,0,7,3,2.41,1,0,1,1,0,0,0.00,0,0,0,0,0,2,1,0,2,0,0,0.0,1,3,1,3,1,0,73,0,3,1,25.0,3,75.0,36,2,1,1,43,19,4.6,45,0,5,13,5,1.00,0,2,-2,-1.61,-2.42,1.6,2.8,-1.2,-0.96,-1.43,0,4,0,0,0,9,1,50.0
371,Joaquín Gho,ar ARG,"MF,FW",Sarmiento,22-147,2003,16,13,1096,12.2,0,1,1,0,0,0,3,0,1.1,1.1,0.9,2.1,30,34,72,0.00,0.08,0.08,0.00,0.08,0.09,0.08,0.17,0.09,0.17,Matches,0,0,,0.00,0.00,,,,0,,0.0,0.0,32,59,54.2,584,213,13,21,61.9,15,22,68.2,4,6,66.7,0.4,-0.1,1,2,2,2,55,4,0,1,8,3,0,0,0,0,0,7,3,2.41,1,0,1,1,0,0,0.00,0,0,0,0,0,2,1,0,2,0,0,0.0,1,3,1,3,1,0,73,0,3,1,25.0,3,75.0,36,2,1,1,43,19,4.6,45,0,5,13,5,1.00,0,2,-2,-1.61,-2.42,1.6,2.8,-1.2,-0.96,-1.43,0,4,0,0,0,9,1,50.0
499,Joaquín Laso,ar ARG,DF,Tigre,35-096,1990,24,24,2145,23.8,0,1,1,0,0,0,8,2,0.5,0.5,1.1,1.5,12,81,8,0.00,0.04,0.04,0.00,0.04,0.02,0.04,0.06,0.02,0.06,Matches,12,3,25.0,0.50,0.13,0.00,0.00,14.8,0,0.04,-0.5,-0.5,737,1001,73.6,17515,7660,193,232,83.2,365,416,87.7,177,329,53.8,0.9,-0.1,6,83,3,2,914,84,0,22,13,14,0,0,0,0,3,6,22,0.92,18,1,1,0,1,1,0.04,1,0,0,0,0,32,20,25,6,1,16,64.0,9,11,22,54,181,1,1297,172,24,2,100.0,0,0.0,530,0,12,4,644,89,88.3,89,22,0,,0,1.48,24,17,+7,+0.29,-0.02,27.3,20.7,+6.7,+0.28,-0.22,2,14,0,0,0,97,58,62.4
658,Joaquín Mosqueira,ar ARG,MF,Talleres,20-341,2004,16,6,594,6.6,0,0,0,0,0,0,1,0,0.2,0.2,0.1,0.3,2,36,4,0.00,0.00,0.00,0.00,0.00,0.03,0.01,0.04,0.03,0.04,Matches,10,2,20.0,1.52,0.30,0.00,0.00,30.0,0,0.02,-0.2,-0.2,250,316,79.1,4660,1517,107,128,83.6,113,135,83.7,27,45,60.0,0.2,-0.1,2,32,4,2,306,9,1,4,5,0,0,0,0,0,1,2,11,1.67,10,0,0,0,1,0,0.00,0,0,0,0,0,16,11,5,11,0,7,58.3,5,5,10,26,23,0,394,11,1,3,60.0,2,40.0,168,0,11,1,228,37,24.4,67,2,10,19,11,1.06,3,5,-2,-0.30,-0.01,6.8,5.6,+1.3,+0.19,-0.11,0,5,0,0,0,30,16,61.5
,Joaquín Papaleo,,,,,,,,,,,,,,,,,,,,,,,,,,,,,,,,,,,,,,,,,,,,,,,,,,,,,,,,,,,,,,,,,,,,,,,,,,,,,,,,,,,,,,,,,,,,,,,,,,,,,,,,,,,,,,,,,,,,,,,,,,0,0,,24,,,,,,,,,,,,,,,,,,,
,Joaquín Pereyra,,,,,,,,,,,,,,,,,,,,,,,,,,,,,,,,,,,,,,,,,,,,,,,,,,,,,,,,,,,,,,,,,,,,,,,,,,,,,,,,,,,,,,,,,,,,,,,,,,,,,,,,,,,,,,,,,,,,,,,,,,0,0,,1,,,,,,,,,,,,,,,,,,,
773,Joaquín Plaza,ar ARG,"FW,MF",Newell's OB,21-077,2004,2,1,73,0.8,0,0,0,0,0,0,0,0,0.1,0.1,0.0,0.1,1,1,2,0.00,0.00,0.00,0.00,0.00,0.11,0.00,0.11,0.11,0.11,Matches,2,0,0.0,2.47,0.00,0.00,,13.1,0,0.04,-0.1,-0.1,4,10,40.0,97,15,1,2,50.0,1,4,25.0,2,3,66.7,0.0,0.0,0,0,1,1,9,1,0,0,1,0,0,0,0,0,0,1,1,1.23,1,0,0,0,0,0,0.00,0,0,0,0,0,0,0,0,0,0,0,,0,0,0,0,0,0,15,0,2,0,0.0,1,100.0,12,1,1,1,14,37,3.0,45,0,1,28,4,0.00,0,1,-1,-1.23,-0.85,0.7,1.5,-0.8,-1.01,-0.87,0,2,0,0,0,2,2,50.0
775,Joaquín Pombo,ar ARG,DF,Banfield,24-204,2001,13,13,1140,12.7,0,0,0,0,0,0,4,1,0.0,0.0,0.0,0.0,11,27,1,0.00,0.00,0.00,0.00,0.00,0.00,0.00,0.00,0.00,0.00,Matches,0,0,,0.00,0.00,,,,0,,0.0,0.0,255,328,77.7,4835,2207,94,106,88.7,134,156,85.9,23,53,43.4,0.2,0.0,0,20,0,0,316,11,0,3,0,1,0,0,0,0,1,5,1,0.08,1,0,0,0,0,0,0.00,0,0,0,0,0,15,10,12,3,0,9,90.0,1,4,11,26,90,0,468,65,5,4,66.7,2,33.3,189,1,6,2,225,88,46.9,88,11,0,,0,1.00,11,13,-2,-0.16,+0.40,11.2,14.9,-3.7,-0.29,+0.01,1,12,0,0,0,35,26,63.4
877,Joaquín Ruíz,ar ARG,"MF,FW",Boca Juniors,19-079,2006,1,0,26,0.3,0,0,0,0,0,0,0,0,0.1,0.1,0.0,0.1,1,1,3,0.00,0.00,0.00,0.00,0.00,0.44,0.00,0.44,0.44,0.44,Matches,1,1,100.0,3.46,3.46,0.00,0.00,15.6,0,0.13,-0.1,-0.1,6,11,54.5,93,12,3,5,60.0,3,4,75.0,0,0,,0.0,0.0,0,2,0,0,11,0,0,0,0,0,0,0,0,0,0,0,1,3.46,0,0,1,0,0,0,0.00,0,0,0,0,0,1,1,1,0,0,1,100.0,0,1,1,2,1,0,20,0,1,2,66.7,1,33.3,9,1,3,0,14,26,1.1,,0,1,26,4,3.00,1,0,+1,+3.46,+2.64,0.9,0.3,+0.6,+2.11,+1.70,0,1,0,0,0,4,2,100.0
,Joaquín Salas,,,,,,,,,,,,,,,,,,,,,,,,,,,,,,,,,,,,,,,,,,,,,,,,,,,,,,,,,,,,,,,,,,,,,,,,,,,,,,,,,,,,,,,,,,,,,,,,,,,,,,,,,,,,,,,,,,,,,,,,,,0,0,,1,,,,,,,,,,,,,,,,,,,
393,Joel Godoy,ar ARG,DF,Sarmiento,20-230,2005,16,15,1333,14.8,1,0,1,1,0,0,3,0,0.5,0.5,0.2,0.7,22,34,26,0.07,0.00,0.07,0.07,0.07,0.03,0.01,0.04,0.03,0.04,Matches,9,3,33.3,0.61,0.20,0.11,0.33,18.6,0,0.05,+0.5,+0.5,268,484,55.4,4955,2615,108,141,76.6,131,217,60.4,27,93,29.0,0.3,-0.2,5,22,4,1,319,163,0,0,25,161,0,0,0,0,2,26,26,1.76,10,4,5,3,1,0,0.00,0,0,0,0,0,34,19,18,15,1,18,56.3,14,9,15,49,56,0,675,46,21,22,61.1,13,36.1,212,7,19,11,226,83,57.0,86,11,1,45,1,1.18,9,12,-3,-0.20,+0.51,11.1,16.9,-5.8,-0.39,-0.15,0,18,0,0,0,58,19,50.0
602,Joel Medina,ar ARG,MF,Independiente,18-093,2007,1,1,90,1.0,0,0,0,0,0,0,1,0,0.1,0.1,0.0,0.1,3,4,1,0.00,0.00,0.00,0.00,0.00,0.05,0.03,0.08,0.05,0.08,Matches,2,1,50.0,2.00,1.00,0.00,0.00,22.3,0,0.03,-0.1,-0.1,26,29,89.7,532,124,9,10,90.0,12,14,85.7,5,5,100.0,0.2,0.0,1,2,1,1,27,2,0,0,3,1,0,0,0,0,0,0,2,2.00,2,0,0,0,0,0,0.00,0,0,0,0,0,3,2,0,3,0,1,50.0,1,1,1,4,1,0,37,1,1,0,,0,,26,0,0,4,24,90,3.8,90,1,0,,5,0.00,0,1,-1,-1.00,-1.32,0.3,1.9,-1.6,-1.63,-1.73,0,1,0,0,0,3,0,0.0
398,Jonatan Goitía,ar ARG,MF,Deportivo Riestra,31-067,1994,25,17,1744,19.4,2,2,4,2,0,0,3,0,0.8,0.8,0.9,1.7,5,46,14,0.10,0.10,0.21,0.10,0.21,0.04,0.04,0.09,0.04,0.09,Matches,15,4,26.7,0.77,0.21,0.13,0.50,25.8,0,0.06,+1.2,+1.2,220,400,55.0,3736,1755,112,160,70.0,81,138,58.7,20,76,26.3,0.8,+1.1,8,36,9,2,381,14,0,6,15,7,2,1,1,0,5,11,16,0.83,13,1,0,0,1,2,0.10,1,0,0,0,1,43,24,19,19,5,26,57.8,19,18,25,68,61,0,616,49,6,1,16.7,5,83.3,140,3,19,11,153,70,71.8,87,12,8,34,0,1.65,21,12,+9,+0.46,-0.19,19.1,19.3,-0.2,-0.01,+0.36,0,31,0,1,0,69,19,51.4
100,Jonathan Bay,ar ARG,DF,Platense,32-249,1993,6,6,481,5.3,0,0,0,0,0,0,1,0,0.1,0.1,0.3,0.4,5,8,5,0.00,0.00,0.00,0.00,0.00,0.01,0.07,0.08,0.01,0.08,Matches,3,0,0.0,0.56,0.00,0.00,,25.7,0,0.02,-0.1,-0.1,102,177,57.6,2024,1064,37,51,72.5,48,76,63.2,15,43,34.9,0.3,-0.3,5,9,4,4,134,43,0,1,11,35,3,0,3,0,0,3,7,1.31,4,2,1,0,0,0,0.00,0,0,0,0,0,11,7,6,3,2,5,41.7,7,4,5,16,31,0,249,15,3,5,83.3,1,16.7,80,0,6,4,74,80,20.6,80,5,0,,0,1.33,4,4,0,0.00,+0.15,3.4,6.2,-2.8,-0.53,-0.60,0,2,0,0,0,25,13,61.9
252,Jonathan David Gómez,ar ARG,MF,Rosario Central,35-291,1989,3,1,68,0.8,0,0,0,0,0,0,1,0,0.0,0.0,0.0,0.0,1,6,2,0.00,0.00,0.00,0.00,0.00,0.00,0.05,0.05,0.00,0.05,Matches,0,0,,0.00,0.00,,,,0,,0.0,0.0,36,42,85.7,609,156,19,21,90.5,14,16,87.5,3,4,75.0,0.0,0.0,2,5,0,0,40,2,1,0,0,0,0,0,0,0,0,1,2,2.61,2,0,0,0,0,0,0.00,0,0,0,0,0,0,0,0,0,0,0,0.0,2,1,0,0,2,0,49,0,0,1,100.0,0,0.0,19,0,3,0,34,23,2.9,45,0,2,12,10,1.33,0,0,0,0.00,-0.79,0.6,0.6,0.0,+0.04,-0.44,0,2,0,0,0,5,0,0.0
253,Jonathan David Gómez,ar ARG,MF,Sarmiento,35-291,1989,8,5,382,4.2,0,0,0,0,0,0,5,0,0.4,0.4,0.3,0.7,7,25,10,0.00,0.00,0.00,0.00,0.00,0.10,0.07,0.17,0.10,0.17,Matches,0,0,,0.00,0.00,,,,0,,0.0,0.0,36,42,85.7,609,156,19,21,90.5,14,16,87.5,3,4,75.0,0.0,0.0,2,5,0,0,40,2,1,0,0,0,0,0,0,0,0,1,2,2.61,2,0,0,0,0,0,0.00,0,0,0,0,0,0,0,0,0,0,0,0.0,2,1,0,0,2,0,49,0,0,1,100.0,0,0.0,19,0,3,0,34,23,2.9,45,0,2,12,10,1.33,0,0,0,0.00,-0.79,0.6,0.6,0.0,+0.04,-0.44,0,2,0,0,0,5,0,0.0
255,Jonathan De Irastorza,ar ARG,DF,Independiente,20-064,2005,2,2,176,2.0,0,0,0,0,0,0,1,0,0.0,0.0,0.1,0.1,0,8,7,0.00,0.00,0.00,0.00,0.00,0.01,0.03,0.04,0.01,0.04,Matches,1,0,0.0,0.51,0.00,0.00,,30.6,0,0.01,0.0,0.0,61,94,64.9,1100,503,26,30,86.7,25,42,59.5,7,16,43.8,0.1,-0.1,1,4,2,1,67,27,0,2,4,26,0,0,0,0,0,3,2,1.02,2,0,0,0,0,0,0.00,0,0,0,0,0,4,1,2,2,0,1,50.0,1,3,2,6,8,0,118,3,0,1,100.0,0,0.0,36,0,3,1,47,88,7.5,88,1,0,,6,0.00,2,4,-2,-1.02,-1.40,2.0,3.5,-1.4,-0.73,-0.82,0,3,0,1,0,7,0,0.0
265,Jonathan Dellarossa,ar ARG,FW,Instituto,25-263,2000,8,1,169,1.9,0,1,1,0,0,0,0,0,0.5,0.5,0.4,0.9,2,0,11,0.00,0.53,0.53,0.00,0.53,0.25,0.21,0.46,0.25,0.46,Matches,5,2,40.0,2.66,1.07,0.00,0.00,16.3,0,0.09,-0.5,-0.5,25,41,61.0,379,52,12,16,75.0,9,15,60.0,2,2,100.0,0.5,+0.6,3,0,0,0,37,3,0,0,2,0,0,0,0,0,1,1,6,3.20,4,0,0,1,0,4,2.13,3,0,0,1,0,1,0,0,0,1,0,0.0,2,1,0,1,1,0,60,1,11,1,50.0,1,50.0,41,1,7,4,48,21,7.0,64,0,7,15,3,1.33,5,1,+4,+2.13,+2.69,2.7,2.7,0.0,+0.02,+0.07,0,3,0,0,0,4,5,23.8
357,Jonathan Galván,ar ARG,"DF,MF",Cen. Córdoba–SdE,33-105,1992,22,22,1846,20.5,0,2,2,0,0,0,6,2,0.4,0.4,1.1,1.5,12,70,10,0.00,0.10,0.10,0.00,0.10,0.02,0.05,0.07,0.02,0.07,Matches,9,0,0.0,0.44,0.00,0.00,,16.1,1,0.04,-0.4,-0.4,825,1030,80.1,18520,7234,205,233,88.0,461,502,91.8,153,263,58.2,1.2,+0.9,11,72,8,4,962,63,0,17,13,10,0,0,0,0,5,9,23,1.12,21,0,0,0,0,3,0.15,3,0,0,0,0,27,19,18,9,0,17,89.5,2,10,37,64,112,0,1258,137,22,1,33.3,2,66.7,617,1,9,4,711,84,76.0,84,18,0,,1,1.32,28,22,+6,+0.29,+0.91,25.7,20.2,+5.6,+0.27,+0.64,0,19,0,2,0,86,70,61.9
453,Jonathan Herrera,ar ARG,FW,Deportivo Riestra,34-022,1991,25,25,2020,22.4,9,2,11,7,2,3,2,0,7.5,5.1,2.4,7.5,17,28,119,0.40,0.09,0.49,0.31,0.40,0.33,0.11,0.44,0.23,0.34,Matches,43,14,32.6,1.92,0.62,0.16,0.50,16.0,1,0.12,+1.5,+1.9,201,321,62.6,2934,633,103,160,64.4,74,100,74.0,11,16,68.8,2.1,-0.4,20,10,15,4,294,25,0,0,13,0,0,0,0,0,2,15,35,1.56,27,0,1,3,1,5,0.22,3,0,1,0,0,10,6,2,5,3,1,16.7,5,12,6,16,20,0,567,24,96,16,41.0,23,59.0,281,11,73,30,368,81,83.1,81,8,0,,0,1.65,22,12,+10,+0.45,-0.43,19.1,22.1,-3.0,-0.13,-0.13,0,26,0,0,0,51,33,29.5
483,Jony,ar ARG,"FW,MF",San Martín de San Juan,31-217,1994,12,2,311,3.5,0,0,0,0,0,0,2,0,0.2,0.2,0.5,0.7,15,8,31,0.00,0.00,0.00,0.00,0.00,0.05,0.14,0.19,0.05,0.19,Matches,7,1,14.3,2.03,0.29,0.00,0.00,27.5,1,0.02,-0.2,-0.2,65,102,63.7,989,321,25,38,65.8,22,30,73.3,7,15,46.7,0.4,-0.5,6,5,6,5,96,6,0,0,21,1,5,3,1,0,0,7,13,3.75,8,0,3,1,0,0,0.00,0,0,0,0,0,4,1,1,3,0,0,0.0,4,6,1,5,0,0,147,0,8,9,47.4,8,42.1,91,2,8,8,103,26,12.8,70,0,10,17,13,0.08,3,6,-3,-0.87,-0.32,2.4,4.0,-1.6,-0.47,-0.20,0,8,0,0,0,17,0,0.0
8,Jonás Acevedo,ar ARG,"MF,FW",Instituto,28-244,1997,20,11,1041,11.6,1,0,1,1,0,0,3,0,1.4,1.4,1.3,2.7,19,45,57,0.09,0.00,0.09,0.09,0.09,0.12,0.11,0.24,0.12,0.24,Matches,16,5,31.3,1.38,0.43,0.06,0.20,20.2,0,0.09,-0.4,-0.4,299,417,71.7,4776,1625,161,185,87.0,109,141,77.3,20,55,36.4,1.3,-1.3,10,38,12,2,382,32,2,1,49,7,16,6,8,0,3,20,35,3.03,23,6,1,1,0,1,0.09,0,0,0,1,0,21,16,8,12,1,7,41.2,10,10,7,28,9,0,536,6,15,13,41.9,18,58.1,284,1,24,18,337,52,42.8,72,3,9,28,3,0.95,4,11,-7,-0.61,-0.41,11.3,12.2,-0.9,-0.08,-0.07,0,16,0,0,0,53,10,43.5
144,Jorge Broun,ar ARG,GK,Rosario Central,39-135,1986,24,24,2160,24.0,0,0,0,0,0,0,2,0,0.0,0.0,0.0,0.0,0,0,0,0.00,0.00,0.00,0.00,0.00,0.00,0.00,0.00,0.00,0.00,Matches,0,0,,0.00,0.00,,,,0,,0.0,0.0,473,635,74.5,14484,10991,55,55,100.0,228,235,97.0,189,342,55.3,0.0,0.0,0,8,0,0,351,282,0,1,0,0,0,0,0,0,2,0,3,0.12,3,0,0,0,0,0,0.00,0,0,0,0,0,0,0,0,0,0,0,,0,0,0,0,5,0,664,574,0,0,,0,,287,0,0,0,198,90,92.3,90,24,0,,1,1.93,30,13,+17,+0.71,-0.79,28.1,18.1,+10.0,+0.41,-0.68,0,0,0,0,1,12,2,66.7
185,Jorge Carranza,ar ARG,GK,Aldosivi,44-154,1981,23,23,2070,23.0,0,0,0,0,0,0,2,0,0.0,0.0,0.0,0.0,0,0,0,0.00,0.00,0.00,0.00,0.00,0.00,0.00,0.00,0.00,0.00,Matches,0,0,,0.00,0.00,,,,0,,0.0,0.0,426,620,68.7,12852,10287,71,72,98.6,192,200,96.0,162,347,46.7,0.0,0.0,0,14,0,0,412,208,0,0,0,0,0,0,0,0,0,0,5,0.22,4,1,0,0,0,0,0.00,0,0,0,0,0,4,4,4,0,0,4,80.0,1,0,0,4,20,2,681,558,0,0,,0,,332,0,2,0,235,90,85.2,90,23,0,,4,0.83,16,34,-18,-0.78,-0.03,18.7,31.0,-12.3,-0.53,-0.43,0,0,0,0,0,23,3,100.0
332,Jorge Figal,ar ARG,DF,Boca Juniors,31-188,1994,1,1,72,0.8,0,0,0,0,0,0,0,0,0.0,0.0,0.0,0.0,0,1,0,0.00,0.00,0.00,0.00,0.00,0.00,0.00,0.00,0.00,0.00,Matches,0,0,,0.00,0.00,,,,0,,0.0,0.0,16,26,61.5,398,144,1,2,50.0,10,12,83.3,4,11,36.4,0.0,0.0,0,1,0,0,24,2,0,2,0,0,0,0,0,0,0,0,0,0.00,0,0,0,0,0,0,0.00,0,0,0,0,0,2,2,2,0,0,0,,0,0,0,2,1,0,30,4,0,1,100.0,0,0.0,12,0,2,0,16,72,3.0,72,0,0,,7,1.00,0,0,0,0.00,-0.88,0.5,0.9,-0.4,-0.47,-0.93,0,0,0,0,0,3,1,50.0
68,Jorge de Asís,ar ARG,"FW,MF",Gimnasia–LP,19-252,2006,2,0,25,0.3,0,0,0,0,0,0,1,0,0.0,0.0,0.0,0.0,0,2,2,0.00,0.00,0.00,0.00,0.00,0.08,0.00,0.08,0.08,0.08,Matches,1,0,0.0,3.60,0.00,0.00,,20.2,0,0.02,0.0,0.0,3,7,42.9,37,18,2,6,33.3,1,1,100.0,0,0,,0.0,0.0,0,0,1,0,7,0,0,0,0,0,0,0,0,0,0,1,1,3.60,1,0,0,0,0,0,0.00,0,0,0,0,0,0,0,0,0,0,0,,0,0,0,0,0,0,9,0,0,0,,0,,5,0,1,0,7,13,1.0,,0,2,13,1,1.50,0,0,0,0.00,+0.52,0.1,0.5,-0.4,-1.29,-0.93,0,2,0,0,0,0,1,50.0
285,Jose Domínguez,py PAR,DF,Lanús,29-080,1996,6,6,527,5.9,2,0,2,2,0,0,1,0,0.6,0.6,0.0,0.6,0,6,0,0.34,0.00,0.34,0.34,0.34,0.10,0.00,0.10,0.10,0.10,Matches,4,2,50.0,0.68,0.34,0.50,1.00,11.4,0,0.14,+1.4,+1.4,188,231,81.4,3608,1538,66,75,88.0,96,103,93.2,22,46,47.8,0.0,0.0,0,7,0,0,219,12,0,3,0,1,0,0,0,0,0,1,4,0.68,4,0,0,0,0,0,0.00,0,0,0,0,0,5,3,3,2,0,3,100.0,0,4,9,14,40,0,304,54,4,0,,0,,142,1,3,1,165,88,21.7,88,5,0,,5,2.17,8,7,+1,+0.17,+0.03,5.7,6.9,-1.2,-0.21,-0.34,0,2,0,0,0,20,8,42.1
334,Jose Florentín,py PAR,MF,Cen. Córdoba–SdE,29-095,1996,24,22,1911,21.2,4,1,5,4,0,0,2,0,3.1,3.1,0.9,4.0,25,163,30,0.19,0.05,0.24,0.19,0.24,0.14,0.04,0.19,0.14,0.19,Matches,36,8,22.2,1.70,0.38,0.11,0.50,19.9,1,0.09,+0.9,+0.9,961,1159,82.9,18599,5580,365,427,85.5,455,514,88.5,124,166,74.7,1.1,+0.1,14,159,8,0,1132,22,3,27,2,2,0,0,0,0,5,15,49,2.31,43,0,0,2,1,3,0.14,3,0,0,0,0,39,21,12,25,2,23,48.9,24,21,19,58,38,1,1374,49,36,7,53.8,6,46.2,815,2,20,16,909,80,78.6,84,14,2,34,1,1.33,24,23,+1,+0.05,-0.13,24.9,23.6,+1.3,+0.06,-0.28,0,20,0,0,1,162,57,55.9
818,Josue Reinatti,ar ARG,GK,Newell's OB,22-128,2003,2,2,180,2.0,0,0,0,0,0,0,0,0,0.0,0.0,0.0,0.0,0,0,0,0.00,0.00,0.00,0.00,0.00,0.00,0.00,0.00,0.00,0.00,Matches,0,0,,0.00,0.00,,,,0,,0.0,0.0,55,61,90.2,1449,953,5,5,100.0,36,37,97.3,14,19,73.7,0.0,0.0,0,1,0,0,54,7,0,0,0,0,0,0,0,0,0,0,0,0.00,0,0,0,0,0,0,0.00,0,0,0,0,0,0,0,0,0,0,0,,0,0,0,0,0,1,66,59,0,0,,0,,48,0,0,0,36,90,7.4,90,2,0,,11,0.00,0,4,-4,-2.00,-1.72,2.7,2.7,0.0,-0.02,+0.15,0,0,0,0,0,1,0,
219,Josué Colmán,py PAR,FW,Newell's OB,27-075,1998,1,1,57,0.6,0,0,0,0,0,0,0,0,0.1,0.1,0.0,0.1,1,0,3,0.00,0.00,0.00,0.00,0.00,0.16,0.00,0.16,0.16,0.16,Matches,2,1,50.0,3.16,1.58,0.00,0.00,18.3,0,0.05,-0.1,-0.1,12,13,92.3,201,24,7,8,87.5,3,3,100.0,2,2,100.0,0.0,0.0,0,0,0,0,12,1,0,0,0,1,0,0,0,0,0,1,0,0.00,0,0,0,0,0,0,0.00,0,0,0,0,0,0,0,0,0,0,0,,0,0,0,0,0,0,17,0,2,0,,0,,12,1,1,1,13,57,2.3,57,0,0,,3,3.00,0,0,0,0.00,+0.42,0.5,0.4,+0.1,+0.08,+0.25,0,1,0,0,0,0,0,0.0
,José Devecchi,,,,,,,,,,,,,,,,,,,,,,,,,,,,,,,,,,,,,,,,,,,,,,,,,,,,,,,,,,,,,,,,,,,,,,,,,,,,,,,,,,,,,,,,,,,,,,,,,,,,,,,,,,,,,,,,,,,,,,,,,,0,0,,16,,,,,,,,,,,,,,,,,,,
293,José Enrique Angulo,ec ECU,FW,Unión,30-247,1995,2,0,57,0.6,0,0,0,0,0,0,0,0,0.5,0.5,0.0,0.5,0,1,5,0.00,0.00,0.00,0.00,0.00,0.80,0.00,0.80,0.80,0.80,Matches,2,1,50.0,3.16,1.58,0.00,0.00,19.7,0,0.25,-0.5,-0.5,2,5,40.0,33,2,1,3,33.3,1,1,100.0,0,0,,0.0,0.0,0,0,0,0,5,0,0,0,0,0,0,0,0,0,0,0,0,0.00,0,0,0,0,0,0,0.00,0,0,0,0,0,1,1,0,1,0,0,0.0,1,0,0,1,3,0,16,3,2,1,50.0,1,50.0,11,0,3,3,12,29,2.3,,0,2,29,2,0.00,1,1,0,0.00,+0.04,0.7,0.9,-0.2,-0.32,-0.51,0,1,0,0,0,1,0,0.0
454,José Herrera,ar ARG,"FW,MF",Arg Juniors,22-175,2003,15,12,941,10.5,3,2,5,3,0,0,2,0,2.1,2.1,1.6,3.7,36,29,90,0.29,0.19,0.48,0.29,0.48,0.20,0.16,0.36,0.20,0.36,Matches,30,11,36.7,2.87,1.05,0.10,0.27,20.0,2,0.07,+0.9,+0.9,270,373,72.4,4166,836,148,178,83.1,96,118,81.4,16,33,48.5,1.3,+0.4,13,19,12,2,370,1,0,4,32,1,0,0,0,0,2,23,31,2.97,21,0,3,5,0,5,0.48,4,0,1,0,0,13,9,3,4,6,6,46.2,7,11,8,21,11,0,534,8,51,11,36.7,19,63.3,302,13,27,21,390,63,38.7,71,0,3,28,1,2.00,15,3,+12,+1.15,+0.72,13.4,5.9,+7.5,+0.72,+0.51,0,12,0,0,0,32,22,61.1
540,José Luis Palomino,ar ARG,DF,Talleres,35-276,1990,5,5,410,4.6,0,0,0,0,0,0,1,0,0.1,0.1,0.1,0.2,4,20,0,0.00,0.00,0.00,0.00,0.00,0.02,0.03,0.04,0.02,0.04,Matches,2,0,0.0,0.44,0.00,0.00,,13.9,0,0.04,-0.1,-0.1,207,250,82.8,3706,1504,76,84,90.5,111,123,90.2,14,33,42.4,0.1,-0.1,2,23,1,0,240,9,0,1,1,0,0,0,0,0,1,3,4,0.88,4,0,0,0,0,0,0.00,0,0,0,0,0,7,4,2,5,0,3,75.0,1,2,10,17,39,0,312,30,3,0,0.0,1,100.0,143,1,2,0,174,82,16.9,82,3,0,,4,1.20,2,2,0,0.00,+0.36,5.1,2.6,+2.5,+0.55,+0.32,0,7,0,0,0,16,21,80.8
866,José Romero,ar ARG,"FW,MF",Tigre,22-197,2003,13,7,624,6.9,4,1,5,4,0,0,0,0,3.5,3.5,1.1,4.6,12,11,42,0.58,0.14,0.72,0.58,0.72,0.50,0.15,0.66,0.50,0.66,Matches,23,12,52.2,3.32,1.73,0.17,0.33,15.5,0,0.15,+0.5,+0.5,60,92,65.2,886,277,34,48,70.8,17,25,68.0,6,9,66.7,0.5,-0.1,2,9,2,0,89,3,0,1,3,2,0,0,0,0,0,4,11,1.59,4,0,6,0,0,4,0.58,1,0,3,0,0,1,1,0,1,0,1,50.0,1,4,1,2,0,0,188,1,39,13,50.0,13,50.0,104,11,26,15,144,48,25.7,71,0,6,21,1,1.71,10,4,+6,+0.87,+0.77,10.2,6.4,+3.8,+0.55,+0.33,0,6,0,0,0,17,22,37.3
931,José Sosa,ar ARG,"MF,FW",Estudiantes–LP,40-111,1985,19,11,816,9.1,1,0,1,1,0,0,1,0,0.5,0.5,0.9,1.4,12,69,52,0.11,0.00,0.11,0.11,0.11,0.05,0.10,0.16,0.05,0.16,Matches,8,2,25.0,0.88,0.22,0.13,0.50,21.9,3,0.06,+0.5,+0.5,433,570,76.0,7511,2161,209,243,86.0,158,196,80.6,55,102,53.9,1.3,-0.9,14,61,6,1,508,60,3,4,55,5,34,15,16,0,2,9,32,3.53,22,9,0,0,0,3,0.33,3,0,0,0,0,15,12,3,11,1,9,42.9,12,13,4,19,10,0,648,14,8,9,64.3,5,35.7,371,1,12,2,462,43,33.6,59,0,8,21,8,1.55,8,13,-5,-0.55,-0.77,8.6,8.7,-0.1,-0.01,-0.21,0,6,0,0,0,53,7,35.0
9,Juan Achetoni,ar ARG,FW,Aldosivi,20-211,2005,1,0,3,0.0,0,0,0,0,0,0,0,0,0.0,0.0,0.0,0.0,0,0,1,0.00,0.00,0.00,0.00,0.00,0.00,0.00,0.00,0.00,0.00,Matches,0,0,,0.00,0.00,,,,0,,0.0,0.0,1,3,33.3,15,0,1,1,100.0,0,2,0.0,0,0,,0.0,0.0,0,0,0,0,3,0,0,0,0,0,0,0,0,0,0,0,0,0.00,0,0,0,0,0,0,0.00,0,0,0,0,0,1,0,0,1,0,1,50.0,1,0,0,1,1,0,6,1,0,0,,0,,2,0,1,0,2,3,0.1,,0,1,3,8,3.00,1,0,+1,+30.00,+30.82,0.2,0.3,0.0,-1.02,-0.55,0,1,0,0,0,0,0,
46,Juan Andrada,ar ARG,MF,Sarmiento,30-277,1995,3,1,101,1.1,0,0,0,0,0,0,0,0,0.0,0.0,0.0,0.0,3,9,1,0.00,0.00,0.00,0.00,0.00,0.00,0.00,0.00,0.00,0.00,Matches,0,0,,0.00,0.00,,,,0,,0.0,0.0,49,60,81.7,1000,256,16,17,94.1,25,31,80.6,7,9,77.8,0.0,0.0,0,9,1,0,58,2,0,1,2,1,0,0,0,0,0,2,0,0.00,0,0,0,0,0,0,0.00,0,0,0,0,0,1,1,1,0,0,1,25.0,3,0,1,2,5,0,76,6,0,1,50.0,1,50.0,48,0,1,2,48,34,4.3,62,0,2,20,7,1.33,2,2,0,0.00,+0.44,2.1,1.7,+0.4,+0.33,+0.68,0,1,0,0,0,6,1,50.0
82,Juan Barbieri,ar ARG,"FW,MF",Ind. Rivadavia,29-021,1996,14,3,491,5.5,2,1,3,2,0,0,1,0,1.2,1.2,0.2,1.4,4,9,25,0.37,0.18,0.55,0.37,0.55,0.22,0.04,0.26,0.22,0.26,Matches,11,4,36.4,2.02,0.73,0.18,0.50,11.6,0,0.11,+0.8,+0.8,61,92,66.3,846,131,37,53,69.8,14,24,58.3,4,6,66.7,0.1,+0.8,6,5,2,0,85,7,0,2,0,0,0,0,0,0,0,2,12,2.20,8,0,0,2,0,4,0.73,2,0,0,1,0,9,7,0,7,2,2,28.6,5,1,1,10,5,0,154,6,16,0,0.0,3,100.0,83,0,13,6,111,35,20.2,75,0,11,24,9,1.33,11,8,+3,+0.55,+0.64,7.6,7.7,0.0,0.00,+0.36,0,11,0,0,0,12,13,29.5
85,Juan Barinaga,ar ARG,DF,Boca Juniors,24-363,2000,12,10,946,10.5,0,1,1,0,0,0,2,0,0.2,0.2,1.4,1.6,24,32,62,0.00,0.10,0.10,0.00,0.10,0.02,0.13,0.15,0.02,0.15,Matches,5,1,20.0,0.48,0.10,0.00,0.00,16.4,0,0.04,-0.2,-0.2,427,584,73.1,7112,1960,211,236,89.4,179,227,78.9,32,91,35.2,0.9,-0.4,9,16,9,6,465,119,0,4,40,113,0,0,0,0,0,17,18,1.71,13,1,3,1,0,2,0.19,1,0,1,0,0,25,19,14,6,5,15,93.8,1,8,13,38,32,0,721,28,10,10,40.0,15,60.0,343,1,18,9,417,79,38.9,88,7,2,35,13,1.67,19,8,+11,+1.05,+0.32,17.0,8.3,+8.8,+0.83,+0.66,0,12,0,0,0,41,11,68.8
99,Juan Bautista Cejas,ar ARG,"FW,MF",Godoy Cruz,27-216,1998,2,1,72,0.8,0,0,0,0,0,0,0,0,0.0,0.0,0.0,0.0,1,1,2,0.00,0.00,0.00,0.00,0.00,0.00,0.03,0.03,0.00,0.03,Matches,0,0,,0.00,0.00,,,,0,,0.0,0.0,13,26,50.0,167,34,10,14,71.4,3,7,42.9,0,4,0.0,0.0,0.0,1,1,0,0,24,2,0,0,3,0,0,0,0,0,0,0,1,1.25,1,0,0,0,0,0,0.00,0,0,0,0,0,3,2,3,0,0,2,66.7,1,1,0,3,1,0,36,1,0,0,0.0,1,100.0,21,0,2,0,19,36,3.0,60,0,1,12,6,1.00,0,0,0,0.00,+0.57,0.4,0.7,-0.3,-0.40,-0.04,0,3,0,0,0,5,1,20.0
111,Juan Bisanz,ar ARG,"FW,MF",Banfield,24-041,2001,10,6,513,5.7,0,0,0,0,0,0,2,0,0.8,0.8,0.6,1.4,8,14,29,0.00,0.00,0.00,0.00,0.00,0.14,0.11,0.25,0.14,0.25,Matches,7,0,0.0,1.23,0.00,0.00,,16.2,1,0.11,-0.8,-0.8,74,112,66.1,1096,404,41,51,80.4,22,35,62.9,6,12,50.0,0.5,-0.6,8,9,4,1,107,4,2,1,11,1,1,0,1,0,1,5,18,3.30,15,0,1,1,0,0,0.00,0,0,0,0,0,9,8,3,5,1,3,42.9,4,3,2,11,5,0,175,4,18,9,42.9,11,52.4,102,1,13,10,120,51,21.1,69,2,4,25,5,0.80,1,4,-3,-0.53,-0.20,4.1,8.5,-4.4,-0.80,-0.63,0,11,0,0,0,19,10,38.5
112,Juan Bisanz,ar ARG,FW,Huracán,24-041,2001,11,8,732,8.1,0,1,1,0,0,0,0,0,1.4,1.4,1.1,2.5,24,12,72,0.00,0.12,0.12,0.00,0.12,0.17,0.13,0.31,0.17,0.31,Matches,7,0,0.0,1.23,0.00,0.00,,16.2,1,0.11,-0.8,-0.8,74,112,66.1,1096,404,41,51,80.4,22,35,62.9,6,12,50.0,0.5,-0.6,8,9,4,1,107,4,2,1,11,1,1,0,1,0,1,5,18,3.30,15,0,1,1,0,0,0.00,0,0,0,0,0,9,8,3,5,1,3,42.9,4,3,2,11,5,0,175,4,18,9,42.9,11,52.4,102,1,13,10,120,51,21.1,69,2,4,25,5,0.80,1,4,-3,-0.53,-0.20,4.1,8.5,-4.4,-0.80,-0.63,0,11,0,0,0,19,10,38.5
165,Juan Camilo Portilla,co COL,MF,Talleres,27-026,1998,20,17,1433,15.9,0,0,0,0,0,0,6,1,0.6,0.6,0.8,1.4,14,80,16,0.00,0.00,0.00,0.00,0.00,0.04,0.05,0.09,0.04,0.09,Matches,17,1,5.9,1.07,0.06,0.00,0.00,26.4,0,0.04,-0.6,-0.6,689,817,84.3,11799,3984,321,365,87.9,283,326,86.8,62,87,71.3,0.6,-0.8,14,53,3,1,795,22,1,9,12,0,6,1,4,0,0,9,39,2.45,32,2,0,2,2,1,0.06,1,0,0,0,0,34,22,9,23,2,16,55.2,13,12,32,66,34,1,1000,43,7,12,60.0,8,40.0,500,2,23,11,609,72,59.0,80,7,3,23,4,0.90,10,15,-5,-0.31,-0.04,16.2,13.4,+2.8,+0.17,-0.25,0,25,0,0,1,92,27,75.0
179,Juan Cardozo,py PAR,MF,Arg Juniors,21-226,2004,9,3,347,3.9,0,0,0,0,0,0,1,0,0.0,0.0,0.1,0.2,1,17,2,0.00,0.00,0.00,0.00,0.00,0.01,0.04,0.04,0.01,0.04,Matches,2,0,0.0,0.52,0.00,0.00,,27.7,0,0.01,0.0,0.0,202,242,83.5,3370,1084,97,106,91.5,88,99,88.9,14,29,48.3,0.1,-0.1,3,15,2,0,234,8,0,1,0,0,0,0,0,0,0,4,7,1.82,4,0,0,2,1,1,0.26,1,0,0,0,0,9,8,3,5,1,2,40.0,3,6,0,9,13,0,292,16,0,4,66.7,2,33.3,143,0,1,2,187,39,14.3,85,2,6,15,15,2.00,8,4,+4,+1.04,+0.39,6.1,4.6,+1.5,+0.39,-0.02,0,5,0,0,0,24,8,36.4
202,Juan Cavallaro,ar ARG,"MF,FW",San Martín de San Juan,31-102,1994,15,4,475,5.3,0,0,0,0,0,0,0,0,0.5,0.5,0.2,0.7,11,9,28,0.00,0.00,0.00,0.00,0.00,0.10,0.04,0.14,0.10,0.14,Matches,6,2,33.3,1.14,0.38,0.00,0.00,19.2,1,0.09,-0.5,-0.5,79,122,64.8,1154,207,45,57,78.9,23,31,74.2,7,19,36.8,0.3,-0.2,5,6,3,1,115,7,0,0,13,1,2,1,1,0,0,5,11,2.11,7,0,0,2,1,0,0.00,0,0,0,0,0,12,10,4,6,2,6,54.5,5,5,2,14,4,0,191,2,13,5,38.5,8,61.5,97,3,18,7,119,32,19.5,55,0,11,23,8,0.60,1,8,-7,-1.33,-0.91,4.9,6.6,-1.7,-0.33,-0.04,0,6,0,0,0,18,6,40.0
,Juan Cortazzo,,,,,,,,,,,,,,,,,,,,,,,,,,,,,,,,,,,,,,,,,,,,,,,,,,,,,,,,,,,,,,,,,,,,,,,,,,,,,,,,,,,,,,,,,,,,,,,,,,,,,,,,,,,,,,,,,,,,,,,,,,0,0,,7,,,,,,,,,,,,,,,,,,,
239,Juan Cozzani,ar ARG,GK,Platense,26-364,1998,21,21,1890,21.0,0,0,0,0,0,0,2,0,0.0,0.0,0.0,0.0,0,1,0,0.00,0.00,0.00,0.00,0.00,0.00,0.00,0.00,0.00,0.00,Matches,0,0,,0.00,0.00,,,,0,,0.0,0.0,237,542,43.7,9703,8468,16,16,100.0,86,88,97.7,135,437,30.9,0.1,0.0,0,24,0,0,314,227,0,0,0,0,0,0,0,0,1,0,3,0.14,3,0,0,0,0,0,0.00,0,0,0,0,0,1,0,1,0,0,1,100.0,0,0,1,2,12,1,582,416,0,0,,0,,280,0,0,0,149,90,80.8,90,21,0,,0,1.56,17,16,+1,+0.05,+0.85,19.1,21.8,-2.8,-0.13,-0.40,0,1,0,0,1,10,4,57.1
242,Juan Cruz Komar,ar ARG,DF,Rosario Central,29-056,1996,20,13,1379,15.3,0,0,0,0,0,0,1,0,0.6,0.6,0.0,0.6,7,29,1,0.00,0.00,0.00,0.00,0.00,0.04,0.00,0.04,0.04,0.04,Matches,9,2,22.2,0.59,0.13,0.00,0.00,10.1,0,0.07,-0.6,-0.6,480,589,81.5,9830,3495,115,141,81.6,318,354,89.8,42,82,51.2,0.1,0.0,0,19,0,0,566,21,0,1,0,0,0,0,0,0,2,2,4,0.26,1,0,0,0,0,1,0.07,0,0,0,0,0,23,15,15,8,0,11,64.7,6,6,19,42,129,0,797,131,13,1,100.0,0,0.0,290,0,6,0,413,69,58.9,90,13,7,30,6,2.00,18,9,+9,+0.59,-0.44,19.2,11.6,+7.6,+0.50,+0.07,0,10,0,0,0,37,70,72.2
161,Juan Cáceres,py PAR,DF,Lanús,25-129,2000,3,3,270,3.0,0,1,1,0,0,0,1,0,0.0,0.0,0.2,0.2,2,14,11,0.00,0.33,0.33,0.00,0.33,0.00,0.07,0.07,0.00,0.07,Matches,0,0,,0.00,0.00,,,,0,,0.0,0.0,120,160,75.0,2433,1127,48,56,85.7,50,62,80.6,21,39,53.8,0.2,+0.8,4,17,1,1,131,28,0,6,8,26,0,0,0,0,1,0,6,2.00,6,0,0,0,0,1,0.33,1,0,0,0,0,10,5,5,5,0,5,62.5,3,2,4,14,19,0,211,16,1,6,60.0,4,40.0,92,0,2,4,103,90,11.1,90,3,0,,1,2.00,3,2,+1,+0.33,+0.21,2.1,2.1,0.0,+0.01,-0.05,0,1,0,0,0,22,3,50.0
246,Juan Dadin,ar ARG,FW,River Plate,19-141,2006,4,1,117,1.3,0,1,1,0,0,0,0,0,0.6,0.6,0.0,0.6,0,4,12,0.00,0.77,0.77,0.00,0.77,0.44,0.02,0.46,0.44,0.46,Matches,4,4,100.0,3.08,3.08,0.00,0.00,15.6,0,0.15,-0.6,-0.6,20,30,66.7,214,54,12,16,75.0,4,6,66.7,1,1,100.0,0.1,+1.0,1,1,2,0,29,1,0,0,3,0,0,0,0,0,0,2,2,1.50,1,0,0,0,0,2,1.50,1,0,0,0,0,1,1,0,1,0,0,,0,1,0,1,0,0,43,0,4,0,,0,,22,0,2,2,31,29,4.8,69,0,3,16,5,1.50,4,2,+2,+1.54,+0.88,1.9,2.0,-0.1,-0.08,-0.55,0,3,0,0,0,1,1,33.3
296,Juan Escobar,py PAR,DF,Godoy Cruz,30-097,1995,7,7,606,6.7,0,0,0,0,0,0,2,0,0.3,0.3,0.0,0.3,1,14,2,0.00,0.00,0.00,0.00,0.00,0.04,0.01,0.05,0.04,0.05,Matches,4,1,25.0,0.59,0.15,0.00,0.00,9.7,0,0.07,-0.3,-0.3,214,262,81.7,4672,1702,49,60,81.7,127,142,89.4,34,51,66.7,0.0,0.0,2,13,0,0,243,18,0,5,1,2,0,0,0,0,1,1,3,0.45,2,1,0,0,0,0,0.00,0,0,0,0,0,12,8,9,3,0,5,50.0,5,4,6,18,35,2,346,47,9,0,0.0,2,100.0,155,0,5,1,175,87,24.9,87,5,0,,0,0.86,7,11,-4,-0.59,-0.05,6.1,9.4,-3.3,-0.49,-0.17,0,5,0,0,0,35,29,61.7
298,Juan Espínola,py PAR,GK,Belgrano,30-340,1994,11,11,990,11.0,0,0,0,0,0,0,1,0,0.0,0.0,0.0,0.0,0,1,0,0.00,0.00,0.00,0.00,0.00,0.00,0.00,0.00,0.00,0.00,Matches,0,0,,0.00,0.00,,,,0,,0.0,0.0,214,363,59.0,6929,5589,43,43,100.0,84,86,97.7,87,231,37.7,0.0,0.0,0,14,1,0,259,101,0,1,0,1,0,0,0,0,3,0,3,0.27,1,2,0,0,0,0,0.00,0,0,0,0,0,2,0,2,0,0,1,100.0,0,0,0,2,6,0,386,276,0,0,,0,,211,0,1,0,163,90,40.7,90,11,0,,0,1.00,9,18,-9,-0.82,-0.88,11.9,10.2,+1.7,+0.16,+0.47,0,0,0,0,0,11,5,100.0
299,Juan Espínola,py PAR,GK,Newell's OB,30-340,1994,8,8,720,8.0,0,0,0,0,0,0,2,0,0.0,0.0,0.0,0.0,0,0,0,0.00,0.00,0.00,0.00,0.00,0.00,0.00,0.00,0.00,0.00,Matches,0,0,,0.00,0.00,,,,0,,0.0,0.0,214,363,59.0,6929,5589,43,43,100.0,84,86,97.7,87,231,37.7,0.0,0.0,0,14,1,0,259,101,0,1,0,1,0,0,0,0,3,0,3,0.27,1,2,0,0,0,0,0.00,0,0,0,0,0,2,0,2,0,0,1,100.0,0,0,0,2,6,0,386,276,0,0,,0,,211,0,1,0,163,90,40.7,90,11,0,,0,1.00,9,18,-9,-0.82,-0.88,11.9,10.2,+1.7,+0.16,+0.47,0,0,0,0,0,11,5,100.0
,Juan Fedorco,,,,,,,,,,,,,,,,,,,,,,,,,,,,,,,,,,,,,,,,,,,,,,,,,,,,,,,,,,,,,,,,,,,,,,,,,,,,,,,,,,,,,,,,,,,,,,,,,,,,,,,,,,,,,,,,,,,,,,,,,,0,0,,2,,,,,,,,,,,,,,,,,,,
339,Juan Franco Arrellaga,py PAR,DF,Instituto,33-240,1992,23,23,2070,23.0,0,1,1,0,0,0,7,0,0.3,0.3,2.0,2.3,38,54,89,0.00,0.04,0.04,0.00,0.04,0.01,0.09,0.10,0.01,0.10,Matches,10,2,20.0,0.43,0.09,0.00,0.00,22.1,0,0.03,-0.3,-0.3,536,815,65.8,9531,4846,243,287,84.7,232,341,68.0,52,141,36.9,2.0,-1.0,13,44,16,12,564,249,0,3,55,239,0,0,0,0,2,31,33,1.43,24,4,1,2,1,4,0.17,2,0,1,1,0,45,27,19,19,7,28,68.3,13,18,27,72,63,1,1083,58,22,19,47.5,21,52.5,424,7,33,26,456,90,85.2,90,23,0,,4,1.00,18,30,-12,-0.52,-1.02,22.9,25.5,-2.6,-0.11,-0.49,0,34,0,0,0,85,27,64.3
381,Juan Giménez,ar ARG,DF,Rosario Central,19-164,2006,7,4,316,3.5,0,0,0,0,0,0,1,0,0.1,0.1,0.0,0.1,4,16,1,0.00,0.00,0.00,0.00,0.00,0.02,0.00,0.02,0.02,0.02,Matches,1,0,0.0,0.28,0.00,0.00,,13.0,0,0.06,-0.1,-0.1,149,171,87.1,3267,1065,31,34,91.2,93,104,89.4,24,29,82.8,0.0,0.0,0,16,1,0,161,9,0,0,0,3,0,0,0,0,1,0,1,0.28,1,0,0,0,0,0,0.00,0,0,0,0,0,3,2,2,1,0,1,100.0,0,2,3,6,14,0,207,18,1,4,80.0,1,20.0,120,0,5,0,124,45,13.5,68,2,3,14,3,1.71,3,2,+1,+0.28,-0.56,4.7,3.6,+1.1,+0.32,-0.17,0,3,0,0,0,23,3,37.5
,Juan Goicochea,,,,,,,,,,,,,,,,,,,,,,,,,,,,,,,,,,,,,,,,,,,,,,,,,,,,,,,,,,,,,,,,,,,,,,,,,,,,,,,,,,,,,,,,,,,,,,,,,,,,,,,,,,,,,,,,,,,,,,,,,,0,0,,1,,,,,,,,,,,,,,,,,,,
416,Juan González,uy URU,GK,Atlé Tucumán,32-090,1993,6,6,540,6.0,0,0,0,0,0,0,1,0,0.0,0.0,0.0,0.0,0,0,0,0.00,0.00,0.00,0.00,0.00,0.00,0.00,0.00,0.00,0.00,Matches,0,0,,0.00,0.00,,,,0,,0.0,0.0,123,179,68.7,4118,3341,13,13,100.0,59,60,98.3,51,106,48.1,0.0,0.0,0,4,0,0,123,56,0,0,0,0,0,0,0,0,0,0,2,0.33,1,1,0,0,0,1,0.17,0,1,0,0,0,0,0,0,0,0,0,,0,0,1,1,2,0,190,148,0,1,100.0,0,0.0,108,0,0,0,75,90,22.2,90,6,0,,21,2.00,8,5,+3,+0.50,+0.74,8.5,5.4,+3.1,+0.52,+0.86,0,0,0,0,0,6,1,100.0
438,Juan Gutierrez,uy URU,"MF,FW",Defensa y Just,23-246,2002,7,5,429,4.8,0,0,0,0,0,0,0,0,1.1,1.1,0.1,1.2,11,7,42,0.00,0.00,0.00,0.00,0.00,0.23,0.03,0.26,0.23,0.26,Matches,13,2,15.4,2.73,0.42,0.00,0.00,18.3,0,0.08,-1.1,-1.1,73,99,73.7,1042,119,45,54,83.3,24,30,80.0,3,6,50.0,0.2,-0.1,2,3,0,0,97,2,0,0,5,0,0,0,0,0,0,4,12,2.52,5,0,5,1,0,0,0.00,0,0,0,0,0,8,4,2,5,1,3,50.0,3,3,3,11,3,0,166,2,17,11,57.9,8,42.1,103,2,19,12,124,61,17.7,79,3,2,16,1,1.29,4,6,-2,-0.42,-0.42,3.9,4.2,-0.2,-0.05,+0.16,0,5,0,0,0,18,7,46.7
462,Juan Ignacio Méndez,ar ARG,"MF,DF",Newell's OB,28-163,1997,5,2,170,1.9,0,0,0,0,0,0,1,0,0.0,0.0,0.0,0.0,0,8,1,0.00,0.00,0.00,0.00,0.00,0.00,0.00,0.00,0.00,0.00,Matches,0,0,,0.00,0.00,,,,0,,0.0,0.0,75,87,86.2,1316,433,30,35,85.7,38,43,88.4,6,8,75.0,0.0,0.0,0,11,0,0,83,4,0,0,0,2,0,0,0,0,0,0,1,0.53,1,0,0,0,0,0,0.00,0,0,0,0,0,8,6,4,4,0,3,75.0,1,4,4,12,7,0,114,4,0,0,0.0,0,0.0,69,0,2,2,64,34,7.0,52,0,3,22,8,0.67,1,3,-2,-1.06,-0.70,1.7,2.4,-0.8,-0.41,-0.27,0,3,0,0,0,15,0,0.0
463,Juan Ignacio Méndez,ar ARG,MF,Instituto,28-163,1997,5,1,157,1.7,0,0,0,0,0,0,2,0,0.0,0.0,0.1,0.1,2,10,1,0.00,0.00,0.00,0.00,0.00,0.02,0.06,0.08,0.02,0.08,Matches,0,0,,0.00,0.00,,,,0,,0.0,0.0,75,87,86.2,1316,433,30,35,85.7,38,43,88.4,6,8,75.0,0.0,0.0,0,11,0,0,83,4,0,0,0,2,0,0,0,0,0,0,1,0.53,1,0,0,0,0,0,0.00,0,0,0,0,0,8,6,4,4,0,3,75.0,1,4,4,12,7,0,114,4,0,0,0.0,0,0.0,69,0,2,2,64,34,7.0,52,0,3,22,8,0.67,1,3,-2,-1.06,-0.70,1.7,2.4,-0.8,-0.41,-0.27,0,3,0,0,0,15,0,0.0
465,Juan Infante,ar ARG,DF,Atlé Tucumán,29-274,1996,10,10,820,9.1,0,0,0,0,0,0,2,0,0.1,0.1,0.1,0.1,15,29,29,0.00,0.00,0.00,0.00,0.00,0.01,0.01,0.01,0.01,0.01,Matches,3,0,0.0,0.33,0.00,0.00,,24.0,0,0.02,-0.1,-0.1,292,389,75.1,4803,2305,144,165,87.3,125,160,78.1,17,40,42.5,0.2,-0.1,2,21,3,2,299,87,0,0,17,83,1,0,1,0,3,12,9,0.99,5,2,0,1,0,0,0.00,0,0,0,0,0,27,19,11,13,3,12,80.0,3,11,11,38,26,0,481,20,7,1,100.0,0,0.0,189,1,9,3,231,82,33.7,82,9,0,,0,0.70,9,14,-5,-0.55,-0.72,10.1,14.8,-4.6,-0.51,-0.53,0,9,0,0,0,24,4,33.3
,Juan Insúa,,,,,,,,,,,,,,,,,,,,,,,,,,,,,,,,,,,,,,,,,,,,,,,,,,,,,,,,,,,,,,,,,,,,,,,,,,,,,,,,,,,,,,,,,,,,,,,,,,,,,,,,,,,,,,,,,,,,,,,,,,0,0,,3,,,,,,,,,,,,,,,,,,,
473,Juan Iribarren,ar ARG,"DF,MF",Banfield,22-259,2003,9,3,447,5.0,0,0,0,0,0,0,1,0,0.0,0.0,0.1,0.1,4,16,16,0.00,0.00,0.00,0.00,0.00,0.01,0.02,0.02,0.01,0.02,Matches,2,0,0.0,0.40,0.00,0.00,,25.2,0,0.02,0.0,0.0,101,173,58.4,1831,933,41,49,83.7,42,66,63.6,12,45,26.7,0.1,-0.1,4,7,4,2,125,47,0,1,13,46,0,0,0,0,1,6,12,2.41,6,4,1,0,0,1,0.20,1,0,0,0,0,6,5,5,1,0,4,80.0,1,4,11,17,28,1,245,23,1,4,50.0,4,50.0,92,1,6,0,92,50,18.4,70,1,6,40,14,1.89,6,6,0,0.00,+0.45,5.7,5.0,+0.7,+0.14,+0.54,0,5,0,0,0,13,3,42.9
538,Juan Ludueña,ar ARG,DF,Unión,22-239,2003,8,7,624,6.9,0,0,0,0,0,0,0,0,0.1,0.1,0.0,0.1,4,18,1,0.00,0.00,0.00,0.00,0.00,0.01,0.01,0.02,0.01,0.02,Matches,3,0,0.0,0.43,0.00,0.00,,16.0,0,0.03,-0.1,-0.1,139,193,72.0,3213,1165,35,41,85.4,67,87,77.0,36,58,62.1,0.1,0.0,1,15,2,0,177,16,0,4,3,5,0,0,0,0,0,6,3,0.43,3,0,0,0,0,0,0.00,0,0,0,0,0,11,6,8,2,1,7,53.8,6,3,9,20,47,1,288,34,5,1,50.0,1,50.0,114,1,3,1,129,78,25.7,84,5,1,36,17,1.75,6,5,+1,+0.14,+0.24,7.3,6.6,+0.7,+0.10,-0.10,0,6,0,0,0,19,18,56.3
539,Juan Luis Alfaro,ar ARG,"DF,MF",Banfield,25-357,1999,5,4,303,3.4,0,0,0,0,0,0,2,0,0.0,0.0,0.2,0.2,7,10,19,0.00,0.00,0.00,0.00,0.00,0.01,0.05,0.06,0.01,0.06,Matches,2,1,50.0,0.59,0.30,0.00,0.00,23.2,0,0.02,0.0,0.0,100,140,71.4,1707,783,53,63,84.1,36,52,69.2,10,21,47.6,0.2,-0.2,4,9,5,4,118,22,0,0,15,22,0,0,0,0,0,3,11,3.27,8,1,2,0,0,2,0.59,2,0,0,0,0,8,4,3,5,0,3,60.0,2,2,1,9,11,0,175,8,7,5,100.0,0,0.0,70,3,5,1,82,61,12.5,74,1,1,9,3,0.60,3,6,-3,-0.89,-0.59,3.9,3.8,+0.1,+0.02,+0.37,0,8,0,0,0,13,3,33.3
562,Juan Manuel Elordi,ar ARG,DF,Rosario Central,31-048,1994,8,1,222,2.5,0,1,1,0,0,0,1,0,0.5,0.5,0.3,0.7,3,23,15,0.00,0.41,0.41,0.00,0.41,0.19,0.11,0.30,0.19,0.30,Matches,3,1,33.3,1.22,0.41,0.00,0.00,14.4,0,0.16,-0.5,-0.5,130,165,78.8,2136,972,67,81,82.7,52,65,80.0,9,12,75.0,0.3,+0.7,2,18,5,1,140,24,0,0,2,22,0,0,0,0,1,1,8,3.24,7,1,0,0,0,1,0.41,1,0,0,0,0,6,5,2,3,1,5,71.4,2,3,0,6,14,0,203,9,4,0,0.0,3,100.0,83,1,5,0,125,28,9.5,90,1,7,19,19,1.63,3,1,+2,+0.81,+0.05,3.3,2.8,+0.5,+0.22,-0.27,0,5,0,1,0,7,7,53.8
563,Juan Manuel García,ar ARG,FW,Newell's OB,32-328,1992,16,5,576,6.4,0,0,0,0,0,1,2,1,1.6,0.9,0.2,1.1,4,9,26,0.00,0.00,0.00,0.00,0.00,0.26,0.03,0.29,0.13,0.17,Matches,10,1,10.0,1.56,0.16,0.00,0.00,16.3,0,0.09,-1.6,-0.9,66,115,57.4,929,209,38,60,63.3,20,33,60.6,3,3,100.0,0.2,-0.2,5,4,2,0,102,13,0,0,2,0,0,0,0,0,0,2,11,1.72,8,0,0,0,0,0,0.00,0,0,0,0,0,5,5,1,4,0,2,100.0,0,5,0,5,7,0,175,6,27,3,33.3,5,55.6,52,2,15,6,106,36,23.7,68,1,11,22,5,0.81,5,9,-4,-0.62,-0.29,6.9,6.5,+0.4,+0.06,+0.29,0,9,0,0,0,18,39,50.6
564,Juan Manuel Insaurralde,ar ARG,DF,Sarmiento,41-005,1984,23,23,2069,23.0,1,0,1,1,0,0,8,1,0.9,0.9,0.5,1.4,10,76,6,0.04,0.00,0.04,0.04,0.04,0.04,0.02,0.06,0.04,0.06,Matches,12,2,16.7,0.52,0.09,0.08,0.50,11.4,0,0.07,+0.1,+0.1,749,959,78.1,17901,7673,164,185,88.6,424,484,87.6,159,276,57.6,0.5,-0.5,4,75,4,0,875,81,0,16,2,2,0,0,0,0,3,5,13,0.57,10,2,0,1,0,0,0.00,0,0,0,0,0,25,13,17,8,0,15,57.7,11,11,27,52,210,0,1285,219,16,6,85.7,1,14.3,551,1,8,3,641,90,88.4,90,22,0,,0,1.04,16,26,-10,-0.43,-0.10,22.2,29.1,-7.0,-0.30,+0.18,0,25,0,0,0,77,64,71.1
604,Juan Meli,ar ARG,DF,Godoy Cruz,25-037,2000,17,14,1309,14.5,0,0,0,0,0,0,5,0,0.1,0.1,0.3,0.4,17,58,39,0.00,0.00,0.00,0.00,0.00,0.01,0.02,0.03,0.01,0.03,Matches,6,1,16.7,0.41,0.07,0.00,0.00,28.8,0,0.02,-0.1,-0.1,403,595,67.7,7795,3429,131,164,79.9,220,295,74.6,46,110,41.8,1.1,-0.3,3,38,9,4,449,145,0,2,22,132,0,0,0,0,1,13,20,1.38,12,5,1,0,2,0,0.00,0,0,0,0,0,35,23,19,14,2,21,53.8,18,13,23,58,58,0,780,38,6,8,50.0,8,50.0,310,3,20,9,329,77,53.9,90,14,3,16,7,1.24,8,12,-4,-0.28,+0.61,10.6,15.7,-5.1,-0.35,+0.04,0,22,0,1,0,55,12,41.4
617,Juan Meza,ar ARG,MF,River Plate,17-208,2008,8,2,223,2.5,0,0,0,0,0,0,0,0,0.1,0.1,0.1,0.2,6,4,14,0.00,0.00,0.00,0.00,0.00,0.03,0.06,0.09,0.03,0.09,Matches,3,1,33.3,1.21,0.40,0.00,0.00,25.4,0,0.03,-0.1,-0.1,47,79,59.5,692,168,25,36,69.4,16,26,61.5,4,15,26.7,0.3,-0.1,2,4,1,0,73,6,0,1,14,0,4,3,1,0,0,1,7,2.81,4,2,0,0,0,1,0.40,0,0,0,0,0,2,1,1,1,0,0,0.0,5,6,1,3,3,0,122,2,6,1,12.5,7,87.5,67,3,11,2,80,28,9.2,51,0,6,20,0,1.88,3,0,+3,+1.21,+0.56,3.9,1.6,+2.3,+0.91,+0.52,0,7,0,0,0,8,2,50.0
629,Juan Miritello,ar ARG,FW,Defensa y Just,26-242,1999,23,13,1197,13.3,8,2,10,8,0,1,3,1,5.8,5.0,1.1,6.1,3,12,60,0.60,0.15,0.75,0.60,0.75,0.44,0.08,0.52,0.38,0.46,Matches,27,15,55.6,2.03,1.13,0.30,0.53,12.2,0,0.19,+2.2,+3.0,243,338,71.9,3319,336,154,201,76.6,64,89,71.9,13,16,81.3,0.4,+0.9,11,12,1,0,315,21,0,2,1,0,0,0,0,0,2,7,22,1.65,16,0,2,0,0,2,0.15,2,0,0,0,0,5,3,1,3,1,0,0.0,3,3,3,8,14,0,469,20,54,6,46.2,7,53.8,204,3,38,14,336,52,49.3,74,3,10,24,1,1.22,17,12,+5,+0.38,+0.89,14.6,13.8,+0.9,+0.06,+0.49,0,21,0,0,0,38,54,58.7
651,Juan Morán,ar ARG,DF,Godoy Cruz,19-090,2006,13,13,1034,11.5,0,0,0,0,0,0,3,0,0.1,0.1,0.3,0.5,19,29,26,0.00,0.00,0.00,0.00,0.00,0.01,0.03,0.04,0.01,0.04,Matches,5,1,20.0,0.44,0.09,0.00,0.00,27.2,0,0.03,-0.1,-0.1,293,446,65.7,5026,2847,122,154,79.2,135,188,71.8,24,75,32.0,0.3,-0.3,8,17,5,4,322,122,0,1,27,118,0,0,0,0,2,17,14,1.20,11,3,0,0,0,0,0.00,0,0,0,0,0,32,19,18,12,2,17,70.8,7,13,24,56,49,0,624,28,2,9,40.9,13,59.1,223,0,24,12,248,80,42.6,80,8,0,,12,0.77,8,20,-12,-1.04,-0.85,9.2,13.8,-4.6,-0.39,-0.04,0,21,0,0,0,41,8,44.4
669,Juan Nardoni,ar ARG,MF,Racing Club,23-086,2002,19,18,1496,16.6,1,0,1,1,0,0,5,0,1.0,1.0,0.9,1.8,10,55,42,0.06,0.00,0.06,0.06,0.06,0.06,0.05,0.11,0.06,0.11,Matches,14,2,14.3,0.84,0.12,0.07,0.50,18.5,0,0.07,0.0,0.0,440,589,74.7,8159,2443,183,227,80.6,185,230,80.4,59,90,65.6,1.2,-0.9,15,54,6,1,568,15,3,3,10,3,0,0,0,0,6,18,32,1.93,26,0,1,4,1,1,0.06,0,0,0,1,0,27,14,11,13,3,9,60.0,6,18,28,55,29,1,792,32,27,21,45.7,25,54.3,323,4,25,15,412,79,61.6,82,10,1,23,0,1.30,18,20,-2,-0.12,-1.08,18.0,21.5,-3.4,-0.21,-0.47,0,21,0,0,0,115,28,52.8
762,Juan Pignani,ar ARG,DF,Platense,24-098,2001,1,1,90,1.0,0,0,0,0,0,0,0,0,0.0,0.0,0.0,0.0,0,4,1,0.00,0.00,0.00,0.00,0.00,0.00,0.00,0.00,0.00,0.00,Matches,0,0,,0.00,0.00,,,,0,,0.0,0.0,22,32,68.8,511,266,4,4,100.0,14,17,82.4,4,9,44.4,0.0,0.0,0,2,0,0,29,3,0,0,0,0,0,0,0,0,0,0,0,0.00,0,0,0,0,0,0,0.00,0,0,0,0,0,2,1,2,0,0,0,0.0,1,1,0,2,10,0,48,12,0,1,100.0,0,0.0,18,0,0,0,14,90,3.8,90,1,0,,8,0.00,0,1,-1,-1.00,-0.92,0.7,0.7,0.0,-0.02,+0.03,0,1,0,0,0,4,6,50.0
763,Juan Pignani,ar ARG,"DF,MF",Cen. Córdoba–SdE,24-098,2001,5,4,404,4.5,0,0,0,0,0,0,2,1,0.0,0.0,0.0,0.0,6,14,1,0.00,0.00,0.00,0.00,0.00,0.00,0.00,0.00,0.00,0.00,Matches,0,0,,0.00,0.00,,,,0,,0.0,0.0,22,32,68.8,511,266,4,4,100.0,14,17,82.4,4,9,44.4,0.0,0.0,0,2,0,0,29,3,0,0,0,0,0,0,0,0,0,0,0,0.00,0,0,0,0,0,0,0.00,0,0,0,0,0,2,1,2,0,0,0,0.0,1,1,0,2,10,0,48,12,0,1,100.0,0,0.0,18,0,0,0,14,90,3.8,90,1,0,,8,0.00,0,1,-1,-1.00,-0.92,0.7,0.7,0.0,-0.02,+0.03,0,1,0,0,0,4,6,50.0
768,Juan Pintado,uy URU,DF,Gimnasia–LP,31-072,1994,26,24,2174,24.2,0,2,2,0,0,0,5,0,0.8,0.8,4.0,4.7,56,111,123,0.00,0.08,0.08,0.00,0.08,0.03,0.16,0.20,0.03,0.20,Matches,15,2,13.3,0.62,0.08,0.00,0.00,23.6,6,0.05,-0.8,-0.8,838,1243,67.4,15324,7758,404,465,86.9,305,438,69.6,118,276,42.8,4.9,-2.0,48,82,49,33,934,305,1,3,200,217,46,1,44,0,4,28,92,3.81,54,31,4,2,1,4,0.17,2,2,0,0,0,68,41,38,19,11,30,60.0,20,20,25,93,85,1,1554,66,13,24,46.2,28,53.8,651,4,36,28,777,84,89.5,88,19,2,36,0,1.00,14,29,-15,-0.62,-0.97,21.4,29.2,-7.8,-0.32,+0.40,0,19,0,0,0,123,21,50.0
781,Juan Portillo,ar ARG,DF,Talleres,25-143,2000,13,13,1170,13.0,0,0,0,0,0,0,3,0,0.3,0.3,0.0,0.3,23,62,4,0.00,0.00,0.00,0.00,0.00,0.02,0.00,0.02,0.02,0.02,Matches,13,3,23.1,1.00,0.23,0.00,0.00,20.2,0,0.02,-0.3,-0.3,697,800,87.1,12841,5243,256,278,92.1,391,423,92.4,43,74,58.1,0.3,0.0,1,57,6,0,768,31,1,2,4,1,0,0,0,0,1,6,7,0.54,5,0,0,0,0,0,0.00,0,0,0,0,0,30,25,23,7,0,14,93.3,1,12,16,46,64,2,975,89,12,2,28.6,4,57.1,578,0,10,4,634,90,48.1,90,13,0,,0,0.69,8,13,-5,-0.38,-0.17,14.9,10.2,+4.6,+0.36,+0.15,0,15,0,0,0,71,42,66.7
782,Juan Portillo,ar ARG,"MF,DF",River Plate,25-143,2000,7,6,517,5.7,0,0,0,0,0,0,3,1,0.2,0.2,0.5,0.7,1,16,2,0.00,0.00,0.00,0.00,0.00,0.04,0.08,0.12,0.04,0.12,Matches,13,3,23.1,1.00,0.23,0.00,0.00,20.2,0,0.02,-0.3,-0.3,697,800,87.1,12841,5243,256,278,92.1,391,423,92.4,43,74,58.1,0.3,0.0,1,57,6,0,768,31,1,2,4,1,0,0,0,0,1,6,7,0.54,5,0,0,0,0,0,0.00,0,0,0,0,0,30,25,23,7,0,14,93.3,1,12,16,46,64,2,975,89,12,2,28.6,4,57.1,578,0,10,4,634,90,48.1,90,13,0,,0,0.69,8,13,-5,-0.38,-0.17,14.9,10.2,+4.6,+0.36,+0.15,0,15,0,0,0,71,42,66.7
750,Juan Pérez,co COL,"FW,MF",Gimnasia–LP,21-075,2004,3,0,75,0.8,0,0,0,0,0,0,1,0,0.2,0.2,0.0,0.2,2,1,6,0.00,0.00,0.00,0.00,0.00,0.24,0.00,0.24,0.24,0.24,Matches,3,1,33.3,3.60,1.20,0.00,0.00,22.0,0,0.06,-0.2,-0.2,27,34,79.4,377,43,17,18,94.4,10,12,83.3,0,2,0.0,0.0,0.0,0,2,0,0,33,1,1,0,1,1,0,0,0,0,0,2,6,7.30,5,0,0,1,0,0,0.00,0,0,0,0,0,0,0,0,0,0,0,0.0,1,2,0,0,0,0,46,0,1,1,33.3,2,66.7,32,0,4,1,35,25,3.1,,0,3,25,5,0.00,0,1,-1,-1.20,-0.70,0.6,0.7,-0.1,-0.08,+0.30,0,2,0,0,0,1,0,0.0
751,Juan Pérez,co COL,"MF,FW",Godoy Cruz,21-075,2004,4,2,216,2.4,0,0,0,0,0,0,0,0,0.1,0.1,0.2,0.3,8,8,8,0.00,0.00,0.00,0.00,0.00,0.04,0.08,0.12,0.04,0.12,Matches,3,1,33.3,3.60,1.20,0.00,0.00,22.0,0,0.06,-0.2,-0.2,27,34,79.4,377,43,17,18,94.4,10,12,83.3,0,2,0.0,0.0,0.0,0,2,0,0,33,1,1,0,1,1,0,0,0,0,0,2,6,7.30,5,0,0,1,0,0,0.00,0,0,0,0,0,0,0,0,0,0,0,0.0,1,2,0,0,0,0,46,0,1,1,33.3,2,66.7,32,0,4,1,35,25,3.1,,0,3,25,5,0.00,0,1,-1,-1.20,-0.70,0.6,0.7,-0.1,-0.08,+0.30,0,2,0,0,0,1,0,0.0
796,Juan Quintero,co COL,"MF,FW",River Plate,32-263,1993,8,5,449,5.0,0,2,2,0,0,0,0,0,0.3,0.3,1.7,2.0,5,80,25,0.00,0.40,0.40,0.00,0.40,0.07,0.34,0.41,0.07,0.41,Matches,10,2,20.0,2.00,0.40,0.00,0.00,27.4,4,0.03,-0.3,-0.3,345,429,80.4,6961,2422,141,156,90.4,140,165,84.8,60,95,63.2,1.8,+0.3,20,61,17,4,393,35,1,12,35,2,19,11,6,0,1,7,40,8.02,26,10,1,0,0,5,1.00,3,1,0,0,0,1,1,0,0,1,0,0.0,4,0,0,1,1,0,460,1,2,5,45.5,6,54.5,293,0,6,4,384,56,18.5,66,1,3,40,1,1.13,8,8,0,0.00,-0.86,5.2,5.3,0.0,-0.01,-0.55,0,1,0,0,0,20,0,
805,Juan Ramírez,ar ARG,"MF,FW",Lanús,32-136,1993,14,6,491,5.5,0,0,0,0,0,0,0,0,0.2,0.2,0.5,0.6,8,45,17,0.00,0.00,0.00,0.00,0.00,0.03,0.09,0.12,0.03,0.12,Matches,4,0,0.0,0.73,0.00,0.00,,21.2,0,0.04,-0.2,-0.2,255,288,88.5,3735,1167,152,166,91.6,86,97,88.7,11,15,73.3,0.6,-0.5,6,24,8,4,282,6,1,0,9,2,0,0,0,0,0,4,16,2.93,14,0,1,1,0,1,0.18,1,0,0,0,0,8,5,5,2,1,5,55.6,4,6,6,14,2,0,345,6,7,7,63.6,4,36.4,212,0,14,11,257,35,20.2,63,0,8,14,8,1.43,5,5,0,0.00,-0.19,6.2,5.3,+0.9,+0.16,+0.13,0,4,0,0,0,41,3,60.0
812,Juan Randazzo,ar ARG,DF,Deportivo Riestra,30-362,1994,15,8,800,8.9,1,0,1,1,0,0,3,0,0.9,0.9,0.1,1.0,1,12,1,0.11,0.00,0.11,0.11,0.11,0.10,0.01,0.11,0.10,0.11,Matches,4,2,50.0,0.45,0.23,0.25,0.50,7.5,0,0.23,+0.1,+0.1,66,127,52.0,1580,1153,21,32,65.6,20,39,51.3,22,50,44.0,0.1,-0.1,2,12,1,0,96,30,0,0,0,20,0,0,0,0,1,0,6,0.68,2,1,0,1,0,0,0.00,0,0,0,0,0,10,4,5,3,2,6,85.7,1,4,2,12,64,0,239,50,6,0,0.0,1,100.0,39,0,4,0,41,53,32.9,80,6,7,22,4,2.07,7,5,+2,+0.23,-0.44,8.2,10.0,-1.9,-0.21,-0.14,0,12,0,0,1,6,24,55.8
814,Juan Rattalino,ar ARG,MF,San Lorenzo,21-258,2004,6,4,305,3.4,0,0,0,0,0,0,0,0,0.1,0.1,0.3,0.4,1,10,9,0.00,0.00,0.00,0.00,0.00,0.03,0.07,0.10,0.03,0.10,Matches,2,0,0.0,0.59,0.00,0.00,,17.6,0,0.05,-0.1,-0.1,64,100,64.0,1035,381,33,42,78.6,21,32,65.6,6,16,37.5,0.3,-0.3,6,9,3,0,87,13,0,1,4,0,3,2,1,0,0,1,9,2.65,5,2,1,0,0,0,0.00,0,0,0,0,0,7,5,3,4,0,4,66.7,2,2,1,8,4,0,136,3,3,2,40.0,3,60.0,47,0,7,7,76,51,12.6,59,0,2,36,9,1.33,2,4,-2,-0.59,-0.89,2.8,2.4,+0.5,+0.14,-0.11,0,4,0,0,0,18,6,60.0
846,Juan Rodríguez,ar ARG,DF,Talleres,31-222,1994,16,13,1243,13.8,0,1,1,0,0,0,0,0,0.9,0.9,0.3,1.1,9,69,2,0.00,0.07,0.07,0.00,0.07,0.06,0.02,0.08,0.06,0.08,Matches,11,6,54.5,0.80,0.43,0.00,0.00,10.2,0,0.08,-0.9,-0.9,733,829,88.4,14199,5641,246,271,90.8,409,447,91.5,75,103,72.8,0.4,+0.7,9,57,3,0,792,37,0,0,0,1,0,0,0,0,0,3,17,1.23,16,0,0,0,1,1,0.07,1,0,0,0,0,16,10,14,2,0,9,75.0,3,5,15,31,105,1,1010,105,18,0,0.0,2,100.0,576,1,8,1,652,78,51.2,89,12,3,27,7,0.81,8,13,-5,-0.36,-0.13,13.5,10.5,+3.0,+0.22,-0.12,0,5,0,0,1,41,30,60.0
867,Juan Romero,py PAR,"FW,MF",Instituto,24-156,2001,6,5,417,4.6,0,1,1,0,0,0,1,0,0.6,0.6,0.3,0.9,5,10,22,0.00,0.22,0.22,0.00,0.22,0.13,0.06,0.19,0.13,0.19,Matches,7,2,28.6,1.51,0.43,0.00,0.00,20.7,0,0.08,-0.6,-0.6,78,116,67.2,1168,268,41,60,68.3,31,42,73.8,4,7,57.1,0.3,+0.7,6,6,3,2,109,6,0,1,4,1,0,0,0,0,1,1,13,2.81,11,1,0,0,0,1,0.22,1,0,0,0,0,4,1,1,1,2,0,0.0,5,5,1,5,13,0,170,14,15,4,44.4,5,55.6,62,1,8,4,98,70,17.2,74,2,1,45,0,0.50,1,8,-7,-1.51,-1.38,4.2,5.3,-1.1,-0.23,-0.23,0,8,0,0,0,9,18,58.1
881,Juan Saborido,ar ARG,DF,Platense,27-166,1998,23,23,1923,21.4,0,0,0,0,0,0,6,0,0.3,0.3,0.5,0.8,34,56,67,0.00,0.00,0.00,0.00,0.00,0.02,0.02,0.04,0.02,0.04,Matches,15,4,26.7,0.70,0.19,0.00,0.00,25.0,0,0.02,-0.3,-0.3,534,803,66.5,9022,4671,260,314,82.8,211,304,69.4,46,129,35.7,1.1,-0.5,10,49,17,10,571,231,0,5,58,225,0,0,0,0,1,31,30,1.40,23,2,1,3,1,3,0.14,2,0,0,1,0,65,40,35,18,12,34,58.6,24,26,22,87,70,0,1124,62,18,26,42.6,34,55.7,446,6,44,23,447,84,82.2,84,19,0,,1,1.56,21,23,-2,-0.09,+0.12,20.2,21.4,-1.2,-0.06,-0.01,0,30,0,0,0,90,21,48.8
,Juan Saman,,,,,,,,,,,,,,,,,,,,,,,,,,,,,,,,,,,,,,,,,,,,,,,,,,,,,,,,,,,,,,,,,,,,,,,,,,,,,,,,,,,,,,,,,,,,,,,,,,,,,,,,,,,,,,,,,,,,,,,,,,0,0,,1,,,,,,,,,,,,,,,,,,,
,Juan Vega,,,,,,,,,,,,,,,,,,,,,,,,,,,,,,,,,,,,,,,,,,,,,,,,,,,,,,,,,,,,,,,,,,,,,,,,,,,,,,,,,,,,,,,,,,,,,,,,,,,,,,,,,,,,,,,,,,,,,,,,,,0,0,,16,,,,,,,,,,,,,,,,,,,
991,Juan Velazquez,ar ARG,"DF,MF",Belgrano,20-323,2004,3,3,209,2.3,0,0,0,0,0,0,1,0,0.0,0.0,0.1,0.1,8,4,12,0.00,0.00,0.00,0.00,0.00,0.02,0.02,0.04,0.02,0.04,Matches,1,0,0.0,0.43,0.00,0.00,,26.7,0,0.04,0.0,0.0,63,94,67.0,905,309,38,46,82.6,19,29,65.5,3,11,27.3,0.1,-0.1,1,2,2,1,80,14,0,0,13,13,0,0,0,0,0,3,5,2.15,4,1,0,0,0,0,0.00,0,0,0,0,0,2,1,1,1,0,1,100.0,0,1,6,8,6,0,122,7,1,0,0.0,1,100.0,53,1,5,1,57,70,8.6,70,2,0,,0,0.33,1,7,-6,-2.58,-2.50,2.3,3.7,-1.4,-0.61,-0.53,0,1,0,0,0,15,4,100.0
1007,Juan Villalba,ar ARG,DF,Gimnasia–LP,19-207,2006,5,2,224,2.5,0,0,0,0,0,0,0,0,0.2,0.2,0.0,0.2,5,10,3,0.00,0.00,0.00,0.00,0.00,0.06,0.02,0.08,0.06,0.08,Matches,1,1,100.0,0.40,0.40,0.00,0.00,21.1,0,0.16,-0.2,-0.2,74,108,68.5,1503,708,26,28,92.9,38,51,74.5,10,22,45.5,0.2,0.0,1,8,2,1,78,30,0,2,11,21,4,0,4,0,0,5,2,0.81,1,1,0,0,0,0,0.00,0,0,0,0,0,5,3,3,0,2,2,66.7,1,2,2,7,18,0,150,16,3,2,33.3,4,66.7,49,1,4,0,55,45,9.2,88,1,3,16,11,0.80,3,2,+1,+0.40,+1.01,3.5,2.6,+0.9,+0.35,+0.79,0,4,0,0,0,14,1,33.3
1019,Juan Yangali,ar ARG,MF,Gimnasia–LP,25-219,2000,1,1,71,0.8,0,0,0,0,0,0,0,0,0.0,0.0,0.0,0.0,0,3,1,0.00,0.00,0.00,0.00,0.00,0.03,0.00,0.03,0.03,0.03,Matches,1,0,0.0,1.27,0.00,0.00,,30.3,0,0.02,0.0,0.0,15,20,75.0,306,168,4,5,80.0,5,6,83.3,4,4,100.0,0.0,0.0,0,1,0,0,19,1,0,0,0,0,0,0,0,0,0,1,2,2.54,1,1,0,0,0,0,0.00,0,0,0,0,0,1,0,1,0,0,0,0.0,1,0,0,1,0,0,24,1,0,0,,0,,9,0,1,0,9,71,2.9,71,0,0,,3,3.00,1,0,+1,+1.27,+1.84,1.5,1.7,-0.2,-0.26,+0.11,0,0,0,0,0,3,1,100.0
1033,Juan Zozaya,ar ARG,GK,Cen. Córdoba–SdE,24-119,2001,2,2,180,2.0,0,0,0,0,0,0,0,0,0.0,0.0,0.0,0.0,0,0,0,0.00,0.00,0.00,0.00,0.00,0.00,0.00,0.00,0.00,0.00,Matches,0,0,,0.00,0.00,,,,0,,0.0,0.0,29,40,72.5,795,619,13,13,100.0,7,8,87.5,9,18,50.0,0.0,0.0,0,1,0,0,23,17,0,0,0,0,0,0,0,0,0,0,0,0.00,0,0,0,0,0,0,0.00,0,0,0,0,0,0,0,0,0,0,0,,0,0,0,0,1,0,43,35,0,0,,0,,23,0,0,0,13,90,7.4,90,2,0,,13,0.00,1,3,-2,-1.00,-1.16,3.3,1.8,+1.5,+0.74,+0.67,0,0,0,0,0,1,0,
347,Julio Furch,ar ARG,"FW,MF",Banfield,36-071,1989,6,0,89,1.0,0,0,0,0,0,0,0,0,0.5,0.5,0.1,0.6,1,4,6,0.00,0.00,0.00,0.00,0.00,0.50,0.12,0.62,0.50,0.62,Matches,3,1,33.3,3.03,1.01,0.00,0.00,9.9,0,0.16,-0.5,-0.5,15,28,53.6,274,67,6,11,54.5,7,8,87.5,1,2,50.0,0.0,-0.1,2,1,0,0,28,0,0,0,2,0,0,0,0,0,0,2,3,3.03,1,0,0,0,0,0,0.00,0,0,0,0,0,3,1,1,2,0,1,33.3,2,2,1,4,2,0,47,3,11,0,0.0,2,100.0,23,0,2,3,32,15,3.7,,0,6,15,2,1.17,0,1,-1,-1.01,-0.67,1.4,0.7,+0.7,+0.70,+1.04,0,4,0,0,0,6,7,36.8
225,Julián Contrera,ar ARG,"MF,FW",Sarmiento,22-151,2003,10,10,742,8.2,0,1,1,0,0,0,3,0,0.1,0.1,2.0,2.1,11,14,29,0.00,0.12,0.12,0.00,0.12,0.01,0.24,0.25,0.01,0.25,Matches,3,1,33.3,0.36,0.12,0.00,0.00,16.4,0,0.03,-0.1,-0.1,116,193,60.1,2023,668,56,70,80.0,49,67,73.1,10,41,24.4,1.5,-1.0,13,13,7,4,164,28,1,0,32,2,15,4,9,0,1,10,26,3.15,17,4,3,2,0,1,0.12,1,0,0,0,0,16,8,10,6,0,7,43.8,9,7,5,21,6,0,298,0,9,9,36.0,15,60.0,149,2,27,13,152,74,31.7,74,2,0,,0,1.09,8,8,0,0.00,+0.62,7.6,8.5,-0.9,-0.11,+0.32,0,18,0,0,0,48,8,36.4
523,Julián López,ar ARG,MF,Tigre,25-273,2000,23,9,878,9.8,1,0,1,1,0,0,7,0,1.0,1.0,1.2,2.2,10,61,25,0.10,0.00,0.10,0.10,0.10,0.10,0.12,0.22,0.10,0.22,Matches,15,4,26.7,1.54,0.41,0.07,0.25,22.8,0,0.07,0.0,0.0,298,417,71.5,5614,2126,115,139,82.7,127,171,74.3,47,79,59.5,0.6,-1.2,8,53,4,1,408,9,1,5,10,0,1,0,0,0,0,7,25,2.56,17,0,4,1,0,0,0.00,0,0,0,0,0,22,11,8,11,3,9,37.5,15,14,4,26,22,0,536,17,10,13,61.9,8,38.1,245,1,16,8,299,38,36.1,76,2,14,14,4,1.70,11,6,+5,+0.51,+0.34,10.6,7.0,+3.6,+0.37,+0.10,0,21,0,1,0,62,25,53.2
,Julián Marchio,,,,,,,,,,,,,,,,,,,,,,,,,,,,,,,,,,,,,,,,,,,,,,,,,,,,,,,,,,,,,,,,,,,,,,,,,,,,,,,,,,,,,,,,,,,,,,,,,,,,,,,,,,,,,,,,,,,,,,,,,,0,0,,4,,,,,,,,,,,,,,,,,,,
596,Julián Mavilla,ar ARG,"MF,FW",Belgrano,25-164,2000,12,1,303,3.4,0,0,0,0,0,0,1,0,0.2,0.2,0.8,0.9,9,13,28,0.00,0.00,0.00,0.00,0.00,0.06,0.22,0.28,0.06,0.28,Matches,4,0,0.0,1.19,0.00,0.00,,25.4,0,0.05,-0.2,-0.2,81,127,63.8,1283,385,41,53,77.4,31,48,64.6,6,16,37.5,0.8,-0.8,4,11,5,2,121,6,0,1,13,3,2,1,1,0,0,4,9,2.66,8,0,1,0,0,1,0.30,1,0,0,0,0,8,5,1,4,3,4,44.4,5,7,4,12,13,0,177,7,8,10,62.5,6,37.5,99,5,7,5,95,25,12.5,90,1,11,19,13,1.25,2,4,-2,-0.59,-0.34,3.6,4.1,-0.6,-0.17,-0.05,0,5,0,0,0,26,4,44.4
714,Julián Palacios,ar ARG,MF,Unión,26-246,1999,24,16,1329,14.8,1,3,4,1,0,0,3,0,1.4,1.4,2.2,3.6,40,80,95,0.07,0.20,0.27,0.07,0.27,0.10,0.15,0.25,0.10,0.25,Matches,30,10,33.3,2.03,0.68,0.03,0.10,21.9,0,0.05,-0.4,-0.4,363,528,68.8,6299,2173,173,221,78.3,143,191,74.9,38,74,51.4,2.2,+0.8,26,44,26,6,496,27,1,3,41,12,7,0,7,0,5,23,61,4.13,44,3,4,4,1,5,0.34,5,0,0,0,0,22,17,6,11,5,11,40.7,16,16,12,34,9,0,706,4,33,20,46.5,23,53.5,373,6,35,18,466,55,54.7,68,0,8,30,3,1.13,21,9,+12,+0.81,+1.88,17.1,13.5,+3.6,+0.24,+0.16,0,22,0,0,0,76,10,30.3
652,Junior Moreno,ve VEN,MF,Gimnasia–LP,32-080,1993,3,1,95,1.1,0,0,0,0,0,0,1,0,0.0,0.0,0.0,0.0,0,3,1,0.00,0.00,0.00,0.00,0.00,0.00,0.05,0.05,0.00,0.05,Matches,0,0,,0.00,0.00,,,,0,,0.0,0.0,26,34,76.5,376,194,12,16,75.0,7,9,77.8,3,3,100.0,0.0,0.0,1,1,0,0,34,0,0,0,0,0,0,0,0,0,0,1,2,1.91,2,0,0,0,0,0,0.00,0,0,0,0,0,1,1,0,1,0,1,50.0,1,1,0,1,2,0,44,1,0,0,,0,,16,0,2,2,21,32,3.9,57,0,2,19,8,0.00,0,0,0,0.00,+0.54,0.3,0.6,-0.2,-0.21,+0.16,0,4,0,0,0,5,2,33.3
375,Justo Giani,ar ARG,"MF,FW",Aldosivi,26-184,1999,23,20,1588,17.6,3,3,6,3,0,0,3,0,3.1,3.1,2.3,5.4,13,62,99,0.17,0.17,0.34,0.17,0.34,0.17,0.13,0.30,0.17,0.30,Matches,49,16,32.7,2.78,0.91,0.06,0.19,21.2,4,0.06,-0.1,-0.1,427,623,68.5,6506,2235,234,306,76.5,139,188,73.9,33,67,49.3,2.4,+0.7,34,64,15,4,573,47,6,3,38,10,13,2,8,0,3,25,64,3.63,37,7,3,11,0,5,0.28,3,0,1,1,0,38,21,9,21,8,19,48.7,20,9,15,53,21,0,916,21,44,26,40.6,35,54.7,480,0,63,37,604,69,65.3,75,7,3,29,0,0.65,12,28,-16,-0.91,-0.37,13.7,21.1,-7.5,-0.42,+0.14,0,23,0,0,0,103,52,50.5
77,Kevin Balanta,co COL,DF,Defensa y Just,28-163,1997,5,5,421,4.7,0,0,0,0,0,0,2,0,0.0,0.0,0.0,0.0,2,14,0,0.00,0.00,0.00,0.00,0.00,0.00,0.00,0.00,0.00,0.00,Matches,0,0,,0.00,0.00,,,,0,,0.0,0.0,179,200,89.5,3659,1326,54,57,94.7,103,110,93.6,21,31,67.7,0.0,0.0,0,4,0,0,198,1,0,0,0,0,0,0,0,0,1,0,0,0.00,0,0,0,0,0,0,0.00,0,0,0,0,0,4,2,3,1,0,3,75.0,1,2,7,11,45,0,264,29,0,0,,0,,127,0,0,1,155,84,17.3,84,4,0,,2,1.00,4,7,-3,-0.64,-0.69,2.9,5.5,-2.7,-0.57,-0.47,0,8,0,0,0,13,12,46.2
195,Kevin Castaño,co COL,MF,River Plate,25-009,2000,16,13,1193,13.3,0,0,0,0,0,0,7,0,0.3,0.3,0.7,1.0,10,84,23,0.00,0.00,0.00,0.00,0.00,0.02,0.06,0.08,0.02,0.08,Matches,8,0,0.0,0.60,0.00,0.00,,24.8,0,0.03,-0.3,-0.3,677,801,84.5,10559,3729,361,394,91.6,245,279,87.8,46,73,63.0,0.8,-0.7,18,62,7,0,763,32,1,4,18,2,13,4,9,0,6,13,38,2.87,25,8,1,0,1,1,0.08,1,0,0,0,0,33,21,16,15,2,16,53.3,14,13,13,46,16,0,946,15,5,5,35.7,8,57.1,523,1,17,14,678,75,49.1,84,9,3,34,1,1.89,22,13,+9,+0.68,-0.05,16.2,12.3,+3.8,+0.29,-0.30,0,28,0,0,0,82,10,58.8
233,Kevin Coronel,ar ARG,DF,Arg Juniors,21-058,2004,2,0,31,0.3,0,0,0,0,0,0,0,0,0.0,0.0,0.0,0.0,1,7,6,0.00,0.00,0.00,0.00,0.00,0.00,0.14,0.14,0.00,0.14,Matches,0,0,,0.00,0.00,,,,0,,0.0,0.0,21,32,65.6,337,177,11,12,91.7,7,13,53.8,2,5,40.0,0.1,0.0,1,1,2,0,26,6,0,0,5,6,0,0,0,0,0,2,4,11.61,4,0,0,0,0,0,0.00,0,0,0,0,0,0,0,0,0,0,0,,0,1,0,0,2,0,38,2,2,0,,0,,18,1,1,0,22,16,1.3,,0,2,16,23,2.00,1,0,+1,+2.90,+2.23,1.0,0.1,+1.0,+2.81,+2.43,0,1,0,0,0,2,1,100.0
306,Kevin Facundo Gutiérrez,ar ARG,MF,Defensa y Just,28-127,1997,26,25,2211,24.6,0,1,1,0,0,0,6,0,0.9,0.9,0.9,1.7,25,209,22,0.00,0.04,0.04,0.00,0.04,0.03,0.04,0.07,0.03,0.07,Matches,32,10,31.3,1.30,0.41,0.00,0.00,28.0,3,0.03,-0.9,-0.9,1308,1576,83.0,24236,9140,559,624,89.6,589,679,86.7,144,228,63.2,1.9,+0.1,21,203,26,0,1483,87,4,23,23,2,3,0,3,0,6,17,51,2.08,45,3,0,1,1,4,0.16,4,0,0,0,0,36,14,14,18,4,17,54.8,14,14,28,64,67,2,1822,68,4,16,50.0,16,50.0,968,0,27,19,1254,85,91.0,88,22,1,1,1,1.35,27,26,+1,+0.04,+1.27,24.6,28.1,-3.5,-0.14,+0.48,0,17,0,1,0,153,5,33.3
439,Kevin Gutiérrez,ar ARG,MF,Rosario Central,19-251,2006,1,0,23,0.3,0,0,0,0,0,0,0,0,0.0,0.0,0.0,0.0,0,2,0,0.00,0.00,0.00,0.00,0.00,0.00,0.09,0.09,0.00,0.09,Matches,0,0,,0.00,0.00,,,,0,,0.0,0.0,10,12,83.3,154,43,4,5,80.0,5,5,100.0,1,2,50.0,0.0,0.0,1,2,0,0,12,0,0,0,0,0,0,0,0,0,0,0,1,3.91,1,0,0,0,0,0,0.00,0,0,0,0,0,0,0,0,0,0,0,,0,0,0,0,2,0,17,2,0,0,,0,,7,0,1,0,10,23,1.0,,0,1,23,4,1.00,1,1,0,0.00,-0.78,1.0,0.5,+0.4,+1.71,+1.26,0,0,0,0,0,0,1,33.3
477,Kevin Jappert,ar ARG,DF,Barracas Central,21-225,2004,25,24,2181,24.2,3,0,3,3,0,0,3,0,1.6,1.6,0.5,2.1,8,57,6,0.12,0.00,0.12,0.12,0.12,0.07,0.02,0.09,0.07,0.09,Matches,12,3,25.0,0.50,0.12,0.25,1.00,11.7,0,0.14,+1.4,+1.4,477,725,65.8,9681,5456,133,162,82.1,272,353,77.1,64,188,34.0,1.0,-0.5,4,46,3,1,588,136,0,2,4,106,0,0,0,0,1,11,21,0.87,9,3,1,3,1,3,0.12,2,1,0,0,0,35,20,25,10,0,20,80.0,5,17,50,85,142,0,1036,148,21,9,60.0,6,40.0,380,0,20,3,361,87,89.8,90,24,1,21,2,1.54,31,24,+7,+0.29,+1.37,24.2,22.2,+1.9,+0.08,+0.09,0,14,0,0,1,118,29,58.0
517,Kevin Lomónaco,ar ARG,DF,Independiente,23-273,2002,24,24,2093,23.3,0,0,0,0,0,0,3,1,0.4,0.4,0.2,0.6,42,118,8,0.00,0.00,0.00,0.00,0.00,0.02,0.01,0.03,0.02,0.03,Matches,8,1,12.5,0.34,0.04,0.00,0.00,20.5,0,0.05,-0.4,-0.4,1192,1399,85.2,23932,8568,377,418,90.2,641,697,92.0,160,230,69.6,0.6,-0.2,4,96,11,5,1313,82,0,13,17,5,0,0,0,0,4,30,22,0.95,18,0,0,3,1,1,0.04,1,0,0,0,0,36,28,25,11,0,18,69.2,8,11,23,59,94,2,1626,128,13,18,50.0,16,44.4,974,1,22,14,1027,87,89.4,87,21,0,,0,1.52,27,18,+9,+0.39,+1.12,24.6,20.0,+4.6,+0.20,+1.63,0,20,0,3,0,168,46,59.7
524,Kevin Lopez,ar ARG,MF,Atlé Tucumán,23-284,2001,16,8,708,7.9,0,0,0,0,0,0,3,0,0.5,0.5,1.3,1.8,22,49,22,0.00,0.00,0.00,0.00,0.00,0.07,0.16,0.23,0.07,0.23,Matches,10,3,30.0,1.27,0.38,0.00,0.00,27.6,1,0.05,-0.5,-0.5,360,454,79.3,6570,2236,162,181,89.5,136,164,82.9,51,86,59.3,1.3,-1.3,10,40,8,1,402,52,2,3,32,2,22,10,12,0,0,8,24,3.04,12,9,1,0,0,3,0.38,2,1,0,0,0,16,10,4,11,1,7,41.2,10,8,10,26,16,0,536,18,3,14,66.7,7,33.3,277,1,14,7,310,44,29.1,67,1,8,22,3,1.38,10,7,+3,+0.38,+0.64,12.0,9.8,+2.2,+0.28,+0.61,0,7,0,0,0,81,4,30.8
,Kevin Mantilla,,,,,,,,,,,,,,,,,,,,,,,,,,,,,,,,,,,,,,,,,,,,,,,,,,,,,,,,,,,,,,,,,,,,,,,,,,,,,,,,,,,,,,,,,,,,,,,,,,,,,,,,,,,,,,,,,,,,,,,,,,0,0,,2,,,,,,,,,,,,,,,,,,,
,Kevin Medina,,,,,,,,,,,,,,,,,,,,,,,,,,,,,,,,,,,,,,,,,,,,,,,,,,,,,,,,,,,,,,,,,,,,,,,,,,,,,,,,,,,,,,,,,,,,,,,,,,,,,,,,,,,,,,,,,,,,,,,,,,0,0,,1,,,,,,,,,,,,,,,,,,,
702,Kevin Ortíz,ar ARG,MF,Atlé Tucumán,25-020,2000,11,10,907,10.1,0,1,1,0,0,0,4,0,0.1,0.1,0.7,0.8,11,50,6,0.00,0.10,0.10,0.00,0.10,0.01,0.07,0.08,0.01,0.08,Matches,6,0,0.0,0.60,0.00,0.00,,27.0,0,0.02,-0.1,-0.1,306,405,75.6,5713,2093,123,151,81.5,130,154,84.4,44,73,60.3,0.5,+0.3,7,46,6,0,389,15,0,1,7,3,0,0,0,0,1,12,19,1.89,18,0,0,1,0,2,0.20,2,0,0,0,0,34,22,19,13,2,17,43.6,22,12,23,57,36,0,556,33,1,9,60.0,5,33.3,243,0,15,7,255,82,37.3,88,9,1,24,0,1.36,12,11,+1,+0.10,+0.28,12.8,13.4,-0.6,-0.06,+0.15,0,10,0,0,0,64,17,51.5
703,Kevin Ortíz,ar ARG,MF,Rosario Central,25-020,2000,5,0,72,0.8,0,0,0,0,0,0,0,0,0.0,0.0,0.3,0.3,0,3,0,0.00,0.00,0.00,0.00,0.00,0.00,0.31,0.31,0.00,0.31,Matches,6,0,0.0,0.60,0.00,0.00,,27.0,0,0.02,-0.1,-0.1,306,405,75.6,5713,2093,123,151,81.5,130,154,84.4,44,73,60.3,0.5,+0.3,7,46,6,0,389,15,0,1,7,3,0,0,0,0,1,12,19,1.89,18,0,0,1,0,2,0.20,2,0,0,0,0,34,22,19,13,2,17,43.6,22,12,23,57,36,0,556,33,1,9,60.0,5,33.3,243,0,15,7,255,82,37.3,88,9,1,24,0,1.36,12,11,+1,+0.10,+0.28,12.8,13.4,-0.6,-0.06,+0.15,0,10,0,0,0,64,17,51.5
726,Kevin Parzajuk,py PAR,FW,Godoy Cruz,23-029,2002,11,7,570,6.3,0,1,1,0,0,0,0,0,0.3,0.3,0.2,0.5,2,7,36,0.00,0.16,0.16,0.00,0.16,0.05,0.03,0.08,0.05,0.08,Matches,8,1,12.5,1.26,0.16,0.00,0.00,19.4,0,0.04,-0.3,-0.3,66,125,52.8,847,163,41,68,60.3,19,34,55.9,2,5,40.0,0.1,+0.8,6,7,0,0,117,6,0,0,4,0,0,0,0,0,2,5,12,1.89,8,0,1,2,0,1,0.16,1,0,0,0,0,5,1,0,3,2,2,66.7,1,2,2,7,4,0,193,5,21,3,25.0,9,75.0,98,1,19,16,144,52,23.5,72,1,4,16,4,1.09,4,3,+1,+0.16,+0.93,3.1,7.4,-4.3,-0.68,-0.40,0,12,0,0,0,10,27,42.9
821,Kevin Retamar,ar ARG,"MF,FW",Ind. Rivadavia,26-244,1999,22,11,1094,12.2,4,3,7,4,0,0,3,0,3.4,3.4,1.5,4.8,14,23,49,0.33,0.25,0.58,0.33,0.58,0.28,0.12,0.40,0.28,0.40,Matches,18,10,55.6,1.48,0.82,0.22,0.40,13.4,0,0.19,+0.6,+0.6,221,319,69.3,3401,999,129,169,76.3,66,86,76.7,16,33,48.5,1.1,+1.5,6,15,6,1,315,3,0,3,10,1,0,0,0,0,1,14,19,1.56,15,1,1,1,0,4,0.33,4,0,0,0,0,23,15,9,10,4,13,40.6,19,17,10,33,18,2,470,22,36,18,52.9,14,41.2,236,2,24,8,258,50,45.0,71,0,11,29,0,1.22,16,10,+6,+0.49,+0.83,13.9,15.1,-1.2,-0.10,+0.34,0,13,0,0,0,72,14,33.3
986,Kevin Vázquez,ar ARG,MF,Vélez Sarsfield,24-203,2001,7,4,310,3.4,0,0,0,0,0,0,3,0,0.0,0.0,0.1,0.1,6,20,3,0.00,0.00,0.00,0.00,0.00,0.01,0.02,0.02,0.01,0.02,Matches,1,0,0.0,0.29,0.00,0.00,,29.7,0,0.02,0.0,0.0,139,171,81.3,2181,633,76,92,82.6,50,59,84.7,9,14,64.3,0.1,-0.1,2,14,3,1,169,2,2,0,2,0,1,0,0,0,0,2,6,1.74,4,0,1,1,0,0,0.00,0,0,0,0,0,12,8,2,9,1,7,77.8,2,4,2,14,3,0,207,4,1,1,33.3,2,66.7,110,0,3,5,117,44,12.8,58,1,3,26,6,0.86,3,8,-5,-1.45,-1.41,2.7,3.5,-0.9,-0.25,-0.19,0,6,0,0,0,22,3,42.9
1032,Kevin Zenon,ar ARG,"MF,FW",Boca Juniors,24-070,2001,19,9,923,10.3,2,0,2,2,0,0,1,1,1.6,1.6,1.7,3.3,24,65,92,0.20,0.00,0.20,0.20,0.20,0.15,0.17,0.32,0.15,0.32,Matches,16,11,68.8,1.56,1.07,0.13,0.18,19.8,0,0.10,+0.4,+0.4,330,476,69.3,6190,1549,141,165,85.5,137,174,78.7,43,97,44.3,1.6,-1.7,18,40,14,7,428,47,0,7,64,8,22,9,10,0,1,21,34,3.32,28,3,2,0,0,2,0.20,1,0,0,0,0,17,12,6,9,2,6,66.7,3,6,4,21,9,0,590,8,23,14,48.3,15,51.7,350,5,21,25,433,49,38.0,82,4,10,19,4,1.67,17,10,+7,+0.68,-0.27,14.6,11.2,+3.5,+0.34,-0.15,0,6,0,0,0,51,6,42.9
674,Keylor Navas,cr CRC,GK,Newell's OB,38-297,1986,14,14,1260,14.0,0,0,0,0,0,0,1,0,0.0,0.0,0.0,0.0,0,0,0,0.00,0.00,0.00,0.00,0.00,0.00,0.00,0.00,0.00,0.00,Matches,0,0,,0.00,0.00,,,,0,,0.0,0.0,257,379,67.8,9870,8453,23,23,100.0,93,93,100.0,141,263,53.6,0.0,0.0,0,13,1,0,208,171,0,0,0,0,0,0,0,0,0,0,3,0.21,3,0,0,0,0,1,0.07,1,0,0,0,0,0,0,0,0,0,0,,0,0,0,0,7,0,411,369,0,0,,0,,177,0,0,0,107,90,51.9,90,14,0,,0,1.36,12,11,+1,+0.07,+0.99,15.1,16.3,-1.1,-0.08,+0.17,0,0,0,0,0,7,5,100.0
847,Laureano Rodríguez,ar ARG,MF,Ind. Rivadavia,22-319,2002,1,0,3,0.0,0,0,0,0,0,0,0,0,0.0,0.0,0.0,0.0,0,1,0,0.00,0.00,0.00,0.00,0.00,0.00,0.00,0.00,0.00,0.00,Matches,0,0,,0.00,0.00,,,,0,,0.0,0.0,1,1,100.0,12,3,1,1,100.0,0,0,,0,0,,0.0,0.0,0,1,0,0,1,0,0,0,0,0,0,0,0,0,0,0,1,30.00,1,0,0,0,0,0,0.00,0,0,0,0,0,0,0,0,0,0,0,,0,0,0,0,1,0,2,0,0,0,,0,,1,0,0,0,1,3,0.1,,0,1,3,5,1.00,0,0,0,0.00,-0.04,0.0,0.4,-0.4,-11.60,-11.32,0,0,0,0,0,0,0,
372,Laurtaro Giaccone,ar ARG,"FW,MF",Rosario Central,24-249,2001,14,4,525,5.8,1,2,3,1,0,0,0,0,0.5,0.5,1.6,2.2,23,15,40,0.17,0.34,0.51,0.17,0.51,0.09,0.28,0.37,0.09,0.37,Matches,10,3,30.0,1.71,0.51,0.10,0.33,21.7,0,0.05,+0.5,+0.5,133,201,66.2,2381,675,69,80,86.3,44,67,65.7,18,42,42.9,1.3,+0.4,11,10,8,3,190,10,3,6,23,1,4,1,2,0,1,4,17,2.91,14,2,1,0,0,3,0.51,2,0,1,0,0,5,4,0,5,0,3,50.0,3,4,6,11,5,0,264,3,12,8,57.1,6,42.9,151,3,17,7,184,38,22.4,59,0,10,29,2,2.27,5,3,+2,+0.34,-0.55,6.1,3.9,+2.2,+0.38,-0.11,0,2,0,0,0,28,2,33.3
373,Laurtaro Giaccone,ar ARG,"FW,MF",Arg Juniors,24-249,2001,7,1,260,2.9,0,0,0,0,0,0,1,0,0.7,0.7,0.1,0.8,6,13,23,0.00,0.00,0.00,0.00,0.00,0.23,0.04,0.27,0.23,0.27,Matches,10,3,30.0,1.71,0.51,0.10,0.33,21.7,0,0.05,+0.5,+0.5,133,201,66.2,2381,675,69,80,86.3,44,67,65.7,18,42,42.9,1.3,+0.4,11,10,8,3,190,10,3,6,23,1,4,1,2,0,1,4,17,2.91,14,2,1,0,0,3,0.51,2,0,1,0,0,5,4,0,5,0,3,50.0,3,4,6,11,5,0,264,3,12,8,57.1,6,42.9,151,3,17,7,184,38,22.4,59,0,10,29,2,2.27,5,3,+2,+0.34,-0.55,6.1,3.9,+2.2,+0.38,-0.11,0,2,0,0,0,28,2,33.3
11,Lautaro Acosta,ar ARG,"MF,FW",Lanús,37-208,1988,6,1,81,0.9,1,0,1,1,0,0,1,0,0.1,0.1,0.0,0.2,3,2,8,1.11,0.00,1.11,1.11,1.11,0.15,0.05,0.21,0.15,0.21,Matches,1,1,100.0,1.11,1.11,1.00,1.00,10.6,0,0.14,+0.9,+0.9,18,21,85.7,233,28,11,12,91.7,6,7,85.7,0,0,,0.1,0.0,2,0,1,0,20,1,0,0,0,0,0,0,0,0,0,0,2,2.20,2,0,0,0,0,0,0.00,0,0,0,0,0,1,0,0,0,1,0,0.0,1,3,0,1,3,0,36,2,2,0,0.0,3,100.0,17,1,1,1,24,14,3.3,56,0,5,5,8,2.14,3,3,0,0.00,-0.15,1.7,0.7,+0.9,+1.02,+1.00,0,1,0,0,0,2,0,0.0
113,Lautaro Blanco,ar ARG,DF,Boca Juniors,26-231,1999,22,22,1959,21.8,1,2,3,1,0,0,3,0,0.4,0.4,2.8,3.2,48,78,145,0.05,0.09,0.14,0.05,0.14,0.02,0.13,0.15,0.02,0.15,Matches,6,3,50.0,0.28,0.14,0.17,0.33,18.3,0,0.07,+0.6,+0.6,932,1242,75.0,15544,5028,460,506,90.9,395,514,76.8,69,165,41.8,2.7,-0.8,22,49,29,22,1034,206,0,2,131,190,8,1,5,0,2,35,39,1.79,34,2,2,1,0,2,0.09,2,0,0,0,0,44,34,28,12,4,22,59.5,15,20,19,63,57,0,1463,47,23,15,44.1,19,55.9,677,5,28,7,897,89,80.6,89,20,0,,3,1.79,37,15,+22,+1.01,+0.82,29.3,18.7,+10.6,+0.49,+0.28,0,20,0,0,0,99,13,72.2
,Lautaro Bursich,,,,,,,,,,,,,,,,,,,,,,,,,,,,,,,,,,,,,,,,,,,,,,,,,,,,,,,,,,,,,,,,,,,,,,,,,,,,,,,,,,,,,,,,,,,,,,,,,,,,,,,,,,,,,,,,,,,,,,,,,,0,0,,13,,,,,,,,,,,,,,,,,,,
,Lautaro Carrera,,,,,,,,,,,,,,,,,,,,,,,,,,,,,,,,,,,,,,,,,,,,,,,,,,,,,,,,,,,,,,,,,,,,,,,,,,,,,,,,,,,,,,,,,,,,,,,,,,,,,,,,,,,,,,,,,,,,,,,,,,0,0,,6,,,,,,,,,,,,,,,,,,,
214,Lautaro Chávez,ar ARG,"FW,MF",Aldosivi,24-264,2001,10,4,404,4.5,0,1,1,0,0,0,1,0,0.6,0.6,0.8,1.4,9,10,34,0.00,0.22,0.22,0.00,0.22,0.13,0.19,0.31,0.13,0.31,Matches,11,4,36.4,2.45,0.89,0.00,0.00,24.3,1,0.05,-0.6,-0.6,67,120,55.8,1337,537,28,45,62.2,22,38,57.9,16,35,45.7,0.3,+0.2,11,7,2,0,95,24,0,1,28,2,17,12,5,0,1,3,21,4.67,9,6,2,2,0,1,0.22,0,1,0,0,0,9,5,6,3,0,5,45.5,6,6,1,10,4,0,195,1,5,3,18.8,13,81.3,104,1,19,8,111,40,16.6,49,0,6,35,6,0.80,3,9,-6,-1.34,-0.67,3.4,6.7,-3.3,-0.73,-0.32,0,2,0,0,0,20,1,25.0
272,Lautaro Di Lollo,ar ARG,DF,Boca Juniors,21-212,2004,20,15,1459,16.2,3,0,3,3,0,0,7,0,0.8,0.8,0.1,0.9,16,56,0,0.19,0.00,0.19,0.19,0.19,0.05,0.01,0.06,0.05,0.06,Matches,12,4,33.3,0.74,0.25,0.25,0.75,12.7,0,0.06,+2.2,+2.2,929,1046,88.8,17623,6632,326,346,94.2,518,555,93.3,76,126,60.3,0.1,-0.1,4,47,0,0,1019,24,0,0,0,0,0,0,0,0,3,5,9,0.56,5,0,0,0,1,0,0.00,0,0,0,0,0,35,23,25,8,2,19,79.2,5,13,18,53,97,0,1241,109,15,4,66.7,2,33.3,687,0,5,2,869,73,60.0,87,14,5,31,7,1.95,30,10,+20,+1.23,+0.96,23.6,11.8,+11.8,+0.73,+0.73,0,25,0,0,0,85,52,61.9
294,Lautaro Escalante,ar ARG,MF,San Martín de San Juan,26-098,1999,6,1,226,2.5,0,0,0,0,0,0,0,0,0.2,0.2,0.6,0.8,8,12,10,0.00,0.00,0.00,0.00,0.00,0.07,0.24,0.31,0.07,0.31,Matches,4,0,0.0,1.59,0.00,0.00,,22.0,0,0.05,-0.2,-0.2,75,105,71.4,1256,385,38,47,80.9,29,35,82.9,7,16,43.8,0.4,-0.6,4,7,2,1,100,4,1,1,3,0,1,1,0,0,1,5,9,3.58,5,2,0,1,0,0,0.00,0,0,0,0,0,7,3,3,2,2,4,40.0,6,4,2,9,2,0,139,4,2,3,42.9,4,57.1,72,0,8,4,83,38,9.3,58,0,5,34,10,0.83,0,1,-1,-0.40,+0.21,2.9,3.6,-0.7,-0.28,+0.02,0,4,0,0,0,12,2,33.3
,Lautaro Garzón,,,,,,,,,,,,,,,,,,,,,,,,,,,,,,,,,,,,,,,,,,,,,,,,,,,,,,,,,,,,,,,,,,,,,,,,,,,,,,,,,,,,,,,,,,,,,,,,,,,,,,,,,,,,,,,,,,,,,,,,,,0,0,,4,,,,,,,,,,,,,,,,,,,
394,Lautaro Godoy,py PAR,MF,Atlé Tucumán,22-207,2003,14,7,607,6.7,0,1,1,0,0,0,0,0,0.3,0.3,0.6,0.9,15,34,28,0.00,0.15,0.15,0.00,0.15,0.04,0.09,0.14,0.04,0.14,Matches,9,4,44.4,1.33,0.59,0.00,0.00,24.3,1,0.03,-0.3,-0.3,244,343,71.1,4013,1351,128,146,87.7,79,103,76.7,27,63,42.9,1.1,+0.4,13,25,7,5,300,40,0,0,53,2,27,6,21,0,3,14,29,4.30,11,11,5,1,0,1,0.15,0,1,0,0,0,23,13,9,14,0,6,50.0,6,9,12,35,3,0,473,8,6,16,43.2,20,54.1,232,2,24,11,248,43,25.0,69,0,7,17,11,0.64,4,5,-1,-0.15,-0.10,6.5,9.4,-2.9,-0.43,-0.37,0,20,0,0,0,56,5,41.7
401,Lautaro Gómez,ar ARG,MF,Banfield,22-061,2003,1,0,16,0.2,0,0,0,0,0,0,0,0,0.0,0.0,0.0,0.0,0,1,1,0.00,0.00,0.00,0.00,0.00,0.00,0.00,0.00,0.00,0.00,Matches,0,0,,0.00,0.00,,,,0,,0.0,0.0,2,3,66.7,41,4,0,1,0.0,2,2,100.0,0,0,,0.0,0.0,0,0,0,0,3,0,0,0,0,0,0,0,0,0,0,0,0,0.00,0,0,0,0,0,0,0.00,0,0,0,0,0,1,1,0,0,1,0,,0,0,0,1,0,0,4,0,1,0,,0,,4,0,0,2,4,16,0.7,,0,1,16,1,0.00,0,1,-1,-5.63,-5.29,0.2,0.1,+0.1,+0.48,+0.78,0,1,0,0,0,0,0,
,Lautaro Ludueña,,,,,,,,,,,,,,,,,,,,,,,,,,,,,,,,,,,,,,,,,,,,,,,,,,,,,,,,,,,,,,,,,,,,,,,,,,,,,,,,,,,,,,,,,,,,,,,,,,,,,,,,,,,,,,,,,,,,,,,,,,0,0,,4,,,,,,,,,,,,,,,,,,,
622,Lautaro Millán,cl CHI,"MF,FW",Independiente,20-053,2005,16,12,892,9.9,1,0,1,1,0,0,1,0,1.5,1.5,1.7,3.3,16,39,69,0.10,0.00,0.10,0.10,0.10,0.15,0.18,0.33,0.15,0.33,Matches,20,3,15.0,2.02,0.30,0.05,0.33,17.5,0,0.08,-0.5,-0.5,303,379,79.9,4790,1225,174,197,88.3,94,107,87.9,27,48,56.3,1.6,-1.7,19,26,14,3,343,35,2,1,27,2,22,4,13,0,1,9,44,4.43,30,8,1,2,0,3,0.30,2,0,0,0,0,13,8,1,9,3,1,9.1,10,5,2,15,2,0,465,2,26,7,38.9,11,61.1,282,5,22,12,327,56,38.1,65,1,4,28,5,1.68,8,10,-2,-0.20,-0.76,11.0,14.6,-3.6,-0.36,-0.63,0,5,0,0,0,51,8,42.1
,Lautaro Montenegro,,,,,,,,,,,,,,,,,,,,,,,,,,,,,,,,,,,,,,,,,,,,,,,,,,,,,,,,,,,,,,,,,,,,,,,,,,,,,,,,,,,,,,,,,,,,,,,,,,,,,,,,,,,,,,,,,,,,,,,,,,0,0,,1,,,,,,,,,,,,,,,,,,,
644,Lautaro Mora,ar ARG,FW,Huracán,19-225,2006,1,1,59,0.7,0,0,0,0,0,0,0,0,0.0,0.0,0.0,0.0,0,2,3,0.00,0.00,0.00,0.00,0.00,0.00,0.00,0.00,0.00,0.00,Matches,0,0,,0.00,0.00,,,,0,,0.0,0.0,14,17,82.4,239,78,5,6,83.3,8,9,88.9,1,2,50.0,0.0,0.0,0,3,0,0,17,0,0,0,1,0,0,0,0,0,0,0,0,0.00,0,0,0,0,0,0,0.00,0,0,0,0,0,0,0,0,0,0,0,,0,2,0,0,2,0,27,2,1,0,0.0,1,100.0,12,0,3,0,15,59,2.4,59,0,0,,1,3.00,0,0,0,0.00,-0.19,0.0,0.4,-0.4,-0.60,-0.85,0,0,0,0,0,1,1,100.0
647,Lautaro Morales,ar ARG,GK,Lanús,25-296,1999,2,1,135,1.5,0,0,0,0,0,0,0,0,0.0,0.0,0.0,0.0,0,0,0,0.00,0.00,0.00,0.00,0.00,0.00,0.00,0.00,0.00,0.00,Matches,0,0,,0.00,0.00,,,,0,,0.0,0.0,32,40,80.0,747,568,6,6,100.0,20,20,100.0,6,14,42.9,0.0,0.0,0,2,0,0,27,13,0,0,0,0,0,0,0,0,0,0,0,0.00,0,0,0,0,0,0,0.00,0,0,0,0,0,0,0,0,0,0,0,,0,0,0,0,1,0,41,32,0,0,,0,,17,0,0,0,17,68,5.6,90,1,1,45,24,0.50,1,3,-2,-1.33,-1.57,2.5,1.3,+1.2,+0.79,+0.78,0,0,0,0,0,0,0,
835,Lautaro Rivero,ar ARG,DF,Cen. Córdoba–SdE,21-341,2003,14,14,1260,14.0,2,1,3,2,0,0,1,0,0.4,0.4,1.0,1.5,12,31,2,0.14,0.07,0.21,0.14,0.21,0.03,0.07,0.11,0.03,0.11,Matches,11,4,36.4,0.79,0.29,0.18,0.50,11.3,0,0.04,+1.6,+1.6,510,633,80.6,10365,3784,145,161,90.1,308,345,89.3,53,114,46.5,0.4,0.0,3,33,1,0,601,32,1,3,0,7,0,0,0,0,0,3,10,0.71,7,0,0,0,1,3,0.21,2,0,0,0,0,28,15,21,5,2,15,71.4,6,10,13,41,85,0,814,76,14,3,100.0,0,0.0,450,0,10,4,471,90,51.9,90,14,0,,2,1.29,20,18,+2,+0.14,+0.14,20.7,16.9,+3.8,+0.27,+0.32,0,7,0,0,0,44,43,67.2
836,Lautaro Rivero,ar ARG,DF,River Plate,21-341,2003,6,6,540,6.0,0,0,0,0,0,0,3,0,0.0,0.0,0.1,0.2,2,11,0,0.00,0.00,0.00,0.00,0.00,0.01,0.02,0.03,0.01,0.03,Matches,11,4,36.4,0.79,0.29,0.18,0.50,11.3,0,0.04,+1.6,+1.6,510,633,80.6,10365,3784,145,161,90.1,308,345,89.3,53,114,46.5,0.4,0.0,3,33,1,0,601,32,1,3,0,7,0,0,0,0,0,3,10,0.71,7,0,0,0,1,3,0.21,2,0,0,0,0,28,15,21,5,2,15,71.4,6,10,13,41,85,0,814,76,14,3,100.0,0,0.0,450,0,10,4,471,90,51.9,90,14,0,,2,1.29,20,18,+2,+0.14,+0.14,20.7,16.9,+3.8,+0.27,+0.32,0,7,0,0,0,44,43,67.2
832,Lautaro Ríos,ar ARG,MF,Banfield,24-364,2000,20,11,1003,11.1,1,0,1,1,0,0,4,0,0.9,0.9,0.1,1.0,5,65,8,0.09,0.00,0.09,0.09,0.09,0.08,0.01,0.09,0.08,0.09,Matches,15,4,26.7,1.35,0.36,0.07,0.25,23.0,0,0.06,+0.1,+0.1,349,451,77.4,6314,2202,142,179,79.3,164,201,81.6,34,51,66.7,0.2,-0.1,5,46,2,0,442,8,0,3,3,0,0,0,0,0,1,5,17,1.53,15,0,1,1,0,2,0.18,2,0,0,0,0,31,19,12,15,4,19,57.6,14,8,17,48,29,0,591,36,6,4,36.4,6,54.5,226,0,14,3,299,50,41.3,70,2,9,26,7,1.00,14,10,+4,+0.36,+1.24,10.1,13.5,-3.4,-0.31,-0.01,0,25,0,0,0,47,26,57.8
984,Lautaro Vargas,ar ARG,DF,Unión,20-249,2005,21,19,1735,19.3,0,0,0,0,0,0,3,0,0.4,0.4,2.0,2.3,47,72,79,0.00,0.00,0.00,0.00,0.00,0.02,0.10,0.12,0.02,0.12,Matches,18,4,22.2,0.93,0.21,0.00,0.00,25.5,0,0.02,-0.4,-0.4,635,878,72.3,12563,4954,260,296,87.8,266,347,76.7,103,191,53.9,1.9,-2.0,17,52,21,14,700,177,2,14,84,167,0,0,0,0,1,31,47,2.44,32,1,5,4,3,2,0.10,1,0,0,1,0,52,38,33,18,1,35,64.8,19,18,27,79,45,0,1108,53,16,25,51.0,24,49.0,535,8,24,8,566,83,71.4,88,17,2,28,6,1.38,23,17,+6,+0.31,+1.22,24.3,17.6,+6.7,+0.35,+0.61,0,19,0,0,0,101,12,48.0
139,Leandro Brey,ar ARG,GK,Boca Juniors,23-017,2002,4,3,271,3.0,0,0,0,0,0,0,0,0,0.0,0.0,0.0,0.0,0,0,0,0.00,0.00,0.00,0.00,0.00,0.00,0.00,0.00,0.00,0.00,Matches,0,0,,0.00,0.00,,,,0,,0.0,0.0,60,79,75.9,1549,1122,14,14,100.0,25,25,100.0,20,38,52.6,0.0,0.0,0,0,0,0,58,20,0,0,0,0,0,0,0,0,1,0,0,0.00,0,0,0,0,0,0,0.00,0,0,0,0,0,0,0,0,0,0,0,,0,0,0,0,1,1,85,78,0,0,,0,,43,0,0,0,37,68,11.2,90,3,1,1,23,1.50,2,2,0,0.00,-0.96,2.2,1.3,+0.9,+0.29,-0.16,0,0,0,0,0,3,1,100.0
281,Leandro Díaz,ar ARG,FW,Atlé Tucumán,33-124,1992,22,18,1561,17.3,6,0,6,5,1,2,4,1,7.0,5.5,1.2,6.7,12,42,78,0.35,0.00,0.35,0.29,0.29,0.41,0.07,0.48,0.32,0.39,Matches,35,11,31.4,2.02,0.63,0.14,0.45,14.8,0,0.16,-1.0,-0.5,262,428,61.2,4064,919,134,216,62.0,88,133,66.2,19,32,59.4,1.1,-1.2,15,25,13,0,398,27,1,6,8,1,0,0,0,0,3,11,35,2.02,26,0,1,3,0,4,0.23,2,0,0,0,0,9,6,2,3,4,0,0.0,5,5,5,14,10,0,597,15,71,7,35.0,13,65.0,311,6,49,31,434,71,64.2,81,10,4,25,0,1.27,25,16,+9,+0.52,+1.66,21.9,23.8,-1.9,-0.11,+0.13,0,26,0,0,0,45,65,43.0
422,Leandro González Pirez,ar ARG,DF,Estudiantes–LP,33-224,1992,7,7,557,6.2,2,0,2,2,0,0,1,0,1.4,1.4,0.0,1.4,3,23,0,0.32,0.00,0.32,0.32,0.32,0.22,0.01,0.23,0.22,0.23,Matches,6,2,33.3,0.97,0.32,0.33,1.00,9.8,0,0.23,+0.6,+0.6,314,386,81.3,6790,2461,83,91,91.2,171,199,85.9,59,89,66.3,0.2,0.0,1,14,0,0,368,18,0,5,0,2,0,0,0,0,0,2,2,0.32,1,0,0,0,0,0,0.00,0,0,0,0,0,13,12,9,4,0,9,100.0,0,1,3,16,30,1,448,41,8,1,50.0,1,50.0,280,0,2,0,304,80,22.9,80,6,0,,1,1.71,6,7,-1,-0.16,-0.16,6.2,5.8,+0.5,+0.08,-0.06,0,6,0,0,0,27,14,77.8
423,Leandro González Pirez,ar ARG,DF,River Plate,33-224,1992,2,2,180,2.0,0,0,0,0,0,0,2,0,0.0,0.0,0.0,0.0,1,5,0,0.00,0.00,0.00,0.00,0.00,0.01,0.00,0.01,0.01,0.01,Matches,6,2,33.3,0.97,0.32,0.33,1.00,9.8,0,0.23,+0.6,+0.6,314,386,81.3,6790,2461,83,91,91.2,171,199,85.9,59,89,66.3,0.2,0.0,1,14,0,0,368,18,0,5,0,2,0,0,0,0,0,2,2,0.32,1,0,0,0,0,0,0.00,0,0,0,0,0,13,12,9,4,0,9,100.0,0,1,3,16,30,1,448,41,8,1,50.0,1,50.0,280,0,2,0,304,80,22.9,80,6,0,,1,1.71,6,7,-1,-0.16,-0.16,6.2,5.8,+0.5,+0.08,-0.06,0,6,0,0,0,27,14,77.8
508,Leandro Lescano,ar ARG,DF,Huracán,22-219,2003,8,4,456,5.1,1,1,2,1,0,0,2,0,0.1,0.1,0.3,0.5,12,16,33,0.20,0.20,0.39,0.20,0.39,0.02,0.07,0.09,0.02,0.09,Matches,1,1,100.0,0.20,0.20,1.00,1.00,13.6,0,0.12,+0.9,+0.9,194,303,64.0,3192,1459,89,104,85.6,84,127,66.1,12,51,23.5,0.4,+0.7,5,14,6,5,228,73,0,1,32,69,0,0,0,0,2,6,10,1.97,7,3,0,0,0,2,0.39,2,0,0,0,0,12,9,7,5,0,6,75.0,2,6,6,18,17,0,366,10,7,4,36.4,7,63.6,170,1,9,1,193,57,18.8,90,4,4,24,19,1.50,7,5,+2,+0.39,+0.26,5.9,3.6,+2.3,+0.45,+0.26,0,8,0,0,0,24,5,50.0
534,Leandro Lozano,uy URU,DF,Arg Juniors,26-293,1998,27,27,2348,26.1,1,5,6,1,0,0,3,0,1.0,1.0,3.5,4.6,46,126,200,0.04,0.19,0.23,0.04,0.23,0.04,0.14,0.18,0.04,0.18,Matches,23,5,21.7,0.88,0.19,0.04,0.20,20.8,0,0.05,0.0,0.0,1200,1584,75.8,19192,6904,609,673,90.5,470,621,75.7,81,194,41.8,3.2,+1.5,35,84,41,20,1291,289,0,6,110,263,4,0,4,0,4,35,84,3.22,68,7,1,3,3,7,0.27,6,0,0,0,0,65,45,35,21,9,38,55.1,31,37,31,96,87,1,1890,66,40,15,51.7,14,48.3,847,4,35,11,1075,87,96.6,87,22,0,,0,1.79,35,15,+20,+0.77,+1.86,32.5,22.2,+10.3,+0.39,-0.25,0,22,0,0,0,124,48,60.0
557,Leandro Mamut,ar ARG,"MF,FW",Gimnasia–LP,21-281,2003,11,1,309,3.4,0,0,0,0,0,0,0,0,0.4,0.4,0.1,0.5,7,16,14,0.00,0.00,0.00,0.00,0.00,0.12,0.04,0.16,0.12,0.16,Matches,7,0,0.0,2.04,0.00,0.00,,21.6,0,0.06,-0.4,-0.4,108,148,73.0,1626,513,52,67,77.6,33,42,78.6,10,15,66.7,0.2,-0.1,2,18,3,2,136,12,0,0,15,2,8,4,3,0,0,9,9,2.63,2,2,2,0,0,1,0.29,0,0,0,0,0,15,8,6,9,0,12,85.7,2,3,3,18,7,0,217,6,6,11,57.9,8,42.1,124,2,11,6,128,28,12.7,90,1,10,22,11,0.91,1,5,-4,-1.17,-0.74,3.1,3.2,-0.1,-0.04,+0.37,0,2,0,0,0,20,3,23.1
725,Leandro Paredes,ar ARG,MF,Boca Juniors,31-101,1994,10,9,832,9.2,1,3,4,0,1,1,2,0,1.2,0.4,2.1,2.5,10,93,13,0.11,0.32,0.43,0.00,0.32,0.13,0.22,0.36,0.05,0.27,Matches,16,3,18.8,1.73,0.32,0.00,0.00,30.3,5,0.03,-0.2,-0.4,715,873,81.9,15107,5277,244,270,90.4,341,382,89.3,125,203,61.6,2.8,+0.9,29,73,16,0,742,128,5,18,64,6,54,25,24,0,3,5,56,6.06,32,21,2,0,0,5,0.54,1,4,0,0,0,22,15,9,12,1,11,64.7,6,9,12,34,22,0,966,35,2,5,71.4,2,28.6,453,0,11,8,665,83,34.2,90,8,1,25,0,1.60,18,7,+11,+1.19,+0.51,14.5,6.9,+7.6,+0.82,+0.59,0,8,0,0,0,57,10,90.9
799,Leandro Quiroz,ar ARG,DF,Godoy Cruz,21-265,2004,4,3,315,3.5,0,0,0,0,0,0,1,0,0.0,0.0,0.0,0.0,1,7,0,0.00,0.00,0.00,0.00,0.00,0.00,0.01,0.01,0.00,0.01,Matches,1,0,0.0,0.29,0.00,0.00,,11.3,0,0.01,0.0,0.0,101,120,84.2,2082,919,30,34,88.2,53,56,94.6,15,27,55.6,0.0,0.0,1,9,0,0,115,5,0,1,0,0,0,0,0,0,0,0,3,0.86,3,0,0,0,0,0,0.00,0,0,0,0,0,5,3,3,2,0,2,66.7,1,1,1,6,25,0,161,20,2,0,,0,,87,0,1,0,95,79,13.0,90,3,1,45,17,0.50,1,5,-4,-1.14,-0.67,3.3,3.0,+0.3,+0.08,+0.51,0,4,0,0,0,8,10,71.4
949,Leandro Suhr,uy URU,"MF,FW",Sarmiento,28-014,1997,18,10,883,9.8,1,0,1,1,0,0,2,1,1.2,1.2,1.1,2.3,27,9,81,0.10,0.00,0.10,0.10,0.10,0.12,0.11,0.23,0.12,0.23,Matches,15,4,26.7,1.53,0.41,0.07,0.25,20.6,3,0.08,-0.2,-0.2,112,219,51.1,1903,562,50,81,61.7,48,76,63.2,10,28,35.7,1.0,-1.1,14,3,3,2,186,31,0,0,55,8,20,6,13,0,2,19,28,2.85,13,7,2,5,1,2,0.20,0,0,0,2,0,13,5,3,6,4,4,50.0,4,7,7,20,12,0,351,8,30,13,36.1,21,58.3,176,11,34,15,210,49,37.7,69,2,8,24,5,0.94,5,13,-8,-0.82,-0.63,10.1,13.1,-3.0,-0.31,+0.03,0,12,1,0,0,26,14,36.8
514,Lenny Lobato,br BRA,"MF,DF",Defensa y Just,24-247,2001,8,1,257,2.9,0,0,0,0,0,0,0,0,0.2,0.2,0.2,0.5,14,3,36,0.00,0.00,0.00,0.00,0.00,0.08,0.09,0.17,0.08,0.17,Matches,4,3,75.0,1.40,1.05,0.00,0.00,22.3,0,0.06,-0.2,-0.2,65,93,69.9,1041,209,29,35,82.9,30,42,71.4,5,11,45.5,0.1,-0.2,5,3,3,2,81,12,0,1,16,9,2,1,1,0,0,3,11,3.85,6,1,0,1,0,0,0.00,0,0,0,0,0,2,0,1,0,1,2,40.0,3,3,2,4,1,0,132,0,8,4,40.0,6,60.0,75,1,15,4,97,32,10.6,57,0,7,29,3,1.13,4,3,+1,+0.35,+0.47,4.0,4.1,-0.1,-0.03,+0.18,0,12,0,0,0,16,1,33.3
237,Leonard Costa,uy URU,DF,Ind. Rivadavia,27-163,1998,15,6,684,7.6,0,0,0,0,0,0,3,2,0.1,0.1,0.6,0.6,2,9,0,0.00,0.00,0.00,0.00,0.00,0.01,0.07,0.08,0.01,0.08,Matches,1,0,0.0,0.13,0.00,0.00,,10.4,0,0.06,-0.1,-0.1,136,169,80.5,2909,1402,38,41,92.7,72,82,87.8,25,41,61.0,0.1,-0.6,2,10,0,0,162,6,0,1,0,2,0,0,0,0,1,1,3,0.40,2,0,0,0,0,0,0.00,0,0,0,0,0,9,7,7,2,0,5,45.5,6,1,10,19,55,0,265,50,4,0,,0,,99,0,5,3,103,46,28.1,80,3,9,23,10,1.93,10,11,-1,-0.13,-0.23,8.7,13.9,-5.2,-0.68,-0.55,1,9,0,0,0,17,21,60.0
377,Leonardo Gil,ar ARG,MF,Huracán,34-130,1991,26,26,2290,25.4,1,3,4,1,0,0,4,0,1.6,1.6,3.7,5.3,37,201,82,0.04,0.12,0.16,0.04,0.16,0.06,0.15,0.21,0.06,0.21,Matches,26,5,19.2,1.02,0.20,0.04,0.20,24.8,7,0.06,-0.6,-0.6,1216,1565,77.7,22116,7090,518,593,87.4,529,635,83.3,142,256,55.5,4.6,-0.7,53,169,22,4,1366,192,5,21,135,8,65,24,39,0,7,30,109,4.28,62,35,1,4,0,6,0.24,3,3,0,0,0,49,26,13,31,5,22,35.5,40,20,25,74,27,2,1792,40,21,15,51.7,13,44.8,867,6,46,32,1124,88,94.2,88,22,0,,0,1.57,23,18,+5,+0.20,+0.20,28.0,21.7,+6.2,+0.25,+0.12,0,26,0,0,0,157,33,44.6
395,Leonardo Godoy,ar ARG,DF,Independiente,30-163,1995,6,4,359,4.0,0,1,1,0,0,0,2,0,0.2,0.2,0.6,0.8,2,12,21,0.00,0.25,0.25,0.00,0.25,0.06,0.14,0.20,0.06,0.20,Matches,4,0,0.0,1.00,0.00,0.00,,19.6,0,0.06,-0.2,-0.2,101,151,66.9,1721,820,45,57,78.9,42,58,72.4,9,24,37.5,0.5,+0.4,5,7,2,1,101,49,0,0,6,46,0,0,0,0,1,4,10,2.51,6,2,1,1,0,1,0.25,1,0,0,0,0,7,3,4,0,3,2,50.0,2,2,7,14,15,0,202,13,10,2,50.0,2,50.0,73,2,3,3,88,60,15.3,83,1,2,14,4,0.33,3,6,-3,-0.75,-1.21,3.5,5.4,-1.9,-0.48,-0.60,0,6,0,0,0,4,4,40.0
445,Leonardo Heredia,ar ARG,"FW,MF",Cen. Córdoba–SdE,29-270,1996,25,23,1734,19.3,5,0,5,4,1,2,0,0,8.5,6.9,1.3,8.2,14,59,97,0.26,0.00,0.26,0.21,0.21,0.44,0.07,0.51,0.36,0.43,Matches,36,18,50.0,1.87,0.93,0.11,0.22,15.2,0,0.20,-3.5,-2.9,442,577,76.6,6485,1436,242,297,81.5,141,168,83.9,27,41,65.9,0.6,-1.3,16,43,8,0,553,22,2,3,5,0,0,0,0,0,2,25,36,1.87,31,0,0,0,1,4,0.21,3,0,0,0,0,8,6,1,5,2,1,8.3,11,8,4,12,11,0,735,15,60,7,41.2,10,58.8,402,3,49,25,565,69,71.4,72,7,2,34,1,1.32,25,19,+6,+0.31,+0.83,24.2,21.4,+2.8,+0.15,+0.10,0,10,0,0,0,60,39,32.5
479,Leonardo Jara,ar ARG,DF,Godoy Cruz,34-141,1991,11,9,719,8.0,0,0,0,0,0,0,1,0,0.3,0.3,0.0,0.3,7,21,14,0.00,0.00,0.00,0.00,0.00,0.03,0.00,0.04,0.03,0.04,Matches,4,0,0.0,0.50,0.00,0.00,,21.1,0,0.07,-0.3,-0.3,195,311,62.7,3707,1582,75,88,85.2,93,137,67.9,22,71,31.0,0.3,0.0,1,16,3,0,222,86,1,3,11,79,0,0,0,0,3,2,3,0.38,1,1,0,1,0,0,0.00,0,0,0,0,0,18,13,8,10,0,12,75.0,4,6,11,29,33,0,395,28,2,2,66.7,0,0.0,130,0,9,8,132,65,29.6,73,4,2,31,5,1.00,5,10,-5,-0.63,-0.10,4.1,9.1,-5.1,-0.63,-0.38,0,7,0,0,0,29,11,61.1
494,Leonardo Landriel,ar ARG,MF,Deportivo Riestra,29-086,1996,3,3,135,1.5,0,0,0,0,0,0,0,0,0.0,0.0,0.0,0.0,0,3,7,0.00,0.00,0.00,0.00,0.00,0.00,0.00,0.00,0.00,0.00,Matches,0,0,,0.00,0.00,,,,0,,0.0,0.0,14,25,56.0,184,84,9,15,60.0,0,3,0.0,2,2,100.0,0.1,0.0,0,1,1,1,25,0,0,0,2,0,0,0,0,0,0,1,1,0.67,1,0,0,0,0,0,0.00,0,0,0,0,0,3,2,0,3,0,1,100.0,0,1,0,3,0,0,34,0,0,2,66.7,1,33.3,16,0,3,2,18,45,5.6,45,0,0,,5,1.00,1,1,0,0.00,-0.55,0.4,2.1,-1.8,-1.20,-1.15,0,6,0,0,0,4,2,40.0
568,Leonardo Marchi,ar ARG,"DF,MF",Cen. Córdoba–SdE,29-021,1996,7,6,506,5.6,0,1,1,0,0,0,2,0,0.1,0.1,0.6,0.7,13,20,36,0.00,0.18,0.18,0.00,0.18,0.01,0.11,0.12,0.01,0.12,Matches,2,2,100.0,0.36,0.36,0.00,0.00,20.7,1,0.03,-0.1,-0.1,206,304,67.8,3707,1762,94,107,87.9,91,124,73.4,20,55,36.4,0.7,+0.4,10,18,6,4,222,78,0,1,50,60,10,2,8,0,4,14,13,2.31,6,7,0,0,0,1,0.18,1,0,0,0,0,12,10,5,4,3,9,81.8,2,4,2,14,15,0,364,11,3,1,33.3,2,66.7,190,1,8,5,199,72,20.8,81,3,1,18,15,0.86,4,7,-3,-0.53,-0.77,5.5,5.7,-0.2,-0.04,-0.20,0,11,0,0,0,18,5,38.5
648,Leonardo Morales,ar ARG,DF,Belgrano,34-180,1991,11,11,925,10.3,0,0,0,0,0,0,3,0,0.5,0.5,0.2,0.8,17,37,10,0.00,0.00,0.00,0.00,0.00,0.05,0.02,0.08,0.05,0.08,Matches,9,0,0.0,0.88,0.00,0.00,,13.8,0,0.06,-0.5,-0.5,326,432,75.5,6151,2767,118,134,88.1,167,212,78.8,35,74,47.3,0.2,-0.2,3,30,3,2,374,56,0,0,9,50,0,0,0,0,2,5,8,0.78,7,0,0,0,0,0,0.00,0,0,0,0,0,28,20,17,9,2,18,81.8,4,3,19,47,44,1,554,48,13,7,77.8,2,22.2,233,0,3,1,259,84,38.1,84,9,0,,0,1.27,8,8,0,0.00,+0.48,8.7,11.2,-2.5,-0.24,-0.19,0,12,0,0,0,39,31,66.0
649,Leonardo Morales,ar ARG,DF,Gimnasia–LP,34-180,1991,16,16,1421,15.8,1,0,1,1,0,0,2,0,0.2,0.2,0.2,0.4,13,63,0,0.06,0.00,0.06,0.06,0.06,0.02,0.01,0.03,0.02,0.03,Matches,9,0,0.0,0.88,0.00,0.00,,13.8,0,0.06,-0.5,-0.5,326,432,75.5,6151,2767,118,134,88.1,167,212,78.8,35,74,47.3,0.2,-0.2,3,30,3,2,374,56,0,0,9,50,0,0,0,0,2,5,8,0.78,7,0,0,0,0,0,0.00,0,0,0,0,0,28,20,17,9,2,18,81.8,4,3,19,47,44,1,554,48,13,7,77.8,2,22.2,233,0,3,1,259,84,38.1,84,9,0,,0,1.27,8,8,0,0.00,+0.48,8.7,11.2,-2.5,-0.24,-0.19,0,12,0,0,0,39,31,66.0
913,Leonardo Sequeira,ar ARG,FW,Huracán,30-165,1995,18,7,762,8.5,1,0,1,1,0,1,2,0,2.1,1.3,0.9,2.3,10,14,55,0.12,0.00,0.12,0.12,0.12,0.25,0.11,0.36,0.16,0.27,Matches,14,6,42.9,1.65,0.71,0.07,0.17,18.0,0,0.10,-1.1,-0.3,123,208,59.1,1568,359,78,103,75.7,32,57,56.1,3,12,25.0,0.2,-0.9,7,6,3,0,198,10,0,2,17,1,0,0,0,0,0,11,14,1.66,11,0,1,2,0,0,0.00,0,0,0,0,0,12,9,5,6,1,6,50.0,6,7,5,17,7,0,314,6,27,9,37.5,14,58.3,157,4,32,15,219,42,31.4,66,2,11,27,1,1.45,8,11,-3,-0.35,-0.79,13.2,8.4,+4.7,+0.56,+0.47,0,6,0,0,0,24,35,57.4
947,Leonardo Suárez,ar ARG,"MF,FW",Estudiantes–LP,29-192,1996,2,0,73,0.8,0,0,0,0,0,0,0,0,0.0,0.0,0.0,0.0,1,6,4,0.00,0.00,0.00,0.00,0.00,0.02,0.02,0.04,0.02,0.04,Matches,1,0,0.0,1.23,0.00,0.00,,24.7,0,0.02,0.0,0.0,34,47,72.3,738,219,11,11,100.0,17,20,85.0,6,14,42.9,0.1,0.0,1,3,1,0,44,3,0,3,4,1,2,2,0,0,0,0,2,2.47,2,0,0,0,0,0,0.00,0,0,0,0,0,0,0,0,0,0,0,0.0,2,1,0,0,0,0,53,0,1,2,100.0,0,0.0,37,0,3,1,40,37,3.0,,0,2,37,4,0.00,2,3,-1,-1.23,-1.23,1.0,1.2,-0.2,-0.28,-0.42,0,0,0,0,0,2,0,0.0
146,Leonel Bucca,ar ARG,MF,Ind. Rivadavia,26-202,1999,6,0,86,1.0,0,0,0,0,0,0,1,0,0.0,0.0,0.0,0.0,1,6,3,0.00,0.00,0.00,0.00,0.00,0.00,0.00,0.00,0.00,0.00,Matches,0,0,,0.00,0.00,,,,0,,0.0,0.0,31,42,73.8,488,212,17,20,85.0,10,15,66.7,3,5,60.0,0.1,0.0,0,3,1,0,42,0,0,0,0,0,0,0,0,0,0,1,0,0.00,0,0,0,0,0,0,0.00,0,0,0,0,0,0,0,0,0,0,0,0.0,1,2,0,0,3,0,51,2,0,2,100.0,0,0.0,17,0,0,0,25,14,3.5,,0,6,14,5,1.33,1,3,-2,-2.09,-2.21,1.1,2.4,-1.3,-1.33,-1.08,0,5,0,0,0,6,5,55.6
180,Leonel Cardozo,ar ARG,DF,Lanús,21-272,2004,2,1,96,1.1,0,0,0,0,0,0,1,0,0.0,0.0,0.1,0.1,0,3,0,0.00,0.00,0.00,0.00,0.00,0.00,0.09,0.09,0.00,0.09,Matches,0,0,,0.00,0.00,,,,0,,0.0,0.0,29,42,69.0,486,283,15,18,83.3,10,16,62.5,4,7,57.1,0.2,-0.1,1,2,1,0,33,9,0,0,0,8,0,0,0,0,0,1,1,0.94,1,0,0,0,0,0,0.00,0,0,0,0,0,2,2,1,1,0,1,50.0,1,2,0,2,5,0,53,5,2,1,100.0,0,0.0,19,0,2,1,21,48,4.0,90,1,1,6,11,0.50,0,1,-1,-0.94,-1.13,0.7,2.4,-1.7,-1.62,-1.75,0,1,0,1,0,2,1,100.0
249,Leonel Dante Álvarez,ar ARG,DF,San Martín de San Juan,29-197,1996,11,10,810,9.0,0,0,0,0,0,0,0,0,0.1,0.1,0.4,0.5,10,17,23,0.00,0.00,0.00,0.00,0.00,0.01,0.05,0.06,0.01,0.06,Matches,2,1,50.0,0.22,0.11,0.00,0.00,16.0,0,0.05,-0.1,-0.1,221,346,63.9,3654,1890,109,136,80.1,89,142,62.7,17,47,36.2,0.3,-0.4,7,12,3,2,247,99,0,0,16,96,0,0,0,0,0,11,14,1.56,9,4,0,1,0,0,0.00,0,0,0,0,0,19,12,11,7,1,11,57.9,8,11,7,26,35,0,440,22,7,2,50.0,2,50.0,153,0,10,4,172,74,33.3,80,7,1,10,7,0.64,4,11,-7,-0.78,-0.28,5.8,10.3,-4.5,-0.50,-0.30,0,8,0,0,0,33,5,41.7
627,Leonel Miranda,ar ARG,MF,Banfield,31-274,1994,5,0,116,1.3,0,0,0,0,0,0,0,0,0.0,0.0,0.1,0.1,2,13,3,0.00,0.00,0.00,0.00,0.00,0.02,0.07,0.09,0.02,0.09,Matches,2,0,0.0,1.55,0.00,0.00,,29.8,0,0.01,0.0,0.0,83,102,81.4,1717,410,31,38,81.6,32,37,86.5,18,23,78.3,0.2,-0.1,1,13,0,0,93,9,0,3,6,1,1,0,1,0,0,1,9,6.98,6,2,0,1,0,0,0.00,0,0,0,0,0,6,3,3,2,1,2,33.3,4,1,1,7,1,0,117,2,0,1,100.0,0,0.0,59,0,4,4,86,23,4.8,,0,5,23,2,0.20,0,4,-4,-3.10,-2.87,1.2,2.8,-1.6,-1.25,-1.00,0,2,0,0,0,8,1,50.0
657,Leonel Mosevich,ar ARG,DF,Instituto,28-246,1997,6,5,409,4.5,0,0,0,0,0,0,2,0,0.1,0.1,0.0,0.1,0,7,1,0.00,0.00,0.00,0.00,0.00,0.02,0.00,0.02,0.02,0.02,Matches,1,0,0.0,0.22,0.00,0.00,,11.9,0,0.09,-0.1,-0.1,104,127,81.9,2074,832,37,44,84.1,56,60,93.3,11,19,57.9,0.0,0.0,0,8,0,0,124,3,0,0,0,1,0,0,0,0,0,3,0,0.00,0,0,0,0,0,0,0.00,0,0,0,0,0,10,7,6,3,1,9,81.8,2,3,5,15,31,0,186,29,3,0,,0,,81,0,2,0,93,68,16.8,81,4,1,4,7,1.50,3,2,+1,+0.22,+0.71,5.0,5.0,-0.1,-0.01,+0.03,0,9,0,0,0,13,16,64.0
760,Leonel Picco,ar ARG,MF,Platense,25-351,1999,21,20,1735,19.3,0,0,0,0,0,0,6,0,0.7,0.7,0.2,0.9,8,90,19,0.00,0.00,0.00,0.00,0.00,0.04,0.01,0.05,0.04,0.05,Matches,15,3,20.0,0.78,0.16,0.00,0.00,19.5,0,0.05,-0.7,-0.7,519,656,79.1,8713,3301,233,276,84.4,225,277,81.2,41,68,60.3,0.4,-0.2,8,74,4,0,634,22,0,2,4,1,0,0,0,0,0,12,23,1.19,16,0,2,1,1,1,0.05,0,0,0,0,0,65,33,28,30,7,32,66.7,16,19,22,87,29,0,879,33,15,15,60.0,10,40.0,380,1,22,12,368,83,74.1,85,16,1,27,0,1.44,14,15,-1,-0.05,+0.25,16.9,18.9,-2.0,-0.10,-0.18,0,40,0,0,0,126,29,65.9
752,Leonel Pérez,ar ARG,MF,Huracán,21-060,2004,23,21,1818,20.2,0,0,0,0,0,0,6,0,1.0,1.0,1.1,2.1,4,54,5,0.00,0.00,0.00,0.00,0.00,0.05,0.06,0.10,0.05,0.10,Matches,12,1,8.3,0.59,0.05,0.00,0.00,15.3,0,0.08,-1.0,-1.0,509,629,80.9,8907,2506,197,245,80.4,261,300,87.0,39,54,72.2,0.4,-1.1,5,43,2,0,615,13,0,1,1,0,0,0,0,0,1,10,20,0.99,16,0,0,1,0,2,0.10,2,0,0,0,0,42,26,19,23,0,19,65.5,10,19,36,78,54,0,844,49,12,2,25.0,6,75.0,327,1,13,11,401,79,74.8,85,15,2,14,1,1.56,20,18,+2,+0.10,-0.34,23.7,16.7,+7.0,+0.35,+0.43,0,28,0,0,0,82,54,65.1
860,Leonel Roldán,ar ARG,MF,Vélez Sarsfield,20-363,2004,8,3,292,3.2,0,0,0,0,0,0,3,0,0.0,0.0,0.0,0.0,4,11,8,0.00,0.00,0.00,0.00,0.00,0.00,0.00,0.00,0.00,0.00,Matches,1,0,0.0,0.31,0.00,0.00,,27.7,0,0.01,0.0,0.0,85,132,64.4,1335,388,41,55,74.5,38,56,67.9,2,11,18.2,0.1,0.0,0,5,2,0,124,7,1,1,3,1,0,0,0,0,1,3,3,0.93,3,0,0,0,0,1,0.31,1,0,0,0,0,8,7,0,7,1,5,50.0,5,9,7,15,6,0,172,4,2,3,100.0,0,0.0,82,0,5,3,81,37,12.0,80,1,5,10,17,2.38,3,4,-1,-0.31,-0.10,2.6,4.9,-2.3,-0.71,-0.71,0,8,0,0,0,18,8,50.0
996,Lionel Verde,ar ARG,MF,Unión,20-355,2004,14,3,470,5.2,2,0,2,2,0,0,0,0,0.4,0.4,0.5,0.9,18,21,36,0.38,0.00,0.38,0.38,0.38,0.07,0.10,0.17,0.07,0.17,Matches,11,6,54.5,2.11,1.15,0.18,0.33,27.7,2,0.03,+1.6,+1.6,163,208,78.4,3189,895,73,83,88.0,54,67,80.6,31,46,67.4,1.2,-0.5,15,18,3,3,171,37,0,2,32,1,23,4,12,0,0,5,27,5.17,9,14,0,3,0,1,0.19,1,0,0,0,0,15,10,3,9,3,8,80.0,2,4,2,17,5,0,284,7,10,4,25.0,12,75.0,155,3,12,13,181,34,19.3,70,1,11,24,4,0.93,4,7,-3,-0.57,-0.67,6.7,5.4,+1.3,+0.25,+0.10,0,10,0,0,0,18,3,42.9
160,Lisandro Cabrera,ar ARG,"FW,MF",Atlé Tucumán,27-277,1998,16,4,496,5.5,0,1,1,0,0,0,0,0,1.7,1.7,0.7,2.3,5,8,24,0.00,0.18,0.18,0.00,0.18,0.30,0.12,0.42,0.30,0.42,Matches,13,2,15.4,2.36,0.36,0.00,0.00,13.3,0,0.13,-1.7,-1.7,86,136,63.2,976,206,56,82,68.3,19,30,63.3,2,4,50.0,0.3,+0.3,5,7,2,0,127,8,1,0,5,0,0,0,0,0,1,3,9,1.63,8,0,0,1,0,1,0.18,1,0,0,0,0,5,5,2,2,1,1,25.0,3,5,0,5,8,0,189,7,21,3,60.0,2,40.0,92,0,9,2,137,31,20.4,81,2,12,14,11,0.88,4,8,-4,-0.73,-0.82,7.3,9.1,-1.8,-0.32,-0.21,0,4,0,0,0,11,24,38.7
525,Lisandro López,ar ARG,DF,Belgrano,36-037,1989,10,10,882,9.8,0,0,0,0,0,0,4,1,0.1,0.1,0.0,0.1,5,29,1,0.00,0.00,0.00,0.00,0.00,0.01,0.00,0.01,0.01,0.01,Matches,4,0,0.0,0.41,0.00,0.00,,17.5,0,0.02,-0.1,-0.1,421,466,90.3,8161,3079,142,152,93.4,228,242,94.2,46,60,76.7,0.1,0.0,2,21,0,0,425,41,0,2,0,2,0,0,0,0,0,4,8,0.82,6,1,0,1,0,0,0.00,0,0,0,0,0,22,11,16,6,0,11,68.8,5,4,16,38,77,0,616,93,6,6,100.0,0,0.0,316,0,12,2,331,88,36.3,88,8,0,,0,1.40,8,5,+3,+0.31,+0.95,6.6,9.4,-2.8,-0.28,-0.25,1,4,0,0,0,47,32,71.1
547,Lisandro Magallán,ar ARG,DF,Vélez Sarsfield,32-011,1993,10,10,900,10.0,1,0,1,1,0,0,2,0,0.5,0.5,0.2,0.7,1,26,0,0.10,0.00,0.10,0.10,0.10,0.05,0.02,0.07,0.05,0.07,Matches,5,3,60.0,0.50,0.30,0.20,0.33,10.3,0,0.09,+0.5,+0.5,330,422,78.2,6348,2787,105,122,86.1,194,222,87.4,29,71,40.8,0.3,-0.2,2,15,0,0,397,25,0,0,0,1,0,0,0,0,0,2,4,0.40,3,1,0,0,0,0,0.00,0,0,0,0,0,10,5,8,2,0,4,66.7,2,2,10,20,71,2,542,65,8,0,0.0,2,100.0,214,0,5,1,266,90,37.0,90,10,0,,1,2.10,16,7,+9,+0.90,+1.78,12.4,9.1,+3.3,+0.33,+0.67,0,7,0,0,0,39,28,58.3
637,Lisandro Montenegro,ar ARG,MF,Newell's OB,22-195,2003,1,0,30,0.3,0,0,0,0,0,0,0,0,0.0,0.0,0.0,0.0,1,4,2,0.00,0.00,0.00,0.00,0.00,0.00,0.00,0.00,0.00,0.00,Matches,0,0,,0.00,0.00,,,,0,,0.0,0.0,17,20,85.0,230,64,12,14,85.7,5,6,83.3,0,0,,0.0,0.0,0,4,1,0,20,0,0,0,1,0,0,0,0,0,0,0,0,0.00,0,0,0,0,0,0,0.00,0,0,0,0,0,1,0,0,0,1,1,100.0,0,1,2,3,0,0,26,0,0,0,,0,,14,0,1,1,17,30,1.2,,0,1,30,8,0.00,0,1,-1,-3.00,-2.63,0.1,0.1,0.0,-0.10,+0.06,0,0,0,0,0,1,1,100.0
766,Lisandro Piñero,ar ARG,"MF,FW",Banfield,18-085,2007,10,1,179,2.0,0,0,0,0,0,0,1,0,0.0,0.0,0.1,0.1,10,10,26,0.00,0.00,0.00,0.00,0.00,0.02,0.04,0.06,0.02,0.06,Matches,2,0,0.0,1.01,0.00,0.00,,28.7,0,0.02,0.0,0.0,45,72,62.5,769,288,21,27,77.8,16,24,66.7,5,9,55.6,0.3,-0.1,3,5,4,2,69,3,0,0,11,1,2,0,2,0,0,6,11,5.50,10,1,0,0,0,1,0.50,1,0,0,0,0,4,1,2,2,0,3,75.0,1,4,2,6,1,0,103,0,8,8,72.7,2,18.2,60,4,6,2,63,18,7.4,56,0,9,14,7,0.70,2,3,-1,-0.50,-0.14,3.0,3.1,-0.1,-0.06,+0.26,0,5,0,0,0,11,2,40.0
30,Lorenzo Albarracín,ar ARG,MF,Instituto,18-233,2007,1,0,24,0.3,0,0,0,0,0,0,0,0,0.0,0.0,0.0,0.0,1,1,0,0.00,0.00,0.00,0.00,0.00,0.00,0.00,0.00,0.00,0.00,Matches,0,0,,0.00,0.00,,,,0,,0.0,0.0,7,8,87.5,115,33,5,5,100.0,2,2,100.0,0,0,,0.0,0.0,0,1,0,0,8,0,0,0,0,0,0,0,0,0,0,1,0,0.00,0,0,0,0,0,0,0.00,0,0,0,0,0,2,1,1,1,0,2,100.0,0,2,0,2,0,0,15,0,0,0,0.0,1,100.0,10,0,2,2,10,24,1.0,,0,1,24,9,0.00,0,0,0,0.00,+0.37,0.1,0.4,-0.2,-0.87,-0.84,0,0,0,0,0,2,0,
908,Lorenzo Scipioni,ar ARG,MF,Tigre,20-318,2004,15,15,1330,14.8,1,0,1,1,0,0,7,0,1.1,1.1,0.1,1.2,8,68,6,0.07,0.00,0.07,0.07,0.07,0.07,0.01,0.08,0.07,0.08,Matches,9,2,22.2,0.61,0.14,0.11,0.50,24.5,0,0.12,-0.1,-0.1,427,561,76.1,7937,3292,156,189,82.5,235,275,85.5,31,71,43.7,0.2,-0.1,3,51,4,1,551,9,0,2,1,0,0,0,0,0,1,7,15,1.02,12,0,0,1,2,3,0.20,3,0,0,0,0,57,34,18,38,1,22,61.1,14,13,33,90,51,0,752,44,3,11,73.3,4,26.7,291,0,18,13,345,89,54.7,89,13,0,,0,1.69,18,10,+8,+0.54,+0.54,18.6,13.5,+5.1,+0.34,+0.08,0,34,0,1,0,97,26,57.8
,Luca Babino,,,,,,,,,,,,,,,,,,,,,,,,,,,,,,,,,,,,,,,,,,,,,,,,,,,,,,,,,,,,,,,,,,,,,,,,,,,,,,,,,,,,,,,,,,,,,,,,,,,,,,,,,,,,,,,,,,,,,,,,,,0,0,,3,,,,,,,,,,,,,,,,,,,
487,Luca Klimowicz,ar ARG,FW,Instituto,21-142,2004,16,6,589,6.5,0,0,0,0,0,0,1,0,3.2,3.2,0.1,3.3,11,9,35,0.00,0.00,0.00,0.00,0.00,0.49,0.02,0.50,0.49,0.50,Matches,20,7,35.0,3.06,1.07,0.00,0.00,12.1,0,0.16,-3.2,-3.2,62,98,63.3,842,207,35,52,67.3,21,31,67.7,1,3,33.3,0.2,-0.1,3,7,5,3,87,11,0,1,7,0,0,0,0,0,0,2,17,2.59,7,0,2,3,0,2,0.31,1,0,0,1,0,9,6,2,1,6,2,50.0,2,1,3,12,7,0,179,7,38,8,50.0,8,50.0,99,6,23,11,124,37,24.2,70,1,10,17,3,1.06,5,9,-4,-0.61,-0.32,9.7,9.2,+0.5,+0.07,+0.15,0,7,1,0,0,8,7,31.8
581,Luca Martínez,mx MEX,FW,Rosario Central,24-264,2001,1,0,9,0.1,0,0,0,0,0,0,0,0,0.0,0.0,0.0,0.0,0,0,0,0.00,0.00,0.00,0.00,0.00,0.00,0.00,0.00,0.00,0.00,Matches,0,0,,0.00,0.00,,,,0,,0.0,0.0,0,1,0.0,0,0,0,1,0.0,0,0,,0,0,,0.0,0.0,0,0,0,0,1,0,0,0,0,0,0,0,0,0,0,0,0,0.00,0,0,0,0,0,0,0.00,0,0,0,0,0,0,0,0,0,0,0,,0,0,0,0,0,0,2,0,0,0,,0,,0,0,0,0,1,9,0.4,,0,1,9,1,3.00,0,0,0,0.00,-0.77,0.0,0.0,0.0,-0.10,-0.57,0,0,0,0,0,0,1,100.0
582,Luca Martínez,mx MEX,FW,Godoy Cruz,24-264,2001,23,12,1176,13.1,2,1,3,2,0,0,1,0,2.8,2.8,0.3,3.0,8,12,35,0.15,0.08,0.23,0.15,0.23,0.21,0.02,0.23,0.21,0.23,Matches,0,0,,0.00,0.00,,,,0,,0.0,0.0,0,1,0.0,0,0,0,1,0.0,0,0,,0,0,,0.0,0.0,0,0,0,0,1,0,0,0,0,0,0,0,0,0,0,0,0,0.00,0,0,0,0,0,0,0.00,0,0,0,0,0,0,0,0,0,0,0,,0,0,0,0,0,0,2,0,0,0,,0,,0,0,0,0,1,9,0.4,,0,1,9,1,3.00,0,0,0,0.00,-0.77,0.0,0.0,0.0,-0.10,-0.57,0,0,0,0,0,0,1,100.0
,Luca Raffin,,,,,,,,,,,,,,,,,,,,,,,,,,,,,,,,,,,,,,,,,,,,,,,,,,,,,,,,,,,,,,,,,,,,,,,,,,,,,,,,,,,,,,,,,,,,,,,,,,,,,,,,,,,,,,,,,,,,,,,,,,0,0,,4,,,,,,,,,,,,,,,,,,,
817,Luca Regiardo,ar ARG,MF,Newell's OB,18-350,2006,17,13,1117,12.4,0,0,0,0,0,0,5,1,0.1,0.1,0.1,0.2,4,60,6,0.00,0.00,0.00,0.00,0.00,0.01,0.01,0.02,0.01,0.02,Matches,4,0,0.0,0.32,0.00,0.00,,26.6,0,0.02,-0.1,-0.1,343,418,82.1,6097,2178,142,164,86.6,161,186,86.6,33,53,62.3,0.3,-0.1,4,50,1,0,409,8,0,1,2,1,0,0,0,0,1,6,15,1.21,13,0,0,0,2,1,0.08,1,0,0,0,0,36,21,16,18,2,22,61.1,14,4,17,53,28,0,526,33,0,2,66.7,1,33.3,241,0,6,9,255,66,46.0,77,9,4,31,5,1.00,5,16,-11,-0.89,-0.89,11.9,12.4,-0.5,-0.04,+0.22,0,21,0,0,0,72,13,52.0
932,Luca Sosa,ar ARG,DF,Newell's OB,31-119,1994,8,6,483,5.4,0,0,0,0,0,0,0,0,0.1,0.1,0.0,0.1,4,21,4,0.00,0.00,0.00,0.00,0.00,0.01,0.00,0.01,0.01,0.01,Matches,2,1,50.0,0.37,0.19,0.00,0.00,18.2,0,0.03,-0.1,-0.1,165,221,74.7,3183,1416,54,64,84.4,80,102,78.4,25,40,62.5,0.1,0.0,0,21,1,0,205,16,0,0,2,5,0,0,0,0,0,5,4,0.75,4,0,0,0,0,0,0.00,0,0,0,0,0,12,9,4,7,1,8,88.9,1,7,8,20,42,0,299,40,5,2,100.0,0,0.0,121,0,3,3,159,60,19.9,75,3,2,16,10,1.25,3,9,-6,-1.12,-0.89,4.6,7.1,-2.5,-0.47,-0.38,0,5,0,1,0,9,16,57.1
2,Lucas Abascia,ar ARG,DF,Cen. Córdoba–SdE,29-302,1995,17,14,1323,14.7,1,1,2,1,0,0,3,0,0.8,0.8,0.1,0.9,12,56,3,0.07,0.07,0.14,0.07,0.14,0.06,0.01,0.06,0.06,0.06,Matches,10,2,20.0,0.68,0.14,0.10,0.50,18.1,0,0.08,+0.2,+0.2,653,824,79.2,14280,5247,168,196,85.7,374,421,88.8,108,192,56.3,0.4,+0.9,2,44,5,0,783,41,0,18,0,18,0,0,0,0,0,8,11,0.75,9,0,0,0,0,3,0.20,2,0,0,0,0,37,25,26,10,1,21,65.6,11,11,41,78,118,1,1074,109,15,6,60.0,4,40.0,524,1,10,2,588,78,54.4,85,11,3,45,7,1.00,14,18,-4,-0.27,-0.76,17.7,17.8,-0.1,-0.01,-0.28,0,10,0,0,0,85,39,49.4
12,Lucas Acosta,ar ARG,"FW,DF",San Martín de San Juan,20-142,2005,1,0,10,0.1,0,0,0,0,0,0,0,0,0.0,0.0,0.0,0.0,2,1,0,0.00,0.00,0.00,0.00,0.00,0.00,0.00,0.00,0.00,0.00,Matches,0,0,,0.00,0.00,,,,0,,0.0,0.0,4,8,50.0,60,14,3,3,100.0,0,3,0.0,1,1,100.0,0.0,0.0,0,1,1,0,8,0,0,0,0,0,0,0,0,0,0,1,1,9.00,1,0,0,0,0,0,0.00,0,0,0,0,0,0,0,0,0,0,0,,0,0,0,0,0,0,9,0,0,0,0.0,1,100.0,6,0,0,0,6,10,0.4,,0,1,10,1,0.00,0,0,0,0.00,+0.60,0.2,0.1,+0.2,+1.37,+1.68,0,0,0,0,0,0,0,
13,Lucas Acosta,ar ARG,GK,Sarmiento,30-210,1995,26,26,2340,26.0,0,0,0,0,0,0,1,0,0.0,0.0,0.1,0.1,0,3,0,0.00,0.00,0.00,0.00,0.00,0.00,0.00,0.00,0.00,0.00,Matches,0,0,,0.00,0.00,,,,0,,0.0,0.0,4,8,50.0,60,14,3,3,100.0,0,3,0.0,1,1,100.0,0.0,0.0,0,1,1,0,8,0,0,0,0,0,0,0,0,0,0,1,1,9.00,1,0,0,0,0,0,0.00,0,0,0,0,0,0,0,0,0,0,0,,0,0,0,0,0,0,9,0,0,0,0.0,1,100.0,6,0,0,0,6,10,0.4,,0,1,10,1,0.00,0,0,0,0.00,+0.60,0.2,0.1,+0.2,+1.37,+1.68,0,0,0,0,0,0,0,
28,Lucas Alario,ar ARG,FW,Estudiantes–LP,33-000,1992,18,11,930,10.3,1,0,1,0,1,1,2,0,2.0,1.2,1.1,2.4,2,8,34,0.10,0.00,0.10,0.00,0.00,0.20,0.11,0.31,0.12,0.23,Matches,16,4,25.0,1.55,0.39,0.00,0.00,13.2,0,0.08,-1.0,-1.2,148,196,75.5,1930,239,96,120,80.0,44,54,81.5,4,6,66.7,0.5,-1.1,14,4,3,0,177,19,0,0,0,0,0,0,0,0,0,5,25,2.42,19,0,1,2,1,2,0.19,1,0,0,1,0,9,8,3,4,2,2,33.3,4,3,2,11,14,0,287,13,29,5,55.6,4,44.4,140,2,22,11,199,52,38.3,73,2,7,19,8,1.28,13,8,+5,+0.48,+0.84,11.8,7.8,+4.0,+0.39,+0.43,0,24,0,0,0,14,26,35.6
,Lucas Alfonso,,,,,,,,,,,,,,,,,,,,,,,,,,,,,,,,,,,,,,,,,,,,,,,,,,,,,,,,,,,,,,,,,,,,,,,,,,,,,,,,,,,,,,,,,,,,,,,,,,,,,,,,,,,,,,,,,,,,,,,,,,0,0,,2,,,,,,,,,,,,,,,,,,,
56,Lucas Arce,ar ARG,DF,Godoy Cruz,28-055,1997,22,15,1435,15.9,0,1,1,0,0,0,3,0,0.5,0.5,2.9,3.3,25,75,66,0.00,0.06,0.06,0.00,0.06,0.03,0.18,0.21,0.03,0.21,Matches,13,1,7.7,0.82,0.06,0.00,0.00,22.0,0,0.03,-0.5,-0.5,552,804,68.7,9424,4709,265,316,83.9,229,317,72.2,49,122,40.2,1.8,-1.9,26,55,21,16,626,173,1,1,67,170,0,0,0,0,5,28,45,2.82,38,6,0,0,0,1,0.06,1,0,0,0,0,37,17,23,11,3,19,45.2,23,14,14,51,47,0,979,41,10,7,43.8,9,56.3,408,2,13,13,491,65,59.1,82,11,7,29,4,0.95,10,19,-9,-0.56,-0.02,12.5,17.0,-4.4,-0.28,+0.22,0,17,0,0,1,52,19,51.4
109,Lucas Besozzi,ar ARG,FW,Tigre,22-259,2003,5,0,47,0.5,1,0,1,1,0,0,1,0,0.7,0.7,0.3,1.0,5,3,12,1.91,0.00,1.91,1.91,1.91,1.35,0.54,1.89,1.35,1.89,Matches,2,1,50.0,3.83,1.91,0.50,1.00,11.9,0,0.35,+0.3,+0.3,15,23,65.2,269,73,8,12,66.7,6,8,75.0,1,1,100.0,0.5,-0.3,3,2,1,0,23,0,1,0,3,0,0,0,0,0,0,2,3,5.74,3,0,0,0,0,0,0.00,0,0,0,0,0,0,0,0,0,0,0,0.0,2,0,0,0,1,0,45,1,4,2,22.2,7,77.8,24,1,6,3,33,9,1.9,,0,5,9,2,1.80,1,2,-1,-1.91,-2.25,1.4,1.8,-0.4,-0.83,-1.16,0,2,0,0,0,7,1,50.0
110,Lucas Besozzi,ar ARG,"MF,FW",Cen. Córdoba–SdE,22-259,2003,9,5,423,4.7,1,1,2,1,0,0,2,0,0.7,0.7,0.4,1.0,30,22,53,0.21,0.21,0.43,0.21,0.43,0.14,0.08,0.22,0.14,0.22,Matches,2,1,50.0,3.83,1.91,0.50,1.00,11.9,0,0.35,+0.3,+0.3,15,23,65.2,269,73,8,12,66.7,6,8,75.0,1,1,100.0,0.5,-0.3,3,2,1,0,23,0,1,0,3,0,0,0,0,0,0,2,3,5.74,3,0,0,0,0,0,0.00,0,0,0,0,0,0,0,0,0,0,0,0.0,2,0,0,0,1,0,45,1,4,2,22.2,7,77.8,24,1,6,3,33,9,1.9,,0,5,9,2,1.80,1,2,-1,-1.91,-2.25,1.4,1.8,-0.4,-0.83,-1.16,0,2,0,0,0,7,1,50.0
116,Lucas Blondel,ch SUI,"DF,MF",Boca Juniors,29-024,1996,9,7,545,6.1,0,1,1,0,0,0,1,0,0.5,0.5,0.1,0.6,9,22,34,0.00,0.17,0.17,0.00,0.17,0.08,0.02,0.10,0.08,0.10,Matches,9,0,0.0,1.49,0.00,0.00,,20.8,0,0.06,-0.5,-0.5,237,324,73.1,4177,1580,122,147,83.0,80,105,76.2,31,54,57.4,0.3,+0.9,1,19,8,2,284,37,0,5,15,35,0,0,0,0,3,9,9,1.49,7,2,0,0,0,2,0.33,2,0,0,0,0,11,6,6,5,0,8,80.0,2,5,5,16,18,0,400,14,10,5,45.5,5,45.5,192,1,11,2,253,61,22.4,70,3,2,28,6,1.91,14,4,+10,+1.65,+1.03,7.9,4.2,+3.7,+0.62,+0.24,0,2,0,0,0,21,8,40.0
188,Lucas Carrizo,ar ARG,MF,Huracán,28-141,1997,2,1,88,1.0,0,0,0,0,0,0,0,0,0.0,0.0,0.0,0.0,0,4,1,0.00,0.00,0.00,0.00,0.00,0.00,0.00,0.00,0.00,0.00,Matches,0,0,,0.00,0.00,,,,0,,0.0,0.0,25,41,61.0,506,211,10,14,71.4,12,16,75.0,3,7,42.9,0.0,0.0,0,4,0,0,38,3,0,0,1,2,0,0,0,0,0,4,2,2.05,2,0,0,0,0,1,1.02,1,0,0,0,0,2,1,0,1,1,1,33.3,2,0,2,4,2,0,50,1,0,0,,0,,17,0,2,0,20,44,3.6,82,0,1,6,4,3.00,1,0,+1,+1.02,+0.87,0.2,0.6,-0.3,-0.35,-0.61,0,3,0,0,0,4,2,50.0
199,Lucas Castro,ar ARG,MF,Gimnasia–LP,36-182,1989,19,15,1197,13.3,1,1,2,1,0,0,5,0,1.5,1.5,1.4,2.9,16,64,65,0.08,0.08,0.15,0.08,0.15,0.11,0.11,0.22,0.11,0.22,Matches,17,7,41.2,1.28,0.53,0.06,0.14,14.8,0,0.09,-0.5,-0.5,356,529,67.3,5673,1984,190,252,75.4,105,149,70.5,38,73,52.1,1.5,-0.4,19,51,17,6,511,12,4,2,23,5,2,1,1,0,6,15,41,3.09,34,1,2,1,1,4,0.30,3,0,0,0,0,25,13,8,13,4,13,65.0,7,4,6,31,28,2,713,29,40,25,50.0,24,48.0,374,1,40,12,462,63,49.3,73,2,4,25,4,0.74,8,10,-2,-0.15,+0.73,11.4,13.9,-2.5,-0.19,+0.35,0,29,0,0,0,80,12,52.2
231,Lucas Cornejo,ar ARG,MF,Estudiantes–LP,20-221,2005,1,0,22,0.2,0,0,0,0,0,0,0,0,0.0,0.0,0.0,0.0,0,2,2,0.00,0.00,0.00,0.00,0.00,0.00,0.16,0.16,0.00,0.16,Matches,0,0,,0.00,0.00,,,,0,,0.0,0.0,9,10,90.0,136,49,4,4,100.0,5,6,83.3,0,0,,0.0,0.0,1,1,1,0,10,0,0,0,0,0,0,0,0,0,0,0,3,12.86,3,0,0,0,0,0,0.00,0,0,0,0,0,2,1,1,1,0,0,,0,0,0,2,1,0,18,2,0,1,50.0,1,50.0,9,0,2,0,9,22,0.9,,0,1,22,5,0.00,0,0,0,0.00,+0.04,0.4,0.2,+0.1,+0.56,+0.44,0,0,0,0,0,1,1,33.3
275,Lucas Diarte,ar ARG,DF,San Martín de San Juan,32-126,1993,19,17,1582,17.6,0,0,0,0,0,0,4,0,0.3,0.3,1.1,1.5,18,74,43,0.00,0.00,0.00,0.00,0.00,0.02,0.07,0.08,0.02,0.08,Matches,11,1,9.1,0.63,0.06,0.00,0.00,24.7,0,0.03,-0.3,-0.3,475,713,66.6,8185,4644,219,273,80.2,202,288,70.1,42,103,40.8,1.6,-1.1,18,56,12,8,511,201,0,1,68,166,13,5,6,0,1,32,33,1.88,19,11,0,1,1,0,0.00,0,0,0,0,0,33,23,18,12,3,20,71.4,8,13,18,51,61,1,900,55,10,5,38.5,8,61.5,289,1,21,10,341,83,65.1,88,14,2,45,8,0.74,9,17,-8,-0.46,+0.39,14.4,18.6,-4.2,-0.24,+0.18,0,23,0,1,0,72,22,52.4
329,Lucas Ferreira,uy URU,DF,Defensa y Just,25-114,2000,21,20,1821,20.2,1,1,2,1,0,0,6,0,0.3,0.3,0.4,0.7,23,89,18,0.05,0.05,0.10,0.05,0.10,0.01,0.02,0.04,0.01,0.04,Matches,6,2,33.3,0.30,0.10,0.17,0.50,21.4,0,0.05,+0.7,+0.7,877,1059,82.8,15919,6166,375,412,91.0,410,470,87.2,82,152,53.9,0.5,+0.6,9,106,7,2,988,70,0,17,11,43,0,0,0,0,1,9,25,1.24,21,2,1,1,0,5,0.25,3,0,1,1,0,39,24,29,10,0,24,58.5,17,12,32,71,175,2,1387,157,14,10,71.4,4,28.6,660,0,18,3,780,87,74.9,89,19,1,45,2,1.48,24,20,+4,+0.20,+1.08,22.4,20.8,+1.6,+0.08,+1.06,0,21,0,0,0,93,78,56.5
360,Lucas Gamba,ar ARG,"FW,MF",Unión,38-106,1987,26,14,1396,15.5,4,2,6,4,0,0,2,0,4.7,4.7,1.9,6.6,22,43,161,0.26,0.13,0.39,0.26,0.39,0.30,0.12,0.43,0.30,0.43,Matches,37,14,37.8,2.39,0.90,0.11,0.29,16.1,1,0.13,-0.7,-0.7,351,492,71.3,5091,1119,213,257,82.9,99,140,70.7,22,42,52.4,1.9,+0.1,15,13,25,10,457,31,1,4,60,11,3,0,0,0,4,22,52,3.35,41,2,0,4,0,2,0.13,2,0,0,0,0,7,5,1,2,4,4,44.4,5,15,1,8,6,1,659,3,59,8,29.6,19,70.4,387,6,44,29,501,54,57.4,71,2,12,33,1,1.15,12,12,0,0.00,+0.09,18.2,15.1,+3.2,+0.20,+0.07,0,20,0,0,0,30,10,19.6
417,Lucas González,ar ARG,"MF,FW",Defensa y Just,25-127,2000,14,11,731,8.1,1,3,4,1,0,0,1,0,0.2,0.2,1.0,1.3,16,47,42,0.12,0.37,0.49,0.12,0.49,0.03,0.13,0.15,0.03,0.15,Matches,7,5,71.4,0.86,0.62,0.14,0.20,26.5,0,0.03,+0.8,+0.8,254,310,81.9,4370,1174,115,128,89.8,107,128,83.6,26,43,60.5,1.2,+2.0,8,32,6,2,291,19,0,5,22,2,13,6,6,0,0,5,23,2.83,19,1,0,2,0,4,0.49,4,0,0,0,0,7,5,1,4,2,3,50.0,3,8,2,9,3,0,390,3,7,6,35.3,11,64.7,239,1,19,19,289,52,30.1,60,1,3,22,5,1.14,10,8,+2,+0.25,+0.46,7.4,8.5,-1.1,-0.13,+0.08,0,8,0,0,0,49,1,12.5
402,Lucas Gómez,ar ARG,MF,Arg Juniors,21-113,2004,17,0,315,3.5,1,1,2,1,0,0,1,0,0.6,0.6,0.2,0.7,2,14,4,0.29,0.29,0.57,0.29,0.57,0.16,0.05,0.21,0.16,0.21,Matches,4,2,50.0,1.14,0.57,0.25,0.50,18.8,0,0.14,+0.4,+0.4,173,207,83.6,2931,792,89,95,93.7,66,72,91.7,17,27,63.0,0.1,+0.8,3,15,1,1,197,6,1,3,2,1,0,0,0,0,4,5,4,1.14,2,0,0,2,0,0,0.00,0,0,0,0,0,8,5,1,7,0,1,33.3,2,3,3,11,7,0,246,6,2,2,66.7,1,33.3,127,0,5,5,169,19,13.0,,0,17,19,10,2.06,4,6,-2,-0.57,-1.47,4.7,5.2,-0.6,-0.16,-0.65,0,9,0,0,0,25,5,71.4
476,Lucas Janson,ar ARG,"FW,MF",Boca Juniors,31-053,1994,4,1,118,1.3,0,0,0,0,0,0,0,0,0.1,0.1,0.3,0.5,2,7,9,0.00,0.00,0.00,0.00,0.00,0.11,0.25,0.36,0.11,0.36,Matches,2,0,0.0,1.53,0.00,0.00,,16.0,0,0.07,-0.1,-0.1,24,34,70.6,361,80,9,13,69.2,11,15,73.3,1,1,100.0,0.2,-0.3,3,2,3,0,33,1,0,0,1,1,0,0,0,0,0,3,4,3.05,2,0,1,0,1,0,0.00,0,0,0,0,0,3,2,1,0,2,3,75.0,1,0,0,3,0,0,51,0,9,3,75.0,1,25.0,28,0,8,4,36,30,4.9,77,0,3,14,15,1.75,3,2,+1,+0.76,-0.09,1.7,1.5,+0.3,+0.19,-0.25,0,0,0,0,0,5,2,50.0
501,Lucas Lazarte,ar ARG,MF,Aldosivi,20-071,2005,1,0,15,0.2,0,1,1,0,0,0,1,0,0.1,0.1,0.3,0.4,1,2,1,0.00,6.00,6.00,0.00,6.00,0.66,1.60,2.26,0.66,2.26,Matches,2,1,50.0,12.00,6.00,0.00,0.00,14.3,0,0.06,-0.1,-0.1,4,6,66.7,70,41,2,2,100.0,2,2,100.0,0,1,0.0,0.1,+0.7,2,1,2,0,6,0,0,0,1,0,0,0,0,0,0,0,3,18.00,3,0,0,0,0,1,6.00,1,0,0,0,0,0,0,0,0,0,0,,0,0,0,0,0,0,10,0,2,0,,0,,8,0,2,0,8,15,0.6,,0,1,15,0,3.00,1,0,+1,+6.00,+6.82,0.4,0.3,+0.1,+0.76,+1.24,0,0,0,0,0,2,1,100.0
584,Lucas Martínez Quarta,ar ARG,DF,River Plate,29-151,1996,18,18,1542,17.1,1,0,1,1,0,0,10,1,1.0,1.0,0.9,1.8,17,71,4,0.06,0.00,0.06,0.06,0.06,0.06,0.05,0.11,0.06,0.11,Matches,16,9,56.3,0.93,0.53,0.06,0.11,13.6,0,0.06,0.0,0.0,860,1035,83.1,18533,7812,260,306,85.0,446,484,92.1,148,223,66.4,0.5,-0.9,7,69,5,0,999,33,0,15,3,6,0,0,0,0,3,13,18,1.05,14,0,0,1,1,2,0.12,2,0,0,0,0,36,21,24,10,2,16,76.2,5,13,16,52,88,2,1236,97,23,7,53.8,6,46.2,684,0,8,5,790,86,63.5,86,16,0,,3,1.95,28,12,+16,+0.93,+0.63,21.1,14.4,+6.8,+0.40,-0.12,1,16,0,0,0,86,58,65.2
610,Lucas Menossi,ar ARG,MF,Belgrano,33-089,1992,19,11,1014,11.3,1,0,1,1,0,0,5,0,1.5,1.5,0.4,1.9,9,39,23,0.09,0.00,0.09,0.09,0.09,0.14,0.03,0.17,0.14,0.17,Matches,14,1,7.1,1.24,0.09,0.07,1.00,19.7,0,0.11,-0.5,-0.5,333,419,79.5,5495,1777,153,183,83.6,137,161,85.1,25,43,58.1,0.5,-0.4,9,40,4,2,410,9,0,4,17,4,2,0,2,0,0,7,22,1.95,14,2,0,1,2,0,0.00,0,0,0,0,0,25,15,10,13,2,9,36.0,16,8,9,34,15,0,515,12,10,4,66.7,2,33.3,256,1,10,8,304,53,41.7,70,1,8,30,5,0.89,8,17,-9,-0.80,-0.86,10.4,12.5,-2.1,-0.19,-0.11,0,19,0,0,0,53,13,59.1
,Lucas Meuli,,,,,,,,,,,,,,,,,,,,,,,,,,,,,,,,,,,,,,,,,,,,,,,,,,,,,,,,,,,,,,,,,,,,,,,,,,,,,,,,,,,,,,,,,,,,,,,,,,,,,,,,,,,,,,,,,,,,,,,,,,0,0,,2,,,,,,,,,,,,,,,,,,,
,Lucas Mihovilcevich,,,,,,,,,,,,,,,,,,,,,,,,,,,,,,,,,,,,,,,,,,,,,,,,,,,,,,,,,,,,,,,,,,,,,,,,,,,,,,,,,,,,,,,,,,,,,,,,,,,,,,,,,,,,,,,,,,,,,,,,,,0,0,,4,,,,,,,,,,,,,,,,,,,
718,Lucas Palavecino,ar ARG,MF,Banfield,21-355,2003,2,0,46,0.5,0,0,0,0,0,0,0,0,0.0,0.0,0.0,0.0,0,0,0,0.00,0.00,0.00,0.00,0.00,0.00,0.00,0.00,0.00,0.00,Matches,0,0,,0.00,0.00,,,,0,,0.0,0.0,12,14,85.7,167,37,7,7,100.0,3,3,100.0,1,1,100.0,0.0,0.0,0,1,0,0,14,0,0,0,0,0,0,0,0,0,0,2,1,1.96,1,0,0,0,0,0,0.00,0,0,0,0,0,0,0,0,0,0,0,0.0,1,0,2,2,4,0,21,2,0,0,,0,,6,0,0,0,7,23,1.9,,0,2,23,3,3.00,0,0,0,0.00,+0.38,0.6,0.2,+0.4,+0.80,+1.12,0,3,0,0,0,3,0,0.0
728,Lucas Passerini,ar ARG,"FW,MF",Belgrano,31-084,1994,23,7,857,9.5,1,0,1,0,1,1,5,0,3.1,2.3,0.4,2.7,4,18,62,0.11,0.00,0.11,0.00,0.00,0.32,0.05,0.36,0.24,0.28,Matches,21,5,23.8,2.21,0.53,0.00,0.00,15.7,0,0.11,-2.1,-2.3,106,175,60.6,1381,289,60,91,65.9,32,48,66.7,4,10,40.0,0.5,-0.4,9,10,6,0,168,5,0,1,3,0,0,0,0,0,2,2,21,2.20,16,0,0,2,0,1,0.10,1,0,0,0,0,7,4,0,6,1,2,66.7,1,1,0,7,16,0,309,19,48,2,22.2,7,77.8,169,1,42,19,240,37,35.3,70,2,16,23,2,1.13,6,14,-8,-0.84,-0.84,9.3,10.2,-0.8,-0.09,+0.06,0,14,0,0,0,17,30,41.1
769,Lucas Piovi,ar ARG,MF,Estudiantes–LP,33-049,1992,11,8,710,7.9,0,0,0,0,0,0,2,0,0.3,0.3,0.2,0.4,7,68,5,0.00,0.00,0.00,0.00,0.00,0.03,0.02,0.06,0.03,0.06,Matches,7,4,57.1,0.89,0.51,0.00,0.00,28.1,0,0.04,-0.3,-0.3,418,492,85.0,7880,2715,151,171,88.3,220,244,90.2,43,62,69.4,0.4,-0.2,6,59,5,2,473,18,2,1,4,1,0,0,0,0,1,4,17,2.15,13,1,0,1,0,1,0.13,1,0,0,0,0,17,13,5,11,1,11,61.1,7,7,10,27,21,1,580,24,2,4,50.0,4,50.0,327,0,9,2,369,65,29.2,77,4,3,32,5,1.17,7,12,-5,-0.63,-0.84,6.5,9.7,-3.2,-0.41,-0.76,0,11,0,0,0,55,4,21.1
786,Lucas Pratto,ar ARG,"FW,MF",Sarmiento,37-126,1988,4,0,99,1.1,0,0,0,0,0,0,0,0,0.3,0.3,0.1,0.4,1,10,4,0.00,0.00,0.00,0.00,0.00,0.24,0.10,0.35,0.24,0.35,Matches,3,0,0.0,2.73,0.00,0.00,,11.8,0,0.09,-0.3,-0.3,40,55,72.7,586,232,23,26,88.5,17,26,65.4,0,1,0.0,0.2,-0.1,2,7,1,0,53,1,1,0,0,0,0,0,0,0,1,0,4,3.64,4,0,0,0,0,0,0.00,0,0,0,0,0,0,0,0,0,0,0,0.0,1,1,0,0,0,0,66,0,4,0,,0,,27,0,3,4,46,25,4.2,,0,4,25,4,1.00,1,3,-2,-1.82,-1.46,3.0,2.3,+0.7,+0.63,+1.00,0,0,0,0,0,3,4,66.7
848,Lucas Rodríguez,ar ARG,"DF,FW",Instituto,32-011,1993,18,13,1196,13.3,0,0,0,0,0,0,2,0,0.5,0.5,0.6,1.2,9,57,29,0.00,0.00,0.00,0.00,0.00,0.04,0.05,0.09,0.04,0.09,Matches,8,2,25.0,0.60,0.15,0.00,0.00,22.2,2,0.06,-0.5,-0.5,400,639,62.6,7427,4718,173,206,84.0,167,258,64.7,52,145,35.9,0.9,-0.6,12,53,13,6,441,194,0,2,63,165,10,2,8,0,4,15,33,2.48,11,16,0,2,1,1,0.08,0,1,0,0,0,20,13,10,7,3,13,65.0,7,12,10,30,33,1,759,24,7,2,33.3,4,66.7,248,0,14,3,346,66,49.2,83,9,5,24,7,1.00,13,14,-1,-0.08,+0.58,11.7,13.7,-2.0,-0.15,-0.22,0,9,0,0,0,36,8,38.1
939,Lucas Souto,ar ARG,DF,Defensa y Just,26-362,1998,3,0,50,0.6,0,0,0,0,0,0,1,0,0.0,0.0,0.0,0.0,3,2,6,0.00,0.00,0.00,0.00,0.00,0.07,0.00,0.07,0.07,0.07,Matches,1,0,0.0,1.80,0.00,0.00,,18.4,0,0.04,0.0,0.0,22,26,84.6,329,79,12,14,85.7,9,11,81.8,0,0,,0.0,0.0,0,1,0,0,23,3,0,0,1,3,0,0,0,0,0,0,0,0.00,0,0,0,0,0,0,0.00,0,0,0,0,0,0,0,0,0,0,0,,0,0,0,0,3,0,29,0,2,1,100.0,0,0.0,17,1,0,0,22,17,2.1,,0,3,17,11,1.33,0,1,-1,-1.80,-1.76,0.4,1.4,-1.0,-1.72,-1.56,0,1,0,0,0,1,0,0.0
,Lucas Testa,,,,,,,,,,,,,,,,,,,,,,,,,,,,,,,,,,,,,,,,,,,,,,,,,,,,,,,,,,,,,,,,,,,,,,,,,,,,,,,,,,,,,,,,,,,,,,,,,,,,,,,,,,,,,,,,,,,,,,,,,,0,0,,1,,,,,,,,,,,,,,,,,,,
,Lucas Varaldo,,,,,,,,,,,,,,,,,,,,,,,,,,,,,,,,,,,,,,,,,,,,,,,,,,,,,,,,,,,,,,,,,,,,,,,,,,,,,,,,,,,,,,,,,,,,,,,,,,,,,,,,,,,,,,,,,,,,,,,,,,0,0,,1,,,,,,,,,,,,,,,,,,,
1030,Lucas Zelarayán,am ARM,MF,Belgrano,33-110,1992,20,18,1622,18.0,3,2,5,3,0,0,1,0,2.0,2.0,4.0,5.9,60,128,123,0.17,0.11,0.28,0.17,0.28,0.11,0.22,0.33,0.11,0.33,Matches,36,14,38.9,2.00,0.78,0.08,0.21,23.2,7,0.05,+1.0,+1.0,720,1003,71.8,12558,4995,369,416,88.7,230,308,74.7,102,214,47.7,5.3,-2.0,49,108,38,10,842,151,3,8,142,3,73,27,32,0,10,18,112,6.21,58,33,6,10,0,6,0.33,6,0,0,0,0,24,18,4,13,7,13,59.1,9,9,4,28,6,0,1200,7,38,32,45.1,39,54.9,728,14,50,37,869,81,66.7,86,16,2,33,1,1.10,17,22,-5,-0.28,+0.06,17.0,20.6,-3.7,-0.20,-0.23,0,15,0,0,0,92,6,28.6
3,Luciano Abecasis,ar ARG,DF,Ind. Rivadavia,35-126,1990,1,1,90,1.0,0,1,1,0,0,0,0,0,0.1,0.1,0.2,0.3,3,3,5,0.00,1.00,1.00,0.00,1.00,0.09,0.17,0.26,0.09,0.26,Matches,1,1,100.0,1.00,1.00,0.00,0.00,15.9,0,0.09,-0.1,-0.1,37,52,71.2,587,266,23,24,95.8,11,17,64.7,3,11,27.3,0.2,+0.8,1,2,2,0,45,7,0,0,3,7,0,0,0,0,0,0,3,3.00,3,0,0,0,0,1,1.00,1,0,0,0,0,2,2,1,0,1,1,100.0,0,4,0,2,4,1,68,1,2,0,0.0,1,100.0,24,0,3,0,37,90,3.7,90,1,0,,8,0.00,1,4,-3,-3.00,-3.15,1.8,2.6,-0.8,-0.79,-0.52,0,0,0,0,0,5,1,100.0
118,Luciano Boggio,it ITA,MF,Lanús,26-212,1999,1,0,9,0.1,0,0,0,0,0,0,0,0,0.0,0.0,0.0,0.0,0,1,1,0.00,0.00,0.00,0.00,0.00,0.00,0.00,0.00,0.00,0.00,Matches,0,0,,0.00,0.00,,,,0,,0.0,0.0,6,7,85.7,107,21,2,2,100.0,3,3,100.0,1,2,50.0,0.1,0.0,0,0,1,0,7,0,0,0,1,0,0,0,0,0,0,0,0,0.00,0,0,0,0,0,0,0.00,0,0,0,0,0,3,3,0,1,2,2,100.0,0,0,0,3,1,0,10,1,1,0,0.0,1,100.0,4,0,0,0,4,9,0.4,,0,1,9,0,0.00,0,1,-1,-10.00,-10.19,0.1,0.1,+0.1,+0.58,+0.52,0,0,0,0,0,2,0,
155,Luciano Cabral,cl CHI,MF,Independiente,30-165,1995,23,15,1429,15.9,2,1,3,2,0,0,5,1,2.6,2.6,1.2,3.8,20,115,92,0.13,0.06,0.19,0.13,0.19,0.16,0.07,0.23,0.16,0.23,Matches,29,6,20.7,1.83,0.38,0.07,0.33,19.6,0,0.09,-0.6,-0.6,573,741,77.3,9410,2861,288,321,89.7,223,277,80.5,44,93,47.3,2.1,-0.2,20,90,25,2,683,51,4,4,40,7,18,3,13,0,7,17,48,2.98,38,3,2,3,0,5,0.31,4,0,1,0,0,20,12,2,14,4,7,43.8,9,16,11,31,7,0,952,5,38,18,38.3,29,61.7,576,6,48,32,684,62,61.1,75,4,8,37,2,1.58,19,10,+9,+0.57,+0.76,16.7,12.9,+3.8,+0.24,+0.55,0,16,0,0,0,69,11,29.7
382,Luciano Giménez,ar ARG,FW,Huracán,25-232,2000,6,5,371,4.1,1,1,2,1,0,0,1,1,1.5,1.5,0.2,1.7,2,6,15,0.24,0.24,0.49,0.24,0.49,0.37,0.04,0.41,0.37,0.41,Matches,6,3,50.0,1.46,0.73,0.17,0.33,10.5,0,0.25,-0.5,-0.5,61,91,67.0,745,128,41,55,74.5,15,22,68.2,0,0,,0.1,+0.8,3,6,4,0,86,5,0,0,0,0,0,0,0,0,0,4,10,2.42,7,0,1,2,0,2,0.48,1,0,0,1,0,4,3,0,3,1,1,100.0,0,1,3,7,5,0,149,4,15,3,37.5,5,62.5,66,0,15,5,97,62,15.3,68,0,1,31,0,2.00,4,1,+3,+0.73,+0.64,4.0,3.1,+0.9,+0.23,-0.02,0,8,0,0,0,7,13,34.2
383,Luciano Giménez,ar ARG,"FW,MF",Estudiantes–LP,25-232,2000,8,1,209,2.3,2,0,2,2,0,0,0,0,1.1,1.1,0.0,1.2,4,1,13,0.86,0.00,0.86,0.86,0.86,0.48,0.02,0.50,0.48,0.50,Matches,6,3,50.0,1.46,0.73,0.17,0.33,10.5,0,0.25,-0.5,-0.5,61,91,67.0,745,128,41,55,74.5,15,22,68.2,0,0,,0.1,+0.8,3,6,4,0,86,5,0,0,0,0,0,0,0,0,0,4,10,2.42,7,0,1,2,0,2,0.48,1,0,0,1,0,4,3,0,3,1,1,100.0,0,1,3,7,5,0,149,4,15,3,37.5,5,62.5,66,0,15,5,97,62,15.3,68,0,1,31,0,2.00,4,1,+3,+0.73,+0.64,4.0,3.1,+0.9,+0.23,-0.02,0,8,0,0,0,7,13,34.2
403,Luciano Gómez,ar ARG,DF,Ind. Rivadavia,29-200,1996,22,22,1846,20.5,2,1,3,2,0,0,5,0,1.4,1.4,1.0,2.4,34,84,61,0.10,0.05,0.15,0.10,0.15,0.07,0.05,0.12,0.07,0.12,Matches,14,6,42.9,0.68,0.29,0.14,0.33,22.4,0,0.10,+0.6,+0.6,689,898,76.7,12019,5708,330,365,90.4,263,340,77.4,74,142,52.1,1.5,0.0,18,69,19,10,753,141,1,11,33,132,0,0,0,0,4,22,38,1.85,28,1,3,4,0,3,0.15,2,0,0,1,0,30,17,18,11,1,21,58.3,15,20,21,51,53,0,1133,65,21,18,56.3,14,43.8,580,5,34,15,631,84,76.0,84,9,0,,0,1.30,22,21,+1,+0.05,+0.05,22.5,27.0,-4.5,-0.22,+0.28,0,15,0,0,0,116,10,55.6
516,Luciano Lollo,ar ARG,DF,Newell's OB,38-193,1987,21,21,1810,20.1,3,0,3,3,0,0,5,2,1.1,1.1,0.1,1.2,1,41,3,0.15,0.00,0.15,0.15,0.15,0.05,0.01,0.06,0.05,0.06,Matches,11,4,36.4,0.55,0.20,0.27,0.75,11.2,0,0.10,+1.9,+1.9,519,642,80.8,11245,5224,135,153,88.2,287,318,90.3,90,154,58.4,0.3,-0.1,3,35,2,0,611,30,0,3,0,0,0,0,0,0,1,7,10,0.50,5,3,0,0,1,0,0.00,0,0,0,0,0,23,16,18,5,0,14,56.0,11,13,23,46,132,1,893,171,20,7,77.8,2,22.2,394,0,9,2,459,86,74.5,86,17,0,,4,1.19,17,23,-6,-0.30,+0.43,21.3,23.3,-2.0,-0.10,+0.25,1,15,0,0,0,51,36,55.4
727,Luciano Pascual,,"FW,MF",Godoy Cruz,,,8,3,220,2.4,0,0,0,0,0,0,1,0,0.2,0.2,0.0,0.2,6,8,8,0.00,0.00,0.00,0.00,0.00,0.08,0.01,0.09,0.08,0.09,Matches,3,1,33.3,1.23,0.41,0.00,0.00,23.4,0,0.07,-0.2,-0.2,51,64,79.7,821,128,27,31,87.1,21,23,91.3,2,4,50.0,0.0,0.0,1,4,1,0,63,1,0,1,3,0,0,0,0,0,0,2,4,1.64,4,0,0,0,0,0,0.00,0,0,0,0,0,1,1,0,1,0,0,0.0,2,1,1,2,0,0,88,0,3,4,66.7,2,33.3,46,0,7,6,56,28,9.1,50,0,5,14,9,1.00,1,5,-4,-1.64,-1.19,1.9,1.6,+0.3,+0.14,+0.55,0,1,0,0,0,16,1,11.1
810,Luciano Ramón Herrera,ar ARG,"MF,FW",Newell's OB,29-130,1996,21,17,1282,14.2,3,1,4,3,0,0,4,0,2.3,2.3,1.3,3.6,36,28,92,0.21,0.07,0.28,0.21,0.28,0.16,0.09,0.25,0.16,0.25,Matches,28,6,21.4,1.97,0.42,0.11,0.50,21.0,0,0.08,+0.7,+0.7,228,324,70.4,3488,1103,127,153,83.0,72,106,67.9,20,36,55.6,1.7,-0.3,10,19,10,1,308,16,0,0,29,5,6,0,6,0,0,13,38,2.67,24,4,1,5,3,4,0.28,3,0,0,0,1,26,13,16,3,7,14,46.7,16,11,17,43,25,0,552,27,42,15,29.4,33,64.7,327,10,49,24,348,61,52.8,71,1,4,18,1,1.19,10,12,-2,-0.14,+0.57,11.1,17.9,-6.8,-0.48,-0.68,0,28,0,0,0,73,19,41.3
811,Luciano Ramón Herrera,ar ARG,FW,Defensa y Just,29-130,1996,1,0,21,0.2,0,0,0,0,0,0,0,0,0.0,0.0,0.0,0.0,1,1,3,0.00,0.00,0.00,0.00,0.00,0.00,0.00,0.00,0.00,0.00,Matches,28,6,21.4,1.97,0.42,0.11,0.50,21.0,0,0.08,+0.7,+0.7,228,324,70.4,3488,1103,127,153,83.0,72,106,67.9,20,36,55.6,1.7,-0.3,10,19,10,1,308,16,0,0,29,5,6,0,6,0,0,13,38,2.67,24,4,1,5,3,4,0.28,3,0,0,0,1,26,13,16,3,7,14,46.7,16,11,17,43,25,0,552,27,42,15,29.4,33,64.7,327,10,49,24,348,61,52.8,71,1,4,18,1,1.19,10,12,-2,-0.14,+0.57,11.1,17.9,-6.8,-0.48,-0.68,0,28,0,0,0,73,19,41.3
816,Luciano Recalde,ar ARG,DF,San Martín de San Juan,30-057,1995,17,15,1255,13.9,0,0,0,0,0,0,3,0,0.7,0.7,0.0,0.7,7,29,1,0.00,0.00,0.00,0.00,0.00,0.05,0.00,0.05,0.05,0.05,Matches,6,0,0.0,0.43,0.00,0.00,,12.5,1,0.12,-0.7,-0.7,301,433,69.5,6202,2652,90,110,81.8,170,205,82.9,36,103,35.0,0.0,0.0,1,11,0,0,366,66,0,10,0,31,0,0,0,0,1,4,4,0.29,4,0,0,0,0,0,0.00,0,0,0,0,0,16,7,9,7,0,10,58.8,7,4,9,25,80,1,572,77,9,2,66.7,1,33.3,217,0,5,2,268,74,51.6,83,13,2,8,6,1.00,8,12,-4,-0.29,+0.63,12.2,14.8,-2.6,-0.19,+0.24,0,13,0,0,0,36,28,57.1
868,Luciano Romero,ar ARG,DF,Lanús,19-278,2006,1,1,45,0.5,0,0,0,0,0,0,1,0,0.0,0.0,0.1,0.1,1,4,0,0.00,0.00,0.00,0.00,0.00,0.00,0.14,0.14,0.00,0.14,Matches,0,0,,0.00,0.00,,,,0,,0.0,0.0,28,34,82.4,416,229,14,15,93.3,13,16,81.3,0,1,0.0,0.1,-0.1,1,2,1,0,26,8,0,0,0,8,0,0,0,0,0,1,2,4.00,1,1,0,0,0,0,0.00,0,0,0,0,0,2,1,0,1,1,1,100.0,0,2,2,4,0,0,41,0,0,0,,0,,15,0,0,0,17,45,1.9,45,0,0,,5,3.00,0,1,-1,-2.00,-2.19,0.2,0.3,-0.1,-0.14,-0.20,0,2,0,0,0,5,0,0.0
,Luciano Vallejo,,,,,,,,,,,,,,,,,,,,,,,,,,,,,,,,,,,,,,,,,,,,,,,,,,,,,,,,,,,,,,,,,,,,,,,,,,,,,,,,,,,,,,,,,,,,,,,,,,,,,,,,,,,,,,,,,,,,,,,,,,0,0,,3,,,,,,,,,,,,,,,,,,,
1001,Luciano Vietto,ar ARG,"MF,FW",Racing Club,31-307,1993,13,10,714,7.9,3,2,5,3,0,0,2,0,3.3,3.3,2.1,5.4,12,59,58,0.38,0.25,0.63,0.38,0.63,0.42,0.26,0.68,0.42,0.68,Matches,22,6,27.3,2.77,0.76,0.14,0.50,14.3,2,0.15,-0.3,-0.3,222,312,71.2,4290,1308,98,115,85.2,86,112,76.8,36,71,50.7,1.9,-0.1,21,27,26,3,267,44,5,2,37,1,26,7,13,0,1,7,40,5.04,29,7,2,0,0,4,0.50,3,0,0,0,0,8,1,2,4,2,1,8.3,11,6,5,13,1,0,396,1,32,9,40.9,13,59.1,192,4,20,10,265,55,29.4,66,1,3,18,6,1.71,14,7,+7,+0.88,+0.83,12.3,10.1,+2.1,+0.27,+0.42,0,8,0,0,0,32,2,25.0
308,Lucio Falasco,ar ARG,"MF,FW",Aldosivi,21-231,2004,2,0,4,0.0,0,1,1,0,0,0,1,0,0.0,0.0,0.7,0.7,1,0,0,0.00,22.50,22.50,0.00,22.50,0.00,15.33,15.33,0.00,15.33,Matches,0,0,,0.00,0.00,,,,0,,0.0,0.0,6,8,75.0,114,69,3,3,100.0,2,2,100.0,1,2,50.0,0.1,+0.3,2,1,0,0,8,0,0,0,0,0,0,0,0,0,0,0,2,45.00,2,0,0,0,0,1,22.50,1,0,0,0,0,0,0,0,0,0,0,0.0,1,0,0,0,0,0,8,0,1,0,,0,,2,1,0,0,4,2,0.2,,0,2,2,5,3.00,2,0,+2,+45.00,+45.85,1.5,0.0,+1.4,+32.59,+33.11,0,1,0,0,0,2,1,50.0
18,Luis Advíncula,pe PER,DF,Boca Juniors,35-220,1990,17,10,991,11.0,1,1,2,1,0,0,3,0,0.7,0.7,0.7,1.4,19,44,58,0.09,0.09,0.18,0.09,0.18,0.06,0.06,0.12,0.06,0.12,Matches,6,1,16.7,0.54,0.09,0.17,1.00,20.9,0,0.11,+0.3,+0.3,454,551,82.4,7735,2607,224,241,92.9,180,218,82.6,43,69,62.3,0.3,+0.3,7,27,7,3,436,115,0,5,26,104,0,0,0,0,0,14,14,1.27,13,1,0,0,0,1,0.09,1,0,0,0,0,16,12,12,3,1,12,70.6,5,7,6,22,24,0,647,26,9,6,66.7,3,33.3,301,3,12,10,392,58,40.8,87,8,7,18,9,1.82,12,8,+4,+0.36,-0.83,12.2,11.4,+0.8,+0.07,-0.62,0,22,0,0,0,35,9,56.3
49,Luis Angulo,co COL,"FW,MF",Cen. Córdoba–SdE,21-199,2004,16,13,989,11.0,1,4,5,1,0,0,4,0,3.3,3.3,2.8,6.1,43,23,105,0.09,0.36,0.46,0.09,0.46,0.30,0.25,0.55,0.30,0.55,Matches,18,10,55.6,1.64,0.91,0.06,0.10,14.2,0,0.18,-2.3,-2.3,190,285,66.7,2858,801,110,151,72.8,64,87,73.6,11,25,44.0,2.7,+1.2,16,10,14,4,279,4,5,0,22,3,1,0,0,0,2,16,34,3.10,24,1,2,5,1,4,0.36,4,0,0,0,0,9,8,2,6,1,6,28.6,15,8,3,12,1,0,413,2,61,25,43.1,33,56.9,299,30,30,19,320,62,40.7,68,2,3,35,0,1.13,13,12,+1,+0.09,+0.03,14.5,11.1,+3.4,+0.31,+0.33,0,9,0,0,0,44,5,62.5
50,Luis Angulo,co COL,"FW,MF",Talleres,21-199,2004,6,0,138,1.5,0,1,1,0,0,0,0,0,0.2,0.2,0.6,0.7,5,3,17,0.00,0.65,0.65,0.00,0.65,0.10,0.38,0.48,0.10,0.48,Matches,18,10,55.6,1.64,0.91,0.06,0.10,14.2,0,0.18,-2.3,-2.3,190,285,66.7,2858,801,110,151,72.8,64,87,73.6,11,25,44.0,2.7,+1.2,16,10,14,4,279,4,5,0,22,3,1,0,0,0,2,16,34,3.10,24,1,2,5,1,4,0.36,4,0,0,0,0,9,8,2,6,1,6,28.6,15,8,3,12,1,0,413,2,61,25,43.1,33,56.9,299,30,30,19,320,62,40.7,68,2,3,35,0,1.13,13,12,+1,+0.09,+0.03,14.5,11.1,+3.4,+0.31,+0.33,0,9,0,0,0,44,5,62.5
467,Luis Ingolotti,ar ARG,GK,Gimnasia–LP,25-267,2000,3,3,270,3.0,0,0,0,0,0,0,0,0,0.0,0.0,0.0,0.0,0,0,0,0.00,0.00,0.00,0.00,0.00,0.00,0.00,0.00,0.00,0.00,Matches,0,0,,0.00,0.00,,,,0,,0.0,0.0,55,76,72.4,1623,1230,8,8,100.0,28,28,100.0,18,39,46.2,0.0,0.0,0,1,0,0,46,30,0,0,0,0,0,0,0,0,0,0,0,0.00,0,0,0,0,0,0,0.00,0,0,0,0,0,0,0,0,0,0,0,,0,0,0,0,2,1,83,68,0,0,,0,,33,0,0,0,21,90,11.1,90,3,0,,24,0.00,0,7,-7,-2.33,-2.04,2.3,4.4,-2.0,-0.68,-0.36,0,0,0,0,0,5,1,100.0
620,Luis Miguel Rodríguez,ar ARG,"MF,FW",Atlé Tucumán,40-280,1985,9,2,311,3.5,0,0,0,0,0,0,1,0,0.5,0.5,0.6,1.1,3,28,17,0.00,0.00,0.00,0.00,0.00,0.14,0.18,0.32,0.14,0.32,Matches,13,7,53.8,3.76,2.03,0.00,0.00,27.9,6,0.04,-0.5,-0.5,113,167,67.7,2268,954,46,58,79.3,39,51,76.5,25,45,55.6,0.8,-0.6,11,21,8,1,129,35,0,0,23,3,21,7,10,0,3,5,16,4.65,6,8,0,0,0,0,0.00,0,0,0,0,0,1,1,0,0,1,1,100.0,0,1,0,1,0,0,201,0,3,0,0.0,7,87.5,96,0,6,1,128,35,12.8,75,1,7,23,7,0.33,2,6,-4,-1.16,-1.24,3.8,5.8,-2.0,-0.57,-0.48,0,2,0,0,0,8,2,25.0
914,Luis Sequeira,ar ARG,MF,Ind. Rivadavia,22-273,2003,16,14,1063,11.8,2,1,3,1,1,1,3,0,1.7,0.9,1.2,2.1,15,86,50,0.17,0.08,0.25,0.08,0.17,0.14,0.11,0.25,0.07,0.18,Matches,21,7,33.3,1.78,0.59,0.05,0.14,28.0,0,0.04,+0.3,+0.1,482,630,76.5,9545,3069,215,261,82.4,157,203,77.3,96,133,72.2,1.2,-0.2,15,79,12,2,585,41,2,26,19,7,3,1,2,0,4,11,48,4.06,31,3,7,3,1,7,0.59,5,0,1,1,0,26,16,11,11,4,12,54.5,10,11,3,29,6,0,761,7,13,27,61.4,16,36.4,432,2,29,22,576,66,43.7,72,3,2,31,0,1.59,15,11,+4,+0.34,+0.54,14.0,14.2,-0.2,-0.02,+0.48,0,14,1,0,0,74,6,40.0
915,Luis Sequeira,ar ARG,"FW,MF",Talleres,22-273,2003,6,4,333,3.7,1,0,1,1,0,0,0,0,0.5,0.5,0.6,1.0,6,19,15,0.27,0.00,0.27,0.27,0.27,0.12,0.16,0.28,0.12,0.28,Matches,21,7,33.3,1.78,0.59,0.05,0.14,28.0,0,0.04,+0.3,+0.1,482,630,76.5,9545,3069,215,261,82.4,157,203,77.3,96,133,72.2,1.2,-0.2,15,79,12,2,585,41,2,26,19,7,3,1,2,0,4,11,48,4.06,31,3,7,3,1,7,0.59,5,0,1,1,0,26,16,11,11,4,12,54.5,10,11,3,29,6,0,761,7,13,27,61.4,16,36.4,432,2,29,22,576,66,43.7,72,3,2,31,0,1.59,15,11,+4,+0.34,+0.54,14.0,14.2,-0.2,-0.02,+0.48,0,14,1,0,0,74,6,40.0
,Luis Álvarez,,,,,,,,,,,,,,,,,,,,,,,,,,,,,,,,,,,,,,,,,,,,,,,,,,,,,,,,,,,,,,,,,,,,,,,,,,,,,,,,,,,,,,,,,,,,,,,,,,,,,,,,,,,,,,,,,,,,,,,,,,0,0,,1,,,,,,,,,,,,,,,,,,,
,Luka Fuster,,,,,,,,,,,,,,,,,,,,,,,,,,,,,,,,,,,,,,,,,,,,,,,,,,,,,,,,,,,,,,,,,,,,,,,,,,,,,,,,,,,,,,,,,,,,,,,,,,,,,,,,,,,,,,,,,,,,,,,,,,0,0,,1,,,,,,,,,,,,,,,,,,,
189,Maher Carrizo,ar ARG,"FW,MF",Vélez Sarsfield,19-231,2006,18,15,1252,13.9,5,0,5,5,0,0,2,0,2.2,2.2,0.4,2.6,32,33,97,0.36,0.00,0.36,0.36,0.36,0.16,0.03,0.19,0.16,0.19,Matches,27,12,44.4,1.94,0.86,0.19,0.42,18.7,5,0.08,+2.8,+2.8,197,322,61.2,2692,818,122,164,74.4,54,85,63.5,9,37,24.3,0.8,-0.4,7,7,14,0,276,43,0,0,38,9,20,14,4,0,3,16,27,1.94,12,5,5,3,0,3,0.22,0,1,1,0,0,13,9,5,7,1,2,18.2,9,14,4,17,7,0,518,8,38,27,44.3,34,55.7,338,11,50,30,368,70,51.5,80,5,3,17,0,1.56,13,11,+2,+0.14,+0.75,12.0,12.9,-0.9,-0.06,+0.04,0,22,0,0,0,36,13,36.1
849,Maizon Rodríguez,uy URU,DF,Unión,22-139,2003,6,6,540,6.0,0,0,0,0,0,0,2,0,0.3,0.3,0.0,0.3,2,16,0,0.00,0.00,0.00,0.00,0.00,0.05,0.01,0.06,0.05,0.06,Matches,5,0,0.0,0.83,0.00,0.00,,17.8,0,0.06,-0.3,-0.3,174,215,80.9,3863,1736,44,52,84.6,104,110,94.5,26,51,51.0,0.1,0.0,1,12,2,0,204,11,0,1,0,0,0,0,0,0,0,2,3,0.50,2,1,0,0,0,1,0.17,0,1,0,0,0,5,4,4,1,0,2,50.0,2,5,5,10,40,1,291,37,6,1,100.0,0,0.0,139,0,4,1,163,90,22.2,90,6,0,,2,1.50,10,6,+4,+0.67,+0.90,5.8,6.1,-0.3,-0.05,-0.29,0,6,0,0,0,15,19,46.3
132,Malcom Braida,ar ARG,"FW,MF",San Lorenzo,28-144,1997,15,15,1330,14.8,2,1,3,2,0,0,2,0,1.9,1.9,2.0,3.9,27,44,88,0.14,0.07,0.20,0.14,0.20,0.13,0.14,0.26,0.13,0.26,Matches,25,14,56.0,1.69,0.95,0.08,0.14,18.7,0,0.07,+0.1,+0.1,244,409,59.7,4133,1460,118,166,71.1,78,123,63.4,29,63,46.0,1.0,-1.0,13,26,12,5,395,11,0,5,38,11,0,0,0,0,3,17,36,2.44,25,1,4,3,0,3,0.20,2,0,0,0,0,31,16,10,10,11,11,55.0,9,18,11,42,13,0,610,13,33,25,46.3,28,51.9,364,8,43,30,408,89,54.7,89,13,0,,0,1.67,13,8,+5,+0.34,+0.34,15.0,12.4,+2.5,+0.17,-0.13,0,12,0,0,0,64,21,46.7
133,Malcom Braida,ar ARG,"FW,MF",Boca Juniors,28-144,1997,3,3,229,2.5,0,0,0,0,0,0,1,0,0.0,0.0,0.0,0.0,1,2,12,0.00,0.00,0.00,0.00,0.00,0.00,0.01,0.01,0.00,0.01,Matches,25,14,56.0,1.69,0.95,0.08,0.14,18.7,0,0.07,+0.1,+0.1,244,409,59.7,4133,1460,118,166,71.1,78,123,63.4,29,63,46.0,1.0,-1.0,13,26,12,5,395,11,0,5,38,11,0,0,0,0,3,17,36,2.44,25,1,4,3,0,3,0.20,2,0,0,0,0,31,16,10,10,11,11,55.0,9,18,11,42,13,0,610,13,33,25,46.3,28,51.9,364,8,43,30,408,89,54.7,89,13,0,,0,1.67,13,8,+5,+0.34,+0.34,15.0,12.4,+2.5,+0.17,-0.13,0,12,0,0,0,64,21,46.7
23,Manuel Agustín Duarte,ar ARG,"MF,FW",Barracas Central,24-046,2001,15,7,601,6.7,1,0,1,1,0,0,1,0,0.8,0.8,0.4,1.2,14,28,34,0.15,0.00,0.15,0.15,0.15,0.13,0.05,0.18,0.13,0.18,Matches,13,3,23.1,1.95,0.45,0.08,0.33,22.8,0,0.06,+0.2,+0.2,179,224,79.9,3183,818,83,100,83.0,66,79,83.5,23,29,79.3,0.4,-0.4,6,25,7,3,213,11,0,5,11,0,2,0,2,0,0,6,13,1.95,11,1,0,1,0,0,0.00,0,0,0,0,0,8,3,3,4,1,3,27.3,8,5,5,13,6,0,295,1,8,13,52.0,11,44.0,168,2,17,9,201,40,24.7,58,0,8,24,9,1.53,8,7,+1,+0.15,0.00,6.8,6.5,+0.3,+0.05,-0.03,0,3,0,0,0,33,3,33.3
,Manuel Avellaneda,,,,,,,,,,,,,,,,,,,,,,,,,,,,,,,,,,,,,,,,,,,,,,,,,,,,,,,,,,,,,,,,,,,,,,,,,,,,,,,,,,,,,,,,,,,,,,,,,,,,,,,,,,,,,,,,,,,,,,,,,,0,0,,1,,,,,,,,,,,,,,,,,,,
143,Manuel Brondo,ar ARG,"FW,MF",Arg Juniors,23-225,2002,4,0,67,0.7,0,0,0,0,0,0,0,0,0.4,0.4,0.0,0.4,1,1,4,0.00,0.00,0.00,0.00,0.00,0.48,0.00,0.48,0.48,0.48,Matches,3,0,0.0,4.03,0.00,0.00,,12.0,0,0.12,-0.4,-0.4,5,9,55.6,52,21,3,5,60.0,1,1,100.0,0,0,,0.0,0.0,0,0,0,0,8,0,0,0,0,0,0,0,0,0,1,1,1,1.34,0,0,0,1,0,0,0.00,0,0,0,0,0,0,0,0,0,0,0,,0,1,0,0,3,0,23,3,4,0,0.0,1,100.0,14,0,4,1,19,17,2.8,,0,4,17,5,2.00,1,0,+1,+1.34,+0.66,1.4,0.4,+1.0,+1.29,+0.91,0,1,0,0,0,2,1,20.0
317,Manuel Fernández,ar ARG,MF,Tigre,21-000,2004,2,0,23,0.3,0,0,0,0,0,0,0,0,0.1,0.1,0.0,0.1,2,0,7,0.00,0.00,0.00,0.00,0.00,0.56,0.00,0.56,0.56,0.56,Matches,1,0,0.0,3.91,0.00,0.00,,7.5,0,0.14,-0.1,-0.1,9,17,52.9,91,19,8,9,88.9,1,5,20.0,0,2,0.0,0.0,0.0,0,0,0,0,17,0,0,0,4,0,0,0,0,0,0,1,1,3.91,0,0,0,0,0,0,0.00,0,0,0,0,0,0,0,0,0,0,0,,0,2,0,0,1,0,26,2,1,2,66.7,1,33.3,18,0,4,0,18,12,0.9,,0,2,12,3,0.50,0,0,0,0.00,-0.30,0.5,0.1,+0.4,+1.62,+1.32,0,0,0,0,0,3,0,
318,Manuel Fernández,ar ARG,FW,Vélez Sarsfield,21-000,2004,3,0,43,0.5,0,0,0,0,0,0,0,0,0.0,0.0,0.0,0.0,1,0,4,0.00,0.00,0.00,0.00,0.00,0.00,0.00,0.00,0.00,0.00,Matches,1,0,0.0,3.91,0.00,0.00,,7.5,0,0.14,-0.1,-0.1,9,17,52.9,91,19,8,9,88.9,1,5,20.0,0,2,0.0,0.0,0.0,0,0,0,0,17,0,0,0,4,0,0,0,0,0,0,1,1,3.91,0,0,0,0,0,0,0.00,0,0,0,0,0,0,0,0,0,0,0,,0,2,0,0,1,0,26,2,1,2,66.7,1,33.3,18,0,4,0,18,12,0.9,,0,2,12,3,0.50,0,0,0,0.00,-0.30,0.5,0.1,+0.4,+1.62,+1.32,0,0,0,0,0,3,0,
365,Manuel García,ar ARG,MF,Sarmiento,26-119,1999,17,8,783,8.7,0,0,0,0,0,0,5,0,0.1,0.1,0.2,0.3,3,39,11,0.00,0.00,0.00,0.00,0.00,0.01,0.02,0.03,0.01,0.03,Matches,4,2,50.0,0.46,0.23,0.00,0.00,21.5,0,0.03,-0.1,-0.1,266,355,74.9,5200,1607,105,132,79.5,116,148,78.4,40,55,72.7,0.4,-0.2,3,37,2,1,343,11,0,4,7,1,0,0,0,0,1,11,18,2.07,18,0,0,0,0,1,0.11,1,0,0,0,0,32,25,12,17,3,15,62.5,9,10,10,42,23,0,467,17,6,5,41.7,7,58.3,184,0,9,7,233,46,33.5,79,6,9,17,6,1.11,3,16,-13,-1.49,-1.61,8.9,16.9,-8.1,-0.93,-0.90,0,30,0,0,0,39,11,55.0
469,Manuel Insaurralde,ar ARG,MF,San Lorenzo,26-250,1999,9,4,324,3.6,0,0,0,0,0,0,1,0,0.1,0.1,0.6,0.7,3,16,11,0.00,0.00,0.00,0.00,0.00,0.04,0.17,0.20,0.04,0.20,Matches,3,0,0.0,0.83,0.00,0.00,,25.1,0,0.04,-0.1,-0.1,127,150,84.7,2016,499,69,78,88.5,42,46,91.3,10,16,62.5,0.4,-0.6,5,19,4,1,148,2,1,1,7,0,1,1,0,0,0,2,9,2.49,8,0,0,0,0,0,0.00,0,0,0,0,0,9,5,2,5,2,5,55.6,4,8,3,12,3,0,196,2,2,4,36.4,7,63.6,102,0,10,3,123,36,13.3,65,0,5,13,11,2.11,4,1,+3,+0.83,+0.75,3.5,1.5,+2.0,+0.55,+0.37,0,2,0,0,0,22,3,60.0
495,Manuel Lanzini,ar ARG,"MF,FW",Vélez Sarsfield,32-235,1993,5,2,205,2.3,1,1,2,1,0,0,0,0,0.5,0.5,0.4,0.9,6,20,21,0.44,0.44,0.88,0.44,0.88,0.20,0.19,0.39,0.20,0.39,Matches,4,3,75.0,1.76,1.32,0.25,0.33,19.3,0,0.11,+0.5,+0.5,86,118,72.9,1371,464,39,46,84.8,35,45,77.8,6,16,37.5,0.2,+0.6,4,12,4,0,102,14,1,0,11,0,6,5,1,0,2,2,8,3.51,7,0,1,0,0,1,0.44,1,0,0,0,0,3,2,1,1,1,1,25.0,3,2,1,4,1,0,146,1,7,3,42.9,4,57.1,74,0,7,3,103,41,8.4,73,0,3,20,0,2.20,3,1,+2,+0.88,+1.20,1.7,1.3,+0.4,+0.16,+0.27,0,2,0,0,0,13,2,25.0
496,Manuel Lanzini,ar ARG,"MF,FW",River Plate,32-235,1993,9,4,394,4.4,0,0,0,0,0,0,0,0,0.6,0.6,1.1,1.7,14,25,24,0.00,0.00,0.00,0.00,0.00,0.13,0.25,0.38,0.13,0.38,Matches,4,3,75.0,1.76,1.32,0.25,0.33,19.3,0,0.11,+0.5,+0.5,86,118,72.9,1371,464,39,46,84.8,35,45,77.8,6,16,37.5,0.2,+0.6,4,12,4,0,102,14,1,0,11,0,6,5,1,0,2,2,8,3.51,7,0,1,0,0,1,0.44,1,0,0,0,0,3,2,1,1,1,1,25.0,3,2,1,4,1,0,146,1,7,3,42.9,4,57.1,74,0,7,3,103,41,8.4,73,0,3,20,0,2.20,3,1,+2,+0.88,+1.20,1.7,1.3,+0.4,+0.16,+0.27,0,2,0,0,0,13,2,25.0
634,Manuel Mónaco,ar ARG,MF,Sarmiento,23-150,2002,1,0,12,0.1,0,0,0,0,0,0,0,0,0.0,0.0,0.0,0.0,0,1,0,0.00,0.00,0.00,0.00,0.00,0.00,0.00,0.00,0.00,0.00,Matches,0,0,,0.00,0.00,,,,0,,0.0,0.0,1,1,100.0,17,13,0,0,,1,1,100.0,0,0,,0.0,0.0,0,0,0,0,1,0,0,0,0,0,0,0,0,0,0,0,0,0.00,0,0,0,0,0,0,0.00,0,0,0,0,0,0,0,0,0,0,0,,0,0,0,0,0,0,1,0,0,0,,0,,0,0,0,0,1,12,0.5,,0,1,12,1,1.00,0,0,0,0.00,+0.43,0.0,0.8,-0.8,-6.03,-5.74,0,0,0,0,0,0,0,0.0
,Manuel Palavecino,,,,,,,,,,,,,,,,,,,,,,,,,,,,,,,,,,,,,,,,,,,,,,,,,,,,,,,,,,,,,,,,,,,,,,,,,,,,,,,,,,,,,,,,,,,,,,,,,,,,,,,,,,,,,,,,,,,,,,,,,,0,0,,2,,,,,,,,,,,,,,,,,,,
721,Manuel Panaro Miramon,ar ARG,"FW,MF",Gimnasia–LP,23-222,2002,22,15,1259,14.0,1,1,2,1,0,0,4,1,1.7,1.7,2.1,3.8,35,25,90,0.07,0.07,0.14,0.07,0.14,0.13,0.15,0.27,0.13,0.27,Matches,22,3,13.6,1.57,0.21,0.05,0.33,18.4,0,0.08,-0.7,-0.7,151,260,58.1,2401,746,73,102,71.6,49,89,55.1,14,32,43.8,1.8,-1.1,11,11,14,9,251,6,1,0,50,4,1,0,0,0,3,10,22,1.57,17,1,0,2,0,2,0.14,1,0,0,0,0,28,18,9,14,5,16,84.2,3,12,10,38,21,0,452,10,37,11,32.4,22,64.7,244,11,44,16,277,57,51.8,70,3,7,29,4,1.05,12,12,0,0.00,+1.08,12.7,17.5,-4.9,-0.35,+0.04,1,24,0,0,0,46,15,41.7
855,Manuel Roffo,ar ARG,GK,Instituto,25-187,2000,27,27,2430,27.0,0,0,0,0,0,0,3,0,0.0,0.0,0.0,0.0,0,0,0,0.00,0.00,0.00,0.00,0.00,0.00,0.00,0.00,0.00,0.00,Matches,0,0,,0.00,0.00,,,,0,,0.0,0.0,511,750,68.1,17345,13225,34,35,97.1,247,250,98.8,229,461,49.7,0.1,0.0,1,23,0,0,504,244,0,0,0,0,0,0,0,0,2,0,7,0.26,4,3,0,0,0,0,0.00,0,0,0,0,0,1,0,1,0,0,1,50.0,1,0,0,1,10,0,792,631,0,0,,0,,418,0,0,0,286,90,100.0,90,27,0,,0,1.07,21,31,-10,-0.37,,28.0,29.1,-1.1,-0.04,,0,0,0,0,0,15,6,85.7
,Manuel Tucker,,,,,,,,,,,,,,,,,,,,,,,,,,,,,,,,,,,,,,,,,,,,,,,,,,,,,,,,,,,,,,,,,,,,,,,,,,,,,,,,,,,,,,,,,,,,,,,,,,,,,,,,,,,,,,,,,,,,,,,,,,0,0,,3,,,,,,,,,,,,,,,,,,,
1000,Manuel Vicentini,ar ARG,GK,Belgrano,35-172,1990,5,5,450,5.0,0,0,0,0,0,0,0,0,0.0,0.0,0.0,0.0,0,0,0,0.00,0.00,0.00,0.00,0.00,0.00,0.00,0.00,0.00,0.00,Matches,0,0,,0.00,0.00,,,,0,,0.0,0.0,82,154,53.2,2639,2139,12,12,100.0,30,31,96.8,37,108,34.3,0.0,0.0,0,5,0,0,91,63,0,0,0,0,0,0,0,0,0,0,1,0.20,0,1,0,0,0,0,0.00,0,0,0,0,0,0,0,0,0,0,0,,0,0,0,0,6,0,169,127,0,0,,0,,75,0,0,0,38,90,18.5,90,5,0,,22,1.20,4,5,-1,-0.20,+0.12,3.8,6.4,-2.6,-0.52,-0.49,0,0,0,0,0,5,0,
653,Marcelino Moreno,ar ARG,MF,Lanús,31-105,1994,23,21,1875,20.8,4,1,5,4,0,0,1,0,3.5,3.5,5.2,8.7,64,130,146,0.19,0.05,0.24,0.19,0.24,0.17,0.25,0.42,0.17,0.42,Matches,42,16,38.1,2.02,0.77,0.10,0.25,19.0,5,0.08,+0.5,+0.5,684,952,71.8,11907,4148,325,376,86.4,252,322,78.3,84,183,45.9,5.8,-4.2,65,95,40,5,731,218,9,3,158,31,100,38,57,0,3,32,148,7.10,69,49,12,10,1,8,0.38,3,2,1,2,0,21,15,5,10,6,8,38.1,13,9,7,28,3,0,1176,1,66,30,40.0,44,58.7,654,23,65,36,799,82,77.2,88,13,2,11,1,1.33,15,16,-1,-0.05,-0.86,22.8,20.8,+2.1,+0.10,+0.19,0,18,1,0,0,84,9,42.9
300,Marcelo Esponda,ar ARG,MF,Aldosivi,22-267,2003,15,11,949,10.5,0,0,0,0,0,0,2,0,0.3,0.3,0.4,0.6,8,63,6,0.00,0.00,0.00,0.00,0.00,0.02,0.04,0.06,0.02,0.06,Matches,12,2,16.7,1.14,0.19,0.00,0.00,29.7,0,0.02,-0.3,-0.3,405,523,77.4,7292,2638,184,215,85.6,176,215,81.9,41,71,57.7,0.5,-0.4,7,48,5,2,509,12,0,7,3,1,0,0,0,0,2,5,23,2.18,19,0,1,0,3,0,0.00,0,0,0,0,0,22,12,4,16,2,12,70.6,5,16,15,37,17,1,637,23,2,3,42.9,2,28.6,319,1,19,2,360,63,39.1,80,5,4,19,5,0.60,9,20,-11,-1.04,-0.44,9.0,12.2,-3.2,-0.30,+0.27,0,14,0,0,0,70,23,67.6
302,Marcelo Estigarribia,ar ARG,FW,Atlé Tucumán,30-151,1995,1,1,90,1.0,0,0,0,0,0,0,0,0,0.1,0.1,0.2,0.3,0,2,8,0.00,0.00,0.00,0.00,0.00,0.12,0.20,0.32,0.12,0.32,Matches,3,1,33.3,3.00,1.00,0.00,0.00,15.8,0,0.04,-0.1,-0.1,11,27,40.7,107,46,6,14,42.9,3,7,42.9,0,2,0.0,0.1,-0.2,2,0,1,0,26,0,0,0,0,0,0,0,0,0,1,3,5,5.00,4,0,0,1,0,1,1.00,1,0,0,0,0,1,0,0,0,1,1,50.0,1,3,1,2,1,0,51,2,4,0,0.0,1,100.0,23,0,5,2,35,90,3.7,90,1,0,,0,3.00,1,0,+1,+1.00,+1.12,1.9,0.4,+1.5,+1.50,+1.72,0,3,0,0,0,8,8,57.1
303,Marcelo Estigarribia,ar ARG,FW,Unión,30-151,1995,22,15,1393,15.5,4,1,5,4,0,0,1,0,4.6,4.6,1.6,6.2,14,25,95,0.26,0.06,0.32,0.26,0.32,0.30,0.11,0.40,0.30,0.40,Matches,3,1,33.3,3.00,1.00,0.00,0.00,15.8,0,0.04,-0.1,-0.1,11,27,40.7,107,46,6,14,42.9,3,7,42.9,0,2,0.0,0.1,-0.2,2,0,1,0,26,0,0,0,0,0,0,0,0,0,1,3,5,5.00,4,0,0,1,0,1,1.00,1,0,0,0,0,1,0,0,0,1,1,50.0,1,3,1,2,1,0,51,2,4,0,0.0,1,100.0,23,0,5,2,35,90,3.7,90,1,0,,0,3.00,1,0,+1,+1.00,+1.12,1.9,0.4,+1.5,+1.50,+1.72,0,3,0,0,0,8,8,57.1
,Marcelo Miño,,,,,,,,,,,,,,,,,,,,,,,,,,,,,,,,,,,,,,,,,,,,,,,,,,,,,,,,,,,,,,,,,,,,,,,,,,,,,,,,,,,,,,,,,,,,,,,,,,,,,,,,,,,,,,,,,,,,,,,,,,0,0,,24,,,,,,,,,,,,,,,,,,,
704,Marcelo Ortiz,ar ARG,DF,Atlé Tucumán,31-268,1994,14,13,1133,12.6,0,0,0,0,0,0,5,0,0.8,0.8,0.0,0.8,2,23,0,0.00,0.00,0.00,0.00,0.00,0.06,0.00,0.07,0.06,0.07,Matches,8,1,12.5,0.64,0.08,0.00,0.00,15.0,0,0.10,-0.8,-0.8,290,387,74.9,6222,2904,75,89,84.3,162,188,86.2,49,101,48.5,0.1,0.0,2,17,2,0,349,36,1,1,2,5,0,0,0,0,2,3,7,0.56,6,0,0,0,0,0,0.00,0,0,0,0,0,18,11,6,11,1,8,50.0,8,3,18,36,73,1,523,69,10,0,,0,,229,1,5,4,257,81,46.6,87,12,1,8,8,1.50,16,12,+4,+0.32,+0.73,16.3,15.4,+0.9,+0.07,+0.42,0,10,0,0,0,33,22,47.8
899,Marcelo Saracchi,uy URU,"DF,MF",Boca Juniors,27-168,1998,6,4,360,4.0,1,0,1,1,0,0,1,0,0.1,0.1,0.5,0.5,12,23,26,0.25,0.00,0.25,0.25,0.25,0.02,0.12,0.13,0.02,0.13,Matches,2,1,50.0,0.50,0.25,0.50,1.00,21.4,0,0.03,+0.9,+0.9,152,196,77.6,2801,1160,70,80,87.5,61,82,74.4,21,33,63.6,0.4,-0.5,4,14,9,3,165,31,0,0,15,30,0,0,0,0,0,0,13,3.25,13,0,0,0,0,2,0.50,2,0,0,0,0,6,5,2,3,1,4,100.0,0,2,8,14,21,0,243,14,4,3,75.0,1,25.0,93,0,3,2,123,60,14.8,85,3,2,11,7,1.57,5,3,+2,+0.50,-0.41,5.3,3.6,+1.6,+0.41,-0.03,0,4,0,0,0,16,4,66.7
972,Marcelo Torres,ar ARG,FW,Gimnasia–LP,27-336,1997,11,9,690,7.7,4,0,4,3,1,1,2,0,3.4,2.6,0.0,2.6,4,6,19,0.52,0.00,0.52,0.39,0.39,0.44,0.00,0.45,0.34,0.34,Matches,10,4,40.0,1.30,0.52,0.30,0.75,13.7,0,0.26,+0.6,+0.4,80,100,80.0,1119,266,42,52,80.8,26,32,81.3,4,4,100.0,0.2,0.0,1,5,3,0,87,11,1,0,2,1,0,0,0,0,2,2,7,0.91,6,0,0,1,0,0,0.00,0,0,0,0,0,5,2,2,2,1,1,25.0,3,3,1,6,4,0,163,4,21,5,55.6,4,44.4,83,2,25,4,103,63,28.4,73,3,2,18,0,1.18,7,10,-3,-0.39,+0.18,7.5,9.9,-2.4,-0.31,+0.08,0,7,0,0,0,17,5,23.8
271,Marco Di Cesare,ar ARG,DF,Racing Club,23-251,2002,19,16,1498,16.6,1,0,1,1,0,0,6,0,0.7,0.7,0.1,0.9,10,37,3,0.06,0.00,0.06,0.06,0.06,0.04,0.01,0.05,0.04,0.05,Matches,11,3,27.3,0.66,0.18,0.09,0.33,13.8,0,0.07,+0.3,+0.3,482,646,74.6,10510,3904,119,147,81.0,276,317,87.1,81,164,49.4,0.5,-0.1,2,39,9,1,616,28,0,6,3,1,0,0,0,0,2,6,17,1.02,14,0,0,0,1,0,0.00,0,0,0,0,0,23,14,15,6,2,13,59.1,9,8,18,41,97,5,866,104,16,6,66.7,3,33.3,373,0,11,1,459,79,61.6,89,14,3,27,5,1.65,23,18,+5,+0.30,+0.01,21.7,20.3,+1.4,+0.08,+0.29,0,21,0,0,0,55,56,58.9
457,Marco Iacobellis,ar ARG,"MF,FW",San Martín de San Juan,24-285,2000,19,12,1130,12.6,2,2,4,1,1,1,7,2,2.1,1.3,2.5,3.8,29,30,96,0.16,0.16,0.32,0.08,0.24,0.17,0.20,0.37,0.10,0.31,Matches,25,7,28.0,1.99,0.56,0.04,0.14,22.3,3,0.05,-0.1,-0.3,231,382,60.5,3967,1579,120,151,79.5,72,120,60.0,33,74,44.6,3.6,-0.5,28,16,13,9,332,48,1,6,76,6,29,9,16,0,2,22,58,4.62,29,16,4,6,0,4,0.32,2,2,0,0,0,23,14,8,9,6,11,40.7,16,15,9,32,11,0,587,6,27,23,37.1,37,59.7,317,4,45,29,366,59,46.5,76,3,7,31,1,0.95,6,12,-6,-0.48,+0.21,10.0,12.2,-2.2,-0.17,+0.24,1,21,0,0,0,68,3,21.4
736,Marco Pellegrino,ar ARG,DF,Huracán,23-082,2002,15,14,1278,14.2,1,0,1,1,0,0,4,0,0.3,0.3,0.0,0.3,15,46,2,0.07,0.00,0.07,0.07,0.07,0.02,0.00,0.02,0.02,0.02,Matches,5,3,60.0,0.35,0.21,0.20,0.33,9.2,0,0.07,+0.7,+0.7,482,585,82.4,9066,3392,183,204,89.7,244,269,90.7,52,96,54.2,0.1,0.0,0,28,0,0,557,25,0,2,1,1,0,0,0,0,3,7,6,0.42,3,0,0,1,1,1,0.07,0,0,0,0,0,20,14,14,6,0,10,52.6,9,6,14,34,108,0,770,93,8,3,42.9,3,42.9,417,0,6,4,476,85,52.6,90,14,1,18,0,1.79,18,10,+8,+0.56,+0.80,17.8,12.9,+4.8,+0.34,+0.22,0,5,0,1,0,33,38,57.6
737,Marco Pellegrino,ar ARG,DF,Boca Juniors,23-082,2002,6,6,540,6.0,0,0,0,0,0,0,2,0,0.3,0.3,0.0,0.3,3,20,1,0.00,0.00,0.00,0.00,0.00,0.06,0.00,0.06,0.06,0.06,Matches,5,3,60.0,0.35,0.21,0.20,0.33,9.2,0,0.07,+0.7,+0.7,482,585,82.4,9066,3392,183,204,89.7,244,269,90.7,52,96,54.2,0.1,0.0,0,28,0,0,557,25,0,2,1,1,0,0,0,0,3,7,6,0.42,3,0,0,1,1,1,0.07,0,0,0,0,0,20,14,14,6,0,10,52.6,9,6,14,34,108,0,770,93,8,3,42.9,3,42.9,417,0,6,4,476,85,52.6,90,14,1,18,0,1.79,18,10,+8,+0.56,+0.80,17.8,12.9,+4.8,+0.34,+0.22,0,5,0,1,0,33,38,57.6
15,Marcos Acuña,ar ARG,DF,River Plate,33-345,1991,21,19,1623,18.0,0,1,1,0,0,0,8,0,0.5,0.5,2.1,2.6,47,105,85,0.00,0.06,0.06,0.00,0.06,0.03,0.12,0.14,0.03,0.14,Matches,15,2,13.3,0.83,0.11,0.00,0.00,23.7,1,0.03,-0.5,-0.5,949,1251,75.9,17839,6998,408,451,90.5,406,521,77.9,124,233,53.2,3.1,-1.1,37,81,28,17,974,276,0,9,127,185,32,0,32,0,1,22,68,3.77,36,25,3,1,1,2,0.11,1,1,0,0,0,35,26,18,13,4,18,60.0,12,10,23,58,37,0,1412,31,14,17,50.0,17,50.0,664,3,29,22,758,77,66.8,81,14,2,41,4,1.83,22,11,+11,+0.61,-0.28,25.2,13.8,+11.4,+0.63,+0.58,0,26,0,0,0,134,27,50.0
65,Marcos Arturia,ar ARG,FW,Banfield,27-242,1998,13,5,470,5.2,1,0,1,1,0,0,3,0,1.5,1.5,0.4,1.9,7,5,23,0.19,0.00,0.19,0.19,0.19,0.28,0.08,0.36,0.28,0.36,Matches,14,3,21.4,2.68,0.57,0.07,0.33,19.5,1,0.11,-0.5,-0.5,58,87,66.7,727,142,35,44,79.5,17,23,73.9,0,1,0.0,1.0,-0.4,6,5,2,0,78,8,0,0,1,0,0,0,0,0,1,9,10,1.83,8,0,0,1,0,0,0.00,0,0,0,0,0,9,4,0,4,5,3,42.9,4,2,1,10,3,0,168,2,21,1,11.1,8,88.9,98,3,26,12,109,36,19.3,81,3,8,8,7,0.54,9,6,+3,+0.57,+1.17,7.7,7.6,+0.2,+0.03,+0.42,0,18,0,0,0,25,18,36.0
461,Marcos Ignacio Ledesma,ar ARG,GK,Barracas Central,29-023,1996,27,27,2430,27.0,0,0,0,0,0,0,2,0,0.0,0.0,0.0,0.0,0,0,0,0.00,0.00,0.00,0.00,0.00,0.00,0.00,0.00,0.00,0.00,Matches,0,0,,0.00,0.00,,,,0,,0.0,0.0,379,688,55.1,16080,14336,26,26,100.0,117,118,99.2,233,539,43.2,0.1,0.0,1,33,0,0,362,325,0,0,0,0,0,0,0,0,1,0,6,0.22,2,3,0,1,0,0,0.00,0,0,0,0,0,2,1,2,0,0,2,100.0,0,0,0,2,9,0,738,627,0,0,,0,,324,0,1,0,106,90,100.0,90,27,0,,0,1.54,33,29,+4,+0.15,,27.4,25.5,+1.9,+0.07,,0,0,0,0,0,12,4,80.0
783,Marcos Portillo,ar ARG,MF,Platense,25-250,2000,4,3,197,2.2,0,0,0,0,0,0,2,1,0.0,0.0,0.0,0.1,5,15,3,0.00,0.00,0.00,0.00,0.00,0.02,0.01,0.04,0.02,0.04,Matches,3,0,0.0,1.37,0.00,0.00,,28.2,0,0.02,0.0,0.0,74,104,71.2,1511,532,26,30,86.7,38,53,71.7,10,18,55.6,0.1,0.0,1,10,1,0,97,7,0,2,4,0,2,0,2,0,0,0,5,2.28,4,0,1,0,0,0,0.00,0,0,0,0,0,4,0,2,2,0,1,14.3,6,6,1,5,2,0,134,1,0,2,40.0,3,60.0,63,0,3,2,82,49,8.4,56,0,1,29,0,1.00,2,3,-1,-0.46,-0.37,1.8,2.0,-0.3,-0.12,-0.07,0,11,0,0,0,11,4,80.0
784,Marcos Portillo,ar ARG,MF,Talleres,25-250,2000,4,2,166,1.8,0,0,0,0,0,0,2,0,0.1,0.1,0.7,0.8,2,16,6,0.00,0.00,0.00,0.00,0.00,0.05,0.38,0.44,0.05,0.44,Matches,3,0,0.0,1.37,0.00,0.00,,28.2,0,0.02,0.0,0.0,74,104,71.2,1511,532,26,30,86.7,38,53,71.7,10,18,55.6,0.1,0.0,1,10,1,0,97,7,0,2,4,0,2,0,2,0,0,0,5,2.28,4,0,1,0,0,0,0.00,0,0,0,0,0,4,0,2,2,0,1,14.3,6,6,1,5,2,0,134,1,0,2,40.0,3,60.0,63,0,3,2,82,49,8.4,56,0,1,29,0,1.00,2,3,-1,-0.46,-0.37,1.8,2.0,-0.3,-0.12,-0.07,0,11,0,0,0,11,4,80.0
858,Marcos Rojo,ar ARG,DF,Boca Juniors,35-202,1990,11,11,859,9.5,1,0,1,1,0,0,3,0,0.6,0.6,0.0,0.6,5,55,0,0.10,0.00,0.10,0.10,0.10,0.06,0.00,0.06,0.06,0.06,Matches,7,1,14.3,0.73,0.10,0.14,1.00,13.3,0,0.08,+0.4,+0.4,563,638,88.2,11028,5168,176,185,95.1,332,354,93.8,52,90,57.8,0.2,0.0,0,37,2,0,616,20,0,2,0,1,0,0,0,0,2,2,4,0.42,3,0,0,0,1,0,0.00,0,0,0,0,0,14,9,7,7,0,4,80.0,1,3,12,26,61,0,744,76,10,2,100.0,0,0.0,409,0,7,0,547,78,35.3,78,7,0,,0,2.00,16,6,+10,+1.05,+0.30,11.6,8.4,+3.2,+0.34,-0.15,0,5,0,0,0,25,17,51.5
859,Marcos Rojo,ar ARG,DF,Racing Club,35-202,1990,1,1,60,0.7,0,0,0,0,0,0,0,0,0.0,0.0,0.0,0.0,0,2,0,0.00,0.00,0.00,0.00,0.00,0.00,0.00,0.00,0.00,0.00,Matches,7,1,14.3,0.73,0.10,0.14,1.00,13.3,0,0.08,+0.4,+0.4,563,638,88.2,11028,5168,176,185,95.1,332,354,93.8,52,90,57.8,0.2,0.0,0,37,2,0,616,20,0,2,0,1,0,0,0,0,2,2,4,0.42,3,0,0,0,1,0,0.00,0,0,0,0,0,14,9,7,7,0,4,80.0,1,3,12,26,61,0,744,76,10,2,100.0,0,0.0,409,0,7,0,547,78,35.3,78,7,0,,0,2.00,16,6,+10,+1.05,+0.30,11.6,8.4,+3.2,+0.34,-0.15,0,5,0,0,0,25,17,51.5
131,Mariano Bracamonte,ar ARG,"DF,MF",Deportivo Riestra,26-167,1999,15,7,678,7.5,0,0,0,0,0,0,4,1,0.1,0.1,0.5,0.5,8,13,8,0.00,0.00,0.00,0.00,0.00,0.01,0.06,0.07,0.01,0.07,Matches,3,1,33.3,0.40,0.13,0.00,0.00,25.1,0,0.03,-0.1,-0.1,79,211,37.4,2003,1460,14,28,50.0,38,87,43.7,26,87,29.9,0.8,-0.5,6,11,5,1,114,96,1,1,33,61,17,4,12,0,1,7,12,1.59,4,7,0,1,0,2,0.27,1,1,0,0,0,22,16,14,5,3,13,54.2,11,8,9,31,37,0,312,30,2,2,40.0,3,60.0,66,1,9,4,58,45,27.9,69,1,8,24,11,1.47,7,7,0,0.00,-0.72,7.1,8.7,-1.6,-0.21,-0.14,1,14,0,0,0,28,10,76.9
368,Mariano Gerez,ar ARG,MF,Lanús,19-262,2006,1,0,11,0.1,0,0,0,0,0,0,0,0,0.0,0.0,0.0,0.0,0,1,0,0.00,0.00,0.00,0.00,0.00,0.15,0.00,0.15,0.15,0.15,Matches,1,0,0.0,8.18,0.00,0.00,,21.2,0,0.02,0.0,0.0,3,5,60.0,54,27,1,3,33.3,2,2,100.0,0,0,,0.0,0.0,0,1,0,0,5,0,0,0,0,0,0,0,0,0,0,0,0,0.00,0,0,0,0,0,0,0.00,0,0,0,0,0,2,1,0,1,1,2,100.0,0,1,0,2,0,0,8,0,0,0,,0,,1,0,0,0,2,11,0.5,,0,1,11,1,1.00,0,0,0,0.00,-0.15,0.5,0.0,+0.5,+3.61,+3.57,0,0,0,0,0,0,0,
,Mariano Santiago,,,,,,,,,,,,,,,,,,,,,,,,,,,,,,,,,,,,,,,,,,,,,,,,,,,,,,,,,,,,,,,,,,,,,,,,,,,,,,,,,,,,,,,,,,,,,,,,,,,,,,,,,,,,,,,,,,,,,,,,,,0,0,,2,,,,,,,,,,,,,,,,,,,
975,Mariano Troilo,ar ARG,DF,Belgrano,22-108,2003,18,17,1514,16.8,1,1,2,1,0,0,9,0,0.6,0.6,0.6,1.1,7,36,2,0.06,0.06,0.12,0.06,0.12,0.03,0.03,0.07,0.03,0.07,Matches,11,3,27.3,0.65,0.18,0.09,0.33,15.4,0,0.05,+0.4,+0.4,386,528,73.1,8505,3627,90,107,84.1,232,264,87.9,62,143,43.4,0.3,+0.4,2,31,3,1,490,35,1,3,2,13,0,0,0,0,3,6,6,0.36,4,0,0,1,0,1,0.06,1,0,0,0,0,26,18,17,7,2,13,65.0,7,11,13,39,131,1,749,100,14,1,50.0,1,50.0,317,0,14,2,356,84,62.3,88,16,1,18,1,1.33,16,17,-1,-0.06,+0.63,15.8,16.0,-0.2,-0.01,+0.30,0,29,0,0,0,50,38,63.3
890,Mario Sanabria,ar ARG,MF,Deportivo Riestra,23-075,2002,10,4,394,4.4,0,1,1,0,0,0,2,0,0.2,0.2,0.5,0.8,13,8,19,0.00,0.23,0.23,0.00,0.23,0.06,0.12,0.17,0.06,0.17,Matches,2,0,0.0,0.46,0.00,0.00,,26.6,0,0.12,-0.2,-0.2,43,81,53.1,693,266,22,37,59.5,18,28,64.3,2,7,28.6,0.5,+0.5,6,3,4,0,67,13,0,0,16,2,6,3,3,0,1,7,7,1.60,4,2,0,0,1,1,0.23,1,0,0,0,0,7,4,2,4,1,4,44.4,5,5,1,8,6,0,138,3,15,5,38.5,8,61.5,65,7,14,7,62,39,16.2,53,0,6,31,6,1.40,5,1,+4,+0.91,+0.47,3.7,4.4,-0.7,-0.17,-0.07,0,6,0,0,0,21,6,46.2
93,Martín Barrios,uy URU,MF,Racing Club,26-257,1999,17,3,559,6.2,1,0,1,1,0,0,1,0,0.4,0.4,0.3,0.6,7,15,12,0.16,0.00,0.16,0.16,0.16,0.06,0.05,0.10,0.06,0.10,Matches,7,1,14.3,1.13,0.16,0.14,1.00,26.1,0,0.05,+0.6,+0.6,200,266,75.2,3543,1014,86,102,84.3,90,110,81.8,20,38,52.6,0.2,-0.3,5,23,3,1,261,5,0,4,11,0,2,1,0,0,0,7,13,2.09,10,0,1,0,1,2,0.32,2,0,0,0,0,15,7,4,8,3,7,58.3,5,0,11,26,7,0,333,7,7,4,44.4,5,55.6,173,1,9,6,188,33,23.0,75,2,14,24,7,1.67,11,10,+1,+0.16,-0.18,7.4,8.0,-0.6,-0.09,-0.08,0,16,0,0,0,44,4,44.4
319,Martín Fernández,uy URU,MF,Gimnasia–LP,24-153,2001,11,8,673,7.5,0,0,0,0,0,0,2,0,0.2,0.2,0.1,0.2,1,22,1,0.00,0.00,0.00,0.00,0.00,0.02,0.01,0.03,0.02,0.03,Matches,4,1,25.0,0.53,0.13,0.00,0.00,28.6,0,0.04,-0.2,-0.2,203,258,78.7,3770,1035,73,91,80.2,104,123,84.6,18,30,60.0,0.1,-0.1,1,13,1,0,250,8,0,1,1,1,0,0,0,0,0,2,6,0.80,6,0,0,0,0,0,0.00,0,0,0,0,0,12,8,5,7,0,2,33.3,4,3,5,17,9,1,321,10,1,3,42.9,4,57.1,140,1,4,2,166,61,27.7,72,3,3,33,2,0.82,5,9,-4,-0.53,-0.02,6.2,8.3,-2.1,-0.28,+0.12,0,13,0,0,0,34,7,36.8
320,Martín Fernández,uy URU,MF,Newell's OB,24-153,2001,4,3,284,3.2,0,0,0,0,0,0,3,0,0.2,0.2,0.1,0.3,3,9,3,0.00,0.00,0.00,0.00,0.00,0.05,0.04,0.09,0.05,0.09,Matches,4,1,25.0,0.53,0.13,0.00,0.00,28.6,0,0.04,-0.2,-0.2,203,258,78.7,3770,1035,73,91,80.2,104,123,84.6,18,30,60.0,0.1,-0.1,1,13,1,0,250,8,0,1,1,1,0,0,0,0,0,2,6,0.80,6,0,0,0,0,0,0.00,0,0,0,0,0,12,8,5,7,0,2,33.3,4,3,5,17,9,1,321,10,1,3,42.9,4,57.1,140,1,4,2,166,61,27.7,72,3,3,33,2,0.82,5,9,-4,-0.53,-0.02,6.2,8.3,-2.1,-0.28,+0.12,0,13,0,0,0,34,7,36.8
361,Martín Garay,ar ARG,"DF,MF",Tigre,26-118,1999,10,7,674,7.5,0,0,0,0,0,0,1,0,0.1,0.1,1.5,1.5,14,23,26,0.00,0.00,0.00,0.00,0.00,0.01,0.20,0.20,0.01,0.20,Matches,1,0,0.0,0.13,0.00,0.00,,18.0,0,0.06,-0.1,-0.1,228,319,71.5,3918,1839,104,124,83.9,92,130,70.8,24,45,53.3,1.5,-1.5,8,23,7,4,273,44,0,3,17,39,0,0,0,0,2,7,19,2.54,13,4,1,1,0,1,0.13,1,0,0,0,0,17,11,6,11,0,9,47.4,10,10,5,22,13,0,405,17,5,8,44.4,9,50.0,171,1,15,8,210,67,27.7,87,6,3,21,2,2.10,12,6,+6,+0.80,+0.70,9.3,7.3,+2.0,+0.27,-0.05,0,14,0,0,0,43,4,36.4
366,Martín García,,MF,Aldosivi,,,5,4,195,2.2,0,0,0,0,0,0,0,0,0.1,0.1,0.0,0.1,1,5,5,0.00,0.00,0.00,0.00,0.00,0.03,0.01,0.04,0.03,0.04,Matches,3,0,0.0,1.38,0.00,0.00,,27.6,0,0.02,-0.1,-0.1,22,45,48.9,308,117,10,16,62.5,6,14,42.9,2,5,40.0,0.0,0.0,1,5,0,0,43,2,0,1,1,0,0,0,0,0,0,2,4,1.85,4,0,0,0,0,0,0.00,0,0,0,0,0,9,6,5,4,0,6,75.0,2,1,3,12,1,0,83,3,1,1,50.0,1,50.0,31,0,8,1,32,39,8.0,49,0,1,1,6,0.80,1,4,-3,-1.38,-0.66,1.6,3.5,-2.0,-0.90,-0.47,0,11,0,0,0,9,11,64.7
537,Martín Luciano,ar ARG,DF,Newell's OB,21-304,2003,4,2,164,1.8,0,0,0,0,0,0,0,0,0.3,0.3,0.0,0.3,4,3,6,0.00,0.00,0.00,0.00,0.00,0.16,0.00,0.16,0.16,0.16,Matches,3,2,66.7,1.65,1.10,0.00,0.00,11.7,0,0.09,-0.3,-0.3,48,73,65.8,856,325,17,18,94.4,29,40,72.5,2,13,15.4,0.0,0.0,0,1,0,0,52,21,0,1,4,19,0,0,0,0,0,2,1,0.55,0,0,0,0,0,0,0.00,0,0,0,0,0,1,0,1,0,0,1,25.0,3,2,1,2,9,0,102,13,4,1,100.0,0,0.0,44,1,8,0,45,41,6.7,55,0,2,28,4,0.75,0,2,-2,-1.10,-0.74,1.4,3.2,-1.8,-0.97,-0.86,0,2,0,0,0,7,2,100.0
699,Martín Ortega,ar ARG,DF,Tigre,26-049,1999,13,13,1090,12.1,1,0,1,1,0,0,1,0,0.2,0.2,1.0,1.3,14,28,64,0.08,0.00,0.08,0.08,0.08,0.02,0.09,0.10,0.02,0.10,Matches,5,4,80.0,0.41,0.33,0.20,0.25,20.4,0,0.05,+0.8,+0.8,341,516,66.1,5755,2748,176,209,84.2,124,180,68.9,33,89,37.1,1.4,-1.0,13,25,17,10,380,136,0,1,66,127,5,1,4,0,0,27,25,2.06,18,4,1,0,1,1,0.08,0,0,0,0,0,20,12,10,9,1,9,52.9,8,4,10,30,32,1,634,23,6,13,54.2,11,45.8,275,2,14,20,299,84,44.9,84,11,0,,6,1.38,11,10,+1,+0.08,-0.39,13.9,13.1,+0.8,+0.07,-0.43,0,7,0,1,0,55,9,47.4
767,Martín Pino,ar ARG,FW,Godoy Cruz,27-206,1998,1,1,56,0.6,0,0,0,0,0,0,0,0,0.0,0.0,0.1,0.1,0,1,3,0.00,0.00,0.00,0.00,0.00,0.00,0.08,0.08,0.00,0.08,Matches,0,0,,0.00,0.00,,,,0,,0.0,0.0,8,11,72.7,134,10,3,4,75.0,5,6,83.3,0,0,,0.0,-0.1,1,0,0,0,7,4,0,0,0,0,0,0,0,0,0,1,1,1.61,1,0,0,0,0,0,0.00,0,0,0,0,0,0,0,0,0,0,0,,0,0,0,0,0,0,19,0,4,0,0.0,1,100.0,8,0,5,0,12,56,2.3,56,0,0,,2,0.00,0,3,-3,-4.82,-4.37,0.2,0.4,-0.1,-0.22,+0.15,0,1,0,0,0,0,1,33.3
829,Martín Río,ar ARG,MF,Banfield,24-208,2001,26,26,2235,24.8,4,1,5,4,0,0,6,0,1.8,1.8,1.6,3.4,15,95,16,0.16,0.04,0.20,0.16,0.20,0.07,0.07,0.14,0.07,0.14,Matches,27,11,40.7,1.09,0.44,0.15,0.36,15.7,0,0.06,+2.2,+2.2,700,916,76.4,12956,3785,260,324,80.2,352,412,85.4,73,132,55.3,1.3,-0.6,14,94,9,2,885,30,3,3,10,3,0,0,0,0,1,12,38,1.53,34,0,1,1,1,2,0.08,2,0,0,0,0,47,31,16,28,3,19,39.6,29,23,46,93,76,1,1214,74,30,5,55.6,4,44.4,472,1,15,13,587,86,92.0,86,21,0,,0,1.08,20,29,-9,-0.36,+0.10,22.5,31.4,-9.0,-0.36,-0.75,0,35,0,1,0,103,71,60.7
,Mateo Acuña,,,,,,,,,,,,,,,,,,,,,,,,,,,,,,,,,,,,,,,,,,,,,,,,,,,,,,,,,,,,,,,,,,,,,,,,,,,,,,,,,,,,,,,,,,,,,,,,,,,,,,,,,,,,,,,,,,,,,,,,,,0,0,,2,,,,,,,,,,,,,,,,,,,
20,Mateo Aguiar,ar ARG,"MF,FW",Defensa y Just,18-204,2007,2,0,24,0.3,0,0,0,0,0,0,0,0,0.1,0.1,0.0,0.1,1,1,4,0.00,0.00,0.00,0.00,0.00,0.25,0.00,0.25,0.25,0.25,Matches,2,2,100.0,7.50,7.50,0.00,0.00,23.1,0,0.03,-0.1,-0.1,11,13,84.6,163,33,6,6,100.0,5,6,83.3,0,0,,0.0,0.0,0,1,0,0,13,0,0,0,1,0,0,0,0,0,0,1,0,0.00,0,0,0,0,0,0,0.00,0,0,0,0,0,0,0,0,0,0,0,0.0,1,0,0,0,2,0,19,1,1,1,100.0,0,0.0,13,0,0,0,14,12,1.0,,0,2,12,9,2.00,0,0,0,0.00,+0.07,0.2,0.3,-0.2,-0.65,-0.47,0,0,0,0,0,1,1,50.0
52,Mateo Antoni,uy URU,DF,Arg Juniors,22-169,2003,2,0,21,0.2,0,0,0,0,0,0,0,0,0.0,0.0,0.0,0.0,0,0,0,0.00,0.00,0.00,0.00,0.00,0.00,0.00,0.00,0.00,0.00,Matches,0,0,,0.00,0.00,,,,0,,0.0,0.0,5,6,83.3,100,58,1,1,100.0,3,4,75.0,1,1,100.0,0.0,0.0,0,0,0,0,5,1,0,0,0,0,0,0,0,0,0,0,0,0.00,0,0,0,0,0,0,0.00,0,0,0,0,0,2,1,1,1,0,1,100.0,0,0,1,3,0,0,9,1,0,0,,0,,2,0,0,0,4,11,0.9,,0,2,11,16,3.00,2,0,+2,+8.57,+7.94,0.4,0.2,+0.2,+0.69,+0.29,0,1,0,0,0,0,1,50.0
76,Mateo Bajamich,ar ARG,"FW,MF",Atlé Tucumán,26-066,1999,24,13,1198,13.3,2,1,3,2,0,0,0,0,3.1,3.1,1.4,4.5,25,39,86,0.15,0.08,0.23,0.15,0.23,0.23,0.11,0.34,0.23,0.34,Matches,25,12,48.0,1.88,0.90,0.08,0.17,17.7,0,0.12,-1.1,-1.1,224,359,62.4,3364,1064,123,163,75.5,75,114,65.8,15,34,44.1,1.1,-0.4,9,24,14,1,334,22,2,1,21,11,0,0,0,0,3,24,28,2.10,22,0,3,3,0,2,0.15,2,0,0,0,0,9,4,4,3,2,7,58.3,5,7,1,10,11,0,507,8,43,18,46.2,20,51.3,301,5,39,17,372,50,49.3,71,2,11,25,2,1.04,9,18,-9,-0.68,-1.19,14.1,18.1,-4.0,-0.30,-0.28,0,11,0,0,0,50,24,32.9
162,Mateo Caceres,ar ARG,MF,Talleres,23-013,2002,4,1,133,1.5,0,0,0,0,0,0,0,0,0.0,0.0,0.1,0.1,2,4,1,0.00,0.00,0.00,0.00,0.00,0.00,0.04,0.04,0.00,0.04,Matches,0,0,,0.00,0.00,,,,0,,0.0,0.0,41,48,85.4,595,137,21,23,91.3,18,23,78.3,1,1,100.0,0.0,-0.1,3,3,0,0,47,1,0,0,1,1,0,0,0,0,0,0,4,2.71,4,0,0,0,0,0,0.00,0,0,0,0,0,4,1,2,2,0,3,100.0,0,3,3,7,2,0,67,1,0,1,50.0,1,50.0,29,0,5,1,31,33,5.5,90,1,3,14,5,1.50,1,0,+1,+0.68,+1.03,1.7,0.7,+1.0,+0.68,+0.42,0,2,0,0,0,13,0,0.0
234,Mateo Coronel,ar ARG,FW,Atlé Tucumán,26-349,1998,19,15,1223,13.6,5,3,8,5,0,0,2,0,6.1,6.1,2.0,8.0,24,19,114,0.37,0.22,0.59,0.37,0.59,0.45,0.15,0.59,0.45,0.59,Matches,34,14,41.2,2.50,1.03,0.15,0.36,20.3,0,0.19,-1.1,-1.1,244,328,74.4,3442,858,147,177,83.1,51,69,73.9,24,46,52.2,2.2,+1.0,20,20,5,2,288,36,2,4,31,6,15,3,10,0,4,4,44,3.24,23,6,3,6,0,7,0.52,3,1,1,0,0,3,2,0,1,2,2,66.7,1,8,1,4,2,0,469,1,63,11,29.7,26,70.3,303,4,32,28,362,,,,0,0,,3,,,,,,,,,,,,0,11,0,0,0,44,6,22.2
263,Mateo Del Blanco,ar ARG,"DF,MF",Unión,21-342,2003,26,22,2032,22.6,1,4,5,1,0,0,1,0,1.2,1.2,4.7,5.9,91,126,121,0.04,0.18,0.22,0.04,0.22,0.05,0.21,0.26,0.05,0.26,Matches,26,8,30.8,1.15,0.35,0.04,0.13,23.7,4,0.05,-0.2,-0.2,913,1257,72.6,17051,7486,375,427,87.8,395,501,78.8,117,260,45.0,5.3,-0.7,48,85,36,22,993,262,0,8,182,148,60,18,28,0,2,33,95,4.21,58,25,4,1,0,9,0.40,6,1,1,0,0,27,19,14,8,5,13,39.4,20,14,24,51,71,0,1525,60,39,28,45.2,33,53.2,772,17,40,24,872,78,83.6,87,18,4,31,1,1.08,25,24,+1,+0.04,+0.50,27.4,22.3,+5.1,+0.22,+0.31,0,18,0,1,0,138,28,53.8
609,Mateo Mendoza,ar ARG,DF,Godoy Cruz,20-321,2004,24,24,2160,24.0,0,0,0,0,0,0,11,0,0.6,0.6,0.4,1.1,23,69,9,0.00,0.00,0.00,0.00,0.00,0.03,0.02,0.05,0.03,0.05,Matches,8,2,25.0,0.33,0.08,0.00,0.00,16.0,0,0.08,-0.6,-0.6,780,970,80.4,15371,5539,298,322,92.5,364,404,90.1,103,218,47.2,0.8,-0.4,10,56,6,1,874,95,1,19,8,19,0,0,0,0,1,8,18,0.75,16,1,0,0,1,0,0.00,0,0,0,0,0,42,28,27,13,2,20,55.6,16,12,25,67,139,1,1260,169,13,14,58.3,10,41.7,669,0,21,9,699,90,88.9,90,24,0,,0,0.96,16,27,-11,-0.46,+0.87,17.9,26.1,-8.2,-0.34,+0.23,0,28,0,1,1,111,35,56.5
608,Mateo Mendía,ar ARG,DF,Boca Juniors,21-247,2004,1,1,90,1.0,0,0,0,0,0,0,0,0,0.0,0.0,0.0,0.0,0,4,0,0.00,0.00,0.00,0.00,0.00,0.00,0.00,0.00,0.00,0.00,Matches,0,0,,0.00,0.00,,,,0,,0.0,0.0,53,57,93.0,1001,321,19,21,90.5,30,30,100.0,4,4,100.0,0.0,0.0,0,4,0,0,56,1,0,0,0,0,0,0,0,0,0,2,0,0.00,0,0,0,0,0,0,0.00,0,0,0,0,0,2,2,0,2,0,1,100.0,0,0,1,3,3,0,65,2,0,0,,0,,38,0,0,0,48,90,3.7,90,1,0,,11,3.00,2,1,+1,+1.00,+0.15,1.6,0.2,+1.4,+1.35,+0.95,0,1,0,0,0,4,2,50.0
738,Mateo Pellegrino,ar ARG,FW,Vélez Sarsfield,24-221,2001,1,0,34,0.4,0,0,0,0,0,0,0,0,0.0,0.0,0.0,0.0,0,0,4,0.00,0.00,0.00,0.00,0.00,0.00,0.00,0.00,0.00,0.00,Matches,0,0,,0.00,0.00,,,,0,,0.0,0.0,3,6,50.0,57,0,1,1,100.0,2,5,40.0,0,0,,0.0,0.0,0,0,0,0,6,0,0,0,1,0,0,0,0,0,0,0,0,0.00,0,0,0,0,0,0,0.00,0,0,0,0,0,0,0,0,0,0,0,,0,0,0,0,0,0,9,0,0,0,0.0,1,100.0,8,0,1,2,10,34,1.4,,0,1,34,0,0.00,0,0,0,0.00,+0.23,0.1,0.5,-0.4,-1.10,-1.03,0,2,0,0,0,0,0,
,Mateo Pérez,,,,,,,,,,,,,,,,,,,,,,,,,,,,,,,,,,,,,,,,,,,,,,,,,,,,,,,,,,,,,,,,,,,,,,,,,,,,,,,,,,,,,,,,,,,,,,,,,,,,,,,,,,,,,,,,,,,,,,,,,,0,0,,1,,,,,,,,,,,,,,,,,,,
806,Mateo Ramírez,ar ARG,MF,Deportivo Riestra,30-263,1995,10,2,243,2.7,0,0,0,0,0,0,2,0,0.0,0.0,0.0,0.0,0,5,0,0.00,0.00,0.00,0.00,0.00,0.01,0.00,0.01,0.01,0.01,Matches,1,0,0.0,0.37,0.00,0.00,,16.3,0,0.03,0.0,0.0,36,71,50.7,631,369,20,32,62.5,11,22,50.0,5,12,41.7,0.0,0.0,0,8,0,0,71,0,0,0,1,0,0,0,0,0,0,1,3,1.10,3,0,0,0,0,1,0.37,1,0,0,0,0,7,4,2,5,0,4,57.1,3,0,2,9,17,0,106,11,1,1,50.0,1,50.0,22,0,6,1,29,24,10.0,61,0,8,15,15,2.10,2,2,0,0.00,-0.58,2.0,2.5,-0.5,-0.20,-0.09,0,6,0,0,1,13,11,84.6
,Mateo Raschia,,,,,,,,,,,,,,,,,,,,,,,,,,,,,,,,,,,,,,,,,,,,,,,,,,,,,,,,,,,,,,,,,,,,,,,,,,,,,,,,,,,,,,,,,,,,,,,,,,,,,,,,,,,,,,,,,,,,,,,,,,0,0,,1,,,,,,,,,,,,,,,,,,,
,Mateo Schwartz,,,,,,,,,,,,,,,,,,,,,,,,,,,,,,,,,,,,,,,,,,,,,,,,,,,,,,,,,,,,,,,,,,,,,,,,,,,,,,,,,,,,,,,,,,,,,,,,,,,,,,,,,,,,,,,,,,,,,,,,,,0,0,,14,,,,,,,,,,,,,,,,,,,
911,Mateo Seoane,ar ARG,MF,Gimnasia–LP,21-241,2004,9,8,649,7.2,0,1,1,0,0,0,2,0,0.1,0.1,0.5,0.6,5,39,14,0.00,0.14,0.14,0.00,0.14,0.01,0.07,0.08,0.01,0.08,Matches,2,0,0.0,0.28,0.00,0.00,,25.3,0,0.03,-0.1,-0.1,246,307,80.1,4650,1372,97,117,82.9,110,125,88.0,33,47,70.2,0.8,+0.5,5,30,4,1,300,7,2,4,3,0,0,0,0,0,0,4,9,1.25,9,0,0,0,0,1,0.14,1,0,0,0,0,18,8,8,5,5,8,66.7,4,7,4,22,14,1,368,6,5,1,20.0,4,80.0,189,1,3,3,233,,,,0,0,,3,,,,,,,,,,,,0,5,0,0,0,38,8,53.3
,Mateo Serra,,,,,,,,,,,,,,,,,,,,,,,,,,,,,,,,,,,,,,,,,,,,,,,,,,,,,,,,,,,,,,,,,,,,,,,,,,,,,,,,,,,,,,,,,,,,,,,,,,,,,,,,,,,,,,,,,,,,,,,,,,0,0,,1,,,,,,,,,,,,,,,,,,,
922,Mateo Silvetti,ar ARG,"FW,MF",Newell's OB,19-267,2006,15,15,1090,12.1,2,1,3,2,0,0,1,0,2.4,2.4,1.6,4.0,36,22,128,0.17,0.08,0.25,0.17,0.25,0.20,0.14,0.33,0.20,0.33,Matches,31,13,41.9,2.56,1.07,0.06,0.15,19.7,0,0.08,-0.4,-0.4,175,297,58.9,2992,966,88,126,69.8,64,90,71.1,20,49,40.8,1.4,-0.6,19,16,10,10,279,14,1,1,53,4,8,7,1,0,4,14,43,3.55,26,4,2,6,1,2,0.17,2,0,0,0,0,12,7,3,8,1,7,36.8,12,9,6,18,15,0,470,9,39,17,34.7,31,63.3,284,10,41,12,310,73,44.9,73,6,0,,0,1.27,9,13,-4,-0.33,+0.14,12.8,14.9,-2.1,-0.17,-0.02,0,14,0,0,0,55,20,57.1
260,Mathías De Ritis,uy URU,DF,Banfield,22-250,2003,12,12,1061,11.8,0,0,0,0,0,0,4,0,0.4,0.4,0.6,1.0,22,29,44,0.00,0.00,0.00,0.00,0.00,0.04,0.05,0.09,0.04,0.09,Matches,10,0,0.0,0.85,0.00,0.00,,25.3,4,0.04,-0.4,-0.4,326,497,65.6,5762,2946,167,195,85.6,116,173,67.1,35,99,35.4,0.4,-0.6,6,24,6,4,370,125,0,3,45,108,2,0,2,0,2,16,20,1.70,9,2,4,3,1,1,0.08,0,0,0,1,0,37,23,21,14,2,22,55.0,18,8,16,53,45,1,667,33,6,14,40.0,20,57.1,282,3,21,12,311,88,43.7,88,11,0,,4,0.75,8,14,-6,-0.51,-0.25,9.6,17.1,-7.5,-0.64,-0.60,0,23,0,0,0,45,13,72.2
336,Matias Fonseca,uy URU,FW,Instituto,24-210,2001,8,4,409,4.5,0,0,0,0,0,0,0,0,1.7,1.7,0.3,2.0,4,8,22,0.00,0.00,0.00,0.00,0.00,0.37,0.07,0.44,0.37,0.44,Matches,11,1,9.1,2.42,0.22,0.00,0.00,13.3,0,0.15,-1.7,-1.7,62,96,64.6,911,136,36,54,66.7,18,25,72.0,5,8,62.5,0.3,-0.3,4,4,2,0,91,5,0,0,0,0,0,0,0,0,0,1,11,2.42,9,0,0,1,0,0,0.00,0,0,0,0,0,3,2,2,1,0,0,0.0,3,3,2,5,9,0,162,9,24,0,0.0,8,100.0,73,3,19,7,105,51,16.8,72,1,4,31,0,0.88,1,6,-5,-1.10,-0.88,5.0,4.2,+0.7,+0.16,+0.24,0,6,0,0,0,11,17,53.1
,Matias Funes,,,,,,,,,,,,,,,,,,,,,,,,,,,,,,,,,,,,,,,,,,,,,,,,,,,,,,,,,,,,,,,,,,,,,,,,,,,,,,,,,,,,,,,,,,,,,,,,,,,,,,,,,,,,,,,,,,,,,,,,,,0,0,,7,,,,,,,,,,,,,,,,,,,
404,Matias Gomez,ar ARG,"DF,MF",Talleres,19-319,2005,4,1,124,1.4,0,0,0,0,0,0,0,0,0.0,0.0,0.0,0.0,1,7,3,0.00,0.00,0.00,0.00,0.00,0.00,0.00,0.00,0.00,0.00,Matches,0,0,,0.00,0.00,,,,0,,0.0,0.0,60,88,68.2,955,499,32,40,80.0,21,29,72.4,5,9,55.6,0.0,0.0,0,3,1,0,71,17,0,0,2,15,0,0,0,0,0,4,3,2.20,2,1,0,0,0,0,0.00,0,0,0,0,0,13,7,5,7,1,7,100.0,0,2,0,13,10,0,114,7,0,0,0.0,1,100.0,39,0,1,0,49,31,5.1,90,1,3,11,14,0.50,1,3,-2,-1.45,-1.22,0.6,0.4,+0.1,+0.10,-0.19,0,6,0,0,0,9,5,62.5
621,Matko Miljevic,us USA,MF,Huracán,24-152,2001,25,22,1803,20.0,6,2,8,3,3,3,5,0,4.9,2.7,2.2,5.0,58,163,107,0.30,0.10,0.40,0.15,0.25,0.25,0.11,0.36,0.14,0.25,Matches,57,16,28.1,2.85,0.80,0.05,0.19,25.8,6,0.05,+1.1,+0.3,681,911,74.8,12762,4419,308,365,84.4,259,332,78.0,101,175,57.7,3.0,-0.2,46,135,25,4,826,81,4,14,81,4,40,6,33,0,4,13,101,5.04,53,26,4,6,1,7,0.35,3,2,0,1,0,17,10,5,9,3,7,28.0,18,16,9,26,4,0,1133,3,30,12,27.3,25,56.8,677,5,55,21,816,72,74.2,78,7,3,29,0,1.59,19,16,+3,+0.15,-0.14,21.2,17.2,+4.1,+0.20,-0.14,0,24,1,0,0,105,12,41.4
1,Matías Abaldo,uy URU,"FW,MF",Independiente,21-188,2004,7,6,443,4.9,0,0,0,0,0,0,0,0,0.5,0.5,0.3,0.7,8,11,37,0.00,0.00,0.00,0.00,0.00,0.09,0.06,0.15,0.09,0.15,Matches,5,1,20.0,1.02,0.20,0.00,0.00,17.5,0,0.09,-0.5,-0.5,89,136,65.4,1233,357,54,68,79.4,26,37,70.3,6,14,42.9,0.4,-0.3,3,10,4,2,130,4,1,0,11,2,0,0,0,0,2,11,11,2.23,8,0,1,1,0,2,0.41,0,0,1,1,0,4,2,1,3,0,2,33.3,4,4,2,6,5,0,198,7,6,3,20.0,11,73.3,111,2,24,7,143,63,18.9,68,1,1,35,0,0.71,1,3,-2,-0.41,-0.83,3.4,3.9,-0.5,-0.11,-0.17,0,1,1,0,0,17,6,37.5
61,Matías Arias,ar ARG,"MF,FW",Vélez Sarsfield,18-153,2007,3,0,38,0.4,0,0,0,0,0,0,1,0,0.2,0.2,0.0,0.2,2,6,3,0.00,0.00,0.00,0.00,0.00,0.50,0.04,0.53,0.50,0.53,Matches,2,1,50.0,4.74,2.37,0.00,0.00,19.5,0,0.10,-0.2,-0.2,30,38,78.9,550,153,14,16,87.5,12,14,85.7,4,6,66.7,0.2,0.0,1,4,0,0,30,8,1,0,5,3,3,0,3,0,0,2,4,9.73,1,1,2,0,0,0,0.00,0,0,0,0,0,1,1,0,1,0,1,33.3,2,0,0,1,0,0,44,0,1,4,66.7,2,33.3,28,0,0,3,26,13,1.6,,0,3,13,7,1.67,1,0,+1,+2.37,+2.63,1.0,0.2,+0.8,+1.89,+2.01,0,1,0,0,0,6,0,0.0
108,Matías Bergara,ar ARG,FW,Ind. Rivadavia,21-267,2004,1,0,11,0.1,0,0,0,0,0,0,0,0,0.0,0.0,0.0,0.0,0,2,0,0.00,0.00,0.00,0.00,0.00,0.00,0.00,0.00,0.00,0.00,Matches,0,0,,0.00,0.00,,,,0,,0.0,0.0,8,8,100.0,126,49,3,3,100.0,5,5,100.0,0,0,,0.0,0.0,0,0,0,0,8,0,0,0,0,0,0,0,0,0,0,0,1,8.18,1,0,0,0,0,0,0.00,0,0,0,0,0,0,0,0,0,0,0,,0,1,0,0,0,0,10,0,0,0,,0,,4,0,0,0,5,11,0.5,,0,1,11,0,0.00,0,0,0,0.00,-0.04,0.2,0.1,0.0,+0.37,+0.66,0,0,0,0,0,1,0,0.0
121,Matías Borgogno,ar ARG,GK,San Martín de San Juan,27-048,1998,27,27,2430,27.0,0,0,0,0,0,0,0,0,0.0,0.0,0.0,0.0,0,1,0,0.00,0.00,0.00,0.00,0.00,0.00,0.00,0.00,0.00,0.00,Matches,0,0,,0.00,0.00,,,,0,,0.0,0.0,460,822,56.0,17073,14175,63,66,95.5,150,155,96.8,244,594,41.1,0.1,0.0,1,33,1,0,481,337,0,0,0,1,0,0,0,0,4,0,5,0.19,4,1,0,0,0,0,0.00,0,0,0,0,0,1,0,1,0,0,1,100.0,0,0,1,2,11,2,875,665,0,1,100.0,0,0.0,390,0,1,0,279,90,100.0,90,27,0,,0,0.74,13,29,-16,-0.59,,21.1,29.2,-8.2,-0.30,,0,0,0,0,0,29,8,100.0
201,Matías Catalán,cl CHI,DF,Talleres,33-050,1992,6,6,500,5.6,0,0,0,0,0,0,0,0,0.2,0.2,0.8,1.0,3,22,2,0.00,0.00,0.00,0.00,0.00,0.04,0.14,0.18,0.04,0.18,Matches,5,1,20.0,0.90,0.18,0.00,0.00,14.5,0,0.04,-0.2,-0.2,234,297,78.8,5139,1919,57,68,83.8,147,160,91.9,30,61,49.2,0.2,-0.8,4,25,2,0,257,39,0,3,2,27,0,0,0,0,1,5,9,1.62,7,1,0,0,0,0,0.00,0,0,0,0,0,8,7,4,3,1,3,33.3,6,2,5,13,23,0,354,26,8,0,0.0,2,100.0,179,0,0,4,196,83,20.6,83,4,0,,5,1.00,2,3,-1,-0.18,+0.15,5.7,3.9,+1.8,+0.32,+0.06,0,3,0,0,0,22,16,66.7
259,Matías De los Santos,uy URU,DF,Atlé Tucumán,32-320,1992,10,10,900,10.0,0,0,0,0,0,0,1,0,0.4,0.4,0.0,0.5,0,25,1,0.00,0.00,0.00,0.00,0.00,0.04,0.00,0.05,0.04,0.05,Matches,9,3,33.3,0.90,0.30,0.00,0.00,17.2,1,0.05,-0.4,-0.4,345,410,84.1,7531,2979,84,94,89.4,205,224,91.5,56,87,64.4,0.1,0.0,2,26,1,1,390,19,0,8,1,0,0,0,0,0,1,1,10,1.00,8,1,0,0,0,0,0.00,0,0,0,0,0,11,5,8,3,0,7,77.8,2,3,12,23,68,0,534,57,11,3,75.0,1,25.0,230,0,4,0,300,90,37.0,90,10,0,,6,1.30,12,10,+2,+0.20,+0.44,13.1,15.4,-2.3,-0.23,-0.12,0,7,0,0,0,27,41,69.5
321,Matías Fernández,ar ARG,MF,Ind. Rivadavia,24-107,2001,22,10,994,11.0,1,2,3,1,0,0,7,0,1.6,1.6,2.6,4.1,24,43,63,0.09,0.18,0.27,0.09,0.27,0.14,0.23,0.37,0.14,0.37,Matches,24,3,12.5,2.17,0.27,0.04,0.33,21.6,0,0.07,-0.6,-0.6,273,380,71.8,4471,1411,138,165,83.6,91,123,74.0,28,47,59.6,1.8,-0.6,13,42,15,2,356,21,0,3,21,6,1,1,0,0,3,19,28,2.54,24,1,0,2,1,5,0.45,4,1,0,0,0,16,10,5,9,2,8,44.4,10,11,8,24,6,0,513,3,37,26,63.4,15,36.6,277,8,34,15,324,45,40.9,73,0,12,22,5,1.26,13,14,-1,-0.09,-0.22,12.4,16.4,-4.0,-0.36,-0.13,0,13,0,0,0,66,8,27.6
348,Matías Galarza,py PAR,"FW,MF",Talleres,23-239,2002,13,10,823,9.1,0,0,0,0,0,0,1,0,1.3,1.3,0.7,2.0,13,27,59,0.00,0.00,0.00,0.00,0.00,0.14,0.08,0.22,0.14,0.22,Matches,11,5,45.5,1.20,0.55,0.00,0.00,20.3,0,0.12,-1.3,-1.3,175,247,70.9,2773,854,100,123,81.3,52,70,74.3,18,29,62.1,0.8,-0.7,9,22,10,6,239,7,0,1,22,4,2,2,0,0,1,10,17,1.86,14,1,0,1,1,0,0.00,0,0,0,0,0,20,12,11,6,3,9,40.9,13,14,3,23,14,0,358,11,13,5,26.3,13,68.4,184,2,19,14,227,63,33.9,76,4,3,22,3,0.92,5,8,-3,-0.33,-0.05,9.7,9.4,+0.3,+0.03,-0.37,0,12,0,0,0,36,18,60.0
350,Matías Galarza,py PAR,MF,River Plate,23-239,2002,7,4,429,4.8,0,0,0,0,0,0,3,0,0.6,0.6,0.6,1.3,1,16,19,0.00,0.00,0.00,0.00,0.00,0.14,0.13,0.26,0.14,0.26,Matches,11,5,45.5,1.20,0.55,0.00,0.00,20.3,0,0.12,-1.3,-1.3,175,247,70.9,2773,854,100,123,81.3,52,70,74.3,18,29,62.1,0.8,-0.7,9,22,10,6,239,7,0,1,22,4,2,2,0,0,1,10,17,1.86,14,1,0,1,1,0,0.00,0,0,0,0,0,20,12,11,6,3,9,40.9,13,14,3,23,14,0,358,11,13,5,26.3,13,68.4,184,2,19,14,227,63,33.9,76,4,3,22,3,0.92,5,8,-3,-0.33,-0.05,9.7,9.4,+0.3,+0.03,-0.37,0,12,0,0,0,36,18,60.0
353,Matías Gallardo,ar ARG,"FW,MF",Instituto,21-319,2003,4,0,43,0.5,0,0,0,0,0,0,0,0,0.0,0.0,0.1,0.1,2,7,9,0.00,0.00,0.00,0.00,0.00,0.00,0.27,0.27,0.00,0.27,Matches,0,0,,0.00,0.00,,,,0,,0.0,0.0,29,39,74.4,430,111,21,22,95.5,6,11,54.5,2,4,50.0,0.2,-0.1,2,1,1,0,34,5,0,0,4,3,2,0,2,0,0,3,3,6.28,3,0,0,0,0,0,0.00,0,0,0,0,0,3,2,1,2,0,2,100.0,0,1,0,3,1,0,49,1,1,0,0.0,3,100.0,30,0,1,1,32,11,1.8,,0,4,11,17,0.75,0,0,0,0.00,+0.38,0.8,0.2,+0.5,+1.08,+1.14,0,0,0,0,0,2,2,66.7
367,Matías García,ar ARG,"MF,FW",Aldosivi,33-351,1991,8,4,311,3.5,0,0,0,0,0,0,0,0,0.1,0.1,0.2,0.3,6,19,15,0.00,0.00,0.00,0.00,0.00,0.02,0.07,0.09,0.02,0.09,Matches,2,1,50.0,0.58,0.29,0.00,0.00,25.6,1,0.04,-0.1,-0.1,123,184,66.8,1683,699,68,84,81.0,39,55,70.9,6,25,24.0,0.3,-0.2,5,16,2,0,165,17,0,0,11,1,3,0,2,0,2,5,10,2.89,7,2,0,1,0,0,0.00,0,0,0,0,0,12,10,2,9,1,3,50.0,3,4,3,15,1,0,234,1,1,2,40.0,3,60.0,115,0,9,6,138,39,12.8,58,0,4,20,0,0.38,0,2,-2,-0.58,+0.23,2.1,4.0,-1.8,-0.53,-0.07,0,7,0,0,0,28,4,50.0
384,Matías Giménez,ar ARG,FW,Independiente,26-216,1999,13,4,462,5.1,0,2,2,0,0,0,1,0,0.5,0.5,1.0,1.5,3,17,34,0.00,0.39,0.39,0.00,0.39,0.09,0.20,0.29,0.09,0.29,Matches,9,4,44.4,1.75,0.78,0.00,0.00,18.6,0,0.05,-0.5,-0.5,108,155,69.7,1687,202,54,73,74.0,33,44,75.0,11,14,78.6,0.5,+1.0,7,5,3,0,143,11,0,2,5,1,0,0,0,0,1,8,14,2.73,10,0,0,1,2,2,0.39,2,0,0,0,0,3,2,2,1,0,1,100.0,0,2,2,5,6,0,230,7,23,4,28.6,10,71.4,124,1,23,13,176,36,19.7,70,1,9,20,3,1.69,5,6,-1,-0.19,-0.58,4.2,6.9,-2.6,-0.51,-0.67,0,7,0,0,0,10,13,26.5
385,Matías Giménez,ar ARG,"FW,MF",Arg Juniors,26-216,1999,8,4,329,3.7,1,1,2,1,0,0,0,0,1.1,1.1,0.3,1.4,11,12,20,0.27,0.27,0.55,0.27,0.55,0.31,0.07,0.38,0.31,0.38,Matches,9,4,44.4,1.75,0.78,0.00,0.00,18.6,0,0.05,-0.5,-0.5,108,155,69.7,1687,202,54,73,74.0,33,44,75.0,11,14,78.6,0.5,+1.0,7,5,3,0,143,11,0,2,5,1,0,0,0,0,1,8,14,2.73,10,0,0,1,2,2,0.39,2,0,0,0,0,3,2,2,1,0,1,100.0,0,2,2,5,6,0,230,7,23,4,28.6,10,71.4,124,1,23,13,176,36,19.7,70,1,9,20,3,1.69,5,6,-1,-0.19,-0.58,4.2,6.9,-2.6,-0.51,-0.67,0,7,0,0,0,10,13,26.5
396,Matías Godoy,ar ARG,"MF,FW",Cen. Córdoba–SdE,23-271,2002,7,7,388,4.3,0,0,0,0,0,0,2,0,0.5,0.5,1.0,1.5,8,11,35,0.00,0.00,0.00,0.00,0.00,0.11,0.23,0.34,0.11,0.34,Matches,6,0,0.0,1.39,0.00,0.00,,19.6,1,0.08,-0.5,-0.5,90,121,74.4,1371,358,51,63,81.0,30,38,78.9,5,12,41.7,0.9,-1.0,4,6,6,1,109,12,1,0,8,1,8,1,4,0,0,3,9,2.09,7,0,0,2,0,0,0.00,0,0,0,0,0,5,2,1,3,1,3,37.5,5,2,4,9,1,0,174,1,10,5,23.8,16,76.2,100,1,11,3,130,55,16.0,55,0,0,,2,1.86,4,4,0,0.00,-0.09,4.1,4.0,+0.1,+0.03,-0.11,0,7,0,0,0,11,3,50.0
397,Matías Godoy,ar ARG,"MF,FW",Instituto,23-271,2002,11,5,407,4.5,0,1,1,0,0,0,4,1,0.6,0.6,0.1,0.7,7,10,40,0.00,0.22,0.22,0.00,0.22,0.12,0.03,0.15,0.12,0.15,Matches,6,0,0.0,1.39,0.00,0.00,,19.6,1,0.08,-0.5,-0.5,90,121,74.4,1371,358,51,63,81.0,30,38,78.9,5,12,41.7,0.9,-1.0,4,6,6,1,109,12,1,0,8,1,8,1,4,0,0,3,9,2.09,7,0,0,2,0,0,0.00,0,0,0,0,0,5,2,1,3,1,3,37.5,5,2,4,9,1,0,174,1,10,5,23.8,16,76.2,100,1,11,3,130,55,16.0,55,0,0,,2,1.86,4,4,0,0.00,-0.09,4.1,4.0,+0.1,+0.03,-0.11,0,7,0,0,0,11,3,50.0
418,Matías González,ar ARG,FW,Banfield,23-222,2002,1,0,5,0.1,0,0,0,0,0,0,0,0,0.0,0.0,0.0,0.0,0,0,1,0.00,0.00,0.00,0.00,0.00,0.00,0.00,0.00,0.00,0.00,Matches,0,0,,0.00,0.00,,,,0,,0.0,0.0,4,6,66.7,82,27,0,0,,4,6,66.7,0,0,,0.0,0.0,0,1,0,0,6,0,0,0,0,0,0,0,0,0,0,0,1,18.00,1,0,0,0,0,0,0.00,0,0,0,0,0,1,1,1,0,0,1,50.0,1,0,0,1,0,0,7,0,0,1,100.0,0,0.0,6,0,1,0,6,5,0.2,,0,1,5,6,1.00,0,0,0,0.00,+0.37,0.3,0.2,0.0,+0.52,+0.82,0,0,0,0,0,1,0,
419,Matías González,ar ARG,"FW,MF",Godoy Cruz,26-215,1999,6,2,291,3.2,0,0,0,0,0,0,0,0,0.2,0.2,0.0,0.2,9,4,21,0.00,0.00,0.00,0.00,0.00,0.05,0.00,0.05,0.05,0.05,Matches,0,0,,0.00,0.00,,,,0,,0.0,0.0,4,6,66.7,82,27,0,0,,4,6,66.7,0,0,,0.0,0.0,0,1,0,0,6,0,0,0,0,0,0,0,0,0,0,0,1,18.00,1,0,0,0,0,0,0.00,0,0,0,0,0,1,1,1,0,0,1,50.0,1,0,0,1,0,0,7,0,0,1,100.0,0,0.0,6,0,1,0,6,5,0.2,,0,1,5,6,1.00,0,0,0,0.00,+0.37,0.3,0.2,0.0,+0.52,+0.82,0,0,0,0,0,1,0,
448,Matías Hernández,ar ARG,MF,San Lorenzo,20-124,2005,1,0,1,0.0,0,0,0,0,0,0,0,0,0.0,0.0,0.0,0.0,0,0,0,0.00,0.00,0.00,0.00,0.00,0.00,0.00,0.00,0.00,0.00,Matches,0,0,,0.00,0.00,,,,0,,0.0,0.0,0,1,0.0,0,0,0,0,,0,0,,0,0,,0.0,0.0,0,0,0,0,1,0,0,0,0,0,0,0,0,0,0,0,0,0.00,0,0,0,0,0,0,0.00,0,0,0,0,0,0,0,0,0,0,0,,0,0,0,0,0,0,1,0,0,0,,0,,1,0,0,0,1,1,0.0,,0,1,1,5,3.00,0,0,0,0.00,-0.19,0.0,0.0,0.0,0.00,-0.23,0,0,0,0,0,0,0,
,Matías Klimowicz,,,,,,,,,,,,,,,,,,,,,,,,,,,,,,,,,,,,,,,,,,,,,,,,,,,,,,,,,,,,,,,,,,,,,,,,,,,,,,,,,,,,,,,,,,,,,,,,,,,,,,,,,,,,,,,,,,,,,,,,,,0,0,,4,,,,,,,,,,,,,,,,,,,
489,Matías Kranevitter,ar ARG,MF,River Plate,32-140,1993,4,2,198,2.2,0,0,0,0,0,0,1,0,0.0,0.0,0.0,0.0,2,12,0,0.00,0.00,0.00,0.00,0.00,0.01,0.00,0.01,0.01,0.01,Matches,1,0,0.0,0.45,0.00,0.00,,33.9,0,0.02,0.0,0.0,87,107,81.3,1555,474,41,48,85.4,36,41,87.8,9,15,60.0,0.0,0.0,0,6,0,0,100,6,0,1,0,0,0,0,0,0,1,0,2,0.91,2,0,0,0,0,0,0.00,0,0,0,0,0,7,2,4,3,0,3,60.0,2,2,2,9,4,0,126,9,0,2,66.7,1,33.3,57,0,0,0,68,50,8.1,75,1,2,25,9,2.50,2,0,+2,+0.91,+0.22,5.6,1.3,+4.3,+1.95,+1.64,0,7,0,0,0,10,10,50.0
548,Matías Magdaleno,ar ARG,DF,Estudiantes–LP,18-244,2007,1,1,90,1.0,0,0,0,0,0,0,0,0,0.0,0.0,0.0,0.0,3,2,8,0.00,0.00,0.00,0.00,0.00,0.00,0.02,0.02,0.00,0.02,Matches,0,0,,0.00,0.00,,,,0,,0.0,0.0,38,54,70.4,601,141,18,19,94.7,18,25,72.0,1,4,25.0,0.1,0.0,1,0,1,1,45,9,0,0,7,9,0,0,0,0,0,5,3,3.00,3,0,0,0,0,0,0.00,0,0,0,0,0,5,3,3,2,0,4,100.0,0,0,0,5,4,0,68,1,3,1,50.0,1,50.0,36,1,1,0,39,90,3.7,90,1,0,,6,3.00,1,0,+1,+1.00,+1.08,0.6,1.0,-0.5,-0.45,-0.60,0,1,0,0,0,5,0,0.0
560,Matías Mansilla,ar ARG,GK,Atlé Tucumán,29-235,1996,10,10,900,10.0,0,0,0,0,0,0,2,0,0.0,0.0,0.0,0.0,0,0,0,0.00,0.00,0.00,0.00,0.00,0.00,0.00,0.00,0.00,0.00,Matches,0,0,,0.00,0.00,,,,0,,0.0,0.0,163,249,65.5,5647,4563,22,22,100.0,64,66,97.0,75,157,47.8,0.0,0.0,0,7,0,0,155,92,0,0,0,0,0,0,0,0,2,0,4,0.40,1,3,0,0,0,1,0.10,0,1,0,0,0,0,0,0,0,0,0,0.0,1,0,0,0,2,0,267,225,0,0,,0,,134,0,1,0,85,90,37.0,90,10,0,,0,1.20,11,10,+1,+0.10,+0.28,12.7,13.6,-0.9,-0.09,+0.10,0,0,0,0,0,3,2,100.0
561,Matías Mansilla,ar ARG,GK,Estudiantes–LP,29-235,1996,16,16,1440,16.0,0,0,0,0,0,0,2,0,0.0,0.0,0.0,0.0,0,0,0,0.00,0.00,0.00,0.00,0.00,0.00,0.00,0.00,0.00,0.00,Matches,0,0,,0.00,0.00,,,,0,,0.0,0.0,163,249,65.5,5647,4563,22,22,100.0,64,66,97.0,75,157,47.8,0.0,0.0,0,7,0,0,155,92,0,0,0,0,0,0,0,0,2,0,4,0.40,1,3,0,0,0,1,0.10,0,1,0,0,0,0,0,0,0,0,0,0.0,1,0,0,0,2,0,267,225,0,0,,0,,134,0,1,0,85,90,37.0,90,10,0,,0,1.20,11,10,+1,+0.10,+0.28,12.7,13.6,-0.9,-0.09,+0.10,0,0,0,0,0,3,2,100.0
605,Matías Melluso,ar ARG,"DF,MF",Gimnasia–LP,27-121,1998,4,0,108,1.2,0,0,0,0,0,0,2,0,0.1,0.1,0.0,0.1,1,8,7,0.00,0.00,0.00,0.00,0.00,0.05,0.00,0.05,0.05,0.05,Matches,1,0,0.0,0.83,0.00,0.00,,9.4,0,0.06,-0.1,-0.1,40,60,66.7,611,316,24,28,85.7,10,17,58.8,4,11,36.4,0.1,0.0,0,6,5,0,42,18,0,0,6,13,1,0,1,0,0,1,0,0.00,0,0,0,0,0,0,0.00,0,0,0,0,0,1,1,0,1,0,0,0.0,2,2,4,5,3,0,75,1,5,0,,0,,33,0,5,0,35,27,4.4,,0,4,27,8,0.75,1,4,-3,-2.50,-2.07,1.1,1.5,-0.4,-0.29,+0.08,0,1,0,0,0,4,4,80.0
628,Matías Miranda,ar ARG,"FW,MF",Defensa y Just,25-156,2000,8,4,361,4.0,1,0,1,1,0,0,0,0,0.4,0.4,0.1,0.5,6,19,21,0.25,0.00,0.25,0.25,0.25,0.12,0.03,0.15,0.12,0.15,Matches,4,1,25.0,1.00,0.25,0.25,1.00,17.0,0,0.11,+0.6,+0.6,129,175,73.7,2387,870,60,71,84.5,40,51,78.4,21,35,60.0,0.4,-0.1,4,12,5,2,153,18,1,1,14,4,11,3,3,0,4,3,13,3.69,10,1,1,0,0,0,0.00,0,0,0,0,0,10,6,2,8,0,4,100.0,0,7,3,13,9,0,233,3,6,8,47.1,9,52.9,131,0,9,3,154,45,14.9,65,1,4,25,5,1.38,3,4,-1,-0.25,-0.21,4.2,3.9,+0.3,+0.08,+0.31,0,1,0,0,0,19,0,0.0
692,Matías Orihuela,ar ARG,DF,Atlé Tucumán,33-233,1992,6,4,485,5.4,0,0,0,0,0,0,2,0,0.1,0.1,0.5,0.5,10,17,14,0.00,0.00,0.00,0.00,0.00,0.01,0.08,0.09,0.01,0.09,Matches,3,1,33.3,0.56,0.19,0.00,0.00,29.7,0,0.02,-0.1,-0.1,177,250,70.8,3199,1318,81,96,84.4,74,104,71.2,19,35,54.3,0.2,-0.5,3,16,5,4,195,55,1,4,17,52,0,0,0,0,0,7,11,2.04,10,1,0,0,0,0,0.00,0,0,0,0,0,15,6,9,6,0,10,76.9,3,2,9,24,21,0,311,14,2,3,42.9,4,57.1,116,0,5,0,144,81,20.0,90,4,2,63,10,1.00,6,7,-1,-0.19,-0.14,6.3,6.7,-0.4,-0.07,+0.10,0,8,0,1,0,21,10,55.6
693,Matías Orihuela,ar ARG,"MF,FW",San Martín de San Juan,33-233,1992,5,0,29,0.3,0,0,0,0,0,0,0,0,0.0,0.0,0.0,0.0,0,0,2,0.00,0.00,0.00,0.00,0.00,0.00,0.00,0.00,0.00,0.00,Matches,3,1,33.3,0.56,0.19,0.00,0.00,29.7,0,0.02,-0.1,-0.1,177,250,70.8,3199,1318,81,96,84.4,74,104,71.2,19,35,54.3,0.2,-0.5,3,16,5,4,195,55,1,4,17,52,0,0,0,0,0,7,11,2.04,10,1,0,0,0,0,0.00,0,0,0,0,0,15,6,9,6,0,10,76.9,3,2,9,24,21,0,311,14,2,3,42.9,4,57.1,116,0,5,0,144,81,20.0,90,4,2,63,10,1.00,6,7,-1,-0.19,-0.14,6.3,6.7,-0.4,-0.07,+0.10,0,8,0,1,0,21,10,55.6
735,Matías Pellegrini,ar ARG,"FW,MF",Vélez Sarsfield,25-150,2000,20,8,792,8.8,0,2,2,0,0,0,3,1,0.6,0.6,1.2,1.8,24,39,66,0.00,0.23,0.23,0.00,0.23,0.07,0.14,0.21,0.07,0.21,Matches,10,2,20.0,1.14,0.23,0.00,0.00,22.0,0,0.06,-0.6,-0.6,249,345,72.2,4103,1106,122,144,84.7,92,124,74.2,26,52,50.0,1.3,+0.8,16,24,10,1,304,40,1,5,37,12,14,6,6,0,1,6,32,3.64,22,4,1,4,0,6,0.68,3,1,1,1,0,16,12,2,10,4,7,36.8,12,7,6,22,8,0,458,5,17,19,54.3,14,40.0,215,5,19,16,266,40,32.6,64,2,12,24,4,1.60,9,10,-1,-0.11,+0.16,8.0,7.9,+0.1,+0.01,+0.14,1,17,0,0,0,58,16,43.2
742,Matías Perelló,ar ARG,"FW,MF",Cen. Córdoba–SdE,23-325,2001,22,12,1078,12.0,4,2,6,4,0,0,2,0,3.8,3.8,3.6,7.3,38,24,134,0.33,0.17,0.50,0.33,0.50,0.32,0.30,0.61,0.32,0.61,Matches,31,11,35.5,2.59,0.92,0.13,0.36,17.3,0,0.12,+0.2,+0.2,228,340,67.1,3647,917,122,151,80.8,78,113,69.0,21,51,41.2,2.4,-1.6,16,12,14,7,328,12,2,1,66,3,6,0,4,0,0,15,42,3.51,24,1,6,4,0,6,0.50,3,0,1,0,0,16,10,6,5,5,9,45.0,11,10,3,19,4,0,492,3,49,20,41.7,27,56.3,330,18,38,15,356,49,44.4,62,0,10,34,4,1.05,17,12,+5,+0.42,+0.62,15.9,14.0,+1.9,+0.16,+0.07,0,7,0,0,0,37,3,33.3
807,Matías Ramírez,ar ARG,FW,Defensa y Just,26-208,1999,10,3,368,4.1,0,1,1,0,0,0,2,0,0.3,0.3,0.5,0.8,16,16,34,0.00,0.24,0.24,0.00,0.24,0.07,0.12,0.19,0.07,0.19,Matches,6,2,33.3,1.47,0.49,0.00,0.00,21.3,0,0.05,-0.3,-0.3,68,117,58.1,1221,427,36,49,73.5,21,33,63.6,10,20,50.0,0.8,+0.5,6,7,7,1,113,3,2,1,18,1,2,0,1,0,1,8,9,2.12,8,0,0,1,0,1,0.24,1,0,0,0,0,10,6,5,5,0,6,50.0,6,5,2,12,8,0,180,9,15,3,33.3,6,66.7,100,4,15,5,113,37,15.1,59,0,7,27,5,1.20,5,2,+3,+0.73,+0.95,4.8,3.8,+1.0,+0.23,+0.50,0,15,0,0,0,23,7,41.2
815,Matías Reali,ar ARG,"FW,MF",San Lorenzo,27-328,1997,25,20,1618,18.0,0,2,2,0,0,0,5,0,1.8,1.8,3.8,5.6,59,25,116,0.00,0.11,0.11,0.00,0.11,0.10,0.21,0.31,0.10,0.31,Matches,38,14,36.8,2.11,0.78,0.00,0.00,25.2,3,0.05,-1.8,-1.8,242,443,54.6,4533,1637,108,149,72.5,90,136,66.2,37,116,31.9,3.7,-1.8,37,18,15,12,324,115,2,2,144,7,56,32,14,0,4,25,60,3.34,27,20,4,4,2,6,0.33,2,2,0,1,1,30,16,9,12,9,18,47.4,20,18,15,45,7,0,643,6,55,20,40.0,29,58.0,337,21,31,22,348,65,66.6,75,2,5,23,1,1.54,17,12,+5,+0.28,+0.28,20.6,12.1,+8.5,+0.48,+0.74,0,25,1,0,0,70,5,22.7
857,Matías Rojas,py PAR,"FW,MF",River Plate,29-339,1995,5,0,112,1.2,1,0,1,1,0,0,0,0,0.2,0.2,0.0,0.3,1,14,17,0.80,0.00,0.80,0.80,0.80,0.19,0.02,0.21,0.19,0.21,Matches,7,3,42.9,5.63,2.41,0.14,0.33,26.7,2,0.03,+0.8,+0.8,61,87,70.1,1181,453,32,41,78.0,18,24,75.0,11,20,55.0,0.1,0.0,1,15,1,0,79,8,0,1,12,0,4,1,2,0,0,1,4,3.21,1,1,0,1,0,0,0.00,0,0,0,0,0,1,0,0,1,0,0,0.0,1,0,0,1,0,0,99,0,5,1,25.0,3,75.0,63,0,0,1,76,22,4.6,,0,5,22,5,1.20,2,1,+1,+0.80,+0.10,1.3,1.9,-0.6,-0.48,-0.96,0,0,0,0,0,1,2,40.0
,Matías Rosales,,,,,,,,,,,,,,,,,,,,,,,,,,,,,,,,,,,,,,,,,,,,,,,,,,,,,,,,,,,,,,,,,,,,,,,,,,,,,,,,,,,,,,,,,,,,,,,,,,,,,,,,,,,,,,,,,,,,,,,,,,0,0,,1,,,,,,,,,,,,,,,,,,,
,Matías Ruiz,,,,,,,,,,,,,,,,,,,,,,,,,,,,,,,,,,,,,,,,,,,,,,,,,,,,,,,,,,,,,,,,,,,,,,,,,,,,,,,,,,,,,,,,,,,,,,,,,,,,,,,,,,,,,,,,,,,,,,,,,,0,0,,2,,,,,,,,,,,,,,,,,,,
954,Matías Tagliamonte,ar ARG,GK,Unión,27-231,1998,13,13,1170,13.0,0,0,0,0,0,0,3,0,0.0,0.0,0.0,0.0,0,0,0,0.00,0.00,0.00,0.00,0.00,0.00,0.00,0.00,0.00,0.00,Matches,0,0,,0.00,0.00,,,,0,,0.0,0.0,165,303,54.5,6323,5389,17,17,100.0,55,56,98.2,93,228,40.8,0.0,0.0,0,8,0,0,159,142,0,1,0,0,0,0,0,0,2,0,3,0.23,2,1,0,0,0,0,0.00,0,0,0,0,0,0,0,0,0,0,0,,0,0,0,0,2,0,323,275,0,0,,0,,124,0,0,0,81,90,48.1,90,13,0,,14,1.54,16,11,+5,+0.38,+0.81,14.9,12.0,+2.9,+0.22,+0.10,0,0,0,0,0,9,4,100.0
964,Matías Tissera,ar ARG,"FW,MF",Huracán,29-032,1996,16,5,440,4.9,2,1,3,2,0,0,0,0,1.9,1.9,0.1,2.0,4,6,26,0.41,0.20,0.61,0.41,0.61,0.39,0.02,0.41,0.39,0.41,Matches,9,5,55.6,1.84,1.02,0.22,0.40,13.8,0,0.21,+0.1,+0.1,42,58,72.4,578,122,26,36,72.2,10,12,83.3,3,3,100.0,0.2,+0.9,3,4,1,0,52,5,0,0,2,0,0,0,0,0,1,0,6,1.23,5,0,0,1,0,1,0.21,1,0,0,0,0,3,2,1,0,2,0,0.0,4,3,0,3,3,0,112,4,18,2,33.3,4,66.7,67,4,21,10,85,28,18.1,60,0,11,13,5,1.83,4,1,+3,+0.61,+0.52,4.6,3.9,+0.7,+0.15,-0.11,0,2,0,0,0,11,5,27.8
980,Matías Valenti,ar ARG,DF,Ind. Rivadavia,23-035,2002,10,3,425,4.7,0,0,0,0,0,0,0,0,0.2,0.2,0.0,0.2,2,14,5,0.00,0.00,0.00,0.00,0.00,0.03,0.00,0.03,0.03,0.03,Matches,3,1,33.3,0.64,0.21,0.00,0.00,14.5,0,0.05,-0.2,-0.2,105,167,62.9,1805,1071,56,69,81.2,37,58,63.8,10,28,35.7,0.0,0.0,0,4,1,0,126,39,0,1,3,36,0,0,0,0,2,6,2,0.42,0,1,0,1,0,0,0.00,0,0,0,0,0,15,10,11,3,1,8,66.7,4,5,2,17,28,0,232,22,6,1,25.0,3,75.0,79,0,3,5,88,43,17.5,69,1,7,31,17,1.64,7,7,0,0.00,-0.04,6.0,8.7,-2.7,-0.56,-0.33,0,7,0,0,1,16,10,58.8
994,Matías Vera,ar ARG,MF,Cen. Córdoba–SdE,29-347,1995,9,5,534,5.9,0,0,0,0,0,0,2,0,0.0,0.0,0.1,0.2,1,30,7,0.00,0.00,0.00,0.00,0.00,0.01,0.02,0.03,0.01,0.03,Matches,2,0,0.0,0.34,0.00,0.00,,29.2,0,0.02,0.0,0.0,175,209,83.7,3706,1295,50,57,87.7,96,111,86.5,29,34,85.3,0.2,-0.1,4,25,6,1,205,4,0,3,2,0,1,0,1,0,0,4,8,1.35,7,0,0,1,0,0,0.00,0,0,0,0,0,18,14,4,11,3,10,50.0,10,7,4,22,10,0,279,10,0,2,40.0,3,60.0,106,0,7,7,159,59,22.0,73,2,4,43,1,1.56,8,5,+3,+0.51,+0.55,6.3,6.5,-0.1,-0.02,-0.18,0,7,0,0,0,33,5,38.5
175,Mauricio Cardillo,ar ARG,"MF,DF",Ind. Rivadavia,22-211,2003,23,15,1174,13.0,2,0,2,2,0,0,5,3,2.1,2.1,0.5,2.6,16,23,58,0.15,0.00,0.15,0.15,0.15,0.16,0.04,0.20,0.16,0.20,Matches,17,5,29.4,1.30,0.38,0.12,0.40,14.3,0,0.12,-0.1,-0.1,248,364,68.1,3856,1306,141,183,77.0,85,126,67.5,16,29,55.2,0.4,-0.5,9,19,3,2,329,34,0,1,19,32,0,0,0,0,1,15,19,1.46,14,1,0,2,0,2,0.15,1,0,0,1,0,31,19,21,10,0,19,65.5,10,14,11,42,25,0,532,29,34,5,38.5,8,61.5,233,3,35,10,288,51,48.3,67,2,8,22,0,1.29,15,12,+3,+0.23,+0.37,13.6,17.8,-4.2,-0.32,-0.07,1,22,1,0,0,39,19,47.5
583,Mauricio Martínez,ar ARG,"MF,DF",Unión,32-230,1993,25,20,1722,19.1,3,0,3,3,0,0,6,0,2.1,2.1,0.3,2.3,32,95,24,0.16,0.00,0.16,0.16,0.16,0.11,0.01,0.12,0.11,0.12,Matches,26,9,34.6,1.36,0.47,0.12,0.33,25.8,5,0.08,+0.9,+0.9,757,910,83.2,16454,5283,233,261,89.3,360,395,91.1,158,217,72.8,0.4,-0.3,6,88,3,1,868,40,0,25,16,2,1,0,0,0,2,23,30,1.57,24,0,2,2,0,2,0.10,1,0,1,0,0,27,16,12,12,3,13,41.9,18,5,15,42,42,1,1110,57,12,20,54.1,17,45.9,614,3,26,15,699,69,70.9,78,8,5,34,2,1.12,21,20,+1,+0.05,+0.31,22.8,17.6,+5.2,+0.27,+0.33,0,17,0,0,0,129,23,63.9
861,Mauricio Roldán,ar ARG,"MF,FW",Banfield,20-240,2005,2,0,42,0.5,0,0,0,0,0,0,0,0,0.0,0.0,0.0,0.0,0,1,2,0.00,0.00,0.00,0.00,0.00,0.00,0.00,0.00,0.00,0.00,Matches,0,0,,0.00,0.00,,,,0,,0.0,0.0,7,7,100.0,115,17,2,2,100.0,5,5,100.0,0,0,,0.0,0.0,0,1,0,0,6,1,0,0,0,0,0,0,0,0,0,0,0,0.00,0,0,0,0,0,0,0.00,0,0,0,0,0,0,0,0,0,0,0,,0,0,0,0,0,0,9,0,0,0,0.0,1,100.0,6,0,0,0,6,21,1.7,,0,2,21,4,0.00,0,2,-2,-4.29,-3.98,0.2,1.3,-1.1,-2.46,-2.20,0,1,0,0,0,3,0,0.0
542,Mauro Luna Diale,ar ARG,"MF,FW",Platense,26-165,1999,4,1,155,1.7,0,0,0,0,0,0,0,0,0.2,0.2,0.2,0.4,6,10,15,0.00,0.00,0.00,0.00,0.00,0.14,0.11,0.26,0.14,0.26,Matches,2,0,0.0,1.16,0.00,0.00,,16.5,0,0.12,-0.2,-0.2,48,70,68.6,708,227,25,29,86.2,15,19,78.9,3,11,27.3,0.2,-0.2,5,6,2,1,61,8,0,1,13,1,4,2,2,0,1,4,10,5.81,7,1,0,2,0,0,0.00,0,0,0,0,0,1,1,0,1,0,0,0.0,1,4,0,1,6,0,96,6,6,2,33.3,4,66.7,53,1,4,5,56,39,6.6,80,0,3,25,0,1.00,2,2,0,0.00,+0.12,1.9,1.3,+0.7,+0.39,+0.48,0,2,0,0,0,14,3,75.0
607,Mauro Méndez,uy URU,"FW,MF",Banfield,26-264,1999,10,9,770,8.6,3,0,3,3,0,0,1,0,2.8,2.8,0.3,3.1,8,10,41,0.35,0.00,0.35,0.35,0.35,0.32,0.04,0.36,0.32,0.36,Matches,22,7,31.8,2.57,0.82,0.14,0.43,14.6,0,0.13,+0.2,+0.2,122,156,78.2,2035,232,64,72,88.9,41,51,80.4,13,16,81.3,0.1,-0.3,6,4,1,0,136,20,0,3,9,1,0,0,0,0,0,3,13,1.52,6,0,1,1,0,1,0.12,0,0,0,0,0,8,4,3,5,0,4,57.1,3,4,1,9,5,0,267,7,32,4,36.4,7,63.6,158,3,32,17,176,77,31.7,82,4,1,31,0,1.30,8,12,-4,-0.47,-0.14,8.6,11.0,-2.4,-0.28,+0.03,0,13,0,0,0,25,7,24.1
733,Mauro Peinipil,ar ARG,DF,Ind. Rivadavia,26-188,1999,12,7,676,7.5,1,0,1,1,0,0,1,0,0.5,0.5,0.1,0.6,6,16,26,0.13,0.00,0.13,0.13,0.13,0.07,0.01,0.08,0.07,0.08,Matches,3,2,66.7,0.40,0.27,0.33,0.50,9.9,0,0.17,+0.5,+0.5,225,291,77.3,3476,1539,119,130,91.5,90,115,78.3,11,30,36.7,0.3,-0.1,1,11,2,1,213,77,0,0,11,74,0,0,0,0,1,9,6,0.80,3,2,0,0,0,1,0.13,1,0,0,0,0,12,9,9,2,1,9,64.3,5,3,8,20,28,2,363,30,9,3,42.9,4,57.1,121,2,3,0,155,56,27.8,90,7,5,9,6,1.50,10,6,+4,+0.53,+0.69,8.9,10.8,-1.9,-0.25,+0.05,0,3,0,0,0,21,6,24.0
771,Mauro Pittón,ar ARG,MF,Unión,31-061,1994,24,22,1822,20.2,2,0,2,2,0,0,4,0,1.4,1.4,0.3,1.7,13,89,49,0.10,0.00,0.10,0.10,0.10,0.07,0.02,0.09,0.07,0.09,Matches,20,6,30.0,0.99,0.30,0.10,0.33,23.2,0,0.07,+0.6,+0.6,697,880,79.2,12089,3326,286,344,83.1,329,391,84.1,57,82,69.5,0.9,-0.3,7,71,8,3,844,30,0,2,17,3,0,0,0,0,6,19,40,1.98,29,0,1,6,1,0,0.00,0,0,0,0,0,45,28,18,24,3,22,55.0,18,22,26,71,49,0,1116,57,19,14,60.9,9,39.1,476,0,28,16,590,76,75.0,80,14,2,29,3,1.17,21,20,+1,+0.05,+0.35,21.1,21.4,-0.3,-0.01,-0.75,0,24,0,0,1,113,49,59.8
,Mauro Smarra Vargas,,,,,,,,,,,,,,,,,,,,,,,,,,,,,,,,,,,,,,,,,,,,,,,,,,,,,,,,,,,,,,,,,,,,,,,,,,,,,,,,,,,,,,,,,,,,,,,,,,,,,,,,,,,,,,,,,,,,,,,,,,0,0,,6,,,,,,,,,,,,,,,,,,,
420,Maxi González,ar ARG,MF,Defensa y Just,21-157,2004,8,3,351,3.9,0,0,0,0,0,0,0,0,0.0,0.0,0.2,0.3,1,9,3,0.00,0.00,0.00,0.00,0.00,0.00,0.06,0.06,0.00,0.06,Matches,1,0,0.0,0.26,0.00,0.00,,13.4,0,0.02,0.0,0.0,109,142,76.8,2025,597,40,45,88.9,56,72,77.8,11,17,64.7,0.2,-0.2,3,10,0,0,133,9,0,1,0,0,0,0,0,0,0,6,5,1.21,4,0,0,1,0,0,0.00,0,0,0,0,0,12,10,6,6,0,6,85.7,1,5,6,18,18,0,190,16,3,3,75.0,1,25.0,68,0,3,4,97,44,14.4,89,2,5,17,8,0.88,4,9,-5,-1.28,-1.41,3.2,7.5,-4.3,-1.04,-1.01,0,9,0,0,0,19,7,46.7
421,Maxi González,ar ARG,"MF,FW",Godoy Cruz,21-157,2004,4,2,165,1.8,0,0,0,0,0,0,1,0,0.1,0.1,0.1,0.2,1,10,1,0.00,0.00,0.00,0.00,0.00,0.07,0.03,0.10,0.07,0.10,Matches,1,0,0.0,0.26,0.00,0.00,,13.4,0,0.02,0.0,0.0,109,142,76.8,2025,597,40,45,88.9,56,72,77.8,11,17,64.7,0.2,-0.2,3,10,0,0,133,9,0,1,0,0,0,0,0,0,0,6,5,1.21,4,0,0,1,0,0,0.00,0,0,0,0,0,12,10,6,6,0,6,85.7,1,5,6,18,18,0,190,16,3,3,75.0,1,25.0,68,0,3,4,97,44,14.4,89,2,5,17,8,0.88,4,9,-5,-1.28,-1.41,3.2,7.5,-4.3,-1.04,-1.01,0,9,0,0,0,19,7,46.7
484,Maximilano Juambeltz,uy URU,FW,Ind. Rivadavia,23-121,2002,1,0,24,0.3,0,0,0,0,0,0,0,0,0.0,0.0,0.0,0.0,0,0,1,0.00,0.00,0.00,0.00,0.00,0.00,0.00,0.00,0.00,0.00,Matches,0,0,,0.00,0.00,,,,0,,0.0,0.0,5,6,83.3,90,3,2,2,100.0,3,4,75.0,0,0,,0.1,0.0,0,0,0,0,4,2,0,0,0,0,0,0,0,0,0,0,0,0.00,0,0,0,0,0,0,0.00,0,0,0,0,0,0,0,0,0,0,0,,0,0,0,0,1,0,9,2,2,0,,0,,4,0,1,0,4,24,1.0,,0,1,24,3,0.00,0,2,-2,-7.50,-7.61,0.0,1.6,-1.6,-5.84,-5.61,0,0,0,0,0,0,0,
190,Maximiliano Casa,ar ARG,MF,San Martín de San Juan,32-232,1993,2,1,53,0.6,0,0,0,0,0,0,0,0,0.0,0.0,0.1,0.1,0,0,3,0.00,0.00,0.00,0.00,0.00,0.00,0.11,0.11,0.00,0.11,Matches,0,0,,0.00,0.00,,,,0,,0.0,0.0,2,7,28.6,50,11,1,3,33.3,0,1,0.0,1,2,50.0,0.0,-0.1,1,0,1,1,7,0,0,0,4,0,0,0,0,0,0,1,1,1.70,1,0,0,0,0,0,0.00,0,0,0,0,0,0,0,0,0,0,0,,0,0,1,1,0,0,10,0,0,0,,0,,8,0,2,1,6,27,2.2,45,0,1,8,3,0.00,0,1,-1,-1.70,-1.13,0.2,1.2,-1.0,-1.77,-1.50,0,0,0,0,0,1,0,0.0
532,Maximiliano Lovera,ar ARG,"MF,FW",Rosario Central,26-213,1999,11,5,413,4.6,0,1,1,0,0,0,0,0,0.3,0.3,0.8,1.1,17,14,22,0.00,0.22,0.22,0.00,0.22,0.06,0.18,0.25,0.06,0.25,Matches,8,4,50.0,1.74,0.87,0.00,0.00,29.9,2,0.04,-0.3,-0.3,129,184,70.1,2239,544,69,80,86.3,35,53,66.0,20,39,51.3,0.5,+0.2,6,14,3,2,158,24,0,1,26,1,18,3,14,0,2,2,11,2.40,6,3,2,0,0,1,0.22,0,1,0,0,0,8,3,3,4,1,2,66.7,1,2,2,10,6,1,251,1,4,12,48.0,13,52.0,134,3,18,13,168,38,17.6,63,1,6,16,11,2.27,3,1,+2,+0.44,-0.40,4.3,3.8,+0.5,+0.12,-0.43,0,5,0,0,0,19,1,33.3
618,Maximiliano Meza,ar ARG,"MF,FW",River Plate,32-297,1992,11,7,700,7.8,0,1,1,0,0,0,4,0,1.0,1.0,0.8,1.8,29,85,31,0.00,0.13,0.13,0.00,0.13,0.13,0.10,0.23,0.13,0.23,Matches,17,4,23.5,2.19,0.51,0.00,0.00,23.0,2,0.06,-1.0,-1.0,381,485,78.6,6936,2231,168,196,85.7,156,185,84.3,45,80,56.3,0.5,+0.2,13,70,8,0,459,25,1,4,19,9,7,0,6,0,1,9,45,5.79,35,3,2,2,0,3,0.39,1,0,0,1,0,24,16,11,10,3,12,66.7,6,12,1,25,3,0,588,4,9,13,54.2,10,41.7,359,1,14,8,423,64,28.8,80,4,4,34,0,2.08,8,4,+4,+0.51,-0.27,13.4,6.8,+6.6,+0.84,+0.57,0,14,0,0,0,35,22,61.1
777,Maximiliano Porcel,ar ARG,MF,Vélez Sarsfield,19-279,2006,8,2,248,2.8,0,0,0,0,0,0,0,0,0.1,0.1,0.2,0.3,12,21,9,0.00,0.00,0.00,0.00,0.00,0.03,0.06,0.09,0.03,0.09,Matches,3,1,33.3,1.09,0.36,0.00,0.00,28.1,1,0.03,-0.1,-0.1,89,121,73.6,1601,427,39,44,88.6,40,49,81.6,9,23,39.1,0.1,-0.2,4,21,3,0,104,16,1,1,15,0,10,6,3,0,1,1,8,2.90,8,0,0,0,0,0,0.00,0,0,0,0,0,6,2,3,3,0,3,50.0,3,1,0,6,1,0,156,1,2,2,25.0,6,75.0,102,0,5,10,114,31,10.2,55,0,6,23,6,0.88,3,3,0,0.00,+0.25,3.6,2.5,+1.0,+0.37,+0.51,0,3,0,0,0,13,1,50.0
778,Maximiliano Porcel,ar ARG,"FW,MF",Godoy Cruz,19-279,2006,3,0,90,1.0,0,0,0,0,0,0,0,0,0.0,0.0,0.1,0.1,3,6,6,0.00,0.00,0.00,0.00,0.00,0.00,0.12,0.12,0.00,0.12,Matches,3,1,33.3,1.09,0.36,0.00,0.00,28.1,1,0.03,-0.1,-0.1,89,121,73.6,1601,427,39,44,88.6,40,49,81.6,9,23,39.1,0.1,-0.2,4,21,3,0,104,16,1,1,15,0,10,6,3,0,1,1,8,2.90,8,0,0,0,0,0,0.00,0,0,0,0,0,6,2,3,3,0,3,50.0,3,1,0,6,1,0,156,1,2,2,25.0,6,75.0,102,0,5,10,114,31,10.2,55,0,6,23,6,0.88,3,3,0,0.00,+0.25,3.6,2.5,+1.0,+0.37,+0.51,0,3,0,0,0,13,1,50.0
791,Maximiliano Puig,ar ARG,"FW,MF",Barracas Central,25-020,2000,2,0,24,0.3,0,0,0,0,0,0,0,0,0.1,0.1,0.0,0.1,0,0,1,0.00,0.00,0.00,0.00,0.00,0.43,0.00,0.43,0.43,0.43,Matches,1,0,0.0,3.75,0.00,0.00,,16.9,0,0.11,-0.1,-0.1,9,9,100.0,106,15,6,6,100.0,2,2,100.0,0,0,,0.0,0.0,0,0,0,0,9,0,0,0,0,0,0,0,0,0,0,0,0,0.00,0,0,0,0,0,0,0.00,0,0,0,0,0,2,2,0,0,2,2,100.0,0,0,1,3,0,0,13,0,1,1,100.0,0,0.0,7,0,1,0,5,12,1.0,,0,2,12,23,1.50,0,1,-1,-3.75,-3.94,0.1,0.3,-0.2,-0.63,-0.71,0,0,0,0,0,3,0,0.0
850,Maximiliano Rodríguez,cl CHI,"FW,MF",Platense,25-130,2000,9,1,260,2.9,1,0,1,1,0,0,0,0,1.4,1.4,0.4,1.8,5,7,40,0.35,0.00,0.35,0.35,0.35,0.41,0.11,0.52,0.41,0.52,Matches,13,6,46.2,4.50,2.08,0.08,0.17,15.0,0,0.08,-0.4,-0.4,37,63,58.7,628,94,14,27,51.9,17,22,77.3,3,5,60.0,0.5,-0.4,4,1,3,0,60,3,0,1,3,1,0,0,0,0,0,3,10,2.94,7,0,0,2,0,1,0.29,0,0,0,1,0,2,0,0,1,1,0,0.0,2,1,0,2,3,0,115,3,25,2,28.6,5,71.4,64,1,18,5,86,29,11.1,66,0,8,24,6,0.89,5,4,+1,+0.35,+0.52,4.9,4.0,+0.9,+0.26,+0.36,0,3,0,0,0,7,7,20.0
869,Maximiliano Romero,ar ARG,"MF,FW",Arg Juniors,26-272,1999,2,0,34,0.4,0,0,0,0,0,0,0,0,0.1,0.1,0.0,0.1,0,1,4,0.00,0.00,0.00,0.00,0.00,0.16,0.05,0.21,0.16,0.21,Matches,2,1,50.0,5.29,2.65,0.00,0.00,11.7,0,0.03,-0.1,-0.1,5,7,71.4,59,21,4,5,80.0,1,2,50.0,0,0,,0.0,0.0,1,1,0,0,7,0,0,0,0,0,0,0,0,0,0,0,2,5.29,1,0,0,1,0,0,0.00,0,0,0,0,0,0,0,0,0,0,0,,0,0,0,0,0,0,12,0,4,0,,0,,7,0,2,0,10,17,1.4,,0,2,17,0,0.67,0,1,-1,-2.65,-3.40,0.2,0.4,-0.2,-0.54,-0.95,0,0,0,0,0,1,4,100.0
882,Maximiliano Salas,ar ARG,"MF,FW",Racing Club,27-311,1997,16,12,1017,11.3,1,3,4,1,0,0,4,0,1.9,1.9,1.7,3.6,37,31,94,0.09,0.27,0.35,0.09,0.35,0.16,0.15,0.31,0.16,0.31,Matches,28,8,28.6,2.48,0.71,0.04,0.13,16.8,1,0.07,-0.9,-0.9,157,261,60.2,2726,668,76,102,74.5,57,91,62.6,17,41,41.5,1.7,+1.3,14,14,13,4,249,10,2,5,35,5,2,1,0,0,2,12,31,2.75,20,0,5,3,0,6,0.53,3,0,2,0,0,18,12,7,6,5,8,88.9,1,9,1,19,14,0,405,14,56,20,64.5,10,32.3,223,14,34,11,285,64,41.9,76,3,4,26,0,1.65,15,12,+3,+0.27,-0.05,13.6,12.9,+0.7,+0.07,+0.15,0,21,0,0,0,36,13,30.2
883,Maximiliano Salas,ar ARG,FW,River Plate,27-311,1997,7,6,477,5.3,2,2,4,2,0,0,2,1,1.5,1.5,0.2,1.7,15,14,53,0.38,0.38,0.75,0.38,0.75,0.29,0.03,0.33,0.29,0.33,Matches,28,8,28.6,2.48,0.71,0.04,0.13,16.8,1,0.07,-0.9,-0.9,157,261,60.2,2726,668,76,102,74.5,57,91,62.6,17,41,41.5,1.7,+1.3,14,14,13,4,249,10,2,5,35,5,2,1,0,0,2,12,31,2.75,20,0,5,3,0,6,0.53,3,0,2,0,0,18,12,7,6,5,8,88.9,1,9,1,19,14,0,405,14,56,20,64.5,10,32.3,223,14,34,11,285,64,41.9,76,3,4,26,0,1.65,15,12,+3,+0.27,-0.05,13.6,12.9,+0.7,+0.07,+0.15,0,21,0,0,0,36,13,30.2
,Maximiliano Velazco,,,,,,,,,,,,,,,,,,,,,,,,,,,,,,,,,,,,,,,,,,,,,,,,,,,,,,,,,,,,,,,,,,,,,,,,,,,,,,,,,,,,,,,,,,,,,,,,,,,,,,,,,,,,,,,,,,,,,,,,,,0,0,,17,,,,,,,,,,,,,,,,,,,
1003,Maximiliano Villa,uy URU,DF,Atlé Tucumán,28-219,1997,7,3,329,3.7,0,0,0,0,0,0,0,0,0.0,0.0,0.1,0.1,2,16,28,0.00,0.00,0.00,0.00,0.00,0.01,0.03,0.04,0.01,0.04,Matches,1,1,100.0,0.27,0.27,0.00,0.00,19.9,0,0.04,0.0,0.0,134,186,72.0,2127,1068,72,85,84.7,41,54,75.9,13,28,46.4,0.5,-0.1,2,10,7,4,155,30,0,2,14,29,0,0,0,0,1,6,5,1.37,4,0,0,0,0,0,0.00,0,0,0,0,0,7,6,3,4,0,4,57.1,3,4,7,14,11,0,227,6,1,3,30.0,7,70.0,110,0,5,1,125,47,13.5,77,0,4,24,4,0.71,0,6,-6,-1.64,-1.81,4.0,6.2,-2.2,-0.60,-0.51,0,2,0,0,0,16,1,50.0
1023,Maximiliano Zalazar,ar ARG,"FW,MF",Tigre,24-214,2001,4,1,133,1.5,0,0,0,0,0,0,0,0,0.3,0.3,0.0,0.3,4,1,12,0.00,0.00,0.00,0.00,0.00,0.23,0.00,0.23,0.23,0.23,Matches,6,1,16.7,4.06,0.68,0.00,0.00,25.4,0,0.06,-0.3,-0.3,20,31,64.5,329,94,11,13,84.6,5,8,62.5,3,8,37.5,0.1,0.0,0,1,1,0,30,1,0,0,4,1,0,0,0,0,0,1,4,2.71,2,0,1,0,0,1,0.68,0,0,0,0,0,3,1,3,0,0,0,0.0,2,3,1,4,0,0,54,0,5,5,71.4,2,28.6,28,1,4,0,32,33,5.5,56,0,3,26,3,1.50,1,1,0,0.00,-0.31,2.3,1.7,+0.7,+0.45,+0.16,0,4,0,0,0,6,0,0.0
1024,Maximiliano Zalazar,ar ARG,"FW,MF",Gimnasia–LP,24-214,2001,4,2,108,1.2,0,0,0,0,0,0,1,0,0.0,0.0,0.1,0.1,3,1,10,0.00,0.00,0.00,0.00,0.00,0.04,0.06,0.10,0.04,0.10,Matches,6,1,16.7,4.06,0.68,0.00,0.00,25.4,0,0.06,-0.3,-0.3,20,31,64.5,329,94,11,13,84.6,5,8,62.5,3,8,37.5,0.1,0.0,0,1,1,0,30,1,0,0,4,1,0,0,0,0,0,1,4,2.71,2,0,1,0,0,1,0.68,0,0,0,0,0,3,1,3,0,0,0,0.0,2,3,1,4,0,0,54,0,5,5,71.4,2,28.6,28,1,4,0,32,33,5.5,56,0,3,26,3,1.50,1,1,0,0.00,-0.31,2.3,1.7,+0.7,+0.45,+0.16,0,4,0,0,0,6,0,0.0
898,Michael Santos,uy URU,FW,Vélez Sarsfield,32-209,1993,16,6,570,6.3,0,0,0,0,0,1,0,0,2.0,1.2,0.0,1.2,7,3,60,0.00,0.00,0.00,0.00,0.00,0.31,0.01,0.32,0.19,0.19,Matches,13,4,30.8,2.05,0.63,0.00,0.00,16.1,2,0.09,-2.0,-1.2,57,119,47.9,740,96,38,64,59.4,17,38,44.7,0,5,0.0,0.2,0.0,1,3,2,1,103,15,0,0,12,0,0,0,0,0,1,3,7,1.10,3,0,1,1,0,0,0.00,0,0,0,0,0,3,2,1,1,1,0,0.0,7,5,1,4,3,0,184,6,40,3,42.9,4,57.1,89,4,23,10,136,36,23.5,65,1,10,18,5,0.81,1,9,-8,-1.26,-1.36,5.5,6.4,-0.9,-0.14,-0.07,0,7,0,0,0,7,21,41.2
83,Miguel Barbieri,ar ARG,DF,Deportivo Riestra,32-045,1993,6,5,408,4.5,0,0,0,0,0,0,1,0,0.8,0.8,0.0,0.8,0,6,1,0.00,0.00,0.00,0.00,0.00,0.18,0.00,0.18,0.18,0.18,Matches,4,1,25.0,0.88,0.22,0.00,0.00,9.6,0,0.20,-0.8,-0.8,49,89,55.1,1080,600,14,16,87.5,19,29,65.5,13,38,34.2,0.0,0.0,0,6,1,0,80,9,0,0,0,2,0,0,0,0,0,0,1,0.22,0,0,0,1,0,0,0.00,0,0,0,0,0,6,3,3,3,0,4,66.7,2,3,9,15,48,0,170,34,5,1,100.0,0,0.0,28,0,0,1,27,68,16.8,81,2,1,1,2,2.67,8,3,+5,+1.10,+0.70,5.4,2.6,+2.8,+0.62,+0.88,0,6,0,0,0,15,21,77.8
122,Miguel Borja,co COL,FW,River Plate,32-255,1993,26,13,1456,16.2,7,1,8,6,1,2,5,0,10.2,8.6,1.7,10.2,18,29,107,0.43,0.06,0.49,0.37,0.43,0.63,0.10,0.73,0.53,0.63,Matches,44,23,52.3,2.72,1.42,0.14,0.26,14.0,0,0.20,-3.2,-2.6,199,324,61.4,2994,713,114,160,71.3,57,99,57.6,15,22,68.2,0.7,-0.7,19,13,12,4,300,23,0,3,9,1,0,0,0,0,1,14,41,2.53,33,0,3,1,0,4,0.25,4,0,0,0,0,13,6,2,6,5,7,77.8,2,12,2,15,18,0,530,18,93,6,33.3,12,66.7,255,12,55,17,375,56,59.9,82,9,13,30,1,1.79,17,10,+7,+0.43,-0.68,22.9,11.7,+11.1,+0.69,+0.62,0,21,0,0,0,23,47,37.0
142,Miguel Brizuela,ar ARG,DF,Atlé Tucumán,28-276,1997,26,20,1891,21.0,2,0,2,2,0,0,7,0,1.1,1.1,0.4,1.5,9,61,24,0.10,0.00,0.10,0.10,0.10,0.05,0.02,0.07,0.05,0.07,Matches,19,3,15.8,0.90,0.14,0.11,0.67,17.1,0,0.06,+0.9,+0.9,636,865,73.5,11969,5852,222,262,84.7,345,423,81.6,61,145,42.1,0.3,-0.4,11,49,3,3,732,129,0,2,16,98,0,0,0,0,4,13,16,0.76,10,2,0,0,1,0,0.00,0,0,0,0,0,33,16,21,11,1,20,66.7,10,7,21,54,117,0,1118,117,33,3,42.9,4,57.1,460,3,14,9,545,73,77.8,85,17,6,31,0,1.08,19,30,-11,-0.52,-2.03,23.1,28.7,-5.5,-0.26,-0.48,0,26,0,1,0,82,74,52.5
611,Miguel Merentiel,uy URU,FW,Boca Juniors,29-226,1996,27,17,1502,16.7,8,3,11,8,0,0,1,0,6.3,6.3,3.3,9.6,38,44,98,0.48,0.18,0.66,0.48,0.66,0.38,0.19,0.57,0.38,0.57,Matches,33,16,48.5,1.98,0.96,0.24,0.50,15.9,0,0.19,+1.7,+1.7,283,385,73.5,4535,910,156,191,81.7,83,115,72.2,27,43,62.8,2.5,-0.3,23,25,15,2,364,17,8,7,13,2,2,0,1,0,4,12,45,2.69,33,0,7,1,0,6,0.36,3,0,2,0,0,8,6,2,5,1,3,42.9,4,7,2,10,9,1,528,4,62,18,45.0,22,55.0,317,17,26,23,400,56,61.8,77,6,10,19,0,1.76,25,10,+15,+0.90,+0.12,20.5,14.7,+5.8,+0.35,-0.22,0,16,0,0,0,47,1,11.1
673,Miguel Navarro,ve VEN,DF,Talleres,26-224,1999,19,19,1515,16.8,0,0,0,0,0,0,8,3,0.4,0.4,1.3,1.7,19,71,78,0.00,0.00,0.00,0.00,0.00,0.02,0.08,0.10,0.02,0.10,Matches,9,3,33.3,0.53,0.18,0.00,0.00,25.3,0,0.04,-0.4,-0.4,695,844,82.3,12473,4646,286,318,89.9,344,396,86.9,59,93,63.4,1.2,-1.3,22,55,13,10,696,146,1,0,42,126,3,2,0,0,2,22,44,2.61,38,4,0,1,0,2,0.12,1,1,0,0,0,19,13,13,6,0,10,76.9,3,5,13,32,75,0,1010,55,14,5,50.0,5,50.0,413,0,10,3,565,80,62.3,80,10,0,,3,0.89,9,15,-6,-0.36,-0.16,19.3,13.4,+5.8,+0.35,+0.18,2,15,0,0,0,51,17,60.7
43,Mikel Amondarain,ar ARG,MF,Estudiantes–LP,20-275,2005,6,5,371,4.1,0,0,0,0,0,0,0,0,0.2,0.2,0.7,0.9,8,16,8,0.00,0.00,0.00,0.00,0.00,0.04,0.17,0.22,0.04,0.22,Matches,5,0,0.0,1.21,0.00,0.00,,21.2,0,0.04,-0.2,-0.2,202,242,83.5,3111,895,121,137,88.3,62,75,82.7,15,20,75.0,0.3,-0.7,4,20,1,0,239,3,1,0,1,2,0,0,0,0,0,3,9,2.18,9,0,0,0,0,0,0.00,0,0,0,0,0,11,4,3,7,1,6,60.0,4,4,6,17,6,0,295,6,5,3,60.0,2,40.0,188,1,15,7,211,62,15.3,72,1,1,9,5,1.50,5,7,-2,-0.49,-0.53,4.9,3.1,+1.8,+0.43,+0.36,0,9,0,0,0,26,7,58.3
191,Milton Casco,ar ARG,DF,River Plate,37-180,1988,13,8,889,9.9,0,2,2,0,0,0,1,0,0.1,0.1,0.6,0.7,19,44,25,0.00,0.20,0.20,0.00,0.20,0.01,0.06,0.07,0.01,0.07,Matches,3,1,33.3,0.30,0.10,0.00,0.00,19.0,0,0.05,-0.1,-0.1,435,557,78.1,7506,2859,213,232,91.8,185,228,81.1,34,70,48.6,0.4,+1.4,10,44,7,2,466,89,1,3,13,84,0,0,0,0,2,19,18,1.82,16,0,1,0,0,3,0.30,3,0,0,0,0,17,12,6,10,1,10,55.6,8,4,8,25,33,0,649,26,10,1,25.0,2,50.0,319,4,14,3,375,68,36.6,90,8,5,34,14,1.85,19,9,+10,+1.01,+0.49,13.1,10.8,+2.3,+0.23,-0.33,0,9,0,0,0,53,15,44.1
206,Milton Céliz,ar ARG,MF,Deportivo Riestra,33-075,1992,24,23,2063,22.9,3,0,3,3,0,1,11,0,2.4,1.5,0.7,2.2,19,87,43,0.13,0.00,0.13,0.13,0.13,0.10,0.03,0.14,0.06,0.10,Matches,27,8,29.6,1.18,0.35,0.11,0.38,20.2,0,0.06,+0.6,+1.5,340,617,55.1,5214,2623,192,283,67.8,116,204,56.9,21,65,32.3,2.1,-0.7,6,59,13,3,601,11,4,1,22,3,2,0,1,0,5,36,29,1.27,17,0,3,2,2,2,0.09,1,0,0,0,0,56,39,24,26,6,26,38.2,42,29,26,82,51,0,971,56,44,15,34.9,28,65.1,339,2,57,37,370,86,84.9,89,18,1,25,0,1.68,23,11,+12,+0.52,+0.03,20.7,24.5,-3.8,-0.17,-0.35,0,50,0,1,0,123,53,44.2
264,Milton Delgado,ar ARG,MF,Boca Juniors,20-114,2005,14,11,957,10.6,0,1,1,0,0,0,2,0,0.1,0.1,0.0,0.2,12,62,8,0.00,0.09,0.09,0.00,0.09,0.01,0.00,0.02,0.01,0.02,Matches,1,0,0.0,0.09,0.00,0.00,,13.8,0,0.15,-0.1,-0.1,521,588,88.6,9820,2680,189,204,92.6,269,286,94.1,54,76,71.1,0.3,+1.0,2,49,2,0,572,13,1,5,0,1,0,0,0,0,3,10,8,0.75,8,0,0,0,0,3,0.28,3,0,0,0,0,28,19,6,20,2,12,52.2,11,8,19,47,11,2,688,10,1,8,61.5,5,38.5,335,0,20,20,462,68,39.4,85,8,3,7,3,1.75,19,9,+10,+0.94,+0.15,12.8,9.0,+3.8,+0.35,-0.13,0,13,0,0,0,80,11,52.4
386,Milton Giménez,ar ARG,FW,Boca Juniors,29-057,1996,19,12,1128,12.5,7,2,9,7,0,0,4,0,5.1,5.1,1.7,6.9,16,12,70,0.56,0.16,0.72,0.56,0.72,0.41,0.14,0.55,0.41,0.55,Matches,33,13,39.4,2.63,1.04,0.21,0.54,13.1,0,0.16,+1.9,+1.9,132,183,72.1,2147,373,73,97,75.3,39,53,73.6,15,20,75.0,0.8,+0.3,11,8,2,0,169,14,2,4,3,1,0,0,0,0,0,5,32,2.55,16,0,4,3,1,9,0.72,2,0,1,1,0,11,9,2,4,5,3,30.0,7,12,4,15,15,0,335,18,70,7,35.0,13,65.0,163,9,37,19,231,59,46.4,81,7,7,22,3,1.81,24,12,+12,+0.96,+0.20,19.8,11.4,+8.3,+0.67,+0.43,0,25,0,0,0,27,31,31.6
,Milton Ríos,,,,,,,,,,,,,,,,,,,,,,,,,,,,,,,,,,,,,,,,,,,,,,,,,,,,,,,,,,,,,,,,,,,,,,,,,,,,,,,,,,,,,,,,,,,,,,,,,,,,,,,,,,,,,,,,,,,,,,,,,,0,0,,4,,,,,,,,,,,,,,,,,,,
981,Milton Valenzuela,ar ARG,DF,Independiente,27-056,1998,3,0,71,0.8,0,0,0,0,0,0,1,0,0.0,0.0,0.0,0.0,1,4,4,0.00,0.00,0.00,0.00,0.00,0.00,0.00,0.00,0.00,0.00,Matches,0,0,,0.00,0.00,,,,0,,0.0,0.0,26,45,57.8,377,115,15,20,75.0,11,18,61.1,0,4,0.0,0.0,0.0,0,2,0,0,33,12,0,0,2,11,0,0,0,0,0,2,1,1.27,0,1,0,0,0,0,0.00,0,0,0,0,0,5,4,2,0,3,2,50.0,2,0,0,5,5,0,55,2,1,0,,0,,16,1,1,1,21,24,3.0,,0,3,24,6,0.67,0,0,0,0.00,-0.28,0.7,0.5,+0.2,+0.30,+0.28,0,2,0,0,0,2,0,0.0
,Milton Vasconcelo,,,,,,,,,,,,,,,,,,,,,,,,,,,,,,,,,,,,,,,,,,,,,,,,,,,,,,,,,,,,,,,,,,,,,,,,,,,,,,,,,,,,,,,,,,,,,,,,,,,,,,,,,,,,,,,,,,,,,,,,,,0,0,,1,,,,,,,,,,,,,,,,,,,
,Misael Aguirre,,,,,,,,,,,,,,,,,,,,,,,,,,,,,,,,,,,,,,,,,,,,,,,,,,,,,,,,,,,,,,,,,,,,,,,,,,,,,,,,,,,,,,,,,,,,,,,,,,,,,,,,,,,,,,,,,,,,,,,,,,0,0,,1,,,,,,,,,,,,,,,,,,,
933,Misael Sosa,ar ARG,"FW,MF",Godoy Cruz,23-253,2002,6,1,181,2.0,0,0,0,0,0,0,1,0,0.2,0.2,0.2,0.3,4,1,14,0.00,0.00,0.00,0.00,0.00,0.08,0.09,0.17,0.08,0.17,Matches,4,1,25.0,1.99,0.50,0.00,0.00,20.4,0,0.04,-0.2,-0.2,28,47,59.6,525,144,14,18,77.8,10,14,71.4,4,15,26.7,0.1,-0.2,4,1,3,2,39,8,0,1,16,1,5,2,2,0,0,1,7,3.48,3,0,2,0,2,0,0.00,0,0,0,0,0,6,6,2,4,0,2,50.0,2,3,0,6,1,0,81,1,6,6,50.0,6,50.0,41,1,6,11,50,30,7.4,45,0,5,27,2,0.50,1,2,-1,-0.50,+0.06,1.8,3.1,-1.4,-0.68,-0.34,0,3,0,0,0,5,1,50.0
134,Moisés Brandán,ar ARG,DF,Atlé Tucumán,25-242,2000,6,3,310,3.4,0,0,0,0,0,0,0,0,0.0,0.0,0.0,0.0,2,10,9,0.00,0.00,0.00,0.00,0.00,0.00,0.00,0.00,0.00,0.00,Matches,0,0,,0.00,0.00,,,,0,,0.0,0.0,75,127,59.1,1377,630,28,38,73.7,39,60,65.0,7,22,31.8,0.0,0.0,0,7,0,0,88,38,0,1,3,36,0,0,0,0,1,5,2,0.58,2,0,0,0,0,0,0.00,0,0,0,0,0,7,6,1,5,1,4,50.0,4,6,3,10,13,1,164,6,4,0,0.0,1,100.0,44,1,0,2,56,52,12.8,68,0,3,35,5,1.00,3,6,-3,-0.87,-0.91,4.5,6.7,-2.2,-0.63,-0.54,0,5,0,0,0,13,3,42.9
,Máximiliano Zelaya,,,,,,,,,,,,,,,,,,,,,,,,,,,,,,,,,,,,,,,,,,,,,,,,,,,,,,,,,,,,,,,,,,,,,,,,,,,,,,,,,,,,,,,,,,,,,,,,,,,,,,,,,,,,,,,,,,,,,,,,,,0,0,,16,,,,,,,,,,,,,,,,,,,
269,Máximo Desábato,ar ARG,DF,Estudiantes–LP,20-124,2005,1,1,90,1.0,0,0,0,0,0,0,0,0,0.1,0.1,0.0,0.1,0,0,0,0.00,0.00,0.00,0.00,0.00,0.07,0.00,0.07,0.07,0.07,Matches,1,1,100.0,1.00,1.00,0.00,0.00,10.1,0,0.07,-0.1,-0.1,36,41,87.8,593,168,16,17,94.1,16,18,88.9,2,4,50.0,0.0,0.0,0,1,0,0,41,0,0,0,0,0,0,0,0,0,0,0,0,0.00,0,0,0,0,0,0,0.00,0,0,0,0,0,0,0,0,0,0,0,,0,0,0,0,4,0,50,4,2,0,0.0,1,100.0,32,0,0,0,37,90,3.7,90,1,0,,2,3.00,1,0,+1,+1.00,+1.08,0.6,1.0,-0.5,-0.45,-0.60,0,0,0,0,0,1,3,100.0
,Máximo Oses,,,,,,,,,,,,,,,,,,,,,,,,,,,,,,,,,,,,,,,,,,,,,,,,,,,,,,,,,,,,,,,,,,,,,,,,,,,,,,,,,,,,,,,,,,,,,,,,,,,,,,,,,,,,,,,,,,,,,,,,,,0,0,,2,,,,,,,,,,,,,,,,,,,
81,Nahuel Banegas,ar ARG,DF,Tigre,29-002,1996,14,14,1205,13.4,0,1,1,0,0,0,5,0,1.0,1.0,1.8,2.8,26,67,84,0.00,0.07,0.07,0.00,0.07,0.08,0.14,0.21,0.08,0.21,Matches,17,6,35.3,1.27,0.45,0.00,0.00,17.4,0,0.06,-1.0,-1.0,419,615,68.1,7857,3534,170,202,84.2,187,257,72.8,55,130,42.3,1.3,-0.8,13,52,19,11,462,153,1,3,68,137,6,0,6,0,0,14,33,2.46,21,5,1,2,0,1,0.07,1,0,0,0,0,33,24,22,8,3,20,71.4,8,17,15,48,45,0,799,34,26,14,46.7,16,53.3,333,6,28,12,385,86,49.6,86,12,0,,0,1.64,15,10,+5,+0.37,+0.15,16.6,13.6,+3.0,+0.22,-0.16,0,19,0,0,0,50,21,65.6
94,Nahuel Barrios,ar ARG,"MF,FW",Barracas Central,27-154,1998,17,9,700,7.8,0,0,0,0,0,0,0,0,0.3,0.3,0.5,0.8,33,50,34,0.00,0.00,0.00,0.00,0.00,0.04,0.06,0.10,0.04,0.10,Matches,9,4,44.4,1.16,0.51,0.00,0.00,21.5,0,0.03,-0.3,-0.3,236,306,77.1,3732,1145,122,145,84.1,83,105,79.0,21,29,72.4,0.9,-0.5,9,37,11,1,288,13,0,2,14,6,1,0,1,0,5,10,27,3.48,22,1,1,2,1,2,0.26,1,0,0,1,0,8,4,3,1,4,3,37.5,5,3,5,13,2,0,401,4,11,22,40.7,31,57.4,257,6,21,14,301,41,28.8,54,0,8,27,10,1.28,9,10,-1,-0.13,-0.39,8.7,6.6,+2.1,+0.27,+0.28,0,5,0,0,0,35,2,33.3
153,Nahuel Bustos,ar ARG,"FW,MF",Talleres,27-096,1998,21,11,940,10.4,1,0,1,1,0,1,3,0,3.9,3.1,0.5,3.6,8,18,45,0.10,0.00,0.10,0.10,0.10,0.37,0.05,0.42,0.29,0.34,Matches,29,11,37.9,2.78,1.05,0.03,0.09,21.0,3,0.11,-2.9,-2.1,123,175,70.3,2110,494,54,71,76.1,48,62,77.4,15,24,62.5,0.5,-0.5,11,8,7,0,147,27,0,2,10,4,4,2,1,0,1,5,25,2.40,15,3,1,1,1,1,0.10,0,0,0,0,0,4,1,1,1,2,2,33.3,4,9,1,5,10,0,288,10,40,2,22.2,7,77.8,131,6,33,17,186,45,38.7,61,0,10,27,5,0.81,7,8,-1,-0.10,+0.33,13.1,7.5,+5.6,+0.54,+0.43,0,13,0,0,0,26,7,38.9
,Nahuel González,,,,,,,,,,,,,,,,,,,,,,,,,,,,,,,,,,,,,,,,,,,,,,,,,,,,,,,,,,,,,,,,,,,,,,,,,,,,,,,,,,,,,,,,,,,,,,,,,,,,,,,,,,,,,,,,,,,,,,,,,,0,0,,4,,,,,,,,,,,,,,,,,,,
529,Nahuel Losada,ar ARG,GK,Lanús,32-174,1993,26,26,2295,25.5,0,0,0,0,0,0,0,0,0.0,0.0,0.1,0.1,0,2,0,0.00,0.00,0.00,0.00,0.00,0.00,0.00,0.00,0.00,0.00,Matches,0,0,,0.00,0.00,,,,0,,0.0,0.0,551,772,71.4,16016,12285,83,84,98.8,271,277,97.8,196,406,48.3,0.1,-0.1,3,12,0,0,594,177,0,2,0,0,0,0,0,0,1,3,9,0.35,8,1,0,0,0,1,0.04,1,0,0,0,0,2,1,1,1,0,2,66.7,1,1,0,2,13,3,838,688,0,1,100.0,0,0.0,437,0,0,0,358,88,94.4,88,25,0,,0,1.48,23,17,+6,+0.24,+1.57,27.3,27.0,+0.4,+0.01,-0.78,0,1,0,1,0,26,10,90.9
,Nahuel Manganelli,,,,,,,,,,,,,,,,,,,,,,,,,,,,,,,,,,,,,,,,,,,,,,,,,,,,,,,,,,,,,,,,,,,,,,,,,,,,,,,,,,,,,,,,,,,,,,,,,,,,,,,,,,,,,,,,,,,,,,,,,,0,0,,27,,,,,,,,,,,,,,,,,,,
440,Natanael Guzmán,ar ARG,"MF,FW",Aldosivi,26-058,1999,12,6,451,5.0,0,1,1,0,0,0,0,0,0.3,0.3,0.9,1.2,16,14,33,0.00,0.20,0.20,0.00,0.20,0.06,0.18,0.24,0.06,0.24,Matches,7,2,28.6,1.40,0.40,0.00,0.00,24.4,1,0.04,-0.3,-0.3,74,112,66.1,1017,317,43,57,75.4,18,28,64.3,5,14,35.7,0.2,+0.1,5,10,2,1,106,6,0,0,15,2,3,1,1,0,0,6,12,2.39,6,2,2,1,0,1,0.20,1,0,0,0,0,6,4,2,4,0,2,28.6,5,8,2,8,7,0,188,3,10,5,21.7,18,78.3,106,4,15,9,114,38,18.6,59,0,6,16,12,0.58,3,11,-8,-1.60,-1.01,4.5,6.9,-2.4,-0.48,-0.01,0,1,0,0,0,24,5,71.4
220,Nazareno Colombo,ar ARG,DF,Racing Club,26-202,1999,20,16,1520,16.9,1,1,2,1,0,0,5,0,0.7,0.7,0.6,1.3,25,63,9,0.06,0.06,0.12,0.06,0.12,0.04,0.03,0.08,0.04,0.08,Matches,12,3,25.0,0.71,0.18,0.08,0.33,21.3,0,0.06,+0.3,+0.3,651,837,77.8,14393,5130,179,203,88.2,348,395,88.1,118,217,54.4,0.4,+0.4,1,56,2,0,794,41,1,14,5,5,0,0,0,0,2,12,12,0.71,12,0,0,0,0,1,0.06,1,0,0,0,0,29,21,19,9,1,14,46.7,16,10,32,61,96,0,1044,97,15,6,60.0,4,40.0,522,1,9,2,624,76,62.6,89,15,4,23,6,1.14,23,20,+3,+0.18,-0.32,20.3,20.3,0.0,0.00,+0.07,0,18,0,0,0,59,38,49.4
,Nazareno Durán,,,,,,,,,,,,,,,,,,,,,,,,,,,,,,,,,,,,,,,,,,,,,,,,,,,,,,,,,,,,,,,,,,,,,,,,,,,,,,,,,,,,,,,,,,,,,,,,,,,,,,,,,,,,,,,,,,,,,,,,,,0,0,,3,,,,,,,,,,,,,,,,,,,
345,Nazareno Funez,ar ARG,FW,Cen. Córdoba–SdE,24-128,2001,9,3,311,3.5,0,1,1,0,0,0,0,0,1.3,1.3,1.9,3.2,5,4,23,0.00,0.29,0.29,0.00,0.29,0.38,0.55,0.93,0.38,0.93,Matches,13,4,30.8,3.76,1.16,0.00,0.00,11.5,0,0.10,-1.3,-1.3,53,77,68.8,647,80,35,48,72.9,14,21,66.7,0,1,0.0,1.0,-0.9,9,4,1,0,67,9,0,0,2,0,0,0,0,0,1,1,10,2.89,7,0,0,2,0,3,0.87,1,0,0,2,0,3,2,0,2,1,2,66.7,1,1,0,3,9,0,137,9,25,1,20.0,4,80.0,76,1,15,10,96,35,12.8,57,0,6,23,4,0.78,4,7,-3,-0.87,-1.08,6.3,5.1,+1.3,+0.36,+0.28,0,2,1,0,0,9,16,34.8
346,Nazareno Funez,ar ARG,"FW,DF",Newell's OB,24-128,2001,7,2,233,2.6,0,0,0,0,0,0,0,0,0.7,0.7,0.3,1.0,1,2,12,0.00,0.00,0.00,0.00,0.00,0.28,0.10,0.38,0.28,0.38,Matches,13,4,30.8,3.76,1.16,0.00,0.00,11.5,0,0.10,-1.3,-1.3,53,77,68.8,647,80,35,48,72.9,14,21,66.7,0,1,0.0,1.0,-0.9,9,4,1,0,67,9,0,0,2,0,0,0,0,0,1,1,10,2.89,7,0,0,2,0,3,0.87,1,0,0,2,0,3,2,0,2,1,2,66.7,1,1,0,3,9,0,137,9,25,1,20.0,4,80.0,76,1,15,10,96,35,12.8,57,0,6,23,4,0.78,4,7,-3,-0.87,-1.08,6.3,5.1,+1.3,+0.36,+0.28,0,2,1,0,0,9,16,34.8
,Nehuen Montoya,,,,,,,,,,,,,,,,,,,,,,,,,,,,,,,,,,,,,,,,,,,,,,,,,,,,,,,,,,,,,,,,,,,,,,,,,,,,,,,,,,,,,,,,,,,,,,,,,,,,,,,,,,,,,,,,,,,,,,,,,,0,0,,1,,,,,,,,,,,,,,,,,,,
730,Nehuén Paz,ar ARG,DF,Tigre,32-163,1993,16,16,1440,16.0,2,0,2,2,0,0,2,0,1.0,1.0,0.3,1.3,5,45,3,0.12,0.00,0.12,0.12,0.12,0.06,0.02,0.08,0.06,0.08,Matches,15,3,20.0,0.94,0.19,0.13,0.67,12.5,0,0.07,+1.0,+1.0,488,654,74.6,11431,5037,127,154,82.5,243,278,87.4,111,205,54.1,0.2,-0.3,2,45,4,0,606,44,0,1,4,4,0,0,0,0,4,3,13,0.81,6,2,0,0,0,2,0.12,1,0,0,0,0,13,8,8,5,0,7,77.8,2,5,14,27,116,1,840,121,18,1,50.0,1,50.0,387,0,2,2,450,90,59.3,90,16,0,,0,1.59,18,12,+6,+0.37,+0.19,19.3,15.0,+4.3,+0.27,-0.10,0,6,0,0,0,36,59,72.8
731,Nehuén Paz,ar ARG,DF,Huracán,32-163,1993,6,6,540,6.0,0,0,0,0,0,0,0,0,0.5,0.5,0.1,0.6,1,5,1,0.00,0.00,0.00,0.00,0.00,0.08,0.02,0.11,0.08,0.11,Matches,15,3,20.0,0.94,0.19,0.13,0.67,12.5,0,0.07,+1.0,+1.0,488,654,74.6,11431,5037,127,154,82.5,243,278,87.4,111,205,54.1,0.2,-0.3,2,45,4,0,606,44,0,1,4,4,0,0,0,0,4,3,13,0.81,6,2,0,0,0,2,0.12,1,0,0,0,0,13,8,8,5,0,7,77.8,2,5,14,27,116,1,840,121,18,1,50.0,1,50.0,387,0,2,2,450,90,59.3,90,16,0,,0,1.59,18,12,+6,+0.37,+0.19,19.3,15.0,+4.3,+0.27,-0.10,0,6,0,0,0,36,59,72.8
470,Nelson Insfrán,ar ARG,GK,Gimnasia–LP,30-137,1995,24,24,2160,24.0,0,0,0,0,0,0,3,0,0.0,0.0,0.2,0.2,0,0,1,0.00,0.00,0.00,0.00,0.00,0.00,0.01,0.01,0.00,0.01,Matches,0,0,,0.00,0.00,,,,0,,0.0,0.0,423,688,61.5,14866,11851,35,36,97.2,195,197,99.0,192,454,42.3,0.1,-0.2,1,23,1,0,441,247,0,3,0,0,0,0,0,0,0,0,4,0.17,4,0,0,0,0,0,0.00,0,0,0,0,0,0,0,0,0,0,0,,0,0,0,0,11,2,732,606,0,0,,0,,386,0,1,0,239,90,88.9,90,24,0,,3,1.21,16,23,-7,-0.29,+2.04,20.9,28.8,-7.8,-0.33,+0.36,0,0,0,0,0,22,5,100.0
286,Nery Domínguez,ar ARG,"MF,DF",San Lorenzo,35-182,1990,11,1,229,2.5,0,0,0,0,0,0,1,0,0.0,0.0,0.0,0.0,0,8,2,0.00,0.00,0.00,0.00,0.00,0.00,0.00,0.00,0.00,0.00,Matches,0,0,,0.00,0.00,,,,0,,0.0,0.0,76,118,64.4,1547,693,22,30,73.3,42,57,73.7,12,29,41.4,0.1,0.0,0,5,1,0,104,14,0,0,2,0,0,0,0,0,0,0,1,0.39,1,0,0,0,0,0,0.00,0,0,0,0,0,6,6,2,4,0,4,66.7,2,4,3,9,19,0,155,17,4,0,,0,,55,0,2,1,64,21,9.4,90,1,10,14,8,2.00,5,1,+4,+1.57,+1.53,2.5,1.4,+1.1,+0.42,+0.21,0,3,0,0,0,14,9,90.0
106,Nicolás Benegas,ar ARG,FW,Deportivo Riestra,29-221,1996,26,12,1173,13.0,2,2,4,2,0,0,6,0,2.8,2.8,2.3,5.1,17,43,76,0.15,0.15,0.31,0.15,0.31,0.22,0.18,0.39,0.22,0.39,Matches,26,3,11.5,1.99,0.23,0.08,0.67,17.2,0,0.11,-0.8,-0.8,179,330,54.2,2969,1024,89,151,58.9,67,112,59.8,17,34,50.0,2.6,-0.3,20,26,20,1,320,8,5,4,14,0,0,0,0,0,2,14,38,2.91,28,0,4,2,1,7,0.54,5,0,1,0,0,13,7,1,9,3,5,50.0,5,10,2,15,15,0,540,16,57,20,41.7,26,54.2,274,6,65,30,364,45,48.3,68,0,14,25,1,1.63,10,7,+3,+0.23,-0.56,9.5,14.2,-4.7,-0.36,-0.48,0,54,0,0,0,46,51,39.5
114,Nicolás Blandi,ar ARG,MF,Barracas Central,35-268,1990,1,0,6,0.1,0,0,0,0,0,0,0,0,0.0,0.0,0.0,0.0,0,0,1,0.00,0.00,0.00,0.00,0.00,0.00,0.00,0.00,0.00,0.00,Matches,0,0,,0.00,0.00,,,,0,,0.0,0.0,0,1,0.0,0,0,0,1,0.0,0,0,,0,0,,0.0,0.0,0,0,0,0,1,0,0,0,0,0,0,0,0,0,0,0,0,0.00,0,0,0,0,0,0,0.00,0,0,0,0,0,0,0,0,0,0,0,,0,0,0,0,0,0,1,0,1,0,,0,,0,0,0,0,1,6,0.2,,0,1,6,14,0.00,0,0,0,0.00,-0.15,0.1,0.0,+0.1,+1.41,+1.34,0,0,0,0,0,0,0,0.0
173,Nicolás Capraro,ar ARG,DF,Barracas Central,27-219,1998,5,2,134,1.5,0,0,0,0,0,0,0,0,0.1,0.1,0.0,0.1,0,0,0,0.00,0.00,0.00,0.00,0.00,0.06,0.00,0.06,0.06,0.06,Matches,1,0,0.0,0.67,0.00,0.00,,10.6,0,0.10,-0.1,-0.1,14,24,58.3,317,225,3,5,60.0,9,9,100.0,2,8,25.0,0.0,0.0,0,0,0,0,16,8,0,0,0,7,0,0,0,0,0,2,0,0.00,0,0,0,0,0,0,0.00,0,0,0,0,0,2,2,2,0,0,0,0.0,2,0,6,8,3,0,35,5,1,0,,0,,9,0,0,0,6,27,5.5,66,0,3,1,22,1.60,1,3,-2,-1.34,-1.58,1.9,2.1,-0.2,-0.13,-0.22,0,0,0,0,0,4,0,0.0
184,Nicolás Caro,ar ARG,DF,Deportivo Riestra,30-157,1995,10,9,827,9.2,0,0,0,0,0,0,1,0,0.0,0.0,0.1,0.1,0,9,0,0.00,0.00,0.00,0.00,0.00,0.00,0.01,0.01,0.00,0.01,Matches,0,0,,0.00,0.00,,,,0,,0.0,0.0,82,129,63.6,1815,1191,26,34,76.5,32,47,68.1,21,42,50.0,0.4,-0.1,2,14,2,1,114,15,1,2,1,0,0,0,0,0,0,0,5,0.54,5,0,0,0,0,0,0.00,0,0,0,0,0,7,6,5,2,0,5,62.5,3,2,7,14,67,0,227,59,10,1,50.0,1,50.0,52,0,1,0,51,83,34.0,86,8,1,53,12,1.20,8,3,+5,+0.54,+0.04,7.3,8.3,-1.0,-0.11,0.00,0,9,0,0,0,21,21,43.8
200,Nicolás Castro,ar ARG,MF,Atlé Tucumán,35-054,1990,4,3,257,2.9,1,0,1,1,0,0,1,0,0.3,0.3,0.0,0.3,1,9,7,0.35,0.00,0.35,0.35,0.35,0.11,0.01,0.12,0.11,0.12,Matches,6,1,16.7,2.10,0.35,0.17,1.00,24.2,1,0.05,+0.7,+0.7,62,92,67.4,1013,459,33,40,82.5,16,26,61.5,9,18,50.0,0.3,0.0,1,11,1,1,81,10,0,0,11,0,2,1,1,0,1,3,7,2.46,4,1,0,1,0,2,0.70,2,0,0,0,0,15,8,5,9,1,7,58.3,5,0,0,15,4,0,130,5,2,2,40.0,3,60.0,57,0,2,4,72,64,10.6,76,0,1,30,9,1.00,3,4,-1,-0.35,-0.31,2.2,3.2,-1.0,-0.35,-0.22,0,3,0,0,0,12,4,57.1
,Nicolás Cláa,,,,,,,,,,,,,,,,,,,,,,,,,,,,,,,,,,,,,,,,,,,,,,,,,,,,,,,,,,,,,,,,,,,,,,,,,,,,,,,,,,,,,,,,,,,,,,,,,,,,,,,,,,,,,,,,,,,,,,,,,,0,0,,1,,,,,,,,,,,,,,,,,,,
217,Nicolás Colazo,ar ARG,"MF,DF",Banfield,35-092,1990,3,0,39,0.4,0,0,0,0,0,0,0,0,0.0,0.0,0.5,0.5,1,3,3,0.00,0.00,0.00,0.00,0.00,0.00,1.17,1.17,0.00,1.17,Matches,0,0,,0.00,0.00,,,,0,,0.0,0.0,23,28,82.1,367,200,12,14,85.7,9,11,81.8,2,2,100.0,0.3,-0.5,4,1,3,2,24,4,0,0,5,2,1,0,1,0,0,1,5,11.54,4,1,0,0,0,0,0.00,0,0,0,0,0,2,1,0,2,0,0,,0,0,0,2,2,0,35,2,0,0,,0,,18,0,1,0,21,13,1.6,,0,3,13,6,2.00,0,0,0,0.00,+0.38,0.9,0.7,+0.2,+0.36,+0.67,0,0,0,0,0,1,0,0.0
228,Nicolás Cordero,ar ARG,FW,Arg Juniors,26-180,1999,1,0,15,0.2,0,0,0,0,0,0,0,0,0.0,0.0,0.0,0.0,0,0,2,0.00,0.00,0.00,0.00,0.00,0.00,0.00,0.00,0.00,0.00,Matches,0,0,,0.00,0.00,,,,0,,0.0,0.0,1,1,100.0,25,0,0,0,,1,1,100.0,0,0,,0.0,0.0,0,0,0,0,1,0,0,0,0,0,0,0,0,0,0,0,0,0.00,0,0,0,0,0,0,0.00,0,0,0,0,0,1,1,1,0,0,0,,0,1,0,1,0,0,5,0,1,0,,0,,3,0,2,0,4,15,0.6,,0,1,15,2,1.00,0,0,0,0.00,-0.71,0.0,0.1,-0.1,-0.51,-0.92,0,1,0,0,0,0,1,100.0
229,Nicolás Cordero,ar ARG,FW,Instituto,26-180,1999,12,11,738,8.2,0,0,0,0,0,0,1,0,2.8,2.8,0.5,3.3,3,6,42,0.00,0.00,0.00,0.00,0.00,0.35,0.06,0.41,0.35,0.41,Matches,0,0,,0.00,0.00,,,,0,,0.0,0.0,1,1,100.0,25,0,0,0,,1,1,100.0,0,0,,0.0,0.0,0,0,0,0,1,0,0,0,0,0,0,0,0,0,0,0,0,0.00,0,0,0,0,0,0,0.00,0,0,0,0,0,1,1,1,0,0,0,,0,1,0,1,0,0,5,0,1,0,,0,,3,0,2,0,4,15,0.6,,0,1,15,2,1.00,0,0,0,0.00,-0.71,0.0,0.1,-0.1,-0.51,-0.92,0,1,0,0,0,0,1,100.0
266,Nicolás Demartini,ar ARG,DF,Barracas Central,25-338,1999,22,21,1925,21.4,0,0,0,0,0,0,8,0,0.0,0.0,0.1,0.1,9,45,6,0.00,0.00,0.00,0.00,0.00,0.00,0.00,0.01,0.00,0.01,Matches,2,1,50.0,0.09,0.05,0.00,0.00,25.0,0,0.02,0.0,0.0,528,746,70.8,9718,5524,201,232,86.6,266,349,76.2,52,135,38.5,0.2,-0.1,4,49,0,0,613,131,0,0,4,116,0,0,0,0,2,12,10,0.47,6,3,0,0,1,0,0.00,0,0,0,0,0,48,25,30,15,3,25,64.1,14,15,41,89,115,1,1000,96,6,1,11.1,8,88.9,387,1,12,4,440,88,79.2,90,20,1,45,5,1.50,26,23,+3,+0.14,-0.04,21.3,21.2,+0.1,+0.01,-0.31,0,33,0,0,0,60,29,63.0
322,Nicolás Fernández,ar ARG,"FW,MF",Belgrano,29-242,1996,27,23,1939,21.5,9,1,10,9,0,0,3,0,6.5,6.5,1.8,8.3,20,36,118,0.42,0.05,0.46,0.42,0.46,0.30,0.08,0.39,0.30,0.39,Matches,62,24,38.7,2.88,1.11,0.15,0.38,19.4,2,0.10,+2.5,+2.5,333,464,71.8,5074,1079,183,239,76.6,114,146,78.1,19,33,57.6,1.8,-0.8,22,22,11,2,431,32,0,3,20,8,1,1,0,0,1,18,48,2.23,34,1,5,2,0,2,0.09,1,0,0,1,0,17,12,5,9,3,8,53.3,7,5,4,21,9,0,665,10,71,17,53.1,15,46.9,372,9,47,19,469,72,79.8,80,8,4,27,0,1.15,19,19,0,0.00,+1.47,19.3,19.7,-0.4,-0.02,+0.54,0,30,1,0,0,49,26,36.1
342,Nicolás Freire,ar ARG,DF,Independiente,31-232,1994,6,6,540,6.0,1,0,1,1,0,0,2,0,0.2,0.2,0.0,0.2,5,21,2,0.17,0.00,0.17,0.17,0.17,0.03,0.00,0.03,0.03,0.03,Matches,3,2,66.7,0.50,0.33,0.33,0.50,12.3,0,0.06,+0.8,+0.8,294,345,85.2,5832,2512,101,105,96.2,149,167,89.2,37,62,59.7,0.0,0.0,1,10,1,0,331,11,0,1,0,0,0,0,0,0,3,0,1,0.17,1,0,0,0,0,0,0.00,0,0,0,0,0,4,1,2,2,0,2,50.0,2,2,7,11,38,0,413,37,3,0,,0,,250,0,4,1,280,90,23.1,90,6,0,,4,0.50,3,6,-3,-0.50,-1.00,5.4,5.8,-0.4,-0.07,-0.13,0,7,0,0,0,10,19,67.9
362,Nicolás Garayalde,ar ARG,MF,Gimnasia–LP,26-079,1999,18,12,937,10.4,1,0,1,1,0,0,7,0,0.8,0.8,0.2,1.0,6,64,8,0.10,0.00,0.10,0.10,0.10,0.08,0.02,0.10,0.08,0.10,Matches,13,4,30.8,1.25,0.38,0.08,0.25,18.7,0,0.06,+0.2,+0.2,380,465,81.7,6805,2245,150,177,84.7,197,215,91.6,28,49,57.1,0.6,-0.2,3,57,5,1,454,8,1,1,6,3,0,0,0,0,3,12,13,1.25,9,0,0,1,1,1,0.10,1,0,0,0,0,47,27,27,19,1,25,55.6,20,20,16,63,32,0,623,31,12,3,75.0,1,25.0,287,0,10,5,357,52,38.6,68,1,6,21,3,1.17,7,13,-6,-0.58,-0.09,9.6,13.6,-4.0,-0.39,-0.03,0,27,0,0,0,50,15,57.7
493,Nicolás Laméndola,ar ARG,MF,Atlé Tucumán,26-300,1998,21,11,895,9.9,3,3,6,3,0,0,6,0,1.7,1.7,1.9,3.6,31,31,64,0.30,0.30,0.60,0.30,0.60,0.17,0.19,0.36,0.17,0.36,Matches,12,6,50.0,1.21,0.60,0.25,0.50,16.4,0,0.14,+1.3,+1.3,226,339,66.7,3769,1525,114,140,81.4,79,108,73.1,24,54,44.4,2.2,+1.1,23,20,13,7,315,22,0,0,59,6,10,7,3,0,2,20,38,3.82,25,5,2,2,3,5,0.50,3,0,1,1,0,38,25,19,14,5,16,59.3,11,10,6,44,11,0,514,10,33,18,36.7,29,59.2,266,5,30,13,302,43,36.8,64,0,10,19,5,1.33,19,9,+10,+1.01,+1.71,13.6,11.3,+2.3,+0.23,+0.62,0,20,1,0,0,47,11,50.0
612,Nicolás Meriano,ar ARG,DF,Banfield,24-333,2000,4,4,352,3.9,0,0,0,0,0,0,0,0,0.1,0.1,0.0,0.1,1,9,0,0.00,0.00,0.00,0.00,0.00,0.04,0.00,0.04,0.04,0.04,Matches,3,0,0.0,0.77,0.00,0.00,,14.0,0,0.05,-0.1,-0.1,76,119,63.9,2030,919,13,21,61.9,34,42,81.0,29,52,55.8,0.0,0.0,0,11,0,0,113,6,0,2,1,0,0,0,0,0,0,3,0,0.00,0,0,0,0,0,0,0.00,0,0,0,0,0,9,6,5,4,0,5,71.4,2,2,8,17,32,1,177,19,3,0,0.0,1,100.0,81,0,2,3,79,88,14.5,88,3,0,,0,1.00,1,4,-3,-0.77,-0.46,2.9,4.5,-1.6,-0.41,-0.12,0,4,0,1,0,16,14,63.6
613,Nicolás Meriano,ar ARG,DF,Belgrano,24-333,2000,12,7,504,5.6,0,0,0,0,0,0,2,0,0.0,0.0,0.0,0.0,2,17,1,0.00,0.00,0.00,0.00,0.00,0.01,0.00,0.01,0.01,0.01,Matches,3,0,0.0,0.77,0.00,0.00,,14.0,0,0.05,-0.1,-0.1,76,119,63.9,2030,919,13,21,61.9,34,42,81.0,29,52,55.8,0.0,0.0,0,11,0,0,113,6,0,2,1,0,0,0,0,0,0,3,0,0.00,0,0,0,0,0,0,0.00,0,0,0,0,0,9,6,5,4,0,5,71.4,2,2,8,17,32,1,177,19,3,0,0.0,1,100.0,81,0,2,3,79,88,14.5,88,3,0,,0,1.00,1,4,-3,-0.77,-0.46,2.9,4.5,-1.6,-0.41,-0.12,0,4,0,1,0,16,14,63.6
656,Nicolás Morgantini,ar ARG,DF,Lanús,31-027,1994,5,4,381,4.2,0,0,0,0,0,0,1,0,0.0,0.0,0.0,0.0,5,20,16,0.00,0.00,0.00,0.00,0.00,0.01,0.00,0.01,0.01,0.01,Matches,1,1,100.0,0.24,0.24,0.00,0.00,30.4,0,0.03,0.0,0.0,155,215,72.1,2685,1421,64,79,81.0,75,99,75.8,10,23,43.5,0.1,0.0,0,25,1,0,166,49,0,1,7,47,0,0,0,0,0,5,4,0.94,3,0,0,0,0,0,0.00,0,0,0,0,0,7,5,7,0,0,4,66.7,2,4,5,12,19,0,262,20,4,1,33.3,2,66.7,101,0,4,1,131,76,15.7,90,4,1,21,6,2.60,5,3,+2,+0.47,+0.38,3.8,4.9,-1.1,-0.26,-0.38,0,5,0,0,0,19,3,42.9
689,Nicolás Omar Goitea,ar ARG,DF,Huracán,28-119,1997,5,2,274,3.0,0,0,0,0,0,0,0,0,0.0,0.0,0.0,0.0,0,4,1,0.00,0.00,0.00,0.00,0.00,0.00,0.00,0.00,0.00,0.00,Matches,0,0,,0.00,0.00,,,,0,,0.0,0.0,81,113,71.7,1516,584,25,32,78.1,49,60,81.7,6,20,30.0,0.0,0.0,0,5,0,0,111,2,0,0,0,0,0,0,0,0,0,1,1,0.33,1,0,0,0,0,0,0.00,0,0,0,0,0,6,3,5,1,0,1,100.0,0,0,0,6,10,1,136,13,0,0,,0,,43,0,3,0,71,55,11.3,75,1,3,42,20,1.33,0,3,-3,-0.99,-1.32,1.7,2.7,-1.1,-0.36,-0.67,0,3,0,0,0,12,7,58.3
698,Nicolás Orsini,ar ARG,FW,Platense,31-026,1994,12,5,500,5.6,0,1,1,0,0,0,3,0,1.5,1.5,0.7,2.2,5,11,32,0.00,0.18,0.18,0.00,0.18,0.27,0.12,0.40,0.27,0.40,Matches,13,3,23.1,2.34,0.54,0.00,0.00,13.9,0,0.12,-1.5,-1.5,65,101,64.4,860,175,38,50,76.0,23,33,69.7,0,2,0.0,0.5,+0.3,3,7,1,0,94,7,0,0,2,0,0,0,0,0,0,5,10,1.80,6,0,1,1,0,1,0.18,1,0,0,0,0,3,3,2,0,1,1,100.0,0,0,1,4,3,0,147,5,17,1,33.3,2,66.7,82,1,12,7,112,42,21.4,65,0,7,25,0,1.81,4,3,+1,+0.18,+0.38,5.4,6.0,-0.5,-0.10,-0.06,0,11,0,0,0,19,23,50.0
,Nicolás Ortíz,,,,,,,,,,,,,,,,,,,,,,,,,,,,,,,,,,,,,,,,,,,,,,,,,,,,,,,,,,,,,,,,,,,,,,,,,,,,,,,,,,,,,,,,,,,,,,,,,,,,,,,,,,,,,,,,,,,,,,,,,,0,0,,1,,,,,,,,,,,,,,,,,,,
695,Nicolás Oróz,ar ARG,MF,Arg Juniors,31-190,1994,27,27,1965,21.8,2,2,4,2,0,0,3,0,2.1,2.1,2.9,5.0,24,130,56,0.09,0.09,0.18,0.09,0.18,0.10,0.13,0.23,0.10,0.23,Matches,21,6,28.6,0.96,0.27,0.10,0.33,21.1,3,0.10,-0.1,-0.1,1012,1228,82.4,19920,5497,372,409,91.0,460,517,89.0,157,236,66.5,3.0,-0.9,40,119,23,8,1103,121,0,17,91,8,59,15,35,0,4,21,84,3.85,56,22,3,0,1,3,0.14,2,0,0,0,0,37,19,14,21,2,19,46.3,22,17,16,53,19,1,1425,23,32,25,53.2,22,46.8,743,5,34,24,926,73,80.9,73,2,0,,0,1.79,32,10,+22,+1.01,+1.59,25.9,17.3,+8.6,+0.39,-0.05,0,21,0,0,0,134,13,44.8
719,Nicolás Palavecino,ar ARG,MF,Unión,22-193,2003,5,0,118,1.3,0,0,0,0,0,0,1,0,0.9,0.9,0.1,0.9,7,6,12,0.00,0.00,0.00,0.00,0.00,0.66,0.05,0.70,0.66,0.70,Matches,7,1,14.3,5.34,0.76,0.00,0.00,23.1,1,0.12,-0.9,-0.9,47,59,79.7,842,255,22,27,81.5,20,24,83.3,4,5,80.0,0.2,-0.1,2,4,1,0,53,6,0,1,3,0,3,1,1,0,0,2,6,4.62,3,2,0,0,1,0,0.00,0,0,0,0,0,2,1,0,2,0,1,50.0,1,1,2,4,2,0,81,3,4,0,0.0,2,100.0,48,0,3,1,53,24,4.9,,0,5,24,3,0.60,0,2,-2,-1.53,-1.56,1.8,1.9,-0.1,-0.11,-0.30,0,6,0,0,0,5,1,100.0
720,Nicolás Palavecino,ar ARG,"MF,FW",Defensa y Just,22-193,2003,4,1,107,1.2,0,0,0,0,0,0,0,0,0.0,0.0,0.0,0.1,3,4,5,0.00,0.00,0.00,0.00,0.00,0.04,0.01,0.05,0.04,0.05,Matches,7,1,14.3,5.34,0.76,0.00,0.00,23.1,1,0.12,-0.9,-0.9,47,59,79.7,842,255,22,27,81.5,20,24,83.3,4,5,80.0,0.2,-0.1,2,4,1,0,53,6,0,1,3,0,3,1,1,0,0,2,6,4.62,3,2,0,0,1,0,0.00,0,0,0,0,0,2,1,0,2,0,1,50.0,1,1,2,4,2,0,81,3,4,0,0.0,2,100.0,48,0,3,1,53,24,4.9,,0,5,24,3,0.60,0,2,-2,-1.53,-1.56,1.8,1.9,-0.1,-0.11,-0.30,0,6,0,0,0,5,1,100.0
732,Nicolás Paz,ar ARG,DF,Unión,22-357,2002,10,7,369,4.1,0,0,0,0,0,0,1,0,0.1,0.1,0.0,0.1,5,12,3,0.00,0.00,0.00,0.00,0.00,0.02,0.00,0.02,0.02,0.02,Matches,1,0,0.0,0.24,0.00,0.00,,8.9,0,0.08,-0.1,-0.1,151,200,75.5,3422,1338,43,48,89.6,73,91,80.2,34,55,61.8,0.5,0.0,1,12,0,0,167,33,0,7,0,25,0,0,0,0,0,3,3,0.73,3,0,0,0,0,0,0.00,0,0,0,0,0,9,7,5,4,0,2,33.3,4,4,5,14,27,0,257,20,6,1,50.0,1,50.0,139,0,2,0,144,37,15.2,48,0,3,11,16,0.70,0,8,-8,-1.95,-2.26,3.0,5.2,-2.2,-0.54,-0.84,0,3,0,0,0,9,7,70.0
734,Nicolás Pelaitay,ar ARG,MF,San Martín de San Juan,32-285,1992,12,10,828,9.2,0,0,0,0,0,0,3,0,0.1,0.1,0.2,0.3,1,24,5,0.00,0.00,0.00,0.00,0.00,0.01,0.02,0.03,0.01,0.03,Matches,3,0,0.0,0.33,0.00,0.00,,28.1,0,0.05,-0.1,-0.1,167,238,70.2,2557,1020,80,107,74.8,71,93,76.3,7,21,33.3,0.1,-0.2,5,23,2,0,232,6,0,0,1,3,0,0,0,0,0,2,9,0.98,8,1,0,0,0,0,0.00,0,0,0,0,0,20,10,10,9,1,11,57.9,8,5,7,27,14,0,326,13,0,0,0.0,5,100.0,109,0,8,5,126,69,34.1,77,6,2,28,5,0.50,4,11,-7,-0.76,-0.26,9.0,12.1,-3.1,-0.33,-0.05,0,15,0,0,0,32,12,36.4
793,Nicolás Quagliata,uy URU,"MF,FW",Cen. Córdoba–SdE,26-125,1999,10,4,435,4.8,0,1,1,0,0,0,0,0,0.4,0.4,2.1,2.4,21,36,45,0.00,0.21,0.21,0.00,0.21,0.08,0.43,0.50,0.08,0.50,Matches,8,1,12.5,1.66,0.21,0.00,0.00,23.4,0,0.05,-0.4,-0.4,196,250,78.4,3472,1044,97,110,88.2,73,93,78.5,23,33,69.7,1.4,-1.1,13,25,5,1,224,24,2,5,25,5,7,4,3,0,2,4,22,4.54,12,7,1,1,0,1,0.21,1,0,0,0,0,8,4,0,5,3,3,50.0,3,7,4,12,1,0,303,3,13,6,42.9,8,57.1,201,5,13,6,201,44,17.9,69,1,6,27,6,0.80,2,5,-3,-0.62,-0.85,8.1,5.7,+2.4,+0.50,+0.46,0,1,0,0,0,32,5,71.4
897,Nicolás Sansotre,ar ARG,DF,Deportivo Riestra,32-030,1993,24,24,2104,23.4,1,3,4,1,0,0,2,0,0.6,0.6,0.8,1.4,16,54,46,0.04,0.13,0.17,0.04,0.17,0.03,0.03,0.06,0.03,0.06,Matches,12,2,16.7,0.51,0.09,0.08,0.50,18.3,0,0.05,+0.4,+0.4,293,551,53.2,5416,3076,126,175,72.0,122,220,55.5,37,119,31.1,0.8,+2.2,9,44,19,5,452,96,2,5,45,89,3,0,3,0,3,18,21,0.90,13,5,0,0,1,2,0.09,2,0,0,0,0,35,21,16,16,3,24,60.0,16,14,12,47,89,0,775,73,20,6,50.0,6,50.0,231,4,15,9,266,88,86.6,88,20,0,,0,1.64,24,12,+12,+0.51,-0.04,20.6,24.4,-3.8,-0.16,-0.37,0,12,0,0,0,76,28,54.9
943,Nicolás Stefanelli,ar ARG,"MF,DF",Defensa y Just,30-320,1994,4,0,52,0.6,0,0,0,0,0,0,0,0,0.1,0.1,0.0,0.1,0,3,6,0.00,0.00,0.00,0.00,0.00,0.11,0.00,0.11,0.11,0.11,Matches,2,0,0.0,3.46,0.00,0.00,,22.6,0,0.03,-0.1,-0.1,17,23,73.9,252,41,9,14,64.3,8,8,100.0,0,1,0.0,0.0,0.0,0,3,1,0,21,2,1,0,0,2,0,0,0,0,0,0,2,3.46,2,0,0,0,0,0,0.00,0,0,0,0,0,0,0,0,0,0,0,0.0,1,1,0,0,1,0,31,0,3,0,,0,,23,0,2,3,26,13,2.1,,0,4,13,5,1.00,1,0,+1,+1.73,+1.84,1.2,0.8,+0.4,+0.65,+0.85,0,1,0,0,0,2,0,0.0
974,Nicolás Tripichio,ar ARG,MF,San Lorenzo,29-276,1996,23,22,1885,20.9,0,0,0,0,0,0,3,0,1.1,1.1,1.0,2.1,20,68,49,0.00,0.00,0.00,0.00,0.00,0.05,0.05,0.10,0.05,0.10,Matches,18,0,0.0,0.86,0.00,0.00,,19.8,0,0.06,-1.1,-1.1,651,830,78.4,11453,3328,281,332,84.6,281,338,83.1,65,103,63.1,1.3,-1.0,11,63,10,3,759,71,0,11,20,6,0,0,0,0,0,23,29,1.39,20,2,3,1,2,1,0.05,0,0,0,1,0,59,33,18,38,3,30,55.6,24,35,22,81,25,0,1098,29,21,16,43.2,21,56.8,529,3,44,25,580,82,77.6,84,8,1,45,0,1.58,17,15,+2,+0.10,-0.40,20.7,14.3,+6.4,+0.30,+0.34,0,20,0,0,1,113,21,43.8
1025,Nicolás Zalazar,ar ARG,DF,Instituto,28-252,1997,16,14,1256,14.0,1,0,1,1,0,0,3,0,0.5,0.5,0.1,0.5,20,72,7,0.07,0.00,0.07,0.07,0.07,0.03,0.00,0.04,0.03,0.04,Matches,15,3,20.0,1.07,0.21,0.07,0.33,22.7,0,0.03,+0.5,+0.5,429,580,74.0,9453,4471,120,141,85.1,232,276,84.1,74,145,51.0,0.4,-0.1,1,71,5,0,547,28,1,11,6,4,0,0,0,0,5,7,14,1.00,12,1,0,0,1,1,0.07,1,0,0,0,0,17,8,14,3,0,10,52.6,9,9,18,35,86,0,761,67,12,3,50.0,3,50.0,377,0,6,1,418,79,51.7,88,13,2,12,9,1.06,13,16,-3,-0.21,+0.32,16.0,15.5,+0.6,+0.04,+0.17,0,17,0,0,0,44,46,70.8
1016,Nicólas Watson,ar ARG,MF,San Martín de San Juan,27-139,1998,22,17,1532,17.0,0,0,0,0,0,0,8,1,0.2,0.2,0.7,0.9,11,73,14,0.00,0.00,0.00,0.00,0.00,0.01,0.04,0.05,0.01,0.05,Matches,8,0,0.0,0.47,0.00,0.00,,29.0,0,0.02,-0.2,-0.2,544,680,80.0,9151,2941,251,287,87.5,219,258,84.9,53,90,58.9,0.6,-0.7,11,58,8,2,647,29,0,3,9,3,0,0,0,0,4,8,35,2.06,29,1,0,5,0,2,0.12,1,0,0,1,0,53,33,24,24,5,27,48.2,29,24,13,66,24,0,871,26,3,10,47.6,9,42.9,389,2,20,7,460,70,63.0,83,12,5,25,1,0.91,9,19,-10,-0.59,+0.01,13.0,18.0,-5.0,-0.30,+0.02,0,40,0,0,0,101,17,45.9
140,Norberto Briasco,am ARM,FW,Gimnasia–LP,29-221,1996,15,8,700,7.8,0,1,1,0,0,0,4,0,0.8,0.8,0.5,1.3,6,15,58,0.00,0.13,0.13,0.00,0.13,0.11,0.06,0.17,0.11,0.17,Matches,7,4,57.1,0.90,0.51,0.00,0.00,16.9,1,0.12,-0.8,-0.8,119,176,67.6,1649,396,67,91,73.6,38,48,79.2,4,12,33.3,0.4,+0.5,3,10,7,2,161,14,1,3,12,3,0,0,0,0,1,9,13,1.67,9,0,0,4,0,0,0.00,0,0,0,0,0,10,7,3,7,0,5,55.6,4,6,3,13,8,0,256,10,15,5,45.5,6,54.5,145,1,27,11,190,47,28.8,71,3,7,19,3,1.00,4,10,-6,-0.77,-0.36,5.5,10.4,-4.9,-0.63,-0.36,0,12,0,0,0,21,20,35.7
138,Néstor Breitenbruch,ar ARG,DF,Aldosivi,30-025,1995,15,15,1339,14.9,0,0,0,0,0,0,4,0,0.2,0.2,0.2,0.4,4,41,3,0.00,0.00,0.00,0.00,0.00,0.01,0.01,0.03,0.01,0.03,Matches,9,3,33.3,0.60,0.20,0.00,0.00,20.6,0,0.02,-0.2,-0.2,462,586,78.8,9868,4763,127,140,90.7,253,284,89.1,75,142,52.8,0.2,-0.2,4,40,2,1,561,24,0,4,9,1,0,0,0,0,1,7,17,1.14,16,0,0,0,0,1,0.07,1,0,0,0,0,28,13,21,7,0,14,73.7,5,14,9,37,86,0,776,100,8,5,62.5,3,37.5,375,0,4,1,410,89,55.1,89,14,0,,1,0.93,16,26,-10,-0.67,+0.24,13.9,18.1,-4.2,-0.28,+0.42,0,15,0,0,0,50,51,75.0
378,Orlando Gil,py PAR,GK,San Lorenzo,25-119,2000,27,27,2430,27.0,0,0,0,0,0,0,2,0,0.0,0.0,0.0,0.0,0,0,0,0.00,0.00,0.00,0.00,0.00,0.00,0.00,0.00,0.00,0.00,Matches,0,0,,0.00,0.00,,,,0,,0.0,0.0,390,689,56.6,13062,10865,51,51,100.0,175,178,98.3,163,456,35.7,0.1,0.0,0,21,0,0,397,289,0,0,0,0,0,0,0,0,3,0,3,0.11,3,0,0,0,0,1,0.04,1,0,0,0,0,0,0,0,0,0,0,0.0,1,0,0,0,8,2,719,615,1,0,,0,,344,0,0,0,215,90,100.0,90,27,0,,0,1.57,23,18,+5,+0.19,,26.8,20.6,+6.2,+0.23,,0,0,0,0,0,9,2,66.7
,Oscar Arias,,,,,,,,,,,,,,,,,,,,,,,,,,,,,,,,,,,,,,,,,,,,,,,,,,,,,,,,,,,,,,,,,,,,,,,,,,,,,,,,,,,,,,,,,,,,,,,,,,,,,,,,,,,,,,,,,,,,,,,,,,0,0,,12,,,,,,,,,,,,,,,,,,,
888,Oscar Salomón,ar ARG,DF,Platense,26-200,1999,25,25,2250,25.0,0,1,1,0,0,0,3,0,0.6,0.6,0.5,1.1,6,63,4,0.00,0.04,0.04,0.00,0.04,0.02,0.02,0.04,0.02,0.04,Matches,9,1,11.1,0.36,0.04,0.00,0.00,11.0,0,0.07,-0.6,-0.6,629,819,76.8,12490,4682,195,231,84.4,353,406,86.9,73,148,49.3,0.3,+0.5,4,46,3,1,770,48,0,6,1,1,0,0,0,0,1,19,11,0.44,7,0,0,1,0,1,0.04,0,0,0,0,0,72,42,40,31,1,49,89.1,6,14,45,117,188,3,1209,132,20,3,37.5,5,62.5,485,1,21,5,500,90,96.2,90,25,0,,0,1.48,23,25,-2,-0.08,+0.92,24.8,26.2,-1.4,-0.06,-0.03,0,13,0,1,0,83,61,61.0
37,Pablo Altamirano,ar ARG,MF,Newell's OB,20-251,2005,2,0,16,0.2,0,0,0,0,0,0,0,0,0.0,0.0,0.0,0.0,0,1,3,0.00,0.00,0.00,0.00,0.00,0.00,0.00,0.00,0.00,0.00,Matches,0,0,,0.00,0.00,,,,0,,0.0,0.0,9,13,69.2,118,22,6,7,85.7,3,4,75.0,0,0,,0.0,0.0,0,0,0,0,13,0,0,0,0,0,0,0,0,0,0,2,0,0.00,0,0,0,0,0,0,0.00,0,0,0,0,0,0,0,0,0,0,0,,0,0,0,0,0,0,13,0,0,0,,0,,4,0,0,0,9,8,0.7,,0,2,8,2,0.00,0,1,-1,-5.63,-5.25,0.1,1.1,-1.0,-5.88,-5.76,0,2,0,0,0,1,0,0.0
351,Pablo Galdames Millán,cl CHI,"MF,FW",Independiente,28-282,1996,19,7,777,8.6,1,2,3,1,0,0,1,0,1.4,1.4,0.7,2.0,7,54,29,0.12,0.23,0.35,0.12,0.35,0.16,0.08,0.23,0.16,0.23,Matches,8,5,62.5,0.93,0.58,0.13,0.20,23.4,3,0.17,-0.4,-0.4,298,396,75.3,5625,2051,118,143,82.5,136,168,81.0,35,64,54.7,0.8,+1.3,10,46,10,3,354,41,0,7,34,4,20,7,11,0,1,12,27,3.13,18,8,0,1,0,5,0.58,2,2,0,1,0,25,11,9,13,3,11,57.9,8,8,8,33,18,0,490,12,10,2,25.0,6,75.0,235,2,9,10,297,41,33.2,69,2,12,25,5,1.33,10,8,+2,+0.23,-0.06,10.2,10.0,+0.2,+0.03,0.00,0,14,1,0,0,30,3,25.0
481,Pablo Javier García,uy URU,MF,San Martín de San Juan,26-176,1999,3,2,153,1.7,0,0,0,0,0,0,0,0,0.1,0.1,0.0,0.1,2,8,6,0.00,0.00,0.00,0.00,0.00,0.06,0.00,0.06,0.06,0.06,Matches,2,1,50.0,1.18,0.59,0.00,0.00,19.7,0,0.05,-0.1,-0.1,45,55,81.8,734,269,26,28,92.9,10,14,71.4,5,6,83.3,0.0,0.0,0,9,0,0,54,0,0,3,0,0,0,0,0,0,1,1,5,2.94,4,0,0,1,0,0,0.00,0,0,0,0,0,3,3,1,1,1,3,60.0,2,1,1,4,1,0,77,3,3,3,60.0,2,40.0,48,0,5,7,45,51,6.3,69,0,1,15,8,1.33,1,0,+1,+0.59,+1.26,2.1,2.1,0.0,+0.03,+0.35,0,1,0,0,0,11,1,25.0
549,Pablo Magnín,ar ARG,FW,Sarmiento,35-166,1990,12,6,560,6.2,2,0,2,1,1,1,1,0,2.6,1.8,0.6,2.4,2,2,27,0.32,0.00,0.32,0.16,0.16,0.42,0.10,0.52,0.29,0.39,Matches,9,4,44.4,1.45,0.64,0.11,0.25,11.7,0,0.20,-0.6,-0.8,83,106,78.3,1215,143,51,60,85.0,27,32,84.4,4,7,57.1,0.3,-0.6,4,4,0,0,92,12,0,0,1,0,0,0,0,0,2,3,12,1.93,8,0,0,3,1,0,0.00,0,0,0,0,0,8,3,3,5,0,3,75.0,1,3,1,9,4,0,160,5,22,2,33.3,4,66.7,76,2,18,5,97,47,23.9,66,0,6,28,0,0.83,3,6,-3,-0.48,-0.08,6.9,7.6,-0.7,-0.12,+0.27,0,9,0,0,0,22,9,39.1
635,Pablo Monje,ar ARG,MF,Deportivo Riestra,28-244,1997,17,14,1147,12.7,0,4,4,0,0,0,1,0,0.2,0.2,1.8,2.0,3,37,4,0.00,0.31,0.31,0.00,0.31,0.02,0.14,0.16,0.02,0.16,Matches,2,1,50.0,0.16,0.08,0.00,0.00,22.3,1,0.10,-0.2,-0.2,186,370,50.3,3395,2015,75,120,62.5,74,147,50.3,28,75,37.3,1.0,+2.2,10,28,4,0,293,75,1,1,13,60,5,3,2,0,2,9,19,1.49,9,10,0,0,0,5,0.39,1,4,0,0,0,24,17,9,14,1,17,54.8,14,9,21,45,23,1,487,21,2,1,25.0,3,75.0,98,0,12,3,91,67,47.2,76,8,3,29,1,1.76,15,7,+8,+0.63,+0.21,11.5,12.8,-1.3,-0.10,+0.02,0,18,0,0,0,57,28,58.3
926,Pablo Solari,ar ARG,MF,River Plate,24-200,2001,1,0,17,0.2,0,0,0,0,0,0,0,0,0.0,0.0,0.0,0.0,2,0,10,0.00,0.00,0.00,0.00,0.00,0.00,0.00,0.00,0.00,0.00,Matches,0,0,,0.00,0.00,,,,0,,0.0,0.0,2,11,18.2,24,0,1,3,33.3,1,2,50.0,0,5,0.0,0.0,0.0,0,0,0,0,11,0,0,0,8,0,0,0,0,0,0,2,0,0.00,0,0,0,0,0,0,0.00,0,0,0,0,0,1,0,0,0,1,1,100.0,0,1,0,1,0,0,16,0,0,0,0.0,2,100.0,12,0,1,0,12,17,0.7,,0,1,17,0,1.00,1,0,+1,+5.29,+4.62,0.1,0.1,0.0,+0.15,-0.29,0,0,0,0,0,1,0,0.0
115,Pablo de Blasis,ar ARG,MF,Gimnasia–LP,37-246,1988,12,8,691,7.7,1,0,1,0,1,1,3,0,0.9,0.1,0.2,0.3,6,53,18,0.13,0.00,0.13,0.00,0.00,0.11,0.03,0.14,0.01,0.04,Matches,2,0,0.0,0.26,0.00,0.00,,25.6,0,0.05,+0.1,-0.1,312,408,76.5,5853,2173,139,161,86.3,118,157,75.2,46,68,67.6,0.4,-0.2,7,51,6,2,372,34,0,5,24,3,7,5,0,0,2,8,14,1.82,11,1,1,0,1,1,0.13,0,1,0,0,0,25,12,10,12,3,15,50.0,15,9,13,38,23,1,513,15,8,4,33.3,8,66.7,218,0,10,12,281,58,28.4,73,3,4,27,0,1.17,5,9,-4,-0.52,0.00,7.3,7.7,-0.4,-0.05,+0.44,0,15,0,0,0,39,12,54.5
754,Patricio Pernicone,ar ARG,DF,Vélez Sarsfield,24-096,2001,3,2,221,2.5,0,0,0,0,0,0,0,1,0.0,0.0,0.0,0.0,1,10,0,0.00,0.00,0.00,0.00,0.00,0.01,0.00,0.01,0.01,0.01,Matches,1,1,100.0,0.41,0.41,0.00,0.00,12.4,0,0.03,0.0,0.0,123,146,84.2,2485,727,22,24,91.7,91,100,91.0,10,20,50.0,0.0,0.0,0,0,0,0,141,4,0,1,0,0,0,0,0,0,1,1,1,0.41,0,0,0,1,0,0,0.00,0,0,0,0,0,3,1,2,1,0,3,75.0,1,2,2,5,9,0,171,17,1,0,0.0,1,100.0,113,0,4,0,120,74,9.1,90,2,1,41,5,0.33,0,3,-3,-1.22,-1.10,1.0,1.7,-0.8,-0.31,-0.24,0,2,0,0,0,7,7,77.8
839,Paul Riveros,py PAR,DF,Banfield,28-092,1997,6,5,479,5.3,0,0,0,0,0,0,2,0,0.0,0.0,0.0,0.0,0,9,0,0.00,0.00,0.00,0.00,0.00,0.00,0.00,0.00,0.00,0.00,Matches,0,0,,0.00,0.00,,,,0,,0.0,0.0,100,126,79.4,2141,1126,22,26,84.6,64,74,86.5,13,23,56.5,0.0,0.0,1,4,0,0,124,2,0,0,0,0,0,0,0,0,0,1,4,0.75,4,0,0,0,0,0,0.00,0,0,0,0,0,6,2,5,1,0,1,100.0,0,2,7,13,51,0,201,34,3,0,,0,,77,0,1,0,96,80,19.7,90,5,1,29,8,0.50,4,10,-6,-1.13,-0.94,4.7,10.7,-6.0,-1.13,-1.03,0,9,0,0,0,11,10,52.6
282,Paulo Díaz,cl CHI,DF,River Plate,31-044,1994,15,13,1169,13.0,0,1,1,0,0,0,3,0,0.9,0.9,0.2,1.1,3,56,1,0.00,0.08,0.08,0.00,0.08,0.07,0.02,0.09,0.07,0.09,Matches,12,3,25.0,0.92,0.23,0.00,0.00,11.8,0,0.07,-0.9,-0.9,757,863,87.7,17668,6689,163,184,88.6,421,460,91.5,172,212,81.1,0.2,+0.8,5,58,0,0,839,22,0,23,1,2,0,0,0,0,2,2,16,1.23,14,0,0,0,0,2,0.15,1,0,0,0,0,14,10,9,5,0,10,76.9,3,2,9,23,87,0,1018,118,15,2,100.0,0,0.0,592,0,6,2,661,78,48.1,85,10,2,30,5,1.94,14,7,+7,+0.54,-0.32,18.9,10.8,+8.1,+0.62,+0.35,0,7,0,0,0,74,67,69.1
687,Pedro Ojeda,ar ARG,MF,Huracán,27-337,1997,21,7,844,9.4,1,2,3,1,0,0,3,0,0.6,0.6,1.4,2.1,11,49,8,0.11,0.21,0.32,0.11,0.32,0.07,0.15,0.22,0.07,0.22,Matches,4,2,50.0,0.43,0.21,0.25,0.50,14.3,0,0.16,+0.4,+0.4,361,451,80.0,6479,2311,150,180,83.3,169,200,84.5,34,50,68.0,1.0,+0.6,6,37,4,1,430,19,2,4,9,5,0,0,0,0,2,9,14,1.49,13,0,0,0,1,3,0.32,2,0,0,0,1,18,9,7,11,0,10,55.6,8,10,18,36,15,0,563,18,6,4,36.4,7,63.6,254,0,19,5,308,40,34.7,84,5,14,18,6,2.04,11,4,+7,+0.75,+0.86,12.5,9.8,+2.7,+0.29,+0.07,0,9,0,0,0,50,13,30.2
,Pedro Paillalef,,,,,,,,,,,,,,,,,,,,,,,,,,,,,,,,,,,,,,,,,,,,,,,,,,,,,,,,,,,,,,,,,,,,,,,,,,,,,,,,,,,,,,,,,,,,,,,,,,,,,,,,,,,,,,,,,,,,,,,,,,0,0,,1,,,,,,,,,,,,,,,,,,,
808,Pedro Ramírez,ar ARG,DF,Deportivo Riestra,25-187,2000,22,18,1619,18.0,1,1,2,1,0,0,7,0,1.7,1.7,1.2,2.9,14,30,22,0.06,0.06,0.11,0.06,0.11,0.09,0.07,0.16,0.09,0.16,Matches,13,4,30.8,0.72,0.22,0.08,0.25,16.6,0,0.13,-0.7,-0.7,227,465,48.8,4276,2385,86,127,67.7,98,176,55.7,30,125,24.0,1.1,-0.2,10,27,11,5,333,129,3,0,37,93,11,4,4,0,3,16,23,1.28,11,4,3,0,1,2,0.11,0,0,0,0,0,54,34,32,22,0,26,61.9,16,20,32,86,87,0,757,70,22,21,45.7,25,54.3,205,2,31,31,176,74,66.6,84,11,4,29,2,1.74,17,7,+10,+0.56,+0.11,14.1,16.0,-1.9,-0.11,+0.01,0,26,0,0,0,98,25,49.0
920,Pedro Silva Torrejón,ar ARG,DF,Gimnasia–LP,28-256,1997,24,24,2074,23.0,0,0,0,0,0,0,3,0,0.8,0.8,1.8,2.6,17,97,82,0.00,0.00,0.00,0.00,0.00,0.04,0.08,0.11,0.04,0.11,Matches,18,5,27.8,0.78,0.22,0.00,0.00,22.1,4,0.05,-0.8,-0.8,726,988,73.5,12532,6218,326,373,87.4,311,400,77.8,62,152,40.8,2.2,-1.8,31,70,13,6,722,265,2,3,106,199,40,8,29,0,1,27,52,2.26,22,21,3,2,2,1,0.04,0,0,0,0,0,50,27,23,18,9,23,51.1,22,26,34,84,108,0,1295,75,29,11,42.3,15,57.7,505,2,34,11,568,86,85.3,86,21,0,,0,1.08,12,22,-10,-0.43,+0.58,19.8,28.4,-8.7,-0.38,-0.06,0,17,0,1,0,102,20,58.8
940,Pedro Souto,ar ARG,DF,Ind. Rivadavia,25-156,2000,13,9,711,7.9,0,2,2,0,0,0,2,0,0.1,0.1,0.9,0.9,4,29,15,0.00,0.25,0.25,0.00,0.25,0.01,0.11,0.12,0.01,0.12,Matches,3,1,33.3,0.38,0.13,0.00,0.00,17.0,0,0.03,-0.1,-0.1,248,352,70.5,3977,2299,124,137,90.5,100,138,72.5,18,60,30.0,0.9,+1.1,4,21,3,2,274,77,0,0,7,76,0,0,0,0,1,10,10,1.27,8,2,0,0,0,2,0.25,2,0,0,0,0,22,13,18,4,0,11,57.9,8,4,2,24,32,0,443,27,7,3,30.0,7,70.0,163,1,5,6,198,55,29.3,74,4,4,11,12,1.43,6,7,-1,-0.13,-0.23,6.7,9.1,-2.4,-0.31,-0.03,0,5,0,0,0,34,5,38.5
863,Pocho Román,it ITA,FW,Independiente,21-240,2004,1,0,34,0.4,0,0,0,0,0,0,0,0,0.0,0.0,0.0,0.0,1,1,9,0.00,0.00,0.00,0.00,0.00,0.02,0.00,0.02,0.02,0.02,Matches,1,0,0.0,2.65,0.00,0.00,,23.8,0,0.01,0.0,0.0,15,19,78.9,246,40,7,7,100.0,7,9,77.8,1,3,33.3,0.0,0.0,0,0,0,0,19,0,0,0,1,0,0,0,0,0,0,0,1,2.65,0,0,0,0,0,0,0.00,0,0,0,0,0,1,1,0,0,1,1,100.0,0,0,0,1,0,0,25,0,1,0,0.0,3,100.0,17,1,1,0,18,34,1.5,,0,1,34,13,1.00,0,0,0,0.00,-0.27,0.2,0.1,+0.1,+0.15,+0.12,0,0,0,0,0,0,0,0.0
95,Rafael Barrios,ar ARG,DF,Barracas Central,32-138,1993,21,13,1227,13.6,0,0,0,0,0,0,6,0,0.8,0.8,0.5,1.4,19,19,61,0.00,0.00,0.00,0.00,0.00,0.06,0.04,0.10,0.06,0.10,Matches,5,0,0.0,0.37,0.00,0.00,,15.0,0,0.16,-0.8,-0.8,235,394,59.6,4281,1802,111,134,82.8,88,153,57.5,32,77,41.6,0.8,-0.5,4,22,12,9,325,68,0,2,44,66,0,0,0,0,1,14,20,1.47,11,3,1,4,1,1,0.07,1,0,0,0,0,25,17,13,11,1,12,38.7,19,8,8,33,46,0,572,42,17,13,41.9,18,58.1,242,3,35,11,260,58,50.5,84,9,8,17,6,1.45,18,16,+2,+0.15,0.00,15.9,14.8,+1.1,+0.08,+0.02,0,22,0,0,0,54,19,61.3
566,Rafael Marcelo Delgado,ar ARG,DF,Defensa y Just,35-268,1990,16,13,1276,14.2,2,0,2,2,0,0,4,1,1.2,1.2,0.2,1.4,13,94,8,0.14,0.00,0.14,0.14,0.14,0.08,0.01,0.10,0.08,0.10,Matches,9,3,33.3,0.63,0.21,0.22,0.67,11.2,0,0.13,+0.8,+0.8,731,864,84.6,14737,6445,249,272,91.5,378,414,91.3,102,168,60.7,0.4,-0.2,6,85,9,2,834,30,2,10,5,14,0,0,0,0,0,4,11,0.78,10,0,0,0,0,0,0.00,0,0,0,0,0,31,19,15,16,0,20,62.5,12,10,17,48,94,0,1059,85,11,5,55.6,4,44.4,585,0,11,2,679,80,52.5,89,11,3,40,1,1.13,17,17,0,0.00,+0.16,15.0,18.0,-3.1,-0.22,-0.07,1,15,0,0,1,67,38,48.7
789,Rafael Profini,ar ARG,MF,Unión,22-029,2003,15,10,844,9.4,0,1,1,0,0,0,4,0,0.4,0.4,0.4,0.8,9,54,5,0.00,0.11,0.11,0.00,0.11,0.04,0.04,0.08,0.04,0.08,Matches,11,5,45.5,1.17,0.53,0.00,0.00,18.9,0,0.04,-0.4,-0.4,359,456,78.7,6683,2204,141,169,83.4,165,204,80.9,47,62,75.8,0.4,+0.6,8,61,2,1,447,8,0,3,7,1,0,0,0,0,1,8,19,2.03,19,0,0,0,0,1,0.11,1,0,0,0,0,27,19,12,13,2,13,72.2,5,10,9,36,24,0,577,25,12,8,50.0,8,50.0,259,1,13,4,305,56,34.7,76,5,5,17,10,1.63,6,8,-2,-0.21,-0.27,10.5,9.6,+0.9,+0.09,-0.12,0,16,0,0,0,61,29,64.4
186,Ramiro Carrera,ar ARG,"FW,MF",Lanús,31-349,1993,16,15,1118,12.4,1,1,2,1,0,0,7,0,1.1,1.1,0.5,1.6,13,54,60,0.08,0.08,0.16,0.08,0.16,0.08,0.04,0.13,0.08,0.13,Matches,25,9,36.0,2.01,0.72,0.04,0.11,21.1,1,0.04,-0.1,-0.1,348,501,69.5,6084,2080,169,216,78.2,138,188,73.4,35,59,59.3,1.0,+0.5,7,44,9,4,490,8,1,2,18,3,0,0,0,0,3,12,18,1.45,14,0,0,0,0,2,0.16,2,0,0,0,0,20,8,9,7,4,11,37.9,18,16,6,26,17,0,662,11,31,8,44.4,10,55.6,322,2,34,11,456,70,46.0,73,1,1,27,2,1.24,9,4,+5,+0.40,+0.47,14.5,9.5,+5.0,+0.40,+0.64,0,20,0,0,0,41,41,56.2
261,Ramiro Degregorio,ar ARG,"MF,FW",Racing Club,22-241,2003,7,1,131,1.5,0,0,0,0,0,0,0,0,0.2,0.2,0.0,0.2,1,4,8,0.00,0.00,0.00,0.00,0.00,0.12,0.03,0.16,0.12,0.16,Matches,3,2,66.7,2.06,1.37,0.00,0.00,18.3,0,0.06,-0.2,-0.2,23,34,67.6,290,88,15,20,75.0,8,9,88.9,0,1,0.0,0.0,0.0,1,3,2,0,33,1,0,0,0,1,0,0,0,0,0,2,2,1.36,2,0,0,0,0,0,0.00,0,0,0,0,0,4,3,1,0,3,0,0.0,1,0,2,6,0,0,56,0,6,3,100.0,0,0.0,31,0,7,2,32,19,5.4,67,0,6,11,16,1.29,3,2,+1,+0.69,+0.41,1.6,1.0,+0.6,+0.41,+0.46,0,3,0,0,0,6,0,0.0
273,Ramiro Di Luciano,ar ARG,DF,Banfield,21-260,2004,16,13,1120,12.4,0,2,2,0,0,0,2,0,0.3,0.3,1.1,1.4,28,19,56,0.00,0.16,0.16,0.00,0.16,0.02,0.09,0.11,0.02,0.11,Matches,5,2,40.0,0.40,0.16,0.00,0.00,21.1,0,0.05,-0.3,-0.3,266,426,62.4,4498,2263,133,162,82.1,108,168,64.3,19,64,29.7,1.8,+0.9,9,24,8,6,309,117,0,0,38,111,0,0,0,0,0,21,19,1.53,14,3,0,2,0,2,0.16,2,0,0,0,0,19,10,10,7,2,12,66.7,6,16,23,42,50,0,604,44,19,9,29.0,21,67.7,238,7,25,5,256,70,46.1,77,9,3,39,0,0.88,10,15,-5,-0.40,-0.06,10.3,17.1,-6.8,-0.55,-0.46,0,11,0,1,0,56,22,59.5
344,Ramiro Funes Mori,ar ARG,DF,Estudiantes–LP,34-217,1991,8,7,525,5.8,0,0,0,0,0,0,3,0,0.0,0.0,0.0,0.1,9,32,4,0.00,0.00,0.00,0.00,0.00,0.01,0.00,0.01,0.01,0.01,Matches,1,1,100.0,0.17,0.17,0.00,0.00,10.4,0,0.05,0.0,0.0,316,365,86.6,5957,1989,107,115,93.0,175,190,92.1,30,54,55.6,0.1,0.0,1,37,0,0,354,11,0,1,2,1,0,0,0,0,0,0,4,0.69,3,0,0,0,1,0,0.00,0,0,0,0,0,8,7,4,3,1,4,66.7,2,3,12,20,40,1,444,44,2,1,25.0,3,75.0,252,0,2,2,283,66,21.6,71,4,1,30,12,1.00,2,8,-6,-1.03,-1.26,5.7,5.2,+0.5,+0.09,-0.04,0,7,0,0,0,29,18,64.3
446,Ramiro Hernandes,ar ARG,MF,Belgrano,20-330,2004,5,1,160,1.8,0,0,0,0,0,0,1,0,0.2,0.2,0.1,0.3,5,8,13,0.00,0.00,0.00,0.00,0.00,0.10,0.05,0.15,0.10,0.15,Matches,3,2,66.7,1.69,1.13,0.00,0.00,17.7,0,0.06,-0.2,-0.2,65,82,79.3,951,323,34,42,81.0,21,25,84.0,4,5,80.0,0.1,-0.1,2,8,3,0,82,0,0,0,1,0,0,0,0,0,0,3,5,2.83,4,0,0,1,0,1,0.57,0,0,0,1,0,9,5,2,4,3,5,71.4,2,3,1,10,1,0,111,0,5,4,66.7,2,33.3,63,3,6,6,70,32,6.6,74,0,4,22,15,1.20,2,0,+2,+1.13,+1.52,1.6,1.2,+0.4,+0.23,+0.38,0,2,0,0,0,11,1,20.0
,Ramiro Paunero,,,,,,,,,,,,,,,,,,,,,,,,,,,,,,,,,,,,,,,,,,,,,,,,,,,,,,,,,,,,,,,,,,,,,,,,,,,,,,,,,,,,,,,,,,,,,,,,,,,,,,,,,,,,,,,,,,,,,,,,,,0,0,,1,,,,,,,,,,,,,,,,,,,
,Ramiro Pedroza,,,,,,,,,,,,,,,,,,,,,,,,,,,,,,,,,,,,,,,,,,,,,,,,,,,,,,,,,,,,,,,,,,,,,,,,,,,,,,,,,,,,,,,,,,,,,,,,,,,,,,,,,,,,,,,,,,,,,,,,,,0,0,,7,,,,,,,,,,,,,,,,,,,
878,Ramiro Ruiz,ar ARG,"MF,FW",Atlé Tucumán,25-201,2000,22,9,923,10.3,1,4,5,1,0,0,1,0,2.2,2.2,2.9,5.1,20,18,83,0.10,0.39,0.49,0.10,0.49,0.21,0.28,0.49,0.21,0.49,Matches,25,10,40.0,2.44,0.98,0.04,0.10,13.8,0,0.09,-1.2,-1.2,143,236,60.6,1881,572,97,131,74.0,32,56,57.1,6,16,37.5,1.7,+1.1,16,12,4,0,224,11,3,0,15,9,0,0,0,0,1,10,26,2.54,19,0,2,2,0,4,0.39,4,0,0,0,0,11,3,3,6,2,3,23.1,10,9,6,17,29,0,414,20,54,10,29.4,24,70.6,198,9,36,15,256,42,38.0,71,2,13,22,5,1.18,15,11,+4,+0.39,+0.75,13.6,14.7,-1.0,-0.10,+0.09,0,9,0,0,0,35,38,60.3
,Ramiro Vitale,,,,,,,,,,,,,,,,,,,,,,,,,,,,,,,,,,,,,,,,,,,,,,,,,,,,,,,,,,,,,,,,,,,,,,,,,,,,,,,,,,,,,,,,,,,,,,,,,,,,,,,,,,,,,,,,,,,,,,,,,,0,0,,1,,,,,,,,,,,,,,,,,,,
62,Ramón Arias,uy URU,"DF,MF",Tigre,33-073,1992,11,6,520,5.8,0,0,0,0,0,0,1,1,0.2,0.2,0.0,0.2,1,13,1,0.00,0.00,0.00,0.00,0.00,0.03,0.00,0.03,0.03,0.03,Matches,5,2,40.0,0.87,0.35,0.00,0.00,12.3,0,0.04,-0.2,-0.2,171,217,78.8,3550,1454,51,57,89.5,96,111,86.5,24,48,50.0,0.1,0.0,1,11,1,0,205,12,0,1,0,0,0,0,0,0,0,0,4,0.69,2,0,0,0,1,0,0.00,0,0,0,0,0,8,6,5,3,0,3,50.0,3,4,13,21,42,0,300,41,7,1,100.0,0,0.0,130,0,3,0,151,47,21.4,80,2,5,9,8,1.45,4,6,-2,-0.35,-0.82,6.4,6.6,-0.1,-0.02,-0.42,0,13,0,0,0,14,30,75.0
5,Ramón Ábila,ar ARG,FW,Huracán,35-359,1989,12,0,232,2.6,0,0,0,0,0,0,1,0,0.3,0.3,0.2,0.4,1,5,18,0.00,0.00,0.00,0.00,0.00,0.11,0.06,0.17,0.11,0.17,Matches,3,1,33.3,1.16,0.39,0.00,0.00,18.7,0,0.09,-0.3,-0.3,33,56,58.9,507,118,21,34,61.8,8,10,80.0,2,3,66.7,0.1,-0.2,3,2,1,0,51,4,0,1,2,0,0,0,0,0,1,3,6,2.33,4,0,0,2,0,1,0.39,1,0,0,0,0,1,0,0,1,0,0,0.0,2,0,0,1,0,0,75,0,14,2,50.0,2,50.0,41,0,8,2,55,19,9.5,,0,12,19,11,1.00,1,4,-3,-1.16,-1.49,4.1,4.2,0.0,-0.02,-0.28,0,2,0,0,0,4,3,33.3
851,Randall Rodríguez,uy URU,GK,Vélez Sarsfield,21-313,2003,1,1,90,1.0,0,0,0,0,0,0,0,0,0.0,0.0,0.0,0.0,0,0,0,0.00,0.00,0.00,0.00,0.00,0.00,0.00,0.00,0.00,0.00,Matches,0,0,,0.00,0.00,,,,0,,0.0,0.0,17,30,56.7,479,364,4,4,100.0,7,8,87.5,6,18,33.3,0.0,0.0,0,1,0,0,21,9,0,0,0,0,0,0,0,0,0,0,0,0.00,0,0,0,0,0,0,0.00,0,0,0,0,0,0,0,0,0,0,0,,0,0,0,0,0,2,36,27,0,0,,0,,16,0,0,0,17,90,3.7,90,1,0,,15,0.00,1,4,-3,-3.00,-2.88,0.7,2.1,-1.4,-1.45,-1.41,0,0,0,0,0,0,1,100.0
,Raúl Ignacio Cabral,,,,,,,,,,,,,,,,,,,,,,,,,,,,,,,,,,,,,,,,,,,,,,,,,,,,,,,,,,,,,,,,,,,,,,,,,,,,,,,,,,,,,,,,,,,,,,,,,,,,,,,,,,,,,,,,,,,,,,,,,,0,0,,4,,,,,,,,,,,,,,,,,,,
535,Raúl Lozano,ar ARG,DF,Platense,28-036,1997,8,6,492,5.5,0,0,0,0,0,0,0,1,0.1,0.1,0.3,0.4,3,23,19,0.00,0.00,0.00,0.00,0.00,0.01,0.05,0.07,0.01,0.07,Matches,4,0,0.0,0.73,0.00,0.00,,25.0,0,0.02,-0.1,-0.1,152,211,72.0,2565,1198,84,94,89.4,56,79,70.9,11,30,36.7,0.3,-0.3,5,19,3,1,151,59,0,3,15,57,0,0,0,0,1,5,8,1.46,6,1,1,0,0,1,0.18,1,0,0,0,0,10,7,5,5,0,3,75.0,1,3,9,19,14,0,268,12,2,9,52.9,7,41.2,103,1,5,5,117,62,21.0,70,2,2,36,5,1.13,4,6,-2,-0.37,-0.32,5.2,5.0,+0.1,+0.03,+0.10,0,6,0,0,0,28,3,21.4
374,Renzo Giampaoli,ar ARG,DF,Gimnasia–LP,25-274,2000,18,13,1107,12.3,0,0,0,0,0,0,4,0,0.2,0.2,0.1,0.3,1,34,1,0.00,0.00,0.00,0.00,0.00,0.02,0.01,0.02,0.02,0.02,Matches,4,0,0.0,0.33,0.00,0.00,,13.4,0,0.05,-0.2,-0.2,401,488,82.2,8212,3282,120,133,90.2,241,263,91.6,38,78,48.7,0.1,-0.1,3,26,0,0,458,27,0,3,2,8,0,0,0,0,3,7,11,0.89,9,1,0,0,1,1,0.08,1,0,0,0,0,26,19,15,8,3,7,58.3,5,4,15,41,142,1,718,133,6,5,100.0,0,0.0,301,0,10,0,364,62,45.6,80,9,5,13,8,1.00,6,18,-12,-0.98,-0.84,9.4,16.6,-7.2,-0.58,-0.40,0,11,0,1,0,35,55,67.1
694,Renzo Orihuela,uy URU,DF,Sarmiento,24-187,2001,15,12,1109,12.3,0,0,0,0,0,0,5,0,0.3,0.3,0.0,0.3,8,33,18,0.00,0.00,0.00,0.00,0.00,0.02,0.00,0.03,0.02,0.03,Matches,5,2,40.0,0.41,0.16,0.00,0.00,13.7,0,0.06,-0.3,-0.3,290,430,67.4,5664,2460,91,111,82.0,161,227,70.9,34,77,44.2,0.2,0.0,2,21,7,2,343,85,0,2,13,65,0,0,0,0,2,11,13,1.06,6,4,1,1,0,0,0.00,0,0,0,0,0,18,9,10,5,3,6,33.3,12,11,18,36,66,0,592,59,10,3,33.3,5,55.6,228,0,9,3,252,74,47.4,87,11,3,20,8,1.07,7,16,-9,-0.73,-0.58,12.5,17.7,-5.1,-0.42,-0.18,0,12,0,0,0,37,28,56.0
961,Renzo Tesuri,ar ARG,MF,Atlé Tucumán,29-123,1996,3,3,181,2.0,0,0,0,0,0,0,0,0,0.1,0.1,1.0,1.1,2,9,12,0.00,0.00,0.00,0.00,0.00,0.05,0.50,0.55,0.05,0.55,Matches,3,0,0.0,1.49,0.00,0.00,,23.0,0,0.03,-0.1,-0.1,42,63,66.7,621,294,25,31,80.6,13,17,76.5,3,11,27.3,0.7,-1.0,7,5,4,2,58,4,2,0,7,2,0,0,0,0,1,0,8,3.98,6,1,0,1,0,0,0.00,0,0,0,0,0,2,1,1,1,0,2,100.0,0,3,0,2,2,0,92,1,6,1,33.3,2,66.7,37,0,7,2,56,60,7.4,60,1,0,,0,1.00,1,2,-1,-0.50,-0.46,2.2,2.3,-0.1,-0.03,+0.13,0,2,0,0,0,11,2,28.6
893,Richard Sánchez,py PAR,MF,Racing Club,29-193,1996,5,3,271,3.0,0,0,0,0,0,0,0,0,0.1,0.1,0.2,0.3,1,15,7,0.00,0.00,0.00,0.00,0.00,0.03,0.06,0.09,0.03,0.09,Matches,2,0,0.0,0.66,0.00,0.00,,25.7,1,0.04,-0.1,-0.1,112,145,77.2,2091,768,44,52,84.6,50,59,84.7,13,27,48.1,0.4,-0.2,6,21,4,2,124,21,0,1,16,2,9,4,4,0,0,2,10,3.32,8,2,0,0,0,0,0.00,0,0,0,0,0,2,2,0,2,0,1,25.0,3,4,2,4,5,0,167,5,0,3,75.0,1,25.0,66,0,5,1,88,54,11.2,66,0,2,37,9,1.17,3,1,+2,+0.66,+0.41,2.7,2.3,+0.4,+0.13,+0.17,0,1,0,0,0,17,4,80.0
828,Rick,br BRA,"FW,DF",Talleres,26-036,1999,20,13,1070,11.9,1,0,1,1,0,0,1,0,2.4,2.4,1.2,3.6,40,29,99,0.08,0.00,0.08,0.08,0.08,0.20,0.10,0.30,0.20,0.30,Matches,32,12,37.5,2.69,1.01,0.03,0.08,19.1,0,0.07,-1.4,-1.4,191,293,65.2,3044,776,104,131,79.4,68,96,70.8,14,36,38.9,1.4,-1.2,14,15,10,5,275,17,1,1,48,3,12,2,8,0,1,12,39,3.28,25,2,4,3,0,1,0.08,0,0,1,0,0,12,7,3,7,2,10,50.0,10,9,2,14,8,0,441,7,42,20,45.5,22,50.0,273,16,39,22,325,54,44.0,67,2,7,29,4,0.80,7,11,-4,-0.34,-0.07,11.9,11.8,+0.1,+0.01,-0.49,0,17,0,0,0,40,8,25.8
117,Roberto Bochi,ar ARG,MF,Aldosivi,35-296,1989,24,20,1754,19.5,0,1,1,0,0,0,10,0,0.1,0.1,0.8,0.9,2,56,7,0.00,0.05,0.05,0.00,0.05,0.00,0.04,0.04,0.00,0.04,Matches,4,1,25.0,0.21,0.05,0.00,0.00,30.3,0,0.02,-0.1,-0.1,576,728,79.1,10114,3767,237,280,84.6,274,319,85.9,47,89,52.8,0.5,+0.2,9,50,2,1,701,24,0,3,3,2,0,0,0,0,3,14,19,0.97,18,0,0,0,1,1,0.05,1,0,0,0,0,42,27,16,23,3,23,60.5,15,16,27,69,51,1,920,54,6,3,75.0,1,25.0,348,0,12,7,440,73,72.2,83,11,4,25,2,0.83,17,29,-12,-0.62,+0.58,17.5,25.6,-8.1,-0.41,+0.20,0,33,0,1,0,88,23,46.9
,Roberto León,,,,,,,,,,,,,,,,,,,,,,,,,,,,,,,,,,,,,,,,,,,,,,,,,,,,,,,,,,,,,,,,,,,,,,,,,,,,,,,,,,,,,,,,,,,,,,,,,,,,,,,,,,,,,,,,,,,,,,,,,,0,0,,3,,,,,,,,,,,,,,,,,,,
679,Roberto Nicolás Fernández,uy URU,MF,Godoy Cruz,27-220,1998,25,24,1981,22.0,2,3,5,2,0,0,12,0,1.9,1.9,1.8,3.7,34,102,92,0.09,0.14,0.23,0.09,0.23,0.08,0.08,0.17,0.08,0.17,Matches,44,10,22.7,2.00,0.45,0.05,0.20,23.8,3,0.04,+0.1,+0.1,624,900,69.3,10825,3362,275,362,76.0,267,352,75.9,62,130,47.7,1.8,+1.2,33,84,12,7,826,69,1,5,63,21,21,9,7,0,5,19,62,2.82,40,7,6,3,1,4,0.18,1,0,1,0,0,59,38,19,37,3,25,55.6,20,25,24,83,74,1,1266,50,40,28,43.8,36,56.3,590,2,55,29,699,79,81.5,81,11,1,45,1,0.96,14,26,-12,-0.55,+0.06,16.7,22.8,-6.2,-0.28,+0.47,0,49,0,0,0,110,64,62.1
,Roberto Ramírez,,,,,,,,,,,,,,,,,,,,,,,,,,,,,,,,,,,,,,,,,,,,,,,,,,,,,,,,,,,,,,,,,,,,,,,,,,,,,,,,,,,,,,,,,,,,,,,,,,,,,,,,,,,,,,,,,,,,,,,,0.0,,0,0,,14,1.00,1,1,0,,,,,,,,,,,,,,,
32,Rodrigo Aliendro,ar ARG,MF,Vélez Sarsfield,34-234,1991,8,5,522,5.8,0,1,1,0,0,0,0,0,0.2,0.2,0.3,0.5,4,30,16,0.00,0.17,0.17,0.00,0.17,0.03,0.05,0.08,0.03,0.08,Matches,5,0,0.0,0.86,0.00,0.00,,25.1,0,0.04,-0.2,-0.2,215,293,73.4,3534,1335,104,140,74.3,89,108,82.4,16,27,59.3,0.2,+0.7,6,23,4,0,279,14,0,3,3,5,0,0,0,0,0,8,10,1.72,8,0,0,0,1,1,0.17,0,0,0,0,1,25,18,6,15,4,7,46.7,8,8,12,37,10,0,383,11,8,7,50.0,7,50.0,168,0,11,8,216,65,21.5,90,5,3,24,0,2.13,10,4,+6,+1.03,+1.60,6.4,5.5,+0.9,+0.16,+0.31,0,9,0,0,0,39,6,26.1
33,Rodrigo Aliendro,ar ARG,MF,River Plate,34-234,1991,11,5,482,5.4,1,0,1,1,0,0,2,0,1.2,1.2,0.8,2.0,7,44,26,0.19,0.00,0.19,0.19,0.19,0.23,0.15,0.38,0.23,0.38,Matches,5,0,0.0,0.86,0.00,0.00,,25.1,0,0.04,-0.2,-0.2,215,293,73.4,3534,1335,104,140,74.3,89,108,82.4,16,27,59.3,0.2,+0.7,6,23,4,0,279,14,0,3,3,5,0,0,0,0,0,8,10,1.72,8,0,0,0,1,1,0.17,0,0,0,0,1,25,18,6,15,4,7,46.7,8,8,12,37,10,0,383,11,8,7,50.0,7,50.0,168,0,11,8,216,65,21.5,90,5,3,24,0,2.13,10,4,+6,+1.03,+1.60,6.4,5.5,+0.9,+0.16,+0.31,0,9,0,0,0,39,6,26.1
70,Rodrigo Auzmendi,ar ARG,FW,Banfield,24-279,2001,10,10,852,9.5,3,2,5,3,0,0,3,0,2.7,2.7,1.3,4.0,4,20,40,0.32,0.21,0.53,0.32,0.53,0.28,0.14,0.42,0.28,0.42,Matches,27,10,37.0,2.85,1.06,0.11,0.30,18.7,3,0.10,+0.3,+0.3,114,199,57.3,1607,386,61,96,63.5,35,60,58.3,7,11,63.6,1.0,+0.7,11,15,3,0,194,4,1,0,6,0,0,0,0,0,1,7,25,2.64,11,0,2,5,0,4,0.42,2,0,0,0,0,7,4,1,5,1,3,50.0,3,7,2,9,8,0,303,10,41,4,33.3,8,66.7,139,1,20,5,214,85,35.1,85,7,0,,0,1.30,9,13,-4,-0.42,-0.08,9.9,11.2,-1.3,-0.14,+0.25,0,8,0,0,0,17,41,44.6
98,Rodrigo Battaglia,ar ARG,"DF,MF",Boca Juniors,34-088,1991,23,20,1879,20.9,4,0,4,4,0,0,4,0,2.5,2.3,0.3,2.6,26,69,12,0.19,0.00,0.19,0.19,0.19,0.12,0.02,0.14,0.11,0.13,Matches,19,7,36.8,0.91,0.34,0.21,0.57,10.7,0,0.12,+1.5,+1.7,1067,1234,86.5,19091,5625,427,475,89.9,542,575,94.3,81,139,58.3,0.3,-0.3,6,59,5,1,1182,50,0,3,4,0,0,0,0,0,2,14,20,0.96,15,0,0,0,1,4,0.19,3,0,0,0,0,38,22,19,18,1,19,65.5,10,7,15,53,102,0,1467,126,26,3,60.0,2,40.0,703,2,15,8,1004,82,77.3,89,18,3,32,3,1.56,31,15,+16,+0.77,-0.38,27.1,19.1,+8.0,+0.38,-0.23,0,24,0,0,0,77,61,54.0
,Rodrigo Borzone,,,,,,,,,,,,,,,,,,,,,,,,,,,,,,,,,,,,,,,,,,,,,,,,,,,,,,,,,,,,,,,,,,,,,,,,,,,,,,,,,,,,,,,,,,,,,,,,,,,,,,,,,,,,,,,,,,,,,,,,,,0,0,,2,,,,,,,,,,,,,,,,,,,
156,Rodrigo Cabral,ar ARG,"FW,MF",Huracán,25-061,2000,17,10,674,7.5,1,1,2,1,0,0,5,0,1.6,1.6,1.0,2.6,15,14,59,0.13,0.13,0.27,0.13,0.27,0.21,0.14,0.35,0.21,0.35,Matches,15,4,26.7,2.00,0.53,0.07,0.25,20.6,0,0.10,-0.6,-0.6,113,171,66.1,1560,501,74,91,81.3,28,46,60.9,7,16,43.8,1.1,0.0,9,5,4,2,169,2,0,0,17,1,0,0,0,0,0,7,18,2.40,10,0,1,4,0,1,0.13,1,0,0,0,0,17,15,5,9,3,8,53.3,7,9,9,26,6,0,270,6,20,5,45.5,6,54.5,167,7,21,10,184,40,27.7,61,0,7,10,6,1.82,8,5,+3,+0.40,+0.30,6.7,5.3,+1.4,+0.18,-0.08,0,14,0,0,0,51,5,33.3
196,Rodrigo Castillo,ar ARG,FW,Lanús,26-224,1999,10,5,488,5.4,4,0,4,4,0,0,1,1,2.8,2.8,0.1,2.9,4,7,37,0.74,0.00,0.74,0.74,0.74,0.51,0.03,0.53,0.51,0.53,Matches,11,6,54.5,2.03,1.11,0.36,0.67,11.4,0,0.25,+1.2,+1.2,91,138,65.9,1313,154,49,65,75.4,36,47,76.6,2,7,28.6,0.2,-0.1,2,4,4,0,133,5,0,0,1,1,1,0,0,0,0,7,7,1.29,4,0,0,0,1,0,0.00,0,0,0,0,0,6,5,3,3,0,1,16.7,5,6,2,8,9,0,219,8,18,2,25.0,6,75.0,113,3,17,11,148,49,20.1,75,1,5,23,0,1.70,6,6,0,0.00,-0.19,5.8,7.2,-1.4,-0.26,-0.40,0,7,0,0,0,26,27,50.0
197,Rodrigo Castillo,ar ARG,FW,Gimnasia–LP,26-224,1999,16,16,1386,15.4,4,0,4,4,0,0,2,0,4.5,4.5,1.0,5.5,20,29,81,0.26,0.00,0.26,0.26,0.26,0.29,0.06,0.36,0.29,0.36,Matches,11,6,54.5,2.03,1.11,0.36,0.67,11.4,0,0.25,+1.2,+1.2,91,138,65.9,1313,154,49,65,75.4,36,47,76.6,2,7,28.6,0.2,-0.1,2,4,4,0,133,5,0,0,1,1,1,0,0,0,0,7,7,1.29,4,0,0,0,1,0,0.00,0,0,0,0,0,6,5,3,3,0,1,16.7,5,6,2,8,9,0,219,8,18,2,25.0,6,75.0,113,3,17,11,148,49,20.1,75,1,5,23,0,1.70,6,6,0,0.00,-0.19,5.8,7.2,-1.4,-0.26,-0.40,0,7,0,0,0,26,27,50.0
192,Rodrigo Cáseres,ar ARG,DF,San Martín de San Juan,28-040,1997,23,22,1990,22.1,0,0,0,0,0,0,7,0,1.1,1.1,0.4,1.4,8,59,9,0.00,0.00,0.00,0.00,0.00,0.05,0.02,0.06,0.05,0.06,Matches,21,3,14.3,0.95,0.14,0.00,0.00,14.5,0,0.05,-1.1,-1.1,475,643,73.9,9793,4303,140,177,79.1,264,308,85.7,62,139,44.6,0.4,-0.4,4,40,3,1,598,44,0,6,4,5,0,0,0,0,1,3,10,0.45,9,0,0,0,0,0,0.00,0,0,0,0,0,20,12,11,8,1,11,64.7,6,12,32,52,187,0,978,160,34,3,75.0,1,25.0,328,0,14,5,389,87,81.9,90,22,1,10,4,0.83,11,23,-12,-0.54,+0.28,18.2,24.6,-6.4,-0.29,+0.08,0,24,0,0,0,58,98,72.6
323,Rodrigo Fernández,uy URU,MF,Independiente,29-278,1996,12,7,647,7.2,0,0,0,0,0,0,4,1,0.1,0.1,0.0,0.1,9,46,4,0.00,0.00,0.00,0.00,0.00,0.01,0.01,0.01,0.01,0.01,Matches,2,1,50.0,0.28,0.14,0.00,0.00,24.4,0,0.03,-0.1,-0.1,260,352,73.9,5006,1668,102,117,87.2,121,157,77.1,37,66,56.1,0.1,0.0,2,35,1,0,320,30,0,6,0,1,0,0,0,0,2,5,7,0.97,6,0,0,1,0,1,0.14,1,0,0,0,0,14,10,3,10,1,8,66.7,4,15,7,21,26,0,442,24,1,3,33.3,6,66.7,194,0,9,6,201,54,27.6,84,5,5,12,12,1.67,6,5,+1,+0.14,-0.18,7.9,7.8,+0.1,+0.01,-0.02,0,15,0,0,0,42,19,59.4
354,Rodrigo Gallo,ar ARG,DF,Deportivo Riestra,24-338,2000,11,9,759,8.4,0,1,1,0,0,0,5,0,0.2,0.2,0.9,1.1,1,15,0,0.00,0.12,0.12,0.00,0.12,0.03,0.11,0.13,0.03,0.13,Matches,2,0,0.0,0.24,0.00,0.00,,20.8,1,0.11,-0.2,-0.2,100,228,43.9,2801,1720,17,25,68.0,40,79,50.6,39,113,34.5,0.8,+0.1,8,17,2,1,146,82,0,4,31,33,17,8,8,0,0,4,12,1.42,2,9,0,1,0,2,0.24,0,1,0,1,0,13,12,10,1,2,10,76.9,3,5,12,25,53,0,319,33,1,2,100.0,0,0.0,72,0,3,3,73,69,31.2,79,5,2,23,1,1.58,9,3,+6,+0.71,+0.28,8.2,9.2,-1.0,-0.12,-0.02,0,7,0,0,0,17,8,30.8
424,Rodrigo González,ar ARG,DF,Aldosivi,25-177,2000,23,12,1339,14.9,0,1,1,0,0,0,1,1,0.3,0.3,0.7,1.0,27,66,92,0.00,0.07,0.07,0.00,0.07,0.02,0.05,0.07,0.02,0.07,Matches,5,1,20.0,0.34,0.07,0.00,0.00,20.7,0,0.06,-0.3,-0.3,545,765,71.2,9016,4271,291,331,87.9,195,258,75.6,49,126,38.9,0.9,+0.3,16,50,17,9,587,175,1,3,64,167,0,0,0,0,3,24,40,2.69,27,7,5,0,1,2,0.13,1,0,1,0,0,55,33,35,15,5,20,69.0,9,11,20,75,52,0,976,39,16,18,46.2,21,53.8,419,2,17,20,439,58,55.1,87,9,11,27,3,0.61,11,28,-17,-1.14,-0.81,12.4,20.0,-7.6,-0.51,-0.08,0,12,0,0,0,80,8,27.6
437,Rodrigo Guth,br BRA,DF,Talleres,24-332,2000,4,4,315,3.5,0,0,0,0,0,0,0,0,0.3,0.3,0.0,0.3,5,13,2,0.00,0.00,0.00,0.00,0.00,0.08,0.01,0.09,0.08,0.09,Matches,3,0,0.0,0.86,0.00,0.00,,19.8,0,0.10,-0.3,-0.3,201,223,90.1,3874,1116,64,66,97.0,122,132,92.4,14,22,63.6,0.0,0.0,1,10,0,0,212,10,0,1,0,1,0,0,0,0,1,0,3,0.86,3,0,0,0,0,0,0.00,0,0,0,0,0,4,3,3,1,0,1,100.0,0,0,1,5,22,0,260,27,4,0,,0,,141,0,0,0,196,79,13.0,79,3,0,,4,0.50,0,5,-5,-1.43,-1.30,4.2,4.2,0.0,0.00,-0.32,0,3,0,0,0,5,2,20.0
455,Rodrigo Herrera,ar ARG,MF,Platense,25-067,2000,19,16,1234,13.7,0,2,2,0,0,0,7,1,1.0,1.0,0.8,1.9,6,68,21,0.00,0.15,0.15,0.00,0.15,0.08,0.06,0.14,0.08,0.14,Matches,13,1,7.7,0.95,0.07,0.00,0.00,17.9,0,0.08,-1.0,-1.0,347,472,73.5,6056,2420,173,214,80.8,118,160,73.8,46,69,66.7,1.2,+1.2,9,58,6,2,467,3,1,6,9,2,0,0,0,0,2,10,21,1.53,19,0,0,2,0,2,0.15,2,0,0,0,0,55,31,18,26,11,21,56.8,16,14,19,74,25,0,658,15,23,7,50.0,7,50.0,269,3,18,12,323,65,52.7,73,6,3,22,1,1.57,13,15,-2,-0.15,-0.06,14.7,14.0,+0.7,+0.05,+0.23,1,37,1,0,0,76,33,50.0
471,Rodrigo Insúa,ar ARG,"DF,MF",Barracas Central,27-296,1997,24,24,2160,24.0,3,3,6,0,3,3,7,0,3.3,0.8,2.6,3.3,40,74,75,0.12,0.12,0.25,0.00,0.12,0.14,0.11,0.24,0.03,0.14,Matches,20,5,25.0,0.83,0.21,0.00,0.00,23.9,3,0.04,-0.3,-0.8,512,844,60.7,8495,4608,262,316,82.9,182,306,59.5,53,168,31.5,2.0,+0.4,25,69,17,9,688,154,0,0,90,104,21,10,9,0,2,31,44,1.83,27,11,2,2,0,6,0.25,4,1,0,0,0,34,22,19,11,4,18,51.4,17,15,12,46,68,0,1087,57,41,12,33.3,23,63.9,472,7,33,13,573,90,88.9,90,24,0,,0,1.64,31,26,+5,+0.21,+0.54,24.5,22.7,+1.8,+0.07,+0.03,0,23,0,0,0,69,34,60.7
464,Rodrigo Iñaki Melo,ar ARG,MF,Atlé Tucumán,30-014,1995,8,0,120,1.3,0,0,0,0,0,0,0,0,0.0,0.0,0.0,0.0,2,10,1,0.00,0.00,0.00,0.00,0.00,0.03,0.00,0.03,0.03,0.03,Matches,2,1,50.0,1.50,0.75,0.00,0.00,31.4,0,0.02,0.0,0.0,85,99,85.9,1566,573,35,38,92.1,39,45,86.7,10,12,83.3,0.2,0.0,0,11,1,0,96,3,0,1,0,0,0,0,0,0,0,0,2,1.49,2,0,0,0,0,0,0.00,0,0,0,0,0,2,1,2,0,0,1,33.3,2,2,1,3,2,0,111,1,0,2,66.7,1,33.3,57,0,1,0,74,15,4.9,,0,8,15,8,1.25,0,1,-1,-0.75,-0.71,1.1,3.3,-2.2,-1.61,-1.53,0,4,0,0,0,11,1,25.0
573,Rodrigo Márquez,ar ARG,"FW,MF",Platense,23-235,2002,2,0,23,0.3,0,0,0,0,0,0,0,0,0.0,0.0,0.0,0.0,1,2,4,0.00,0.00,0.00,0.00,0.00,0.00,0.04,0.04,0.00,0.04,Matches,0,0,,0.00,0.00,,,,0,,0.0,0.0,15,23,65.2,266,95,6,7,85.7,5,8,62.5,2,4,50.0,0.1,0.0,1,0,0,0,18,5,0,1,3,1,3,1,2,0,0,3,1,2.05,0,1,0,0,0,0,0.00,0,0,0,0,0,1,1,1,0,0,0,,0,1,1,2,0,0,30,0,2,1,25.0,3,75.0,16,1,0,0,15,12,1.0,,0,2,12,5,1.00,1,1,0,0.00,+0.12,0.4,1.0,-0.6,-1.26,-1.23,0,1,0,0,0,3,0,0.0
823,Rodrigo Rey,ar ARG,GK,Independiente,34-214,1991,26,26,2340,26.0,0,0,0,0,0,0,1,0,0.0,0.0,0.0,0.0,0,0,0,0.00,0.00,0.00,0.00,0.00,0.00,0.00,0.00,0.00,0.00,Matches,0,0,,0.00,0.00,,,,0,,0.0,0.0,558,775,72.0,16352,12625,80,81,98.8,293,294,99.7,185,399,46.4,0.0,0.0,1,9,0,0,526,248,0,2,0,0,0,0,0,0,1,1,1,0.04,0,1,0,0,0,0,0.00,0,0,0,0,0,0,0,0,0,0,0,,0,0,0,0,10,0,814,740,0,1,100.0,0,0.0,426,0,0,0,331,90,100.0,90,26,0,,0,1.45,29,22,+7,+0.27,,27.0,26.3,+0.7,+0.03,,0,2,0,1,0,19,6,100.0
901,Rodrigo Saravia,uy URU,MF,Belgrano,25-052,2000,5,4,307,3.4,0,0,0,0,0,0,1,0,0.1,0.1,0.0,0.1,3,22,3,0.00,0.00,0.00,0.00,0.00,0.02,0.00,0.02,0.02,0.02,Matches,1,0,0.0,0.29,0.00,0.00,,21.2,0,0.06,-0.1,-0.1,148,181,81.8,2434,718,76,88,86.4,63,76,82.9,8,13,61.5,0.1,0.0,0,22,0,0,179,2,0,1,2,0,0,0,0,0,0,3,6,1.76,6,0,0,0,0,0,0.00,0,0,0,0,0,8,3,3,4,1,3,42.9,4,0,6,14,6,0,214,6,2,2,66.7,1,33.3,117,1,4,2,130,61,12.6,74,0,1,10,4,1.20,2,3,-1,-0.29,0.00,2.9,2.7,+0.2,+0.06,+0.22,0,6,0,0,0,16,4,44.4
904,Rodrigo Sayavedra,ar ARG,DF,Deportivo Riestra,30-079,1995,10,5,420,4.7,0,0,0,0,0,0,3,0,0.0,0.0,0.2,0.2,2,15,3,0.00,0.00,0.00,0.00,0.00,0.00,0.05,0.05,0.00,0.05,Matches,0,0,,0.00,0.00,,,,0,,0.0,0.0,58,127,45.7,1373,986,20,27,74.1,20,42,47.6,18,53,34.0,0.6,-0.2,3,12,6,1,91,36,0,1,7,27,2,1,1,0,0,4,5,1.07,3,1,1,0,0,0,0.00,0,0,0,0,0,11,9,6,4,1,7,46.7,8,6,3,14,28,0,182,22,0,4,66.7,2,33.3,35,0,2,2,37,42,17.3,66,1,5,18,13,1.80,6,2,+4,+0.86,+0.41,4.1,5.8,-1.7,-0.36,-0.30,0,7,0,0,0,16,4,57.1
405,Román Gómez,ar ARG,DF,Estudiantes–LP,21-086,2004,12,9,824,9.2,1,0,1,1,0,0,2,0,0.3,0.3,0.1,0.4,14,29,20,0.11,0.00,0.11,0.11,0.11,0.04,0.01,0.04,0.04,0.04,Matches,1,1,100.0,0.11,0.11,1.00,1.00,4.8,0,0.33,+0.7,+0.7,322,415,77.6,5239,1846,156,186,83.9,146,177,82.5,16,37,43.2,0.3,-0.1,2,30,6,1,333,82,1,0,17,75,0,0,0,0,0,6,6,0.66,6,0,0,0,0,0,0.00,0,0,0,0,0,29,20,13,13,3,16,84.2,3,8,24,53,32,0,542,21,7,8,50.0,8,50.0,244,1,14,9,266,69,33.9,80,6,3,35,13,1.42,11,11,0,0.00,+0.06,8.6,7.6,+1.0,+0.11,-0.03,0,13,0,0,0,31,20,60.6
833,Román Riquelme,ar ARG,"DF,FW",Arg Juniors,23-143,2002,2,1,99,1.1,0,0,0,0,0,0,1,0,0.0,0.0,0.0,0.0,0,2,1,0.00,0.00,0.00,0.00,0.00,0.00,0.00,0.00,0.00,0.00,Matches,0,0,,0.00,0.00,,,,0,,0.0,0.0,41,46,89.1,1074,472,5,5,100.0,21,22,95.5,15,19,78.9,0.0,0.0,0,2,1,0,45,1,0,3,0,0,0,0,0,0,0,0,0,0.00,0,0,0,0,0,0,0.00,0,0,0,0,0,2,1,0,2,0,1,50.0,1,1,1,3,9,0,63,7,2,0,,0,,36,0,0,0,44,50,4.1,90,1,1,9,1,3.00,3,0,+3,+2.73,+2.11,1.7,0.6,+1.1,+0.98,+0.60,0,1,0,0,0,3,2,50.0
989,Román Vega,ar ARG,"DF,MF",Arg Juniors,21-280,2004,12,7,715,7.9,1,1,2,1,0,0,3,0,0.9,0.9,0.9,1.8,41,43,55,0.13,0.13,0.25,0.13,0.25,0.11,0.11,0.23,0.11,0.23,Matches,8,3,37.5,1.01,0.38,0.13,0.33,22.7,1,0.11,+0.1,+0.1,380,481,79.0,7337,2369,142,157,90.4,187,223,83.9,47,77,61.0,1.5,+0.1,9,34,17,10,423,58,1,5,52,51,0,0,0,0,0,14,22,2.76,17,3,0,0,1,4,0.50,2,0,0,0,1,10,7,6,3,1,5,38.5,8,9,5,15,19,0,569,14,13,10,45.5,12,54.5,329,3,13,6,389,60,29.4,80,4,5,31,1,2.07,16,6,+10,+1.26,+0.79,11.7,8.1,+3.6,+0.46,+0.08,0,5,0,0,0,34,4,50.0
262,Ronaldo Dejesús,py PAR,DF,Lanús,,,15,13,1168,13.0,0,0,0,0,0,0,2,0,1.1,1.1,0.1,1.2,7,43,5,0.00,0.00,0.00,0.00,0.00,0.09,0.00,0.09,0.09,0.09,Matches,19,2,10.5,1.46,0.15,0.00,0.00,12.5,0,0.06,-1.1,-1.1,445,568,78.3,8669,3500,153,173,88.4,240,269,89.2,47,109,43.1,0.4,-0.1,3,31,1,0,526,41,1,3,1,5,0,0,0,0,1,7,14,1.08,7,0,1,0,0,1,0.08,1,0,0,0,0,12,7,6,6,0,5,83.3,1,13,16,28,142,2,798,111,30,5,71.4,2,28.6,357,0,7,4,414,78,48.1,86,11,2,27,4,1.31,12,7,+5,+0.39,+0.46,15.0,13.9,+1.1,+0.08,+0.05,0,11,0,0,0,43,46,56.1
585,Ronaldo Martínez,py PAR,"FW,MF",Platense,29-166,1996,21,17,1390,15.4,9,2,11,9,0,0,2,0,5.2,5.2,1.0,6.2,14,44,92,0.58,0.13,0.71,0.58,0.71,0.33,0.06,0.39,0.33,0.39,Matches,40,21,52.5,2.59,1.36,0.23,0.43,14.8,2,0.12,+3.8,+3.8,244,409,59.7,3499,1199,136,209,65.1,74,116,63.8,17,30,56.7,1.9,+1.0,13,34,12,1,398,9,2,1,10,1,0,0,0,0,2,14,34,2.17,25,0,1,4,1,3,0.19,3,0,0,0,0,10,2,2,3,5,5,29.4,12,5,4,14,24,0,571,26,66,12,42.9,15,53.6,287,5,32,21,420,66,59.4,76,5,4,26,4,1.52,17,16,+1,+0.06,+0.44,15.4,14.9,+0.5,+0.03,+0.22,0,14,0,0,0,47,101,51.8
107,Rubén Bentancourt,uy URU,"FW,MF",Arg Juniors,32-220,1993,6,0,114,1.3,0,0,0,0,0,0,0,0,0.6,0.6,0.1,0.7,1,3,8,0.00,0.00,0.00,0.00,0.00,0.48,0.07,0.56,0.48,0.56,Matches,7,2,28.6,5.53,1.58,0.00,0.00,13.4,0,0.09,-0.6,-0.6,18,26,69.2,245,30,11,16,68.8,6,6,100.0,0,1,0.0,0.1,-0.1,1,1,2,0,23,3,0,0,1,0,0,0,0,0,0,0,4,3.16,1,0,1,0,0,0,0.00,0,0,0,0,0,4,3,0,3,1,2,100.0,0,3,1,5,0,0,48,1,11,1,33.3,2,66.7,21,0,3,2,29,19,4.7,,0,6,19,7,1.33,1,3,-2,-1.58,-2.40,2.9,2.9,0.0,+0.02,-0.40,0,2,0,0,0,4,6,54.5
126,Rubén Botta,ar ARG,"MF,FW",Talleres,35-250,1990,21,15,1139,12.7,0,3,3,0,0,0,8,0,1.5,1.5,2.3,3.8,27,79,90,0.00,0.24,0.24,0.00,0.24,0.11,0.18,0.30,0.11,0.30,Matches,20,3,15.0,1.58,0.24,0.00,0.00,23.4,3,0.07,-1.5,-1.5,438,602,72.8,8707,2627,162,204,79.4,187,237,78.9,77,117,65.8,3.3,+0.7,40,58,22,4,514,81,2,4,76,17,39,21,12,0,7,26,77,6.06,53,13,1,6,1,6,0.47,5,0,0,0,1,16,12,2,11,3,2,11.8,15,5,3,19,4,0,741,2,29,13,40.6,19,59.4,424,7,41,21,528,54,46.9,66,2,6,25,2,1.05,7,9,-2,-0.16,+0.26,14.7,7.8,+6.9,+0.55,+0.51,0,22,0,0,0,55,6,35.3
586,Rubén Martínez,ar ARG,DF,Independiente,21-116,2004,1,0,8,0.1,0,0,0,0,0,0,0,0,0.0,0.0,0.0,0.0,0,0,1,0.00,0.00,0.00,0.00,0.00,0.00,0.00,0.00,0.00,0.00,Matches,0,0,,0.00,0.00,,,,0,,0.0,0.0,5,5,100.0,72,33,2,2,100.0,3,3,100.0,0,0,,0.0,0.0,0,0,0,0,4,1,0,0,0,1,0,0,0,0,0,0,0,0.00,0,0,0,0,0,0,0.00,0,0,0,0,0,0,0,0,0,0,0,,0,0,0,0,0,0,5,0,0,0,,0,,3,0,0,0,3,8,0.3,,0,1,8,13,0.00,0,0,0,0.00,-0.27,0.0,0.2,-0.2,-2.13,-2.17,0,0,0,0,0,0,0,
,Samuel Beltrán,,,,,,,,,,,,,,,,,,,,,,,,,,,,,,,,,,,,,,,,,,,,,,,,,,,,,,,,,,,,,,,,,,,,,,,,,,,,,,,,,,,,,,,,,,,,,,,,,,,,,,,,,,,,,,,,,,,,,,,,,,0,0,,2,,,,,,,,,,,,,,,,,,,
66,Santiago Arzamendia,py PAR,DF,Estudiantes–LP,27-156,1998,21,18,1638,18.2,2,0,2,2,0,0,9,1,1.4,1.4,1.7,3.2,34,85,92,0.11,0.00,0.11,0.11,0.11,0.08,0.10,0.17,0.08,0.17,Matches,24,9,37.5,1.32,0.49,0.08,0.22,22.3,1,0.06,+0.6,+0.6,762,1017,74.9,13523,4829,333,368,90.5,356,449,79.3,64,154,41.6,2.3,-1.7,13,84,13,6,830,182,1,3,66,158,4,0,4,0,5,26,35,1.92,25,6,1,0,1,1,0.05,1,0,0,0,0,45,29,27,16,2,22,56.4,17,14,26,71,75,0,1256,65,33,7,43.8,9,56.3,595,4,24,7,677,78,67.4,86,14,3,29,3,1.36,20,21,-1,-0.05,-0.05,20.2,17.9,+2.3,+0.13,0.00,0,29,0,0,0,104,29,52.7
67,Santiago Ascacíbar,ar ARG,MF,Estudiantes–LP,28-225,1997,24,23,2038,22.6,4,2,6,4,0,0,9,0,3.7,3.7,1.5,5.2,29,128,65,0.18,0.09,0.26,0.18,0.26,0.16,0.06,0.23,0.16,0.23,Matches,27,15,55.6,1.19,0.66,0.15,0.27,18.4,0,0.14,+0.3,+0.3,997,1220,81.7,16042,4887,512,593,86.3,393,461,85.2,69,104,66.3,1.6,+0.5,25,103,8,2,1166,51,5,11,10,8,0,0,0,0,3,22,49,2.16,42,1,0,1,3,4,0.18,4,0,0,0,0,59,39,19,35,5,27,46.6,31,13,19,78,45,0,1466,43,41,12,52.2,11,47.8,729,7,23,16,944,85,83.9,88,22,1,13,0,1.48,28,22,+6,+0.26,+1.87,25.8,21.0,+4.8,+0.21,+0.53,0,34,0,0,0,132,37,53.6
90,Santiago Barrera,ar ARG,MF,San Martín de San Juan,22-270,2003,1,0,39,0.4,0,0,0,0,0,0,0,0,0.0,0.0,0.0,0.0,0,1,2,0.00,0.00,0.00,0.00,0.00,0.10,0.00,0.10,0.10,0.10,Matches,2,1,50.0,4.62,2.31,0.00,0.00,21.9,0,0.02,0.0,0.0,2,2,100.0,24,7,2,2,100.0,0,0,,0,0,,0.0,0.0,0,0,1,0,2,0,0,0,0,0,0,0,0,0,0,0,2,4.62,1,0,0,1,0,0,0.00,0,0,0,0,0,0,0,0,0,0,0,,0,0,0,0,0,0,5,0,1,1,100.0,0,0.0,5,0,0,0,5,39,1.6,,0,1,39,0,1.00,0,0,0,0.00,+0.60,0.2,0.4,-0.1,-0.27,+0.03,0,3,0,0,0,0,0,0.0
,Santiago Beltrán,,,,,,,,,,,,,,,,,,,,,,,,,,,,,,,,,,,,,,,,,,,,,,,,,,,,,,,,,,,,,,,,,,,,,,,,,,,,,,,,,,,,,,,,,,,,,,,,,,,,,,,,,,,,,,,,,,,,,,,,,,0,0,,1,,,,,,,,,,,,,,,,,,,
,Santiago Correa,,,,,,,,,,,,,,,,,,,,,,,,,,,,,,,,,,,,,,,,,,,,,,,,,,,,,,,,,,,,,,,,,,,,,,,,,,,,,,,,,,,,,,,,,,,,,,,,,,,,,,,,,,,,,,,,,,,,,,,,,,0,0,,1,,,,,,,,,,,,,,,,,,,
247,Santiago Dalmasso,ar ARG,MF,Boca Juniors,21-112,2004,1,0,12,0.1,0,0,0,0,0,0,0,0,0.0,0.0,0.0,0.0,0,0,0,0.00,0.00,0.00,0.00,0.00,0.15,0.00,0.15,0.15,0.15,Matches,1,1,100.0,7.50,7.50,0.00,0.00,26.0,0,0.02,0.0,0.0,5,5,100.0,70,1,3,3,100.0,2,2,100.0,0,0,,0.0,0.0,0,0,0,0,5,0,0,0,0,0,0,0,0,0,0,0,0,0.00,0,0,0,0,0,0,0.00,0,0,0,0,0,1,1,0,1,0,0,,0,0,0,1,0,0,7,0,0,1,100.0,0,0.0,3,0,0,0,5,12,0.5,,0,1,12,4,1.00,0,0,0,0.00,-0.86,0.0,0.0,0.0,-0.18,-0.62,0,0,0,0,0,0,1,100.0
248,Santiago Daniele,ar ARG,DF,Banfield,19-320,2005,6,3,271,3.0,0,0,0,0,0,0,1,0,0.1,0.1,0.0,0.1,0,3,0,0.00,0.00,0.00,0.00,0.00,0.02,0.00,0.02,0.02,0.02,Matches,2,0,0.0,0.66,0.00,0.00,,10.2,0,0.04,-0.1,-0.1,35,59,59.3,673,259,12,16,75.0,21,26,80.8,2,14,14.3,0.0,0.0,0,4,0,0,55,4,0,1,1,0,0,0,0,0,0,1,2,0.66,1,1,0,0,0,0,0.00,0,0,0,0,0,6,6,3,3,0,4,57.1,3,4,5,11,19,0,100,14,2,2,66.7,1,33.3,31,0,0,0,36,45,11.2,72,1,3,18,7,1.67,2,3,-1,-0.33,+0.04,3.3,2.8,+0.4,+0.14,+0.49,0,5,0,0,0,7,6,66.7
301,Santiago Esquivel,ar ARG,MF,Banfield,21-279,2004,16,10,902,10.0,0,0,0,0,0,0,2,0,0.2,0.2,0.6,0.8,6,57,7,0.00,0.00,0.00,0.00,0.00,0.02,0.06,0.08,0.02,0.08,Matches,3,2,66.7,0.30,0.20,0.00,0.00,15.4,0,0.07,-0.2,-0.2,297,377,78.8,5736,1961,113,143,79.0,144,165,87.3,37,52,71.2,0.5,-0.6,11,47,5,1,371,5,1,6,4,0,0,0,0,0,1,7,20,2.00,19,0,0,0,1,0,0.00,0,0,0,0,0,33,16,8,21,4,15,53.6,13,14,14,47,6,1,492,16,11,5,45.5,6,54.5,236,1,19,14,256,56,37.1,74,3,6,28,10,1.00,7,17,-10,-1.00,-1.00,11.3,13.9,-2.6,-0.26,+0.06,0,20,0,0,0,69,17,44.7
324,Santiago Fernández,ar ARG,DF,Talleres,20-192,2005,14,13,1082,12.0,0,0,0,0,0,0,3,0,0.3,0.3,0.0,0.3,5,26,1,0.00,0.00,0.00,0.00,0.00,0.02,0.00,0.02,0.02,0.02,Matches,7,2,28.6,0.58,0.17,0.00,0.00,23.6,0,0.04,-0.3,-0.3,523,595,87.9,10362,3809,134,141,95.0,334,352,94.9,48,86,55.8,0.1,0.0,0,19,0,0,564,29,0,5,2,3,0,0,0,0,2,3,8,0.67,6,0,0,1,1,0,0.00,0,0,0,0,0,20,15,16,4,0,9,90.0,1,4,15,35,86,0,750,103,7,2,100.0,0,0.0,376,1,5,1,493,77,44.5,83,10,1,8,8,0.86,8,12,-4,-0.33,-0.07,14.6,11.7,+2.9,+0.24,-0.07,0,9,1,0,0,31,14,33.3
335,Santiago Flores,ar ARG,DF,Ind. Rivadavia,24-197,2001,2,1,85,0.9,0,0,0,0,0,0,0,0,0.0,0.0,0.0,0.0,1,3,0,0.00,0.00,0.00,0.00,0.00,0.00,0.00,0.00,0.00,0.00,Matches,0,0,,0.00,0.00,,,,0,,0.0,0.0,26,30,86.7,532,297,10,13,76.9,13,14,92.9,3,3,100.0,0.0,0.0,0,1,0,0,29,1,0,0,0,0,0,0,0,0,0,0,0,0.00,0,0,0,0,0,0,0.00,0,0,0,0,0,1,1,1,0,0,0,,0,1,0,1,7,1,39,6,0,0,,0,,11,0,0,0,22,43,3.5,45,0,1,40,10,0.50,2,4,-2,-2.12,-2.23,1.9,1.7,+0.2,+0.21,+0.52,0,0,0,0,0,0,1,25.0
425,Santiago González,ar ARG,MF,Tigre,22-158,2003,23,20,1745,19.4,0,0,0,0,0,0,5,0,0.8,0.8,0.4,1.1,14,57,18,0.00,0.00,0.00,0.00,0.00,0.04,0.02,0.06,0.04,0.06,Matches,19,1,5.3,0.98,0.05,0.00,0.00,23.4,0,0.04,-0.8,-0.8,564,718,78.6,9400,2088,274,333,82.3,217,263,82.5,55,76,72.4,0.8,-0.4,14,66,9,2,670,45,0,10,8,1,0,0,0,0,3,16,42,2.17,28,1,4,1,4,1,0.05,1,0,0,0,0,59,31,23,28,8,20,55.6,16,39,23,82,14,0,972,18,14,26,56.5,20,43.5,396,4,43,25,474,76,71.8,84,9,3,24,0,1.46,18,16,+2,+0.10,-0.69,22.4,17.5,+4.9,+0.25,-0.19,0,20,0,0,0,122,23,43.4
,Santiago Grella,,,,,,,,,,,,,,,,,,,,,,,,,,,,,,,,,,,,,,,,,,,,,,,,,,,,,,,,,,,,,,,,,,,,,,,,,,,,,,,,,,,,,,,,,,,,,,,,,,,,,,,,,,,,,,,,,,,,,,,,,,0,0,,2,,,,,,,,,,,,,,,,,,,
456,Santiago Hidalgo,ar ARG,"FW,MF",Independiente,20-233,2005,9,5,492,5.5,0,0,0,0,0,0,2,0,1.5,1.5,0.6,2.1,10,12,31,0.00,0.00,0.00,0.00,0.00,0.27,0.11,0.38,0.27,0.38,Matches,13,0,0.0,2.38,0.00,0.00,,15.7,0,0.11,-1.5,-1.5,60,104,57.7,768,225,37,55,67.3,12,24,50.0,5,12,41.7,0.1,-0.6,3,3,2,0,101,3,0,0,8,3,0,0,0,0,0,3,8,1.46,3,0,0,3,0,0,0.00,0,0,0,0,0,11,5,3,3,5,8,44.4,10,7,2,13,4,0,184,3,24,2,11.8,13,76.5,102,1,12,17,128,55,21.0,74,1,4,31,1,1.70,12,3,+9,+1.65,+1.74,7.0,4.8,+2.2,+0.40,+0.47,0,6,0,0,0,13,10,47.6
497,Santiago Laquidaín,ar ARG,DF,Aldosivi,24-072,2001,4,3,273,3.0,0,0,0,0,0,0,0,0,0.0,0.0,0.0,0.0,1,7,0,0.00,0.00,0.00,0.00,0.00,0.00,0.00,0.00,0.00,0.00,Matches,0,0,,0.00,0.00,,,,0,,0.0,0.0,95,125,76.0,1834,749,30,36,83.3,54,60,90.0,11,28,39.3,0.0,0.0,0,6,0,0,111,14,0,1,0,3,0,0,0,0,0,0,1,0.33,0,0,0,0,1,0,0.00,0,0,0,0,0,2,1,1,1,0,1,50.0,1,1,6,8,13,0,151,18,2,0,0.0,1,100.0,68,0,3,0,79,68,11.2,90,3,1,3,18,0.75,0,6,-6,-1.98,-1.35,1.5,4.8,-3.2,-1.06,-0.67,0,3,0,0,0,5,10,62.5
506,Santiago Lencina,ar ARG,"FW,MF",River Plate,20-034,2005,10,6,489,5.4,3,0,3,3,0,0,2,0,0.4,0.4,1.1,1.5,15,32,55,0.55,0.00,0.55,0.55,0.55,0.08,0.19,0.27,0.08,0.27,Matches,3,3,100.0,0.55,0.55,1.00,1.00,12.3,0,0.14,+2.6,+2.6,204,272,75.0,2904,775,108,138,78.3,82,99,82.8,4,8,50.0,1.0,-1.1,10,20,8,0,265,6,0,0,5,4,1,0,1,0,1,14,22,4.05,22,0,0,0,0,2,0.37,2,0,0,0,0,15,11,3,9,3,4,66.7,2,2,3,18,1,0,318,1,14,1,20.0,4,80.0,184,1,14,7,223,49,20.1,65,1,4,25,5,1.70,8,3,+5,+0.92,+0.27,5.6,4.4,+1.3,+0.23,-0.26,0,5,0,0,0,28,1,16.7
519,Santiago Longo,ar ARG,MF,Belgrano,27-179,1998,21,21,1693,18.8,0,0,0,0,0,0,4,0,0.1,0.1,0.2,0.3,8,55,9,0.00,0.00,0.00,0.00,0.00,0.00,0.01,0.02,0.00,0.02,Matches,4,0,0.0,0.21,0.00,0.00,,31.0,0,0.02,-0.1,-0.1,688,826,83.3,12258,4234,308,352,87.5,298,336,88.7,70,106,66.0,0.5,-0.2,3,73,2,0,799,23,1,5,4,2,1,0,1,0,4,9,20,1.06,17,0,0,1,2,5,0.27,3,0,0,0,2,58,36,32,23,3,33,55.0,27,22,33,91,27,0,1018,48,1,3,60.0,2,40.0,467,0,18,8,566,81,69.7,81,12,0,,0,1.24,19,16,+3,+0.16,+1.50,17.2,19.2,-2.0,-0.11,+0.07,0,19,0,0,0,100,18,43.9
527,Santiago López,ar ARG,"MF,DF",Banfield,27-308,1997,21,13,1254,13.9,1,0,1,1,0,0,4,0,0.8,0.8,0.5,1.4,33,56,53,0.07,0.00,0.07,0.07,0.07,0.06,0.04,0.10,0.06,0.10,Matches,8,3,37.5,0.57,0.22,0.13,0.33,19.6,0,0.10,+0.2,+0.2,468,591,79.2,7873,3019,224,253,88.5,193,223,86.5,41,88,46.6,0.7,-0.5,10,51,10,5,511,79,0,0,24,59,1,0,1,0,1,12,38,2.73,28,4,0,3,1,2,0.14,1,1,0,0,0,34,25,18,13,3,23,60.5,15,14,18,52,29,0,747,33,15,19,73.1,7,26.9,378,1,28,13,383,60,51.6,82,8,8,24,6,1.14,11,17,-6,-0.43,-0.12,13.0,18.6,-5.6,-0.40,-0.22,0,23,0,1,0,99,11,39.3
528,Santiago López,ar ARG,"FW,MF",Rosario Central,19-241,2006,13,8,634,7.0,2,0,2,2,0,0,2,0,2.5,2.5,0.9,3.4,17,21,62,0.28,0.00,0.28,0.28,0.28,0.36,0.12,0.48,0.36,0.48,Matches,8,3,37.5,0.57,0.22,0.13,0.33,19.6,0,0.10,+0.2,+0.2,468,591,79.2,7873,3019,224,253,88.5,193,223,86.5,41,88,46.6,0.7,-0.5,10,51,10,5,511,79,0,0,24,59,1,0,1,0,1,12,38,2.73,28,4,0,3,1,2,0.14,1,1,0,0,0,34,25,18,13,3,23,60.5,15,14,18,52,29,0,747,33,15,19,73.1,7,26.9,378,1,28,13,383,60,51.6,82,8,8,24,6,1.14,11,17,-6,-0.43,-0.12,13.0,18.6,-5.6,-0.40,-0.22,0,23,0,1,0,99,11,39.3
,Santiago Martínez,,,,,,,,,,,,,,,,,,,,,,,,,,,,,,,,,,,,,,,,,,,,,,,,,,,,,,,,,,,,,,,,,,,,,,,,,,,,,,,,,,,,,,,,,,,,,,,,,,,,,,,,,,,,,,,,,,,,,,,,,,0,0,,1,,,,,,,,,,,,,,,,,,,
640,Santiago Montiel,ar ARG,FW,Independiente,24-320,2000,18,13,1200,13.3,1,1,2,0,1,1,5,0,2.2,1.4,1.7,3.2,28,44,86,0.07,0.07,0.15,0.00,0.07,0.17,0.13,0.30,0.11,0.24,Matches,27,7,25.9,2.03,0.52,0.00,0.00,23.0,3,0.05,-1.2,-1.4,244,424,57.5,4763,1816,112,152,73.7,69,127,54.3,50,99,50.5,1.4,-0.7,19,36,20,7,350,68,1,11,77,25,16,10,4,0,6,14,44,3.31,19,11,4,4,0,5,0.38,3,1,0,0,0,24,20,9,11,4,14,56.0,11,14,4,28,13,0,626,3,19,19,34.5,36,65.5,348,4,41,24,396,67,51.3,80,7,5,31,0,1.38,18,11,+7,+0.52,+0.52,14.6,9.0,+5.6,+0.42,+0.80,0,10,0,0,0,47,6,24.0
650,Santiago Morales,,DF,Sarmiento,,,8,7,596,6.6,0,0,0,0,0,0,1,0,0.1,0.1,0.2,0.3,8,38,7,0.00,0.00,0.00,0.00,0.00,0.01,0.03,0.04,0.01,0.04,Matches,4,1,25.0,0.60,0.15,0.00,0.00,24.7,0,0.02,-0.1,-0.1,287,361,79.5,5827,2594,109,121,90.1,138,161,85.7,38,67,56.7,0.3,-0.2,3,39,4,1,338,22,0,9,4,17,0,0,0,0,1,7,10,1.51,10,0,0,0,0,0,0.00,0,0,0,0,0,14,6,8,6,0,11,91.7,1,8,11,25,50,0,472,40,3,0,0.0,1,100.0,224,0,6,1,270,75,25.5,84,6,1,11,19,1.00,5,10,-5,-0.76,-0.45,8.6,9.1,-0.6,-0.08,+0.32,0,5,0,0,0,15,24,52.2
661,Santiago Moya,ar ARG,DF,Aldosivi,22-117,2003,3,2,198,2.2,0,1,1,0,0,0,0,0,0.0,0.0,0.7,0.7,3,3,0,0.00,0.45,0.45,0.00,0.45,0.01,0.31,0.32,0.01,0.32,Matches,1,0,0.0,0.45,0.00,0.00,,11.9,0,0.02,0.0,0.0,41,56,73.2,848,385,12,14,85.7,24,29,82.8,5,13,38.5,0.0,+0.3,1,3,0,0,52,4,0,0,0,0,0,0,0,0,0,0,2,0.91,1,0,0,0,0,1,0.46,0,0,0,0,0,4,2,4,0,0,3,75.0,1,0,3,7,14,0,89,16,5,1,100.0,0,0.0,25,0,0,0,32,,,,0,0,,6,,,,,,,,,,,,0,3,0,0,0,9,5,100.0
662,Santiago Moyano,ar ARG,"DF,MF",Cen. Córdoba–SdE,28-015,1997,14,12,1121,12.5,0,1,1,0,0,0,3,0,0.1,0.1,0.6,0.7,27,58,56,0.00,0.08,0.08,0.00,0.08,0.00,0.05,0.05,0.00,0.05,Matches,2,2,100.0,0.16,0.16,0.00,0.00,18.8,0,0.03,-0.1,-0.1,488,644,75.8,8346,3371,223,264,84.5,218,273,79.9,38,75,50.7,0.7,+0.4,9,48,15,9,521,123,0,2,40,119,0,0,0,0,0,15,16,1.28,13,1,2,0,0,2,0.16,2,0,0,0,0,27,20,11,14,2,20,64.5,11,19,13,40,26,0,771,23,6,16,84.2,3,15.8,336,3,16,8,411,80,46.1,89,11,2,28,5,1.21,19,18,+1,+0.08,+0.01,17.1,14.6,+2.5,+0.20,+0.15,0,16,0,0,0,75,11,42.3
665,Santiago Múñoz,co COL,MF,Ind. Rivadavia,26-063,1999,2,0,20,0.2,0,0,0,0,0,0,0,0,0.0,0.0,0.0,0.0,0,2,4,0.00,0.00,0.00,0.00,0.00,0.00,0.00,0.00,0.00,0.00,Matches,0,0,,0.00,0.00,,,,0,,0.0,0.0,7,11,63.6,79,17,5,5,100.0,2,4,50.0,0,1,0.0,0.0,0.0,0,0,2,0,11,0,0,0,2,0,0,0,0,0,0,0,2,9.00,2,0,0,0,0,1,4.50,1,0,0,0,0,0,0,0,0,0,0,,0,0,0,0,0,0,12,0,0,0,0.0,1,100.0,6,0,0,0,7,10,0.8,,0,2,10,6,0.00,1,0,+1,+4.50,+4.50,0.9,0.4,+0.5,+2.18,+2.49,0,0,0,0,0,2,0,
683,Santiago Núñez,ar ARG,DF,Estudiantes–LP,25-162,2000,20,17,1623,18.0,1,0,1,1,0,0,10,0,0.4,0.4,0.0,0.5,5,32,2,0.06,0.00,0.06,0.06,0.06,0.02,0.00,0.03,0.02,0.03,Matches,6,1,16.7,0.33,0.06,0.17,1.00,10.9,0,0.07,+0.6,+0.6,665,807,82.4,12582,5268,210,243,86.4,387,439,88.2,58,99,58.6,0.2,0.0,1,25,0,0,776,29,0,3,1,4,0,0,0,0,2,5,6,0.33,5,0,0,0,0,0,0.00,0,0,0,0,0,37,27,28,7,2,21,72.4,8,8,54,91,137,2,1094,139,10,2,100.0,0,0.0,490,1,14,2,591,81,66.8,90,17,3,31,4,1.19,21,23,-2,-0.11,-0.22,19.4,18.4,+1.0,+0.05,-0.22,0,29,0,0,0,54,63,60.0
,Santiago Postel,,,,,,,,,,,,,,,,,,,,,,,,,,,,,,,,,,,,,,,,,,,,,,,,,,,,,,,,,,,,,,,,,,,,,,,,,,,,,,,,,,,,,,,,,,,,,,,,,,,,,,,,,,,,,,,,,,,,,,,,,,0,0,,1,,,,,,,,,,,,,,,,,,,
,Santiago Puzzo,,,,,,,,,,,,,,,,,,,,,,,,,,,,,,,,,,,,,,,,,,,,,,,,,,,,,,,,,,,,,,,,,,,,,,,,,,,,,,,,,,,,,,,,,,,,,,,,,,,,,,,,,,,,,,,,,,,,,,,,,,0,0,,2,,,,,,,,,,,,,,,,,,,
798,Santiago Quiros,ar ARG,DF,Racing Club,22-218,2003,10,8,680,7.6,0,0,0,0,0,0,0,0,0.0,0.0,0.0,0.0,12,22,2,0.00,0.00,0.00,0.00,0.00,0.00,0.00,0.00,0.00,0.00,Matches,0,0,,0.00,0.00,,,,0,,0.0,0.0,240,322,74.5,4868,1414,84,95,88.4,108,127,85.0,41,86,47.7,0.1,0.0,0,25,1,0,300,20,0,7,0,8,0,0,0,0,2,1,1,0.13,1,0,0,0,0,0,0.00,0,0,0,0,0,6,3,5,1,0,5,50.0,5,5,14,20,40,1,405,40,0,1,25.0,3,75.0,219,0,1,2,243,68,28.0,82,5,2,13,15,1.45,10,6,+4,+0.53,+0.32,8.4,10.6,-2.3,-0.30,-0.38,0,2,0,0,0,28,5,55.6
852,Santiago Rodriguez,ar ARG,"MF,FW",Arg Juniors,28-046,1997,10,0,169,1.9,0,0,0,0,0,0,0,0,0.1,0.1,0.1,0.2,5,8,14,0.00,0.00,0.00,0.00,0.00,0.06,0.06,0.12,0.06,0.12,Matches,3,2,66.7,1.60,1.07,0.00,0.00,21.5,0,0.04,-0.1,-0.1,60,86,69.8,904,282,36,42,85.7,18,29,62.1,5,11,45.5,0.2,-0.1,4,4,2,1,72,13,0,1,14,2,4,3,1,0,1,2,9,4.79,5,2,0,0,0,0,0.00,0,0,0,0,0,8,5,4,1,3,2,40.0,3,6,1,9,1,0,122,0,5,1,20.0,4,80.0,56,1,11,6,75,17,7.0,,0,10,17,5,2.10,1,3,-2,-1.07,-1.90,1.9,2.8,-0.9,-0.46,-0.93,0,3,0,0,0,11,3,42.9
853,Santiago Rodriguez,ar ARG,"FW,MF",Sarmiento,28-046,1997,9,4,405,4.5,0,1,1,0,0,0,0,0,0.7,0.7,0.2,0.9,6,13,17,0.00,0.22,0.22,0.00,0.22,0.16,0.04,0.20,0.16,0.20,Matches,3,2,66.7,1.60,1.07,0.00,0.00,21.5,0,0.04,-0.1,-0.1,60,86,69.8,904,282,36,42,85.7,18,29,62.1,5,11,45.5,0.2,-0.1,4,4,2,1,72,13,0,1,14,2,4,3,1,0,1,2,9,4.79,5,2,0,0,0,0,0.00,0,0,0,0,0,8,5,4,1,3,2,40.0,3,6,1,9,1,0,122,0,5,1,20.0,4,80.0,56,1,11,6,75,17,7.0,,0,10,17,5,2.10,1,3,-2,-1.07,-1.90,1.9,2.8,-0.9,-0.46,-0.93,0,3,0,0,0,11,3,42.9
886,Santiago Salle,ar ARG,"FW,MF",Independiente,21-126,2004,3,1,131,1.5,0,0,0,0,0,0,0,0,0.0,0.0,0.0,0.0,9,1,10,0.00,0.00,0.00,0.00,0.00,0.00,0.01,0.01,0.00,0.01,Matches,0,0,,0.00,0.00,,,,0,,0.0,0.0,22,40,55.0,246,96,16,20,80.0,3,8,37.5,0,5,0.0,0.0,0.0,1,1,1,0,38,2,0,0,8,2,0,0,0,0,0,6,1,0.69,1,0,0,0,0,0,0.00,0,0,0,0,0,4,2,1,3,0,2,100.0,0,1,1,5,3,0,59,2,5,2,50.0,2,50.0,30,1,4,2,31,44,5.6,68,0,2,32,10,2.25,2,2,0,0.00,-0.29,1.1,2.6,-1.5,-1.04,-1.13,0,6,0,0,0,6,2,66.7
887,Santiago Salle,ar ARG,"FW,MF",San Martín de San Juan,21-126,2004,11,9,800,8.9,1,1,2,1,0,0,2,0,0.6,0.6,1.5,2.1,23,22,48,0.11,0.11,0.23,0.11,0.23,0.07,0.17,0.24,0.07,0.24,Matches,0,0,,0.00,0.00,,,,0,,0.0,0.0,22,40,55.0,246,96,16,20,80.0,3,8,37.5,0,5,0.0,0.0,0.0,1,1,1,0,38,2,0,0,8,2,0,0,0,0,0,6,1,0.69,1,0,0,0,0,0,0.00,0,0,0,0,0,4,2,1,3,0,2,100.0,0,1,1,5,3,0,59,2,5,2,50.0,2,50.0,30,1,4,2,31,44,5.6,68,0,2,32,10,2.25,2,2,0,0.00,-0.29,1.1,2.6,-1.5,-1.04,-1.13,0,6,0,0,0,6,2,66.7
910,Santiago Segovia,ar ARG,MF,Rosario Central,18-196,2007,5,3,209,2.3,0,1,1,0,0,0,0,0,0.0,0.0,0.4,0.4,8,16,3,0.00,0.43,0.43,0.00,0.43,0.01,0.18,0.19,0.01,0.19,Matches,1,0,0.0,0.43,0.00,0.00,,29.4,0,0.02,0.0,0.0,67,99,67.7,1435,460,19,26,73.1,29,38,76.3,17,30,56.7,0.4,+0.6,2,9,2,0,82,16,1,2,15,2,7,2,4,0,1,1,5,2.15,3,2,0,0,0,3,1.29,2,1,0,0,0,6,4,2,2,2,4,80.0,1,0,0,6,0,0,121,0,0,6,54.5,5,45.5,56,0,3,2,76,42,8.9,62,0,2,12,18,1.80,2,1,+1,+0.43,-0.37,2.8,2.0,+0.9,+0.37,-0.11,0,2,0,0,0,9,1,33.3
923,Santiago Simón,ar ARG,MF,River Plate,23-117,2002,11,5,489,5.4,0,0,0,0,0,0,0,1,0.4,0.4,1.0,1.3,10,45,27,0.00,0.00,0.00,0.00,0.00,0.07,0.18,0.24,0.07,0.24,Matches,5,0,0.0,0.92,0.00,0.00,,23.4,0,0.07,-0.4,-0.4,248,333,74.5,4034,1142,135,158,85.4,92,112,82.1,17,37,45.9,0.4,-1.0,7,42,5,2,320,11,2,1,18,8,1,0,1,0,2,17,23,4.23,19,1,2,0,0,1,0.18,0,1,0,0,0,22,13,2,15,5,4,33.3,8,3,3,25,8,0,393,6,5,7,50.0,7,50.0,200,2,6,8,271,44,20.1,67,0,6,25,3,2.00,8,2,+6,+1.10,+0.50,7.6,4.3,+3.4,+0.62,+0.22,0,8,0,0,0,33,5,71.4
927,Santiago Solari,ar ARG,"MF,FW",Racing Club,27-262,1998,20,11,938,10.4,4,2,6,4,0,0,5,0,2.8,2.8,2.2,5.1,37,29,102,0.38,0.19,0.58,0.38,0.58,0.27,0.21,0.49,0.27,0.49,Matches,18,9,50.0,1.73,0.86,0.22,0.44,15.5,0,0.16,+1.2,+1.2,181,298,60.7,2630,800,101,147,68.7,65,93,69.9,9,29,31.0,1.2,-0.2,12,22,12,4,291,6,1,1,28,1,0,0,0,0,1,23,27,2.59,23,0,2,1,0,5,0.48,2,0,2,0,0,17,7,4,13,0,4,57.1,3,3,2,19,10,1,406,8,41,11,50.0,10,45.5,213,12,30,9,273,47,38.6,68,0,9,21,1,1.43,15,9,+6,+0.58,+0.46,14.0,11.0,+3.0,+0.29,+0.51,0,14,0,0,0,48,11,33.3
934,Santiago Sosa,ar ARG,"DF,MF",Racing Club,26-158,1999,20,19,1637,18.2,0,1,1,0,0,0,6,1,0.8,0.8,0.3,1.1,10,102,18,0.00,0.05,0.05,0.00,0.05,0.04,0.01,0.06,0.04,0.06,Matches,17,4,23.5,0.93,0.22,0.00,0.00,16.4,0,0.05,-0.8,-0.8,789,998,79.1,16397,5825,219,273,80.2,442,511,86.5,120,180,66.7,0.4,+0.7,6,73,4,0,964,33,1,5,10,1,0,0,0,0,1,10,33,1.81,26,1,1,0,1,3,0.16,3,0,0,0,0,47,31,24,19,4,23,65.7,12,12,52,99,117,1,1292,89,24,5,55.6,4,44.4,482,0,16,6,616,82,67.4,85,17,1,18,1,1.80,27,17,+10,+0.55,+0.78,23.8,22.4,+1.4,+0.08,+0.32,1,33,0,0,0,88,134,67.0
935,Santiago Sosa,ar ARG,MF,Defensa y Just,20-251,2005,4,1,106,1.2,0,0,0,0,0,0,1,0,0.1,0.1,0.0,0.1,0,3,3,0.00,0.00,0.00,0.00,0.00,0.05,0.00,0.05,0.05,0.05,Matches,17,4,23.5,0.93,0.22,0.00,0.00,16.4,0,0.05,-0.8,-0.8,789,998,79.1,16397,5825,219,273,80.2,442,511,86.5,120,180,66.7,0.4,+0.7,6,73,4,0,964,33,1,5,10,1,0,0,0,0,1,10,33,1.81,26,1,1,0,1,3,0.16,3,0,0,0,0,47,31,24,19,4,23,65.7,12,12,52,99,117,1,1292,89,24,5,55.6,4,44.4,482,0,16,6,616,82,67.4,85,17,1,18,1,1.80,27,17,+10,+0.55,+0.78,23.8,22.4,+1.4,+0.08,+0.32,1,33,0,0,0,88,134,67.0
968,Santiago Toloza,ar ARG,"FW,MF",Platense,22-345,2002,4,0,53,0.6,0,0,0,0,0,0,0,0,0.1,0.1,0.2,0.3,1,5,4,0.00,0.00,0.00,0.00,0.00,0.11,0.19,0.30,0.11,0.30,Matches,4,0,0.0,6.79,0.00,0.00,,27.4,0,0.02,-0.1,-0.1,33,44,75.0,458,117,20,24,83.3,12,14,85.7,0,3,0.0,0.1,-0.2,1,2,2,0,42,2,0,0,1,1,1,0,1,0,0,2,7,7.78,5,0,0,1,0,0,0.00,0,0,0,0,0,0,0,0,0,0,0,0.0,1,1,0,0,0,0,52,1,3,2,100.0,0,0.0,37,0,1,0,37,13,2.3,,0,4,13,13,0.25,0,2,-2,-3.40,-3.36,1.6,1.2,+0.4,+0.45,+0.53,0,2,0,0,0,6,0,
995,Santiago Vera,ar ARG,MF,Deportivo Riestra,26-300,1998,2,0,18,0.2,0,0,0,0,0,0,0,0,0.0,0.0,0.0,0.0,1,2,2,0.00,0.00,0.00,0.00,0.00,0.18,0.00,0.18,0.18,0.18,Matches,1,1,100.0,5.00,5.00,0.00,0.00,12.2,0,0.04,0.0,0.0,5,5,100.0,147,74,1,1,100.0,2,2,100.0,2,2,100.0,0.0,0.0,0,0,0,0,4,1,0,1,1,0,1,0,1,0,0,0,1,5.00,0,0,0,0,0,0,0.00,0,0,0,0,0,0,0,0,0,0,0,,0,0,0,0,1,0,8,1,1,0,,0,,6,0,0,0,7,9,0.7,,0,2,9,5,2.00,2,0,+2,+10.00,+9.55,1.2,0.3,+0.9,+4.59,+4.74,0,2,0,0,0,0,0,
1009,Santiago Villarreal,ar ARG,"FW,MF",Gimnasia–LP,19-322,2005,4,0,58,0.6,0,0,0,0,0,0,0,1,0.0,0.0,0.0,0.1,3,2,11,0.00,0.00,0.00,0.00,0.00,0.04,0.07,0.12,0.04,0.12,Matches,1,1,100.0,1.55,1.55,0.00,0.00,13.2,0,0.03,0.0,0.0,24,33,72.7,345,118,16,19,84.2,6,9,66.7,2,3,66.7,0.2,0.0,2,2,2,2,30,3,0,0,5,3,0,0,0,0,0,2,2,3.10,2,0,0,0,0,0,0.00,0,0,0,0,0,1,1,0,1,0,0,0.0,2,1,0,1,1,0,42,0,5,1,33.3,2,66.7,28,0,1,2,30,15,2.4,,0,4,15,1,1.00,2,1,+1,+1.55,+2.12,0.5,1.1,-0.6,-0.95,-0.59,0,2,0,0,0,1,0,
44,Santino Andino,ar ARG,"FW,MF",Godoy Cruz,19-348,2005,18,14,1182,13.1,2,1,3,2,0,0,3,1,1.1,1.1,1.4,2.5,49,24,123,0.15,0.08,0.23,0.15,0.23,0.09,0.11,0.19,0.09,0.19,Matches,18,7,38.9,1.37,0.53,0.11,0.29,20.8,0,0.06,+0.9,+0.9,160,279,57.3,2286,765,90,127,70.9,51,81,63.0,8,25,32.0,0.8,-0.4,13,14,13,4,264,13,0,2,52,6,7,2,1,0,2,22,35,2.66,21,1,3,7,2,0,0.00,0,0,0,0,0,32,19,16,10,6,11,50.0,11,18,12,44,7,0,500,2,40,26,36.1,45,62.5,332,18,44,27,326,66,48.6,78,6,4,22,0,1.00,9,14,-5,-0.38,+0.34,10.7,13.7,-2.9,-0.22,+0.28,0,27,0,0,0,67,3,16.7
,Santino Barbi,,,,,,,,,,,,,,,,,,,,,,,,,,,,,,,,,,,,,,,,,,,,,,,,,,,,,,,,,,,,,,,,,,,,,,,,,,,,,,,,,,,,,,,,,,,,,,,,,,,,,,,,,,,,,,,,,,,,,,,,,,0,0,,2,,,,,,,,,,,,,,,,,,,
,Santino Primante,,,,,,,,,,,,,,,,,,,,,,,,,,,,,,,,,,,,,,,,,,,,,,,,,,,,,,,,,,,,,,,,,,,,,,,,,,,,,,,,,,,,,,,,,,,,,,,,,,,,,,,,,,,,,,,,,,,,,,,,,,0,0,,1,,,,,,,,,,,,,,,,,,,
,Santino Vera,,,,,,,,,,,,,,,,,,,,,,,,,,,,,,,,,,,,,,,,,,,,,,,,,,,,,,,,,,,,,,,,,,,,,,,,,,,,,,,,,,,,,,,,,,,,,,,,,,,,,,,,,,,,,,,,,,,,,,,,,,0,0,,1,,,,,,,,,,,,,,,,,,,
570,Sasha Marcich,ar ARG,DF,Lanús,27-132,1998,26,24,2219,24.7,1,4,5,1,0,0,4,0,1.2,1.2,2.1,3.3,37,114,94,0.04,0.16,0.20,0.04,0.20,0.05,0.08,0.13,0.05,0.13,Matches,20,7,35.0,0.81,0.28,0.05,0.14,22.0,1,0.06,-0.2,-0.2,864,1240,69.7,14584,7396,414,483,85.7,344,463,74.3,81,214,37.9,1.8,+1.9,15,94,18,8,964,271,0,5,75,227,7,0,6,0,5,43,37,1.50,21,9,1,3,1,6,0.24,4,1,0,1,0,60,41,27,22,11,27,51.9,25,19,28,88,121,0,1555,67,28,11,45.8,13,54.2,581,5,25,16,766,85,91.3,90,24,2,30,1,1.41,22,18,+4,+0.16,+0.16,28.1,25.0,+3.1,+0.13,+0.81,0,27,0,0,0,62,41,56.2
884,Saúl Salcedo,py PAR,DF,Newell's OB,28-040,1997,15,12,1022,11.4,0,0,0,0,0,0,0,0,1.0,1.0,0.0,1.0,14,43,2,0.00,0.00,0.00,0.00,0.00,0.08,0.00,0.09,0.08,0.09,Matches,9,1,11.1,0.79,0.09,0.00,0.00,13.8,0,0.11,-1.0,-1.0,360,405,88.9,7503,2879,103,111,92.8,199,210,94.8,55,71,77.5,0.1,0.0,2,29,0,0,385,18,0,6,0,7,0,0,0,0,2,4,12,1.06,8,1,0,1,0,0,0.00,0,0,0,0,0,18,11,14,4,0,8,88.9,1,8,14,32,89,0,566,101,10,2,50.0,1,25.0,279,0,4,2,299,68,42.1,82,8,3,13,4,1.13,6,14,-8,-0.70,-0.51,10.9,14.0,-3.2,-0.28,-0.20,0,8,1,0,1,41,45,69.2
124,Sebastián Boselli,uy URU,DF,Estudiantes–LP,21-308,2003,13,11,1044,11.6,0,0,0,0,0,0,3,0,0.3,0.3,0.0,0.3,7,42,5,0.00,0.00,0.00,0.00,0.00,0.03,0.00,0.03,0.03,0.03,Matches,5,0,0.0,0.43,0.00,0.00,,13.3,0,0.06,-0.3,-0.3,397,492,80.7,7899,3657,122,137,89.1,226,262,86.3,44,79,55.7,0.1,0.0,0,31,1,0,471,19,0,0,4,7,0,0,0,0,2,5,9,0.78,9,0,0,0,0,0,0.00,0,0,0,0,0,27,13,18,9,0,13,68.4,6,6,17,44,68,0,632,80,5,1,50.0,1,50.0,308,0,4,1,351,80,43.0,90,11,2,27,1,1.43,17,14,+3,+0.26,+0.52,14.2,12.4,+1.8,+0.16,+0.06,0,12,0,2,0,40,37,69.8
125,Sebastián Boselli,uy URU,DF,River Plate,21-308,2003,3,2,200,2.2,0,0,0,0,0,0,0,0,0.0,0.0,0.0,0.0,4,7,0,0.00,0.00,0.00,0.00,0.00,0.02,0.00,0.02,0.02,0.02,Matches,5,0,0.0,0.43,0.00,0.00,,13.3,0,0.06,-0.3,-0.3,397,492,80.7,7899,3657,122,137,89.1,226,262,86.3,44,79,55.7,0.1,0.0,0,31,1,0,471,19,0,0,4,7,0,0,0,0,2,5,9,0.78,9,0,0,0,0,0,0.00,0,0,0,0,0,27,13,18,9,0,13,68.4,6,6,17,44,68,0,632,80,5,1,50.0,1,50.0,308,0,4,1,351,80,43.0,90,11,2,27,1,1.43,17,14,+3,+0.26,+0.52,14.2,12.4,+1.8,+0.16,+0.06,0,12,0,2,0,40,37,69.8
241,Sebastián Cristóforo,uy URU,"MF,FW",Cen. Córdoba–SdE,32-046,1993,13,3,362,4.0,0,0,0,0,0,0,1,0,0.2,0.2,0.1,0.3,2,26,7,0.00,0.00,0.00,0.00,0.00,0.04,0.03,0.08,0.04,0.08,Matches,2,0,0.0,0.50,0.00,0.00,,20.7,0,0.09,-0.2,-0.2,148,181,81.8,2607,947,67,81,82.7,63,70,90.0,15,20,75.0,0.6,-0.1,2,17,2,1,172,8,1,1,5,0,3,2,1,0,1,3,8,1.98,6,1,0,1,0,0,0.00,0,0,0,0,0,12,8,3,8,1,8,53.3,7,2,6,18,7,0,231,10,4,4,80.0,1,20.0,121,0,10,6,137,28,14.9,60,0,10,18,12,1.31,5,6,-1,-0.25,-0.38,7.2,5.7,+1.5,+0.37,+0.30,0,1,0,0,0,27,7,53.8
287,Sebastián Driussi,ar ARG,"FW,MF",River Plate,29-241,1996,16,11,831,9.2,5,1,6,5,0,0,2,0,3.3,3.3,0.7,4.0,12,38,59,0.54,0.11,0.65,0.54,0.65,0.36,0.07,0.43,0.36,0.43,Matches,24,8,33.3,2.60,0.87,0.21,0.63,12.2,0,0.14,+1.7,+1.7,212,296,71.6,2996,818,123,154,79.9,63,79,79.7,9,22,40.9,0.8,+0.3,8,23,9,1,270,25,4,3,13,4,3,1,1,0,1,16,25,2.71,17,0,1,3,0,3,0.32,1,0,0,1,0,12,10,1,7,4,7,70.0,3,11,0,12,5,0,408,7,35,10,47.6,10,47.6,229,2,21,23,300,52,34.2,63,1,5,27,0,2.06,19,8,+11,+1.19,+0.74,13.2,11.1,+2.1,+0.23,-0.33,0,9,0,0,0,32,5,15.6
330,Sebastián Ferreira,py PAR,FW,Rosario Central,27-237,1998,8,4,308,3.4,2,0,2,2,0,0,0,0,1.8,1.8,0.0,1.8,1,1,9,0.58,0.00,0.58,0.58,0.58,0.51,0.00,0.51,0.51,0.51,Matches,5,4,80.0,1.46,1.17,0.40,0.50,7.7,0,0.35,+0.2,+0.2,38,56,67.9,535,52,21,32,65.6,11,13,84.6,2,2,100.0,0.0,0.0,0,0,0,0,49,7,0,0,1,0,0,0,0,0,0,2,2,0.58,0,0,0,1,0,0,0.00,0,0,0,0,0,2,2,1,0,1,1,50.0,1,1,0,2,5,0,85,5,10,3,60.0,2,40.0,33,1,7,6,49,39,13.2,65,0,4,12,5,1.44,4,3,+1,+0.29,-0.55,4.3,2.6,+1.7,+0.49,+0.02,0,5,0,0,0,6,8,61.5
426,Sebastián González,ar ARG,"MF,FW",San Martín de San Juan,33-218,1992,17,12,1030,11.4,1,0,1,1,0,0,1,0,0.7,0.7,1.9,2.6,13,63,38,0.09,0.00,0.09,0.09,0.09,0.06,0.17,0.23,0.06,0.23,Matches,11,2,18.2,0.96,0.17,0.09,0.50,19.2,2,0.06,+0.3,+0.3,404,524,77.1,7170,2370,187,213,87.8,134,162,82.7,63,102,61.8,2.1,-1.9,29,52,15,5,444,78,0,3,57,3,34,8,23,1,2,16,45,3.92,24,15,2,1,0,0,0.00,0,0,0,0,0,16,12,2,9,5,7,35.0,13,11,6,22,4,0,608,1,12,4,33.3,8,66.7,313,1,17,9,395,61,42.4,72,2,5,33,10,0.59,7,15,-8,-0.70,-0.18,10.2,13.2,-3.0,-0.26,+0.06,0,9,0,0,0,56,4,25.0
480,Sebastián Jaurena,ar ARG,MF,San Martín de San Juan,26-078,1999,24,16,1373,15.3,0,1,1,0,0,0,2,0,0.9,0.9,1.2,2.1,18,56,31,0.00,0.07,0.07,0.00,0.07,0.06,0.08,0.14,0.06,0.14,Matches,20,7,35.0,1.31,0.46,0.00,0.00,27.5,2,0.04,-0.9,-0.9,315,512,61.5,5963,2031,117,158,74.1,139,184,75.5,47,115,40.9,1.3,-0.2,24,42,12,8,433,74,1,1,63,3,26,9,13,1,5,25,39,2.56,24,10,3,1,1,2,0.13,2,0,0,0,0,38,19,12,20,6,22,66.7,11,12,8,46,27,0,717,23,11,26,55.3,21,44.7,283,1,34,17,298,57,56.5,74,5,8,23,1,0.83,7,17,-10,-0.66,-0.14,10.0,15.6,-5.6,-0.37,-0.15,0,14,0,0,0,81,20,50.0
518,Sebastián Lomonaco,ar ARG,"MF,FW",Gimnasia–LP,27-021,1998,3,0,57,0.6,0,0,0,0,0,0,0,0,0.2,0.2,0.1,0.3,1,2,9,0.00,0.00,0.00,0.00,0.00,0.29,0.16,0.45,0.29,0.45,Matches,2,1,50.0,3.16,1.58,0.00,0.00,20.0,0,0.09,-0.2,-0.2,7,13,53.8,114,18,3,5,60.0,4,4,100.0,0,0,,0.0,-0.1,1,1,1,1,11,0,0,0,1,0,0,0,0,0,2,1,5,7.89,3,0,0,1,0,0,0.00,0,0,0,0,0,1,1,1,0,0,0,,0,1,0,1,1,0,26,1,3,0,,0,,17,0,4,3,22,19,2.3,,0,3,19,3,1.00,0,0,0,0.00,+0.53,1.0,1.1,-0.1,-0.09,+0.29,0,0,0,0,0,3,2,66.7
603,Sebastián Medina,ar ARG,"MF,FW",Tigre,25-207,2000,20,9,856,9.5,1,2,3,1,0,0,3,0,0.7,0.7,0.9,1.6,18,29,48,0.11,0.21,0.32,0.11,0.32,0.07,0.10,0.17,0.07,0.17,Matches,16,3,18.8,1.68,0.32,0.06,0.33,27.3,1,0.04,+0.3,+0.3,158,236,66.9,2474,989,94,118,79.7,44,66,66.7,14,31,45.2,0.8,+1.1,14,17,6,1,221,15,0,2,29,0,10,1,8,0,0,13,21,2.21,10,6,0,2,1,2,0.21,1,0,0,0,1,27,15,13,11,3,11,47.8,12,12,7,34,14,0,369,3,11,5,25.0,14,70.0,169,0,18,7,205,43,35.2,72,1,11,19,7,1.81,10,4,+6,+0.63,+0.52,7.8,5.9,+1.9,+0.20,-0.16,0,21,0,0,0,39,9,42.9
619,Sebastián Meza,ar ARG,GK,Huracán,25-208,2000,3,3,270,3.0,0,0,0,0,0,0,2,0,0.0,0.0,0.0,0.0,0,0,0,0.00,0.00,0.00,0.00,0.00,0.00,0.00,0.00,0.00,0.00,Matches,0,0,,0.00,0.00,,,,0,,0.0,0.0,40,70,57.1,1125,736,7,7,100.0,20,21,95.2,13,41,31.7,0.0,0.0,0,1,0,0,55,14,0,0,0,0,0,0,0,0,1,0,0,0.00,0,0,0,0,0,0,0.00,0,0,0,0,0,0,0,0,0,0,0,,0,0,0,0,3,1,74,59,0,0,,0,,52,0,0,0,36,90,11.1,90,3,0,,23,0.75,2,6,-4,-1.33,-1.71,3.6,2.1,+1.4,+0.48,+0.27,0,1,0,0,0,3,1,100.0
,Sebastián Moyano,,,,,,,,,,,,,,,,,,,,,,,,,,,,,,,,,,,,,,,,,,,,,,,,,,,,,,,,,,,,,,,,,,,,,,,,,,,,,,,,,,,,,,,,,,,,,,,,,,,,,,,,,,,,,,,,,,,,,,,,,,0,0,,10,,,,,,,,,,,,,,,,,,,
715,Sebastián Palacios,ar ARG,FW,Talleres,33-261,1992,11,5,433,4.8,0,0,0,0,0,0,0,0,2.1,2.1,1.0,3.0,11,14,60,0.00,0.00,0.00,0.00,0.00,0.42,0.20,0.62,0.42,0.62,Matches,14,5,35.7,2.91,1.04,0.00,0.00,18.0,0,0.15,-2.1,-2.1,110,161,68.3,1617,521,56,72,77.8,39,46,84.8,6,23,26.1,1.0,-1.0,14,7,6,2,137,24,0,0,28,5,14,1,10,0,0,11,20,4.11,11,6,1,0,1,0,0.00,0,0,0,0,0,4,2,1,3,0,1,33.3,2,2,1,5,0,0,241,0,29,4,25.0,12,75.0,150,4,22,10,171,39,17.8,54,0,6,27,3,0.64,2,4,-2,-0.42,-0.15,8.0,2.8,+5.2,+1.08,+0.98,0,6,0,0,0,24,5,50.0
788,Sebastián Prieto,ar ARG,DF,Arg Juniors,32-182,1993,24,22,1919,21.3,2,1,3,2,0,0,4,0,0.6,0.6,1.2,1.8,60,98,115,0.09,0.05,0.14,0.09,0.14,0.03,0.05,0.08,0.03,0.08,Matches,22,5,22.7,1.03,0.23,0.09,0.40,22.8,0,0.03,+1.4,+1.4,956,1274,75.0,16813,6176,428,497,86.1,416,519,80.2,92,185,49.7,1.9,-0.2,21,83,27,11,1087,185,0,5,59,174,1,0,1,0,2,33,48,2.25,43,1,2,1,0,3,0.14,3,0,0,0,0,48,28,27,15,6,25,53.2,22,26,19,67,85,0,1529,59,35,14,43.8,18,56.3,722,6,16,10,886,80,79.0,84,16,2,31,1,1.73,25,13,+12,+0.56,-0.67,25.7,18.8,+6.9,+0.33,-0.37,0,20,0,0,0,83,34,50.0
979,Sebastián Valdez,ar ARG,DF,Independiente,29-336,1995,20,17,1605,17.8,0,0,0,0,0,0,2,0,0.4,0.4,0.2,0.6,20,82,2,0.00,0.00,0.00,0.00,0.00,0.02,0.01,0.03,0.02,0.03,Matches,8,3,37.5,0.45,0.17,0.00,0.00,11.9,0,0.05,-0.4,-0.4,822,934,88.0,15771,5367,287,321,89.4,445,477,93.3,86,123,69.9,0.2,-0.2,4,33,1,0,901,31,0,2,0,0,0,0,0,0,2,7,7,0.39,6,0,0,0,0,0,0.00,0,0,0,0,0,27,17,18,9,0,15,51.7,14,14,21,48,88,1,1127,121,16,13,68.4,6,31.6,614,0,8,7,689,80,68.6,87,16,3,40,2,1.65,23,14,+9,+0.50,+0.75,19.3,19.3,0.0,0.00,-0.09,0,11,0,0,0,74,57,57.6
1004,Sebastián Villa,co COL,FW,Ind. Rivadavia,29-142,1996,27,27,2421,26.9,5,5,10,2,3,4,4,0,5.9,2.7,7.8,10.6,115,111,254,0.19,0.19,0.37,0.07,0.26,0.22,0.29,0.51,0.10,0.39,Matches,50,18,36.0,1.86,0.67,0.04,0.11,26.1,8,0.05,-0.9,-0.7,684,1106,61.8,13937,4894,311,372,83.6,210,306,68.6,143,321,44.5,8.1,-2.8,67,81,53,26,889,194,8,19,281,15,101,31,51,0,23,48,129,4.80,67,37,8,10,0,10,0.37,5,3,1,1,0,21,8,5,7,9,8,42.1,11,13,5,26,6,0,1399,4,69,56,43.4,70,54.3,875,42,77,37,1012,90,99.6,90,25,0,,0,1.36,30,29,+1,+0.04,+0.04,29.0,36.5,-7.5,-0.28,+2.00,0,22,1,0,0,84,10,25.6
705,Sergio Ortíz,ar ARG,MF,Deportivo Riestra,24-227,2001,1,0,8,0.1,0,0,0,0,0,0,0,0,0.0,0.0,0.0,0.0,0,0,0,0.00,0.00,0.00,0.00,0.00,0.00,0.00,0.00,0.00,0.00,Matches,0,0,,0.00,0.00,,,,0,,0.0,0.0,0,0,,0,0,0,0,,0,0,,0,0,,0.0,0.0,0,0,0,0,0,0,0,0,0,0,0,0,0,0,0,0,0,0.00,0,0,0,0,0,0,0.00,0,0,0,0,0,1,0,0,1,0,1,100.0,0,0,0,1,0,0,2,1,0,0,,0,,0,0,0,0,0,8,0.3,,0,1,8,7,3.00,0,0,0,0.00,-0.52,0.0,0.2,-0.1,-1.53,-1.42,0,0,0,0,0,0,0,
,Sergio Sánchez,,,,,,,,,,,,,,,,,,,,,,,,,,,,,,,,,,,,,,,,,,,,,,,,,,,,,,,,,,,,,,,,,,,,,,,,,,,,,,,,,,,,,,,,,,,,,,,,,,,,,,,,,,,,,,,,,,,,,,,,,,0,0,,3,,,,,,,,,,,,,,,,,,,
1010,Sergio Vittor,ar ARG,DF,Banfield,36-121,1989,10,10,899,10.0,0,0,0,0,0,0,1,0,0.4,0.4,0.2,0.6,16,43,1,0.00,0.00,0.00,0.00,0.00,0.04,0.02,0.06,0.04,0.06,Matches,9,3,33.3,0.90,0.30,0.00,0.00,20.8,4,0.05,-0.4,-0.4,264,384,68.8,6711,3513,57,70,81.4,123,153,80.4,75,146,51.4,0.3,-0.2,4,51,3,1,343,40,0,20,4,4,0,0,0,0,1,3,7,0.70,6,0,0,0,0,0,0.00,0,0,0,0,0,16,10,8,7,1,9,75.0,3,4,22,38,60,2,512,62,7,1,50.0,1,50.0,224,0,10,3,231,90,37.0,90,9,0,,0,1.30,9,14,-5,-0.50,-0.21,10.1,11.7,-1.6,-0.16,+0.22,0,6,0,0,0,41,21,58.3
945,Sheyko Studer,ar ARG,DF,Ind. Rivadavia,22-330,2002,25,25,2210,24.6,1,1,2,1,0,0,8,0,1.0,1.0,0.2,1.2,5,26,3,0.04,0.04,0.08,0.04,0.08,0.04,0.01,0.05,0.04,0.05,Matches,13,5,38.5,0.53,0.20,0.08,0.20,12.8,0,0.08,0.0,0.0,597,770,77.5,12317,5199,166,192,86.5,340,384,88.5,81,163,49.7,0.1,+0.8,2,20,0,0,712,55,0,5,0,20,0,0,0,0,3,10,8,0.33,6,0,0,0,0,2,0.08,1,0,0,0,0,31,22,24,5,2,19,73.1,7,8,33,64,195,1,1125,194,28,6,50.0,6,50.0,461,1,14,6,518,88,90.9,88,24,0,,0,1.42,27,23,+4,+0.16,+1.39,25.0,32.1,-7.2,-0.29,-0.05,0,17,0,1,0,86,58,57.4
870,Silvio Romero,ar ARG,FW,Instituto,37-078,1988,8,0,112,1.2,0,0,0,0,0,0,1,0,0.2,0.2,0.0,0.2,0,2,2,0.00,0.00,0.00,0.00,0.00,0.14,0.00,0.14,0.14,0.14,Matches,3,0,0.0,2.41,0.00,0.00,,14.6,0,0.06,-0.2,-0.2,8,13,61.5,135,30,3,6,50.0,3,5,60.0,1,1,100.0,0.0,0.0,0,0,1,0,12,1,0,0,0,0,0,0,0,0,0,0,1,0.80,1,0,0,0,0,0,0.00,0,0,0,0,0,3,2,1,1,1,1,50.0,1,0,0,3,2,0,29,2,6,0,0.0,3,100.0,13,0,3,1,14,14,4.6,,0,8,14,8,1.25,2,1,+1,+0.80,+1.23,1.0,1.2,-0.2,-0.19,-0.16,0,2,0,0,0,2,0,0.0
976,Silvio Ulariaga,ar ARG,MF,Godoy Cruz,23-220,2002,1,0,5,0.1,0,0,0,0,0,0,0,0,0.0,0.0,0.0,0.0,0,0,1,0.00,0.00,0.00,0.00,0.00,0.00,0.00,0.00,0.00,0.00,Matches,0,0,,0.00,0.00,,,,0,,0.0,0.0,0,1,0.0,0,0,0,1,0.0,0,0,,0,0,,0.0,0.0,0,0,0,0,1,0,0,0,0,0,0,0,0,0,0,1,0,0.00,0,0,0,0,0,0,0.00,0,0,0,0,0,0,0,0,0,0,0,,0,0,0,0,0,0,2,0,1,0,,0,,4,0,1,1,4,5,0.2,,0,1,5,1,1.00,0,0,0,0.00,+0.56,0.0,0.0,0.0,0.00,+0.37,0,0,0,0,0,0,0,
837,Simón Rivero,ar ARG,"MF,FW",Tigre,22-175,2003,4,2,171,1.9,0,0,0,0,0,0,0,0,0.1,0.1,0.1,0.2,3,3,16,0.00,0.00,0.00,0.00,0.00,0.03,0.07,0.11,0.03,0.11,Matches,1,1,100.0,0.53,0.53,0.00,0.00,16.3,0,0.06,-0.1,-0.1,33,56,58.9,574,124,13,19,68.4,16,19,84.2,3,13,23.1,0.1,-0.1,1,3,1,1,47,9,0,0,12,0,6,5,1,0,0,0,2,1.05,0,1,0,1,0,0,0.00,0,0,0,0,0,5,4,1,2,2,0,0.0,5,0,1,6,3,0,82,3,5,8,72.7,3,27.3,34,2,6,2,39,43,7.0,58,0,2,28,5,1.75,1,1,0,0.00,-0.32,0.9,1.0,0.0,-0.03,-0.36,0,0,0,0,0,6,1,14.3
872,Siro Rosane,ar ARG,MF,Barracas Central,25-123,2000,23,3,974,10.8,0,1,1,0,0,0,4,0,0.2,0.2,0.6,0.9,4,30,10,0.00,0.09,0.09,0.00,0.09,0.02,0.06,0.08,0.02,0.08,Matches,12,1,8.3,1.11,0.09,0.00,0.00,25.3,0,0.02,-0.2,-0.2,358,467,76.7,6165,2129,168,203,82.8,143,177,80.8,34,59,57.6,0.4,+0.4,4,37,7,0,449,16,0,8,1,1,0,0,0,0,2,8,18,1.66,15,0,0,0,1,4,0.37,3,0,0,0,0,22,14,11,10,1,13,48.1,14,12,11,33,24,0,581,19,7,2,28.6,5,71.4,250,0,11,7,317,42,40.1,90,3,20,35,3,1.71,15,14,+1,+0.09,-0.09,14.6,10.8,+3.8,+0.35,+0.46,0,13,0,0,0,64,22,55.0
655,Stéfano Moreyra,ar ARG,MF,Instituto,24-019,2001,21,12,1180,13.1,0,0,0,0,0,0,6,0,0.4,0.4,0.4,0.9,4,52,7,0.00,0.00,0.00,0.00,0.00,0.03,0.03,0.07,0.03,0.07,Matches,12,1,8.3,0.92,0.08,0.00,0.00,22.5,0,0.04,-0.4,-0.4,362,473,76.5,6539,2710,155,193,80.3,161,188,85.6,38,63,60.3,0.4,-0.4,5,58,6,0,460,11,1,2,2,4,0,0,0,0,2,15,14,1.07,8,0,0,1,2,0,0.00,0,0,0,0,0,36,30,15,20,1,27,61.4,17,16,23,59,36,1,623,40,9,8,80.0,2,20.0,241,0,11,9,297,56,48.6,74,7,9,32,5,0.91,8,17,-9,-0.69,-0.61,14.1,14.8,-0.7,-0.05,-0.03,0,17,0,0,0,63,23,44.2
741,Taiel Peralta,ar ARG,FW,Huracán,17-017,2008,1,0,6,0.1,0,0,0,0,0,0,0,0,0.0,0.0,0.0,0.0,0,1,0,0.00,0.00,0.00,0.00,0.00,0.19,0.00,0.19,0.19,0.19,Matches,1,0,0.0,15.00,0.00,0.00,,27.6,0,0.01,0.0,0.0,1,1,100.0,15,13,0,0,,1,1,100.0,0,0,,0.0,0.0,0,0,0,0,1,0,0,0,0,0,0,0,0,0,0,0,0,0.00,0,0,0,0,0,0,0.00,0,0,0,0,0,0,0,0,0,0,0,,0,0,0,0,0,0,2,0,0,1,100.0,0,0.0,3,0,0,1,3,6,0.2,,0,1,6,1,3.00,0,0,0,0.00,-0.19,0.0,0.1,-0.1,-1.89,-2.14,0,0,0,0,0,0,0,
854,Teo Rodríguez,ar ARG,"MF,DF",San Lorenzo,19-361,2005,2,0,10,0.1,0,0,0,0,0,0,0,0,0.0,0.0,0.0,0.0,0,0,0,0.00,0.00,0.00,0.00,0.00,0.00,0.00,0.00,0.00,0.00,Matches,0,0,,0.00,0.00,,,,0,,0.0,0.0,1,4,25.0,12,12,1,1,100.0,0,2,0.0,0,0,,0.0,0.0,0,0,0,0,2,2,0,0,0,2,0,0,0,0,0,1,0,0.00,0,0,0,0,0,0,0.00,0,0,0,0,0,1,1,1,0,0,1,100.0,0,1,0,1,3,0,9,1,0,0,,0,,3,0,0,1,2,5,0.4,,0,2,5,12,2.00,0,0,0,0.00,-0.19,0.1,0.4,-0.3,-3.12,-3.36,0,0,0,0,0,1,0,
14,Thiago Acosta,ar ARG,MF,River Plate,20-225,2005,1,0,29,0.3,0,0,0,0,0,0,0,0,0.0,0.0,0.0,0.0,2,2,1,0.00,0.00,0.00,0.00,0.00,0.07,0.00,0.07,0.07,0.07,Matches,1,0,0.0,3.10,0.00,0.00,,26.7,0,0.02,0.0,0.0,13,18,72.2,213,57,4,5,80.0,5,6,83.3,2,4,50.0,0.0,0.0,0,2,0,0,16,2,0,0,2,0,1,1,0,0,0,1,1,3.10,1,0,0,0,0,0,0.00,0,0,0,0,0,3,2,0,3,0,0,,0,1,0,3,0,1,25,0,1,0,,0,,10,0,1,1,13,29,1.2,,0,1,29,0,0.00,0,1,-1,-3.10,-3.85,0.2,1.3,-1.1,-3.52,-4.01,0,0,0,0,0,2,0,0.0
181,Thiago Cardozo,uy URU,GK,Unión,29-069,1996,14,14,1256,14.0,0,0,0,0,0,0,0,1,0.1,0.1,0.0,0.1,0,0,0,0.00,0.00,0.00,0.00,0.00,0.01,0.00,0.01,0.01,0.01,Matches,1,0,0.0,0.07,0.00,0.00,,9.4,0,0.07,-0.1,-0.1,253,346,73.1,7309,5737,49,49,100.0,124,126,98.4,79,170,46.5,0.0,0.0,1,9,0,0,222,124,0,1,0,0,0,0,0,0,0,0,5,0.36,2,2,0,0,0,1,0.07,1,0,0,0,0,0,0,0,0,0,0,,0,0,0,0,3,0,362,315,1,0,,0,,187,0,0,0,121,90,51.7,90,13,0,,1,0.79,10,16,-6,-0.43,-0.81,16.8,14.8,+2.1,+0.15,-0.05,0,2,0,1,0,14,5,100.0
182,Thiago Cardozo,uy URU,GK,Belgrano,29-069,1996,11,11,990,11.0,0,0,0,0,0,0,1,0,0.0,0.0,0.0,0.0,0,0,0,0.00,0.00,0.00,0.00,0.00,0.00,0.00,0.00,0.00,0.00,Matches,1,0,0.0,0.07,0.00,0.00,,9.4,0,0.07,-0.1,-0.1,253,346,73.1,7309,5737,49,49,100.0,124,126,98.4,79,170,46.5,0.0,0.0,1,9,0,0,222,124,0,1,0,0,0,0,0,0,0,0,5,0.36,2,2,0,0,0,1,0.07,1,0,0,0,0,0,0,0,0,0,0,,0,0,0,0,3,0,362,315,1,0,,0,,187,0,0,0,121,90,51.7,90,13,0,,1,0.79,10,16,-6,-0.43,-0.81,16.8,14.8,+2.1,+0.15,-0.05,0,2,0,1,0,14,5,100.0
240,Thiago Cravero,ar ARG,MF,Belgrano,23-005,2002,4,2,179,2.0,0,0,0,0,0,0,1,0,0.0,0.0,0.0,0.0,1,15,1,0.00,0.00,0.00,0.00,0.00,0.01,0.00,0.01,0.01,0.01,Matches,2,1,50.0,1.01,0.50,0.00,0.00,37.3,0,0.01,0.0,0.0,74,91,81.3,1363,504,26,30,86.7,41,46,89.1,7,11,63.6,0.0,0.0,0,9,0,0,91,0,1,0,1,0,0,0,0,0,0,3,2,1.01,2,0,0,0,0,0,0.00,0,0,0,0,0,6,3,2,3,1,4,57.1,3,1,3,9,6,0,115,4,0,0,,0,,50,0,0,1,67,45,7.4,68,1,2,22,7,1.50,2,3,-1,-0.50,-0.22,1.4,2.2,-0.7,-0.37,-0.27,0,3,0,0,0,7,1,50.0
376,Thiago Gigena,ar ARG,"FW,MF",Newell's OB,20-008,2005,2,0,18,0.2,0,0,0,0,0,0,0,0,0.0,0.0,0.0,0.0,0,0,0,0.00,0.00,0.00,0.00,0.00,0.12,0.00,0.12,0.12,0.12,Matches,1,0,0.0,5.00,0.00,0.00,,11.9,0,0.02,0.0,0.0,1,1,100.0,13,0,1,1,100.0,0,0,,0,0,,0.0,0.0,0,0,0,0,0,1,0,0,0,0,0,0,0,0,0,0,0,0.00,0,0,0,0,0,0,0.00,0,0,0,0,0,0,0,0,0,0,0,,0,1,0,0,1,0,5,1,1,0,,0,,2,0,1,1,2,9,0.7,,0,2,9,5,0.50,0,1,-1,-5.00,-4.63,0.3,0.3,+0.1,+0.28,+0.45,0,0,0,0,0,0,0,
,Thiago Laplace,,,,,,,,,,,,,,,,,,,,,,,,,,,,,,,,,,,,,,,,,,,,,,,,,,,,,,,,,,,,,,,,,,,,,,,,,,,,,,,,,,,,,,,,,,,,,,,,,,,,,,,,,,,,,,,,,,,,,,,,,,0,0,,2,,,,,,,,,,,,,,,,,,,
,Thiago Perugini,,,,,,,,,,,,,,,,,,,,,,,,,,,,,,,,,,,,,,,,,,,,,,,,,,,,,,,,,,,,,,,,,,,,,,,,,,,,,,,,,,,,,,,,,,,,,,,,,,,,,,,,,,,,,,,,,,,,,,,,,,0,0,,14,,,,,,,,,,,,,,,,,,,
,Thiago Ponce,,,,,,,,,,,,,,,,,,,,,,,,,,,,,,,,,,,,,,,,,,,,,,,,,,,,,,,,,,,,,,,,,,,,,,,,,,,,,,,,,,,,,,,,,,,,,,,,,,,,,,,,,,,,,,,,,,,,,,,,,,0,0,,1,,,,,,,,,,,,,,,,,,,
,Thiago Santamaría,,,,,,,,,,,,,,,,,,,,,,,,,,,,,,,,,,,,,,,,,,,,,,,,,,,,,,,,,,,,,,,,,,,,,,,,,,,,,,,,,,,,,,,,,,,,,,,,,,,,,,,,,,,,,,,,,,,,,,,,,,0,0,,5,,,,,,,,,,,,,,,,,,,
921,Thiago Silvero,ar ARG,DF,Vélez Sarsfield,19-173,2006,7,1,179,2.0,0,0,0,0,0,0,1,0,0.2,0.2,0.0,0.2,0,4,1,0.00,0.00,0.00,0.00,0.00,0.09,0.00,0.09,0.09,0.09,Matches,2,1,50.0,1.01,0.50,0.00,0.00,19.2,0,0.09,-0.2,-0.2,44,76,57.9,807,452,21,27,77.8,20,31,64.5,3,14,21.4,0.0,0.0,0,4,0,0,58,18,0,0,0,15,0,0,0,0,0,5,0,0.00,0,0,0,0,0,0,0.00,0,0,0,0,0,5,3,4,1,0,3,50.0,3,0,5,10,13,0,114,13,1,0,0.0,1,100.0,26,0,2,0,35,26,7.4,90,1,6,15,8,2.29,3,5,-2,-1.01,-0.85,1.9,3.4,-1.4,-0.71,-0.67,0,3,0,0,0,7,10,66.7
,Thiago Yánez,,,,,,,,,,,,,,,,,,,,,,,,,,,,,,,,,,,,,,,,,,,,,,,,,,,,,,,,,,,,,,,,,,,,,,,,,,,,,,,,,,,,,,,,,,,,,,,,,,,,,,,,,,,,,,,,,,,,,,,,,,0,0,,2,,,,,,,,,,,,,,,,,,,
700,Thomas Ortega,ar ARG,"MF,DF",Ind. Rivadavia,24-306,2000,16,9,738,8.2,0,0,0,0,0,0,3,0,0.5,0.5,0.6,1.1,16,53,29,0.00,0.00,0.00,0.00,0.00,0.06,0.08,0.14,0.06,0.14,Matches,12,2,16.7,1.46,0.24,0.00,0.00,22.6,0,0.04,-0.5,-0.5,299,388,77.1,4829,1730,142,165,86.1,127,149,85.2,21,44,47.7,1.4,-0.6,8,40,7,3,358,25,3,2,8,18,0,0,0,0,5,9,20,2.44,16,0,2,0,1,0,0.00,0,0,0,0,0,14,11,8,4,2,7,53.8,6,14,3,17,12,0,482,17,15,9,52.9,7,41.2,273,2,17,11,301,46,30.4,67,0,7,19,4,1.50,6,8,-2,-0.24,-0.40,8.3,7.9,+0.4,+0.05,+0.48,0,13,0,1,0,48,11,40.7
589,Thomás de Martis,ar ARG,FW,Lanús,17-104,2008,1,0,12,0.1,0,0,0,0,0,0,0,0,0.0,0.0,0.0,0.0,0,0,0,0.00,0.00,0.00,0.00,0.00,0.00,0.00,0.00,0.00,0.00,Matches,0,0,,0.00,0.00,,,,0,,0.0,0.0,7,7,100.0,54,9,6,6,100.0,0,0,,0,0,,0.0,0.0,0,0,0,0,7,0,0,0,0,0,0,0,0,0,0,0,0,0.00,0,0,0,0,0,0,0.00,0,0,0,0,0,0,0,0,0,0,0,,0,0,0,0,0,0,8,0,0,0,,0,,5,0,1,0,5,12,0.5,,0,1,12,3,3.00,0,1,-1,-7.50,-7.69,0.0,0.3,-0.3,-2.61,-2.68,0,2,0,0,0,2,1,33.3
,Thyago Ayala,,,,,,,,,,,,,,,,,,,,,,,,,,,,,,,,,,,,,,,,,,,,,,,,,,,,,,,,,,,,,,,,,,,,,,,,,,,,,,,,,,,,,,,,,,,,,,,,,,,,,,,,,,,,,,,,,,,,,,,,,,0,0,,19,,,,,,,,,,,,,,,,,,,
716,Tiago Palacios,uy URU,"FW,MF",Estudiantes–LP,24-194,2001,25,24,1805,20.1,3,2,5,3,0,0,4,0,4.1,4.1,4.0,8.0,75,86,192,0.15,0.10,0.25,0.15,0.25,0.20,0.20,0.40,0.20,0.40,Matches,52,13,25.0,2.59,0.65,0.06,0.23,20.0,1,0.08,-1.1,-1.1,569,786,72.4,9378,2801,294,367,80.1,200,258,77.5,54,95,56.8,3.9,-2.0,31,63,34,9,721,61,7,9,67,15,23,11,7,0,4,25,75,3.74,44,9,13,3,0,3,0.15,3,0,0,0,0,31,21,5,16,10,10,27.0,27,19,10,41,12,0,1059,8,57,33,47.8,36,52.2,673,18,64,50,782,72,74.3,74,5,1,26,0,1.46,21,19,+2,+0.10,+0.53,20.3,17.4,+2.9,+0.14,+0.07,0,27,0,0,0,89,12,26.7
916,Tiago Serrago,ar ARG,"FW,MF",Aldosivi,21-245,2004,19,15,1223,13.6,2,1,3,2,0,0,2,0,1.9,1.9,1.5,3.4,48,53,78,0.15,0.07,0.22,0.15,0.22,0.14,0.11,0.25,0.14,0.25,Matches,37,15,40.5,2.72,1.10,0.05,0.13,21.1,0,0.05,+0.1,+0.1,272,415,65.5,4809,1718,125,159,78.6,102,144,70.8,37,72,51.4,1.4,-0.5,27,27,11,5,362,48,1,2,63,5,26,6,20,0,5,14,58,4.21,34,15,4,4,0,4,0.29,2,0,0,2,0,14,8,6,5,3,9,45.0,11,13,4,18,9,0,605,7,27,28,48.3,28,48.3,340,7,35,28,357,64,50.3,74,4,4,27,7,0.74,9,17,-8,-0.59,+0.38,11.4,20.3,-8.9,-0.65,-0.36,0,16,0,1,0,73,4,21.1
,Timoteo Chamorro,,,,,,,,,,,,,,,,,,,,,,,,,,,,,,,,,,,,,,,,,,,,,,,,,,,,,,,,,,,,,,,,,,,,,,,,,,,,,,,,,,,,,,,,,,,,,,,,,,,,,,,,,,,,,,,,,,,,,,,,,,0,0,,8,,,,,,,,,,,,,,,,,,,
755,Tiziano Perrotta,ar ARG,FW,Banfield,18-317,2006,1,1,71,0.8,0,0,0,0,0,0,0,0,0.3,0.3,0.1,0.3,1,2,2,0.00,0.00,0.00,0.00,0.00,0.32,0.09,0.41,0.32,0.41,Matches,2,1,50.0,2.54,1.27,0.00,0.00,7.1,0,0.13,-0.3,-0.3,6,11,54.5,72,42,5,6,83.3,1,4,25.0,0,0,,0.0,-0.1,1,2,0,0,10,1,0,0,0,0,0,0,0,0,0,0,1,1.27,1,0,0,0,0,0,0.00,0,0,0,0,0,0,0,0,0,0,0,,0,0,0,0,2,0,21,2,3,0,0.0,2,100.0,8,1,2,2,14,71,2.9,71,0,0,,3,1.00,0,0,0,0.00,+0.38,0.4,0.2,+0.2,+0.25,+0.56,0,0,0,0,0,0,5,50.0
47,Tobías Andrada,ar ARG,MF,Vélez Sarsfield,18-248,2007,9,3,382,4.2,0,0,0,0,0,0,1,0,0.3,0.3,0.0,0.3,4,17,15,0.00,0.00,0.00,0.00,0.00,0.07,0.01,0.08,0.07,0.08,Matches,4,1,25.0,0.94,0.24,0.00,0.00,21.0,0,0.07,-0.3,-0.3,125,168,74.4,2070,699,60,73,82.2,47,59,79.7,12,20,60.0,0.3,0.0,1,9,0,0,163,3,0,1,4,1,0,0,0,0,2,5,3,0.71,3,0,0,0,0,0,0.00,0,0,0,0,0,11,9,3,7,1,4,30.8,9,7,3,14,8,0,229,6,3,7,46.7,8,53.3,117,1,12,4,141,42,15.7,78,2,6,25,0,2.00,3,3,0,0.00,+0.26,5.0,4.0,+1.0,+0.24,+0.39,0,8,0,0,0,29,1,16.7
210,Tobías Cervera,sy SYR,"FW,MF",Platense,23-063,2002,3,0,46,0.5,0,0,0,0,0,0,1,0,0.0,0.0,0.1,0.1,1,1,2,0.00,0.00,0.00,0.00,0.00,0.06,0.13,0.19,0.06,0.19,Matches,1,0,0.0,1.96,0.00,0.00,,23.4,0,0.03,0.0,0.0,10,10,100.0,124,40,6,6,100.0,3,3,100.0,0,0,,0.0,-0.1,1,1,0,0,10,0,0,0,0,0,0,0,0,0,0,0,2,3.91,1,0,1,0,0,0,0.00,0,0,0,0,0,1,1,0,1,0,0,,0,1,0,1,1,0,21,1,0,2,50.0,2,50.0,16,0,4,1,16,15,2.0,,0,3,15,1,2.00,1,0,+1,+1.96,+2.11,0.3,0.5,-0.2,-0.34,-0.29,0,1,0,0,0,3,0,0.0
211,Tobías Cervera,sy SYR,FW,Aldosivi,23-063,2002,9,6,503,5.6,0,0,0,0,0,0,2,0,0.6,0.6,0.5,1.1,5,6,35,0.00,0.00,0.00,0.00,0.00,0.11,0.09,0.20,0.11,0.20,Matches,1,0,0.0,1.96,0.00,0.00,,23.4,0,0.03,0.0,0.0,10,10,100.0,124,40,6,6,100.0,3,3,100.0,0,0,,0.0,-0.1,1,1,0,0,10,0,0,0,0,0,0,0,0,0,0,0,2,3.91,1,0,1,0,0,0,0.00,0,0,0,0,0,1,1,0,1,0,0,,0,1,0,1,1,0,21,1,0,2,50.0,2,50.0,16,0,4,1,16,15,2.0,,0,3,15,1,2.00,1,0,+1,+1.96,+2.11,0.3,0.5,-0.2,-0.34,-0.29,0,1,0,0,0,3,0,0.0
505,Tobías Leiva,ar ARG,MF,Aldosivi,21-241,2004,20,12,1037,11.5,2,0,2,2,0,0,3,1,1.4,1.4,0.2,1.6,12,57,24,0.17,0.00,0.17,0.17,0.17,0.12,0.02,0.14,0.12,0.14,Matches,20,5,25.0,1.74,0.43,0.10,0.40,22.7,0,0.07,+0.6,+0.6,376,486,77.4,6532,1707,162,188,86.2,170,205,82.9,31,56,55.4,0.3,-0.2,8,47,5,2,472,13,0,3,7,1,1,0,1,0,1,10,22,1.91,17,0,1,0,1,2,0.17,1,0,0,0,1,26,16,8,18,0,8,36.4,14,10,9,35,8,1,628,10,18,15,45.5,18,54.5,358,2,23,11,393,52,42.7,71,3,8,24,4,0.80,9,21,-12,-1.04,-0.46,9.0,12.9,-3.9,-0.34,+0.23,0,14,0,0,0,75,12,44.4
708,Tobías Ostchega,ar ARG,DF,Belgrano,27-044,1998,13,8,851,9.5,0,1,1,0,0,0,5,0,0.1,0.1,0.6,0.7,19,31,28,0.00,0.11,0.11,0.00,0.11,0.01,0.06,0.07,0.01,0.07,Matches,2,0,0.0,0.21,0.00,0.00,,13.1,0,0.03,-0.1,-0.1,299,409,73.1,4932,1992,146,163,89.6,128,170,75.3,23,62,37.1,0.7,+0.4,5,23,5,3,330,78,0,0,23,72,0,0,0,0,1,8,14,1.48,8,3,1,0,1,1,0.11,1,0,0,0,0,17,12,8,9,0,13,72.2,5,4,6,23,40,1,508,19,6,8,47.1,8,47.1,219,2,7,1,261,65,35.0,82,6,5,39,7,1.15,8,10,-2,-0.21,+0.13,8.9,8.4,+0.5,+0.06,+0.28,0,14,0,1,0,26,17,68.0
712,Tobías Palacio,ar ARG,DF,Arg Juniors,18-331,2006,5,3,303,3.4,0,0,0,0,0,0,0,0,0.1,0.1,0.0,0.1,1,5,1,0.00,0.00,0.00,0.00,0.00,0.03,0.01,0.04,0.03,0.04,Matches,2,1,50.0,0.59,0.30,0.00,0.00,12.5,0,0.05,-0.1,-0.1,160,180,88.9,3035,1074,56,59,94.9,84,95,88.4,19,23,82.6,0.1,0.0,1,5,0,0,175,5,0,1,1,0,0,0,0,0,0,1,2,0.59,2,0,0,0,0,0,0.00,0,0,0,0,0,3,1,2,1,0,2,66.7,1,1,5,8,28,0,230,27,3,1,50.0,1,50.0,110,0,1,0,138,61,12.5,90,3,2,17,12,1.80,6,4,+2,+0.59,-0.13,5.0,4.0,+1.0,+0.30,-0.12,0,4,0,0,0,7,16,69.6
800,Tobías Quiroz,ar ARG,DF,Lanús,20-199,2005,1,1,90,1.0,0,0,0,0,0,0,1,0,0.0,0.0,0.0,0.0,0,1,0,0.00,0.00,0.00,0.00,0.00,0.00,0.00,0.00,0.00,0.00,Matches,0,0,,0.00,0.00,,,,0,,0.0,0.0,20,30,66.7,400,180,8,14,57.1,11,12,91.7,1,4,25.0,0.0,0.0,0,0,0,0,29,1,0,0,0,0,0,0,0,0,0,0,0,0.00,0,0,0,0,0,0,0.00,0,0,0,0,0,0,0,0,0,0,0,,0,0,4,4,7,0,44,9,0,0,,0,,8,0,0,0,14,90,3.7,90,1,0,,4,0.00,0,3,-3,-3.00,-3.27,0.4,1.6,-1.2,-1.16,-1.26,0,2,0,0,0,3,5,62.5
875,Tobías Rubio,ar ARG,DF,Defensa y Just,21-073,2004,6,3,293,3.3,0,0,0,0,0,0,2,0,0.2,0.2,0.2,0.4,7,12,15,0.00,0.00,0.00,0.00,0.00,0.06,0.05,0.11,0.06,0.11,Matches,6,1,16.7,1.84,0.31,0.00,0.00,24.4,0,0.03,-0.2,-0.2,118,154,76.6,1970,758,60,63,95.2,43,60,71.7,12,23,52.2,0.1,-0.2,2,8,3,1,128,26,0,0,11,23,0,0,0,0,0,5,6,1.84,5,0,0,0,0,0,0.00,0,0,0,0,0,11,10,5,5,1,8,88.9,1,3,4,15,15,0,200,13,5,2,33.3,4,66.7,81,0,4,8,99,49,12.1,90,3,3,8,18,1.67,4,8,-4,-1.23,-1.31,2.3,6.8,-4.5,-1.37,-1.34,0,2,0,0,0,16,2,25.0
,Tomas Castro,,,,,,,,,,,,,,,,,,,,,,,,,,,,,,,,,,,,,,,,,,,,,,,,,,,,,,,,,,,,,,,,,,,,,,,,,,,,,,,,,,,,,,,,,,,,,,,,,,,,,,,,,,,,,,,,,,,,,,,,,,0,0,,9,,,,,,,,,,,,,,,,,,,
432,Tomas Guiacobini,ar ARG,MF,Sarmiento,21-142,2004,5,3,200,2.2,0,0,0,0,0,0,2,0,0.1,0.1,0.0,0.2,2,21,2,0.00,0.00,0.00,0.00,0.00,0.06,0.02,0.08,0.06,0.08,Matches,1,0,0.0,0.45,0.00,0.00,,14.5,0,0.13,-0.1,-0.1,134,152,88.2,2688,718,55,60,91.7,52,55,94.5,24,29,82.8,0.1,0.0,2,19,1,0,143,8,0,4,0,3,0,0,0,0,1,2,4,1.80,4,0,0,0,0,1,0.45,1,0,0,0,0,9,6,4,5,0,3,75.0,1,2,0,9,2,0,171,3,2,1,33.3,2,66.7,89,0,1,2,120,40,8.5,49,0,2,27,7,0.20,1,6,-5,-2.25,-2.00,1.5,5.6,-4.0,-1.82,-1.63,0,5,0,0,0,10,5,71.4
17,Tomás Adoryán,am ARM,"MF,FW",Banfield,24-016,2001,20,11,920,10.2,1,1,2,1,0,0,5,0,1.5,1.5,0.9,2.4,24,58,49,0.10,0.10,0.20,0.10,0.20,0.15,0.09,0.23,0.15,0.23,Matches,23,6,26.1,2.25,0.59,0.04,0.17,23.0,1,0.07,-0.5,-0.5,284,399,71.2,4973,1443,124,151,82.1,126,164,76.8,24,52,46.2,0.6,+0.1,11,43,10,2,381,17,1,4,41,5,6,4,2,0,1,14,29,2.83,24,1,1,1,1,2,0.20,2,0,0,0,0,29,18,7,16,6,16,57.1,12,21,4,33,13,0,554,13,20,6,33.3,10,55.6,318,1,31,17,343,46,37.9,62,0,9,27,7,1.20,9,14,-5,-0.49,-0.19,10.9,12.1,-1.2,-0.12,+0.29,0,25,0,0,0,71,21,56.8
101,Tomás Belmonte,ar ARG,MF,Boca Juniors,27-134,1998,13,11,960,10.7,0,0,0,0,0,0,3,0,0.7,0.7,0.1,0.8,1,32,14,0.00,0.00,0.00,0.00,0.00,0.07,0.01,0.07,0.07,0.07,Matches,9,0,0.0,0.84,0.00,0.00,,19.4,0,0.08,-0.7,-0.7,362,420,86.2,6334,1689,166,179,92.7,158,170,92.9,33,47,70.2,0.1,-0.1,3,30,2,0,418,2,0,2,2,0,0,0,0,0,0,11,11,1.03,10,0,0,0,0,1,0.09,1,0,0,0,0,45,34,23,15,7,19,57.6,14,11,13,58,22,1,555,24,14,3,33.3,5,55.6,210,1,13,5,334,74,39.5,79,7,2,48,5,1.47,14,11,+3,+0.28,-0.94,10.8,11.1,-0.2,-0.02,-0.75,0,17,0,0,0,47,13,48.1
127,Tomás Bottari,ar ARG,MF,Ind. Rivadavia,24-165,2001,24,20,1679,18.7,0,0,0,0,0,0,5,0,0.0,0.0,0.2,0.2,8,70,6,0.00,0.00,0.00,0.00,0.00,0.00,0.01,0.01,0.00,0.01,Matches,0,0,,0.00,0.00,,,,0,,0.0,0.0,579,751,77.1,9789,3462,257,309,83.2,253,309,81.9,50,88,56.8,0.3,-0.2,5,47,1,0,719,28,1,5,2,3,0,0,0,0,4,16,16,0.86,12,0,0,2,2,1,0.05,0,0,0,1,0,53,36,22,27,4,26,41.9,36,19,41,94,38,0,944,48,0,5,83.3,1,16.7,346,0,15,15,425,70,69.1,79,9,4,26,0,1.36,19,20,-1,-0.05,-0.29,18.9,23.3,-4.4,-0.23,+0.17,0,33,0,0,1,115,33,53.2
176,Tomás Cardona,ar ARG,DF,Tigre,29-363,1995,6,4,388,4.3,0,0,0,0,0,0,1,0,0.1,0.1,0.0,0.1,7,18,2,0.00,0.00,0.00,0.00,0.00,0.02,0.00,0.02,0.02,0.02,Matches,3,1,33.3,0.70,0.23,0.00,0.00,13.9,0,0.03,-0.1,-0.1,124,162,76.5,2927,1389,37,42,88.1,56,62,90.3,31,52,59.6,0.0,0.0,0,18,0,0,146,14,0,5,0,1,0,0,0,0,2,1,1,0.23,0,0,0,0,0,0,0.00,0,0,0,0,0,8,4,5,3,0,4,57.1,3,0,7,15,54,0,238,38,6,0,,0,,101,0,2,0,105,65,16.0,90,4,2,14,1,1.67,6,4,+2,+0.46,+0.20,5.6,2.3,+3.3,+0.78,+0.56,0,2,0,0,0,10,28,75.7
177,Tomás Cardona,ar ARG,DF,Talleres,29-363,1995,2,2,180,2.0,0,0,0,0,0,0,1,0,0.0,0.0,0.0,0.0,1,8,0,0.00,0.00,0.00,0.00,0.00,0.00,0.00,0.00,0.00,0.00,Matches,3,1,33.3,0.70,0.23,0.00,0.00,13.9,0,0.03,-0.1,-0.1,124,162,76.5,2927,1389,37,42,88.1,56,62,90.3,31,52,59.6,0.0,0.0,0,18,0,0,146,14,0,5,0,1,0,0,0,0,2,1,1,0.23,0,0,0,0,0,0,0.00,0,0,0,0,0,8,4,5,3,0,4,57.1,3,0,7,15,54,0,238,38,6,0,,0,,101,0,2,0,105,65,16.0,90,4,2,14,1,1.67,6,4,+2,+0.46,+0.20,5.6,2.3,+3.3,+0.78,+0.56,0,2,0,0,0,10,28,75.7
203,Tomás Cavanagh,ar ARG,DF,Vélez Sarsfield,24-276,2001,4,3,207,2.3,0,0,0,0,0,0,2,0,0.0,0.0,0.2,0.2,2,5,15,0.00,0.00,0.00,0.00,0.00,0.01,0.09,0.10,0.01,0.10,Matches,1,0,0.0,0.43,0.00,0.00,,14.1,0,0.02,0.0,0.0,73,112,65.2,1246,481,36,50,72.0,29,43,67.4,7,12,58.3,0.1,-0.2,2,4,2,1,93,18,0,1,13,15,0,0,0,0,1,5,4,1.73,4,0,0,0,0,0,0.00,0,0,0,0,0,7,5,3,4,0,5,55.6,4,3,3,10,8,0,143,5,3,0,0.0,2,100.0,73,0,6,0,81,52,8.5,57,0,1,37,9,1.00,1,2,-1,-0.43,-0.23,0.9,2.1,-1.3,-0.54,-0.50,0,5,0,0,0,7,3,50.0
222,Tomás Conechny,ar ARG,"MF,FW",Racing Club,27-192,1998,9,4,493,5.5,1,0,1,1,0,0,3,0,1.2,1.2,0.2,1.4,8,16,39,0.18,0.00,0.18,0.18,0.18,0.23,0.03,0.26,0.23,0.26,Matches,9,2,22.2,1.64,0.37,0.11,0.50,13.3,0,0.14,-0.2,-0.2,115,168,68.5,1627,444,72,87,82.8,35,55,63.6,6,10,60.0,0.2,-0.2,3,12,1,0,164,3,0,2,9,3,0,0,0,0,1,6,14,2.56,12,0,0,0,0,1,0.18,1,0,0,0,0,11,7,4,5,2,8,66.7,4,6,0,11,8,0,239,6,20,3,33.3,5,55.6,115,1,15,11,137,55,20.3,78,1,5,36,1,1.22,7,6,+1,+0.18,-0.14,6.4,6.8,-0.4,-0.07,-0.06,0,18,0,0,0,26,13,38.2
289,Tomás Durso,ar ARG,GK,Atlé Tucumán,26-224,1999,11,11,990,11.0,0,0,0,0,0,0,1,0,0.0,0.0,0.0,0.0,0,0,0,0.00,0.00,0.00,0.00,0.00,0.00,0.00,0.00,0.00,0.00,Matches,0,0,,0.00,0.00,,,,0,,0.0,0.0,212,332,63.9,7230,5897,20,20,100.0,102,103,99.0,90,208,43.3,0.0,0.0,0,18,0,0,222,110,0,0,0,0,0,0,0,0,0,0,2,0.18,2,0,0,0,0,0,0.00,0,0,0,0,0,1,1,1,0,0,1,33.3,2,0,0,1,10,1,361,290,0,0,,0,,176,0,0,0,130,90,40.7,90,11,0,,6,0.64,11,17,-6,-0.55,-0.80,11.5,17.8,-6.3,-0.58,-0.71,0,0,0,0,0,6,2,66.7
325,Tomás Fernández,ar ARG,"MF,FW",San Martín de San Juan,27-061,1998,17,12,905,10.1,2,2,4,2,0,0,2,0,2.1,2.1,2.0,4.1,18,17,66,0.20,0.20,0.40,0.20,0.40,0.21,0.20,0.41,0.21,0.41,Matches,19,8,42.1,1.89,0.80,0.11,0.25,16.5,0,0.11,-0.1,-0.1,112,184,60.9,1782,530,56,80,70.0,33,55,60.0,12,23,52.2,1.0,0.0,15,10,10,7,178,3,1,3,24,0,1,0,1,0,3,7,20,1.99,15,0,1,1,0,2,0.20,2,0,0,0,0,12,7,5,5,2,4,23.5,13,15,3,15,3,0,307,4,36,17,48.6,18,51.4,178,9,39,21,200,53,37.2,66,0,5,23,2,0.76,7,8,-1,-0.10,+0.79,10.8,9.0,+1.9,+0.18,+0.77,0,13,0,0,0,43,10,34.5
358,Tomás Galván,ar ARG,MF,Vélez Sarsfield,25-180,2000,14,13,998,11.1,2,1,3,2,0,0,1,0,1.0,1.0,1.1,2.1,17,52,54,0.18,0.09,0.27,0.18,0.27,0.09,0.10,0.19,0.09,0.19,Matches,10,3,30.0,0.90,0.27,0.20,0.67,19.8,0,0.10,+1.0,+1.0,323,403,80.1,5308,1235,148,179,82.7,154,172,89.5,16,26,61.5,1.1,-0.1,9,38,9,0,387,10,3,0,5,1,3,0,0,0,6,10,29,2.62,23,0,2,4,0,3,0.27,1,0,0,2,0,16,12,2,11,3,4,36.4,7,6,11,27,3,0,511,2,21,13,41.9,17,54.8,284,3,22,11,365,71,41.1,75,4,1,25,7,1.43,11,11,0,0.00,+0.38,11.1,9.2,+1.9,+0.17,+0.43,0,9,1,0,0,50,11,31.4
433,Tomás Guidara,ar ARG,DF,Huracán,29-209,1996,21,20,1788,19.9,0,1,1,0,0,0,6,0,0.4,0.4,2.6,3.0,33,73,80,0.00,0.05,0.05,0.00,0.05,0.02,0.13,0.15,0.02,0.15,Matches,10,1,10.0,0.50,0.05,0.00,0.00,20.2,0,0.04,-0.4,-0.4,634,867,73.1,10813,5253,300,356,84.3,266,359,74.1,50,101,49.5,1.3,-1.6,17,54,16,9,624,242,1,2,45,222,0,0,0,0,1,29,43,2.16,31,5,0,3,3,3,0.15,1,2,0,0,0,60,42,33,21,6,35,79.5,9,18,26,86,57,0,1096,56,13,9,30.0,21,70.0,422,2,26,14,459,85,73.6,89,17,1,14,3,1.58,17,15,+2,+0.10,-0.32,25.2,16.1,+9.1,+0.46,+0.84,0,31,0,0,0,108,29,54.7
475,Tomás Jacob,ar ARG,"DF,MF",Newell's OB,21-171,2004,13,12,1043,11.6,0,0,0,0,0,0,2,0,0.5,0.5,0.0,0.5,19,22,18,0.00,0.00,0.00,0.00,0.00,0.04,0.00,0.04,0.04,0.04,Matches,7,3,42.9,0.60,0.26,0.00,0.00,20.6,0,0.07,-0.5,-0.5,280,355,78.9,5175,1708,108,127,85.0,141,164,86.0,26,47,55.3,0.1,0.0,1,22,1,1,327,28,0,1,10,16,0,0,0,0,0,9,9,0.78,3,0,2,0,3,0,0.00,0,0,0,0,0,35,16,24,10,1,19,70.4,8,9,12,47,57,1,520,71,5,15,78.9,3,15.8,228,2,17,6,225,80,42.9,87,9,1,4,2,1.38,10,10,0,0.00,+0.71,11.3,15.6,-4.3,-0.37,-0.37,0,11,0,0,0,64,15,62.5
490,Tomás Kummer,ar ARG,DF,Aldosivi,20-332,2004,6,3,370,4.1,0,0,0,0,0,0,0,0,0.0,0.0,0.0,0.0,3,11,0,0.00,0.00,0.00,0.00,0.00,0.00,0.00,0.00,0.00,0.00,Matches,0,0,,0.00,0.00,,,,0,,0.0,0.0,131,168,78.0,2978,1078,28,33,84.8,84,98,85.7,19,34,55.9,0.1,0.0,0,10,1,0,163,5,0,0,0,0,0,0,0,0,0,4,1,0.24,1,0,0,0,0,0,0.00,0,0,0,0,0,8,6,5,3,0,3,42.9,4,2,2,10,31,0,216,28,0,0,,0,,115,0,1,0,120,62,15.2,90,3,3,33,14,0.67,1,8,-7,-1.70,-1.09,2.4,6.6,-4.2,-1.02,-0.65,0,3,0,0,0,11,2,14.3
502,Tomás Lecanda,ar ARG,DF,San Martín de San Juan,23-252,2002,9,8,746,8.3,0,1,1,0,0,0,4,1,0.4,0.4,0.2,0.6,3,18,0,0.00,0.12,0.12,0.00,0.12,0.05,0.03,0.07,0.05,0.07,Matches,5,1,20.0,0.60,0.12,0.00,0.00,11.0,0,0.08,-0.4,-0.4,152,211,72.0,2841,1409,50,60,83.3,84,97,86.6,15,44,34.1,0.1,+0.8,3,7,1,0,193,17,0,1,0,0,0,0,0,0,1,3,4,0.48,2,1,0,0,0,1,0.12,0,0,0,0,0,19,12,11,7,1,7,70.0,3,4,9,28,61,0,327,41,8,1,25.0,3,75.0,94,1,4,4,118,83,30.7,90,7,1,28,3,0.67,3,8,-5,-0.60,-0.02,3.6,7.3,-3.7,-0.45,-0.21,0,11,0,0,0,21,21,55.3
569,Tomás Marchiori,ar ARG,GK,Vélez Sarsfield,30-110,1995,25,25,2188,24.3,0,0,0,0,0,0,1,0,0.0,0.0,0.1,0.1,0,0,0,0.00,0.00,0.00,0.00,0.00,0.00,0.00,0.00,0.00,0.00,Matches,0,0,,0.00,0.00,,,,0,,0.0,0.0,464,637,72.8,12500,9207,83,83,100.0,241,242,99.6,139,310,44.8,0.0,-0.1,2,7,0,0,397,239,0,0,0,0,0,0,0,0,1,0,2,0.08,2,0,0,0,0,0,0.00,0,0,0,0,0,0,0,0,0,0,0,,0,0,0,0,11,0,686,619,0,1,100.0,0,0.0,318,0,1,0,222,88,90.0,88,24,0,,1,1.32,20,24,-4,-0.16,+0.58,22.0,22.6,-0.5,-0.02,+0.64,0,1,0,1,0,28,8,100.0
,Tomás Menegón,,,,,,,,,,,,,,,,,,,,,,,,,,,,,,,,,,,,,,,,,,,,,,,,,,,,,,,,,,,,,,,,,,,,,,,,,,,,,,,,,,,,,,,,,,,,,,,,,,,,,,,,,,,,,,,,,,,,,,,,,,0,0,,6,,,,,,,,,,,,,,,,,,,
633,Tomás Molina,ar ARG,FW,Arg Juniors,30-179,1995,27,27,2059,22.9,10,1,11,9,1,2,3,0,13.0,11.4,1.7,13.2,34,37,139,0.44,0.04,0.48,0.39,0.44,0.57,0.08,0.64,0.50,0.58,Matches,75,31,41.3,3.28,1.36,0.12,0.29,12.7,0,0.15,-3.0,-2.4,315,456,69.1,4413,685,193,250,77.2,97,136,71.3,13,20,65.0,1.4,-0.7,20,19,9,1,411,41,2,3,16,5,0,0,0,0,4,13,50,2.19,24,0,6,13,0,7,0.31,1,0,4,1,0,28,20,4,16,8,7,35.0,13,11,2,30,12,0,773,16,140,26,38.8,38,56.7,402,16,86,33,565,76,84.7,76,6,0,,0,1.79,34,11,+23,+1.01,+1.98,29.1,16.9,+12.2,+0.53,+0.84,0,31,2,0,0,63,91,48.1
,Tomás Muro,,,,,,,,,,,,,,,,,,,,,,,,,,,,,,,,,,,,,,,,,,,,,,,,,,,,,,,,,,,,,,,,,,,,,,,,,,,,,,,,,,,,,,,,,,,,,,,,,,,,,,,,,,,,,,,,,,,,,,,,,,0,0,,1,,,,,,,,,,,,,,,,,,,
670,Tomás Nasif,ar ARG,FW,Banfield,21-279,2004,7,6,550,6.1,3,1,4,2,1,1,0,0,1.4,0.6,0.1,0.8,12,7,29,0.49,0.16,0.65,0.33,0.49,0.23,0.02,0.25,0.10,0.12,Matches,5,5,100.0,0.82,0.82,0.40,0.40,13.5,0,0.13,+1.6,+1.4,76,126,60.3,991,180,52,75,69.3,17,22,77.3,3,4,75.0,0.3,+0.9,3,3,3,1,115,11,0,0,2,0,0,0,0,0,0,10,12,1.96,7,1,2,1,0,2,0.33,1,0,0,0,0,1,0,0,1,0,0,0.0,3,4,1,2,4,0,193,4,26,7,50.0,7,50.0,105,5,24,7,132,79,22.6,87,2,1,29,0,1.29,5,7,-2,-0.33,+0.06,4.0,8.2,-4.3,-0.70,-0.51,0,9,0,0,0,13,22,37.3
684,Tomás O'Connor,ar ARG,MF,Rosario Central,21-197,2004,11,4,338,3.8,0,0,0,0,0,0,2,0,0.3,0.3,0.1,0.4,6,23,9,0.00,0.00,0.00,0.00,0.00,0.07,0.03,0.10,0.07,0.10,Matches,2,1,50.0,0.53,0.27,0.00,0.00,14.0,0,0.13,-0.3,-0.3,112,138,81.2,1751,540,62,71,87.3,42,50,84.0,5,8,62.5,0.3,-0.1,4,20,3,0,133,5,1,0,3,2,1,0,1,0,0,5,6,1.60,4,1,0,0,1,0,0.00,0,0,0,0,0,12,8,2,9,1,6,54.5,5,6,3,15,4,0,190,4,5,2,40.0,3,60.0,90,2,16,3,110,31,14.4,58,0,7,15,10,2.00,7,1,+6,+1.60,+0.97,3.7,3.5,+0.2,+0.05,-0.49,0,12,0,0,0,20,0,0.0
,Tomás Olmos,,,,,,,,,,,,,,,,,,,,,,,,,,,,,,,,,,,,,,,,,,,,,,,,,,,,,,,,,,,,,,,,,,,,,,,,,,,,,,,,,,,,,,,,,,,,,,,,,,,,,,,,,,,,,,,,,,,,,,,,,,0,0,,2,,,,,,,,,,,,,,,,,,,
779,Tomás Porra,ar ARG,"MF,DF",Barracas Central,21-272,2004,21,5,628,7.0,0,1,1,0,0,0,0,0,0.6,0.6,0.8,1.4,15,37,29,0.00,0.14,0.14,0.00,0.14,0.08,0.11,0.20,0.08,0.20,Matches,5,1,20.0,0.72,0.14,0.00,0.00,20.4,1,0.12,-0.6,-0.6,196,272,72.1,3263,1074,95,114,83.3,73,101,72.3,19,35,54.3,0.8,+0.2,12,21,7,3,253,19,0,2,20,8,8,2,3,0,0,12,24,3.44,17,3,1,2,1,2,0.29,2,0,0,0,0,16,13,8,4,4,6,42.9,8,9,4,20,16,0,368,2,14,9,45.0,11,55.0,195,2,20,7,225,30,25.8,69,2,16,18,6,1.55,9,9,0,0.00,-0.20,8.9,8.3,+0.6,+0.08,+0.02,0,10,0,0,0,37,11,42.3
785,Tomás Pozzo,ar ARG,MF,Godoy Cruz,25-011,2000,7,1,224,2.5,0,0,0,0,0,0,0,0,0.1,0.1,0.5,0.6,9,15,26,0.00,0.00,0.00,0.00,0.00,0.02,0.22,0.25,0.02,0.25,Matches,2,1,50.0,0.80,0.40,0.00,0.00,25.7,0,0.03,-0.1,-0.1,107,131,81.7,1635,526,64,68,94.1,25,33,75.8,11,18,61.1,0.8,-0.5,11,17,3,2,113,17,0,3,18,0,8,6,1,0,1,1,14,5.63,8,5,1,0,0,0,0.00,0,0,0,0,0,4,1,3,0,1,2,50.0,2,4,0,4,2,0,159,2,6,5,50.0,5,50.0,91,2,7,9,118,32,9.2,90,1,6,22,9,0.71,0,4,-4,-1.61,-1.16,2.1,2.0,+0.1,+0.05,+0.46,0,7,0,0,0,8,2,50.0
874,Tomás Rossi,ar ARG,DF,Godoy Cruz,26-173,1999,6,4,350,3.9,0,0,0,0,0,0,0,0,0.2,0.2,0.0,0.2,0,10,1,0.00,0.00,0.00,0.00,0.00,0.04,0.00,0.04,0.04,0.04,Matches,1,0,0.0,0.26,0.00,0.00,,10.2,0,0.15,-0.2,-0.2,133,166,80.1,2710,1077,43,49,87.8,72,82,87.8,17,31,54.8,0.0,0.0,0,6,0,0,148,18,0,1,1,1,0,0,0,0,0,1,0,0.00,0,0,0,0,0,0,0.00,0,0,0,0,0,2,1,2,0,0,2,33.3,4,1,4,6,26,0,203,25,2,0,,0,,94,0,0,0,113,58,14.4,83,3,2,10,15,1.33,2,3,-1,-0.26,+0.35,3.3,4.8,-1.5,-0.39,-0.02,0,4,0,0,0,10,11,50.0
,Tomás Salteño,,,,,,,,,,,,,,,,,,,,,,,,,,,,,,,,,,,,,,,,,,,,,,,,,,,,,,,,,,,,,,,,,,,,,,,,,,,,,,,,,,,,,,,,,,,,,,,,,,,,,,,,,,,,,,,,,,,,,,,,,,0,0,,1,,,,,,,,,,,,,,,,,,,
919,Tomás Silva,ar ARG,DF,Platense,22-214,2003,13,11,1010,11.2,0,0,0,0,0,0,3,1,0.4,0.4,0.7,1.1,10,37,35,0.00,0.00,0.00,0.00,0.00,0.03,0.07,0.10,0.03,0.10,Matches,11,2,18.2,0.98,0.18,0.00,0.00,26.8,0,0.03,-0.4,-0.4,270,441,61.2,4805,2607,131,159,82.4,103,171,60.2,34,89,38.2,0.7,-0.7,8,26,14,10,336,105,0,1,49,98,1,0,1,0,0,15,20,1.78,15,2,2,1,0,1,0.09,1,0,0,0,0,30,11,20,5,5,15,53.6,13,12,18,48,38,0,607,37,8,8,47.1,9,52.9,217,0,22,6,202,78,43.2,85,10,2,36,7,1.65,9,10,-1,-0.09,+0.05,11.4,11.0,+0.4,+0.04,+0.16,1,12,0,0,0,56,16,59.3
,Tomás Sultani,,,,,,,,,,,,,,,,,,,,,,,,,,,,,,,,,,,,,,,,,,,,,,,,,,,,,,,,,,,,,,,,,,,,,,,,,,,,,,,,,,,,,,,,,,,,,,,,,,,,,,,,,,,,,,,,,,,,,,,,,,0,0,,11,,,,,,,,,,,,,,,,,,,
,Ulises Giménez,,,,,,,,,,,,,,,,,,,,,,,,,,,,,,,,,,,,,,,,,,,,,,,,,,,,,,,,,,,,,,,,,,,,,,,,,,,,,,,,,,,,,,,,,,,,,,,,,,,,,,,,,,,,,,,,,,,,,,,,,,0,0,,1,,,,,,,,,,,,,,,,,,,
894,Ulises Sánchez,ar ARG,MF,Belgrano,27-104,1998,18,6,532,5.9,0,1,1,0,0,0,0,0,0.4,0.4,0.7,1.0,10,31,20,0.00,0.17,0.17,0.00,0.17,0.06,0.12,0.18,0.06,0.18,Matches,11,1,9.1,1.86,0.17,0.00,0.00,24.4,0,0.03,-0.4,-0.4,141,229,61.6,2992,1230,44,61,72.1,73,93,78.5,22,55,40.0,0.9,+0.3,7,24,3,0,198,29,3,3,31,4,14,9,4,0,2,12,21,3.55,13,4,2,2,0,1,0.17,0,1,0,0,0,14,6,5,8,1,10,55.6,8,5,6,20,7,0,310,7,10,11,68.8,5,31.3,149,4,20,4,167,30,21.9,60,1,12,14,7,1.22,4,5,-1,-0.17,+0.16,6.2,4.9,+1.3,+0.23,+0.45,0,3,0,0,0,36,2,25.0
,Uriel La Roza,,,,,,,,,,,,,,,,,,,,,,,,,,,,,,,,,,,,,,,,,,,,,,,,,,,,,,,,,,,,,,,,,,,,,,,,,,,,,,,,,,,,,,,,,,,,,,,,,,,,,,,,,,,,,,,,,,,,,,,,,,0,0,,4,,,,,,,,,,,,,,,,,,,
,Valente Pierani,,,,,,,,,,,,,,,,,,,,,,,,,,,,,,,,,,,,,,,,,,,,,,,,,,,,,,,,,,,,,,,,,,,,,,,,,,,,,,,,,,,,,,,,,,,,,,,,,,,,,,,,,,,,,,,,,,,,,,,,,,0,0,,6,,,,,,,,,,,,,,,,,,,
16,Valentino Acuña,ar ARG,"MF,FW",Newell's OB,19-254,2006,8,1,242,2.7,1,0,1,1,0,0,0,0,0.5,0.5,0.1,0.6,6,8,4,0.37,0.00,0.37,0.37,0.37,0.17,0.04,0.21,0.17,0.21,Matches,4,1,25.0,1.49,0.37,0.25,1.00,16.5,0,0.12,+0.5,+0.5,45,64,70.3,574,233,28,36,77.8,14,17,82.4,0,3,0.0,0.0,-0.1,1,5,0,0,62,2,0,0,3,1,1,0,1,0,0,6,3,1.12,2,0,1,0,0,0,0.00,0,0,0,0,0,8,3,0,4,4,2,50.0,2,3,0,8,4,0,104,4,7,7,63.6,4,36.4,56,2,8,4,55,30,10.0,83,0,7,23,9,1.13,2,2,0,0.00,+0.45,2.0,2.8,-0.7,-0.28,-0.13,0,4,0,0,0,19,0,0.0
,Valentino Gandín,,,,,,,,,,,,,,,,,,,,,,,,,,,,,,,,,,,,,,,,,,,,,,,,,,,,,,,,,,,,,,,,,,,,,,,,,,,,,,,,,,,,,,,,,,,,,,,,,,,,,,,,,,,,,,,,,,,,,,,,,,0,0,,1,,,,,,,,,,,,,,,,,,,
,Valentino Simoni,,,,,,,,,,,,,,,,,,,,,,,,,,,,,,,,,,,,,,,,,,,,,,,,,,,,,,,,,,,,,,,,,,,,,,,,,,,,,,,,,,,,,,,,,,,,,,,,,,,,,,,,,,,,,,,,,,,,,,,,,,0,0,,1,,,,,,,,,,,,,,,,,,,
,Valentino Torrente,,,,,,,,,,,,,,,,,,,,,,,,,,,,,,,,,,,,,,,,,,,,,,,,,,,,,,,,,,,,,,,,,,,,,,,,,,,,,,,,,,,,,,,,,,,,,,,,,,,,,,,,,,,,,,,,,,,,,,,,,,0,0,,1,,,,,,,,,,,,,,,,,,,
147,Valentín Burgoa,ar ARG,"MF,FW",Sarmiento,25-273,2000,15,5,615,6.8,1,0,1,1,0,0,0,0,0.8,0.8,0.3,1.1,15,18,36,0.15,0.00,0.15,0.15,0.15,0.12,0.05,0.17,0.12,0.17,Matches,12,6,50.0,1.76,0.88,0.08,0.17,27.2,1,0.07,+0.2,+0.2,154,225,68.4,2744,875,75,87,86.2,62,75,82.7,15,52,28.8,0.8,-0.3,11,15,4,3,199,25,1,4,37,4,12,7,4,0,1,6,20,2.93,12,5,1,2,0,1,0.15,0,0,0,1,0,10,7,5,3,2,6,46.2,7,8,5,15,5,0,305,3,6,9,45.0,11,55.0,169,2,20,8,184,41,26.3,74,2,10,25,1,1.00,6,5,+1,+0.15,+0.77,8.6,8.9,-0.3,-0.04,+0.39,0,5,0,0,0,48,2,15.4
267,Valentín Depietri,ar ARG,"FW,MF",Talleres,24-342,2000,24,16,1500,16.7,4,1,5,4,0,0,6,1,5.5,5.5,1.8,7.3,66,35,148,0.24,0.06,0.30,0.24,0.30,0.33,0.11,0.44,0.33,0.44,Matches,49,22,44.9,2.94,1.32,0.08,0.18,16.2,0,0.11,-1.5,-1.5,255,375,68.0,3970,919,149,195,76.4,85,117,72.6,15,34,44.1,1.5,-0.8,13,17,13,1,360,14,0,1,41,7,5,3,0,0,1,18,53,3.18,30,2,15,2,1,3,0.18,1,0,2,0,0,17,9,6,8,3,8,47.1,9,10,8,25,22,0,596,12,81,41,50.0,41,50.0,348,34,38,26,415,63,61.7,79,6,8,30,2,0.83,10,17,-7,-0.42,-0.32,19.9,16.6,+3.3,+0.20,-0.21,1,18,0,0,0,49,19,41.3
295,Valentín Escalante,ar ARG,FW,San Lorenzo,21-098,2004,1,0,1,0.0,0,0,0,0,0,0,0,0,0.0,0.0,0.0,0.0,0,0,0,0.00,0.00,0.00,0.00,0.00,0.00,0.00,0.00,0.00,0.00,Matches,0,0,,0.00,0.00,,,,0,,0.0,0.0,0,0,,0,0,0,0,,0,0,,0,0,,0.0,0.0,0,0,0,0,0,0,0,0,0,0,0,0,0,0,0,0,0,0.00,0,0,0,0,0,0,0.00,0,0,0,0,0,0,0,0,0,0,0,,0,0,0,0,0,0,0,0,0,0,,0,,0,0,0,0,0,1,0.0,,0,1,1,6,3.00,0,0,0,0.00,-0.19,0.0,0.0,0.0,0.00,-0.23,0,0,0,0,0,0,0,
310,Valentín Fascendini,ar ARG,DF,Unión,22-209,2003,16,15,1333,14.8,0,0,0,0,0,0,2,0,0.7,0.7,0.0,0.8,6,27,6,0.00,0.00,0.00,0.00,0.00,0.05,0.00,0.05,0.05,0.05,Matches,9,2,22.2,0.61,0.14,0.00,0.00,11.1,0,0.08,-0.7,-0.7,375,509,73.7,7849,3562,127,149,85.2,186,213,87.3,55,129,42.6,0.1,0.0,2,35,2,0,466,41,0,6,4,17,0,0,0,0,2,6,14,0.95,9,2,0,3,0,0,0.00,0,0,0,0,0,30,19,21,8,1,15,68.2,7,10,11,41,84,1,697,71,17,2,66.7,1,33.3,296,0,15,6,351,83,54.9,86,13,1,45,10,1.56,17,12,+5,+0.34,+0.83,15.6,12.9,+2.8,+0.19,+0.03,0,16,0,0,0,53,48,58.5
,Valentín Gelos,,,,,,,,,,,,,,,,,,,,,,,,,,,,,,,,,,,,,,,,,,,,,,,,,,,,,,,,,,,,,,,,,,,,,,,,,,,,,,,,,,,,,,,,,,,,,,,,,,,,,,,,,,,,,,,,,,,,,,,,,,0,0,,1,,,,,,,,,,,,,,,,,,,
406,Valentín Gómez,ar ARG,DF,Vélez Sarsfield,22-104,2003,8,8,687,7.6,0,0,0,0,0,0,2,1,0.0,0.0,0.0,0.0,6,29,1,0.00,0.00,0.00,0.00,0.00,0.00,0.00,0.00,0.00,0.00,Matches,2,0,0.0,0.26,0.00,0.00,,32.4,0,0.02,0.0,0.0,292,355,82.3,5414,2139,113,124,91.1,152,166,91.6,25,61,41.0,0.0,0.0,0,18,0,0,329,26,0,2,2,0,0,0,0,0,0,3,1,0.13,1,0,0,0,0,1,0.13,1,0,0,0,0,14,6,9,5,0,9,69.2,4,1,7,21,57,0,449,59,3,2,66.7,1,33.3,236,2,6,0,257,86,28.3,86,6,0,,0,1.50,6,8,-2,-0.26,-0.06,7.1,6.9,+0.2,+0.02,+0.15,0,3,0,1,0,33,19,76.0
498,Valentín Larralde,ar ARG,MF,Defensa y Just,24-327,2000,4,1,103,1.1,0,0,0,0,0,0,1,0,0.0,0.0,0.1,0.1,3,7,1,0.00,0.00,0.00,0.00,0.00,0.03,0.09,0.12,0.03,0.12,Matches,1,0,0.0,0.87,0.00,0.00,,21.2,0,0.04,0.0,0.0,44,57,77.2,682,212,22,26,84.6,16,17,94.1,4,9,44.4,0.2,-0.1,2,6,1,0,56,1,0,0,1,0,0,0,0,0,0,1,6,5.24,5,1,0,0,0,0,0.00,0,0,0,0,0,0,0,0,0,0,0,,0,0,1,1,0,0,68,0,0,1,100.0,0,0.0,37,0,6,0,53,26,4.2,56,0,3,16,10,0.25,0,2,-2,-1.75,-1.75,0.9,2.2,-1.4,-1.20,-1.06,0,2,0,0,0,6,0,0.0
654,Valentín Moreno,ar ARG,DF,Tigre,22-231,2003,2,1,135,1.5,0,0,0,0,0,0,1,0,0.0,0.0,0.0,0.0,2,1,7,0.00,0.00,0.00,0.00,0.00,0.00,0.00,0.00,0.00,0.00,Matches,1,0,0.0,0.67,0.00,0.00,,26.2,0,0.01,0.0,0.0,49,68,72.1,705,297,30,32,93.8,15,22,68.2,2,10,20.0,0.0,0.0,0,3,0,0,48,20,0,1,3,19,0,0,0,0,0,1,2,1.33,2,0,0,0,0,0,0.00,0,0,0,0,0,3,2,2,1,0,1,33.3,2,1,3,6,2,0,80,1,0,0,0.0,1,100.0,34,0,2,0,41,68,5.6,90,1,1,45,16,1.33,1,1,0,0.00,-0.31,2.4,0.6,+1.7,+1.15,+0.90,0,1,0,0,0,3,0,0.0
774,Vicente Poggi,uy URU,MF,Godoy Cruz,23-089,2002,26,21,1560,17.3,1,2,3,1,0,0,6,0,1.4,1.4,1.5,3.0,15,96,20,0.06,0.12,0.17,0.06,0.17,0.08,0.09,0.17,0.08,0.17,Matches,23,8,34.8,1.33,0.46,0.04,0.13,28.9,0,0.06,-0.4,-0.4,618,790,78.2,10501,3633,285,329,86.6,258,308,83.8,59,103,57.3,0.7,+0.5,16,80,9,2,769,18,1,7,10,2,0,0,0,0,3,14,40,2.31,35,0,1,0,1,4,0.23,4,0,0,0,0,67,45,20,41,6,24,53.3,21,20,23,90,24,0,978,36,12,7,43.8,9,56.3,456,1,21,11,517,60,64.2,69,8,5,22,1,0.96,10,23,-13,-0.75,-0.54,16.1,19.3,-3.2,-0.18,+0.51,0,36,0,1,0,121,22,56.4
953,Vicente Taborda,ar ARG,"FW,MF",Platense,24-114,2001,18,16,1286,14.3,4,1,5,4,0,0,3,0,2.8,2.8,1.7,4.5,27,77,85,0.28,0.07,0.35,0.28,0.35,0.20,0.12,0.32,0.20,0.32,Matches,19,8,42.1,1.33,0.56,0.21,0.50,19.7,2,0.15,+1.2,+1.2,414,625,66.2,7058,2479,210,263,79.8,128,179,71.5,51,127,40.2,2.1,-0.7,26,66,15,2,530,92,2,12,77,8,36,15,18,0,3,18,50,3.55,35,13,0,2,0,2,0.14,1,1,0,0,0,25,11,7,15,3,8,36.4,14,15,6,31,4,0,818,4,22,24,38.1,37,58.7,447,5,38,33,511,71,55.0,76,4,2,37,0,1.73,14,9,+5,+0.35,+1.03,13.6,13.4,+0.1,+0.01,+0.14,0,11,0,0,0,92,15,40.5
809,Victorio Ramis,ar ARG,FW,Ind. Rivadavia,31-093,1994,9,8,501,5.6,0,0,0,0,0,0,0,0,0.6,0.6,0.1,0.7,1,7,17,0.00,0.00,0.00,0.00,0.00,0.11,0.02,0.13,0.11,0.13,Matches,5,1,20.0,0.90,0.18,0.00,0.00,10.1,0,0.13,-0.6,-0.6,74,97,76.3,891,184,52,65,80.0,16,19,84.2,1,3,33.3,0.1,-0.1,4,2,2,0,87,10,0,0,1,0,0,0,0,0,0,2,8,1.44,7,0,0,1,0,0,0.00,0,0,0,0,0,8,3,1,2,5,2,66.7,1,3,1,9,7,0,146,7,11,3,75.0,1,25.0,61,1,11,3,97,56,20.6,61,0,1,14,2,1.33,4,5,-1,-0.18,-0.27,6.4,6.8,-0.5,-0.09,+0.25,0,7,0,0,0,11,13,29.5
171,Víctor Cantillo,co COL,"MF,FW",Huracán,31-358,1993,2,0,29,0.3,0,0,0,0,0,0,0,0,0.0,0.0,0.0,0.0,0,0,0,0.00,0.00,0.00,0.00,0.00,0.00,0.00,0.00,0.00,0.00,Matches,0,0,,0.00,0.00,,,,0,,0.0,0.0,18,18,100.0,282,78,8,8,100.0,9,9,100.0,1,1,100.0,0.0,0.0,0,0,0,0,17,1,0,0,0,0,0,0,0,0,0,0,0,0.00,0,0,0,0,0,0,0.00,0,0,0,0,0,2,0,1,1,0,0,,0,0,3,5,3,0,27,1,0,1,100.0,0,0.0,8,0,0,0,11,15,1.2,,0,2,15,11,3.00,0,0,0,0.00,-0.19,0.1,0.2,-0.1,-0.16,-0.40,0,0,0,0,0,2,1,33.3
244,Víctor Cuesta,ar ARG,DF,Newell's OB,36-323,1988,20,20,1792,19.9,2,0,2,2,0,0,6,0,0.7,0.7,0.3,1.0,9,57,3,0.10,0.00,0.10,0.10,0.10,0.03,0.02,0.05,0.03,0.05,Matches,8,4,50.0,0.40,0.20,0.25,0.50,9.1,0,0.08,+1.3,+1.3,464,578,80.3,8851,3721,169,197,85.8,237,273,86.8,50,90,55.6,0.2,-0.3,1,43,4,1,565,11,0,5,3,1,0,0,0,0,2,5,9,0.45,6,1,0,1,0,0,0.00,0,0,0,0,0,22,11,15,6,1,13,59.1,9,9,39,61,144,0,833,117,14,4,50.0,4,50.0,345,1,8,1,376,90,73.7,90,19,0,,2,1.25,18,22,-4,-0.20,+0.79,20.8,22.6,-1.8,-0.09,+0.27,0,15,1,0,0,47,65,72.2
551,Víctor Malcorra,ar ARG,MF,Rosario Central,38-076,1987,21,21,1849,20.5,5,5,10,2,3,3,8,0,4.5,2.1,3.2,5.4,41,122,110,0.24,0.24,0.49,0.10,0.34,0.22,0.16,0.38,0.10,0.26,Matches,28,10,35.7,1.36,0.49,0.07,0.20,23.5,6,0.08,+0.5,-0.1,628,907,69.2,12424,4421,242,296,81.8,262,350,74.9,108,192,56.3,3.4,+1.8,36,84,31,4,802,95,3,8,112,9,50,9,36,0,10,35,81,3.94,48,21,0,4,1,9,0.44,7,2,0,0,0,19,10,5,12,2,8,47.1,9,15,9,28,19,1,1081,16,37,4,19.0,17,81.0,595,7,33,30,728,88,79.0,88,13,0,,0,1.84,24,12,+12,+0.58,-0.88,23.6,14.5,+9.0,+0.44,-0.13,0,13,0,0,0,102,2,14.3
128,Walter Bou,ar ARG,FW,Lanús,32-044,1993,22,17,1434,15.9,5,2,7,4,1,1,2,0,4.7,3.9,1.6,5.5,8,35,108,0.31,0.13,0.44,0.25,0.38,0.30,0.10,0.40,0.25,0.35,Matches,38,15,39.5,2.38,0.94,0.11,0.27,15.7,0,0.10,+0.3,+0.1,252,378,66.7,3559,850,154,201,76.6,73,103,70.9,16,25,64.0,1.4,+0.4,14,19,14,3,363,12,0,2,9,4,0,0,0,0,3,15,38,2.38,28,0,1,1,0,2,0.13,1,0,0,0,0,18,14,2,8,8,3,60.0,2,19,1,19,13,1,584,18,66,17,47.2,19,52.8,312,4,66,27,408,65,59.0,78,5,5,23,1,1.30,15,9,+6,+0.38,+0.56,17.0,13.9,+3.1,+0.20,+0.34,0,17,0,1,0,49,26,38.8
598,Walter Mazzantti,ar ARG,FW,Huracán,29-033,1996,16,13,1096,12.2,2,2,4,2,0,0,1,0,2.5,2.5,1.5,4.1,37,27,112,0.16,0.16,0.33,0.16,0.33,0.21,0.12,0.33,0.21,0.33,Matches,15,5,33.3,1.23,0.41,0.13,0.40,11.0,0,0.17,-0.5,-0.5,201,285,70.5,2598,602,138,174,79.3,44,68,64.7,8,14,57.1,1.4,+0.5,20,8,12,4,282,2,0,0,36,1,0,0,0,0,1,19,32,2.63,27,0,0,4,0,5,0.41,2,0,0,2,0,25,17,7,14,4,9,42.9,12,14,1,26,11,0,445,3,47,13,46.4,14,50.0,263,14,46,26,315,69,45.1,76,2,3,37,0,1.63,13,7,+6,+0.49,+0.56,14.2,10.8,+3.4,+0.28,+0.07,0,20,1,0,0,48,12,52.2
599,Walter Mazzantti,ar ARG,FW,Independiente,29-033,1996,8,6,475,5.3,0,0,0,0,0,0,1,0,0.6,0.6,0.2,0.8,9,6,57,0.00,0.00,0.00,0.00,0.00,0.11,0.03,0.15,0.11,0.15,Matches,15,5,33.3,1.23,0.41,0.13,0.40,11.0,0,0.17,-0.5,-0.5,201,285,70.5,2598,602,138,174,79.3,44,68,64.7,8,14,57.1,1.4,+0.5,20,8,12,4,282,2,0,0,36,1,0,0,0,0,1,19,32,2.63,27,0,0,4,0,5,0.41,2,0,0,2,0,25,17,7,14,4,9,42.9,12,14,1,26,11,0,445,3,47,13,46.4,14,50.0,263,14,46,26,315,69,45.1,76,2,3,37,0,1.63,13,7,+6,+0.49,+0.56,14.2,10.8,+3.4,+0.28,+0.07,0,20,1,0,0,48,12,52.2
642,Walter Montoya,ar ARG,MF,Godoy Cruz,32-079,1993,5,1,206,2.3,0,0,0,0,0,0,1,0,0.1,0.1,0.2,0.3,7,26,12,0.00,0.00,0.00,0.00,0.00,0.04,0.08,0.12,0.04,0.12,Matches,3,0,0.0,1.31,0.00,0.00,,29.9,2,0.03,-0.1,-0.1,100,128,78.1,1686,516,45,47,95.7,43,49,87.8,9,22,40.9,0.5,-0.2,3,19,3,1,103,24,0,0,21,2,11,6,5,0,1,4,11,4.81,5,4,0,2,0,0,0.00,0,0,0,0,0,3,1,1,1,1,2,50.0,2,4,0,3,1,0,160,0,0,0,0.0,8,88.9,95,0,8,5,113,41,8.5,65,0,4,35,5,0.20,1,2,-1,-0.44,+0.13,1.4,3.6,-2.2,-0.98,-0.66,0,2,0,0,0,10,3,60.0
27,William Alarcón,cl CHI,MF,Boca Juniors,24-322,2000,18,7,743,8.3,0,1,1,0,0,0,4,0,0.5,0.5,1.3,1.8,6,47,25,0.00,0.12,0.12,0.00,0.12,0.06,0.16,0.21,0.06,0.21,Matches,12,2,16.7,1.45,0.24,0.00,0.00,27.3,3,0.04,-0.5,-0.5,325,382,85.1,5929,1562,140,155,90.3,136,153,88.9,43,59,72.9,1.1,-0.3,10,30,7,1,355,24,4,2,12,2,6,1,5,0,3,6,24,2.91,16,6,0,1,0,1,0.12,1,0,0,0,0,8,7,5,3,0,4,66.7,2,9,7,15,9,0,445,15,7,8,66.7,4,33.3,233,0,6,3,338,41,30.6,73,4,11,21,2,1.80,14,7,+7,+0.85,-0.01,12.2,9.6,+2.6,+0.32,-0.17,0,6,0,0,0,27,7,58.3
86,Williams Barlasina,ar ARG,GK,Newell's OB,27-101,1998,3,3,270,3.0,0,0,0,0,0,0,0,0,0.0,0.0,0.0,0.0,0,0,0,0.00,0.00,0.00,0.00,0.00,0.00,0.00,0.00,0.00,0.00,Matches,0,0,,0.00,0.00,,,,0,,0.0,0.0,39,71,54.9,1773,1660,3,3,100.0,8,9,88.9,28,58,48.3,0.0,0.0,0,0,0,0,36,34,0,0,0,0,0,0,0,0,1,0,1,0.33,0,1,0,0,0,0,0.00,0,0,0,0,0,0,0,0,0,0,0,,0,0,0,0,2,1,79,71,0,0,,0,,33,0,0,0,12,90,11.1,90,3,0,,8,1.33,4,4,0,0.00,+0.46,2.6,3.8,-1.2,-0.40,-0.27,0,0,0,0,0,0,2,100.0
87,Williams Barlasina,ar ARG,GK,Aldosivi,27-101,1998,4,4,360,4.0,0,0,0,0,0,0,0,0,0.0,0.0,0.0,0.0,0,0,0,0.00,0.00,0.00,0.00,0.00,0.00,0.00,0.00,0.00,0.00,Matches,0,0,,0.00,0.00,,,,0,,0.0,0.0,39,71,54.9,1773,1660,3,3,100.0,8,9,88.9,28,58,48.3,0.0,0.0,0,0,0,0,36,34,0,0,0,0,0,0,0,0,1,0,1,0.33,0,1,0,0,0,0,0.00,0,0,0,0,0,0,0,0,0,0,0,,0,0,0,0,2,1,79,71,0,0,,0,,33,0,0,0,12,90,11.1,90,3,0,,8,1.33,4,4,0,0.00,+0.46,2.6,3.8,-1.2,-0.40,-0.27,0,0,0,0,0,0,2,100.0
304,Yair Ezequiel Arismendi,ar ARG,"FW,DF",Sarmiento,27-186,1998,10,2,288,3.2,0,0,0,0,0,0,0,0,0.4,0.4,0.6,1.0,3,6,14,0.00,0.00,0.00,0.00,0.00,0.14,0.18,0.31,0.14,0.31,Matches,6,0,0.0,1.87,0.00,0.00,,20.5,0,0.07,-0.4,-0.4,59,101,58.4,1030,431,24,32,75.0,22,36,61.1,8,23,34.8,0.3,-0.6,5,4,1,1,86,14,0,1,21,6,5,1,4,0,1,6,6,1.87,4,2,0,0,0,0,0.00,0,0,0,0,0,6,4,5,1,0,3,50.0,3,1,4,10,8,1,140,8,4,4,66.7,2,33.3,50,0,5,0,68,29,12.3,62,0,8,21,14,0.70,0,6,-6,-1.87,-1.66,2.2,7.7,-5.5,-1.73,-1.60,0,0,0,0,0,11,3,33.3
667,Yaison Murillo,co COL,MF,Deportivo Riestra,31-327,1993,1,0,12,0.1,0,0,0,0,0,0,0,0,0.0,0.0,0.0,0.0,0,1,0,0.00,0.00,0.00,0.00,0.00,0.00,0.00,0.00,0.00,0.00,Matches,0,0,,0.00,0.00,,,,0,,0.0,0.0,1,2,50.0,19,19,0,0,,1,1,100.0,0,1,0.0,0.0,0.0,0,1,0,0,2,0,0,0,0,0,0,0,0,0,0,0,0,0.00,0,0,0,0,0,0,0.00,0,0,0,0,0,1,1,1,0,0,1,100.0,0,0,0,1,1,0,5,2,0,0,,0,,0,0,0,0,0,12,0.5,,0,1,12,3,1.00,0,1,-1,-7.50,-8.06,0.8,0.0,+0.7,+5.58,+5.72,0,0,0,0,1,0,1,100.0
157,Yonathan Cabral,ar ARG,DF,Aldosivi,33-151,1992,18,12,1023,11.4,0,0,0,0,0,0,5,1,0.5,0.5,0.0,0.5,6,28,2,0.00,0.00,0.00,0.00,0.00,0.05,0.00,0.05,0.05,0.05,Matches,6,1,16.7,0.53,0.09,0.00,0.00,10.3,0,0.09,-0.5,-0.5,251,333,75.4,4853,2486,80,103,77.7,141,169,83.4,24,49,49.0,0.1,0.0,0,15,0,0,309,23,0,1,1,0,0,0,0,0,1,4,4,0.35,4,0,0,0,0,0,0.00,0,0,0,0,0,19,17,14,5,0,12,75.0,4,6,12,31,54,2,454,63,11,2,66.7,1,33.3,181,0,8,1,195,57,42.1,78,8,6,15,4,0.94,7,15,-8,-0.70,+0.13,10.0,14.4,-4.5,-0.39,+0.13,0,9,0,0,0,39,28,62.2
801,Yonatthan Rak,uy URU,DF,Barracas Central,32-051,1993,17,16,1430,15.9,0,2,2,0,0,0,2,0,0.8,0.8,0.9,1.6,6,40,4,0.00,0.13,0.13,0.00,0.13,0.05,0.05,0.10,0.05,0.10,Matches,9,2,22.2,0.57,0.13,0.00,0.00,10.0,0,0.09,-0.8,-0.8,395,544,72.6,9245,4742,109,128,85.2,198,235,84.3,86,168,51.2,1.5,+1.1,4,37,1,0,444,98,0,9,5,39,0,0,0,0,2,6,13,0.82,11,0,0,0,0,2,0.13,2,0,0,0,0,28,17,19,8,1,12,60.0,8,14,16,44,92,1,732,123,26,7,70.0,3,30.0,270,1,8,2,308,84,58.8,89,15,1,11,10,1.56,18,15,+3,+0.19,+0.10,16.2,14.5,+1.7,+0.11,+0.09,0,7,0,0,0,62,26,61.9
193,Yuri Casermeiro,ar ARG,DF,Cen. Córdoba–SdE,23-210,2002,8,7,595,6.6,0,0,0,0,0,0,0,0,0.1,0.1,0.1,0.2,4,10,0,0.00,0.00,0.00,0.00,0.00,0.01,0.01,0.02,0.01,0.02,Matches,3,1,33.3,0.45,0.15,0.00,0.00,11.8,0,0.03,-0.1,-0.1,251,309,81.2,5795,2342,48,59,81.4,144,153,94.1,53,90,58.9,0.1,-0.1,1,17,0,0,298,11,0,3,0,5,0,0,0,0,0,0,1,0.15,0,0,0,0,0,0,0.00,0,0,0,0,0,10,4,7,2,1,5,71.4,2,7,12,22,48,0,406,51,7,2,40.0,3,60.0,242,0,1,2,245,74,24.5,84,6,1,10,9,1.00,6,8,-2,-0.30,-0.50,8.4,10.0,-1.6,-0.25,-0.48,0,6,0,0,0,26,21,72.4
998,Álex Verón,ar ARG,FW,Vélez Sarsfield,16-349,2008,1,0,8,0.1,0,0,0,0,0,0,0,0,0.0,0.0,0.0,0.0,2,0,2,0.00,0.00,0.00,0.00,0.00,0.00,0.52,0.52,0.00,0.52,Matches,0,0,,0.00,0.00,,,,0,,0.0,0.0,3,5,60.0,73,24,1,1,100.0,1,3,33.3,1,1,100.0,0.1,0.0,1,0,0,0,3,2,0,0,2,1,1,1,0,0,0,0,1,11.25,0,1,0,0,0,0,0.00,0,0,0,0,0,0,0,0,0,0,0,,0,0,0,0,0,0,8,0,0,0,0.0,2,100.0,6,0,1,0,6,8,0.3,,0,1,8,7,0.00,0,0,0,0.00,+0.22,0.5,0.0,+0.5,+5.26,+5.36,0,0,0,0,0,0,0,
48,Álvaro Angulo,co COL,DF,Independiente,28-127,1997,14,7,779,8.7,3,0,3,3,0,0,4,0,1.1,1.1,0.4,1.5,25,49,72,0.35,0.00,0.35,0.35,0.35,0.13,0.04,0.17,0.13,0.17,Matches,15,6,40.0,1.73,0.69,0.20,0.50,17.8,0,0.07,+1.9,+1.9,312,430,72.6,5350,2463,151,176,85.8,130,179,72.6,26,53,49.1,0.6,-0.4,7,29,8,2,357,72,0,6,17,67,0,0,0,0,1,15,18,2.08,13,3,0,1,0,3,0.35,3,0,0,0,0,15,13,8,5,2,9,60.0,6,5,10,25,27,0,522,20,26,12,66.7,6,33.3,276,8,13,6,306,56,33.3,90,7,7,21,1,2.06,14,6,+8,+0.92,+0.98,9.4,8.6,+0.9,+0.10,+0.11,0,6,0,0,0,44,16,69.6
254,Álvaro David Montero,co COL,GK,Vélez Sarsfield,30-193,1995,2,1,152,1.7,0,0,0,0,0,0,0,0,0.0,0.0,0.0,0.0,0,0,0,0.00,0.00,0.00,0.00,0.00,0.00,0.00,0.00,0.00,0.00,Matches,0,0,,0.00,0.00,,,,0,,0.0,0.0,20,44,45.5,910,791,0,0,,8,8,100.0,12,36,33.3,0.0,0.0,0,0,0,0,13,31,0,0,0,0,0,0,0,0,0,0,0,0.00,0,0,0,0,0,0,0.00,0,0,0,0,0,0,0,0,0,0,0,,0,0,0,0,2,0,49,40,0,0,,0,,12,0,0,0,3,76,6.3,90,1,1,62,7,2.00,2,1,+1,+0.59,+0.87,1.1,1.5,-0.3,-0.20,-0.12,0,0,0,0,0,0,0,
641,Álvaro Montoro,ar ARG,"FW,MF",Vélez Sarsfield,18-174,2007,12,8,691,7.7,0,0,0,0,0,0,2,0,0.7,0.7,0.4,1.1,24,49,59,0.00,0.00,0.00,0.00,0.00,0.09,0.05,0.14,0.09,0.14,Matches,9,0,0.0,1.17,0.00,0.00,,20.2,1,0.07,-0.7,-0.7,232,318,73.0,3688,1161,131,153,85.6,76,105,72.4,19,38,50.0,0.7,-0.4,10,25,14,1,291,22,0,3,24,9,6,0,5,0,5,6,25,3.25,20,1,2,1,0,0,0.00,0,0,0,0,0,9,5,3,2,4,5,50.0,5,12,7,16,4,0,428,1,15,24,55.8,16,37.2,273,3,22,14,309,58,28.4,74,4,4,25,4,0.92,0,7,-7,-0.91,-0.96,4.2,6.6,-2.4,-0.31,-0.32,0,11,0,0,0,44,4,28.6
,Álvaro Ocampo,,,,,,,,,,,,,,,,,,,,,,,,,,,,,,,,,,,,,,,,,,,,,,,,,,,,,,,,,,,,,,,,,,,,,,,,,,,,,,,,,,,,,,,,,,,,,,,,,,,,,,,,,,,,,,,,,,,,,,,,,,0,0,,4,,,,,,,,,,,,,,,,,,,
274,Ángel Di María,ar ARG,"FW,MF",Rosario Central,37-236,1988,10,10,861,9.6,5,2,7,3,2,2,4,0,2.9,1.3,2.7,4.0,28,57,72,0.52,0.21,0.73,0.31,0.52,0.30,0.28,0.58,0.14,0.42,Matches,21,7,33.3,2.20,0.73,0.14,0.43,26.9,7,0.06,+2.1,+1.7,289,435,66.4,6211,2364,114,133,85.7,93,135,68.9,72,134,53.7,2.9,-0.7,34,36,24,9,330,101,5,8,87,12,46,26,14,0,4,14,60,6.27,21,19,4,11,1,4,0.42,2,1,1,0,0,6,4,2,3,1,2,33.3,4,8,2,8,0,0,556,7,25,19,45.2,22,52.4,328,8,36,18,372,86,36.8,86,4,0,,0,1.64,11,3,+8,+0.84,+0.11,12.1,5.6,+6.6,+0.69,+0.35,0,10,0,0,0,36,0,0.0
944,Ángel Stringa,ar ARG,MF,Deportivo Riestra,29-185,1996,1,0,4,0.0,0,0,0,0,0,0,0,0,0.0,0.0,0.0,0.0,0,0,1,0.00,0.00,0.00,0.00,0.00,0.00,0.00,0.00,0.00,0.00,Matches,0,0,,0.00,0.00,,,,0,,0.0,0.0,1,2,50.0,7,5,1,1,100.0,0,0,,0,0,,0.0,0.0,0,0,0,0,2,0,0,0,0,0,0,0,0,0,0,0,0,0.00,0,0,0,0,0,0,0.00,0,0,0,0,0,0,0,0,0,0,0,,0,0,1,1,1,0,4,0,0,0,,0,,1,0,0,0,2,4,0.2,,0,1,4,7,3.00,0,0,0,0.00,-0.52,0.0,0.0,0.0,0.00,+0.11,0,0,0,0,0,0,0,
587,Ángelo Martino,ar ARG,DF,Newell's OB,27-125,1998,11,11,946,10.5,0,1,1,0,0,0,2,0,0.2,0.2,0.5,0.6,16,19,26,0.00,0.10,0.10,0.00,0.10,0.02,0.04,0.06,0.02,0.06,Matches,2,0,0.0,0.19,0.00,0.00,,17.2,0,0.08,-0.2,-0.2,204,331,61.6,3320,1707,91,116,78.4,94,151,62.3,10,36,27.8,0.4,+0.5,8,10,5,4,243,86,0,1,19,85,0,0,0,0,2,12,15,1.43,10,1,2,2,0,1,0.10,1,0,0,0,0,22,16,15,5,2,11,68.8,5,9,9,31,42,0,456,32,8,5,33.3,10,66.7,150,0,11,11,166,86,38.9,86,8,0,,0,1.45,11,7,+4,+0.38,+1.29,11.3,13.0,-1.8,-0.17,-0.01,0,13,0,1,0,41,12,63.2
80,Éver Banega,ar ARG,MF,Newell's OB,37-101,1988,25,24,2146,23.8,3,5,8,3,0,1,10,0,2.2,1.4,6.4,7.8,56,229,54,0.13,0.21,0.34,0.13,0.34,0.09,0.27,0.36,0.06,0.33,Matches,23,7,30.4,0.96,0.29,0.13,0.43,27.8,9,0.06,+0.8,+1.6,1164,1529,76.1,25490,9818,372,439,84.7,520,599,86.8,256,431,59.4,5.8,-1.4,65,197,30,7,1258,257,2,38,154,9,85,40,44,0,14,18,116,4.86,71,36,3,2,1,9,0.38,7,2,0,0,0,36,22,16,11,9,18,43.9,23,7,8,44,15,0,1696,25,15,44,65.7,22,32.8,950,3,33,35,1120,86,88.3,88,21,1,45,0,1.08,18,30,-12,-0.50,-0.82,24.6,28.7,-4.1,-0.17,-0.09,0,33,0,0,0,184,15,50.0
690,Óctavio Ontivero,ar ARG,DF,Lanús,19-271,2006,1,1,76,0.8,0,0,0,0,0,0,0,0,0.0,0.0,0.3,0.3,0,1,6,0.00,0.00,0.00,0.00,0.00,0.00,0.38,0.38,0.00,0.38,Matches,0,0,,0.00,0.00,,,,0,,0.0,0.0,21,29,72.4,325,98,11,13,84.6,10,12,83.3,0,4,0.0,0.3,-0.3,1,3,1,1,22,7,0,0,3,7,0,0,0,0,0,0,1,1.18,1,0,0,0,0,0,0.00,0,0,0,0,0,1,1,1,0,0,1,50.0,1,0,1,2,4,0,39,1,0,1,25.0,3,75.0,17,0,1,1,20,76,3.1,76,0,0,,9,0.00,0,0,0,0.00,-0.15,0.6,1.6,-1.0,-1.18,-1.28,0,2,0,0,0,0,1,100.0
