Rk,Player,Nation,Pos,Squad,Age,Born,MP,Starts,Min,90s,Gls,Ast,G+A,G-PK,PK,PKatt,CrdY,CrdR,xG,npxG,xAG,npxG+xAG,PrgC,PrgP,PrgR,Gls,Ast,G+A,G-PK,G+A-PK,xG,xAG,xG+xAG,npxG,npxG+xAG,Matches,Sh,SoT,SoT%,Sh/90,SoT/90,G/Sh,G/SoT,Dist,FK,npxG/Sh,G-xG,np:G-xG,Cmp,Att,Cmp%,TotDist,PrgDist,Cmp,Att,Cmp%,Cmp,Att,Cmp%,Cmp,Att,Cmp%,xA,A-xAG,KP,1/3,PPA,CrsPA,Live,Dead,TB,Sw,Crs,TI,CK,In,Out,Str,Off,Blocks,SCA,SCA90,PassLive,PassDead,TO,Fld,Def,GCA,GCA90,PassLive,PassDead,TO,Fld,Def,Tkl,TklW,Def 3rd,Mid 3rd,Att 3rd,Tkl,Tkl%,Lost,Pass,Int,Tkl+Int,Clr,Err,Touches,Def Pen,Att Pen,Succ,Succ%,Tkld,Tkld%,Carries,CPA,Mis,Dis,Rec,Mn/MP,Min%,Mn/Start,Compl,Subs,Mn/Sub,unSub,PPM,onG,onGA,+/-,+/-90,On-Off,onxG,onxGA,xG+/-,xG+/-90,On-Off,2CrdY,Fls,PKwon,PKcon,OG,Recov,Won,Won%
398,Aaron Mejía Montoya,mx MEX,"DF,MF",Tijuana,23,2001,30,19,1813,20.1,0,1,1,0,0,0,3,0,0.2,0.2,1.2,1.4,15,67,64,0.00,0.05,0.05,0.00,0.05,0.01,0.06,0.07,0.01,0.07,Matches,6,0,0.0,0.30,0.00,0.00,,25.1,0,0.03,-0.2,-0.2,749,898,83.4,11794,3487,398,436,91.3,282,340,82.9,49,77,63.6,0.6,-0.2,12,68,6,2,770,127,0,1,12,114,0,0,0,0,1,19,33,1.64,27,4,0,0,2,3,0.15,3,0,0,0,0,28,18,15,10,3,15,51.7,14,14,13,41,47,1,1072,52,11,6,40.0,9,60.0,564,2,36,10,663,60,59.2,79,12,11,29,4,1.58,31,32,-1,-0.05,+0.38,23.5,32.4,-8.9,-0.44,-0.15,0,36,0,1,0,73,20,45.5
59,Aarón Arredondo,mx MEX,MF,América,21,2003,2,2,179,2.0,0,1,1,0,0,0,0,0,0.0,0.0,0.3,0.3,1,12,2,0.00,0.50,0.50,0.00,0.50,0.02,0.15,0.17,0.02,0.17,Matches,3,0,0.0,1.51,0.00,0.00,,29.6,0,0.02,0.0,0.0,95,105,90.5,1919,675,31,34,91.2,48,50,96.0,15,18,83.3,0.2,+0.7,3,10,1,0,103,2,2,1,2,0,0,0,0,0,0,1,5,2.51,5,0,0,0,0,1,0.50,1,0,0,0,0,3,2,1,2,0,1,50.0,1,1,2,5,3,0,118,6,0,1,100.0,0,0.0,83,0,3,0,87,90,5.8,90,1,0,,6,2.00,2,1,+1,+0.50,-0.40,4.7,1.0,+3.6,+1.83,+1.02,0,1,0,0,0,10,0,0.0
77,Abraham Bass,mx MEX,MF,Atlas,22,2001,1,0,10,0.1,0,0,0,0,0,0,0,0,0.0,0.0,0.0,0.0,0,0,1,0.00,0.00,0.00,0.00,0.00,0.00,0.00,0.00,0.00,0.00,Matches,0,0,,0.00,0.00,,,,0,,0.0,0.0,1,1,100.0,12,0,1,1,100.0,0,0,,0,0,,0.0,0.0,0,0,0,0,1,0,0,0,0,0,0,0,0,0,0,0,0,0.00,0,0,0,0,0,0,0.00,0,0,0,0,0,0,0,0,0,0,0,0.0,1,0,0,0,0,0,3,0,0,0,,0,,1,0,1,0,2,10,0.3,,0,1,10,3,1.00,0,0,0,0.00,+0.38,0.1,0.3,-0.2,-1.74,-1.70,0,1,0,0,0,0,0,
,Abraham Freyfeld,,,,,,,,,,,,,,,,,,,,,,,,,,,,,,,,,,,,,,,,,,,,,,,,,,,,,,,,,,,,,,,,,,,,,,,,,,,,,,,,,,,,,,,,,,,,,,,,,,,,,,,,,,,,,,,,,,,,,,,,,,0,0,,3,,,,,,,,,,,,,,,,,,,
,Abraham Villegas,,,,,,,,,,,,,,,,,,,,,,,,,,,,,,,,,,,,,,,,,,,,,,,,,,,,,,,,,,,,,,,,,,,,,,,,,,,,,,,,,,,,,,,,,,,,,,,,,,,,,,,,,,,,,,,,,,,,,,,,,,0,0,,2,,,,,,,,,,,,,,,,,,,
120,Adalberto Carrasquilla,pa PAN,MF,UNAM,25,1998,15,11,1010,11.2,1,1,2,0,1,1,4,0,1.7,1.0,1.8,2.8,30,70,39,0.09,0.09,0.18,0.00,0.09,0.16,0.16,0.32,0.09,0.25,Matches,16,4,25.0,1.43,0.36,0.00,0.00,24.0,0,0.06,-0.7,-1.0,414,530,78.1,7500,2500,186,214,86.9,170,210,81.0,48,83,57.8,2.2,-0.8,26,66,17,1,501,26,6,4,17,6,8,4,3,0,3,8,47,4.19,34,7,4,1,0,4,0.36,2,1,0,1,0,8,7,3,3,2,2,25.0,6,11,7,15,4,0,623,6,14,17,60.7,11,39.3,369,5,23,19,474,67,33.0,81,5,4,30,0,1.12,16,17,-1,-0.09,-0.35,13.7,14.6,-0.8,-0.07,-0.68,0,20,1,0,0,59,4,36.4
228,Adonis Frías,ar ARG,"DF,MF",León,26,1998,14,10,854,9.5,1,1,2,0,1,2,4,1,1.9,0.4,0.3,0.7,14,32,9,0.11,0.11,0.21,0.00,0.11,0.20,0.03,0.24,0.04,0.07,Matches,10,4,40.0,1.05,0.42,0.00,0.00,23.1,1,0.04,-0.9,-0.4,407,463,87.9,7452,2225,159,174,91.4,204,224,91.1,36,52,69.2,0.2,+0.7,7,34,4,1,449,13,1,4,4,6,0,0,0,0,1,3,23,2.43,17,0,2,2,0,2,0.21,2,0,0,0,0,10,3,7,3,0,5,33.3,10,2,15,25,26,0,569,47,14,4,44.4,5,55.6,326,1,11,2,385,61,27.9,80,8,4,15,5,1.53,14,11,+3,+0.32,+0.40,11.0,12.1,-1.1,-0.12,+0.04,1,10,0,0,0,42,17,70.8
489,Adonis Preciado,ec ECU,"FW,MF",Querétaro,27,1997,15,14,1232,13.7,4,1,5,4,0,0,6,0,1.8,1.8,1.0,2.8,51,18,103,0.29,0.07,0.37,0.29,0.37,0.13,0.08,0.21,0.13,0.21,Matches,18,7,38.9,1.31,0.51,0.22,0.57,13.5,0,0.10,+2.2,+2.2,190,290,65.5,2894,560,100,133,75.2,72,100,72.0,10,21,47.6,0.9,0.0,13,15,10,3,274,14,1,0,31,5,0,0,0,0,2,22,33,2.41,18,0,8,6,1,5,0.37,3,0,1,1,0,20,12,10,3,7,8,50.0,8,9,5,25,14,0,479,13,68,27,42.9,31,49.2,324,27,46,17,371,82,40.3,86,8,1,23,0,1.13,15,19,-4,-0.29,+0.74,10.6,17.4,-6.9,-0.50,+0.46,0,24,1,0,0,36,29,53.7
,Adrián Fernández de Lara,,,,,,,,,,,,,,,,,,,,,,,,,,,,,,,,,,,,,,,,,,,,,,,,,,,,,,,,,,,,,,,,,,,,,,,,,,,,,,,,,,,,,,,,,,,,,,,,,,,,,,,,,,,,,,,,,,,,,,,,,,0,0,,2,,,,,,,,,,,,,,,,,,,
415,Adrián Mora,mx MEX,DF,Atlas,26,1997,15,8,762,8.5,0,1,1,0,0,0,1,0,0.4,0.4,0.2,0.6,1,13,2,0.00,0.12,0.12,0.00,0.12,0.05,0.03,0.08,0.05,0.08,Matches,5,1,20.0,0.59,0.12,0.00,0.00,9.3,0,0.08,-0.4,-0.4,246,316,77.8,4778,2221,99,112,88.4,123,141,87.2,20,55,36.4,0.0,+0.8,1,12,0,0,295,19,0,5,0,4,0,0,0,0,2,2,4,0.47,3,0,0,0,0,1,0.12,0,0,0,0,0,25,19,20,4,1,14,87.5,2,4,17,42,49,1,432,78,7,1,50.0,1,50.0,188,0,3,0,228,51,24.9,84,4,7,13,19,1.65,8,11,-3,-0.35,+0.04,8.1,9.2,-1.1,-0.13,-0.12,0,10,0,0,0,32,26,60.5
442,Agustín Oliveros,uy URU,DF,Necaxa,25,1998,26,25,2273,25.3,0,1,1,0,0,0,1,0,1.8,1.8,0.7,2.4,13,55,5,0.00,0.04,0.04,0.00,0.04,0.07,0.03,0.10,0.07,0.10,Matches,22,6,27.3,0.87,0.24,0.00,0.00,14.2,1,0.08,-1.8,-1.8,736,938,78.5,15089,6123,251,285,88.1,381,424,89.9,100,208,48.1,0.8,+0.3,10,60,8,3,808,128,0,10,9,84,0,0,0,0,2,14,26,1.03,24,0,0,0,0,2,0.08,1,0,0,0,0,27,19,23,4,0,12,57.1,9,9,26,53,111,0,1188,153,31,4,80.0,1,20.0,524,0,8,1,636,87,74.3,90,24,1,24,0,1.15,39,38,+1,+0.04,+0.04,36.1,35.6,+0.5,+0.02,+0.44,0,15,0,2,0,58,42,65.6
463,Agustín Palavecino,ar ARG,MF,Necaxa,27,1996,34,34,2948,32.8,7,6,13,7,0,0,7,0,5.4,5.4,6.3,11.7,64,275,123,0.21,0.18,0.40,0.21,0.40,0.16,0.19,0.36,0.16,0.36,Matches,110,33,30.0,3.36,1.01,0.06,0.21,24.0,9,0.05,+1.6,+1.6,1403,1827,76.8,25558,10680,656,739,88.8,529,639,82.8,176,342,51.5,5.8,-0.3,85,226,48,14,1616,196,7,34,114,39,55,31,14,0,15,35,183,5.59,116,27,12,14,4,19,0.58,14,3,0,1,0,84,60,34,37,13,37,40.2,55,36,38,122,40,1,2330,47,63,44,51.2,41,47.7,1142,12,81,58,1478,87,96.3,87,26,0,,0,1.33,54,52,+2,+0.06,+0.86,44.0,44.9,-0.8,-0.03,+1.80,0,54,1,0,0,250,22,36.7
237,Aitor García,es ESP,"FW,MF",FC Juárez,30,1994,13,3,422,4.7,1,1,2,1,0,0,0,0,1.1,1.1,0.2,1.3,23,9,35,0.21,0.21,0.43,0.21,0.43,0.23,0.05,0.28,0.23,0.28,Matches,19,6,31.6,4.05,1.28,0.05,0.17,21.2,0,0.06,-0.1,-0.1,115,157,73.2,2175,398,47,57,82.5,45,58,77.6,19,29,65.5,0.2,+0.8,4,7,3,1,147,8,0,3,13,5,1,0,0,0,2,6,9,1.92,5,0,3,0,0,2,0.43,1,0,1,0,0,9,5,6,2,1,3,33.3,6,3,5,14,8,0,232,7,19,9,45.0,11,55.0,148,9,14,3,164,32,13.8,64,0,10,23,3,0.85,8,11,-3,-0.64,-0.09,5.3,8.2,-2.9,-0.61,-0.10,0,6,0,0,0,16,1,20.0
133,Alan Cervantes,mx MEX,MF,Santos,26,1998,1,1,90,1.0,0,0,0,0,0,0,1,0,0.0,0.0,0.0,0.0,0,5,2,0.00,0.00,0.00,0.00,0.00,0.00,0.00,0.00,0.00,0.00,Matches,0,0,,0.00,0.00,,,,0,,0.0,0.0,52,54,96.3,1011,281,20,22,90.9,24,24,100.0,7,7,100.0,0.0,0.0,0,5,0,0,52,2,0,1,0,0,0,0,0,0,0,0,0,0.00,0,0,0,0,0,0,0.00,0,0,0,0,0,3,2,0,2,1,2,50.0,2,1,1,4,3,0,62,2,1,0,,0,,38,0,1,0,46,90,2.9,90,1,0,,0,0.00,0,1,-1,-1.00,+0.15,0.5,1.5,-1.0,-1.05,-0.26,0,2,0,0,0,3,2,66.7
134,Alan Cervantes,mx MEX,MF,América,26,1998,22,14,1292,14.4,1,0,1,1,0,0,1,0,0.4,0.4,0.4,0.9,11,68,14,0.07,0.00,0.07,0.07,0.07,0.03,0.03,0.06,0.03,0.06,Matches,0,0,,0.00,0.00,,,,0,,0.0,0.0,52,54,96.3,1011,281,20,22,90.9,24,24,100.0,7,7,100.0,0.0,0.0,0,5,0,0,52,2,0,1,0,0,0,0,0,0,0,0,0,0.00,0,0,0,0,0,0,0.00,0,0,0,0,0,3,2,0,2,1,2,50.0,2,1,1,4,3,0,62,2,1,0,,0,,38,0,1,0,46,90,2.9,90,1,0,,0,0.00,0,1,-1,-1.00,+0.15,0.5,1.5,-1.0,-1.05,-0.26,0,2,0,0,0,3,2,66.7
394,Alan Medina,mx MEX,"MF,DF",Querétaro,26,1997,20,6,715,7.9,0,2,2,0,0,0,0,0,1.2,1.2,0.7,1.9,23,27,60,0.00,0.25,0.25,0.00,0.25,0.15,0.08,0.23,0.15,0.23,Matches,9,1,11.1,1.13,0.13,0.00,0.00,17.6,0,0.13,-1.2,-1.2,196,270,72.6,2898,956,102,123,82.9,69,93,74.2,12,19,63.2,0.6,+1.3,8,11,10,3,245,22,0,2,13,16,1,0,0,0,3,6,26,3.27,19,2,2,2,0,6,0.75,3,1,0,2,0,13,10,8,3,2,3,42.9,4,3,5,18,2,0,355,6,21,15,50.0,14,46.7,210,6,21,17,234,36,23.4,66,0,14,23,5,1.00,12,20,-8,-1.01,-0.35,7.7,13.4,-5.7,-0.71,+0.08,0,14,1,1,0,51,8,34.8
395,Alan Medina,uy URU,"MF,FW",León,26,1998,4,3,220,2.4,0,0,0,0,0,0,1,0,0.1,0.1,0.0,0.1,4,7,6,0.00,0.00,0.00,0.00,0.00,0.02,0.00,0.03,0.02,0.03,Matches,9,1,11.1,1.13,0.13,0.00,0.00,17.6,0,0.13,-1.2,-1.2,196,270,72.6,2898,956,102,123,82.9,69,93,74.2,12,19,63.2,0.6,+1.3,8,11,10,3,245,22,0,2,13,16,1,0,0,0,3,6,26,3.27,19,2,2,2,0,6,0.75,3,1,0,2,0,13,10,8,3,2,3,42.9,4,3,5,18,2,0,355,6,21,15,50.0,14,46.7,210,6,21,17,234,36,23.4,66,0,14,23,5,1.00,12,20,-8,-1.01,-0.35,7.7,13.4,-5.7,-0.71,+0.08,0,14,1,1,0,51,8,34.8
426,Alan Mozo,mx MEX,DF,Guadalajara,27,1997,26,22,1999,22.2,2,1,3,2,0,0,3,0,1.2,1.2,1.0,2.2,39,62,133,0.09,0.05,0.14,0.09,0.14,0.05,0.05,0.10,0.05,0.10,Matches,16,6,37.5,0.72,0.27,0.13,0.33,19.1,0,0.07,+0.8,+0.8,890,1157,76.9,15442,4827,420,482,87.1,367,454,80.8,84,160,52.5,1.6,0.0,12,50,27,16,929,225,0,7,113,202,2,0,1,0,3,31,42,1.89,30,2,5,1,2,5,0.23,3,0,2,0,0,49,38,31,15,3,22,50.0,22,17,23,72,39,0,1374,37,31,24,54.5,20,45.5,724,7,40,18,841,77,65.3,87,16,4,22,4,1.44,29,21,+8,+0.36,+0.53,26.6,22.2,+4.3,+0.19,-0.07,0,31,0,0,0,82,8,38.1
493,Alan Pulido,mx MEX,FW,Guadalajara,33,1991,10,7,532,5.9,2,0,2,2,0,0,1,0,2.2,2.2,0.3,2.5,7,13,30,0.34,0.00,0.34,0.34,0.34,0.38,0.05,0.43,0.38,0.43,Matches,14,8,57.1,2.37,1.35,0.14,0.25,13.9,0,0.16,-0.2,-0.2,134,160,83.8,1738,257,76,88,86.4,41,47,87.2,2,2,100.0,0.5,-0.3,7,11,3,1,144,14,0,0,1,0,0,0,0,0,2,4,14,2.37,12,0,0,1,0,2,0.34,1,0,0,0,0,3,3,1,0,2,2,66.7,1,0,1,4,4,1,213,3,24,1,25.0,3,75.0,129,1,16,14,158,53,17.4,68,1,3,19,2,1.50,9,7,+2,+0.34,+0.20,6.8,5.7,+1.1,+0.19,-0.03,0,3,0,0,0,14,7,25.0
593,Alan Torres,mx MEX,MF,Mazatlán,24,2000,20,13,1118,12.4,0,1,1,0,0,0,3,0,0.6,0.6,0.6,1.1,12,78,10,0.00,0.08,0.08,0.00,0.08,0.05,0.05,0.09,0.05,0.09,Matches,14,1,7.1,1.13,0.08,0.00,0.00,25.6,0,0.04,-0.6,-0.6,631,720,87.6,12131,4129,256,272,94.1,274,305,89.8,92,115,80.0,0.6,+0.4,6,75,10,1,696,22,0,15,11,4,1,1,0,0,2,8,25,2.01,22,2,0,1,0,3,0.24,3,0,0,0,0,14,5,8,5,1,3,15.0,17,5,7,21,13,0,797,22,8,3,100.0,0,0.0,459,1,9,6,552,56,36.5,79,8,7,13,14,0.65,6,21,-15,-1.21,-1.02,10.5,20.6,-10.1,-0.81,-0.92,0,12,0,1,0,65,5,41.7
310,Alberto Herrera,mx MEX,"MF,FW",Puebla,23,2001,22,12,957,10.6,0,0,0,0,0,0,0,0,0.4,0.4,0.4,0.8,3,33,29,0.00,0.00,0.00,0.00,0.00,0.03,0.04,0.07,0.03,0.07,Matches,12,3,25.0,1.13,0.28,0.00,0.00,27.7,0,0.03,-0.4,-0.4,268,367,73.0,4364,1299,140,161,87.0,98,127,77.2,23,53,43.4,1.0,-0.4,11,35,8,2,339,27,0,8,24,10,9,3,6,0,1,14,23,2.17,14,6,0,1,0,2,0.19,1,1,0,0,0,19,8,4,9,6,8,44.4,10,9,13,32,11,0,473,8,6,7,53.8,5,38.5,225,1,10,11,281,44,31.3,60,0,10,23,7,0.95,12,17,-5,-0.47,+0.47,10.1,12.4,-2.3,-0.21,+0.29,0,16,0,0,0,40,5,22.7
471,Aldahir Perez,mx MEX,MF,Querétaro,19,2004,14,9,720,8.0,2,0,2,2,0,0,1,0,0.9,0.9,0.2,1.1,12,35,16,0.25,0.00,0.25,0.25,0.25,0.11,0.03,0.14,0.11,0.14,Matches,12,6,50.0,1.50,0.75,0.17,0.33,22.2,1,0.07,+1.1,+1.1,195,248,78.6,3574,1061,82,95,86.3,85,99,85.9,23,34,67.6,0.3,-0.2,7,28,1,0,231,16,0,4,7,3,8,1,5,0,1,8,26,3.25,16,3,2,2,1,1,0.12,1,0,0,0,0,19,12,6,11,2,10,45.5,12,7,7,26,2,0,322,3,10,6,35.3,11,64.7,207,2,9,15,222,51,23.5,67,0,5,23,6,1.00,6,16,-10,-1.25,-0.67,6.5,10.7,-4.2,-0.53,+0.32,0,9,0,0,0,36,4,33.3
604,Aldieri Valenzuela,mx MEX,"FW,MF",Tijuana,21,2003,1,0,33,0.4,0,0,0,0,0,0,0,0,0.0,0.0,0.0,0.0,0,1,1,0.00,0.00,0.00,0.00,0.00,0.00,0.00,0.00,0.00,0.00,Matches,0,0,,0.00,0.00,,,,0,,0.0,0.0,8,13,61.5,121,38,5,5,100.0,3,6,50.0,0,0,,0.0,0.0,0,0,0,0,9,4,0,0,1,4,0,0,0,0,0,0,1,2.73,1,0,0,0,0,0,0.00,0,0,0,0,0,0,0,0,0,0,0,,0,0,0,0,1,0,14,1,0,0,,0,,8,0,0,1,8,33,1.1,,0,1,33,0,0.00,0,4,-4,-10.91,-10.82,0.2,1.6,-1.4,-3.87,-3.52,0,0,0,0,0,0,0,
154,Aldo Cruz,mx MEX,DF,Atlético,26,1997,30,27,2402,26.7,0,0,0,0,0,0,1,0,0.2,0.2,0.4,0.6,39,129,33,0.00,0.00,0.00,0.00,0.00,0.01,0.02,0.02,0.01,0.02,Matches,5,1,20.0,0.19,0.04,0.00,0.00,24.6,0,0.04,-0.2,-0.2,1308,1603,81.6,24324,9499,497,553,89.9,633,697,90.8,146,274,53.3,0.7,-0.4,12,132,20,12,1467,133,0,21,38,100,0,0,0,0,3,39,35,1.31,33,1,0,1,0,2,0.07,2,0,0,0,0,48,34,32,15,1,29,72.5,11,15,19,67,83,2,1836,115,7,3,25.0,9,75.0,1022,1,21,10,1236,80,78.5,87,23,3,16,4,1.44,39,45,-6,-0.22,-0.36,28.2,37.6,-9.3,-0.35,-0.19,0,6,0,0,0,110,33,55.0
357,Aldo López,mx MEX,"MF,DF",Santos,24,2000,27,23,2004,22.3,3,1,4,3,0,0,1,0,2.8,2.8,1.6,4.4,17,63,28,0.13,0.04,0.18,0.13,0.18,0.13,0.07,0.20,0.13,0.20,Matches,21,10,47.6,0.94,0.45,0.14,0.30,16.4,0,0.14,+0.2,+0.2,758,864,87.7,12899,4234,365,396,92.2,323,359,90.0,60,75,80.0,1.1,-0.6,14,61,8,2,761,101,2,6,14,67,2,0,2,0,2,17,37,1.66,29,0,2,2,1,7,0.31,4,0,2,0,0,35,20,12,21,2,17,47.2,19,17,37,72,28,2,1066,45,21,17,56.7,13,43.3,550,2,18,4,630,74,65.5,83,15,4,21,5,0.59,19,40,-21,-0.94,+0.59,23.2,37.3,-14.1,-0.63,+0.48,0,14,0,0,0,99,5,23.8
524,Aldo Rocha,mx MEX,MF,Atlas,31,1992,31,31,2573,28.6,1,0,1,1,0,1,6,0,3.9,3.1,1.2,4.3,19,165,32,0.03,0.00,0.03,0.03,0.03,0.14,0.04,0.18,0.11,0.15,Matches,40,7,17.5,1.40,0.24,0.03,0.14,26.3,8,0.08,-2.9,-2.1,1374,1596,86.1,25363,8303,576,623,92.5,606,684,88.6,163,227,71.8,1.4,-1.2,25,163,13,1,1489,102,0,22,24,4,8,3,2,0,5,15,76,2.66,62,7,0,4,1,8,0.28,8,0,0,0,0,48,30,21,22,5,26,44.8,32,17,27,75,30,2,1824,46,31,10,50.0,10,50.0,984,1,21,12,1236,83,84.1,83,17,0,,0,1.30,38,43,-5,-0.17,+1.30,31.9,30.2,+1.7,+0.06,+0.62,0,35,0,2,0,153,21,47.7
42,Alejandro Andrade,mx MEX,"MF,DF",Necaxa,22,2001,14,6,515,5.7,0,0,0,0,0,0,1,1,0.1,0.1,0.1,0.2,3,16,6,0.00,0.00,0.00,0.00,0.00,0.01,0.02,0.03,0.01,0.03,Matches,2,1,50.0,0.35,0.17,0.00,0.00,22.6,0,0.03,-0.1,-0.1,156,193,80.8,2856,1004,59,66,89.4,79,92,85.9,15,22,68.2,0.1,-0.1,3,7,2,1,165,28,0,0,4,22,0,0,0,0,0,6,10,1.75,5,2,1,0,1,0,0.00,0,0,0,0,0,13,6,9,3,1,6,75.0,2,5,4,17,21,0,252,22,2,5,62.5,3,37.5,114,0,2,2,117,37,16.8,70,2,8,12,5,1.60,15,15,0,0.00,-0.04,9.4,8.5,+0.9,+0.16,+0.31,0,9,0,0,0,23,10,71.4
258,Alejandro Gómez,mx MEX,"DF,MF",Tijuana,22,2002,27,25,2053,22.8,0,3,3,0,0,0,4,0,1.2,1.2,1.2,2.4,21,100,52,0.00,0.13,0.13,0.00,0.13,0.05,0.05,0.11,0.05,0.11,Matches,18,2,11.1,0.79,0.09,0.00,0.00,18.8,0,0.07,-1.2,-1.2,964,1228,78.5,17536,7709,382,430,88.8,471,560,84.1,94,180,52.2,1.4,+1.8,15,87,14,4,1078,148,3,14,20,81,0,0,0,0,2,28,29,1.27,26,0,0,1,0,4,0.18,4,0,0,0,0,47,22,30,16,1,17,51.5,16,18,37,84,73,0,1489,107,26,2,18.2,8,72.7,731,0,25,4,874,76,67.1,80,13,2,31,7,1.48,38,44,-6,-0.26,-0.17,30.8,39.6,-8.9,-0.39,-0.03,0,29,0,1,1,86,32,57.1
393,Alejandro Mayorga,mx MEX,DF,Necaxa,27,1997,29,22,1875,20.8,0,3,3,0,0,0,2,0,0.5,0.5,0.7,1.3,34,56,64,0.00,0.14,0.14,0.00,0.14,0.02,0.04,0.06,0.02,0.06,Matches,8,3,37.5,0.38,0.14,0.00,0.00,15.2,0,0.06,-0.5,-0.5,543,727,74.7,9004,3616,261,300,87.0,214,283,75.6,48,90,53.3,1.0,+2.3,15,37,17,7,582,143,1,4,32,130,0,0,0,0,2,25,33,1.58,27,4,1,0,1,3,0.14,3,0,0,0,0,42,25,26,14,2,30,66.7,15,29,27,69,57,1,977,65,21,18,39.1,27,58.7,448,4,37,10,453,65,61.3,77,7,7,25,3,1.35,31,26,+5,+0.24,+0.54,25.6,28.5,-3.0,-0.14,-0.13,0,21,0,1,0,114,15,50.0
633,Alejandro Zendejas,us USA,"FW,MF",América,26,1998,27,24,1961,21.8,7,9,16,7,0,0,4,0,4.7,4.7,6.1,10.8,76,117,163,0.32,0.41,0.73,0.32,0.73,0.22,0.28,0.49,0.22,0.49,Matches,50,18,36.0,2.29,0.83,0.14,0.39,16.6,1,0.10,+2.3,+2.3,936,1128,83.0,14278,3999,500,558,89.6,336,385,87.3,57,97,58.8,6.6,+2.9,32,90,37,11,1061,59,2,2,59,12,28,7,0,0,8,28,81,3.72,63,4,3,4,0,18,0.83,14,0,0,1,0,36,25,10,19,7,12,38.7,19,25,9,45,7,0,1374,9,81,27,51.9,25,48.1,918,15,52,31,1073,73,64.1,78,9,3,26,0,1.85,46,20,+26,+1.19,+0.87,37.9,17.3,+20.5,+0.94,+0.22,0,25,1,0,0,82,10,41.7
,Alek Álvarez,,,,,,,,,,,,,,,,,,,,,,,,,,,,,,,,,,,,,,,,,,,,,,,,,,,,,,,,,,,,,,,,,,,,,,,,,,,,,,,,,,,,,,,,,,,,,,,,,,,,,,,,,,,,,,,,,,,,,,,,,,0,0,,1,,,,,,,,,,,,,,,,,,,
587,Alessandro Tagle,mx MEX,DF,Monterrey,19,2005,1,1,61,0.7,0,0,0,0,0,0,0,0,0.0,0.0,0.2,0.2,0,1,3,0.00,0.00,0.00,0.00,0.00,0.00,0.24,0.24,0.00,0.24,Matches,0,0,,0.00,0.00,,,,0,,0.0,0.0,12,16,75.0,239,44,4,6,66.7,5,7,71.4,2,2,100.0,0.2,-0.2,2,1,0,0,12,4,0,1,0,4,0,0,0,0,0,0,2,2.95,2,0,0,0,0,0,0.00,0,0,0,0,0,0,0,0,0,0,0,0.0,2,0,1,1,1,0,19,2,2,0,,0,,7,0,0,0,9,61,2.0,61,0,0,,2,3.00,1,0,+1,+1.48,+1.03,1.7,0.6,+1.1,+1.59,+1.20,0,0,0,0,0,0,0,
287,Alex Gutiérrez,mx MEX,MF,Necaxa,16,2008,1,0,5,0.1,0,0,0,0,0,0,0,0,0.0,0.0,0.0,0.0,0,0,0,0.00,0.00,0.00,0.00,0.00,0.00,0.00,0.00,0.00,0.00,Matches,0,0,,0.00,0.00,,,,0,,0.0,0.0,0,0,,0,0,0,0,,0,0,,0,0,,0.0,0.0,0,0,0,0,0,0,0,0,0,0,0,0,0,0,0,0,0,0.00,0,0,0,0,0,0,0.00,0,0,0,0,0,0,0,0,0,0,0,,0,0,0,0,0,0,3,0,0,0,0.0,1,100.0,2,0,0,0,0,5,0.2,,0,1,5,2,0.00,0,2,-2,-36.00,-36.09,0.1,0.5,-0.4,-7.84,-7.76,0,0,0,0,0,1,0,
400,Alex Mendez,us USA,"FW,MF",FC Juárez,23,2000,5,0,59,0.7,0,0,0,0,0,0,0,0,0.0,0.0,0.0,0.0,2,1,6,0.00,0.00,0.00,0.00,0.00,0.04,0.02,0.07,0.04,0.07,Matches,1,0,0.0,1.53,0.00,0.00,,32.2,0,0.03,0.0,0.0,29,37,78.4,426,85,17,18,94.4,8,9,88.9,2,6,33.3,0.1,0.0,1,1,1,1,35,2,0,0,4,1,1,0,1,0,0,0,2,3.05,0,1,1,0,0,0,0.00,0,0,0,0,0,2,1,1,0,1,2,50.0,2,1,0,2,2,0,47,2,1,1,20.0,4,80.0,31,0,0,0,32,12,1.9,,0,5,12,14,0.00,0,3,-3,-4.58,-4.10,0.7,1.0,-0.4,-0.54,-0.01,0,2,0,0,0,3,2,40.0
460,Alex Padilla,es ESP,GK,UNAM,20,2003,10,10,900,10.0,0,0,0,0,0,0,1,0,0.0,0.0,0.1,0.1,0,0,0,0.00,0.00,0.00,0.00,0.00,0.00,0.01,0.01,0.00,0.01,Matches,0,0,,0.00,0.00,,,,0,,0.0,0.0,238,332,71.7,7081,4959,33,34,97.1,125,127,98.4,79,169,46.7,0.0,-0.1,1,9,1,0,241,90,0,0,0,0,0,0,0,0,1,0,1,0.10,1,0,0,0,0,0,0.00,0,0,0,0,0,0,0,0,0,0,0,,0,0,0,0,8,3,355,293,0,0,,0,,170,0,0,0,166,90,29.4,90,10,0,,7,0.92,13,17,-4,-0.40,-0.77,12.3,13.1,-0.8,-0.08,-0.65,0,0,0,0,0,10,3,100.0
175,Alexei Dominguez,mx MEX,"FW,MF",Pachuca,19,2005,8,2,170,1.9,0,0,0,0,0,0,1,0,0.1,0.1,0.1,0.2,7,7,12,0.00,0.00,0.00,0.00,0.00,0.07,0.06,0.13,0.07,0.13,Matches,3,2,66.7,1.59,1.06,0.00,0.00,20.8,0,0.04,-0.1,-0.1,50,72,69.4,650,152,32,38,84.2,16,25,64.0,0,1,0.0,0.1,-0.1,4,4,1,1,71,1,0,0,8,1,0,0,0,0,0,5,5,2.65,5,0,0,0,0,1,0.53,1,0,0,0,0,10,9,4,5,1,3,75.0,1,2,4,14,1,0,106,0,4,1,16.7,5,83.3,67,1,10,2,68,21,5.6,62,0,6,8,4,1.70,6,2,+4,+2.12,+2.34,2.9,1.9,+1.0,+0.52,+0.28,0,4,0,0,0,10,0,
225,Alexis Francisco Peña,mx MEX,DF,Necaxa,28,1996,20,18,1527,17.0,1,0,1,1,0,0,1,0,0.6,0.6,0.0,0.6,2,28,5,0.06,0.00,0.06,0.06,0.06,0.03,0.00,0.04,0.03,0.04,Matches,5,1,20.0,0.29,0.06,0.20,1.00,8.3,0,0.11,+0.4,+0.4,614,686,89.5,11605,4956,206,218,94.5,339,366,92.6,58,84,69.0,0.2,0.0,2,13,1,0,631,52,0,2,0,4,0,0,0,0,3,1,9,0.53,7,0,0,0,2,3,0.18,2,0,0,0,1,13,7,12,1,0,7,70.0,3,2,16,29,127,0,882,190,8,1,50.0,1,50.0,409,1,5,0,510,76,49.9,84,16,2,4,1,1.68,35,24,+11,+0.65,+1.24,22.9,22.5,+0.4,+0.03,+0.24,0,7,0,0,0,40,26,51.0
288,Alexis Gutiérrez,mx MEX,"MF,FW",Cruz Azul,24,2000,29,21,1696,18.8,3,5,8,3,0,0,0,0,1.7,1.7,3.3,5.0,33,80,94,0.16,0.27,0.42,0.16,0.42,0.09,0.18,0.26,0.09,0.26,Matches,18,8,44.4,0.96,0.42,0.17,0.38,19.2,0,0.09,+1.3,+1.3,597,726,82.2,9585,2415,285,305,93.4,242,278,87.1,44,86,51.2,3.2,+1.7,35,58,18,1,656,67,2,2,64,10,44,5,33,0,3,18,68,3.61,54,10,2,0,1,12,0.64,10,2,0,0,0,20,12,4,13,3,6,31.6,13,14,11,31,10,0,875,9,32,8,34.8,14,60.9,506,5,36,25,632,58,55.4,73,4,8,19,5,2.09,37,15,+22,+1.17,+0.18,29.5,16.6,+12.9,+0.69,-0.05,0,11,0,0,0,54,12,46.2
612,Alexis Vega,mx MEX,"FW,MF",Toluca,26,1997,34,31,2510,27.9,12,11,23,10,2,2,5,0,8.3,6.7,8.4,15.1,96,202,173,0.43,0.39,0.82,0.36,0.75,0.30,0.30,0.60,0.24,0.54,Matches,84,21,25.0,3.01,0.75,0.12,0.48,23.7,9,0.08,+3.7,+3.3,1058,1362,77.7,18948,5934,462,539,85.7,446,546,81.7,119,210,56.7,7.6,+2.6,71,120,72,12,1220,136,8,18,130,14,79,30,33,0,6,19,154,5.52,101,29,10,1,4,26,0.93,15,4,4,0,0,53,39,17,24,12,22,50.0,22,14,21,74,7,0,1687,10,68,45,48.9,46,50.0,1078,23,74,47,1260,74,82.0,79,8,3,25,0,1.98,68,32,+36,+1.29,+0.47,44.7,29.7,+15.0,+0.54,+0.30,0,37,0,0,0,137,15,57.7
24,Alfonso Alvarado,mx MEX,"FW,MF",Monterrey,24,2000,12,2,372,4.1,1,0,1,1,0,0,0,0,1.2,1.2,0.1,1.3,3,7,26,0.24,0.00,0.24,0.24,0.24,0.30,0.02,0.32,0.30,0.32,Matches,13,2,15.4,3.15,0.48,0.08,0.50,15.4,0,0.10,-0.2,-0.2,54,76,71.1,762,100,35,38,92.1,17,23,73.9,1,5,20.0,0.1,-0.1,1,4,0,0,68,8,0,1,1,1,0,0,0,0,0,2,6,1.44,5,0,0,0,0,0,0.00,0,0,0,0,0,3,2,0,1,2,1,25.0,3,2,1,4,1,0,112,0,18,4,66.7,2,33.3,73,3,8,3,79,31,12.2,71,0,10,23,5,1.38,9,7,+2,+0.48,+0.02,4.2,4.1,+0.1,+0.02,-0.44,0,3,0,0,0,6,7,29.2
25,Alfonso Alvarado,mx MEX,"FW,MF",León,24,2000,16,8,758,8.4,3,2,5,3,0,0,1,0,1.9,1.9,1.1,3.0,9,12,33,0.36,0.24,0.59,0.36,0.59,0.23,0.13,0.36,0.23,0.36,Matches,13,2,15.4,3.15,0.48,0.08,0.50,15.4,0,0.10,-0.2,-0.2,54,76,71.1,762,100,35,38,92.1,17,23,73.9,1,5,20.0,0.1,-0.1,1,4,0,0,68,8,0,1,1,1,0,0,0,0,0,2,6,1.44,5,0,0,0,0,0,0.00,0,0,0,0,0,3,2,0,1,2,1,25.0,3,2,1,4,1,0,112,0,18,4,66.7,2,33.3,73,3,8,3,79,31,12.2,71,0,10,23,5,1.38,9,7,+2,+0.48,+0.02,4.2,4.1,+0.1,+0.02,-0.44,0,3,0,0,0,6,7,29.2
88,Alfonso Blanco Antúnez,mx MEX,GK,León,37,1987,26,26,2340,26.0,0,0,0,0,0,0,3,0,0.0,0.0,0.0,0.0,0,0,0,0.00,0.00,0.00,0.00,0.00,0.00,0.00,0.00,0.00,0.00,Matches,0,0,,0.00,0.00,,,,0,,0.0,0.0,714,938,76.1,19513,14213,154,155,99.4,352,358,98.3,205,419,48.9,0.1,0.0,2,21,0,0,636,300,0,2,0,1,0,0,0,0,2,0,10,0.38,7,3,0,0,0,1,0.04,0,1,0,0,0,1,1,1,0,0,1,50.0,1,2,0,1,9,3,1004,884,0,0,,0,,519,0,2,0,384,90,76.5,90,26,0,,8,1.33,33,33,0,0.00,-0.12,30.2,35.2,-5.1,-0.19,-0.20,0,0,0,0,0,47,3,50.0
264,Alfonso González,mx MEX,"FW,MF",Pachuca,29,1994,19,7,693,7.7,4,1,5,4,0,0,1,1,2.5,2.5,1.1,3.6,16,19,51,0.52,0.13,0.65,0.52,0.65,0.33,0.14,0.47,0.33,0.47,Matches,21,7,33.3,2.73,0.91,0.19,0.57,15.9,0,0.12,+1.5,+1.5,244,311,78.5,3421,858,145,170,85.3,78,91,85.7,9,24,37.5,0.6,-0.1,13,18,4,1,284,27,0,3,13,2,12,4,1,0,0,10,27,3.51,18,6,2,0,0,1,0.13,1,0,0,0,0,24,14,5,13,6,4,26.7,11,5,5,29,10,1,435,11,28,7,35.0,13,65.0,238,6,30,20,302,36,22.6,56,0,12,25,12,1.24,10,12,-2,-0.26,-0.22,9.4,6.4,+3.0,+0.39,+0.18,0,10,0,0,0,34,10,38.5
63,Ali Ávila,mx MEX,"FW,MF",UNAM,20,2003,15,0,228,2.5,1,0,1,1,0,0,0,0,0.6,0.6,0.6,1.2,6,14,22,0.39,0.00,0.39,0.39,0.39,0.23,0.22,0.46,0.23,0.46,Matches,8,2,25.0,3.16,0.79,0.13,0.50,23.2,0,0.07,+0.4,+0.4,55,70,78.6,844,253,31,34,91.2,20,23,87.0,2,3,66.7,0.2,-0.6,8,7,2,0,70,0,0,0,2,0,0,0,0,0,0,7,11,4.34,10,0,0,1,0,1,0.39,0,0,0,1,0,3,3,2,1,0,2,33.3,4,0,0,3,1,0,109,2,12,1,16.7,5,83.3,78,1,13,6,85,15,7.5,,0,15,15,17,1.24,7,0,+7,+2.76,+2.83,4.2,2.5,+1.8,+0.70,+0.34,0,9,1,0,0,18,2,20.0
6,Alonso Aceves,mx MEX,DF,Pachuca,23,2001,17,14,1334,14.8,0,0,0,0,0,0,2,0,0.4,0.4,0.6,1.0,11,51,22,0.00,0.00,0.00,0.00,0.00,0.03,0.04,0.07,0.03,0.07,Matches,11,4,36.4,0.74,0.27,0.00,0.00,22.6,0,0.04,-0.4,-0.4,629,760,82.8,12370,5005,207,232,89.2,342,379,90.2,72,127,56.7,0.6,-0.6,4,34,1,0,700,60,1,13,17,44,0,0,0,0,0,10,10,0.67,9,1,0,0,0,0,0.00,0,0,0,0,0,36,21,26,10,0,17,89.5,2,11,12,48,70,1,928,79,12,2,33.3,4,66.7,515,2,8,0,549,78,43.6,87,12,3,38,15,1.30,22,20,+2,+0.13,+0.40,20.3,12.7,+7.6,+0.51,+0.46,0,12,0,0,0,86,25,53.2
203,Alonso Escoboza,mx MEX,"DF,MF",Mazatlán,31,1993,13,10,861,9.6,0,0,0,0,0,0,1,0,0.4,0.4,1.4,1.7,26,39,44,0.00,0.00,0.00,0.00,0.00,0.04,0.14,0.18,0.04,0.18,Matches,11,1,9.1,1.15,0.10,0.00,0.00,18.2,1,0.04,-0.4,-0.4,291,431,67.5,5478,1987,115,136,84.6,118,167,70.7,44,97,45.4,0.8,-1.4,17,31,15,10,337,93,0,2,59,58,24,5,11,0,1,16,34,3.56,19,13,1,0,0,2,0.21,2,0,0,0,0,6,5,3,3,0,1,14.3,6,3,6,12,15,1,500,18,15,4,36.4,7,63.6,257,6,8,2,279,66,28.1,73,1,3,43,0,0.69,4,6,-2,-0.21,+0.49,11.9,9.9,+2.0,+0.21,+0.61,0,3,0,0,0,43,4,33.3
496,Alonso Ramírez,mx MEX,MF,Atlas,22,2001,2,0,53,0.6,0,0,0,0,0,0,0,0,0.0,0.0,0.0,0.0,0,2,0,0.00,0.00,0.00,0.00,0.00,0.00,0.00,0.00,0.00,0.00,Matches,0,0,,0.00,0.00,,,,0,,0.0,0.0,18,22,81.8,403,94,3,4,75.0,11,12,91.7,4,5,80.0,0.0,0.0,0,1,1,0,21,1,0,1,0,0,0,0,0,0,0,0,2,3.40,2,0,0,0,0,0,0.00,0,0,0,0,0,3,1,2,1,0,2,100.0,0,2,1,4,0,0,29,0,0,0,,0,,9,0,1,0,15,27,1.7,,0,2,27,6,0.50,0,2,-2,-3.40,-3.07,0.4,2.4,-1.9,-3.26,-3.28,0,0,0,0,0,2,0,0.0
79,Alán Bautista,mx MEX,MF,Pachuca,21,2002,22,10,895,9.9,1,1,2,1,0,0,0,0,0.5,0.5,2.2,2.7,21,63,48,0.10,0.10,0.20,0.10,0.20,0.05,0.22,0.27,0.05,0.27,Matches,11,4,36.4,1.11,0.40,0.09,0.25,22.7,0,0.05,+0.5,+0.5,374,469,79.7,6862,1780,159,183,86.9,165,197,83.8,42,65,64.6,1.6,-1.2,24,38,8,1,419,46,4,8,17,2,17,5,1,0,4,8,44,4.42,30,8,2,2,1,5,0.50,4,1,0,0,0,20,12,3,14,3,13,65.0,7,9,13,33,10,0,584,13,14,8,42.1,11,57.9,341,3,22,12,370,41,29.2,73,2,12,14,10,1.44,14,12,+2,+0.20,+0.41,9.4,9.6,-0.1,-0.01,-0.37,0,5,0,0,0,58,5,50.0
413,Alán Montes,mx MEX,DF,Necaxa,23,2000,20,14,1413,15.7,2,0,2,2,0,0,6,0,1.7,1.7,0.2,1.8,4,31,3,0.13,0.00,0.13,0.13,0.13,0.11,0.01,0.12,0.11,0.12,Matches,15,5,33.3,0.96,0.32,0.13,0.40,12.9,0,0.11,+0.3,+0.3,400,513,78.0,9082,4694,100,111,90.1,223,260,85.8,74,129,57.4,0.2,-0.2,2,37,4,0,489,23,0,11,2,4,0,0,0,0,1,5,14,0.89,10,0,1,2,1,2,0.13,0,0,0,1,1,36,26,24,12,0,16,61.5,10,4,24,60,84,1,705,119,18,9,81.8,1,9.1,311,0,9,5,344,71,46.2,90,14,6,26,12,1.20,18,28,-10,-0.64,-1.24,21.5,24.3,-2.8,-0.18,-0.17,0,15,1,0,0,77,36,61.0
238,Amaury García,mx MEX,"MF,FW",Cruz Azul,22,2001,5,0,22,0.2,0,0,0,0,0,0,1,0,0.0,0.0,0.0,0.0,0,3,0,0.00,0.00,0.00,0.00,0.00,0.00,0.00,0.00,0.00,0.00,Matches,0,0,,0.00,0.00,,,,0,,0.0,0.0,11,14,78.6,200,84,3,4,75.0,5,6,83.3,1,2,50.0,0.0,0.0,0,2,0,0,14,0,0,0,0,0,0,0,0,0,0,1,1,4.09,1,0,0,0,0,0,0.00,0,0,0,0,0,0,0,0,0,0,0,,0,0,0,0,2,0,16,2,0,0,,0,,6,0,0,1,11,4,0.7,,0,5,4,27,3.00,1,0,+1,+4.09,+3.02,0.8,0.5,+0.3,+1.03,+0.33,0,4,0,0,0,1,0,0.0
417,Amaury Morales,mx MEX,"FW,MF",Cruz Azul,18,2005,21,4,616,6.8,1,3,4,1,0,0,1,0,0.6,0.6,2.0,2.6,25,15,39,0.15,0.44,0.58,0.15,0.58,0.09,0.29,0.38,0.09,0.38,Matches,10,2,20.0,1.46,0.29,0.10,0.50,20.7,0,0.06,+0.4,+0.4,172,198,86.9,1973,372,128,139,92.1,30,35,85.7,2,4,50.0,1.5,+1.0,9,14,6,2,182,16,0,0,7,6,5,0,0,0,0,7,22,3.21,15,1,3,3,0,6,0.88,3,0,2,1,0,11,8,4,7,0,7,58.3,5,3,3,14,2,0,303,2,31,19,44.2,24,55.8,189,20,27,11,191,29,20.1,67,0,17,21,9,2.12,17,7,+10,+1.46,+0.47,12.3,6.3,+6.0,+0.88,+0.21,0,10,1,0,0,29,1,25.0
185,Anderson Duarte,uy URU,"MF,FW",Toluca,20,2004,7,0,136,1.5,1,0,1,1,0,0,0,0,0.7,0.7,0.2,0.9,3,5,13,0.66,0.00,0.66,0.66,0.66,0.46,0.13,0.60,0.46,0.60,Matches,3,3,100.0,1.99,1.99,0.33,0.33,14.6,1,0.23,+0.3,+0.3,34,47,72.3,621,173,17,21,81.0,12,16,75.0,4,6,66.7,0.2,-0.2,2,2,1,0,42,4,0,0,5,0,4,0,2,0,1,3,7,4.63,4,0,0,2,1,0,0.00,0,0,0,0,0,4,1,2,2,0,1,25.0,3,2,1,5,1,0,68,1,6,5,55.6,4,44.4,41,0,6,3,46,19,4.4,,0,7,19,5,1.57,3,3,0,0.00,-1.26,2.3,2.0,+0.3,+0.20,-0.30,0,4,0,0,0,5,1,33.3
186,Anderson Duarte,uy URU,"FW,MF",Mazatlán,20,2004,9,6,583,6.5,1,1,2,1,0,0,4,0,1.6,1.6,0.5,2.1,5,11,39,0.15,0.15,0.31,0.15,0.31,0.24,0.08,0.33,0.24,0.33,Matches,3,3,100.0,1.99,1.99,0.33,0.33,14.6,1,0.23,+0.3,+0.3,34,47,72.3,621,173,17,21,81.0,12,16,75.0,4,6,66.7,0.2,-0.2,2,2,1,0,42,4,0,0,5,0,4,0,2,0,1,3,7,4.63,4,0,0,2,1,0,0.00,0,0,0,0,0,4,1,2,2,0,1,25.0,3,2,1,5,1,0,68,1,6,5,55.6,4,44.4,41,0,6,3,46,19,4.4,,0,7,19,5,1.57,3,3,0,0.00,-1.26,2.3,2.0,+0.3,+0.20,-0.30,0,4,0,0,0,5,1,33.3
569,Anderson Santamaría,pe PER,DF,Santos,32,1992,23,21,1810,20.1,1,1,2,1,0,0,8,1,0.6,0.6,0.3,0.9,5,30,6,0.05,0.05,0.10,0.05,0.10,0.03,0.01,0.04,0.03,0.04,Matches,3,2,66.7,0.15,0.10,0.33,0.50,17.6,1,0.20,+0.4,+0.4,746,884,84.4,14941,6252,235,254,92.5,396,423,93.6,100,177,56.5,0.5,+0.7,5,30,5,1,812,65,0,6,3,1,0,0,0,0,7,2,18,0.90,17,0,0,1,0,2,0.10,2,0,0,0,0,58,40,40,18,0,32,78.0,9,17,24,82,104,2,1131,248,6,8,66.7,3,25.0,600,0,16,3,672,79,59.2,83,16,2,33,1,0.65,19,38,-19,-0.94,+0.50,23.0,39.8,-16.8,-0.84,-0.10,1,24,0,0,0,66,26,46.4
412,Andres Montaño,mx MEX,"MF,FW",Cruz Azul,22,2002,22,5,636,7.1,2,1,3,2,0,0,1,0,0.3,0.3,0.5,0.8,8,40,34,0.28,0.14,0.42,0.28,0.42,0.04,0.07,0.11,0.04,0.11,Matches,8,5,62.5,1.13,0.71,0.25,0.40,24.4,2,0.04,+1.7,+1.7,249,342,72.8,4235,1262,119,138,86.2,94,125,75.2,26,53,49.1,1.0,+0.5,12,34,10,0,303,39,3,0,32,3,25,6,17,0,0,10,25,3.55,19,2,1,2,0,6,0.85,4,0,1,1,0,13,11,5,7,1,7,70.0,3,3,5,18,3,0,404,6,6,7,53.8,6,46.2,221,1,12,11,279,29,20.8,67,0,17,18,11,2.07,19,9,+10,+1.42,+0.41,10.1,8.6,+1.5,+0.22,-0.62,0,10,0,0,0,29,5,62.5
255,André-Pierre Gignac,fr FRA,FW,UANL,38,1985,19,13,1105,12.3,7,1,8,5,2,3,2,0,6.1,3.8,1.0,4.8,18,27,71,0.57,0.08,0.65,0.41,0.49,0.50,0.08,0.58,0.31,0.39,Matches,52,20,38.5,4.24,1.63,0.10,0.25,19.9,7,0.07,+0.9,+1.2,175,235,74.5,3328,498,68,90,75.6,78,94,83.0,21,31,67.7,0.7,0.0,7,15,5,0,206,26,0,9,10,3,1,0,0,0,3,5,26,2.12,20,0,2,1,0,2,0.16,2,0,0,0,0,2,2,1,1,0,1,25.0,3,2,2,4,8,0,357,9,64,9,52.9,6,35.3,210,7,25,8,265,58,36.1,72,4,6,28,1,1.81,18,13,+5,+0.41,-0.28,18.8,13.8,+5.0,+0.41,+0.03,0,12,0,0,0,12,13,35.1
279,Andrés Guardado,mx MEX,MF,León,37,1986,25,15,1380,15.3,2,1,3,2,0,0,4,0,1.2,1.2,1.7,2.9,14,66,23,0.13,0.07,0.20,0.13,0.20,0.08,0.11,0.19,0.08,0.19,Matches,13,6,46.2,0.85,0.39,0.15,0.33,23.9,1,0.09,+0.8,+0.8,668,774,86.3,13055,3663,224,249,90.0,347,378,91.8,84,123,68.3,1.4,-0.7,17,60,15,3,719,50,1,7,19,10,9,2,4,0,5,4,45,2.93,34,3,2,3,0,5,0.33,3,0,1,1,0,27,17,14,13,0,6,25.0,18,9,11,38,19,1,880,27,4,15,83.3,2,11.1,491,0,12,8,579,55,45.1,81,5,10,17,2,1.48,18,18,0,0.00,-0.05,18.2,17.8,+0.4,+0.03,+0.32,0,19,0,0,0,95,7,41.2
280,Andrés Gudiño,mx MEX,GK,Cruz Azul,27,1997,1,1,90,1.0,0,0,0,0,0,0,0,0,0.0,0.0,0.0,0.0,0,0,0,0.00,0.00,0.00,0.00,0.00,0.00,0.00,0.00,0.00,0.00,Matches,0,0,,0.00,0.00,,,,0,,0.0,0.0,36,37,97.3,655,505,17,17,100.0,15,15,100.0,4,5,80.0,0.0,0.0,0,0,0,0,31,6,0,0,0,0,0,0,0,0,0,0,0,0.00,0,0,0,0,0,0,0.00,0,0,0,0,0,0,0,0,0,0,0,,0,0,0,0,1,0,39,27,0,0,,0,,26,0,0,0,24,90,2.9,90,1,0,,33,3.00,2,1,+1,+1.00,-0.09,2.0,0.5,+1.5,+1.53,+0.84,0,0,0,0,0,4,0,
407,Andrés Micolta,ec ECU,DF,Pachuca,25,1999,8,7,568,6.3,0,0,0,0,0,0,2,0,0.0,0.0,0.0,0.0,1,4,0,0.00,0.00,0.00,0.00,0.00,0.00,0.00,0.00,0.00,0.00,Matches,1,1,100.0,0.16,0.16,0.00,0.00,11.6,0,0.01,0.0,0.0,153,201,76.1,3078,1023,44,56,78.6,94,107,87.9,13,33,39.4,0.0,0.0,1,4,0,0,201,0,0,1,0,0,0,0,0,0,0,2,3,0.48,2,0,0,1,0,0,0.00,0,0,0,0,0,7,5,5,2,0,3,75.0,1,1,5,12,40,2,275,44,1,1,100.0,0,0.0,135,0,6,2,148,71,18.6,76,4,1,39,3,1.00,6,11,-5,-0.79,-0.86,7.0,8.2,-1.2,-0.19,-0.54,0,9,1,3,0,20,13,48.1
561,Andrés Sánchez,mx MEX,GK,Atlético,26,1997,30,30,2624,29.2,0,0,0,0,0,0,4,0,0.0,0.0,0.0,0.0,0,0,0,0.00,0.00,0.00,0.00,0.00,0.00,0.00,0.00,0.00,0.00,Matches,0,0,,0.00,0.00,,,,0,,0.0,0.0,924,1135,81.4,22473,13339,181,182,99.5,533,547,97.4,208,404,51.5,0.0,0.0,0,8,1,0,795,340,0,2,0,1,0,0,0,0,0,0,4,0.14,3,1,0,0,0,1,0.03,1,0,0,0,0,2,2,2,0,0,2,25.0,6,0,0,2,30,1,1228,1071,0,0,,0,,598,0,0,0,572,87,85.8,87,29,0,,1,1.35,38,45,-7,-0.24,-0.65,30.9,41.9,-11.0,-0.38,-0.49,0,0,0,0,0,40,8,100.0
65,Angel Azuaje,ve VEN,DF,UNAM,19,2004,4,3,216,2.4,0,0,0,0,0,0,2,0,0.2,0.2,0.0,0.2,0,4,0,0.00,0.00,0.00,0.00,0.00,0.10,0.00,0.10,0.10,0.10,Matches,2,0,0.0,0.83,0.00,0.00,,8.4,0,0.12,-0.2,-0.2,109,125,87.2,2351,947,33,36,91.7,58,64,90.6,17,24,70.8,0.0,0.0,0,5,1,0,108,17,0,1,0,2,0,0,0,0,0,0,0,0.00,0,0,0,0,0,0,0.00,0,0,0,0,0,2,2,2,0,0,1,50.0,1,1,0,2,18,0,156,24,2,0,0.0,1,100.0,80,0,0,0,92,54,7.1,67,1,1,14,6,0.75,1,4,-3,-1.25,-1.50,1.7,3.3,-1.6,-0.67,-1.13,0,6,0,1,0,7,6,66.7
369,Anthony Lozano,hn HON,FW,Santos,31,1993,22,14,1245,13.8,4,1,5,3,1,1,6,1,6.8,6.0,0.5,6.5,19,18,40,0.29,0.07,0.36,0.22,0.29,0.49,0.03,0.53,0.44,0.47,Matches,33,9,27.3,2.39,0.65,0.09,0.33,13.4,0,0.18,-2.8,-3.0,142,216,65.7,1991,386,75,100,75.0,50,70,71.4,6,13,46.2,0.1,+0.5,5,18,1,0,183,30,0,0,6,0,0,0,0,0,3,9,11,0.80,5,0,1,2,1,2,0.14,1,0,0,0,1,9,6,3,6,0,4,33.3,8,2,1,10,11,0,364,16,47,7,30.4,15,65.2,204,7,35,21,259,57,40.7,75,4,8,24,1,0.41,12,25,-13,-0.94,+0.35,15.4,26.9,-11.5,-0.84,-0.07,1,30,0,0,0,23,43,49.4
97,Antonio Briseño,mx MEX,DF,Toluca,30,1994,5,3,288,3.2,1,0,1,1,0,0,0,0,0.3,0.3,0.0,0.3,0,6,0,0.31,0.00,0.31,0.31,0.31,0.11,0.00,0.11,0.11,0.11,Matches,2,1,50.0,0.62,0.31,0.50,1.00,6.9,0,0.17,+0.7,+0.7,218,239,91.2,4141,1846,63,66,95.5,127,131,96.9,20,33,60.6,0.0,0.0,0,3,0,0,230,9,0,2,0,1,0,0,0,0,0,0,0,0.00,0,0,0,0,0,0,0.00,0,0,0,0,0,2,1,1,1,0,1,50.0,1,0,1,3,29,0,276,33,2,1,100.0,0,0.0,194,0,0,0,203,58,9.4,90,3,2,9,6,2.71,14,2,+12,+3.75,+2.81,7.6,2.8,+4.8,+1.51,+1.13,0,0,0,0,0,9,7,70.0
98,Antonio Briseño,mx MEX,DF,Guadalajara,30,1994,7,6,541,6.0,0,1,1,0,0,0,2,0,0.2,0.2,0.8,1.0,1,14,0,0.00,0.17,0.17,0.00,0.17,0.03,0.14,0.17,0.03,0.17,Matches,2,1,50.0,0.62,0.31,0.50,1.00,6.9,0,0.17,+0.7,+0.7,218,239,91.2,4141,1846,63,66,95.5,127,131,96.9,20,33,60.6,0.0,0.0,0,3,0,0,230,9,0,2,0,1,0,0,0,0,0,0,0,0.00,0,0,0,0,0,0,0.00,0,0,0,0,0,2,1,1,1,0,1,50.0,1,0,1,3,29,0,276,33,2,1,100.0,0,0.0,194,0,0,0,203,58,9.4,90,3,2,9,6,2.71,14,2,+12,+3.75,+2.81,7.6,2.8,+4.8,+1.51,+1.13,0,0,0,0,0,9,7,70.0
350,Antonio Leone,mx MEX,DF,Monterrey,20,2004,3,1,102,1.1,0,0,0,0,0,0,0,0,0.0,0.0,0.0,0.0,2,2,3,0.00,0.00,0.00,0.00,0.00,0.00,0.00,0.00,0.00,0.00,Matches,0,0,,0.00,0.00,,,,0,,0.0,0.0,44,49,89.8,757,293,15,17,88.2,22,23,95.7,4,6,66.7,0.0,0.0,0,2,1,0,45,4,0,0,0,4,0,0,0,0,0,0,2,1.76,2,0,0,0,0,1,0.88,1,0,0,0,0,1,0,0,1,0,0,,0,1,1,2,5,0,60,5,1,0,,0,,38,1,1,0,39,34,3.3,90,1,2,6,15,3.00,2,1,+1,+0.88,+0.43,0.4,0.8,-0.3,-0.28,-0.71,0,0,0,0,0,6,2,66.7
382,Antonio María,mx MEX,"FW,MF",Querétaro,20,2004,7,3,245,2.7,0,0,0,0,0,0,1,0,0.3,0.3,0.1,0.5,2,1,7,0.00,0.00,0.00,0.00,0.00,0.13,0.04,0.17,0.13,0.17,Matches,3,1,33.3,1.10,0.37,0.00,0.00,9.8,0,0.12,-0.3,-0.3,31,47,66.0,465,61,17,21,81.0,10,12,83.3,2,3,66.7,0.0,-0.1,2,1,0,0,43,4,0,0,0,1,0,0,0,0,0,2,2,0.74,2,0,0,0,0,0,0.00,0,0,0,0,0,1,1,0,1,0,1,25.0,3,0,1,2,2,0,61,2,7,2,50.0,1,25.0,29,2,3,5,47,35,8.0,67,0,4,11,3,0.00,1,3,-2,-0.73,0.00,1.5,4.1,-2.5,-0.94,-0.18,0,4,0,0,0,4,11,47.8
,Antonio Sánchez,,,,,,,,,,,,,,,,,,,,,,,,,,,,,,,,,,,,,,,,,,,,,,,,,,,,,,,,,,,,,,,,,,,,,,,,,,,,,,,,,,,,,,,,,,,,,,,,,,,,,,,,,,,,,,,,,,,,,,,,,,0,0,,4,,,,,,,,,,,,,,,,,,,
29,Antonio Álvarez,mx MEX,"FW,MF",América,20,2003,4,2,113,1.3,1,0,1,1,0,0,0,0,1.0,1.0,0.1,1.0,2,4,7,0.80,0.00,0.80,0.80,0.80,0.76,0.04,0.80,0.76,0.80,Matches,5,2,40.0,3.98,1.59,0.20,0.50,25.5,0,0.19,0.0,0.0,33,41,80.5,450,90,21,23,91.3,9,12,75.0,1,2,50.0,0.1,-0.1,1,3,1,0,37,4,0,0,3,0,4,0,2,0,0,2,5,3.98,3,2,0,0,0,0,0.00,0,0,0,0,0,2,1,1,1,0,0,,0,2,0,2,0,0,61,1,3,3,75.0,0,0.0,45,2,4,3,46,28,3.7,51,0,2,6,2,1.75,1,0,+1,+0.80,-0.09,2.8,0.6,+2.2,+1.76,+0.94,0,1,0,0,0,2,0,
,Arath Moreno,,,,,,,,,,,,,,,,,,,,,,,,,,,,,,,,,,,,,,,,,,,,,,,,,,,,,,,,,,,,,,,,,,,,,,,,,,,,,,,,,,,,,,,,,,,,,,,,,,,,,,,,,,,,,,,,,,,,,,,,,,0,0,,6,,,,,,,,,,,,,,,,,,,
,Arath Zavala,,,,,,,,,,,,,,,,,,,,,,,,,,,,,,,,,,,,,,,,,,,,,,,,,,,,,,,,,,,,,,,,,,,,,,,,,,,,,,,,,,,,,,,,,,,,,,,,,,,,,,,,,,,,,,,,,,,,,,,,,,0,0,,1,,,,,,,,,,,,,,,,,,,
265,Armando González,mx MEX,FW,Guadalajara,21,2003,18,6,647,7.2,3,1,4,3,0,0,1,0,3.6,3.6,0.8,4.4,3,9,34,0.42,0.14,0.56,0.42,0.56,0.50,0.11,0.61,0.50,0.61,Matches,20,9,45.0,2.78,1.25,0.15,0.33,12.4,0,0.18,-0.6,-0.6,81,124,65.3,1087,169,52,68,76.5,23,35,65.7,2,7,28.6,0.3,+0.2,5,2,3,0,113,11,0,0,3,2,0,0,0,0,0,6,14,1.95,12,0,0,1,0,2,0.28,2,0,0,0,0,8,4,2,5,1,3,60.0,2,6,1,9,9,0,198,7,33,2,50.0,2,50.0,116,2,17,9,130,36,21.1,69,1,12,20,7,1.28,11,6,+5,+0.70,+0.66,10.7,8.1,+2.5,+0.35,+0.17,0,10,0,0,0,18,12,50.0
15,Arnaud Ake,ci CIV,FW,Querétaro,26,1998,5,3,234,2.6,0,0,0,0,0,0,0,0,0.1,0.1,0.2,0.3,4,3,21,0.00,0.00,0.00,0.00,0.00,0.05,0.07,0.12,0.05,0.12,Matches,1,0,0.0,0.38,0.00,0.00,,10.4,0,0.14,-0.1,-0.1,35,51,68.6,485,44,19,22,86.4,11,18,61.1,2,3,66.7,0.2,-0.2,4,1,1,0,43,7,0,0,0,1,0,0,0,0,1,3,4,1.54,4,0,0,0,0,0,0.00,0,0,0,0,0,1,1,1,0,0,1,100.0,0,0,1,2,1,0,76,1,6,1,50.0,1,50.0,43,3,14,4,59,47,7.6,56,0,2,33,6,0.60,1,5,-4,-1.54,-0.87,1.4,5.5,-4.1,-1.59,-0.88,0,3,0,0,0,6,4,40.0
167,Arturo Delgado,mx MEX,GK,FC Juárez,22,2002,2,2,180,2.0,0,0,0,0,0,0,0,0,0.0,0.0,0.0,0.0,0,0,0,0.00,0.00,0.00,0.00,0.00,0.00,0.00,0.00,0.00,0.00,Matches,0,0,,0.00,0.00,,,,0,,0.0,0.0,56,79,70.9,1606,1075,9,9,100.0,21,23,91.3,23,44,52.3,0.0,0.0,0,2,0,0,58,21,0,0,0,0,0,0,0,0,0,0,0,0.00,0,0,0,0,0,0,0.00,0,0,0,0,0,0,0,0,0,0,0,,0,0,0,0,1,0,86,70,0,0,,0,,40,0,0,0,41,90,5.9,90,2,0,,11,2.00,2,1,+1,+0.50,+1.12,2.4,2.5,-0.1,-0.06,+0.49,0,0,0,0,0,3,0,
464,Arturo Palma,mx MEX,"DF,MF",Necaxa,22,2002,13,5,529,5.9,1,1,2,1,0,0,2,0,0.9,0.9,0.7,1.7,16,10,38,0.17,0.17,0.34,0.17,0.34,0.15,0.13,0.28,0.15,0.28,Matches,5,3,60.0,0.85,0.51,0.20,0.33,15.9,0,0.18,+0.1,+0.1,131,187,70.1,2149,540,63,70,90.0,58,80,72.5,8,24,33.3,0.8,+0.3,7,3,5,3,159,28,0,0,22,26,0,0,0,0,0,7,12,2.03,8,2,2,0,0,1,0.17,1,0,0,0,0,13,6,8,5,0,4,50.0,4,4,3,16,12,0,255,8,15,7,38.9,11,61.1,143,2,8,2,143,41,17.3,74,1,8,20,2,1.86,16,9,+7,+1.19,+1.40,10.8,8.6,+2.2,+0.37,+0.56,0,9,0,1,0,25,3,23.1
317,Avilés Hurtado,co COL,"FW,MF",FC Juárez,37,1987,16,4,432,4.8,1,0,1,0,1,1,1,0,1.3,0.5,0.9,1.5,17,39,48,0.21,0.00,0.21,0.00,0.00,0.28,0.19,0.47,0.11,0.30,Matches,8,0,0.0,1.67,0.00,0.00,,14.9,0,0.07,-0.3,-0.5,136,188,72.3,2488,940,58,73,79.5,58,72,80.6,17,31,54.8,0.8,-0.9,11,26,11,2,182,6,0,1,16,4,2,2,0,0,0,7,19,3.97,16,0,0,0,1,1,0.21,0,0,0,0,0,6,3,2,3,1,5,41.7,7,1,2,8,0,0,236,1,22,7,46.7,7,46.7,163,3,13,8,187,27,14.1,63,1,12,15,4,0.88,2,15,-13,-2.71,-2.50,6.3,11.0,-4.8,-1.00,-0.55,0,8,0,1,0,15,4,33.3
490,Ayrton Preciado,ec ECU,"MF,DF",Querétaro,30,1994,5,1,132,1.5,1,0,1,1,0,0,2,1,0.1,0.1,0.0,0.2,6,3,12,0.68,0.00,0.68,0.68,0.68,0.09,0.03,0.12,0.09,0.12,Matches,3,2,66.7,2.05,1.36,0.33,0.50,24.5,1,0.05,+0.9,+0.9,50,63,79.4,721,164,29,31,93.5,12,16,75.0,3,9,33.3,0.3,0.0,1,6,1,1,59,4,0,0,10,2,2,1,1,0,0,1,4,2.73,4,0,0,0,0,0,0.00,0,0,0,0,0,3,2,1,2,0,0,,0,0,0,3,2,0,82,2,4,1,25.0,3,75.0,54,1,7,0,58,26,4.3,45,0,4,22,6,0.80,2,1,+1,+0.68,+1.48,0.4,1.9,-1.5,-1.00,-0.24,1,4,0,0,0,9,0,0.0
233,Benjamín Galdames,mx MEX,"MF,FW",Atlético,23,2001,20,3,505,5.6,0,0,0,0,0,0,1,0,0.3,0.3,0.1,0.4,18,27,63,0.00,0.00,0.00,0.00,0.00,0.05,0.03,0.08,0.05,0.08,Matches,4,2,50.0,0.71,0.36,0.00,0.00,13.2,0,0.07,-0.3,-0.3,245,329,74.5,3996,1081,132,148,89.2,76,103,73.8,26,48,54.2,0.6,-0.1,7,17,12,6,272,56,0,6,26,43,7,2,3,0,1,11,17,3.02,11,3,2,1,0,1,0.18,1,0,0,0,0,10,7,2,6,2,6,42.9,8,11,5,15,5,0,431,6,12,15,38.5,23,59.0,268,6,24,21,300,25,16.5,75,0,17,17,13,1.41,8,12,-4,-0.71,-0.68,6.4,9.1,-2.6,-0.47,-0.19,0,10,0,0,0,44,6,33.3
170,Benny Díaz,mx MEX,GK,FC Juárez,25,1998,11,11,990,11.0,0,0,0,0,0,0,3,0,0.0,0.0,0.0,0.0,0,0,0,0.00,0.00,0.00,0.00,0.00,0.00,0.00,0.00,0.00,0.00,Matches,0,0,,0.00,0.00,,,,0,,0.0,0.0,301,402,74.9,7584,5330,75,77,97.4,121,123,98.4,93,189,49.2,0.0,0.0,0,3,0,0,277,125,0,1,0,0,0,0,0,0,0,1,1,0.09,0,1,0,0,0,0,0.00,0,0,0,0,0,0,0,0,0,0,0,,0,0,1,1,8,3,431,347,0,1,100.0,0,0.0,231,0,0,0,173,90,32.4,90,11,0,,23,1.09,14,26,-12,-1.09,-0.79,11.6,22.3,-10.7,-0.97,-0.66,0,1,0,1,0,19,1,100.0
466,Bernardo Parra,mx MEX,MF,UANL,19,2005,10,6,541,6.0,0,0,0,0,0,0,1,0,0.1,0.1,0.2,0.2,3,27,6,0.00,0.00,0.00,0.00,0.00,0.01,0.03,0.04,0.01,0.04,Matches,3,2,66.7,0.50,0.33,0.00,0.00,27.3,0,0.03,-0.1,-0.1,276,317,87.1,4449,1114,137,153,89.5,119,132,90.2,16,21,76.2,0.2,-0.2,6,32,4,1,310,6,0,0,4,0,0,0,0,0,1,3,12,2.00,9,1,0,1,0,0,0.00,0,0,0,0,0,11,7,2,8,1,7,58.3,5,0,8,19,3,0,356,6,0,2,40.0,2,40.0,165,0,7,4,238,54,17.7,78,1,4,19,6,2.00,7,2,+5,+0.83,+0.30,9.1,4.3,+4.8,+0.80,+0.49,0,6,0,0,0,28,4,66.7
78,Borja Bastón,es ESP,FW,Pachuca,31,1992,7,5,352,3.9,0,0,0,0,0,1,0,0,1.6,0.8,0.1,0.9,1,5,10,0.00,0.00,0.00,0.00,0.00,0.40,0.03,0.43,0.20,0.23,Matches,6,0,0.0,1.53,0.00,0.00,,16.5,0,0.13,-1.6,-0.8,37,52,71.2,497,33,21,23,91.3,14,17,82.4,0,3,0.0,0.1,-0.1,2,2,0,0,46,6,0,0,2,0,1,1,0,0,0,4,6,1.53,4,0,0,0,0,1,0.26,1,0,0,0,0,1,1,0,1,0,0,,0,3,0,1,10,0,92,10,11,0,0.0,4,100.0,47,0,6,2,55,50,11.5,65,1,2,14,9,1.14,4,5,-1,-0.26,-0.19,3.7,2.4,+1.3,+0.33,+0.09,0,6,0,0,0,6,6,25.0
,Brandon Lomelí,,,,,,,,,,,,,,,,,,,,,,,,,,,,,,,,,,,,,,,,,,,,,,,,,,,,,,,,,,,,,,,,,,,,,,,,,,,,,,,,,,,,,,,,,,,,,,,,,,,,,,,,,,,,,,,,,,,,,,,,,,0,0,,1,,,,,,,,,,,,,,,,,,,
609,Brandon Vazquez,us USA,"FW,MF",Monterrey,25,1998,16,6,554,6.2,3,1,4,2,1,1,0,0,4.9,4.1,1.6,5.7,10,4,31,0.49,0.16,0.65,0.32,0.49,0.79,0.26,1.05,0.66,0.92,Matches,20,7,35.0,3.25,1.14,0.10,0.29,13.2,0,0.21,-1.9,-2.1,79,109,72.5,1301,154,46,52,88.5,23,33,69.7,9,13,69.2,1.0,-0.6,8,1,3,1,98,10,1,1,6,0,1,1,0,0,1,5,15,2.44,8,0,3,1,0,2,0.32,0,0,1,1,0,2,1,0,2,0,0,0.0,5,1,3,5,4,0,177,5,30,7,58.3,5,41.7,111,4,20,8,135,35,18.1,64,0,10,17,1,1.90,6,7,-1,-0.16,-0.77,11.3,7.2,+4.2,+0.67,+0.33,0,7,1,0,0,12,13,43.3
44,Brayan Angulo,co COL,"DF,MF",Puebla,34,1989,32,29,2530,28.1,0,4,4,0,0,0,6,2,1.3,1.3,2.3,3.5,57,129,83,0.00,0.14,0.14,0.00,0.14,0.05,0.08,0.13,0.05,0.13,Matches,20,4,20.0,0.71,0.14,0.00,0.00,18.5,0,0.06,-1.3,-1.3,1071,1395,76.8,18116,7827,539,614,87.8,424,523,81.1,93,189,49.2,2.4,+1.7,28,112,24,7,1136,245,1,14,54,223,3,0,3,0,14,35,70,2.51,53,6,3,2,2,8,0.29,5,1,0,0,0,63,41,33,24,6,36,64.3,20,14,34,97,66,0,1716,65,33,40,43.5,51,55.4,890,9,33,20,1012,79,82.7,84,22,3,27,0,0.72,25,41,-16,-0.57,+1.30,28.9,35.6,-6.8,-0.24,+0.97,1,35,0,0,0,166,23,46.9
,Brayan Monroy,,,,,,,,,,,,,,,,,,,,,,,,,,,,,,,,,,,,,,,,,,,,,,,,,,,,,,,,,,,,,,,,,,,,,,,,,,,,,,,,,,,,,,,,,,,,,,,,,,,,,,,,,,,,,,,,,,,,,,,,,,0,0,,2,,,,,,,,,,,,,,,,,,,
610,Brayton Vázquez,mx MEX,DF,Querétaro,26,1998,4,4,293,3.3,0,0,0,0,0,0,0,0,0.0,0.0,0.0,0.0,3,11,3,0.00,0.00,0.00,0.00,0.00,0.00,0.00,0.00,0.00,0.00,Matches,0,0,,0.00,0.00,,,,0,,0.0,0.0,90,127,70.9,1910,966,26,30,86.7,44,56,78.6,18,34,52.9,0.0,0.0,0,16,0,0,120,6,0,2,3,5,0,0,0,0,1,2,0,0.00,0,0,0,0,0,0,0.00,0,0,0,0,0,2,1,2,0,0,1,33.3,2,0,6,8,15,0,160,18,0,1,100.0,0,0.0,66,0,2,2,84,73,9.6,73,2,0,,8,0.00,1,7,-6,-1.84,-1.23,1.9,7.2,-5.3,-1.63,-0.94,0,0,0,0,0,12,7,63.6
239,Brian García,mx MEX,DF,Toluca,26,1997,23,19,1540,17.1,1,1,2,1,0,0,3,0,0.9,0.9,0.9,1.8,41,58,108,0.06,0.06,0.12,0.06,0.12,0.05,0.05,0.11,0.05,0.11,Matches,6,2,33.3,0.35,0.12,0.17,0.50,16.4,0,0.15,+0.1,+0.1,803,1006,79.8,15272,4210,317,360,88.1,378,441,85.7,93,160,58.1,1.6,+0.1,16,45,18,5,824,181,0,13,38,164,3,0,2,0,1,17,43,2.51,38,3,1,0,0,5,0.29,5,0,0,0,0,31,19,10,19,2,17,70.8,7,15,18,49,39,0,1160,46,31,12,50.0,12,50.0,619,8,16,6,669,67,50.3,78,10,4,15,6,1.77,38,17,+21,+1.23,+0.04,25.8,17.1,+8.7,+0.51,+0.05,0,13,0,0,0,84,9,60.0
525,Brian Rodríguez,uy URU,"FW,MF",América,24,2000,24,19,1586,17.6,8,6,14,7,1,1,2,1,5.6,4.8,3.4,8.2,95,71,220,0.45,0.34,0.79,0.40,0.74,0.32,0.19,0.51,0.27,0.47,Matches,44,21,47.7,2.50,1.19,0.16,0.33,19.2,6,0.11,+2.4,+2.2,546,723,75.5,8533,2137,318,371,85.7,168,222,75.7,41,77,53.2,3.9,+2.6,33,28,32,5,660,62,4,14,71,11,29,9,1,0,1,26,82,4.65,54,9,12,3,0,11,0.62,6,1,3,0,0,18,14,5,10,3,6,35.3,11,9,6,24,4,0,952,5,87,40,41.7,54,56.3,674,46,55,24,744,66,51.8,75,7,5,34,0,1.73,34,15,+19,+1.08,+0.41,26.7,12.3,+14.4,+0.82,-0.09,0,17,0,0,0,54,4,22.2
549,Brian Rubio,mx MEX,FW,Querétaro,27,1996,7,4,297,3.3,0,1,1,0,0,0,1,0,0.3,0.3,0.3,0.6,2,7,11,0.00,0.30,0.30,0.00,0.30,0.09,0.08,0.17,0.09,0.17,Matches,3,0,0.0,0.91,0.00,0.00,,14.9,0,0.10,-0.3,-0.3,52,66,78.8,870,136,25,29,86.2,21,27,77.8,5,6,83.3,0.1,+0.7,3,3,2,0,63,3,0,0,1,1,0,0,0,0,0,3,6,1.82,6,0,0,0,0,1,0.30,1,0,0,0,0,2,2,1,1,0,0,0.0,1,5,1,3,7,0,117,8,4,2,28.6,5,71.4,58,0,13,4,70,42,9.7,58,0,3,22,4,1.00,4,5,-1,-0.30,+0.48,1.7,7.1,-5.4,-1.63,-0.94,0,9,0,0,0,14,7,30.4
550,Brian Rubio,mx MEX,FW,Mazatlán,27,1996,16,9,865,9.6,3,0,3,3,0,0,3,0,3.9,3.9,0.6,4.5,15,24,82,0.31,0.00,0.31,0.31,0.31,0.40,0.06,0.47,0.40,0.47,Matches,3,0,0.0,0.91,0.00,0.00,,14.9,0,0.10,-0.3,-0.3,52,66,78.8,870,136,25,29,86.2,21,27,77.8,5,6,83.3,0.1,+0.7,3,3,2,0,63,3,0,0,1,1,0,0,0,0,0,3,6,1.82,6,0,0,0,0,1,0.30,1,0,0,0,0,2,2,1,1,0,0,0.0,1,5,1,3,7,0,117,8,4,2,28.6,5,71.4,58,0,13,4,70,42,9.7,58,0,3,22,4,1.00,4,5,-1,-0.30,+0.48,1.7,7.1,-5.4,-1.63,-0.94,0,9,0,0,0,14,7,30.4
40,Bruno Amione,ar ARG,DF,Santos,22,2002,19,17,1523,16.9,0,0,0,0,0,0,2,0,0.5,0.5,0.1,0.6,15,35,11,0.00,0.00,0.00,0.00,0.00,0.03,0.01,0.04,0.03,0.04,Matches,7,3,42.9,0.41,0.18,0.00,0.00,12.0,0,0.07,-0.5,-0.5,660,809,81.6,11160,4642,287,316,90.8,324,372,87.1,37,93,39.8,0.2,-0.1,5,19,2,1,696,113,0,4,9,71,0,0,0,0,0,9,12,0.71,9,0,0,0,0,2,0.12,1,0,0,0,0,41,21,31,10,0,28,73.7,10,16,23,64,63,0,1001,106,17,2,13.3,12,80.0,508,1,9,1,574,80,49.8,84,14,2,46,2,0.53,12,31,-19,-1.12,+0.05,18.2,36.4,-18.2,-1.07,-0.55,0,10,0,0,0,67,39,70.9
76,Bruno Barticciotto,cl CHI,FW,Santos,23,2001,10,8,669,7.4,6,0,6,6,0,0,2,0,3.1,3.1,0.4,3.5,10,14,48,0.81,0.00,0.81,0.81,0.81,0.42,0.05,0.48,0.42,0.48,Matches,25,9,36.0,3.36,1.21,0.24,0.67,15.6,0,0.13,+2.9,+2.9,115,162,71.0,1882,340,67,88,76.1,36,48,75.0,10,14,71.4,0.6,-0.4,8,10,3,0,140,22,1,2,1,6,0,0,0,0,0,6,27,3.63,17,1,4,0,2,1,0.13,0,0,1,0,0,8,3,0,3,5,1,14.3,6,4,2,10,6,0,248,10,39,8,72.7,3,27.3,147,7,19,16,177,67,21.9,79,4,2,21,0,0.70,7,14,-7,-0.94,+0.26,8.1,12.5,-4.4,-0.58,+0.27,0,13,0,0,0,21,8,29.6
401,Bruno Méndez,uy URU,DF,Toluca,24,1999,21,18,1605,17.8,0,0,0,0,0,0,1,1,0.5,0.5,0.3,0.8,13,62,3,0.00,0.00,0.00,0.00,0.00,0.03,0.01,0.04,0.03,0.04,Matches,6,2,33.3,0.34,0.11,0.00,0.00,9.9,0,0.09,-0.5,-0.5,860,988,87.0,18281,5987,225,240,93.8,489,522,93.7,135,204,66.2,0.1,-0.3,2,54,0,0,941,44,0,21,5,18,1,0,1,0,3,6,13,0.73,12,0,0,0,0,2,0.11,2,0,0,0,0,23,15,13,7,3,14,58.3,10,12,23,46,71,0,1160,117,8,0,0.0,1,100.0,671,0,12,4,817,76,52.5,86,16,3,17,10,1.93,38,28,+10,+0.56,-1.36,26.3,21.7,+4.7,+0.26,-0.47,0,9,0,0,0,53,29,61.7
144,Bryan Colula,mx MEX,DF,Mazatlán,28,1996,31,27,2205,24.5,0,0,0,0,0,0,7,0,1.4,1.4,2.7,4.1,29,119,110,0.00,0.00,0.00,0.00,0.00,0.06,0.11,0.17,0.06,0.17,Matches,14,3,21.4,0.57,0.12,0.00,0.00,15.3,0,0.11,-1.4,-1.4,928,1213,76.5,16128,6459,408,471,86.6,421,521,80.8,74,142,52.1,2.6,-2.7,16,86,14,5,970,237,0,4,39,233,0,0,0,0,6,37,38,1.55,28,2,0,3,2,1,0.04,0,0,0,1,0,60,44,34,21,5,33,48.5,35,23,22,82,58,0,1449,49,35,3,25.0,7,58.3,673,6,21,15,832,71,72.1,79,16,4,16,0,0.87,14,29,-15,-0.61,-0.19,24.1,30.1,-6.0,-0.25,-0.06,0,37,1,0,0,98,35,56.5
236,Bryan Gamboa,mx MEX,"MF,FW",Cruz Azul,22,2002,3,0,36,0.4,1,0,1,1,0,0,0,0,0.1,0.1,0.0,0.1,0,0,4,2.50,0.00,2.50,2.50,2.50,0.22,0.00,0.22,0.22,0.22,Matches,1,1,100.0,2.50,2.50,1.00,1.00,6.2,0,0.09,+0.9,+0.9,3,9,33.3,45,25,2,6,33.3,1,1,100.0,0,1,0.0,0.0,0.0,0,0,0,0,9,0,0,0,0,0,0,0,0,0,0,1,0,0.00,0,0,0,0,0,0,0.00,0,0,0,0,0,1,1,1,0,0,1,100.0,0,0,1,2,2,0,22,0,1,0,0.0,2,100.0,15,0,6,1,15,12,1.2,,0,3,12,7,3.00,2,0,+2,+5.00,+3.96,1.0,1.0,0.0,+0.05,-0.67,0,2,0,0,0,1,0,0.0
250,Bryan Garnica,mx MEX,"FW,DF",Puebla,28,1996,8,1,210,2.3,0,0,0,0,0,0,0,0,0.2,0.2,0.1,0.3,6,2,17,0.00,0.00,0.00,0.00,0.00,0.07,0.04,0.11,0.07,0.11,Matches,1,1,100.0,0.43,0.43,0.00,0.00,16.5,0,0.16,-0.2,-0.2,63,84,75.0,880,197,36,39,92.3,19,25,76.0,4,11,36.4,0.1,-0.1,2,4,1,1,70,13,0,0,10,6,3,0,3,0,1,0,6,2.57,3,1,0,1,1,0,0.00,0,0,0,0,0,10,8,4,4,2,3,75.0,1,4,3,13,5,0,125,5,3,2,18.2,7,63.6,65,2,10,3,74,26,6.9,57,0,7,22,5,0.50,0,4,-4,-1.71,-0.99,3.7,4.9,-1.3,-0.54,-0.13,0,0,0,0,0,9,1,12.5
251,Bryan Garnica,mx MEX,"FW,DF",Necaxa,28,1996,15,11,1002,11.1,0,0,0,0,0,0,1,1,0.2,0.2,1.5,1.7,17,50,70,0.00,0.00,0.00,0.00,0.00,0.01,0.14,0.15,0.01,0.15,Matches,1,1,100.0,0.43,0.43,0.00,0.00,16.5,0,0.16,-0.2,-0.2,63,84,75.0,880,197,36,39,92.3,19,25,76.0,4,11,36.4,0.1,-0.1,2,4,1,1,70,13,0,0,10,6,3,0,3,0,1,0,6,2.57,3,1,0,1,1,0,0.00,0,0,0,0,0,10,8,4,4,2,3,75.0,1,4,3,13,5,0,125,5,3,2,18.2,7,63.6,65,2,10,3,74,26,6.9,57,0,7,22,5,0.50,0,4,-4,-1.71,-0.99,3.7,4.9,-1.3,-0.54,-0.13,0,0,0,0,0,9,1,12.5
266,Bryan González,mx MEX,DF,Pachuca,21,2003,30,30,2573,28.6,0,1,1,0,0,0,3,2,1.6,1.6,2.2,3.8,80,147,117,0.00,0.03,0.03,0.00,0.03,0.06,0.08,0.13,0.06,0.13,Matches,27,8,29.6,0.94,0.28,0.00,0.00,16.1,0,0.06,-1.6,-1.6,1345,1603,83.9,21087,8506,729,780,93.5,519,599,86.6,72,141,51.1,2.0,-1.2,21,131,6,2,1312,283,0,12,45,241,6,2,0,0,8,38,58,2.03,47,4,4,2,0,3,0.10,2,0,0,1,0,73,52,40,28,5,37,59.7,25,24,59,132,98,0,2006,81,72,23,40.4,32,56.1,1038,11,38,22,1198,86,84.1,86,23,0,,0,1.21,41,45,-4,-0.14,-0.32,36.2,31.2,+5.0,+0.17,-0.50,0,18,1,0,0,129,48,66.7
543,Bryan Roque,mx MEX,"MF,FW",Necaxa,19,2004,2,0,11,0.1,0,0,0,0,0,0,1,0,0.1,0.1,0.0,0.1,0,0,1,0.00,0.00,0.00,0.00,0.00,1.07,0.00,1.07,1.07,1.07,Matches,1,1,100.0,8.18,8.18,0.00,0.00,9.5,0,0.13,-0.1,-0.1,3,4,75.0,44,2,2,3,66.7,1,1,100.0,0,0,,0.0,0.0,0,0,0,0,4,0,0,0,0,0,0,0,0,0,0,0,0,0.00,0,0,0,0,0,0,0.00,0,0,0,0,0,0,0,0,0,0,0,,0,0,0,0,0,0,8,0,3,0,,0,,3,0,2,0,7,6,0.4,,0,2,6,3,0.50,0,0,0,0.00,-0.03,0.2,0.4,-0.2,-1.70,-1.62,0,1,0,0,0,2,1,100.0
153,Cade Cowell,us USA,"FW,MF",Guadalajara,20,2003,23,13,1221,13.6,5,2,7,5,0,0,0,1,4.1,4.1,2.2,6.3,56,26,156,0.37,0.15,0.52,0.37,0.52,0.30,0.16,0.46,0.30,0.46,Matches,38,16,42.1,2.80,1.18,0.13,0.31,17.5,0,0.11,+0.9,+0.9,203,305,66.6,3466,718,102,123,82.9,69,105,65.7,23,40,57.5,1.4,-0.2,17,11,20,8,292,7,2,4,54,6,0,0,0,0,6,17,37,2.73,24,1,9,1,0,2,0.15,1,0,1,0,0,18,12,3,7,8,10,66.7,5,9,2,20,9,0,505,7,59,32,47.8,35,52.2,357,26,51,33,397,53,39.9,75,3,10,24,5,1.42,18,12,+6,+0.44,+0.44,17.7,14.0,+3.7,+0.28,+0.10,0,17,0,0,0,42,9,27.3
115,Camilo Cándido,uy URU,"DF,MF",Cruz Azul,29,1995,11,1,229,2.5,0,0,0,0,0,0,0,1,1.0,1.0,0.3,1.3,2,10,16,0.00,0.00,0.00,0.00,0.00,0.39,0.10,0.49,0.39,0.49,Matches,7,1,14.3,2.75,0.39,0.00,0.00,15.7,0,0.14,-1.0,-1.0,136,179,76.0,2448,1040,57,66,86.4,54,65,83.1,17,31,54.8,0.2,-0.3,5,10,5,1,151,28,0,0,7,25,0,0,0,0,0,6,12,4.70,10,1,1,0,0,2,0.78,2,0,0,0,0,11,9,6,5,0,10,71.4,4,2,2,13,7,0,209,8,7,5,100.0,0,0.0,88,1,1,3,133,21,7.5,90,1,10,14,4,2.42,7,3,+4,+1.57,+0.52,4.4,3.6,+0.9,+0.34,-0.39,0,4,0,0,0,14,1,33.3
607,Camilo Vargas,co COL,GK,Atlas,35,1989,31,31,2790,31.0,0,0,0,0,0,0,2,0,0.0,0.0,0.1,0.1,0,0,0,0.00,0.00,0.00,0.00,0.00,0.00,0.00,0.00,0.00,0.00,Matches,0,0,,0.00,0.00,,,,0,,0.0,0.0,810,1117,72.5,20568,14958,220,222,99.1,358,368,97.3,219,512,42.8,0.1,-0.1,3,25,0,0,779,336,0,4,0,0,0,0,0,0,2,0,7,0.23,5,2,0,0,0,0,0.00,0,0,0,0,0,1,1,1,0,0,0,0.0,2,0,1,2,24,1,1190,977,0,1,100.0,0,0.0,623,0,2,0,522,90,91.2,90,31,0,,0,1.15,38,52,-14,-0.45,-0.78,33.5,35.7,-2.2,-0.07,-0.35,0,2,0,1,0,47,3,60.0
583,Carlo Soldati,mx MEX,DF,Querétaro,19,2005,1,0,13,0.1,0,0,0,0,0,0,0,0,0.0,0.0,0.0,0.0,0,0,0,0.00,0.00,0.00,0.00,0.00,0.00,0.00,0.00,0.00,0.00,Matches,0,0,,0.00,0.00,,,,0,,0.0,0.0,8,8,100.0,177,43,1,1,100.0,6,6,100.0,1,1,100.0,0.0,0.0,0,0,0,0,7,1,0,0,0,0,0,0,0,0,0,0,0,0.00,0,0,0,0,0,0,0.00,0,0,0,0,0,0,0,0,0,0,0,,0,0,0,0,2,0,10,2,0,0,,0,,6,0,0,0,6,13,0.4,,0,1,13,1,0.00,0,0,0,0.00,+0.74,0.1,0.0,0.0,+0.23,+1.01,0,1,0,0,0,1,1,50.0
5,Carlos Acevedo,mx MEX,GK,Santos,28,1996,33,33,2970,33.0,0,0,0,0,0,0,1,0,0.0,0.0,0.0,0.0,0,0,0,0.00,0.00,0.00,0.00,0.00,0.00,0.00,0.00,0.00,0.00,Matches,1,0,0.0,0.03,0.00,0.00,,61.7,1,0.01,0.0,0.0,831,1137,73.1,23006,16976,198,199,99.5,332,336,98.8,291,586,49.7,0.0,0.0,1,10,0,0,727,405,0,4,0,0,0,0,0,0,5,0,5,0.15,2,3,0,0,0,0,0.00,0,0,0,0,0,1,0,1,0,0,1,50.0,1,0,0,1,18,3,1238,1072,1,1,100.0,0,0.0,625,0,1,0,466,90,97.1,90,33,0,,1,0.52,27,65,-38,-1.15,-0.15,34.7,60.8,-26.1,-0.79,+0.26,0,0,0,0,0,38,6,100.0
23,Carlos Alonso Vargas,mx MEX,"DF,FW",Cruz Azul,25,1999,5,0,58,0.6,0,0,0,0,0,0,0,0,0.0,0.0,0.0,0.0,0,5,1,0.00,0.00,0.00,0.00,0.00,0.00,0.00,0.00,0.00,0.00,Matches,0,0,,0.00,0.00,,,,0,,0.0,0.0,23,35,65.7,356,161,14,17,82.4,6,9,66.7,2,7,28.6,0.0,0.0,0,2,0,0,24,11,0,2,3,10,0,0,0,0,0,2,1,1.55,1,0,0,0,0,0,0.00,0,0,0,0,0,5,1,4,1,0,2,40.0,3,2,1,6,0,0,49,0,1,0,,0,,17,0,2,0,22,12,1.9,,0,5,12,15,2.40,0,1,-1,-1.55,-2.69,0.6,1.1,-0.4,-0.68,-1.42,0,3,0,0,0,2,1,50.0
200,Carlos Ernesto Cisneros,mx MEX,"FW,MF",Guadalajara,30,1993,9,5,321,3.6,0,0,0,0,0,0,0,0,0.4,0.4,1.7,2.1,16,11,29,0.00,0.00,0.00,0.00,0.00,0.11,0.47,0.58,0.11,0.58,Matches,9,3,33.3,2.52,0.84,0.00,0.00,21.3,1,0.04,-0.4,-0.4,84,118,71.2,1719,469,30,37,81.1,41,51,80.4,13,24,54.2,1.1,-1.7,10,3,8,5,99,18,1,1,26,5,12,8,2,0,1,3,15,4.21,7,4,0,1,0,1,0.28,0,0,0,0,0,5,3,2,0,3,3,75.0,1,1,1,6,1,0,161,4,9,4,36.4,7,63.6,101,1,9,4,106,36,10.5,57,0,4,9,4,1.00,2,4,-2,-0.56,-0.82,4.8,3.6,+1.3,+0.35,+0.15,0,5,0,0,0,13,1,16.7
201,Carlos Ernesto Cisneros,mx MEX,"FW,MF",León,30,1993,9,1,198,2.2,0,0,0,0,0,0,0,1,0.5,0.5,0.1,0.6,6,3,17,0.00,0.00,0.00,0.00,0.00,0.24,0.02,0.26,0.24,0.26,Matches,9,3,33.3,2.52,0.84,0.00,0.00,21.3,1,0.04,-0.4,-0.4,84,118,71.2,1719,469,30,37,81.1,41,51,80.4,13,24,54.2,1.1,-1.7,10,3,8,5,99,18,1,1,26,5,12,8,2,0,1,3,15,4.21,7,4,0,1,0,1,0.28,0,0,0,0,0,5,3,2,0,3,3,75.0,1,1,1,6,1,0,161,4,9,4,36.4,7,63.6,101,1,9,4,106,36,10.5,57,0,4,9,4,1.00,2,4,-2,-0.56,-0.82,4.8,3.6,+1.3,+0.35,+0.15,0,5,0,0,0,13,1,16.7
212,Carlos Felipe Rodríguez,mx MEX,GK,UANL,35,1989,3,3,270,3.0,0,0,0,0,0,0,0,0,0.0,0.0,0.0,0.0,0,0,0,0.00,0.00,0.00,0.00,0.00,0.00,0.00,0.00,0.00,0.00,Matches,0,0,,0.00,0.00,,,,0,,0.0,0.0,54,75,72.0,1197,704,18,19,94.7,25,25,100.0,10,30,33.3,0.0,0.0,0,0,0,0,50,25,0,0,0,0,0,0,0,0,0,0,0,0.00,0,0,0,0,0,0,0.00,0,0,0,0,0,0,0,0,0,0,0,,0,0,0,0,2,0,82,67,0,0,,0,,37,0,0,0,36,90,8.8,90,3,0,,8,2.33,3,1,+2,+0.67,+0.09,4.3,2.9,+1.4,+0.48,+0.09,0,0,0,0,0,1,0,
270,Carlos González Espínola,py PAR,FW,Tijuana,31,1993,11,8,580,6.4,2,0,2,2,0,0,2,0,2.3,2.3,0.7,3.0,4,7,34,0.31,0.00,0.31,0.31,0.31,0.36,0.11,0.47,0.36,0.47,Matches,14,7,50.0,2.17,1.09,0.14,0.29,13.8,0,0.17,-0.3,-0.3,108,157,68.8,1443,210,64,87,73.6,32,44,72.7,4,6,66.7,0.6,-0.7,7,4,1,0,142,14,0,1,0,0,0,0,0,0,1,3,16,2.49,11,0,1,1,0,0,0.00,0,0,0,0,0,5,4,2,0,3,1,100.0,0,2,1,6,10,0,237,10,31,6,60.0,4,40.0,129,2,29,12,180,53,19.0,59,1,3,36,0,1.69,8,7,+1,+0.16,+0.45,8.3,9.1,-0.8,-0.13,+0.31,0,4,0,0,0,7,31,55.4
284,Carlos Guillen,mx MEX,"MF,FW",Atlas,20,2004,8,3,300,3.3,0,0,0,0,0,0,2,0,0.1,0.1,0.4,0.6,6,19,17,0.00,0.00,0.00,0.00,0.00,0.04,0.13,0.17,0.04,0.17,Matches,3,0,0.0,0.90,0.00,0.00,,19.8,0,0.04,-0.1,-0.1,119,147,81.0,1731,545,64,69,92.8,42,47,89.4,8,17,47.1,0.4,-0.4,7,16,5,2,132,14,0,1,14,2,7,2,1,0,1,4,18,5.40,12,4,0,0,2,0,0.00,0,0,0,0,0,8,7,0,4,4,4,57.1,3,2,0,8,1,0,191,0,10,4,36.4,7,63.6,124,3,10,4,134,38,9.8,67,0,5,20,9,0.75,2,2,0,0.00,+0.42,3.7,3.1,+0.6,+0.17,+0.23,0,8,0,0,0,14,3,50.0
,Carlos Jimenez,,,,,,,,,,,,,,,,,,,,,,,,,,,,,,,,,,,,,,,,,,,,,,,,,,,,,,,,,,,,,,,,,,,,,,,,,,,,,,,,,,,,,,,,,,,,,,,,,,,,,,,,,,,,,,,,,,,,,,,,,,0,0,,1,,,,,,,,,,,,,,,,,,,
419,Carlos Moreno,mx MEX,GK,Pachuca,26,1998,32,32,2880,32.0,0,1,1,0,0,0,5,0,0.0,0.0,0.2,0.2,0,0,0,0.00,0.03,0.03,0.00,0.03,0.00,0.00,0.00,0.00,0.00,Matches,0,0,,0.00,0.00,,,,0,,0.0,0.0,695,923,75.3,21998,18070,79,80,98.8,301,310,97.1,313,528,59.3,0.1,+0.8,1,22,1,0,586,336,0,2,0,0,0,0,0,0,1,2,8,0.25,6,2,0,0,0,3,0.09,1,2,0,0,0,0,0,0,0,0,0,0.0,2,1,0,0,22,2,990,853,0,0,,0,,459,0,0,0,294,90,94.1,90,32,0,,2,1.29,48,48,0,0.00,+1.50,41.9,34.3,+7.6,+0.24,-0.25,0,0,0,0,0,76,10,90.9
450,Carlos Orrantía,mx MEX,DF,Toluca,33,1991,4,2,192,2.1,0,0,0,0,0,0,0,0,0.1,0.1,0.4,0.5,2,7,19,0.00,0.00,0.00,0.00,0.00,0.06,0.17,0.24,0.06,0.24,Matches,3,0,0.0,1.41,0.00,0.00,,24.6,0,0.05,-0.1,-0.1,94,122,77.0,1665,664,44,51,86.3,44,49,89.8,6,21,28.6,0.1,-0.4,3,8,4,2,86,36,0,0,15,33,0,0,0,0,0,1,7,3.28,6,1,0,0,0,0,0.00,0,0,0,0,0,4,3,2,1,1,4,66.7,2,0,2,6,6,0,145,4,4,2,66.7,1,33.3,75,1,4,1,82,48,6.3,78,1,2,18,13,1.75,1,2,-1,-0.47,-1.79,1.6,3.0,-1.3,-0.63,-1.19,0,0,0,0,0,6,1,50.0
451,Carlos Orrantía,mx MEX,"DF,MF",Atlas,33,1991,12,7,675,7.5,1,0,1,1,0,0,0,0,0.2,0.2,0.4,0.6,13,20,31,0.13,0.00,0.13,0.13,0.13,0.03,0.05,0.08,0.03,0.08,Matches,3,0,0.0,1.41,0.00,0.00,,24.6,0,0.05,-0.1,-0.1,94,122,77.0,1665,664,44,51,86.3,44,49,89.8,6,21,28.6,0.1,-0.4,3,8,4,2,86,36,0,0,15,33,0,0,0,0,0,1,7,3.28,6,1,0,0,0,0,0.00,0,0,0,0,0,4,3,2,1,1,4,66.7,2,0,2,6,6,0,145,4,4,2,66.7,1,33.3,75,1,4,1,82,48,6.3,78,1,2,18,13,1.75,1,2,-1,-0.47,-1.79,1.6,3.0,-1.3,-0.63,-1.19,0,0,0,0,0,6,1,50.0
522,Carlos Robles,mx MEX,MF,Atlas,24,2000,1,0,14,0.2,0,0,0,0,0,0,0,0,0.0,0.0,0.0,0.0,0,0,0,0.00,0.00,0.00,0.00,0.00,0.00,0.00,0.00,0.00,0.00,Matches,0,0,,0.00,0.00,,,,0,,0.0,0.0,4,4,100.0,42,21,3,3,100.0,1,1,100.0,0,0,,0.0,0.0,0,0,0,0,4,0,0,0,0,0,0,0,0,0,0,0,0,0.00,0,0,0,0,0,0,0.00,0,0,0,0,0,1,0,0,0,1,1,100.0,0,0,0,1,1,0,7,0,0,0,,0,,0,0,0,0,2,14,0.5,,0,1,14,16,3.00,1,1,0,0.00,+0.38,0.8,0.6,+0.2,+1.49,+1.54,0,0,0,0,0,1,1,50.0
,Carlos Rodas,,,,,,,,,,,,,,,,,,,,,,,,,,,,,,,,,,,,,,,,,,,,,,,,,,,,,,,,,,,,,,,,,,,,,,,,,,,,,,,,,,,,,,,,,,,,,,,,,,,,,,,,,,,,,,,,,,,,,,,,,,0,0,,5,,,,,,,,,,,,,,,,,,,
546,Carlos Rotondi,ar ARG,"DF,FW",Cruz Azul,27,1997,31,31,2515,27.9,11,7,18,6,5,6,4,0,8.8,4.2,5.9,10.1,68,88,257,0.39,0.25,0.64,0.21,0.47,0.31,0.21,0.52,0.15,0.36,Matches,61,23,37.7,2.18,0.82,0.10,0.26,19.6,2,0.07,+2.2,+1.8,920,1291,71.3,16863,6291,405,474,85.4,375,504,74.4,125,237,52.7,5.4,+1.1,44,73,50,25,1064,219,3,10,141,186,12,1,7,0,8,36,102,3.65,72,7,6,1,2,19,0.68,12,0,2,0,1,87,62,40,32,15,46,59.0,32,29,24,111,48,0,1660,32,103,18,35.3,33,64.7,833,21,46,14,964,81,82.2,81,15,0,,1,2.16,52,24,+28,+1.00,-0.48,46.6,22.5,+24.2,+0.86,+0.88,0,32,0,0,0,102,20,64.5
558,Carlos Salcedo,mx MEX,DF,FC Juárez,30,1993,13,13,1114,12.4,1,1,2,1,0,0,4,1,0.2,0.2,0.3,0.5,2,31,7,0.08,0.08,0.16,0.08,0.16,0.02,0.02,0.04,0.02,0.04,Matches,2,1,50.0,0.16,0.08,0.50,1.00,11.2,0,0.12,+0.8,+0.8,559,637,87.8,11886,4926,153,170,90.0,294,312,94.2,101,136,74.3,0.8,+0.7,6,22,4,1,584,52,0,7,2,2,0,0,0,0,1,5,15,1.21,14,0,0,0,1,1,0.08,1,0,0,0,0,10,7,6,2,2,4,57.1,3,4,17,27,52,0,749,150,10,1,50.0,1,50.0,441,0,4,2,481,86,36.4,86,11,0,,0,1.08,16,26,-10,-0.81,-0.39,14.9,22.6,-7.8,-0.63,-0.16,1,8,0,1,0,44,27,75.0
562,Carlos Sánchez,mx MEX,DF,Pachuca,22,2002,22,11,1108,12.3,1,4,5,1,0,0,2,0,0.3,0.3,1.5,1.8,38,67,47,0.08,0.32,0.41,0.08,0.41,0.03,0.12,0.15,0.03,0.15,Matches,12,6,50.0,0.97,0.49,0.08,0.17,24.2,0,0.03,+0.7,+0.7,593,746,79.5,10701,4649,279,305,91.5,226,277,81.6,77,130,59.2,1.1,+2.5,18,60,21,8,607,138,2,10,45,121,0,0,0,0,1,15,48,3.90,31,5,6,4,0,5,0.41,3,2,0,0,0,34,24,18,15,1,25,65.8,13,7,25,59,30,0,917,33,21,19,51.4,14,37.8,507,8,23,9,544,50,36.2,75,4,11,26,8,1.08,26,18,+8,+0.65,+1.16,18.7,10.3,+8.3,+0.68,+0.66,0,21,0,1,0,60,10,50.0
359,Cesar López,mx MEX,GK,Atlético,24,2000,5,4,436,4.8,0,0,0,0,0,0,1,0,0.0,0.0,0.0,0.0,0,0,0,0.00,0.00,0.00,0.00,0.00,0.00,0.00,0.00,0.00,0.00,Matches,0,0,,0.00,0.00,,,,0,,0.0,0.0,143,198,72.2,3777,2432,27,27,100.0,77,77,100.0,39,94,41.5,0.0,0.0,0,3,0,0,139,59,0,1,0,0,0,0,0,0,0,0,0,0.00,0,0,0,0,0,0,0.00,0,0,0,0,0,0,0,0,0,0,0,,0,0,0,0,5,3,212,179,0,0,,0,,104,0,1,0,96,87,14.2,90,4,1,76,26,1.80,9,7,+2,+0.41,+0.65,6.3,5.7,+0.5,+0.11,+0.49,0,0,0,0,0,10,0,
,Cesar Ramos,,,,,,,,,,,,,,,,,,,,,,,,,,,,,,,,,,,,,,,,,,,,,,,,,,,,,,,,,,,,,,,,,,,,,,,,,,,,,,,,,,,,,,,,,,,,,,,,,,,,,,,,,,,,,,,,,,,,,,,,,,0,0,,1,,,,,,,,,,,,,,,,,,,
526,Charly Rodríguez,mx MEX,MF,Cruz Azul,27,1997,33,29,2584,28.7,0,7,7,0,0,0,6,0,1.5,1.5,6.5,8.0,72,262,112,0.00,0.24,0.24,0.00,0.24,0.05,0.23,0.28,0.05,0.28,Matches,23,5,21.7,0.80,0.17,0.00,0.00,25.0,1,0.07,-1.5,-1.5,1735,2081,83.4,31083,10022,764,827,92.4,677,770,87.9,224,367,61.0,6.6,+0.5,75,211,62,13,1866,204,13,21,134,39,90,22,54,1,11,21,129,4.49,91,32,0,3,0,14,0.49,7,5,0,0,0,39,24,12,24,3,20,32.8,41,22,24,63,10,1,2270,28,27,25,64.1,13,33.3,1358,7,29,27,1668,78,84.4,85,19,4,30,0,2.07,51,21,+30,+1.04,-0.28,50.5,22.9,+27.5,+0.96,+1.61,0,30,0,0,0,160,6,33.3
125,Christian Castillo,mx MEX,FW,Querétaro,21,2003,1,1,45,0.5,0,0,0,0,0,0,1,0,0.3,0.3,0.0,0.3,1,1,1,0.00,0.00,0.00,0.00,0.00,0.65,0.00,0.65,0.65,0.65,Matches,2,0,0.0,4.00,0.00,0.00,,12.4,0,0.16,-0.3,-0.3,5,5,100.0,55,6,5,5,100.0,0,0,,0,0,,0.0,0.0,0,0,0,0,4,1,0,0,0,0,0,0,0,0,0,0,1,2.00,1,0,0,0,0,0,0.00,0,0,0,0,0,0,0,0,0,0,0,,0,0,0,0,0,0,8,1,2,0,,0,,5,0,0,0,5,45,1.5,45,0,0,,0,0.00,0,0,0,0.00,+0.75,0.3,0.6,-0.3,-0.51,+0.27,0,1,0,0,0,1,0,0.0
519,Christian Rivera,co COL,MF,Tijuana,28,1996,20,16,1427,15.9,5,0,5,1,4,4,2,0,3.9,0.8,0.2,1.0,12,71,12,0.32,0.00,0.32,0.06,0.06,0.25,0.01,0.26,0.05,0.06,Matches,8,1,12.5,0.50,0.06,0.13,1.00,29.7,0,0.10,+1.1,+0.2,981,1084,90.5,17645,5263,412,437,94.3,457,489,93.5,88,117,75.2,0.6,-0.2,6,106,4,0,1046,36,0,18,1,2,0,0,0,0,2,9,23,1.45,20,1,1,0,0,4,0.25,3,0,1,0,0,72,51,32,37,3,32,60.4,21,10,11,83,27,1,1274,45,7,10,76.9,2,15.4,751,0,27,20,887,71,46.6,81,12,4,31,0,1.54,23,24,-1,-0.06,+0.27,21.9,26.9,-5.0,-0.31,+0.13,0,45,0,0,0,113,22,75.9
603,Christian Valdivia,mx MEX,DF,Cruz Azul,18,2005,1,0,19,0.2,0,0,0,0,0,0,0,0,0.0,0.0,0.0,0.0,0,1,1,0.00,0.00,0.00,0.00,0.00,0.00,0.00,0.00,0.00,0.00,Matches,0,0,,0.00,0.00,,,,0,,0.0,0.0,6,6,100.0,96,33,4,4,100.0,1,1,100.0,1,1,100.0,0.0,0.0,0,1,0,0,6,0,0,0,0,0,0,0,0,0,0,0,0,0.00,0,0,0,0,0,0,0.00,0,0,0,0,0,1,0,1,0,0,0,0.0,2,0,1,2,0,0,9,0,0,0,,0,,9,0,1,3,9,19,0.6,,0,1,19,5,3.00,0,0,0,0.00,-1.10,0.0,0.2,-0.1,-0.58,-1.30,0,3,0,0,0,1,0,
615,Christo Vela,mx MEX,"MF,FW",América,20,2004,2,0,79,0.9,0,0,0,0,0,0,1,0,0.1,0.1,0.2,0.3,2,3,4,0.00,0.00,0.00,0.00,0.00,0.10,0.24,0.34,0.10,0.34,Matches,2,1,50.0,2.28,1.14,0.00,0.00,29.6,2,0.04,-0.1,-0.1,18,29,62.1,390,112,7,12,58.3,7,8,87.5,4,8,50.0,0.1,-0.2,1,6,0,0,25,4,0,1,6,0,4,2,2,0,0,1,4,4.56,2,1,0,0,0,0,0.00,0,0,0,0,0,0,0,0,0,0,0,,0,0,0,0,1,0,37,1,1,1,100.0,0,0.0,23,1,4,1,23,40,2.6,,0,2,40,0,2.00,1,1,0,0.00,-0.91,2.1,0.6,+1.5,+1.69,+0.85,0,2,0,0,0,4,0,0.0
130,Christopher Castro,mx MEX,DF,Mazatlán,19,2005,2,2,110,1.2,0,0,0,0,0,0,0,0,0.0,0.0,0.0,0.0,0,3,0,0.00,0.00,0.00,0.00,0.00,0.00,0.00,0.00,0.00,0.00,Matches,0,0,,0.00,0.00,,,,0,,0.0,0.0,25,34,73.5,599,344,6,9,66.7,14,18,77.8,5,6,83.3,0.0,0.0,0,5,0,0,27,7,0,0,0,6,0,0,0,0,0,1,0,0.00,0,0,0,0,0,0,0.00,0,0,0,0,0,4,1,2,2,0,3,75.0,1,1,4,8,1,1,48,2,0,2,100.0,0,0.0,18,0,4,0,23,55,3.6,55,0,0,,5,2.00,3,3,0,0.00,+0.58,1.1,2.0,-0.9,-0.73,-0.52,0,1,0,0,0,3,0,
,Christopher Mora,,,,,,,,,,,,,,,,,,,,,,,,,,,,,,,,,,,,,,,,,,,,,,,,,,,,,,,,,,,,,,,,,,,,,,,,,,,,,,,,,,,,,,,,,,,,,,,,,,,,,,,,,,,,,,,,,,,,,,,,,,0,0,,1,,,,,,,,,,,,,,,,,,,
67,Claudio Baeza,cl CHI,"MF,DF",Toluca,30,1993,16,12,1016,11.3,0,1,1,0,0,0,4,0,0.2,0.2,0.8,1.1,7,56,8,0.00,0.09,0.09,0.00,0.09,0.02,0.07,0.09,0.02,0.09,Matches,4,1,25.0,0.35,0.09,0.00,0.00,21.8,0,0.06,-0.2,-0.2,567,633,89.6,11029,3428,201,217,92.6,289,308,93.8,71,95,74.7,0.6,+0.2,8,56,7,2,619,14,0,12,2,3,0,0,0,0,0,3,16,1.41,16,0,0,0,0,2,0.18,2,0,0,0,0,12,8,5,7,0,7,30.4,16,10,15,27,19,1,725,32,3,3,37.5,5,62.5,449,0,5,3,517,64,33.2,77,6,4,22,1,1.94,24,13,+11,+0.97,-0.35,16.7,15.0,+1.7,+0.15,-0.50,0,23,0,0,0,61,9,45.0
94,Cristian Borja,co COL,DF,América,31,1993,22,14,1322,14.7,1,1,2,1,0,0,0,0,0.2,0.2,1.6,1.8,38,49,74,0.07,0.07,0.14,0.07,0.14,0.02,0.11,0.12,0.02,0.12,Matches,5,2,40.0,0.34,0.14,0.20,0.50,19.4,0,0.04,+0.8,+0.8,704,812,86.7,11637,3856,345,372,92.7,290,328,88.4,46,69,66.7,0.9,-0.6,15,41,10,5,650,160,0,4,34,143,1,0,1,0,2,14,25,1.70,21,3,0,1,0,1,0.07,0,1,0,0,0,31,24,21,8,2,13,76.5,4,8,16,47,31,0,944,24,19,9,64.3,5,35.7,534,6,18,12,571,60,43.2,84,10,8,19,4,1.71,31,12,+19,+1.29,+0.72,23.0,11.5,+11.5,+0.79,-0.14,0,13,0,0,0,54,12,63.2
106,Cristian Calderón,mx MEX,DF,América,27,1997,25,19,1650,18.3,1,0,1,1,0,0,4,0,0.6,0.6,0.7,1.3,11,57,76,0.05,0.00,0.05,0.05,0.05,0.03,0.04,0.07,0.03,0.07,Matches,9,3,33.3,0.49,0.16,0.11,0.33,20.6,2,0.07,+0.4,+0.4,889,1081,82.2,14663,5667,413,446,92.6,367,434,84.6,76,142,53.5,1.1,-0.7,12,57,12,9,874,206,0,5,30,182,1,0,1,0,1,17,35,1.91,29,4,1,1,0,2,0.11,2,0,0,0,0,36,27,24,7,5,19,67.9,9,14,22,58,42,1,1255,62,25,8,34.8,15,65.2,611,2,21,12,730,66,53.9,81,11,6,19,7,1.74,31,17,+14,+0.76,-0.26,30.7,16.2,+14.5,+0.79,-0.15,0,23,0,0,0,87,24,60.0
326,Cristian Jiménez,mx MEX,DF,Cruz Azul,22,2002,2,1,49,0.5,0,0,0,0,0,0,0,0,0.0,0.0,0.0,0.0,0,1,0,0.00,0.00,0.00,0.00,0.00,0.00,0.00,0.00,0.00,0.00,Matches,0,0,,0.00,0.00,,,,0,,0.0,0.0,36,39,92.3,596,167,10,11,90.9,24,24,100.0,1,2,50.0,0.0,0.0,0,0,0,0,39,0,0,0,0,0,0,0,0,0,0,1,1,1.84,1,0,0,0,0,0,0.00,0,0,0,0,0,0,0,0,0,0,0,,0,0,0,0,4,0,44,7,0,0,,0,,36,0,0,1,36,25,1.6,45,0,1,4,2,3.00,2,1,+1,+1.84,+0.76,0.4,1.3,-0.9,-1.62,-2.36,0,1,0,1,0,0,0,
381,Cristian Mares,mx MEX,"FW,MF",Puebla,19,2004,8,2,202,2.2,0,0,0,0,0,0,1,0,0.4,0.4,0.0,0.4,3,3,15,0.00,0.00,0.00,0.00,0.00,0.17,0.01,0.18,0.17,0.18,Matches,5,2,40.0,2.23,0.89,0.00,0.00,15.4,0,0.08,-0.4,-0.4,47,57,82.5,639,91,25,31,80.6,16,18,88.9,1,2,50.0,0.0,0.0,1,2,0,0,55,2,0,0,1,2,0,0,0,0,0,1,5,2.24,3,0,2,0,0,0,0.00,0,0,0,0,0,3,1,1,1,1,2,33.3,4,3,2,5,2,0,98,2,6,7,46.7,8,53.3,45,1,7,4,69,25,6.6,45,0,6,19,12,0.25,4,4,0,0.00,+0.85,3.7,2.9,+0.8,+0.36,+0.83,0,6,0,0,0,12,1,10.0
504,Cristian Reyes,mx MEX,"MF,FW",Monterrey,18,2006,2,0,20,0.2,0,0,0,0,0,0,0,0,0.0,0.0,0.0,0.0,2,1,1,0.00,0.00,0.00,0.00,0.00,0.00,0.00,0.00,0.00,0.00,Matches,0,0,,0.00,0.00,,,,0,,0.0,0.0,7,11,63.6,72,24,4,4,100.0,2,3,66.7,0,0,,0.1,0.0,0,0,1,0,11,0,0,0,1,0,0,0,0,0,0,3,0,0.00,0,0,0,0,0,0,0.00,0,0,0,0,0,0,0,0,0,0,0,0.0,3,0,0,0,1,0,13,0,1,1,50.0,0,0.0,7,0,0,0,9,10,0.7,,0,2,10,1,3.00,0,0,0,0.00,-0.47,0.1,0.3,-0.2,-0.97,-1.38,0,1,0,0,0,0,0,0.0
479,Cristiano Piccini,it ITA,DF,Atlético,31,1992,4,4,298,3.3,0,0,0,0,0,0,0,0,0.0,0.0,0.0,0.0,11,8,5,0.00,0.00,0.00,0.00,0.00,0.00,0.01,0.01,0.00,0.01,Matches,0,0,,0.00,0.00,,,,0,,0.0,0.0,159,196,81.1,2826,866,73,76,96.1,69,81,85.2,14,32,43.8,0.0,0.0,1,9,0,0,182,14,0,5,7,11,0,0,0,0,0,3,2,0.60,1,0,1,0,0,0,0.00,0,0,0,0,0,7,3,4,3,0,4,57.1,3,6,9,16,9,1,232,17,3,2,40.0,2,40.0,131,3,4,2,163,75,9.7,75,0,0,,0,1.43,6,6,0,0.00,+0.16,4.2,3.0,+1.2,+0.37,+0.75,0,3,0,0,0,14,0,0.0
155,Cristián Dajome,co COL,"FW,MF",Santos,30,1994,12,9,681,7.6,0,0,0,0,0,0,0,1,0.5,0.5,0.3,0.8,14,13,50,0.00,0.00,0.00,0.00,0.00,0.07,0.04,0.10,0.07,0.10,Matches,13,4,30.8,1.72,0.53,0.00,0.00,19.2,0,0.04,-0.5,-0.5,108,159,67.9,1637,385,57,74,77.0,42,54,77.8,6,10,60.0,0.3,-0.3,4,8,6,1,148,9,0,1,15,6,1,0,0,0,2,13,11,1.45,10,0,0,1,0,0,0.00,0,0,0,0,0,14,8,7,3,4,5,22.7,17,11,4,18,5,0,252,4,20,5,38.5,8,61.5,142,4,17,12,174,57,22.3,61,1,3,45,2,0.58,7,13,-6,-0.79,+0.46,6.9,12.7,-5.8,-0.76,+0.05,0,13,0,0,0,21,9,37.5
,César Bustos,,,,,,,,,,,,,,,,,,,,,,,,,,,,,,,,,,,,,,,,,,,,,,,,,,,,,,,,,,,,,,,,,,,,,,,,,,,,,,,,,,,,,,,,,,,,,,,,,,,,,,,,,,,,,,,,,,,,,,,,,,0,0,,5,,,,,,,,,,,,,,,,,,,
252,César Garza,mx MEX,MF,Monterrey,19,2005,2,0,17,0.2,0,0,0,0,0,0,0,0,0.0,0.0,0.0,0.0,0,1,0,0.00,0.00,0.00,0.00,0.00,0.00,0.00,0.00,0.00,0.00,Matches,0,0,,0.00,0.00,,,,0,,0.0,0.0,8,9,88.9,94,41,7,7,100.0,1,2,50.0,0,0,,0.0,0.0,0,1,0,0,9,0,0,0,0,0,0,0,0,0,0,0,1,5.29,1,0,0,0,0,0,0.00,0,0,0,0,0,1,1,0,1,0,0,,0,1,0,1,0,0,11,0,0,0,,0,,7,0,0,0,9,9,0.6,,0,2,9,8,3.00,0,0,0,0.00,-0.47,0.6,0.2,+0.4,+2.28,+1.89,0,0,0,0,0,0,0,
315,César Huerta,mx MEX,"FW,MF",UNAM,23,2000,15,14,1290,14.3,5,3,8,4,1,2,5,0,5.6,4.0,3.7,7.7,67,65,152,0.35,0.21,0.56,0.28,0.49,0.39,0.26,0.65,0.28,0.54,Matches,38,12,31.6,2.65,0.84,0.11,0.33,18.2,0,0.11,-0.6,0.0,369,513,71.9,6281,1754,178,213,83.6,138,180,76.7,40,82,48.8,3.6,-0.7,37,29,29,7,438,71,0,7,80,12,41,14,19,0,4,15,84,5.86,50,12,5,9,2,6,0.42,2,2,0,1,0,29,21,9,12,8,13,50.0,13,11,3,32,4,0,743,4,89,28,38.9,39,54.2,477,34,52,30,521,86,42.2,89,10,1,45,0,1.59,17,12,+5,+0.35,+0.35,21.5,10.3,+11.2,+0.78,+0.70,0,27,2,0,0,69,9,47.4
,César Lugo,,,,,,,,,,,,,,,,,,,,,,,,,,,,,,,,,,,,,,,,,,,,,,,,,,,,,,,,,,,,,,,,,,,,,,,,,,,,,,,,,,,,,,,,,,,,,,,,,,,,,,,,,,,,,,,,,,,,,,,,,,0,0,,1,,,,,,,,,,,,,,,,,,,
358,César López,mx MEX,"MF,FW",FC Juárez,22,2002,5,1,78,0.9,0,0,0,0,0,0,0,0,0.1,0.1,0.0,0.1,1,1,6,0.00,0.00,0.00,0.00,0.00,0.06,0.00,0.06,0.06,0.06,Matches,1,1,100.0,1.15,1.15,0.00,0.00,11.7,0,0.05,-0.1,-0.1,14,18,77.8,161,28,10,10,100.0,3,5,60.0,0,1,0.0,0.0,0.0,0,0,0,0,17,1,0,0,1,0,0,0,0,0,0,1,0,0.00,0,0,0,0,0,0,0.00,0,0,0,0,0,1,1,0,1,0,1,50.0,1,2,0,1,0,0,29,0,3,1,50.0,1,50.0,21,0,4,3,21,16,2.5,56,0,4,6,8,1.00,0,1,-1,-1.15,-0.61,1.2,0.8,+0.4,+0.47,+1.02,0,3,0,0,0,5,1,20.0
,César Sosa,,,,,,,,,,,,,,,,,,,,,,,,,,,,,,,,,,,,,,,,,,,,,,,,,,,,,,,,,,,,,,,,,,,,,,,,,,,,,,,,,,,,,,,,,,,,,,,,,,,,,,,,,,,,,,,,,,,,,,,,,,0,0,,6,,,,,,,,,,,,,,,,,,,
204,Dagoberto Espinoza,mx MEX,"DF,MF",América,20,2004,18,11,994,11.0,0,0,0,0,0,0,4,0,0.5,0.5,1.6,2.1,22,25,57,0.00,0.00,0.00,0.00,0.00,0.04,0.15,0.19,0.04,0.19,Matches,2,0,0.0,0.18,0.00,0.00,,12.3,0,0.24,-0.5,-0.5,430,520,82.7,6770,2168,218,238,91.6,179,212,84.4,20,41,48.8,1.2,-1.6,11,23,6,2,433,87,0,1,18,79,0,0,0,0,0,12,22,1.99,17,0,1,2,2,1,0.09,1,0,0,0,0,25,19,15,8,2,16,57.1,12,12,8,33,25,0,644,33,10,15,55.6,12,44.4,341,6,21,7,355,55,32.5,76,5,7,22,9,1.79,15,11,+4,+0.36,-0.77,18.7,8.6,+10.1,+0.92,+0.08,0,13,0,0,0,55,14,77.8
,Daniel Aguirre,,,,,,,,,,,,,,,,,,,,,,,,,,,,,,,,,,,,,,,,,,,,,,,,,,,,,,,,,,,,,,,,,,,,,,,,,,,,,,,,,,,,,,,,,,,,,,,,,,,,,,,,,,,,,,,,,,,,,,,,,,0,0,,4,,,,,,,,,,,,,,,,,,,
26,Daniel Alvarado,mx MEX,MF,América,19,2004,1,0,1,0.0,0,0,0,0,0,0,0,0,0.1,0.1,0.0,0.1,0,0,0,0.00,0.00,0.00,0.00,0.00,6.01,0.00,6.01,6.01,6.01,Matches,1,1,100.0,90.00,90.00,0.00,0.00,21.6,0,0.07,-0.1,-0.1,0,0,,0,0,0,0,,0,0,,0,0,,0.0,0.0,0,0,0,0,0,0,0,0,0,0,0,0,0,0,0,0,0,0.00,0,0,0,0,0,0,0.00,0,0,0,0,0,0,0,0,0,0,0,,0,0,0,0,0,0,1,0,0,0,,0,,0,0,0,0,0,1,0.0,,0,1,1,1,1.00,0,0,0,0.00,-0.88,0.2,0.0,+0.2,+15.06,+14.21,0,0,0,0,0,0,0,
220,Daniel Flores,us USA,DF,Guadalajara,21,2003,1,1,13,0.1,0,0,0,0,0,0,0,0,0.0,0.0,0.0,0.0,0,0,0,0.00,0.00,0.00,0.00,0.00,0.00,0.00,0.00,0.00,0.00,Matches,0,0,,0.00,0.00,,,,0,,0.0,0.0,2,3,66.7,49,29,0,0,,1,1,100.0,1,2,50.0,0.0,0.0,0,0,0,0,1,2,0,0,0,2,0,0,0,0,0,0,0,0.00,0,0,0,0,0,0,0.00,0,0,0,0,0,1,1,1,0,0,1,100.0,0,0,0,1,0,0,7,0,0,0,0.0,1,100.0,3,0,1,0,3,13,0.4,13,0,0,,0,1.00,1,0,+1,+6.92,+6.78,0.1,0.1,0.0,-0.07,-0.29,0,0,0,0,0,0,0,
285,Daniel Guillén,mx MEX,DF,Atlético,22,2001,11,7,682,7.6,1,0,1,1,0,0,3,0,0.4,0.4,0.0,0.4,4,23,5,0.13,0.00,0.13,0.13,0.13,0.05,0.00,0.05,0.05,0.05,Matches,4,2,50.0,0.53,0.26,0.25,0.50,12.1,0,0.10,+0.6,+0.6,349,418,83.5,6818,2313,105,122,86.1,209,228,91.7,30,56,53.6,0.1,0.0,0,23,1,0,403,15,0,5,0,5,0,0,0,0,0,5,2,0.26,2,0,0,0,0,0,0.00,0,0,0,0,0,10,7,7,2,1,6,66.7,3,4,13,23,21,2,495,64,5,0,0.0,1,100.0,248,0,3,4,339,62,22.3,83,5,4,25,13,1.47,9,12,-3,-0.40,-0.32,5.2,11.1,-5.9,-0.78,-0.61,0,6,0,0,0,23,19,67.9
360,Daniel López,mx MEX,"FW,MF",Querétaro,24,2000,2,0,12,0.1,0,0,0,0,0,0,0,0,0.0,0.0,0.0,0.0,1,0,0,0.00,0.00,0.00,0.00,0.00,0.00,0.00,0.00,0.00,0.00,Matches,0,0,,0.00,0.00,,,,0,,0.0,0.0,1,2,50.0,14,0,1,1,100.0,0,1,0.0,0,0,,0.0,0.0,0,0,0,0,2,0,0,0,1,0,0,0,0,0,0,0,0,0.00,0,0,0,0,0,0,0.00,0,0,0,0,0,1,1,0,0,1,0,,0,0,0,1,0,0,4,0,0,0,,0,,3,0,0,0,3,6,0.4,,0,2,6,2,0.50,0,0,0,0.00,+0.74,0.0,0.0,0.0,0.00,+0.78,0,0,0,0,0,0,0,0.0
30,Daniel Álvarez,mx MEX,"MF,FW",Puebla,30,1994,13,6,527,5.9,0,0,0,0,0,0,1,0,0.9,0.9,0.6,1.5,19,16,40,0.00,0.00,0.00,0.00,0.00,0.15,0.10,0.25,0.15,0.25,Matches,12,4,33.3,2.05,0.68,0.00,0.00,21.7,0,0.08,-0.9,-0.9,109,174,62.6,1616,604,60,77,77.9,37,56,66.1,6,15,40.0,0.4,-0.6,9,11,3,2,161,12,1,0,23,11,0,0,0,0,1,9,22,3.63,17,0,4,0,0,1,0.16,1,0,0,0,0,7,4,3,2,2,3,30.0,7,3,0,7,11,0,244,8,18,17,54.8,13,41.9,138,9,11,6,163,41,17.2,70,1,7,16,4,1.08,5,12,-7,-1.20,-0.48,7.0,8.4,-1.4,-0.23,+0.22,0,5,0,0,0,20,6,35.3
83,Darío Benedetto,ar ARG,FW,Querétaro,34,1990,8,4,427,4.7,0,0,0,0,0,0,0,0,1.3,1.3,1.2,2.4,6,13,30,0.00,0.00,0.00,0.00,0.00,0.27,0.25,0.52,0.27,0.52,Matches,17,5,29.4,3.58,1.05,0.00,0.00,15.9,1,0.08,-1.3,-1.3,64,107,59.8,1276,270,26,42,61.9,24,36,66.7,11,22,50.0,0.6,-1.2,10,10,7,0,95,11,0,6,4,1,0,0,0,0,1,1,13,2.74,8,2,0,2,0,0,0.00,0,0,0,0,0,1,0,0,1,0,1,100.0,0,3,1,2,5,0,159,5,29,2,50.0,2,50.0,83,3,16,3,112,53,14.0,77,1,4,30,0,1.00,4,7,-3,-0.63,+0.12,5.0,6.6,-1.6,-0.33,+0.51,0,2,0,0,0,7,10,62.5
,David Ayala,,,,,,,,,,,,,,,,,,,,,,,,,,,,,,,,,,,,,,,,,,,,,,,,,,,,,,,,,,,,,,,,,,,,,,,,,,,,,,,,,,,,,,,,,,,,,,,,,,,,,,,,,,,,,,,,,,,,,,,,,,0,0,,1,,,,,,,,,,,,,,,,,,,
,David Lopez,,,,,,,,,,,,,,,,,,,,,,,,,,,,,,,,,,,,,,,,,,,,,,,,,,,,,,,,,,,,,,,,,,,,,,,,,,,,,,,,,,,,,,,,,,,,,,,,,,,,,,,,,,,,,,,,,,,,,,,,,,0,0,,3,,,,,,,,,,,,,,,,,,,
527,David Rodriguez,us USA,MF,Atlético,22,2002,2,0,22,0.2,0,0,0,0,0,0,0,0,0.0,0.0,0.0,0.0,2,5,2,0.00,0.00,0.00,0.00,0.00,0.06,0.08,0.14,0.06,0.14,Matches,1,0,0.0,4.09,0.00,0.00,,30.6,0,0.01,0.0,0.0,19,22,86.4,327,83,9,10,90.0,9,11,81.8,1,1,100.0,0.0,0.0,1,1,0,0,19,3,0,0,2,1,1,0,1,0,0,0,3,12.27,2,0,0,1,0,0,0.00,0,0,0,0,0,1,1,0,1,0,0,,0,0,0,1,0,0,29,0,0,3,50.0,3,50.0,18,0,1,0,21,11,0.7,,0,2,11,4,0.00,0,1,-1,-4.09,-3.97,0.3,0.3,0.0,-0.01,+0.30,0,0,0,0,0,2,0,0.0
468,Denilson Paz,mx MEX,MF,Puebla,19,2005,2,0,40,0.4,0,0,0,0,0,0,0,0,0.0,0.0,0.0,0.0,0,2,0,0.00,0.00,0.00,0.00,0.00,0.00,0.00,0.00,0.00,0.00,Matches,0,0,,0.00,0.00,,,,0,,0.0,0.0,11,11,100.0,165,32,5,5,100.0,5,5,100.0,1,1,100.0,0.0,0.0,0,0,0,0,10,1,0,0,0,1,0,0,0,0,0,0,0,0.00,0,0,0,0,0,0,0.00,0,0,0,0,0,1,0,0,1,0,1,50.0,1,2,0,1,0,0,16,0,0,1,100.0,0,0.0,5,0,1,0,7,20,1.3,,0,2,20,4,0.00,0,0,0,0.00,+0.80,0.2,0.5,-0.3,-0.64,-0.23,0,0,0,0,0,0,0,
240,Denzell García,mx MEX,"DF,MF",FC Juárez,20,2003,20,16,1498,16.6,0,1,1,0,0,0,2,0,0.3,0.3,0.7,1.1,12,89,22,0.00,0.06,0.06,0.00,0.06,0.02,0.04,0.06,0.02,0.06,Matches,16,3,18.8,0.96,0.18,0.00,0.00,31.2,0,0.02,-0.3,-0.3,728,881,82.6,14206,5176,275,312,88.1,349,410,85.1,92,128,71.9,0.9,+0.3,13,84,9,2,708,172,1,13,14,148,4,1,2,0,1,11,32,1.92,27,4,0,0,1,1,0.06,0,1,0,0,0,53,36,20,24,9,27,50.9,26,27,24,77,54,1,1109,58,5,18,48.6,19,51.4,447,2,29,21,516,75,49.0,90,16,4,15,6,1.33,17,22,-5,-0.30,+0.51,17.2,21.8,-4.6,-0.28,+0.49,0,20,0,0,0,112,23,59.0
110,Diber Cambindo,co COL,FW,Necaxa,28,1996,30,25,2159,24.0,16,0,16,16,0,0,5,0,10.7,10.7,1.6,12.4,39,15,141,0.67,0.00,0.67,0.67,0.67,0.45,0.07,0.52,0.45,0.52,Matches,88,37,42.0,3.67,1.54,0.18,0.43,15.9,0,0.12,+5.3,+5.3,214,347,61.7,2748,372,146,201,72.6,56,85,65.9,4,16,25.0,0.8,-1.6,21,6,5,1,324,21,0,1,6,3,0,0,0,0,2,14,51,2.13,33,0,4,3,1,7,0.29,2,0,1,0,1,11,7,1,8,2,6,75.0,2,14,5,16,17,0,660,17,120,24,41.4,33,56.9,361,25,98,50,495,72,70.6,81,9,5,28,0,1.28,36,33,+3,+0.13,+0.32,32.3,31.5,+0.8,+0.03,+0.42,0,59,0,0,0,43,59,51.8
4,Diego Abitia,mx MEX,FW,Atlético,21,2003,11,3,320,3.6,0,0,0,0,0,0,2,0,0.4,0.4,0.4,0.8,7,2,15,0.00,0.00,0.00,0.00,0.00,0.11,0.12,0.23,0.11,0.23,Matches,5,1,20.0,1.41,0.28,0.00,0.00,9.7,0,0.08,-0.4,-0.4,48,65,73.8,618,63,31,39,79.5,14,16,87.5,1,2,50.0,0.0,-0.4,2,2,1,0,57,8,0,1,3,0,0,0,0,0,0,5,6,1.69,2,0,1,2,0,1,0.28,0,0,0,1,0,3,1,1,1,1,1,50.0,1,0,1,4,3,0,100,3,13,1,50.0,1,50.0,67,3,13,7,77,29,10.5,71,0,8,13,5,1.09,4,5,-1,-0.28,-0.15,3.8,3.4,+0.4,+0.11,+0.47,0,10,1,0,0,5,2,14.3
51,Diego Araujo,mx MEX,MF,Querétaro,21,2003,2,1,108,1.2,0,0,0,0,0,0,0,0,0.0,0.0,0.0,0.0,2,3,0,0.00,0.00,0.00,0.00,0.00,0.01,0.00,0.01,0.01,0.01,Matches,1,0,0.0,0.83,0.00,0.00,,28.0,0,0.02,0.0,0.0,37,45,82.2,672,238,17,20,85.0,15,17,88.2,5,7,71.4,0.0,0.0,0,6,0,0,44,1,0,0,0,0,0,0,0,0,0,0,0,0.00,0,0,0,0,0,0,0.00,0,0,0,0,0,3,2,1,2,0,2,66.7,1,1,2,5,1,0,56,0,0,0,,0,,32,0,0,2,32,54,3.5,90,1,1,18,1,0.00,0,2,-2,-1.67,-0.97,0.2,1.9,-1.7,-1.38,-0.63,0,0,0,0,0,9,1,33.3
60,Diego Arriaga,mx MEX,"FW,MF",América,20,2004,4,2,146,1.6,0,0,0,0,0,0,1,0,0.4,0.4,0.1,0.5,0,2,14,0.00,0.00,0.00,0.00,0.00,0.25,0.03,0.28,0.25,0.28,Matches,4,1,25.0,2.47,0.62,0.00,0.00,16.2,0,0.10,-0.4,-0.4,17,24,70.8,223,45,10,13,76.9,6,7,85.7,0,0,,0.0,-0.1,1,2,0,0,23,0,0,0,0,0,0,0,0,0,1,1,3,1.85,2,0,1,0,0,0,0.00,0,0,0,0,0,1,1,0,0,1,1,33.3,2,1,0,1,0,0,37,0,7,4,57.1,3,42.9,29,0,3,4,30,37,4.8,61,0,2,13,2,1.75,1,1,0,0.00,-0.93,2.7,1.2,+1.4,+0.88,+0.02,0,1,0,0,0,3,0,
71,Diego Barbosa,mx MEX,DF,Toluca,27,1996,14,9,969,10.8,0,1,1,0,0,0,2,0,0.2,0.2,0.9,1.1,11,24,45,0.00,0.09,0.09,0.00,0.09,0.02,0.08,0.10,0.02,0.10,Matches,6,0,0.0,0.56,0.00,0.00,,23.2,0,0.04,-0.2,-0.2,462,557,82.9,8259,2992,194,211,91.9,216,251,86.1,46,78,59.0,1.1,+0.1,5,27,7,4,431,124,0,5,22,114,0,0,0,0,2,4,17,1.58,12,3,1,0,1,3,0.28,1,2,0,0,0,60,40,31,28,1,36,70.6,15,5,19,79,20,0,685,15,13,10,45.5,12,54.5,330,3,13,10,360,69,31.7,88,7,5,36,3,2.05,26,12,+14,+1.30,+0.14,17.5,10.1,+7.4,+0.69,+0.30,0,22,0,0,0,52,5,35.7
72,Diego Barbosa,mx MEX,DF,Tijuana,27,1996,6,3,239,2.7,0,0,0,0,0,0,0,0,0.0,0.0,0.0,0.0,2,6,7,0.00,0.00,0.00,0.00,0.00,0.00,0.00,0.00,0.00,0.00,Matches,6,0,0.0,0.56,0.00,0.00,,23.2,0,0.04,-0.2,-0.2,462,557,82.9,8259,2992,194,211,91.9,216,251,86.1,46,78,59.0,1.1,+0.1,5,27,7,4,431,124,0,5,22,114,0,0,0,0,2,4,17,1.58,12,3,1,0,1,3,0.28,1,2,0,0,0,60,40,31,28,1,36,70.6,15,5,19,79,20,0,685,15,13,10,45.5,12,54.5,330,3,13,10,360,69,31.7,88,7,5,36,3,2.05,26,12,+14,+1.30,+0.14,17.5,10.1,+7.4,+0.69,+0.30,0,22,0,0,0,52,5,35.7
111,Diego Campillo,mx MEX,MF,FC Juárez,22,2001,32,24,2209,24.5,1,0,1,1,0,0,5,0,0.7,0.7,0.9,1.6,28,124,31,0.04,0.00,0.04,0.04,0.04,0.03,0.04,0.06,0.03,0.06,Matches,20,4,20.0,0.81,0.16,0.05,0.25,23.8,0,0.03,+0.3,+0.3,835,1000,83.5,15855,4634,335,377,88.9,371,420,88.3,112,161,69.6,0.6,-0.9,24,112,11,2,963,35,1,15,15,7,0,0,0,0,2,15,50,2.04,43,2,5,0,0,3,0.12,2,0,1,0,0,31,19,15,16,0,17,42.5,23,21,40,71,50,2,1241,65,13,20,57.1,13,37.1,695,1,27,22,759,69,72.2,81,12,8,33,0,1.15,28,44,-16,-0.65,-0.33,23.7,40.9,-17.2,-0.70,-0.64,0,23,0,0,0,124,13,56.5
160,Diego De Buen,mx MEX,MF,Puebla,33,1991,17,17,1427,15.9,1,0,1,1,0,0,2,0,1.4,1.4,0.2,1.6,6,42,5,0.06,0.00,0.06,0.06,0.06,0.09,0.01,0.10,0.09,0.10,Matches,16,6,37.5,1.01,0.38,0.06,0.17,24.0,0,0.09,-0.4,-0.4,405,519,78.0,7511,2691,166,196,84.7,190,219,86.8,42,87,48.3,0.2,-0.2,9,38,3,1,468,49,1,2,2,8,0,0,0,0,2,9,25,1.58,19,1,1,0,1,0,0.00,0,0,0,0,0,26,13,9,13,4,11,42.3,15,11,21,47,55,0,697,86,14,5,50.0,3,30.0,281,4,17,6,355,84,46.6,84,12,0,,0,0.82,16,28,-12,-0.76,+0.07,16.5,23.8,-7.3,-0.46,-0.09,0,14,0,1,0,55,24,52.2
161,Diego De Buen,mx MEX,"MF,DF",Necaxa,33,1991,10,8,727,8.1,1,0,1,1,0,0,3,0,0.1,0.1,0.4,0.6,2,23,9,0.12,0.00,0.12,0.12,0.12,0.02,0.05,0.07,0.02,0.07,Matches,16,6,37.5,1.01,0.38,0.06,0.17,24.0,0,0.09,-0.4,-0.4,405,519,78.0,7511,2691,166,196,84.7,190,219,86.8,42,87,48.3,0.2,-0.2,9,38,3,1,468,49,1,2,2,8,0,0,0,0,2,9,25,1.58,19,1,1,0,1,0,0.00,0,0,0,0,0,26,13,9,13,4,11,42.3,15,11,21,47,55,0,697,86,14,5,50.0,3,30.0,281,4,17,6,355,84,46.6,84,12,0,,0,0.82,16,28,-12,-0.76,+0.07,16.5,23.8,-7.3,-0.46,-0.09,0,14,0,1,0,55,24,52.2
166,Diego Delgadillo,mx MEX,FW,Guadalajara,20,2004,1,0,6,0.1,0,0,0,0,0,0,0,0,0.0,0.0,0.0,0.0,0,0,0,0.00,0.00,0.00,0.00,0.00,0.00,0.00,0.00,0.00,0.00,Matches,0,0,,0.00,0.00,,,,0,,0.0,0.0,0,1,0.0,0,0,0,0,,0,1,0.0,0,0,,0.0,0.0,0,0,0,0,1,0,0,0,0,0,0,0,0,0,0,0,0,0.00,0,0,0,0,0,0,0.00,0,0,0,0,0,0,0,0,0,0,0,0.0,1,0,1,1,0,0,1,1,0,0,,0,,1,0,0,0,0,6,0.2,,0,1,6,0,1.00,0,1,-1,-15.00,-15.21,0.1,1.0,-1.0,-14.74,-14.98,0,0,0,0,0,1,0,
,Diego Esqueda,,,,,,,,,,,,,,,,,,,,,,,,,,,,,,,,,,,,,,,,,,,,,,,,,,,,,,,,,,,,,,,,,,,,,,,,,,,,,,,,,,,,,,,,,,,,,,,,,,,,,,,,,,,,,,,,,,,,,,,,,,0,0,,1,,,,,,,,,,,,,,,,,,,
268,Diego González,py PAR,"MF,FW",Atlas,21,2003,15,7,773,8.6,1,3,4,1,0,0,5,0,0.8,0.8,2.1,2.9,22,27,38,0.12,0.35,0.47,0.12,0.47,0.09,0.25,0.34,0.09,0.34,Matches,18,4,22.2,2.10,0.47,0.06,0.25,22.8,1,0.04,+0.2,+0.2,190,325,58.5,3131,1403,97,126,77.0,70,101,69.3,16,62,25.8,2.0,+0.9,20,19,9,3,251,69,1,2,63,6,41,26,14,0,5,18,36,4.19,17,13,1,4,1,3,0.35,2,1,0,0,0,20,15,8,5,7,6,50.0,6,9,3,23,6,0,432,4,19,14,46.7,16,53.3,202,6,25,14,242,52,25.3,76,3,8,30,0,0.93,15,18,-3,-0.35,+0.04,12.4,11.0,+1.4,+0.16,+0.26,0,12,0,0,0,54,6,50.0
259,Diego Gómez,mx MEX,"MF,FW",Necaxa,20,2003,14,5,463,5.1,0,0,0,0,0,0,0,0,0.0,0.0,0.0,0.0,1,10,2,0.00,0.00,0.00,0.00,0.00,0.00,0.00,0.00,0.00,0.00,Matches,1,0,0.0,0.19,0.00,0.00,,34.5,0,0.01,0.0,0.0,111,136,81.6,1678,536,61,69,88.4,40,49,81.6,7,10,70.0,0.0,0.0,0,9,0,0,136,0,0,0,0,0,0,0,0,0,0,2,2,0.39,2,0,0,0,0,0,0.00,0,0,0,0,0,18,13,12,6,0,11,68.8,5,1,12,30,9,1,187,15,2,1,25.0,3,75.0,68,1,5,3,95,33,15.1,58,0,9,19,14,1.36,2,11,-9,-1.75,-2.10,3.8,9.4,-5.6,-1.08,-1.17,0,5,0,0,0,28,0,0.0
300,Diego Hernández,uy URU,"MF,FW",León,24,2000,13,8,773,8.6,2,2,4,2,0,0,3,0,0.8,0.8,2.4,3.2,18,22,54,0.23,0.23,0.47,0.23,0.47,0.10,0.28,0.38,0.10,0.38,Matches,20,8,40.0,2.33,0.93,0.10,0.25,26.3,2,0.04,+1.2,+1.2,221,320,69.1,4280,1373,93,115,80.9,85,117,72.6,37,73,50.7,1.6,-0.4,19,20,11,6,255,64,2,2,57,16,29,2,18,0,1,7,37,4.31,16,14,3,1,0,2,0.23,2,0,0,0,0,11,9,6,4,1,3,30.0,7,3,4,15,5,0,418,4,12,8,40.0,11,55.0,239,4,26,17,278,59,25.3,81,3,5,25,0,1.15,11,11,0,0.00,-0.04,9.8,11.6,-1.8,-0.21,-0.09,0,24,0,0,0,32,3,21.4
344,Diego Lainez,mx MEX,"FW,DF",UANL,24,2000,25,18,1600,17.8,2,5,7,2,0,0,6,1,2.1,2.1,4.1,6.2,63,79,138,0.11,0.28,0.39,0.11,0.39,0.12,0.23,0.35,0.12,0.35,Matches,19,4,21.1,1.07,0.23,0.11,0.50,19.5,0,0.11,-0.1,-0.1,482,651,74.0,7487,2047,264,303,87.1,177,223,79.4,27,67,40.3,2.8,+0.9,32,35,24,11,589,59,0,5,86,23,23,14,5,0,3,42,69,3.88,50,8,4,2,1,10,0.56,6,2,0,1,1,36,20,12,20,4,17,56.7,13,17,16,52,14,0,835,10,49,17,40.5,25,59.5,506,21,32,23,552,64,52.3,77,5,7,31,2,1.65,28,18,+10,+0.56,-0.05,25.9,21.4,+4.5,+0.25,-0.29,1,24,0,1,0,72,8,36.4
,Diego Lomeli,,,,,,,,,,,,,,,,,,,,,,,,,,,,,,,,,,,,,,,,,,,,,,,,,,,,,,,,,,,,,,,,,,,,,,,,,,,,,,,,,,,,,,,,,,,,,,,,,,,,,,,,,,,,,,,,,,,,,,,,,,0,0,,5,,,,,,,,,,,,,,,,,,,
,Diego Luna,,,,,,,,,,,,,,,,,,,,,,,,,,,,,,,,,,,,,,,,,,,,,,,,,,,,,,,,,,,,,,,,,,,,,,,,,,,,,,,,,,,,,,,,,,,,,,,,,,,,,,,,,,,,,,,,,,,,,,,,,,0,0,,1,,,,,,,,,,,,,,,,,,,
396,Diego Medina,mx MEX,"FW,DF",Santos,23,2001,10,7,564,6.3,0,0,0,0,0,0,1,0,0.3,0.3,0.0,0.3,23,22,48,0.00,0.00,0.00,0.00,0.00,0.04,0.00,0.04,0.04,0.04,Matches,7,3,42.9,1.12,0.48,0.00,0.00,18.4,0,0.04,-0.3,-0.3,161,220,73.2,2273,720,113,129,87.6,40,65,61.5,7,13,53.8,0.1,0.0,1,16,2,1,192,26,0,2,18,24,0,0,0,0,2,8,10,1.59,6,0,1,0,2,1,0.16,0,0,1,0,0,19,11,7,9,3,10,45.5,12,7,5,24,7,0,310,8,17,16,53.3,14,46.7,175,10,12,13,197,56,18.4,69,2,3,27,0,0.50,6,11,-5,-0.80,+0.43,6.0,11.7,-5.7,-0.91,-0.14,0,5,0,0,0,27,11,64.7
441,Diego Ochoa,mx MEX,DF,Guadalajara,19,2005,1,1,45,0.5,0,0,0,0,0,0,1,0,0.0,0.0,0.0,0.0,1,0,1,0.00,0.00,0.00,0.00,0.00,0.00,0.00,0.00,0.00,0.00,Matches,0,0,,0.00,0.00,,,,0,,0.0,0.0,24,33,72.7,524,164,12,14,85.7,5,9,55.6,7,9,77.8,0.0,0.0,0,1,0,0,23,9,0,0,3,8,0,0,0,0,1,1,0,0.00,0,0,0,0,0,0,0.00,0,0,0,0,0,1,1,1,0,0,1,100.0,0,0,0,1,0,0,35,1,0,0,,0,,23,0,1,0,24,45,1.5,45,0,0,,0,0.00,0,0,0,0.00,-0.18,0.1,0.4,-0.3,-0.59,-0.82,0,1,0,0,0,0,1,100.0
497,Diego Ramirez,mx MEX,FW,UANL,17,2007,1,0,1,0.0,0,0,0,0,0,0,0,0,0.0,0.0,0.0,0.0,0,0,0,0.00,0.00,0.00,0.00,0.00,0.00,0.00,0.00,0.00,0.00,Matches,0,0,,0.00,0.00,,,,0,,0.0,0.0,0,0,,0,0,0,0,,0,0,,0,0,,0.0,0.0,0,0,0,0,0,0,0,0,0,0,0,0,0,0,0,0,0,0.00,0,0,0,0,0,0,0.00,0,0,0,0,0,0,0,0,0,0,0,,0,0,0,0,0,0,1,0,0,0,,0,,1,0,1,0,1,1,0.0,,0,1,1,0,3.00,0,0,0,0.00,-0.59,0.0,0.0,0.0,0.00,-0.39,0,1,0,0,0,0,0,0.0
505,Diego Reyes,mx MEX,MF,América,16,2007,2,0,3,0.0,0,0,0,0,0,0,1,0,0.0,0.0,0.0,0.0,0,0,2,0.00,0.00,0.00,0.00,0.00,0.00,0.00,0.00,0.00,0.00,Matches,0,0,,0.00,0.00,,,,0,,0.0,0.0,1,1,100.0,8,0,1,1,100.0,0,0,,0,0,,0.0,0.0,0,0,0,0,1,0,0,0,0,0,0,0,0,0,0,0,0,0.00,0,0,0,0,0,0,0.00,0,0,0,0,0,1,0,0,1,0,1,100.0,0,0,0,1,0,0,6,0,0,0,0.0,2,100.0,3,0,2,0,5,2,0.1,,0,2,2,0,1.50,0,0,0,0.00,-0.88,0.0,0.0,0.0,-0.44,-1.31,0,2,0,0,0,0,0,
506,Diego Reyes,mx MEX,DF,UANL,31,1992,18,12,1140,12.7,0,0,0,0,0,0,2,0,0.4,0.4,0.4,0.8,13,36,2,0.00,0.00,0.00,0.00,0.00,0.03,0.03,0.06,0.03,0.06,Matches,0,0,,0.00,0.00,,,,0,,0.0,0.0,1,1,100.0,8,0,1,1,100.0,0,0,,0,0,,0.0,0.0,0,0,0,0,1,0,0,0,0,0,0,0,0,0,0,0,0,0.00,0,0,0,0,0,0,0.00,0,0,0,0,0,1,0,0,1,0,1,100.0,0,0,0,1,0,0,6,0,0,0,0.0,2,100.0,3,0,2,0,5,2,0.1,,0,2,2,0,1.50,0,0,0,0.00,-0.88,0.0,0.0,0.0,-0.44,-1.31,0,2,0,0,0,0,0,
563,Diego Sánchez,mx MEX,FW,UANL,19,2005,5,4,221,2.5,0,1,1,0,0,0,0,0,0.1,0.1,0.7,0.8,8,6,29,0.00,0.41,0.41,0.00,0.41,0.02,0.29,0.31,0.02,0.31,Matches,2,0,0.0,0.81,0.00,0.00,,22.6,0,0.03,-0.1,-0.1,67,88,76.1,966,179,38,42,90.5,22,26,84.6,3,9,33.3,0.6,+0.3,4,5,3,0,86,2,0,0,9,1,1,0,0,0,0,6,12,4.89,9,0,2,0,0,2,0.81,1,0,1,0,0,7,7,4,1,2,2,100.0,0,0,1,8,2,0,112,2,6,2,28.6,4,57.1,80,3,4,6,86,,,,0,0,,1,,,,,,,,,,,,0,2,0,0,0,11,0,0.0
,Diego Urtiaga,,,,,,,,,,,,,,,,,,,,,,,,,,,,,,,,,,,,,,,,,,,,,,,,,,,,,,,,,,,,,,,,,,,,,,,,,,,,,,,,,,,,,,,,,,,,,,,,,,,,,,,,,,,,,,,,,,,,,,,,,,0,0,,6,,,,,,,,,,,,,,,,,,,
602,Diego Valdés,cl CHI,"MF,FW",América,30,1994,22,9,940,10.4,0,3,3,0,0,0,0,0,2.5,2.5,4.5,7.1,38,94,71,0.00,0.29,0.29,0.00,0.29,0.24,0.43,0.68,0.24,0.68,Matches,30,8,26.7,2.87,0.77,0.00,0.00,19.2,5,0.08,-2.5,-2.5,515,647,79.6,9517,2629,212,239,88.7,225,258,87.2,64,108,59.3,5.4,-1.5,33,63,25,4,552,89,2,7,58,7,43,16,15,0,6,16,60,5.76,36,15,4,1,2,3,0.29,3,0,0,0,0,9,6,1,4,4,3,50.0,3,3,2,11,2,0,744,5,47,13,54.2,11,45.8,448,8,24,21,565,43,30.7,69,4,13,25,0,1.54,9,8,+1,+0.10,-1.14,14.3,8.9,+5.4,+0.52,-0.50,0,12,0,0,0,36,6,30.0
606,Diego Valoyes,co COL,"FW,MF",FC Juárez,27,1996,11,7,630,7.0,1,1,2,1,0,0,1,0,2.1,2.1,1.6,3.7,26,15,56,0.14,0.14,0.29,0.14,0.29,0.30,0.23,0.53,0.30,0.53,Matches,18,3,16.7,2.57,0.43,0.06,0.33,15.0,0,0.12,-1.1,-1.1,110,171,64.3,1627,484,58,74,78.4,37,57,64.9,7,23,30.4,0.9,-0.6,9,6,7,2,168,2,1,2,24,0,1,1,0,0,1,5,16,2.29,11,0,1,1,0,2,0.29,1,0,0,0,0,14,9,6,1,7,7,63.6,4,7,1,15,3,0,285,5,34,9,37.5,14,58.3,174,11,29,15,209,57,20.6,73,1,4,29,1,1.67,7,8,-1,-0.14,+0.52,8.1,10.0,-1.9,-0.28,+0.31,0,12,0,0,0,35,8,47.1
,Diego Villaluz,,,,,,,,,,,,,,,,,,,,,,,,,,,,,,,,,,,,,,,,,,,,,,,,,,,,,,,,,,,,,,,,,,,,,,,,,,,,,,,,,,,,,,,,,,,,,,,,,,,,,,,,,,,,,,,,,,,,,,,,,,0,0,,1,,,,,,,,,,,,,,,,,,,
622,Dieter Villalpando,mx MEX,"MF,FW",FC Juárez,32,1991,32,24,1946,21.6,2,2,4,2,0,0,3,0,1.9,1.9,2.0,3.9,44,149,105,0.09,0.09,0.18,0.09,0.18,0.09,0.09,0.18,0.09,0.18,Matches,32,8,25.0,1.48,0.37,0.06,0.25,25.0,4,0.06,+0.1,+0.1,742,939,79.0,13895,3804,300,336,89.3,312,370,84.3,102,169,60.4,2.1,0.0,32,108,20,4,893,40,2,16,41,9,6,2,3,0,6,11,66,3.06,53,2,4,3,1,6,0.28,5,0,1,0,0,27,20,8,15,4,8,32.0,17,24,8,35,7,2,1126,8,29,23,48.9,21,44.7,747,6,38,25,869,61,63.6,73,6,8,24,0,1.18,27,34,-7,-0.32,+0.65,21.9,33.9,-12.0,-0.56,-0.09,0,16,0,0,0,99,12,44.4
89,Domingo Blanco,ar ARG,"FW,MF",Tijuana,29,1995,26,16,1501,16.7,3,1,4,3,0,0,3,0,3.1,3.1,1.6,4.7,58,48,159,0.18,0.06,0.24,0.18,0.24,0.19,0.10,0.28,0.19,0.28,Matches,42,13,31.0,2.52,0.78,0.07,0.23,18.2,0,0.07,-0.1,-0.1,392,506,77.5,5893,1606,214,249,85.9,147,176,83.5,15,39,38.5,2.3,-0.6,21,17,23,4,438,64,1,1,44,27,32,2,6,0,4,18,67,4.02,38,5,11,7,3,4,0.24,1,0,1,1,1,37,23,11,17,9,10,55.6,8,7,9,46,7,0,745,8,78,29,39.7,41,56.2,482,37,57,35,502,58,49.1,72,5,10,35,1,1.38,20,28,-8,-0.48,-0.54,20.3,29.1,-8.8,-0.53,-0.29,0,26,1,0,0,47,5,29.4
594,Dylan Torres,mx MEX,MF,Puebla,20,2004,1,0,9,0.1,0,0,0,0,0,0,0,0,0.0,0.0,0.0,0.0,0,0,0,0.00,0.00,0.00,0.00,0.00,0.00,0.00,0.00,0.00,0.00,Matches,0,0,,0.00,0.00,,,,0,,0.0,0.0,2,4,50.0,27,16,1,2,50.0,1,2,50.0,0,0,,0.0,0.0,0,0,0,0,4,0,0,0,0,0,0,0,0,0,0,0,0,0.00,0,0,0,0,0,0,0.00,0,0,0,0,0,0,0,0,0,0,0,0.0,1,0,0,0,0,0,6,0,0,0,,0,,2,0,2,1,3,9,0.3,,0,1,9,2,0.00,0,0,0,0.00,+0.80,0.0,0.3,-0.3,-2.94,-2.53,0,0,0,0,0,1,0,0.0
182,Dória,br BRA,DF,Atlas,29,1994,30,29,2613,29.0,2,0,2,2,0,0,9,0,1.7,1.7,0.4,2.1,8,87,9,0.07,0.00,0.07,0.07,0.07,0.06,0.01,0.07,0.06,0.07,Matches,27,3,11.1,0.93,0.10,0.07,0.67,21.6,7,0.06,+0.3,+0.3,1027,1294,79.4,19672,9070,372,400,93.0,546,624,87.5,100,242,41.3,0.5,-0.4,5,61,3,1,1136,156,0,15,3,115,0,0,0,0,2,10,20,0.69,14,3,0,1,0,3,0.10,1,0,0,1,0,35,22,20,13,2,16,55.2,13,11,35,70,121,0,1594,200,20,4,57.1,3,42.9,771,0,14,5,897,87,85.4,90,28,1,10,1,1.19,34,47,-13,-0.45,-0.45,32.1,32.5,-0.4,-0.01,+0.18,0,33,1,0,0,94,56,65.1
361,Eder López,mx MEX,DF,FC Juárez,18,2006,11,0,258,2.9,0,0,0,0,0,0,1,0,0.1,0.1,0.0,0.1,6,10,13,0.00,0.00,0.00,0.00,0.00,0.03,0.02,0.05,0.03,0.05,Matches,4,2,50.0,1.40,0.70,0.00,0.00,27.9,0,0.02,-0.1,-0.1,141,195,72.3,2445,1071,59,70,84.3,70,93,75.3,8,23,34.8,0.0,0.0,2,15,0,0,150,45,0,1,8,44,0,0,0,0,0,4,5,1.74,1,1,0,0,2,1,0.35,0,0,0,0,0,10,6,6,3,1,5,71.4,2,1,4,14,9,0,235,13,2,3,42.9,4,57.1,112,1,3,3,126,23,8.4,,0,11,23,20,0.67,4,3,+1,+0.35,+0.99,3.6,3.1,+0.5,+0.18,+0.76,0,3,0,0,0,16,1,16.7
283,Edgar Guerra,co COL,"DF,MF",León,23,2001,22,10,1070,11.9,0,2,2,0,0,0,2,1,1.1,1.1,1.6,2.8,34,31,75,0.00,0.17,0.17,0.00,0.17,0.10,0.14,0.23,0.10,0.23,Matches,19,4,21.1,1.60,0.34,0.00,0.00,21.3,0,0.06,-1.1,-1.1,339,442,76.7,5871,1813,160,183,87.4,134,170,78.8,35,63,55.6,1.0,+0.4,15,17,13,6,353,89,0,6,26,80,1,0,1,0,0,12,34,2.87,24,2,6,1,0,5,0.42,2,0,2,1,0,35,18,23,10,2,22,56.4,17,10,11,46,16,1,610,36,28,22,42.3,29,55.8,334,9,19,14,346,49,35.0,87,3,12,17,7,1.00,12,20,-8,-0.67,-1.08,13.3,18.2,-4.9,-0.42,-0.41,0,13,0,0,0,57,2,18.2
362,Edgar López,mx MEX,"FW,MF",Toluca,25,1999,20,6,612,6.8,0,1,1,0,0,0,0,0,1.3,1.3,0.2,1.5,11,13,34,0.00,0.15,0.15,0.00,0.15,0.19,0.03,0.22,0.19,0.22,Matches,13,6,46.2,1.91,0.88,0.00,0.00,15.1,0,0.10,-1.3,-1.3,139,183,76.0,1872,396,80,98,81.6,44,53,83.0,4,9,44.4,0.4,+0.8,5,9,7,3,178,4,0,0,11,0,0,0,0,0,1,9,15,2.22,11,0,0,2,1,2,0.30,1,0,0,1,0,1,1,0,0,1,1,50.0,1,3,7,8,3,0,233,3,26,4,80.0,1,20.0,145,5,11,4,182,31,20.0,68,0,14,15,14,1.91,14,5,+9,+1.32,+0.15,9.3,6.8,+2.5,+0.38,-0.14,0,4,0,0,0,15,8,36.4
630,Edgar Zaldívar,mx MEX,DF,Atlas,27,1996,16,13,1003,11.1,1,0,1,1,0,0,1,0,0.2,0.2,0.5,0.7,9,35,34,0.09,0.00,0.09,0.09,0.09,0.02,0.04,0.06,0.02,0.06,Matches,4,3,75.0,0.36,0.27,0.25,0.33,11.0,0,0.05,+0.8,+0.8,428,527,81.2,7591,2905,192,208,92.3,186,230,80.9,45,75,60.0,0.3,-0.5,5,29,3,2,413,113,0,2,18,101,0,0,0,0,1,10,13,1.17,10,1,0,0,0,1,0.09,0,0,0,0,0,27,17,15,11,1,11,55.0,9,2,15,42,23,0,627,29,10,2,28.6,5,71.4,295,2,16,6,345,63,32.8,72,3,3,22,1,1.47,12,13,-1,-0.09,+0.44,11.3,11.0,+0.3,+0.03,+0.10,0,12,0,0,0,39,12,54.5
192,Edson,br BRA,DF,FC Juárez,26,1998,13,6,523,5.8,0,0,0,0,0,0,3,0,0.0,0.0,0.1,0.1,11,29,10,0.00,0.00,0.00,0.00,0.00,0.00,0.01,0.01,0.00,0.01,Matches,0,0,,0.00,0.00,,,,0,,0.0,0.0,268,334,80.2,5280,2272,81,99,81.8,152,180,84.4,31,44,70.5,0.1,-0.1,3,20,2,1,246,88,0,3,6,77,0,0,0,0,0,7,10,1.73,7,1,1,1,0,0,0.00,0,0,0,0,0,20,14,13,7,0,13,68.4,6,3,6,26,19,0,403,27,0,4,50.0,4,50.0,191,0,7,4,206,40,17.1,61,1,7,23,4,0.77,7,18,-11,-1.89,-1.61,5.5,12.5,-7.1,-1.22,-0.84,0,13,0,0,0,27,6,60.0
290,Edson Gutiérrez,mx MEX,DF,Santos,28,1996,12,12,1055,11.7,0,0,0,0,0,0,1,0,0.1,0.1,0.1,0.2,4,40,1,0.00,0.00,0.00,0.00,0.00,0.01,0.01,0.02,0.01,0.02,Matches,3,0,0.0,0.26,0.00,0.00,,9.4,0,0.05,-0.1,-0.1,528,608,86.8,11209,4382,144,159,90.6,301,318,94.7,81,123,65.9,0.4,-0.1,1,47,2,0,574,32,0,5,0,5,0,0,0,0,2,4,7,0.60,6,0,0,1,0,1,0.09,1,0,0,0,0,14,10,9,5,0,6,75.0,2,4,15,29,61,0,735,98,6,1,100.0,0,0.0,446,0,4,2,503,88,34.5,88,11,0,,0,0.58,13,26,-13,-1.11,+0.06,12.4,19.1,-6.7,-0.58,+0.34,0,13,0,0,1,33,14,60.9
291,Edson Gutiérrez,mx MEX,DF,Monterrey,28,1996,8,7,586,6.5,1,0,1,1,0,0,0,0,0.1,0.1,0.2,0.3,2,24,35,0.15,0.00,0.15,0.15,0.15,0.01,0.03,0.04,0.01,0.04,Matches,3,0,0.0,0.26,0.00,0.00,,9.4,0,0.05,-0.1,-0.1,528,608,86.8,11209,4382,144,159,90.6,301,318,94.7,81,123,65.9,0.4,-0.1,1,47,2,0,574,32,0,5,0,5,0,0,0,0,2,4,7,0.60,6,0,0,1,0,1,0.09,1,0,0,0,0,14,10,9,5,0,6,75.0,2,4,15,29,61,0,735,98,6,1,100.0,0,0.0,446,0,4,2,503,88,34.5,88,11,0,,0,0.58,13,26,-13,-1.11,+0.06,12.4,19.1,-6.7,-0.58,+0.34,0,13,0,0,1,33,14,60.9
10,Eduardo Aguirre,mx MEX,"FW,MF",Atlas,25,1998,30,25,2195,24.4,8,3,11,8,0,0,4,0,6.7,6.7,2.3,9.0,19,47,113,0.33,0.12,0.45,0.33,0.45,0.27,0.09,0.37,0.27,0.37,Matches,59,21,35.6,2.42,0.86,0.14,0.38,17.5,1,0.11,+1.3,+1.3,316,461,68.5,4586,1252,177,235,75.3,92,126,73.0,23,37,62.2,1.4,+0.7,16,28,9,0,405,53,3,0,26,7,5,5,0,0,3,28,57,2.34,34,3,3,9,2,8,0.33,4,1,0,2,0,19,11,4,7,8,6,33.3,12,16,4,23,18,0,717,23,80,9,31.0,20,69.0,411,3,73,54,523,73,71.7,80,8,5,39,1,1.22,36,40,-4,-0.16,+0.77,28.0,27.6,+0.5,+0.02,+0.21,0,27,1,0,0,42,46,37.7
58,Eduardo Armenta,mx MEX,MF,Querétaro,22,2001,6,3,206,2.3,0,0,0,0,0,0,0,0,0.0,0.0,0.0,0.0,1,8,3,0.00,0.00,0.00,0.00,0.00,0.00,0.00,0.00,0.00,0.00,Matches,0,0,,0.00,0.00,,,,0,,0.0,0.0,58,75,77.3,907,280,33,37,89.2,21,24,87.5,3,5,60.0,0.0,0.0,0,6,0,0,72,3,0,1,1,2,0,0,0,0,0,4,2,0.87,2,0,0,0,0,0,0.00,0,0,0,0,0,12,9,4,8,0,3,37.5,5,2,0,12,2,0,100,2,1,3,50.0,3,50.0,48,0,4,4,64,,,,0,0,,3,3.00,,,,,,,,,,,0,4,0,0,0,5,1,50.0
232,Eduardo Gabriel,br BRA,DF,Pachuca,28,1996,15,14,1292,14.4,0,1,1,0,0,0,5,1,0.7,0.7,0.7,1.5,3,31,1,0.00,0.07,0.07,0.00,0.07,0.05,0.05,0.10,0.05,0.10,Matches,9,2,22.2,0.63,0.14,0.00,0.00,11.7,0,0.08,-0.7,-0.7,519,593,87.5,9628,3938,194,205,94.6,267,290,92.1,48,79,60.8,0.6,+0.3,3,33,1,0,561,30,1,1,0,3,0,0,0,0,2,5,8,0.56,7,0,0,0,0,1,0.07,1,0,0,0,0,20,13,12,7,1,11,73.3,4,6,25,45,59,0,745,77,15,2,66.7,1,33.3,386,0,10,4,410,86,42.2,90,13,1,39,1,1.44,22,19,+3,+0.21,+0.51,20.0,13.9,+6.1,+0.42,+0.30,1,16,0,0,0,74,33,64.7
241,Eduardo García,mx MEX,GK,Guadalajara,22,2002,2,2,180,2.0,0,0,0,0,0,0,0,0,0.0,0.0,0.0,0.0,0,0,0,0.00,0.00,0.00,0.00,0.00,0.00,0.00,0.00,0.00,0.00,Matches,0,0,,0.00,0.00,,,,0,,0.0,0.0,49,65,75.4,1402,950,11,11,100.0,20,21,95.2,18,32,56.3,0.0,0.0,0,1,0,0,42,23,0,0,0,0,0,0,0,0,0,0,0,0.00,0,0,0,0,0,0,0.00,0,0,0,0,0,0,0,0,0,0,0,,0,0,0,0,0,0,67,53,0,0,,0,,37,0,0,0,29,90,5.9,90,2,0,,14,1.50,3,3,0,0.00,-0.19,2.6,1.2,+1.4,+0.69,+0.50,0,0,0,0,0,2,0,
,Eduardo Navarro,,,,,,,,,,,,,,,,,,,,,,,,,,,,,,,,,,,,,,,,,,,,,,,,,,,,,,,,,,,,,,,,,,,,,,,,,,,,,,,,,,,,,,,,,,,,,,,,,,,,,,,,,,,,,,,,,,,,,,,,,,0,0,,6,,,,,,,,,,,,,,,,,,,
591,Eduardo Tercero,mx MEX,DF,UANL,28,1996,1,0,39,0.4,0,0,0,0,0,0,0,0,0.0,0.0,0.0,0.0,0,0,0,0.00,0.00,0.00,0.00,0.00,0.00,0.00,0.00,0.00,0.00,Matches,0,0,,0.00,0.00,,,,0,,0.0,0.0,6,7,85.7,130,112,1,1,100.0,4,4,100.0,1,2,50.0,0.0,0.0,0,0,0,0,3,4,0,0,0,4,0,0,0,0,0,0,0,0.00,0,0,0,0,0,0,0.00,0,0,0,0,0,2,0,2,0,0,1,100.0,0,0,0,2,2,0,11,2,0,0,,0,,2,0,1,0,3,39,1.3,,0,1,39,20,3.00,2,0,+2,+4.62,+4.08,1.3,0.4,+0.9,+2.13,+1.76,0,0,0,0,0,0,0,
9,Eduardo Águila,mx MEX,DF,Atlético,22,2002,31,30,2701,30.0,0,0,0,0,0,0,4,0,1.1,1.1,0.1,1.2,14,64,2,0.00,0.00,0.00,0.00,0.00,0.04,0.00,0.04,0.04,0.04,Matches,18,5,27.8,0.60,0.17,0.00,0.00,16.1,0,0.06,-1.1,-1.1,1351,1556,86.8,27145,9985,372,405,91.9,814,867,93.9,149,251,59.4,0.3,-0.1,2,59,2,0,1510,44,1,11,1,4,0,0,0,0,2,7,19,0.63,13,0,1,0,2,3,0.10,2,0,0,0,0,41,26,29,11,1,25,69.4,11,14,33,74,148,0,1857,285,22,10,90.9,1,9.1,1028,3,15,10,1254,87,88.3,90,30,1,1,2,1.37,40,47,-7,-0.23,-0.73,32.6,41.9,-9.3,-0.31,-0.03,0,22,0,0,0,109,52,54.2
31,Efrain Alvarez,mx MEX,"FW,MF",Tijuana,22,2002,30,26,2239,24.9,4,5,9,4,0,0,1,0,3.0,3.0,7.3,10.3,72,128,217,0.16,0.20,0.36,0.16,0.36,0.12,0.29,0.41,0.12,0.41,Matches,59,26,44.1,2.37,1.05,0.07,0.15,21.0,8,0.05,+1.0,+1.0,951,1234,77.1,16767,5654,455,522,87.2,342,428,79.9,122,193,63.2,6.3,-2.3,63,92,51,13,1120,109,6,16,105,35,42,11,11,0,5,33,118,4.74,82,17,10,2,2,11,0.44,8,1,1,0,0,26,20,12,7,7,12,50.0,12,12,8,34,1,0,1490,2,102,41,43.6,52,55.3,989,53,65,43,1128,75,73.2,80,16,4,38,0,1.41,32,46,-14,-0.56,-1.33,31.7,44.8,-13.1,-0.53,-0.54,0,10,0,0,0,112,2,16.7
446,Efraín Orona,mx MEX,DF,Puebla,25,1999,34,31,2803,31.1,1,0,1,1,0,0,5,0,1.0,1.0,0.2,1.2,22,74,7,0.03,0.00,0.03,0.03,0.03,0.03,0.01,0.04,0.03,0.04,Matches,19,5,26.3,0.61,0.16,0.05,0.20,13.3,0,0.05,0.0,0.0,835,1127,74.1,16847,7925,282,331,85.2,425,495,85.9,117,266,44.0,0.5,-0.2,5,64,8,2,1043,80,1,17,13,39,0,0,0,0,4,17,21,0.67,17,0,0,1,1,2,0.06,1,0,0,0,0,45,30,34,10,1,25,67.6,12,19,50,95,131,0,1454,156,25,10,76.9,3,23.1,677,0,15,5,818,82,91.6,89,29,3,17,0,0.68,28,52,-24,-0.77,+0.28,29.9,43.6,-13.7,-0.44,-0.29,0,34,0,0,0,95,54,60.0
414,Elias Montiel,mx MEX,MF,Pachuca,18,2005,27,25,2217,24.6,2,2,4,2,0,0,3,1,2.1,2.1,1.6,3.7,67,185,44,0.08,0.08,0.16,0.08,0.16,0.08,0.07,0.15,0.08,0.15,Matches,42,12,28.6,1.71,0.49,0.05,0.17,23.8,2,0.05,-0.1,-0.1,1238,1479,83.7,23161,7014,559,616,90.7,439,498,88.2,188,275,68.4,2.4,+0.4,45,171,19,3,1307,164,3,59,75,5,67,20,30,0,8,22,100,4.06,71,18,2,2,2,6,0.24,6,0,0,0,0,76,43,31,33,12,29,60.4,19,32,30,106,11,0,1779,16,20,37,55.2,28,41.8,1058,5,49,41,1197,82,72.5,87,21,2,17,0,1.23,40,41,-1,-0.04,+0.17,34.3,25.2,+9.1,+0.37,+0.42,0,16,0,0,0,165,9,39.1
286,Emanuel Gularte,uy URU,DF,Puebla,26,1997,29,28,2509,27.9,1,0,1,1,0,0,7,1,1.5,1.5,1.4,2.9,11,56,12,0.04,0.00,0.04,0.04,0.04,0.06,0.05,0.10,0.06,0.10,Matches,18,3,16.7,0.65,0.11,0.06,0.33,11.5,0,0.09,-0.5,-0.5,699,909,76.9,14007,5826,240,280,85.7,364,421,86.5,93,183,50.8,0.9,-1.4,8,63,4,0,852,53,2,10,11,15,0,0,0,0,4,14,18,0.65,13,1,1,0,1,0,0.00,0,0,0,0,0,41,24,28,13,0,21,70.0,9,12,47,88,163,0,1251,197,28,10,62.5,6,37.5,571,3,14,5,635,87,82.0,88,24,1,45,0,0.69,23,47,-24,-0.86,-0.37,24.8,40.3,-15.6,-0.56,-0.79,0,33,0,0,1,101,48,55.2
353,Emanuel Ley,mx MEX,FW,Tijuana,18,2006,1,0,17,0.2,0,0,0,0,0,0,0,0,0.0,0.0,0.0,0.0,0,0,1,0.00,0.00,0.00,0.00,0.00,0.00,0.00,0.00,0.00,0.00,Matches,0,0,,0.00,0.00,,,,0,,0.0,0.0,1,1,100.0,4,0,0,0,,0,0,,0,0,,0.0,0.0,0,0,0,0,1,0,0,0,0,0,0,0,0,0,0,0,0,0.00,0,0,0,0,0,0,0.00,0,0,0,0,0,0,0,0,0,0,0,,0,0,0,0,0,0,2,0,1,0,,0,,1,0,1,0,1,17,0.6,,0,1,17,1,3.00,0,0,0,0.00,+0.21,0.1,0.2,-0.1,-0.34,+0.04,0,0,0,0,0,0,0,0.0
509,Emanuel Reynoso,ar ARG,"MF,FW",Tijuana,28,1995,16,12,1001,11.1,3,3,6,3,0,0,3,0,1.7,1.7,2.0,3.7,36,100,100,0.27,0.27,0.54,0.27,0.54,0.15,0.18,0.33,0.15,0.33,Matches,15,6,40.0,1.35,0.54,0.20,0.50,20.8,1,0.11,+1.3,+1.3,561,676,83.0,9026,2663,296,333,88.9,186,215,86.5,54,78,69.2,3.0,+1.0,32,90,21,5,643,30,1,9,30,7,9,2,2,0,3,14,67,6.02,54,4,7,2,0,5,0.45,4,0,1,0,0,23,16,4,15,4,3,21.4,11,13,5,28,1,0,811,0,39,30,57.7,20,38.5,579,13,39,46,685,63,32.7,73,5,4,32,0,1.53,16,20,-4,-0.36,-0.23,14.5,19.2,-4.7,-0.42,-0.06,0,19,0,0,0,67,11,42.3
,Emi Ochoa,,,,,,,,,,,,,,,,,,,,,,,,,,,,,,,,,,,,,,,,,,,,,,,,,,,,,,,,,,,,,,,,,,,,,,,,,,,,,,,,,,,,,,,,,,,,,,,,,,,,,,,,,,,,,,,,,,,,,,,,,,0,0,,1,,,,,,,,,,,,,,,,,,,
260,Emiliano Gómez,uy URU,"FW,MF",Puebla,22,2001,26,23,2054,22.8,5,0,5,4,1,1,1,0,5.5,4.7,2.7,7.4,57,29,146,0.22,0.00,0.22,0.18,0.18,0.24,0.12,0.36,0.21,0.33,Matches,51,20,39.2,2.23,0.88,0.08,0.20,19.5,0,0.09,-0.5,-0.7,308,430,71.6,3900,790,187,221,84.6,80,113,70.8,10,23,43.5,1.2,-2.7,21,14,12,1,399,31,0,2,35,8,1,1,0,0,0,30,53,2.34,29,1,10,8,0,5,0.22,2,0,1,1,0,11,5,1,7,3,3,21.4,11,7,2,13,11,0,703,9,85,42,46.7,46,51.1,466,25,78,44,555,79,67.1,84,12,3,38,0,0.58,18,35,-17,-0.74,+0.15,20.2,31.4,-11.3,-0.50,-0.25,0,16,0,0,0,61,18,25.0
513,Emiliano Rigoni,ar ARG,"FW,MF",León,31,1993,13,6,478,5.3,1,1,2,1,0,0,1,0,1.1,1.1,1.2,2.2,14,22,47,0.19,0.19,0.38,0.19,0.38,0.20,0.22,0.42,0.20,0.42,Matches,10,3,30.0,1.88,0.56,0.10,0.33,16.7,0,0.11,-0.1,-0.1,134,187,71.7,2236,623,67,77,87.0,46,62,74.2,14,34,41.2,0.9,-0.2,8,8,8,3,167,20,0,5,26,3,9,2,3,0,0,7,16,3.01,10,3,2,0,0,2,0.38,2,0,0,0,0,9,5,5,2,2,4,57.1,3,2,0,9,4,0,248,5,17,7,36.8,12,63.2,141,8,10,9,173,37,15.6,67,0,7,11,4,1.71,6,6,0,0.00,-0.03,6.2,5.5,+0.7,+0.13,+0.33,0,12,0,0,0,15,3,30.0
,Emiliano Velázco,,,,,,,,,,,,,,,,,,,,,,,,,,,,,,,,,,,,,,,,,,,,,,,,,,,,,,,,,,,,,,,,,,,,,,,,,,,,,,,,,,,,,,,,,,,,,,,,,,,,,,,,,,,,,,,,,,,,,,,,,,0,0,,1,,,,,,,,,,,,,,,,,,,
,Emiliano Villaseñor,,,,,,,,,,,,,,,,,,,,,,,,,,,,,,,,,,,,,,,,,,,,,,,,,,,,,,,,,,,,,,,,,,,,,,,,,,,,,,,,,,,,,,,,,,,,,,,,,,,,,,,,,,,,,,,,,,,,,,,,,,0,0,,1,,,,,,,,,,,,,,,,,,,
346,Emilio Lara,mx MEX,DF,América,22,2002,1,1,59,0.7,0,0,0,0,0,0,0,0,0.0,0.0,0.0,0.0,5,2,0,0.00,0.00,0.00,0.00,0.00,0.00,0.00,0.00,0.00,0.00,Matches,0,0,,0.00,0.00,,,,0,,0.0,0.0,29,38,76.3,291,131,24,29,82.8,2,4,50.0,0,1,0.0,0.0,0.0,0,2,0,0,35,3,0,0,1,3,0,0,0,0,0,1,1,1.53,1,0,0,0,0,0,0.00,0,0,0,0,0,1,1,0,1,0,1,50.0,1,2,1,2,3,0,45,3,0,0,,0,,25,0,0,0,27,59,1.9,59,0,0,,4,0.00,1,2,-1,-1.53,-2.46,0.7,1.0,-0.3,-0.48,-1.37,0,1,0,0,0,2,0,
347,Emilio Lara,mx MEX,DF,Necaxa,22,2002,24,21,1962,21.8,0,2,2,0,0,0,4,0,0.0,0.0,0.3,0.3,8,66,15,0.00,0.09,0.09,0.00,0.09,0.00,0.01,0.01,0.00,0.01,Matches,0,0,,0.00,0.00,,,,0,,0.0,0.0,29,38,76.3,291,131,24,29,82.8,2,4,50.0,0,1,0.0,0.0,0.0,0,2,0,0,35,3,0,0,1,3,0,0,0,0,0,1,1,1.53,1,0,0,0,0,0,0.00,0,0,0,0,0,1,1,0,1,0,1,50.0,1,2,1,2,3,0,45,3,0,0,,0,,25,0,0,0,27,59,1.9,59,0,0,,4,0.00,1,2,-1,-1.53,-2.46,0.7,1.0,-0.3,-0.48,-1.37,0,1,0,0,0,2,0,
390,Emilio Martínez González,mx MEX,DF,Necaxa,21,2003,14,10,832,9.2,0,0,0,0,0,0,0,0,0.2,0.2,0.1,0.3,1,20,12,0.00,0.00,0.00,0.00,0.00,0.02,0.01,0.03,0.02,0.03,Matches,6,1,16.7,0.65,0.11,0.00,0.00,23.5,0,0.04,-0.2,-0.2,235,293,80.2,3968,1859,125,134,93.3,83,101,82.2,22,37,59.5,0.2,-0.1,3,21,2,0,224,68,0,2,4,64,0,0,0,0,1,10,10,1.08,6,3,0,1,0,0,0.00,0,0,0,0,0,15,10,8,6,1,12,50.0,12,6,5,20,30,1,372,27,6,0,0.0,0,0.0,111,0,7,3,154,59,27.2,77,3,4,17,12,1.50,12,9,+3,+0.32,+0.41,12.1,11.7,+0.4,+0.05,+0.19,0,8,0,0,0,26,10,58.8
571,Emilio Santillán,mx MEX,DF,Santos,20,2003,1,1,74,0.8,0,0,0,0,0,0,0,0,0.0,0.0,0.0,0.0,2,1,5,0.00,0.00,0.00,0.00,0.00,0.00,0.00,0.00,0.00,0.00,Matches,0,0,,0.00,0.00,,,,0,,0.0,0.0,39,46,84.8,536,159,25,25,100.0,13,15,86.7,1,4,25.0,0.0,0.0,0,1,0,0,32,14,0,0,1,10,0,0,0,0,0,1,0,0.00,0,0,0,0,0,0,0.00,0,0,0,0,0,0,0,0,0,0,0,0.0,2,0,3,3,4,0,56,4,1,0,0.0,1,100.0,22,0,0,0,27,74,2.4,74,0,0,,2,0.00,1,2,-1,-1.22,-0.07,0.5,1.4,-0.8,-1.02,-0.23,0,1,0,0,0,3,0,
190,Emmanuel Echeverría,mx MEX,DF,Santos,20,2003,28,23,2158,24.0,1,0,1,1,0,0,7,0,0.9,0.9,1.7,2.6,63,66,108,0.04,0.00,0.04,0.04,0.04,0.04,0.07,0.11,0.04,0.11,Matches,13,4,30.8,0.54,0.17,0.08,0.25,20.5,0,0.07,+0.1,+0.1,826,1084,76.2,13363,4791,436,512,85.2,327,399,82.0,50,103,48.5,1.3,-1.7,16,47,12,10,872,211,0,4,79,192,0,0,0,0,1,49,35,1.46,24,0,4,4,0,0,0.00,0,0,0,0,0,32,24,22,8,2,19,43.2,25,20,17,49,66,1,1369,69,28,14,36.8,23,60.5,681,6,49,12,785,77,70.5,87,20,5,33,0,0.57,23,48,-25,-1.04,+0.35,25.8,40.4,-14.6,-0.61,+0.64,0,21,0,0,1,90,16,61.5
292,Erick Gutiérrez,mx MEX,MF,Guadalajara,29,1995,29,26,2208,24.5,1,1,2,1,0,0,10,0,2.5,2.5,1.9,4.4,29,137,43,0.04,0.04,0.08,0.04,0.08,0.10,0.08,0.18,0.10,0.18,Matches,31,7,22.6,1.26,0.29,0.03,0.14,20.6,2,0.08,-1.5,-1.5,988,1178,83.9,18374,5623,407,451,90.2,455,508,89.6,110,166,66.3,2.3,-0.9,26,131,22,1,1117,53,4,17,21,4,6,4,2,0,8,19,56,2.28,45,2,3,2,2,4,0.16,4,0,0,0,0,83,53,28,47,8,36,58.1,26,13,31,114,29,0,1446,45,31,11,55.0,8,40.0,826,2,38,24,946,76,72.2,83,19,3,18,2,1.20,31,26,+5,+0.20,+0.10,29.9,23.1,+6.8,+0.28,+0.21,0,53,0,2,0,137,38,65.5
564,Erick Sánchez,mx MEX,"MF,FW",América,24,1999,30,22,2082,23.1,2,2,4,2,0,0,1,0,5.6,5.6,3.0,8.5,56,125,95,0.09,0.09,0.17,0.09,0.17,0.24,0.13,0.37,0.24,0.37,Matches,51,12,23.5,2.20,0.52,0.04,0.17,19.1,2,0.11,-3.6,-3.6,937,1082,86.6,14521,3712,456,496,91.9,360,402,89.6,59,82,72.0,2.6,-1.0,42,79,27,0,1039,35,3,2,15,3,7,3,2,0,8,21,90,3.89,74,3,3,4,1,11,0.48,10,0,1,0,0,33,14,16,13,4,10,32.3,21,20,16,49,28,0,1345,35,72,12,28.6,28,66.7,794,13,43,26,980,69,68.0,82,13,8,34,1,1.82,44,17,+27,+1.17,+0.89,42.3,19.4,+22.9,+0.99,+0.40,0,21,0,0,0,117,11,39.3
356,Erik Lira,mx MEX,"DF,MF",Cruz Azul,24,2000,31,29,2616,29.1,1,0,1,1,0,0,6,0,0.3,0.3,0.8,1.1,23,126,20,0.03,0.00,0.03,0.03,0.03,0.01,0.03,0.04,0.01,0.04,Matches,14,7,50.0,0.48,0.24,0.07,0.14,27.1,0,0.02,+0.7,+0.7,1688,1865,90.5,32144,11497,618,657,94.1,876,930,94.2,169,226,74.8,0.8,-0.8,14,99,12,2,1755,110,0,12,12,20,0,0,0,0,0,22,53,1.82,47,1,1,1,1,3,0.10,3,0,0,0,0,78,46,43,33,2,36,63.2,21,22,27,105,48,1,2118,148,5,12,57.1,9,42.9,1315,2,21,12,1474,84,85.5,88,26,2,28,1,2.10,54,23,+31,+1.07,-0.15,46.5,27.6,+18.9,+0.65,-0.40,0,29,0,0,1,185,10,35.7
,Erubiel Castro,,,,,,,,,,,,,,,,,,,,,,,,,,,,,,,,,,,,,,,,,,,,,,,,,,,,,,,,,,,,,,,,,,,,,,,,,,,,,,,,,,,,,,,,,,,,,,,,,,,,,,,,,,,,,,,,,,,,,,,,,,0,0,,6,,,,,,,,,,,,,,,,,,,
41,Esteban Andrada,ar ARG,GK,Monterrey,33,1991,24,24,2160,24.0,0,0,0,0,0,0,5,0,0.0,0.0,0.0,0.0,0,1,0,0.00,0.00,0.00,0.00,0.00,0.00,0.00,0.00,0.00,0.00,Matches,0,0,,0.00,0.00,,,,0,,0.0,0.0,739,944,78.3,19165,13832,174,175,99.4,342,346,98.8,219,416,52.6,0.1,0.0,0,16,0,0,734,208,0,1,0,0,0,0,0,0,2,0,7,0.29,5,2,0,0,0,2,0.08,1,1,0,0,0,1,1,1,0,0,0,0.0,2,1,0,1,12,1,995,754,0,2,100.0,0,0.0,628,0,3,0,470,90,70.6,90,24,0,,9,1.64,38,29,+9,+0.37,-0.32,32.8,27.5,+5.3,+0.22,-0.64,0,0,0,0,0,38,11,84.6
370,Esteban Lozano,mx MEX,"MF,FW",América,21,2003,4,0,108,1.2,1,0,1,1,0,0,0,0,1.5,1.5,0.8,2.3,5,2,7,0.83,0.00,0.83,0.83,0.83,1.23,0.68,1.92,1.23,1.92,Matches,10,5,50.0,8.33,4.17,0.10,0.20,15.7,0,0.15,-0.5,-0.5,12,20,60.0,135,34,8,10,80.0,3,8,37.5,0,0,,0.1,-0.8,6,0,2,0,20,0,0,0,1,0,0,0,0,0,0,0,7,5.83,4,0,0,0,0,0,0.00,0,0,0,0,0,0,0,0,0,0,0,,0,1,0,0,1,0,41,0,12,0,0.0,1,100.0,28,3,6,1,34,27,3.5,,0,4,27,4,1.75,2,1,+1,+0.83,-0.05,4.1,1.7,+2.4,+1.99,+1.17,0,1,0,0,0,1,4,40.0
64,Ettson Ayon,mx MEX,FW,León,23,2001,16,6,519,5.8,1,0,1,1,0,0,0,0,0.5,0.5,0.2,0.6,7,6,25,0.17,0.00,0.17,0.17,0.17,0.08,0.03,0.11,0.08,0.11,Matches,7,3,42.9,1.21,0.52,0.14,0.33,14.1,0,0.07,+0.5,+0.5,63,93,67.7,782,134,36,44,81.8,19,28,67.9,1,4,25.0,0.1,-0.2,3,4,1,0,82,11,0,0,2,1,0,0,0,0,0,6,10,1.73,4,1,2,2,0,2,0.35,1,0,0,1,0,4,3,1,1,2,1,33.3,2,1,1,5,1,0,157,2,16,4,40.0,6,60.0,97,4,31,17,120,32,17.0,62,0,10,15,8,1.88,6,7,-1,-0.17,-0.24,3.4,8.1,-4.7,-0.81,-0.80,0,13,1,0,0,8,9,32.1
,Eugenio Pizzuto,,,,,,,,,,,,,,,,,,,,,,,,,,,,,,,,,,,,,,,,,,,,,,,,,,,,,,,,,,,,,,,,,,,,,,,,,,,,,,,,,,,,,,,,,,,,,,,,,,,,,,,,,,,,,,,,,,,,,,,,,,0,0,,6,,,,,,,,,,,,,,,,,,,
165,Everardo Del Villar,mx MEX,DF,Toluca,19,2005,12,8,775,8.6,0,0,0,0,0,0,2,0,0.3,0.3,0.0,0.3,8,27,5,0.00,0.00,0.00,0.00,0.00,0.04,0.00,0.04,0.04,0.04,Matches,1,1,100.0,0.12,0.12,0.00,0.00,14.7,0,0.32,-0.3,-0.3,408,455,89.7,7542,2251,163,174,93.7,195,208,93.8,42,62,67.7,0.1,0.0,0,32,0,0,436,19,0,6,2,10,0,0,0,0,0,5,5,0.58,4,0,0,0,0,0,0.00,0,0,0,0,0,18,12,9,9,0,7,63.6,4,1,9,27,29,0,538,54,1,2,100.0,0,0.0,340,1,4,0,383,65,25.3,86,7,4,23,5,2.17,19,11,+8,+0.93,-0.37,14.1,10.6,+3.5,+0.41,-0.10,0,15,0,0,0,23,3,20.0
600,Ezequiel Unsain,ar ARG,GK,Necaxa,29,1995,34,34,3060,34.0,0,1,1,0,0,0,2,0,0.1,0.1,1.5,1.6,0,5,1,0.00,0.03,0.03,0.00,0.03,0.00,0.05,0.05,0.00,0.05,Matches,1,0,0.0,0.03,0.00,0.00,,9.9,0,0.05,-0.1,-0.1,769,1150,66.9,24277,17771,126,130,96.9,343,351,97.7,296,660,44.8,0.6,-0.5,3,48,9,0,805,341,1,5,0,0,0,0,0,0,4,1,6,0.18,4,2,0,0,0,1,0.03,1,0,0,0,0,0,0,0,0,0,0,0.0,1,0,1,1,13,2,1228,958,1,4,100.0,0,0.0,658,0,2,1,517,90,100.0,90,34,0,,0,1.33,56,55,+1,+0.03,,45.1,48.3,-3.1,-0.09,,0,1,0,1,0,55,13,100.0
256,Faber Gil,co COL,"FW,MF",Pachuca,29,1995,9,2,283,3.1,0,0,0,0,0,0,2,0,0.5,0.5,0.6,1.1,21,7,36,0.00,0.00,0.00,0.00,0.00,0.16,0.20,0.35,0.16,0.35,Matches,9,5,55.6,2.86,1.59,0.00,0.00,15.3,0,0.05,-0.5,-0.5,81,105,77.1,1209,289,46,52,88.5,29,36,80.6,4,8,50.0,0.6,-0.6,5,5,5,5,101,3,0,0,17,3,0,0,0,0,1,3,12,3.82,10,0,0,1,0,0,0.00,0,0,0,0,0,4,4,1,3,0,0,0.0,1,2,1,5,3,0,153,3,17,6,46.2,7,53.8,117,8,20,11,137,31,9.2,59,0,7,24,1,0.56,3,7,-4,-1.27,-1.30,3.6,2.6,+1.0,+0.31,+0.06,0,13,0,0,0,15,1,16.7
22,Facundo Almada,ar ARG,DF,Mazatlán,26,1998,24,20,1758,19.5,1,0,1,1,0,0,3,1,2.4,2.4,0.1,2.5,6,44,4,0.05,0.00,0.05,0.05,0.05,0.12,0.00,0.13,0.12,0.13,Matches,11,5,45.5,0.56,0.26,0.09,0.20,8.9,0,0.22,-1.4,-1.4,672,835,80.5,14147,5835,193,209,92.3,371,422,87.9,99,179,55.3,0.2,-0.1,2,48,2,0,766,67,0,15,4,32,0,0,0,0,2,9,12,0.61,8,1,0,0,1,3,0.15,2,0,0,0,0,28,15,23,5,0,19,67.9,9,9,16,44,92,3,1021,120,15,2,100.0,0,0.0,521,1,9,2,599,73,57.5,82,16,4,29,2,1.04,20,35,-15,-0.77,-0.49,19.7,31.9,-12.1,-0.62,-0.92,0,24,0,1,0,79,25,53.2
626,Facundo Waller,uy URU,MF,Puebla,27,1997,27,16,1577,17.5,2,2,4,2,0,0,8,1,1.8,1.8,1.7,3.5,32,71,58,0.11,0.11,0.23,0.11,0.23,0.10,0.10,0.20,0.10,0.20,Matches,29,9,31.0,1.66,0.51,0.07,0.22,26.3,3,0.06,+0.2,+0.2,577,762,75.7,10755,3055,257,295,87.1,208,254,81.9,95,172,55.2,1.2,+0.3,34,69,8,3,658,101,4,11,64,16,34,7,19,0,3,15,67,3.82,33,21,1,6,3,3,0.17,3,0,0,0,0,55,34,22,21,12,32,56.1,25,26,19,74,27,0,973,35,23,19,48.7,18,46.2,490,3,34,26,557,58,51.5,78,7,11,29,2,0.67,11,30,-19,-1.08,-0.60,13.2,24.7,-11.5,-0.66,-0.50,0,50,0,0,0,109,8,33.3
351,Federico Lértora,ar ARG,MF,Querétaro,34,1990,30,26,2330,25.9,2,2,4,2,0,0,5,0,2.1,2.1,3.6,5.7,19,89,59,0.08,0.08,0.15,0.08,0.15,0.08,0.14,0.22,0.08,0.22,Matches,34,13,38.2,1.31,0.50,0.06,0.15,17.0,1,0.06,-0.1,-0.1,718,1019,70.5,12651,4930,323,399,81.0,297,392,75.8,71,169,42.0,1.9,-1.6,23,79,14,3,837,175,2,5,23,138,0,0,0,0,7,14,48,1.85,28,8,1,3,2,2,0.08,1,0,0,0,0,63,37,26,34,3,26,44.8,32,23,18,81,50,1,1311,68,53,7,33.3,14,66.7,584,4,38,23,726,78,76.1,86,23,4,23,1,0.87,20,43,-23,-0.89,-0.64,19.7,41.9,-22.1,-0.85,-0.34,0,45,0,0,0,99,66,57.9
470,Federico Pereira,uy URU,DF,Toluca,24,2000,23,23,2025,22.5,1,0,1,1,0,0,5,0,0.7,0.7,0.1,0.8,18,68,2,0.04,0.00,0.04,0.04,0.04,0.03,0.00,0.03,0.03,0.03,Matches,13,2,15.4,0.58,0.09,0.08,0.50,17.7,0,0.05,+0.3,+0.3,1256,1424,88.2,24938,9963,425,450,94.4,665,709,93.8,152,242,62.8,0.4,-0.1,2,68,1,0,1349,74,1,11,5,13,0,0,0,0,1,7,12,0.53,12,0,0,0,0,0,0.00,0,0,0,0,0,52,36,36,16,0,25,50.0,25,15,24,76,104,2,1671,216,11,9,75.0,3,25.0,1049,0,12,7,1143,88,66.2,88,22,0,,5,1.97,50,24,+26,+1.16,-0.15,35.9,22.4,+13.6,+0.60,+0.35,0,19,0,0,0,102,40,58.8
54,Fernando Arce Jr.,us USA,"MF,FW",Puebla,27,1996,6,1,197,2.2,0,0,0,0,0,0,2,0,0.1,0.1,0.0,0.1,2,2,3,0.00,0.00,0.00,0.00,0.00,0.03,0.00,0.03,0.03,0.03,Matches,2,0,0.0,0.91,0.00,0.00,,28.0,0,0.03,-0.1,-0.1,39,54,72.2,714,220,15,22,68.2,14,20,70.0,7,7,100.0,0.0,0.0,0,2,0,0,50,3,0,0,1,1,0,0,0,0,1,1,2,0.93,1,0,0,1,0,0,0.00,0,0,0,0,0,5,2,1,3,1,3,50.0,3,1,2,7,3,0,74,4,2,0,,0,,26,0,3,1,37,33,6.4,90,1,5,21,7,0.50,1,5,-4,-1.83,-1.10,2.6,4.0,-1.4,-0.64,-0.24,0,5,1,0,0,1,2,66.7
55,Fernando Arce Jr.,us USA,MF,Necaxa,27,1996,15,12,1036,11.5,2,0,2,2,0,0,5,0,1.8,1.8,0.3,2.1,7,32,8,0.17,0.00,0.17,0.17,0.17,0.16,0.03,0.18,0.16,0.18,Matches,2,0,0.0,0.91,0.00,0.00,,28.0,0,0.03,-0.1,-0.1,39,54,72.2,714,220,15,22,68.2,14,20,70.0,7,7,100.0,0.0,0.0,0,2,0,0,50,3,0,0,1,1,0,0,0,0,1,1,2,0.93,1,0,0,1,0,0,0.00,0,0,0,0,0,5,2,1,3,1,3,50.0,3,1,2,7,3,0,74,4,2,0,,0,,26,0,3,1,37,33,6.4,90,1,5,21,7,0.50,1,5,-4,-1.83,-1.10,2.6,4.0,-1.4,-0.64,-0.24,0,5,1,0,0,1,2,66.7
81,Fernando Beltrán,mx MEX,"MF,FW",Guadalajara,26,1998,30,22,1836,20.4,1,1,2,1,0,0,3,0,1.1,1.1,2.0,3.1,53,152,83,0.05,0.05,0.10,0.05,0.10,0.05,0.10,0.15,0.05,0.15,Matches,23,9,39.1,1.13,0.44,0.04,0.11,23.8,0,0.05,-0.1,-0.1,868,1057,82.1,15286,4477,418,460,90.9,327,393,83.2,102,158,64.6,2.9,-1.0,26,138,25,5,999,51,4,15,54,10,18,9,7,1,7,14,65,3.18,53,5,2,4,0,4,0.20,3,0,0,0,0,41,25,16,20,5,20,66.7,10,10,13,54,9,0,1261,14,22,26,42.6,32,52.5,860,4,41,22,959,61,60.0,77,7,8,19,4,1.35,23,19,+4,+0.20,+0.05,22.5,20.9,+1.6,+0.08,-0.35,0,12,0,0,0,107,4,40.0
271,Fernando González,mx MEX,"FW,MF",Querétaro,23,2001,7,1,178,2.0,0,0,0,0,0,0,1,0,0.2,0.2,0.4,0.6,8,7,15,0.00,0.00,0.00,0.00,0.00,0.08,0.21,0.30,0.08,0.30,Matches,3,2,66.7,1.52,1.01,0.00,0.00,14.9,0,0.06,-0.2,-0.2,60,92,65.2,952,334,31,41,75.6,22,31,71.0,5,13,38.5,0.8,-0.4,5,4,5,5,82,8,0,1,13,1,5,3,1,0,2,3,12,6.07,10,2,0,0,0,1,0.51,1,0,0,0,0,5,4,1,3,1,1,20.0,4,3,0,5,4,0,122,3,6,2,100.0,0,0.0,70,1,8,3,81,,,,0,0,,3,,,,,,,,,,,,0,2,0,0,0,10,0,0.0
276,Fernando Gorriarán,uy URU,MF,UANL,29,1994,30,30,2574,28.6,5,1,6,5,0,0,4,0,2.6,2.6,1.7,4.4,38,216,109,0.17,0.03,0.21,0.17,0.21,0.09,0.06,0.15,0.09,0.15,Matches,52,18,34.6,1.82,0.63,0.10,0.28,24.4,3,0.05,+2.4,+2.4,1345,1616,83.2,22952,6641,653,732,89.2,531,611,86.9,124,192,64.6,2.1,-0.7,32,172,36,6,1557,54,3,28,43,12,8,1,3,0,5,30,98,3.43,72,4,2,11,2,7,0.24,5,0,0,1,0,49,34,15,27,7,15,30.0,35,43,27,76,23,0,1914,38,50,24,60.0,15,37.5,1076,5,45,17,1394,86,84.1,86,19,0,,0,1.81,43,24,+19,+0.66,+0.48,40.1,30.2,+9.9,+0.34,-0.30,0,38,1,0,0,168,7,38.9
376,Fernando Madrigal,mx MEX,"MF,DF",Tijuana,32,1991,9,3,327,3.6,0,0,0,0,0,0,0,0,0.2,0.2,0.0,0.2,4,18,12,0.00,0.00,0.00,0.00,0.00,0.07,0.00,0.07,0.07,0.07,Matches,6,4,66.7,1.65,1.10,0.00,0.00,20.9,0,0.04,-0.2,-0.2,92,113,81.4,1367,380,55,65,84.6,34,40,85.0,2,6,33.3,0.1,0.0,0,9,2,0,112,1,0,1,2,0,0,0,0,0,0,1,4,1.10,3,0,0,1,0,1,0.28,0,0,0,1,0,9,5,5,3,1,5,31.3,11,5,0,9,2,0,158,2,8,2,40.0,3,60.0,99,0,11,6,108,36,10.7,54,0,6,28,15,2.11,10,7,+3,+0.83,+1.15,7.0,4.2,+2.8,+0.77,+1.29,0,4,1,0,0,14,4,80.0
409,Fernando Monárrez,mx MEX,"DF,FW",Tijuana,25,1999,3,1,109,1.2,0,0,0,0,0,0,1,0,0.1,0.1,0.0,0.1,4,5,8,0.00,0.00,0.00,0.00,0.00,0.06,0.00,0.06,0.06,0.06,Matches,2,1,50.0,1.65,0.83,0.00,0.00,22.1,0,0.03,-0.1,-0.1,76,89,85.4,1327,253,35,39,89.7,34,36,94.4,6,11,54.5,0.0,0.0,0,5,0,0,81,8,0,0,2,8,0,0,0,0,0,2,2,1.65,2,0,0,0,0,1,0.83,1,0,0,0,0,4,3,1,2,1,2,50.0,2,4,4,8,1,0,108,1,3,0,0.0,2,100.0,63,0,2,1,73,36,3.6,54,0,2,28,16,2.17,4,1,+3,+2.48,+2.78,1.5,1.1,+0.4,+0.33,+0.74,0,3,0,0,0,8,1,100.0
444,Fernando Ordóñez,mx MEX,DF,UANL,23,2001,1,0,20,0.2,0,0,0,0,0,0,0,0,0.0,0.0,0.0,0.0,0,2,1,0.00,0.00,0.00,0.00,0.00,0.00,0.07,0.07,0.00,0.07,Matches,0,0,,0.00,0.00,,,,0,,0.0,0.0,15,16,93.8,251,61,8,8,100.0,7,8,87.5,0,0,,0.0,0.0,1,1,0,0,15,1,0,0,0,1,0,0,0,0,0,0,3,13.50,2,0,1,0,0,0,0.00,0,0,0,0,0,2,1,1,1,0,0,,0,0,0,2,0,0,18,0,0,1,100.0,0,0.0,11,0,0,0,11,20,0.7,,0,1,20,4,0.00,0,0,0,0.00,-0.59,0.3,0.1,+0.2,+0.71,+0.32,0,0,0,0,0,3,0,
547,Fernando Rubén González,mx MEX,MF,Guadalajara,30,1994,30,23,2048,22.8,0,0,0,0,0,0,7,0,0.4,0.4,0.9,1.4,20,128,24,0.00,0.00,0.00,0.00,0.00,0.02,0.04,0.06,0.02,0.06,Matches,12,0,0.0,0.53,0.00,0.00,,26.4,0,0.04,-0.4,-0.4,1020,1212,84.2,18917,6596,419,480,87.3,466,519,89.8,117,167,70.1,0.9,-0.9,13,131,12,2,1169,37,1,9,6,8,0,0,0,0,6,13,39,1.71,35,1,2,0,1,0,0.00,0,0,0,0,0,70,45,36,33,1,31,67.4,15,19,28,98,34,0,1437,69,8,6,42.9,8,57.1,808,0,16,16,906,68,66.9,84,14,7,16,4,1.42,27,22,+5,+0.22,+0.13,27.9,22.5,+5.4,+0.24,+0.06,0,27,0,0,0,162,24,55.8
588,Fernando Tapia,mx MEX,GK,UANL,23,2001,3,3,270,3.0,0,0,0,0,0,0,0,0,0.0,0.0,0.0,0.0,0,0,0,0.00,0.00,0.00,0.00,0.00,0.00,0.00,0.00,0.00,0.00,Matches,0,0,,0.00,0.00,,,,0,,0.0,0.0,78,104,75.0,2087,1412,15,15,100.0,36,37,97.3,25,50,50.0,0.0,0.0,0,1,0,0,67,37,0,0,0,0,0,0,0,0,0,0,1,0.33,0,1,0,0,0,0,0.00,0,0,0,0,0,1,1,1,0,0,1,100.0,0,0,0,1,3,0,119,98,0,0,,0,,49,0,1,0,45,90,8.8,90,3,0,,26,2.33,7,2,+5,+1.67,+1.18,5.1,3.5,+1.6,+0.53,+0.15,0,0,0,0,0,5,1,100.0
38,Fidel Ambríz,mx MEX,MF,Monterrey,21,2003,23,12,1194,13.3,1,0,1,1,0,0,2,0,0.6,0.6,0.3,0.8,7,51,7,0.08,0.00,0.08,0.08,0.08,0.04,0.02,0.06,0.04,0.06,Matches,11,4,36.4,0.83,0.30,0.09,0.25,19.5,0,0.05,+0.4,+0.4,509,589,86.4,8922,2520,206,232,88.8,238,266,89.5,47,60,78.3,0.6,-0.3,1,49,3,0,572,17,1,4,2,3,0,0,0,0,0,8,9,0.68,6,1,0,1,0,1,0.08,1,0,0,0,0,37,20,11,22,4,20,62.5,12,14,15,52,30,2,738,39,7,5,45.5,6,54.5,384,0,17,8,455,52,39.0,82,7,11,19,5,1.67,21,16,+5,+0.38,-0.15,18.9,17.4,+1.5,+0.11,-0.48,0,24,0,1,0,56,20,55.6
39,Fidel Ambríz,mx MEX,MF,León,21,2003,5,5,421,4.7,0,0,0,0,0,0,0,0,0.1,0.1,0.0,0.2,9,20,16,0.00,0.00,0.00,0.00,0.00,0.03,0.01,0.03,0.03,0.03,Matches,11,4,36.4,0.83,0.30,0.09,0.25,19.5,0,0.05,+0.4,+0.4,509,589,86.4,8922,2520,206,232,88.8,238,266,89.5,47,60,78.3,0.6,-0.3,1,49,3,0,572,17,1,4,2,3,0,0,0,0,0,8,9,0.68,6,1,0,1,0,1,0.08,1,0,0,0,0,37,20,11,22,4,20,62.5,12,14,15,52,30,2,738,39,7,5,45.5,6,54.5,384,0,17,8,455,52,39.0,82,7,11,19,5,1.67,21,16,+5,+0.38,-0.15,18.9,17.4,+1.5,+0.11,-0.48,0,24,0,1,0,56,20,55.6
69,Fidel Barajas,mx MEX,"MF,FW",Guadalajara,18,2006,5,0,87,1.0,0,0,0,0,0,0,0,0,0.1,0.1,0.0,0.1,5,1,23,0.00,0.00,0.00,0.00,0.00,0.12,0.02,0.14,0.12,0.14,Matches,4,1,25.0,4.14,1.03,0.00,0.00,21.0,0,0.03,-0.1,-0.1,28,41,68.3,382,53,20,24,83.3,6,10,60.0,1,4,25.0,0.0,0.0,1,2,0,0,41,0,0,0,6,0,0,0,0,0,0,1,2,2.07,2,0,0,0,0,0,0.00,0,0,0,0,0,0,0,0,0,0,0,0.0,1,0,0,0,0,0,61,0,3,2,28.6,5,71.4,45,2,4,1,46,17,2.8,,0,5,17,9,1.40,2,1,+1,+1.03,+0.88,2.5,1.9,+0.6,+0.63,+0.42,0,1,0,0,0,6,2,40.0
621,Fran Villalba,es ESP,"MF,FW",Santos,26,1998,25,17,1284,14.3,1,3,4,1,0,0,1,0,1.4,1.4,2.5,3.8,27,73,52,0.07,0.21,0.28,0.07,0.28,0.10,0.17,0.27,0.10,0.27,Matches,12,3,25.0,0.84,0.21,0.08,0.33,22.3,1,0.11,-0.4,-0.4,414,538,77.0,7883,2381,183,206,88.8,157,194,80.9,64,108,59.3,2.3,+0.5,33,69,25,8,506,30,4,11,39,5,15,6,7,0,2,14,62,4.35,55,6,1,0,0,5,0.35,4,0,1,0,0,7,6,1,5,1,1,5.9,16,11,9,16,12,0,630,10,11,12,54.5,10,45.5,424,0,14,13,479,51,42.0,64,0,8,25,7,0.60,11,26,-15,-1.05,+0.16,15.0,23.4,-8.4,-0.59,+0.36,0,9,0,0,0,47,3,33.3
107,Francisco Calvo,cr CRC,DF,FC Juárez,32,1992,3,3,270,3.0,0,0,0,0,0,0,1,0,0.0,0.0,0.1,0.1,1,8,0,0.00,0.00,0.00,0.00,0.00,0.00,0.03,0.03,0.00,0.03,Matches,0,0,,0.00,0.00,,,,0,,0.0,0.0,134,163,82.2,3079,1443,36,41,87.8,72,81,88.9,25,39,64.1,0.4,-0.1,2,5,0,0,151,12,0,8,0,2,0,0,0,0,0,1,3,1.00,2,0,0,0,1,0,0.00,0,0,0,0,0,6,4,4,2,0,2,50.0,2,0,1,7,9,0,187,26,5,2,66.7,1,33.3,108,0,3,1,118,90,8.8,90,3,0,,1,0.00,4,7,-3,-1.00,-0.48,2.4,4.9,-2.5,-0.84,-0.35,0,2,0,0,0,21,7,58.3
145,Francisco Contreras,mx MEX,"DF,MF",Tijuana,25,1999,14,7,656,7.3,0,0,0,0,0,0,0,0,0.1,0.1,0.8,1.0,14,35,20,0.00,0.00,0.00,0.00,0.00,0.02,0.12,0.14,0.02,0.14,Matches,3,1,33.3,0.41,0.14,0.00,0.00,27.2,0,0.05,-0.1,-0.1,410,476,86.1,7354,2480,175,193,90.7,182,207,87.9,45,62,72.6,0.4,-0.8,7,36,4,2,416,60,0,5,7,54,0,0,0,0,0,6,15,2.06,13,0,2,0,0,0,0.00,0,0,0,0,0,29,21,14,13,2,16,66.7,8,9,13,42,15,0,577,17,7,3,33.3,6,66.7,337,3,8,4,368,47,21.4,66,2,7,28,11,1.57,6,11,-5,-0.69,-0.61,9.7,14.1,-4.4,-0.61,-0.29,0,8,0,0,0,30,7,38.9
196,Francisco Eduardo Venegas,mx MEX,DF,Querétaro,26,1998,26,24,1937,21.5,2,2,4,2,0,0,8,1,1.6,1.5,2.2,3.7,29,79,37,0.09,0.09,0.19,0.09,0.19,0.08,0.10,0.18,0.07,0.17,Matches,29,9,31.0,1.35,0.42,0.07,0.22,23.0,2,0.05,+0.4,+0.5,658,875,75.2,12931,6290,271,317,85.5,270,328,82.3,104,195,53.3,2.1,-0.2,16,71,17,4,721,151,3,16,30,113,7,1,6,0,3,12,44,2.04,32,3,1,0,2,2,0.09,2,0,0,0,0,46,28,26,16,4,23,48.9,24,11,18,64,72,0,1079,73,25,1,12.5,7,87.5,496,3,6,5,597,75,63.3,79,13,2,17,0,0.96,16,32,-16,-0.74,-0.02,15.8,36.5,-20.7,-0.96,-0.51,1,35,0,0,0,82,16,47.1
242,Francisco García,mx MEX,FW,América,20,2003,1,0,21,0.2,0,0,0,0,0,0,0,0,0.1,0.1,0.0,0.1,0,0,2,0.00,0.00,0.00,0.00,0.00,0.25,0.00,0.25,0.25,0.25,Matches,1,1,100.0,4.29,4.29,0.00,0.00,16.0,0,0.06,-0.1,-0.1,1,2,50.0,19,0,0,0,,1,1,100.0,0,0,,0.0,0.0,0,0,0,0,1,0,0,0,0,0,0,0,0,0,1,0,0,0.00,0,0,0,0,0,0,0.00,0,0,0,0,0,0,0,0,0,0,0,,0,0,0,0,0,0,6,0,1,0,,0,,5,0,1,0,5,21,0.7,,0,1,21,1,3.00,0,0,0,0.00,-0.89,0.9,0.0,+0.9,+3.87,+3.03,0,0,0,0,0,0,0,
436,Francisco Nevarez,mx MEX,"DF,MF",FC Juárez,23,2000,8,1,140,1.6,0,0,0,0,0,0,0,0,0.1,0.1,0.0,0.1,0,4,2,0.00,0.00,0.00,0.00,0.00,0.03,0.02,0.05,0.03,0.05,Matches,2,0,0.0,1.29,0.00,0.00,,24.8,0,0.03,-0.1,-0.1,48,67,71.6,893,374,23,24,95.8,16,25,64.0,8,11,72.7,0.0,0.0,1,5,1,1,52,15,0,1,3,14,0,0,0,0,0,5,4,2.54,4,0,0,0,0,0,0.00,0,0,0,0,0,11,4,6,5,0,5,71.4,2,3,2,13,8,0,100,7,0,1,100.0,0,0.0,38,1,4,1,39,18,4.6,45,0,7,14,9,1.56,0,2,-2,-1.29,-0.76,1.6,3.0,-1.4,-0.89,-0.38,0,6,0,0,0,9,2,50.0
574,Francisco Sebastián Córdova,mx MEX,"FW,MF",UANL,27,1997,31,17,1435,15.9,2,4,6,2,0,0,2,0,3.9,3.9,3.3,7.2,28,89,146,0.13,0.25,0.38,0.13,0.38,0.24,0.21,0.45,0.24,0.45,Matches,33,11,33.3,2.07,0.69,0.06,0.18,16.7,2,0.12,-1.9,-1.9,410,606,67.7,6810,2471,210,249,84.3,139,207,67.1,45,102,44.1,2.9,+0.7,34,59,28,7,513,90,5,3,96,7,56,25,21,0,3,17,58,3.64,36,14,2,2,1,7,0.44,3,1,0,1,1,29,15,10,15,4,12,44.4,15,13,8,37,6,0,833,10,64,19,40.4,27,57.4,470,8,65,38,567,46,46.9,69,2,14,18,3,1.76,25,12,+13,+0.82,+0.43,22.0,14.5,+7.5,+0.47,+0.14,0,32,1,0,0,63,19,35.8
605,Francisco Valenzuela,mx MEX,MF,Monterrey,17,2007,1,0,45,0.5,0,0,0,0,0,0,0,0,0.0,0.0,0.2,0.2,3,1,2,0.00,0.00,0.00,0.00,0.00,0.00,0.34,0.34,0.00,0.34,Matches,0,0,,0.00,0.00,,,,0,,0.0,0.0,10,12,83.3,203,60,6,7,85.7,2,2,100.0,2,2,100.0,0.1,-0.2,1,1,1,0,12,0,0,0,1,0,0,0,0,0,0,1,4,8.00,2,0,1,1,0,1,2.00,0,0,0,1,0,2,1,1,0,1,1,100.0,0,0,0,2,1,0,15,0,1,1,100.0,0,0.0,7,0,0,1,11,45,1.5,,0,1,45,6,3.00,1,2,-1,-2.00,-2.51,0.6,0.2,+0.3,+0.69,+0.29,0,2,0,0,0,1,0,
92,Franck Boli,ci CIV,FW,Atlético,30,1993,14,9,813,9.0,4,0,4,3,1,1,1,0,5.5,4.7,0.2,4.9,16,12,50,0.44,0.00,0.44,0.33,0.33,0.61,0.03,0.63,0.52,0.54,Matches,34,12,35.3,3.76,1.33,0.09,0.25,14.6,0,0.14,-1.5,-1.7,102,124,82.3,1667,256,50,60,83.3,48,55,87.3,3,4,75.0,0.1,-0.2,5,6,2,0,103,21,0,0,0,0,0,0,0,0,0,3,17,1.88,7,2,4,0,0,3,0.33,1,0,0,0,0,6,1,1,3,2,2,40.0,3,2,3,9,6,0,243,6,56,6,21.4,21,75.0,156,14,28,19,189,58,26.6,79,1,5,20,0,1.71,12,14,-2,-0.22,-0.10,10.3,12.5,-2.2,-0.24,+0.09,0,4,0,0,0,33,10,37.0
209,Franco Fagúndez,uy URU,"MF,FW",Santos,24,2000,18,7,820,9.1,2,1,3,2,0,0,6,0,1.4,1.4,2.7,4.0,14,48,28,0.22,0.11,0.33,0.22,0.33,0.15,0.29,0.44,0.15,0.44,Matches,35,10,28.6,3.84,1.10,0.06,0.20,30.6,22,0.04,+0.6,+0.6,403,548,73.5,7626,2509,189,214,88.3,139,173,80.3,67,135,49.6,2.8,-1.7,31,47,8,1,457,90,1,11,77,7,54,31,21,0,1,7,57,6.25,26,20,2,5,0,2,0.22,0,1,1,0,0,28,18,9,12,7,14,43.8,18,12,4,32,18,0,685,20,9,15,42.9,20,57.1,386,2,18,16,451,46,26.8,81,4,11,23,5,0.61,9,21,-12,-1.32,-0.23,11.3,14.6,-3.2,-0.36,+0.60,0,13,0,0,0,48,10,50.0
425,Franco Moyano,ar ARG,MF,Puebla,26,1997,15,14,1239,13.8,0,0,0,0,0,0,4,0,0.1,0.1,0.5,0.6,6,55,10,0.00,0.00,0.00,0.00,0.00,0.01,0.03,0.04,0.01,0.04,Matches,6,1,16.7,0.44,0.07,0.00,0.00,31.4,0,0.02,-0.1,-0.1,553,638,86.7,10139,2539,233,255,91.4,238,259,91.9,71,95,74.7,0.9,-0.5,11,42,4,0,582,55,0,4,24,0,20,8,8,0,1,12,24,1.74,15,9,0,0,0,0,0.00,0,0,0,0,0,17,12,4,10,3,8,36.4,14,3,19,36,17,0,730,12,0,5,55.6,4,44.4,332,0,7,4,439,83,40.5,86,11,1,35,0,0.53,8,21,-13,-0.94,-0.25,12.7,19.0,-6.3,-0.45,-0.06,0,10,0,0,0,68,7,43.8
537,Franco Romero,ar ARG,MF,Toluca,24,2000,13,10,835,9.3,0,0,0,0,0,0,3,0,0.1,0.1,0.1,0.1,4,44,5,0.00,0.00,0.00,0.00,0.00,0.01,0.01,0.01,0.01,0.01,Matches,3,1,33.3,0.32,0.11,0.00,0.00,32.2,0,0.02,-0.1,-0.1,519,572,90.7,8552,2212,265,277,95.7,209,225,92.9,35,46,76.1,0.3,-0.1,5,48,6,0,559,11,0,1,1,0,0,0,0,0,2,11,13,1.40,12,0,0,0,0,1,0.11,1,0,0,0,0,25,12,13,11,1,17,65.4,9,5,14,39,11,0,655,18,1,6,54.5,4,36.4,381,1,4,8,464,64,27.3,76,2,3,26,0,2.00,20,10,+10,+1.08,-0.18,15.0,7.8,+7.3,+0.78,+0.41,0,7,0,0,0,45,3,37.5
545,Franco Rossano,mx MEX,DF,América,19,2005,5,2,203,2.3,0,0,0,0,0,0,0,0,0.0,0.0,0.1,0.1,5,7,14,0.00,0.00,0.00,0.00,0.00,0.01,0.03,0.04,0.01,0.04,Matches,1,0,0.0,0.44,0.00,0.00,,14.5,0,0.03,0.0,0.0,78,99,78.8,1214,409,39,49,79.6,32,39,82.1,4,6,66.7,0.0,-0.1,2,6,1,0,81,18,0,0,4,18,0,0,0,0,0,2,1,0.44,1,0,0,0,0,0,0.00,0,0,0,0,0,1,1,0,1,0,1,50.0,1,1,4,5,3,0,120,1,2,3,75.0,1,25.0,78,1,6,2,67,41,6.6,90,2,3,8,3,2.00,2,2,0,0.00,-0.95,5.4,2.1,+3.3,+1.48,+0.66,0,4,0,0,0,12,1,20.0
553,Franco Russo,ar ARG,DF,Querétaro,29,1994,27,27,2382,26.5,2,0,2,2,0,0,4,2,1.2,1.2,0.4,1.6,11,66,10,0.08,0.00,0.08,0.08,0.08,0.04,0.01,0.06,0.04,0.06,Matches,10,4,40.0,0.38,0.15,0.20,0.50,15.9,0,0.12,+0.8,+0.8,970,1138,85.2,20879,8647,228,256,89.1,601,640,93.9,136,214,63.6,0.8,-0.4,7,66,4,0,1075,60,1,10,3,9,0,0,0,0,3,11,26,0.98,23,1,0,0,2,1,0.04,1,0,0,0,0,60,32,43,14,3,35,64.8,19,10,50,110,178,4,1525,269,21,13,59.1,8,36.4,754,1,19,8,841,88,77.8,88,25,0,,2,0.96,23,42,-19,-0.72,+0.08,22.1,39.1,-17.0,-0.64,+0.60,0,30,0,2,0,137,44,51.8
95,Frank Boya,cm CMR,MF,Tijuana,28,1996,10,10,740,8.2,2,0,2,2,0,0,5,0,0.5,0.5,0.3,0.7,5,23,9,0.24,0.00,0.24,0.24,0.24,0.05,0.03,0.09,0.05,0.09,Matches,12,5,41.7,1.46,0.61,0.17,0.40,25.9,0,0.04,+1.5,+1.5,255,319,79.9,4488,1356,105,134,78.4,128,143,89.5,17,28,60.7,0.8,-0.3,3,24,3,0,307,12,1,0,1,1,0,0,0,0,0,4,9,1.09,7,0,1,0,0,2,0.24,1,0,1,0,0,11,7,3,8,0,4,66.7,2,9,15,26,17,0,417,17,15,5,83.3,1,16.7,195,1,9,4,250,74,24.2,74,4,0,,0,1.50,18,15,+3,+0.36,+0.75,9.6,13.1,-3.5,-0.43,-0.06,0,19,0,0,0,38,22,64.7
37,Frankie Amaya,us USA,MF,Toluca,23,2000,14,2,360,4.0,0,2,2,0,0,0,1,0,0.2,0.2,1.0,1.2,8,22,12,0.00,0.50,0.50,0.00,0.50,0.04,0.25,0.30,0.04,0.30,Matches,7,2,28.6,1.75,0.50,0.00,0.00,27.2,0,0.03,-0.2,-0.2,165,188,87.8,3159,910,56,62,90.3,81,85,95.3,23,32,71.9,1.1,+1.0,8,22,6,2,184,4,1,2,4,0,0,0,0,0,0,3,15,3.79,12,1,0,1,0,3,0.76,2,0,0,0,0,15,9,3,11,1,9,60.0,6,3,10,25,9,0,245,8,4,0,0.0,3,100.0,136,1,4,2,161,26,11.8,62,0,12,20,17,1.73,11,6,+5,+1.25,+0.05,7.2,5.2,+2.0,+0.50,+0.01,0,4,0,0,0,12,4,57.1
213,Gabriel Fernández,uy URU,FW,Cruz Azul,30,1994,18,6,688,7.6,4,1,5,4,0,0,1,0,3.9,3.9,0.9,4.8,16,10,35,0.52,0.13,0.65,0.52,0.65,0.52,0.11,0.63,0.52,0.63,Matches,27,7,25.9,3.53,0.92,0.15,0.57,14.3,0,0.15,+0.1,+0.1,80,136,58.8,1163,316,44,61,72.1,23,43,53.5,7,9,77.8,0.9,+0.1,10,11,4,1,123,12,0,0,12,3,0,0,0,0,1,10,21,2.75,14,0,1,2,0,2,0.26,1,0,0,0,0,8,2,2,5,1,2,40.0,3,3,1,9,5,0,237,10,36,7,58.3,4,33.3,132,4,36,8,170,38,22.5,76,2,12,20,2,1.86,13,8,+5,+0.65,-0.56,9.7,7.8,+1.9,+0.25,-0.59,0,12,0,0,0,9,16,47.1
,Gabriel López,,,,,,,,,,,,,,,,,,,,,,,,,,,,,,,,,,,,,,,,,,,,,,,,,,,,,,,,,,,,,,,,,,,,,,,,,,,,,,,,,,,,,,,,,,,,,,,,,,,,,,,,,,,,,,,,,,,,,,,,,,0,0,,2,,,,,,,,,,,,,,,,,,,
389,Gabriel Martínez,mx MEX,DF,Atlético,22,2002,3,0,14,0.2,0,1,1,0,0,0,0,0,0.0,0.0,0.0,0.0,1,0,0,0.00,6.43,6.43,0.00,6.43,0.00,0.11,0.11,0.00,0.11,Matches,0,0,,0.00,0.00,,,,0,,0.0,0.0,12,12,100.0,175,68,8,8,100.0,4,4,100.0,0,0,,0.0,+1.0,1,0,0,0,12,0,0,0,0,0,0,0,0,0,0,0,0,0.00,0,0,0,0,0,0,0.00,0,0,0,0,0,0,0,0,0,0,0,,0,0,1,1,1,0,15,2,1,0,,0,,6,0,0,0,10,5,0.5,,0,3,5,14,3.00,1,0,+1,+6.43,+6.61,0.1,0.0,+0.1,+0.62,+0.94,0,0,0,0,0,2,0,
12,Gaddi Aguirre,mx MEX,DF,Atlas,28,1996,22,12,1056,11.7,0,0,0,0,0,0,7,1,0.2,0.2,0.1,0.3,6,26,8,0.00,0.00,0.00,0.00,0.00,0.02,0.01,0.03,0.02,0.03,Matches,8,1,12.5,0.68,0.09,0.00,0.00,18.0,0,0.03,-0.2,-0.2,424,565,75.0,8398,3777,159,179,88.8,203,248,81.9,57,118,48.3,0.3,-0.1,1,21,2,1,456,108,0,3,6,84,0,0,0,0,1,10,8,0.68,6,1,0,0,0,0,0.00,0,0,0,0,0,18,13,12,6,0,10,38.5,16,6,27,45,65,0,722,94,10,1,25.0,3,75.0,311,0,8,1,356,48,34.5,74,7,10,17,11,1.29,13,22,-9,-0.77,-0.59,10.5,15.1,-4.5,-0.38,-0.53,1,25,0,0,0,43,33,68.8
243,Gael García,mx MEX,FW,Guadalajara,16,2008,1,0,1,0.0,0,0,0,0,0,0,0,0,0.0,0.0,0.0,0.0,1,0,1,0.00,0.00,0.00,0.00,0.00,0.00,0.00,0.00,0.00,0.00,Matches,0,0,,0.00,0.00,,,,0,,0.0,0.0,3,4,75.0,38,2,2,3,66.7,1,1,100.0,0,0,,0.0,0.0,0,0,0,0,4,0,0,0,0,0,0,0,0,0,0,0,0,0.00,0,0,0,0,0,0,0.00,0,0,0,0,0,0,0,0,0,0,0,,0,0,0,0,0,0,4,0,0,0,,0,,3,0,0,0,4,1,0.0,,0,1,1,1,0.00,0,0,0,0.00,-0.18,0.0,0.0,0.0,+1.34,+1.12,0,0,0,0,0,0,0,
32,Gael Álvarez,mx MEX,FW,Pachuca,18,2006,5,2,227,2.5,0,0,0,0,0,0,0,0,0.2,0.2,0.1,0.3,12,7,22,0.00,0.00,0.00,0.00,0.00,0.09,0.04,0.13,0.09,0.13,Matches,4,0,0.0,1.59,0.00,0.00,,19.0,0,0.06,-0.2,-0.2,61,84,72.6,858,193,37,42,88.1,20,25,80.0,3,8,37.5,0.1,-0.1,2,4,0,0,73,10,0,0,9,0,10,3,1,0,1,5,8,3.17,6,1,1,0,0,0,0.00,0,0,0,0,0,7,5,5,1,1,3,30.0,7,5,1,8,1,0,129,2,9,4,28.6,9,64.3,78,6,11,4,83,45,7.4,74,0,3,27,1,1.00,3,2,+1,+0.40,+0.52,3.0,1.6,+1.4,+0.56,+0.34,0,2,0,0,0,15,0,0.0
,Geonathan Barrera,,,,,,,,,,,,,,,,,,,,,,,,,,,,,,,,,,,,,,,,,,,,,,,,,,,,,,,,,,,,,,,,,,,,,,,,,,,,,,,,,,,,,,,,,,,,,,,,,,,,,,,,,,,,,,,,,,,,,,,,,,0,0,,2,,,,,,,,,,,,,,,,,,,
61,Gerardo Arteaga,mx MEX,DF,Monterrey,25,1998,30,25,2295,25.5,1,1,2,1,0,0,3,0,0.9,0.9,2.0,2.9,46,133,158,0.04,0.04,0.08,0.04,0.08,0.04,0.08,0.11,0.04,0.11,Matches,17,4,23.5,0.67,0.16,0.06,0.25,19.2,0,0.05,+0.1,+0.1,1092,1283,85.1,17138,6518,611,657,93.0,402,476,84.5,63,107,58.9,2.5,-1.0,26,106,25,15,1068,214,0,6,56,200,0,0,0,0,1,22,52,2.04,44,3,1,2,2,5,0.20,5,0,0,0,0,45,33,26,14,5,27,64.3,15,21,27,72,48,0,1553,55,39,17,35.4,28,58.3,862,6,51,19,981,77,75.0,88,22,5,20,0,1.65,48,28,+20,+0.78,+1.25,40.6,25.8,+14.8,+0.58,+0.69,0,14,0,0,0,86,26,70.3
86,Germán Berterame,mx MEX,FW,Monterrey,25,1998,28,28,2336,26.0,13,0,13,13,0,0,4,2,14.6,14.5,2.4,16.9,34,45,138,0.50,0.00,0.50,0.50,0.50,0.56,0.09,0.66,0.56,0.65,Matches,81,39,48.1,3.12,1.50,0.16,0.33,13.8,0,0.18,-1.6,-1.5,400,527,75.9,5695,1059,235,295,79.7,118,138,85.5,22,33,66.7,1.3,-2.4,27,30,12,0,468,52,2,1,7,4,0,0,0,0,7,19,64,2.46,51,0,2,3,0,5,0.19,2,0,0,1,0,22,13,3,16,3,6,50.0,6,12,8,30,11,0,776,14,130,11,44.0,13,52.0,454,12,57,19,539,83,76.3,83,12,0,,1,1.71,47,30,+17,+0.65,+0.78,47.5,30.2,+17.2,+0.66,+1.08,0,15,1,0,0,55,29,38.7
17,Gil Alcalá,mx MEX,GK,UNAM,32,1992,4,4,360,4.0,0,0,0,0,0,0,0,0,0.0,0.0,0.0,0.0,0,0,0,0.00,0.00,0.00,0.00,0.00,0.00,0.00,0.00,0.00,0.00,Matches,0,0,,0.00,0.00,,,,0,,0.0,0.0,124,147,84.4,3072,2281,27,27,100.0,66,66,100.0,30,53,56.6,0.0,0.0,0,2,0,0,124,23,0,0,0,0,0,0,0,0,0,0,0,0.00,0,0,0,0,0,0,0.00,0,0,0,0,0,1,0,1,0,0,1,50.0,1,0,0,1,3,0,155,132,0,0,,0,,101,0,0,0,67,90,11.8,90,4,0,,13,1.75,3,2,+1,+0.25,+0.12,4.8,1.9,+3.0,+0.74,+0.41,0,0,0,0,0,13,1,100.0
7,Gilberto Adame,mx MEX,"DF,MF",Mazatlán,19,2004,12,3,417,4.6,0,0,0,0,0,0,0,0,0.2,0.2,0.2,0.5,17,13,33,0.00,0.00,0.00,0.00,0.00,0.05,0.05,0.10,0.05,0.10,Matches,5,1,20.0,1.08,0.22,0.00,0.00,24.9,0,0.05,-0.2,-0.2,96,147,65.3,1562,571,50,65,76.9,38,49,77.6,7,22,31.8,0.4,-0.2,5,10,5,3,126,21,0,0,23,19,2,0,2,0,0,9,9,1.94,5,2,1,1,0,0,0.00,0,0,0,0,0,8,7,6,2,0,3,50.0,3,5,0,8,15,0,214,14,8,5,45.5,6,54.5,111,3,17,7,124,35,13.6,69,1,9,23,4,1.08,5,8,-3,-0.65,-0.10,3.8,6.8,-3.0,-0.64,-0.48,0,4,0,0,0,19,3,60.0
416,Gilberto Mora,mx MEX,"MF,FW",Tijuana,15,2008,27,11,1355,15.1,2,1,3,2,0,0,1,0,2.0,2.0,1.5,3.5,55,80,118,0.13,0.07,0.20,0.13,0.20,0.13,0.10,0.23,0.13,0.23,Matches,27,8,29.6,1.79,0.53,0.07,0.25,18.0,1,0.08,0.0,0.0,647,752,86.0,9211,2116,377,413,91.3,200,231,86.6,33,44,75.0,1.7,-0.5,24,62,14,3,693,56,0,3,25,13,20,3,4,0,3,17,59,3.91,46,5,3,2,0,8,0.53,5,0,1,1,0,10,8,2,6,2,7,46.7,8,8,8,18,4,0,892,5,55,27,57.4,19,40.4,621,13,36,25,694,50,44.3,77,5,16,32,2,1.47,24,31,-7,-0.46,-0.46,20.5,24.3,-3.8,-0.25,+0.23,0,7,1,0,0,54,0,0.0
576,Gilberto Sepúlveda,mx MEX,DF,Guadalajara,25,1999,25,25,2228,24.8,2,0,2,2,0,0,3,0,1.4,1.4,0.5,1.9,11,67,3,0.08,0.00,0.08,0.08,0.08,0.06,0.02,0.08,0.06,0.08,Matches,7,3,42.9,0.28,0.12,0.29,0.67,7.8,0,0.20,+0.6,+0.6,1049,1211,86.6,21958,8241,288,310,92.9,621,669,92.8,139,212,65.6,0.3,-0.5,6,66,0,0,1148,60,0,11,1,9,0,0,0,0,3,10,12,0.48,12,0,0,0,0,0,0.00,0,0,0,0,0,32,23,19,13,0,16,76.2,5,4,28,60,85,2,1419,153,11,1,33.3,2,66.7,850,0,14,5,937,89,72.8,89,24,0,,1,1.40,34,29,+5,+0.20,+0.09,30.8,25.5,+5.4,+0.22,0.00,0,28,0,1,0,95,32,56.1
254,Giorgos Giakoumakis,gr GRE,FW,Cruz Azul,29,1994,26,16,1333,14.8,8,7,15,8,0,0,8,0,5.8,5.8,2.2,8.0,13,17,74,0.54,0.47,1.01,0.54,1.01,0.39,0.15,0.54,0.39,0.54,Matches,55,16,29.1,3.71,1.08,0.15,0.50,14.3,0,0.11,+2.2,+2.2,162,218,74.3,2158,293,90,113,79.6,49,65,75.4,6,11,54.5,1.6,+4.8,18,4,7,0,202,16,1,0,2,0,0,0,0,0,0,5,32,2.16,18,0,2,5,1,6,0.41,5,0,0,1,0,12,8,2,6,4,4,44.4,5,11,4,16,8,0,374,9,76,11,68.8,4,25.0,226,8,35,21,303,51,43.6,69,2,10,24,0,2.00,33,13,+20,+1.35,+0.46,25.5,13.2,+12.3,+0.83,+0.22,0,32,1,0,0,17,30,52.6
432,Gonzalo Nápoli,uy URU,"MF,FW",León,24,2000,3,0,10,0.1,0,0,0,0,0,0,0,0,0.0,0.0,0.0,0.0,0,3,0,0.00,0.00,0.00,0.00,0.00,0.00,0.32,0.32,0.00,0.32,Matches,0,0,,0.00,0.00,,,,0,,0.0,0.0,14,21,66.7,229,87,7,8,87.5,6,9,66.7,1,3,33.3,0.1,0.0,1,1,1,1,18,3,0,0,2,2,1,0,1,0,0,0,1,8.18,1,0,0,0,0,0,0.00,0,0,0,0,0,2,1,0,2,0,0,,0,0,0,2,0,0,24,0,0,0,0.0,1,100.0,11,0,0,0,16,3,0.3,,0,3,3,1,0.33,0,0,0,0.00,-0.03,0.1,0.8,-0.7,-5.63,-5.50,0,0,0,0,0,0,0,
482,Gonzalo Piovi,ar ARG,DF,Cruz Azul,29,1994,27,26,2304,25.6,0,3,3,0,0,0,10,2,1.3,1.3,0.8,2.2,33,170,36,0.00,0.12,0.12,0.00,0.12,0.05,0.03,0.08,0.05,0.08,Matches,36,3,8.3,1.41,0.12,0.00,0.00,25.0,2,0.04,-1.3,-1.3,1566,1837,85.2,34233,12547,446,477,93.5,773,856,90.3,319,448,71.2,1.4,+2.2,15,164,23,3,1723,112,3,54,31,40,0,0,0,0,2,17,54,2.11,45,0,1,0,3,7,0.27,6,0,0,0,0,77,53,46,29,2,50,64.9,27,18,48,125,91,3,2158,212,28,7,53.8,6,46.2,1257,1,14,7,1469,85,75.3,87,22,1,46,1,2.00,50,18,+32,+1.25,+0.65,41.9,21.1,+20.8,+0.81,+0.42,0,24,0,1,0,123,24,43.6
483,Guido Pizarro,ar ARG,"DF,MF",UANL,34,1990,24,24,2159,24.0,2,0,2,2,0,0,4,1,1.6,1.6,0.8,2.4,21,97,20,0.08,0.00,0.08,0.08,0.08,0.07,0.03,0.10,0.07,0.10,Matches,21,8,38.1,0.88,0.33,0.10,0.25,17.9,0,0.08,+0.4,+0.4,1180,1351,87.3,20951,7275,494,536,92.2,580,637,91.1,85,143,59.4,0.8,-0.8,9,106,5,2,1274,73,0,6,6,5,0,0,0,0,4,9,24,1.00,22,0,0,0,0,0,0.00,0,0,0,0,0,54,32,21,31,2,23,51.1,22,24,18,72,52,0,1588,141,21,4,33.3,8,66.7,878,1,17,8,1085,90,70.6,90,23,0,,0,1.73,34,23,+11,+0.46,-0.44,36.1,26.2,+9.9,+0.41,+0.07,0,15,0,0,0,91,35,50.7
123,Guilherme Carvalho,br BRA,MF,FC Juárez,24,1999,27,25,2175,24.2,5,4,9,5,0,0,5,0,2.6,2.6,4.1,6.6,30,103,68,0.21,0.17,0.37,0.21,0.37,0.11,0.17,0.27,0.11,0.27,Matches,40,16,40.0,1.66,0.66,0.13,0.31,24.6,10,0.06,+2.4,+2.4,721,1017,70.9,13324,4192,304,372,81.7,291,369,78.9,101,209,48.3,4.0,-0.1,41,73,12,5,848,163,1,13,141,17,90,47,36,1,6,25,79,3.27,38,32,1,4,2,8,0.33,2,5,0,1,0,39,21,18,19,2,13,26.5,36,25,29,68,36,0,1283,56,34,6,20.0,21,70.0,577,5,40,26,752,81,71.1,84,16,2,38,0,1.43,28,34,-6,-0.25,+1.07,23.9,36.0,-12.1,-0.50,+0.08,0,41,0,0,0,107,8,27.6
21,Guillermo Allison,mx MEX,GK,Querétaro,33,1990,25,25,2250,25.0,0,0,0,0,0,0,4,0,0.0,0.0,0.0,0.0,0,0,0,0.00,0.00,0.00,0.00,0.00,0.00,0.00,0.00,0.00,0.00,Matches,0,0,,0.00,0.00,,,,0,,0.0,0.0,445,744,59.8,15037,11969,77,77,100.0,168,173,97.1,198,487,40.7,0.0,0.0,0,15,0,0,412,328,0,2,0,1,0,0,0,0,4,1,4,0.16,3,1,0,0,0,1,0.04,1,0,0,0,0,1,1,1,0,0,1,50.0,1,1,0,1,15,3,822,701,0,0,0.0,0,0.0,367,0,0,2,231,90,73.5,90,25,0,,9,0.88,23,42,-19,-0.76,-0.09,19.7,41.0,-21.3,-0.85,-0.29,0,2,0,2,0,40,7,87.5
388,Guillermo Martínez Ayala,mx MEX,FW,UNAM,29,1995,29,18,1671,18.6,8,2,10,5,3,3,6,0,7.3,5.0,1.9,6.8,8,36,84,0.43,0.11,0.54,0.27,0.38,0.39,0.10,0.49,0.27,0.37,Matches,56,18,32.1,3.02,0.97,0.09,0.28,15.2,0,0.09,+0.7,0.0,213,298,71.5,3363,737,113,153,73.9,72,92,78.3,16,22,72.7,0.7,+0.1,15,31,5,0,272,24,0,6,4,3,0,0,0,0,2,8,31,1.67,22,0,1,2,0,3,0.16,3,0,0,0,0,9,6,1,6,2,3,37.5,5,6,3,12,6,0,479,7,84,7,50.0,7,50.0,245,4,56,22,361,58,54.6,74,5,11,30,0,1.56,26,17,+9,+0.48,+0.74,26.6,17.3,+9.3,+0.50,+0.27,0,27,0,0,0,20,62,60.2
427,Guillermo Muñoz,mx MEX,"DF,FW",Santos,19,2004,10,2,335,3.7,0,0,0,0,0,0,0,0,0.5,0.5,0.9,1.4,10,8,30,0.00,0.00,0.00,0.00,0.00,0.13,0.24,0.37,0.13,0.37,Matches,9,3,33.3,2.42,0.81,0.00,0.00,15.7,0,0.05,-0.5,-0.5,94,140,67.1,1240,465,58,71,81.7,29,39,74.4,3,20,15.0,0.7,-0.9,4,3,3,1,125,15,0,1,15,13,1,0,0,0,0,4,11,2.95,7,1,2,0,0,0,0.00,0,0,0,0,0,13,11,7,4,2,7,38.9,11,2,5,18,9,1,207,6,21,7,38.9,10,55.6,122,4,7,7,126,34,10.9,55,0,8,28,7,0.10,3,10,-7,-1.88,-0.82,5.3,7.4,-2.1,-0.56,+0.27,0,4,0,0,0,13,4,40.0
101,Gustavo Cabral,ar ARG,DF,Pachuca,38,1985,14,13,1093,12.1,0,0,0,0,0,0,3,1,0.2,0.2,0.0,0.2,5,40,2,0.00,0.00,0.00,0.00,0.00,0.02,0.00,0.02,0.02,0.02,Matches,5,0,0.0,0.41,0.00,0.00,,12.4,0,0.05,-0.2,-0.2,469,531,88.3,9325,3426,131,144,91.0,283,300,94.3,49,78,62.8,0.1,0.0,0,28,0,0,508,22,0,0,0,0,0,0,0,0,1,2,3,0.25,3,0,0,0,0,0,0.00,0,0,0,0,0,12,8,6,6,0,10,55.6,8,10,24,36,52,0,659,67,9,0,0.0,2,66.7,366,0,7,5,372,78,35.7,83,10,1,19,6,1.07,21,23,-2,-0.16,-0.12,16.0,14.4,+1.5,+0.13,-0.20,0,6,0,0,0,59,33,61.1
163,Gustavo Del Prete,ar ARG,"MF,FW",Atlas,28,1996,14,7,562,6.2,1,1,2,1,0,0,0,0,0.5,0.5,0.6,1.1,3,20,27,0.16,0.16,0.32,0.16,0.32,0.08,0.10,0.18,0.08,0.18,Matches,9,2,22.2,1.44,0.32,0.11,0.50,21.2,1,0.06,+0.5,+0.5,132,193,68.4,2404,811,56,71,78.9,48,70,68.6,21,38,55.3,1.0,+0.4,13,17,9,1,160,33,0,0,29,3,18,9,8,0,0,5,20,3.21,11,5,0,3,0,1,0.16,0,1,0,0,0,11,8,2,9,0,3,50.0,3,11,5,16,0,0,275,0,13,8,36.4,14,63.6,148,1,14,12,177,40,18.4,57,0,7,24,1,1.14,9,10,-1,-0.16,+0.27,5.5,7.4,-2.0,-0.32,-0.34,0,8,0,0,0,25,3,33.3
164,Gustavo Del Prete,ar ARG,"MF,FW",Mazatlán,28,1996,3,3,230,2.6,1,0,1,1,0,0,1,0,1.1,0.3,0.2,0.5,5,17,8,0.39,0.00,0.39,0.39,0.39,0.42,0.09,0.51,0.11,0.20,Matches,9,2,22.2,1.44,0.32,0.11,0.50,21.2,1,0.06,+0.5,+0.5,132,193,68.4,2404,811,56,71,78.9,48,70,68.6,21,38,55.3,1.0,+0.4,13,17,9,1,160,33,0,0,29,3,18,9,8,0,0,5,20,3.21,11,5,0,3,0,1,0.16,0,1,0,0,0,11,8,2,9,0,3,50.0,3,11,5,16,0,0,275,0,13,8,36.4,14,63.6,148,1,14,12,177,40,18.4,57,0,7,24,1,1.14,9,10,-1,-0.16,+0.27,5.5,7.4,-2.0,-0.32,-0.34,0,8,0,0,0,25,3,33.3
216,Gustavo Ferrareis,br BRA,"DF,MF",Puebla,28,1996,29,24,2087,23.2,2,0,2,2,0,0,8,0,1.0,1.0,1.6,2.6,38,56,73,0.09,0.00,0.09,0.09,0.09,0.04,0.07,0.11,0.04,0.11,Matches,24,9,37.5,1.03,0.39,0.08,0.22,25.5,0,0.04,+1.0,+1.0,657,877,74.9,10967,4572,331,381,86.9,246,322,76.4,57,113,50.4,1.4,-1.6,18,50,9,7,679,193,0,12,45,183,0,0,0,0,5,27,43,1.85,29,7,2,3,1,2,0.09,0,1,0,1,0,43,29,27,13,3,28,47.5,31,19,26,69,60,0,1151,72,25,18,48.6,19,51.4,471,7,31,15,557,72,68.2,83,12,5,18,1,0.69,19,39,-20,-0.86,-0.22,23.2,31.6,-8.4,-0.36,+0.16,0,32,1,0,0,112,18,51.4
452,Haret Ortega,mx MEX,"DF,MF",FC Juárez,24,2000,13,7,734,8.2,1,0,1,1,0,0,5,0,0.1,0.1,0.1,0.1,0,10,1,0.12,0.00,0.12,0.12,0.12,0.01,0.01,0.02,0.01,0.02,Matches,2,1,50.0,0.25,0.12,0.50,1.00,13.4,0,0.04,+0.9,+0.9,244,300,81.3,5062,2105,73,79,92.4,138,159,86.8,31,55,56.4,0.4,-0.1,2,10,0,0,277,23,0,2,0,3,0,0,0,0,0,0,4,0.49,4,0,0,0,0,1,0.12,1,0,0,0,0,16,11,12,3,1,8,88.9,1,7,16,32,46,2,401,68,7,0,0.0,3,100.0,176,0,4,2,217,56,24.0,90,7,6,17,13,1.00,10,13,-3,-0.37,+0.25,8.6,11.4,-2.8,-0.35,+0.23,0,13,0,1,0,14,28,82.4
299,Helinho,br BRA,"FW,MF",Toluca,24,2000,19,7,731,8.1,3,0,3,3,0,0,1,0,1.4,1.4,0.8,2.2,36,38,74,0.37,0.00,0.37,0.37,0.37,0.17,0.10,0.27,0.17,0.27,Matches,29,13,44.8,3.57,1.60,0.10,0.23,22.7,2,0.05,+1.6,+1.6,233,328,71.0,3901,989,104,127,81.9,98,124,79.0,21,43,48.8,1.0,-0.8,12,26,9,1,300,26,1,2,30,3,17,6,7,0,2,16,29,3.57,20,2,3,3,1,1,0.12,1,0,0,0,0,11,8,6,3,2,6,46.2,7,6,6,17,3,0,465,3,31,24,47.1,27,52.9,298,10,21,10,339,38,23.9,70,1,12,20,2,1.83,13,11,+2,+0.25,-1.26,9.5,9.1,+0.4,+0.05,-0.57,0,7,0,0,0,40,5,38.5
387,Henry Martín,mx MEX,FW,América,31,1992,24,18,1674,18.6,9,9,18,9,0,0,0,0,8.0,8.0,4.6,12.6,17,43,77,0.48,0.48,0.97,0.48,0.97,0.43,0.25,0.68,0.43,0.68,Matches,28,15,53.6,1.51,0.81,0.32,0.60,10.3,0,0.29,+1.0,+1.0,322,462,69.7,4291,882,192,255,75.3,105,132,79.5,6,13,46.2,2.9,+4.4,31,25,11,0,425,36,2,1,3,1,0,0,0,0,1,29,58,3.11,44,0,3,7,0,12,0.64,10,0,1,0,0,20,8,2,14,4,3,30.0,7,14,1,21,16,0,646,19,85,7,53.8,6,46.2,389,11,58,34,504,70,54.7,83,9,6,30,0,1.69,35,23,+12,+0.65,-0.52,30.0,14.9,+15.1,+0.81,-0.12,0,17,0,0,0,37,41,43.2
339,Heriberto Jurado,mx MEX,"DF,FW",Necaxa,19,2005,16,12,941,10.5,0,0,0,0,0,0,0,0,0.3,0.3,1.7,2.0,25,17,54,0.00,0.00,0.00,0.00,0.00,0.03,0.16,0.19,0.03,0.19,Matches,9,2,22.2,0.86,0.19,0.00,0.00,20.3,0,0.04,-0.3,-0.3,198,269,73.6,3143,847,110,130,84.6,66,83,79.5,18,37,48.6,1.6,-1.7,15,12,13,9,235,33,0,1,47,24,6,3,2,0,1,11,31,2.96,21,3,2,1,2,2,0.19,0,2,0,0,0,20,18,12,7,1,6,42.9,8,10,10,30,15,0,384,16,18,15,53.6,13,46.4,197,8,17,15,220,59,30.8,70,3,4,27,1,0.88,13,16,-3,-0.29,-0.46,14.9,13.9,+1.0,+0.09,+0.27,0,11,0,0,0,40,3,21.4
109,Hugo Camberos,mx MEX,"FW,MF",Guadalajara,18,2006,15,10,871,9.7,1,1,2,1,0,0,0,0,1.1,1.1,1.0,2.2,38,18,63,0.10,0.10,0.21,0.10,0.21,0.12,0.11,0.22,0.12,0.22,Matches,22,7,31.8,2.27,0.72,0.05,0.14,21.1,0,0.05,-0.1,-0.1,213,298,71.5,3398,710,118,146,80.8,63,86,73.3,21,40,52.5,1.1,0.0,13,7,8,3,249,46,0,1,34,15,22,6,9,0,3,6,32,3.31,16,5,2,5,0,3,0.31,2,0,0,0,0,31,20,15,13,3,13,56.5,10,15,8,39,5,0,445,7,24,18,45.0,21,52.5,264,13,24,13,276,58,28.5,73,0,5,28,2,1.27,12,13,-1,-0.10,-0.39,11.9,7.9,+4.0,+0.42,+0.28,0,9,1,0,1,29,9,47.4
269,Hugo González Durán,mx MEX,GK,Mazatlán,33,1990,34,34,3015,33.5,0,0,0,0,0,0,5,0,0.0,0.0,0.1,0.1,0,1,0,0.00,0.00,0.00,0.00,0.00,0.00,0.00,0.00,0.00,0.00,Matches,0,0,,0.00,0.00,,,,0,,0.0,0.0,803,1115,72.0,24585,19298,106,107,99.1,360,365,98.6,331,635,52.1,0.0,-0.1,2,15,0,0,749,364,0,6,0,0,0,0,0,0,2,0,8,0.24,7,1,0,0,0,0,0.00,0,0,0,0,0,0,0,0,0,0,0,0.0,1,0,0,0,13,0,1189,998,0,2,100.0,0,0.0,609,0,0,0,495,89,98.5,89,33,0,,0,0.91,26,45,-19,-0.57,-0.57,36.2,43.3,-7.1,-0.21,+1.20,0,1,0,1,1,47,9,100.0
321,Hugo Isaác Rodríguez,mx MEX,DF,Santos,34,1990,2,1,76,0.8,0,0,0,0,0,0,1,0,0.0,0.0,0.0,0.0,0,0,0,0.00,0.00,0.00,0.00,0.00,0.00,0.00,0.00,0.00,0.00,Matches,0,0,,0.00,0.00,,,,0,,0.0,0.0,21,28,75.0,416,128,5,7,71.4,15,16,93.8,1,3,33.3,0.0,0.0,0,0,0,0,27,0,0,0,0,0,0,0,0,0,1,0,0,0.00,0,0,0,0,0,0,0.00,0,0,0,0,0,0,0,0,0,0,0,0.0,1,0,3,3,5,0,39,9,0,0,,0,,17,0,0,0,23,38,2.5,56,0,1,20,4,0.00,0,4,-4,-4.74,-3.68,0.9,3.6,-2.7,-3.22,-2.48,0,1,0,0,1,2,1,100.0
435,Hugo Nervo,ar ARG,DF,Atlas,33,1991,31,31,2777,30.9,0,0,0,0,0,0,3,0,0.4,0.4,0.6,1.0,5,65,3,0.00,0.00,0.00,0.00,0.00,0.01,0.02,0.03,0.01,0.03,Matches,7,2,28.6,0.23,0.06,0.00,0.00,13.6,0,0.06,-0.4,-0.4,1060,1289,82.2,20499,8733,357,399,89.5,582,649,89.7,108,214,50.5,0.7,-0.6,9,53,3,0,1175,112,0,4,2,30,0,0,0,0,2,10,16,0.52,13,2,0,0,1,2,0.06,1,1,0,0,0,20,11,14,5,1,15,51.7,14,19,55,75,166,0,1626,265,21,0,0.0,2,100.0,755,1,9,3,911,90,90.8,90,30,0,,3,1.24,40,52,-12,-0.39,-0.07,35.0,34.8,+0.2,+0.01,+0.50,0,18,0,0,1,58,64,55.7
119,Héctor Carranza,mx MEX,MF,Santos,20,2004,1,0,7,0.1,0,0,0,0,0,0,0,0,0.0,0.0,0.0,0.0,0,0,0,0.00,0.00,0.00,0.00,0.00,0.00,0.00,0.00,0.00,0.00,Matches,0,0,,0.00,0.00,,,,0,,0.0,0.0,4,5,80.0,31,8,3,4,75.0,0,0,,0,0,,0.0,0.0,0,1,0,0,5,0,0,0,0,0,0,0,0,0,0,0,2,25.71,1,0,0,1,0,0,0.00,0,0,0,0,0,1,0,1,0,0,0,,0,0,0,1,0,0,6,0,0,0,,0,,3,0,0,0,4,7,0.2,,0,1,7,0,0.00,1,1,0,0.00,+1.15,0.1,1.0,-0.9,-11.62,-10.84,0,1,0,0,0,0,0,0.0
311,Héctor Herrera,mx MEX,MF,Toluca,34,1990,12,5,462,5.1,0,2,2,0,0,0,2,0,0.1,0.1,0.5,0.6,6,39,7,0.00,0.39,0.39,0.00,0.39,0.02,0.10,0.13,0.02,0.13,Matches,4,0,0.0,0.78,0.00,0.00,,19.5,1,0.03,-0.1,-0.1,396,453,87.4,6484,2150,206,222,92.8,132,146,90.4,38,53,71.7,0.4,+1.5,8,43,4,0,423,29,0,1,5,0,1,0,0,0,1,8,13,2.54,11,1,0,0,0,3,0.59,1,1,0,0,0,13,8,6,6,1,3,50.0,3,3,12,25,3,0,514,10,5,3,42.9,4,57.1,306,1,16,8,365,39,15.1,71,1,7,15,1,2.18,19,7,+12,+2.34,+1.33,9.4,5.9,+3.4,+0.67,+0.22,0,8,0,0,0,33,1,25.0
313,Héctor Holguín,mx MEX,GK,Santos,23,2001,1,1,90,1.0,0,0,0,0,0,0,0,0,0.0,0.0,0.0,0.0,0,0,0,0.00,0.00,0.00,0.00,0.00,0.00,0.00,0.00,0.00,0.00,Matches,0,0,,0.00,0.00,,,,0,,0.0,0.0,39,46,84.8,750,471,13,13,100.0,21,21,100.0,5,12,41.7,0.0,0.0,0,0,0,0,35,11,0,0,0,0,0,0,0,0,0,0,0,0.00,0,0,0,0,0,0,0.00,0,0,0,0,0,0,0,0,0,0,0,,0,0,0,0,0,0,48,43,0,0,,0,,30,0,0,0,27,90,2.9,90,1,0,,27,0.00,0,1,-1,-1.00,+0.15,0.5,1.5,-1.0,-1.05,-0.26,0,0,0,0,0,2,0,
420,Héctor Moreno,mx MEX,DF,Monterrey,36,1988,18,14,1321,14.7,0,0,0,0,0,0,3,0,0.2,0.2,0.1,0.3,5,63,2,0.00,0.00,0.00,0.00,0.00,0.01,0.01,0.02,0.01,0.02,Matches,2,0,0.0,0.14,0.00,0.00,,9.1,0,0.09,-0.2,-0.2,820,898,91.3,15215,6447,308,316,97.5,429,459,93.5,77,112,68.8,0.2,-0.1,4,83,2,0,837,61,0,3,0,13,0,0,0,0,0,2,12,0.82,10,1,1,0,0,1,0.07,1,0,0,0,0,10,6,3,7,0,6,50.0,6,7,7,17,48,0,988,100,5,2,100.0,0,0.0,563,1,1,3,715,73,43.2,84,10,4,35,14,1.83,28,18,+10,+0.68,+0.37,24.3,18.6,+5.7,+0.39,-0.04,0,12,0,0,0,48,7,25.0
498,Héctor Ramírez,mx MEX,DF,UNAM,20,2004,2,2,114,1.3,0,1,1,0,0,0,0,0,0.0,0.0,0.1,0.1,2,3,1,0.00,0.79,0.79,0.00,0.79,0.00,0.06,0.06,0.00,0.06,Matches,0,0,,0.00,0.00,,,,0,,0.0,0.0,37,47,78.7,594,289,19,21,90.5,17,21,81.0,1,5,20.0,0.0,+0.9,1,3,0,0,33,14,0,0,0,14,0,0,0,0,0,0,1,0.79,0,1,0,0,0,1,0.79,0,1,0,0,0,3,1,2,1,0,0,0.0,4,2,2,5,2,0,61,2,1,0,,0,,19,0,1,0,21,57,3.7,57,0,0,,2,2.00,3,2,+1,+0.79,+0.67,1.9,1.6,+0.4,+0.28,-0.10,0,4,0,0,0,4,2,66.7
601,Héctor Uribe,mx MEX,FW,León,20,2004,4,0,44,0.5,0,0,0,0,0,0,0,0,0.0,0.0,0.0,0.0,2,1,8,0.00,0.00,0.00,0.00,0.00,0.07,0.00,0.07,0.07,0.07,Matches,1,0,0.0,2.05,0.00,0.00,,27.7,0,0.03,0.0,0.0,11,24,45.8,137,44,7,10,70.0,3,8,37.5,0,5,0.0,0.0,0.0,0,0,0,0,16,8,0,0,10,4,4,1,3,0,0,0,1,2.05,1,0,0,0,0,0,0.00,0,0,0,0,0,2,2,0,1,1,1,50.0,1,0,0,2,0,0,32,0,1,1,33.3,2,66.7,17,1,3,1,18,11,1.4,,0,4,11,1,0.75,0,2,-2,-4.09,-4.18,0.2,1.3,-1.0,-2.09,-1.97,0,1,0,0,0,3,0,0.0
176,Idekel Domínguez,mx MEX,DF,Atlas,24,2000,9,8,581,6.5,0,0,0,0,0,0,1,0,0.2,0.2,0.1,0.4,7,10,13,0.00,0.00,0.00,0.00,0.00,0.03,0.02,0.05,0.03,0.05,Matches,3,0,0.0,0.46,0.00,0.00,,21.1,0,0.08,-0.2,-0.2,150,222,67.6,2627,1001,73,90,81.1,51,80,63.8,20,35,57.1,0.3,-0.1,3,8,3,2,175,46,1,2,13,43,0,0,0,0,1,10,12,1.86,6,4,1,0,1,2,0.31,2,0,0,0,0,20,15,9,8,3,13,59.1,9,6,8,28,21,0,308,23,7,1,16.7,5,83.3,130,1,10,6,149,65,19.0,72,1,1,3,25,0.60,8,13,-5,-0.77,-0.48,5.5,7.3,-1.8,-0.29,-0.30,0,8,0,0,0,20,6,40.0
494,Ignacio Pussetto,ar ARG,"FW,MF",UNAM,28,1995,28,18,1611,17.9,7,2,9,7,0,0,3,0,7.8,7.8,0.7,8.4,23,48,90,0.39,0.11,0.50,0.39,0.50,0.43,0.04,0.47,0.43,0.47,Matches,67,17,25.4,3.74,0.95,0.10,0.41,19.3,3,0.12,-0.8,-0.8,411,556,73.9,6283,1371,221,260,85.0,137,170,80.6,31,65,47.7,0.9,+1.3,11,37,14,2,516,33,3,3,27,6,7,3,3,0,7,16,36,2.01,23,0,3,4,0,4,0.22,3,0,0,1,0,31,13,3,15,13,10,37.0,17,13,9,40,16,0,789,19,70,11,45.8,12,50.0,449,7,49,23,591,58,52.6,70,2,10,36,2,1.16,19,23,-4,-0.22,-0.78,21.6,17.5,+4.2,+0.23,-0.31,0,30,1,0,0,41,36,48.0
520,Ignacio Rivero,uy URU,"MF,DF",Cruz Azul,32,1992,30,22,1996,22.2,10,3,13,10,0,0,5,0,4.7,4.7,3.7,8.4,26,79,140,0.45,0.14,0.59,0.45,0.59,0.21,0.17,0.38,0.21,0.38,Matches,52,17,32.7,2.34,0.77,0.19,0.59,19.0,5,0.09,+5.3,+5.3,696,918,75.8,11626,3987,339,391,86.7,256,321,79.8,67,137,48.9,3.1,-0.7,32,59,34,15,788,128,2,12,72,112,5,4,1,0,2,25,67,3.03,57,2,3,1,1,7,0.32,6,0,0,1,0,57,36,24,27,6,36,45.0,44,19,11,68,24,0,1177,26,65,8,30.8,16,61.5,618,8,47,14,752,67,65.2,81,11,8,26,2,2.16,37,19,+18,+0.81,-0.80,32.3,22.6,+9.7,+0.44,-0.78,0,35,1,0,0,86,17,36.2
355,Igor Lichnovsky,cl CHI,DF,América,30,1994,1,1,90,1.0,0,0,0,0,0,0,0,0,0.0,0.0,0.0,0.0,0,5,0,0.00,0.00,0.00,0.00,0.00,0.00,0.00,0.00,0.00,0.00,Matches,0,0,,0.00,0.00,,,,0,,0.0,0.0,48,53,90.6,934,426,17,19,89.5,24,24,100.0,6,8,75.0,0.0,0.0,0,4,0,0,53,0,0,0,0,0,0,0,0,0,0,0,1,1.00,1,0,0,0,0,0,0.00,0,0,0,0,0,3,3,2,1,0,1,100.0,0,0,0,3,3,0,62,7,0,0,,0,,38,0,1,0,43,90,2.9,90,1,0,,0,3.00,2,1,+1,+1.00,+0.12,2.4,0.4,+2.0,+2.00,+1.17,0,1,0,0,0,3,3,75.0
219,Iker Fimbres,mx MEX,MF,Monterrey,19,2005,25,15,1288,14.3,4,1,5,4,0,0,4,0,1.5,1.5,1.2,2.7,33,79,55,0.28,0.07,0.35,0.28,0.35,0.11,0.08,0.19,0.11,0.19,Matches,23,12,52.2,1.61,0.84,0.17,0.33,24.3,0,0.07,+2.5,+2.5,646,747,86.5,10498,2096,327,365,89.6,239,263,90.9,53,67,79.1,1.0,-0.2,13,61,7,0,733,12,0,7,3,1,0,0,0,0,2,11,32,2.24,27,0,4,0,0,4,0.28,4,0,0,0,0,28,16,7,14,7,15,41.7,21,10,15,43,12,0,909,10,28,19,51.4,18,48.6,614,5,24,14,692,52,42.1,78,4,10,12,9,1.85,28,16,+12,+0.84,+0.64,21.8,17.6,+4.2,+0.29,-0.20,0,21,0,0,0,54,8,57.1
421,Iker Moreno,mx MEX,DF,Atlético,20,2003,7,2,174,1.9,0,0,0,0,0,0,0,0,0.0,0.0,0.0,0.0,2,3,2,0.00,0.00,0.00,0.00,0.00,0.00,0.01,0.01,0.00,0.01,Matches,0,0,,0.00,0.00,,,,0,,0.0,0.0,103,131,78.6,1717,420,55,66,83.3,33,39,84.6,13,19,68.4,0.1,0.0,1,4,3,2,102,28,0,2,3,25,0,0,0,0,1,2,2,1.03,2,0,0,0,0,0,0.00,0,0,0,0,0,10,5,7,2,1,5,55.6,4,1,4,14,9,0,166,7,0,6,66.7,3,33.3,80,0,4,2,88,25,5.7,68,0,5,8,9,1.57,2,4,-2,-1.03,-0.94,2.8,2.5,+0.4,+0.19,+0.52,0,2,0,0,0,10,2,66.7
301,Illian Hernandez,mx MEX,"FW,DF",América,24,2000,6,1,126,1.4,1,0,1,1,0,0,0,0,1.1,1.1,0.3,1.4,1,3,7,0.71,0.00,0.71,0.71,0.71,0.77,0.24,1.00,0.77,1.00,Matches,8,1,12.5,5.71,0.71,0.13,1.00,11.0,0,0.14,-0.1,-0.1,12,17,70.6,183,50,4,6,66.7,7,8,87.5,0,1,0.0,0.0,-0.3,1,0,1,0,17,0,0,0,2,0,0,0,0,0,0,1,3,2.14,1,0,0,0,0,0,0.00,0,0,0,0,0,0,0,0,0,0,0,,0,1,0,0,0,0,29,0,10,0,,0,,19,0,3,1,21,21,4.1,86,0,5,8,9,2.00,4,1,+3,+2.14,+1.31,3.7,0.6,+3.1,+2.21,+1.40,0,0,0,0,0,5,3,33.3
302,Illian Hernandez,mx MEX,"FW,MF",Pachuca,24,2000,4,1,76,0.8,1,0,1,1,0,0,0,0,0.9,0.9,0.0,0.9,2,1,5,1.18,0.00,1.18,1.18,1.18,1.08,0.00,1.08,1.08,1.08,Matches,8,1,12.5,5.71,0.71,0.13,1.00,11.0,0,0.14,-0.1,-0.1,12,17,70.6,183,50,4,6,66.7,7,8,87.5,0,1,0.0,0.0,-0.3,1,0,1,0,17,0,0,0,2,0,0,0,0,0,0,1,3,2.14,1,0,0,0,0,0,0.00,0,0,0,0,0,0,0,0,0,0,0,,0,1,0,0,0,0,29,0,10,0,,0,,19,0,3,1,21,21,4.1,86,0,5,8,9,2.00,4,1,+3,+2.14,+1.31,3.7,0.6,+3.1,+2.21,+1.40,0,0,0,0,0,5,3,33.3
99,Isaác Brizuela,mx MEX,"MF,DF",Guadalajara,33,1990,9,1,127,1.4,0,0,0,0,0,0,1,0,0.1,0.1,0.5,0.6,6,2,15,0.00,0.00,0.00,0.00,0.00,0.10,0.33,0.43,0.10,0.43,Matches,2,0,0.0,1.42,0.00,0.00,,21.4,0,0.07,-0.1,-0.1,63,92,68.5,1000,337,34,46,73.9,25,33,75.8,4,8,50.0,0.3,-0.5,3,4,0,0,79,13,0,0,7,11,0,0,0,0,0,6,3,2.13,2,0,0,0,0,0,0.00,0,0,0,0,0,1,0,1,0,0,1,100.0,0,2,2,3,2,0,116,3,11,3,42.9,4,57.1,75,3,2,0,73,14,4.2,45,0,8,10,20,1.11,0,4,-4,-2.83,-3.14,1.6,1.3,+0.4,+0.26,+0.04,0,3,0,0,0,8,1,25.0
,Isaác Gómez,,,,,,,,,,,,,,,,,,,,,,,,,,,,,,,,,,,,,,,,,,,,,,,,,,,,,,,,,,,,,,,,,,,,,,,,,,,,,,,,,,,,,,,,,,,,,,,,,,,,,,,,,,,,,,,,,,,,,,,,,,0,0,,3,,,,,,,,,,,,,,,,,,,
623,Isaías Violante,mx MEX,"FW,MF",Toluca,20,2003,25,13,1216,13.5,6,4,10,6,0,0,4,0,3.8,3.8,1.4,5.2,49,22,82,0.44,0.30,0.74,0.44,0.74,0.28,0.10,0.38,0.28,0.38,Matches,32,14,43.8,2.37,1.04,0.19,0.43,16.1,0,0.12,+2.2,+2.2,322,424,75.9,5078,951,167,199,83.9,127,159,79.9,18,29,62.1,1.9,+2.6,13,14,7,0,396,27,0,2,24,18,7,2,3,0,1,21,40,2.96,24,2,6,3,0,8,0.59,5,0,3,0,0,13,9,6,5,2,10,47.6,11,9,8,21,10,0,552,14,48,13,52.0,12,48.0,337,24,23,9,392,49,39.7,75,4,12,20,8,2.10,40,16,+24,+1.78,+0.95,24.6,15.2,+9.4,+0.69,+0.35,0,21,0,0,0,33,10,41.7
277,Ismael Govea,mx MEX,DF,Santos,27,1997,16,11,1011,11.2,0,0,0,0,0,0,2,1,0.2,0.2,0.4,0.6,9,35,18,0.00,0.00,0.00,0.00,0.00,0.02,0.03,0.05,0.02,0.05,Matches,5,2,40.0,0.45,0.18,0.00,0.00,20.7,0,0.05,-0.2,-0.2,465,572,81.3,9259,3647,170,196,86.7,225,254,88.6,62,97,63.9,0.3,-0.4,3,38,4,4,508,63,0,21,14,45,0,0,0,0,1,8,10,0.89,9,0,0,0,0,0,0.00,0,0,0,0,0,23,15,18,5,0,15,71.4,6,13,8,31,65,0,714,70,6,2,100.0,0,0.0,377,0,13,3,440,63,33.0,81,7,5,24,15,0.31,4,19,-15,-1.34,-0.28,7.2,17.5,-10.3,-0.92,-0.19,0,12,0,1,0,34,17,53.1
,Israel Aceves,,,,,,,,,,,,,,,,,,,,,,,,,,,,,,,,,,,,,,,,,,,,,,,,,,,,,,,,,,,,,,,,,,,,,,,,,,,,,,,,,,,,,,,,,,,,,,,,,,,,,,,,,,,,,,,,,,,,,,,,,,0,0,,1,,,,,,,,,,,,,,,,,,,
349,Israel Larios,mx MEX,"FW,MF",Atlas,21,2003,11,1,186,2.1,0,0,0,0,0,0,0,0,0.2,0.2,0.1,0.3,6,4,20,0.00,0.00,0.00,0.00,0.00,0.10,0.04,0.14,0.10,0.14,Matches,5,1,20.0,2.42,0.48,0.00,0.00,17.5,0,0.04,-0.2,-0.2,54,77,70.1,768,213,33,37,89.2,19,28,67.9,1,4,25.0,0.1,-0.1,1,2,1,1,72,5,0,0,10,2,3,1,0,0,0,5,4,1.93,1,0,0,2,1,0,0.00,0,0,0,0,0,8,5,2,4,2,1,33.3,2,0,1,9,0,0,117,1,9,4,20.0,16,80.0,70,0,11,5,77,17,6.1,64,0,10,12,7,1.00,2,5,-3,-1.45,-1.14,2.8,3.7,-0.9,-0.43,-0.42,0,4,0,0,0,12,4,50.0
373,Israel Luna,mx MEX,"DF,MF",Pachuca,22,2002,2,0,40,0.4,0,0,0,0,0,0,1,0,0.1,0.1,0.0,0.1,1,5,2,0.00,0.00,0.00,0.00,0.00,0.13,0.00,0.13,0.13,0.13,Matches,1,0,0.0,2.25,0.00,0.00,,23.7,0,0.06,-0.1,-0.1,34,37,91.9,632,89,14,16,87.5,16,16,100.0,4,5,80.0,0.0,0.0,0,4,0,0,35,2,0,2,0,2,0,0,0,0,0,0,0,0.00,0,0,0,0,0,0,0.00,0,0,0,0,0,0,0,0,0,0,0,0.0,1,1,0,0,0,0,44,0,0,0,,0,,29,0,2,1,32,20,1.3,,0,2,20,0,2.00,0,1,-1,-2.25,-2.19,0.6,0.9,-0.3,-0.60,-0.87,0,2,0,0,0,1,1,50.0
507,Israel Reyes,mx MEX,DF,América,24,2000,28,23,2141,23.8,2,0,2,2,0,0,2,0,2.0,2.0,0.3,2.3,12,99,20,0.08,0.00,0.08,0.08,0.08,0.08,0.01,0.10,0.08,0.10,Matches,16,6,37.5,0.67,0.25,0.13,0.33,13.2,0,0.12,0.0,0.0,1126,1283,87.8,24480,9714,349,386,90.4,529,579,91.4,228,288,79.2,0.9,-0.3,7,108,12,3,1195,86,1,29,8,45,0,0,0,0,2,4,27,1.14,21,1,2,0,1,2,0.08,1,0,1,0,0,27,19,16,11,0,19,76.0,6,10,51,78,71,1,1506,120,20,7,63.6,4,36.4,863,1,18,6,1011,76,70.0,86,20,5,33,1,1.93,49,22,+27,+1.13,+0.84,41.5,20.8,+20.7,+0.87,+0.03,0,16,0,1,0,95,48,57.8
422,Iván Moreno,mx MEX,"MF,DF",León,26,1998,22,13,1210,13.4,2,3,5,2,0,0,3,0,1.5,1.5,1.8,3.3,19,46,53,0.15,0.22,0.37,0.15,0.37,0.11,0.13,0.24,0.11,0.24,Matches,16,4,25.0,1.19,0.30,0.13,0.50,20.6,1,0.09,+0.5,+0.5,331,449,73.7,5416,2066,165,203,81.3,130,160,81.3,26,47,55.3,2.0,+1.2,12,30,12,4,404,41,4,2,24,36,1,0,0,1,4,21,25,1.86,20,0,2,3,0,5,0.37,4,0,0,1,0,36,20,18,15,3,19,54.3,16,7,6,42,21,0,604,24,38,16,55.2,12,41.4,310,13,31,15,401,55,39.5,80,4,9,18,5,1.25,17,15,+2,+0.15,+0.20,19.9,20.1,-0.2,-0.02,+0.22,0,15,1,0,0,39,5,55.6
592,Iván Tona,mx MEX,MF,Tijuana,24,2000,28,20,1888,21.0,1,2,3,1,0,0,6,0,1.4,1.4,1.1,2.5,33,150,60,0.05,0.10,0.14,0.05,0.14,0.07,0.05,0.12,0.07,0.12,Matches,30,8,26.7,1.43,0.38,0.03,0.13,25.7,0,0.05,-0.4,-0.4,1286,1482,86.8,22998,5871,576,626,92.0,549,595,92.3,129,204,63.2,1.3,+0.9,29,150,16,1,1419,61,2,19,17,13,7,1,2,0,2,10,58,2.76,51,2,1,1,0,6,0.29,5,0,0,1,0,28,16,18,7,3,14,45.2,17,14,17,45,21,0,1677,23,18,17,56.7,13,43.3,1131,2,34,38,1277,67,61.7,79,13,8,38,1,1.41,34,32,+2,+0.10,+0.79,27.4,35.2,-7.8,-0.37,+0.02,0,17,1,0,0,133,16,53.3
485,Jackson Porozo,ec ECU,DF,Tijuana,23,2000,13,13,1103,12.3,0,0,0,0,0,0,4,0,1.0,1.0,0.0,1.0,1,12,3,0.00,0.00,0.00,0.00,0.00,0.08,0.00,0.08,0.08,0.08,Matches,9,1,11.1,0.73,0.08,0.00,0.00,11.9,0,0.12,-1.0,-1.0,461,520,88.7,8986,3108,139,150,92.7,274,287,95.5,47,76,61.8,0.1,0.0,1,14,1,0,498,21,0,0,1,4,0,0,0,0,1,4,4,0.33,2,0,0,0,1,0,0.00,0,0,0,0,0,26,12,14,11,1,14,70.0,6,4,21,47,80,2,683,86,13,2,66.7,1,33.3,355,0,4,2,417,85,36.0,85,11,0,,0,1.15,24,22,+2,+0.16,+0.58,15.6,19.5,-3.9,-0.32,+0.09,0,17,0,1,0,36,26,65.0
33,Jaime Alvarez,mx MEX,"FW,MF",FC Juárez,21,2003,2,0,41,0.5,0,0,0,0,0,0,0,0,0.1,0.1,0.0,0.1,1,1,3,0.00,0.00,0.00,0.00,0.00,0.19,0.00,0.19,0.19,0.19,Matches,2,0,0.0,4.39,0.00,0.00,,20.9,0,0.04,-0.1,-0.1,3,4,75.0,63,17,1,2,50.0,1,1,100.0,1,1,100.0,0.0,0.0,0,0,1,1,4,0,0,0,1,0,0,0,0,0,0,0,1,2.31,1,0,0,0,0,0,0.00,0,0,0,0,0,0,0,0,0,0,0,,0,0,0,0,0,0,7,0,2,0,,0,,5,1,1,0,4,21,1.3,,0,2,21,9,2.00,1,1,0,0.00,+0.57,0.6,0.6,0.0,-0.05,+0.48,0,1,0,0,0,1,0,
34,Jaime Alvarez,mx MEX,"FW,MF",Tijuana,21,2003,11,2,339,3.8,1,0,1,1,0,0,0,0,0.6,0.6,0.6,1.2,22,6,44,0.27,0.00,0.27,0.27,0.27,0.15,0.17,0.31,0.15,0.31,Matches,2,0,0.0,4.39,0.00,0.00,,20.9,0,0.04,-0.1,-0.1,3,4,75.0,63,17,1,2,50.0,1,1,100.0,1,1,100.0,0.0,0.0,0,0,1,1,4,0,0,0,1,0,0,0,0,0,0,0,1,2.31,1,0,0,0,0,0,0.00,0,0,0,0,0,0,0,0,0,0,0,,0,0,0,0,0,0,7,0,2,0,,0,,5,1,1,0,4,21,1.3,,0,2,21,9,2.00,1,1,0,0.00,+0.57,0.6,0.6,0.0,-0.05,+0.48,0,1,0,0,0,1,0,
263,Jaime Gómez Valencia,mx MEX,"DF,MF",Querétaro,31,1993,20,12,1060,11.8,0,1,1,0,0,0,4,1,0.2,0.2,0.5,0.6,10,50,19,0.00,0.08,0.08,0.00,0.08,0.01,0.04,0.05,0.01,0.05,Matches,6,1,16.7,0.51,0.08,0.00,0.00,25.0,0,0.03,-0.2,-0.2,390,473,82.5,6216,2849,209,225,92.9,142,165,86.1,27,56,48.2,0.7,+0.5,11,37,12,7,407,65,0,0,19,49,0,0,0,0,1,8,22,1.87,19,0,2,0,1,1,0.08,1,0,0,0,0,19,15,11,6,2,11,42.3,15,4,11,30,37,0,586,37,4,10,47.6,11,52.4,329,2,14,13,351,53,34.6,77,6,8,17,11,1.20,12,20,-8,-0.68,+0.09,11.3,16.0,-4.8,-0.41,+0.56,0,15,0,1,0,53,8,38.1
73,Jaine Barreiro,co COL,DF,León,30,1994,34,34,3037,33.7,1,0,1,1,0,0,7,0,1.8,1.8,0.9,2.7,20,106,8,0.03,0.00,0.03,0.03,0.03,0.05,0.03,0.08,0.05,0.08,Matches,25,7,28.0,0.74,0.21,0.04,0.14,14.5,0,0.07,-0.8,-0.8,1408,1749,80.5,30877,15108,416,458,90.8,728,811,89.8,253,449,56.3,0.9,-0.9,7,152,4,0,1625,116,1,36,4,13,0,0,0,0,8,14,27,0.80,21,2,1,0,2,3,0.09,2,1,0,0,0,76,47,53,21,2,45,70.3,19,25,60,136,180,3,2180,305,43,2,25.0,6,75.0,1191,1,16,6,1327,89,99.2,89,32,0,,0,1.33,45,44,+1,+0.03,+0.03,39.4,44.5,-5.1,-0.15,-0.40,0,46,0,0,0,155,78,65.0
172,Jair Díaz,mx MEX,DF,Mazatlán,25,1998,27,24,2047,22.7,0,0,0,0,0,0,9,0,0.4,0.4,0.4,0.8,34,74,34,0.00,0.00,0.00,0.00,0.00,0.02,0.02,0.03,0.02,0.03,Matches,10,6,60.0,0.44,0.26,0.00,0.00,21.8,0,0.04,-0.4,-0.4,713,959,74.3,12961,5793,309,356,86.8,324,384,84.4,70,181,38.7,0.6,-0.4,5,64,6,2,820,131,2,7,33,105,0,0,0,0,8,18,19,0.83,12,4,0,0,1,2,0.09,1,1,0,0,0,42,28,23,17,2,26,60.5,17,12,18,60,89,0,1198,77,18,13,56.5,10,43.5,614,2,19,7,719,76,66.9,81,12,3,35,5,0.89,14,32,-18,-0.79,-0.70,19.3,32.4,-13.1,-0.58,-1.05,0,31,0,0,0,70,22,39.3
272,Jair González,mx MEX,"MF,FW",Puebla,22,2002,9,0,170,1.9,0,0,0,0,0,0,0,0,0.1,0.1,0.3,0.4,7,12,21,0.00,0.00,0.00,0.00,0.00,0.06,0.14,0.20,0.06,0.20,Matches,5,0,0.0,2.65,0.00,0.00,,26.8,0,0.02,-0.1,-0.1,34,54,63.0,732,183,9,14,64.3,17,24,70.8,8,13,61.5,0.1,-0.3,5,5,2,0,50,3,0,2,7,3,0,0,0,0,1,2,13,6.84,7,0,3,3,0,0,0.00,0,0,0,0,0,2,1,0,0,2,1,20.0,4,1,0,2,0,0,88,1,8,5,50.0,3,30.0,68,7,7,4,64,19,5.6,,0,9,19,6,0.44,5,2,+3,+1.59,+2.52,4.9,1.5,+3.3,+1.75,+2.29,0,0,0,0,0,9,2,28.6
595,Jairo Torres,mx MEX,"MF,FW",FC Juárez,24,2000,31,29,2544,28.3,3,2,5,3,0,0,8,0,3.8,3.8,2.6,6.4,103,112,194,0.11,0.07,0.18,0.11,0.18,0.14,0.09,0.23,0.14,0.23,Matches,57,19,33.3,2.02,0.67,0.05,0.16,18.3,0,0.07,-0.8,-0.8,611,809,75.5,10031,2798,314,365,86.0,219,287,76.3,56,85,65.9,2.5,-0.6,31,68,21,9,789,18,2,7,65,10,0,0,0,0,2,35,84,2.97,63,2,6,7,1,8,0.28,8,0,0,0,0,30,18,9,19,2,10,33.3,20,11,22,52,23,0,1170,15,86,42,32.6,81,62.8,766,35,78,46,863,82,83.1,86,18,2,28,0,1.19,32,49,-17,-0.60,-0.25,28.4,42.5,-14.1,-0.50,+0.15,0,41,0,1,0,123,28,50.0
528,James Rodríguez,co COL,"MF,FW",León,33,1991,16,14,1222,13.6,2,6,8,1,1,1,3,1,2.6,1.8,4.5,6.4,22,126,54,0.15,0.44,0.59,0.07,0.52,0.19,0.33,0.53,0.14,0.47,Matches,25,8,32.0,1.84,0.59,0.04,0.13,23.9,6,0.07,-0.6,-0.8,656,826,79.4,14385,5272,240,264,90.9,249,285,87.4,152,240,63.3,5.4,+1.5,37,124,28,6,703,114,5,26,83,9,51,18,22,0,9,9,78,5.74,44,21,4,6,0,9,0.66,6,2,0,1,0,10,7,4,6,0,6,54.5,5,5,6,16,6,0,926,4,16,15,62.5,8,33.3,552,1,24,16,710,76,39.9,83,4,2,30,1,1.59,21,14,+7,+0.52,+0.81,18.3,13.5,+4.7,+0.35,+0.83,1,12,1,0,0,55,0,0.0
118,Jan Carmona,mx MEX,"MF,FW",FC Juárez,20,2004,2,1,104,1.2,0,0,0,0,0,0,2,0,0.0,0.0,0.0,0.0,1,0,1,0.00,0.00,0.00,0.00,0.00,0.02,0.00,0.02,0.02,0.02,Matches,1,1,100.0,0.87,0.87,0.00,0.00,26.2,0,0.02,0.0,0.0,15,22,68.2,171,30,10,13,76.9,3,3,100.0,0,0,,0.0,0.0,0,0,0,0,21,0,0,0,0,0,0,0,0,0,1,2,1,0.87,0,0,0,1,0,0,0.00,0,0,0,0,0,0,0,0,0,0,0,0.0,1,3,2,2,3,0,37,0,0,0,0.0,3,100.0,17,0,0,3,21,52,3.4,59,0,1,45,3,1.50,0,1,-1,-0.87,-0.32,0.1,1.4,-1.3,-1.10,-0.60,0,2,0,0,0,4,0,0.0
,Jason Flores,,,,,,,,,,,,,,,,,,,,,,,,,,,,,,,,,,,,,,,,,,,,,,,,,,,,,,,,,,,,,,,,,,,,,,,,,,,,,,,,,,,,,,,,,,,,,,,,,,,,,,,,,,,,,,,,,,,,,,,,,,0,0,,1,,,,,,,,,,,,,,,,,,,
173,Javairô Dilrosun,nl NED,"FW,MF",América,26,1998,21,11,1051,11.7,1,3,4,1,0,0,3,0,1.2,1.2,3.4,4.5,49,39,88,0.09,0.26,0.34,0.09,0.34,0.10,0.29,0.39,0.10,0.39,Matches,20,7,35.0,1.71,0.60,0.05,0.14,24.3,0,0.06,-0.2,-0.2,323,405,79.8,5066,1284,165,194,85.1,121,142,85.2,20,36,55.6,2.7,-0.4,14,18,15,3,383,21,2,4,30,5,13,4,0,0,1,14,40,3.43,25,5,3,6,0,5,0.43,4,1,0,0,0,13,10,4,7,2,8,42.1,11,19,5,18,9,0,564,6,30,17,37.0,27,58.7,375,18,32,6,409,50,34.3,73,2,10,25,10,1.69,18,11,+7,+0.60,-0.43,21.2,10.9,+10.4,+0.89,+0.04,0,7,0,0,0,38,2,28.6
49,Javier Aquino,mx MEX,DF,UANL,34,1990,30,29,2609,29.0,0,0,0,0,0,0,7,1,0.3,0.3,1.7,1.9,48,197,161,0.00,0.00,0.00,0.00,0.00,0.01,0.06,0.07,0.01,0.07,Matches,7,1,14.3,0.24,0.03,0.00,0.00,24.8,0,0.04,-0.3,-0.3,1449,1813,79.9,24454,9967,704,776,90.7,566,712,79.5,142,246,57.7,2.3,-1.7,24,162,40,18,1482,326,0,4,81,299,0,0,0,0,5,29,74,2.55,57,12,3,1,1,4,0.14,2,2,0,0,0,88,56,47,36,5,49,63.6,28,30,62,150,66,1,2123,73,27,21,58.3,13,36.1,1062,6,41,11,1227,87,85.3,89,25,1,31,0,1.75,42,28,+14,+0.48,-0.71,41.6,31.6,+10.0,+0.35,-0.31,1,33,0,0,0,138,27,51.9
194,Javier Eduardo López,mx MEX,"MF,FW",Pachuca,29,1994,15,1,424,4.7,1,1,2,1,0,0,1,1,1.0,1.0,1.7,2.7,14,37,33,0.21,0.21,0.42,0.21,0.42,0.20,0.37,0.58,0.20,0.58,Matches,9,3,33.3,1.91,0.64,0.11,0.33,21.6,2,0.11,0.0,0.0,214,271,79.0,3799,1320,102,117,87.2,72,86,83.7,30,50,60.0,2.6,-0.7,22,27,19,2,219,49,6,0,33,7,26,15,4,1,3,3,36,7.70,24,12,0,0,0,1,0.21,1,0,0,0,0,3,3,1,2,0,1,12.5,7,0,2,5,0,0,310,0,19,6,46.2,7,53.8,199,6,11,5,240,28,13.9,55,0,14,26,2,1.40,5,7,-2,-0.42,-0.39,7.1,4.0,+3.0,+0.65,+0.46,0,5,0,0,0,16,1,12.5
281,Javier Güemez,mx MEX,MF,Santos,32,1991,16,16,1386,15.4,1,3,4,1,0,0,3,0,1.2,1.2,2.5,3.8,12,109,35,0.06,0.19,0.26,0.06,0.26,0.08,0.16,0.25,0.08,0.25,Matches,22,6,27.3,1.43,0.39,0.05,0.17,18.0,0,0.06,-0.2,-0.2,640,774,82.7,11473,4347,265,301,88.0,286,325,88.0,69,108,63.9,1.8,+0.5,20,85,12,2,737,34,2,7,11,5,3,1,0,0,3,9,38,2.47,34,1,0,0,0,4,0.26,3,0,0,0,0,40,25,16,22,2,17,60.7,11,9,11,51,29,0,945,40,27,7,70.0,3,30.0,517,1,22,22,631,87,45.3,87,13,0,,1,0.44,15,33,-18,-1.17,-0.04,17.6,27.4,-9.8,-0.64,+0.30,0,24,0,0,0,83,22,45.8
282,Javier Güemez,mx MEX,MF,Atlético,32,1991,16,9,901,10.0,1,3,4,1,0,0,1,0,0.9,0.9,2.0,2.9,13,73,35,0.10,0.30,0.40,0.10,0.40,0.09,0.20,0.29,0.09,0.29,Matches,22,6,27.3,1.43,0.39,0.05,0.17,18.0,0,0.06,-0.2,-0.2,640,774,82.7,11473,4347,265,301,88.0,286,325,88.0,69,108,63.9,1.8,+0.5,20,85,12,2,737,34,2,7,11,5,3,1,0,0,3,9,38,2.47,34,1,0,0,0,4,0.26,3,0,0,0,0,40,25,16,22,2,17,60.7,11,9,11,51,29,0,945,40,27,7,70.0,3,30.0,517,1,22,22,631,87,45.3,87,13,0,,1,0.44,15,33,-18,-1.17,-0.04,17.6,27.4,-9.8,-0.64,+0.30,0,24,0,0,0,83,22,45.8
303,Javier Hernández,mx MEX,FW,Guadalajara,36,1988,17,11,910,10.1,1,1,2,1,0,0,0,0,2.9,2.9,1.1,4.0,10,14,34,0.10,0.10,0.20,0.10,0.20,0.29,0.11,0.40,0.29,0.40,Matches,16,6,37.5,1.58,0.59,0.06,0.17,12.1,0,0.18,-1.9,-1.9,93,128,72.7,1625,283,46,60,76.7,31,40,77.5,11,18,61.1,1.1,-0.1,7,10,3,1,106,20,1,2,5,0,0,0,0,0,2,3,15,1.48,12,0,1,0,0,3,0.30,2,0,1,0,0,6,4,2,3,1,1,16.7,5,2,2,8,7,0,192,8,28,5,55.6,4,44.4,110,4,16,4,136,54,29.7,73,1,6,18,4,1.11,9,12,-3,-0.30,-0.67,11.0,10.0,+1.0,+0.10,-0.17,0,5,0,0,0,13,7,38.9
556,Javier Salas,mx MEX,"MF,FW",FC Juárez,30,1993,2,0,4,0.0,0,0,0,0,0,0,0,0,0.0,0.0,0.0,0.0,0,0,0,0.00,0.00,0.00,0.00,0.00,0.00,0.00,0.00,0.00,0.00,Matches,0,0,,0.00,0.00,,,,0,,0.0,0.0,3,3,100.0,88,53,0,0,,2,2,100.0,1,1,100.0,0.0,0.0,0,0,0,0,2,1,0,0,0,0,0,0,0,0,0,0,0,0.00,0,0,0,0,0,0,0.00,0,0,0,0,0,0,0,0,0,0,0,,0,0,0,0,0,0,3,0,0,0,,0,,1,0,0,0,3,2,0.1,,0,2,2,3,2.00,0,0,0,0.00,+0.56,0.4,0.0,+0.4,+9.60,+10.14,0,0,0,0,0,0,0,
,Jaziel Mendoza,,,,,,,,,,,,,,,,,,,,,,,,,,,,,,,,,,,,,,,,,,,,,,,,,,,,,,,,,,,,,,,,,,,,,,,,,,,,,,,,,,,,,,,,,,,,,,,,,,,,,,,,,,,,,,,,,,,,,,,,,,0,0,,1,,,,,,,,,,,,,,,,,,,
403,Jean Meneses,cl CHI,FW,Toluca,31,1993,4,3,249,2.8,0,0,0,0,0,0,0,0,0.1,0.1,0.5,0.6,6,6,20,0.00,0.00,0.00,0.00,0.00,0.03,0.19,0.21,0.03,0.21,Matches,3,1,33.3,1.08,0.36,0.00,0.00,20.1,0,0.02,-0.1,-0.1,70,101,69.3,1157,310,34,43,79.1,31,45,68.9,4,8,50.0,0.4,-0.5,8,3,6,3,92,8,0,0,11,2,6,1,1,0,1,4,12,4.34,6,2,1,1,0,0,0.00,0,0,0,0,0,3,3,2,1,0,2,66.7,1,3,3,6,3,0,132,3,8,3,37.5,5,62.5,86,4,5,10,92,62,8.1,74,0,1,28,0,2.00,5,3,+2,+0.72,-0.53,3.4,3.0,+0.4,+0.14,-0.37,0,3,0,0,0,13,3,50.0
320,Jefferson Intriago,ec ECU,MF,Mazatlán,28,1996,16,11,935,10.4,0,0,0,0,0,0,3,0,0.1,0.1,0.0,0.1,6,39,11,0.00,0.00,0.00,0.00,0.00,0.01,0.00,0.01,0.01,0.01,Matches,3,1,33.3,0.29,0.10,0.00,0.00,25.3,0,0.03,-0.1,-0.1,429,472,90.9,7325,2217,196,208,94.2,187,203,92.1,34,41,82.9,0.2,0.0,1,40,2,0,449,22,0,1,0,4,0,0,0,0,1,2,9,0.87,5,2,0,0,1,0,0.00,0,0,0,0,0,25,17,10,14,1,15,53.6,13,7,8,33,15,0,564,16,1,2,66.7,0,0.0,328,0,12,4,388,58,30.6,77,6,5,18,1,1.06,8,13,-5,-0.48,+0.11,7.6,11.5,-3.9,-0.38,-0.21,0,10,0,0,0,51,3,42.9
386,Jeremy Márquez,mx MEX,MF,Atlas,24,2000,31,30,2497,27.7,5,2,7,5,0,0,5,1,2.5,2.5,2.9,5.4,47,112,107,0.18,0.07,0.25,0.18,0.25,0.09,0.10,0.20,0.09,0.20,Matches,41,10,24.4,1.48,0.36,0.12,0.50,21.8,0,0.06,+2.5,+2.5,968,1219,79.4,14866,3968,531,609,87.2,346,424,81.6,55,106,51.9,2.9,-0.9,37,82,26,9,1153,63,3,11,58,13,15,6,4,0,3,29,83,2.99,60,3,4,7,6,7,0.25,5,0,0,1,0,59,37,21,31,7,23,46.0,27,21,47,106,27,2,1592,26,61,23,37.1,37,59.7,914,8,61,47,1079,81,81.6,83,15,1,18,0,1.30,37,45,-8,-0.29,+0.51,29.3,30.7,-1.4,-0.05,-0.06,0,29,0,0,0,159,20,45.5
16,Jesús Alberto Angulo,mx MEX,DF,UANL,26,1998,31,26,2366,26.3,0,4,4,0,0,0,6,0,0.2,0.2,1.4,1.6,27,127,27,0.00,0.15,0.15,0.00,0.15,0.01,0.05,0.06,0.01,0.06,Matches,8,3,37.5,0.30,0.11,0.00,0.00,28.9,0,0.02,-0.2,-0.2,1278,1571,81.3,23777,9423,515,557,92.5,611,713,85.7,134,248,54.0,2.2,+2.6,22,122,17,9,1363,202,4,11,31,158,0,0,0,0,6,23,51,1.94,48,1,1,0,0,7,0.27,6,0,1,0,0,63,44,35,20,8,29,52.7,26,16,36,99,94,1,1852,119,9,11,44.0,13,52.0,977,3,19,11,1117,76,77.3,87,18,5,22,0,1.73,36,21,+15,+0.57,-0.08,37.3,26.8,+10.5,+0.40,+0.03,0,46,0,0,0,138,35,58.3
18,Jesús Alcantar,mx MEX,DF,Necaxa,21,2003,10,7,611,6.8,0,0,0,0,0,0,1,0,0.1,0.1,0.0,0.2,6,17,1,0.00,0.00,0.00,0.00,0.00,0.02,0.01,0.02,0.02,0.02,Matches,4,0,0.0,0.59,0.00,0.00,,17.6,0,0.03,-0.1,-0.1,195,240,81.3,3735,1604,67,71,94.4,103,120,85.8,22,44,50.0,0.0,0.0,1,14,0,0,207,33,0,1,0,29,0,0,0,0,0,1,3,0.44,2,1,0,0,0,0,0.00,0,0,0,0,0,10,5,8,1,1,4,40.0,6,7,13,23,43,0,333,47,5,0,,0,,134,0,5,1,159,61,20.0,75,3,3,29,18,1.10,7,9,-2,-0.29,-0.40,6.6,9.2,-2.6,-0.38,-0.36,0,6,0,0,0,17,16,66.7
45,Jesús Angulo,mx MEX,"MF,FW",Toluca,27,1997,32,23,1813,20.1,8,8,16,8,0,0,1,0,5.7,5.7,4.9,10.7,56,121,96,0.40,0.40,0.79,0.40,0.79,0.29,0.24,0.53,0.29,0.53,Matches,44,21,47.7,2.18,1.04,0.18,0.38,21.0,1,0.13,+2.3,+2.3,861,1022,84.2,14339,4193,445,490,90.8,283,319,88.7,92,146,63.0,4.6,+3.1,60,116,32,2,926,87,1,12,57,9,41,21,17,0,9,11,105,5.22,79,12,6,2,3,13,0.65,10,2,0,1,0,21,19,7,11,3,9,40.9,13,8,6,27,3,0,1199,3,60,22,48.9,23,51.1,801,11,44,37,950,57,59.2,69,3,9,24,2,2.05,47,20,+27,+1.34,+0.33,34.8,21.1,+13.7,+0.68,+0.48,0,11,0,0,0,82,3,25.0
147,Jesús Corona,mx MEX,"FW,MF",Monterrey,31,1993,28,14,1316,14.6,2,8,10,2,0,0,2,0,2.7,2.7,3.5,6.2,64,59,222,0.14,0.55,0.68,0.14,0.68,0.19,0.24,0.43,0.19,0.43,Matches,25,5,20.0,1.71,0.34,0.08,0.40,14.7,0,0.11,-0.7,-0.7,530,693,76.5,8246,1972,301,340,88.5,170,224,75.9,41,80,51.3,3.4,+4.5,33,28,34,14,642,46,1,5,89,10,19,9,5,0,5,16,70,4.79,50,5,7,4,3,13,0.89,10,0,1,0,2,26,21,6,8,12,7,50.0,7,10,7,33,4,0,912,1,77,40,43.5,49,53.3,623,31,61,33,732,47,43.0,68,1,14,26,4,1.69,24,21,+3,+0.21,-0.47,22.8,17.4,+5.4,+0.37,-0.06,0,12,0,0,0,69,7,50.0
157,Jesús David Murillo,co COL,DF,FC Juárez,30,1994,10,9,780,8.7,1,0,1,1,0,0,4,0,0.5,0.5,0.0,0.5,5,15,1,0.12,0.00,0.12,0.12,0.12,0.06,0.00,0.06,0.06,0.06,Matches,2,1,50.0,0.23,0.12,0.50,1.00,8.0,0,0.24,+0.5,+0.5,338,411,82.2,6896,2572,108,123,87.8,178,195,91.3,50,87,57.5,0.3,0.0,0,13,0,0,368,43,1,3,0,2,0,0,0,0,0,4,5,0.58,5,0,0,0,0,0,0.00,0,0,0,0,0,23,16,22,1,0,12,66.7,6,8,11,34,53,1,533,103,5,1,33.3,2,66.7,268,0,7,1,298,78,25.5,83,7,1,32,2,1.64,11,8,+3,+0.35,+1.21,11.3,13.2,-1.9,-0.22,+0.41,0,12,0,0,0,36,18,85.7
235,Jesús Gallardo,mx MEX,DF,Toluca,29,1994,31,29,2536,28.2,7,7,14,7,0,0,6,0,2.4,2.4,6.6,8.9,80,97,209,0.25,0.25,0.50,0.25,0.50,0.08,0.23,0.32,0.08,0.32,Matches,27,15,55.6,0.96,0.53,0.26,0.47,17.8,0,0.09,+4.6,+4.6,1221,1523,80.2,21398,6148,529,587,90.1,583,693,84.1,94,169,55.6,3.2,+0.4,43,71,29,11,1288,227,0,6,68,203,3,0,2,0,8,38,63,2.24,54,4,0,2,1,13,0.46,10,1,0,1,0,50,29,25,21,4,29,55.8,23,25,20,70,101,0,1825,98,65,16,40.0,23,57.5,998,20,23,8,1139,82,82.9,86,22,2,24,2,2.03,64,29,+35,+1.24,+0.21,44.5,31.1,+13.3,+0.47,-0.07,0,30,1,0,0,114,38,58.5
253,Jesús Garza,mx MEX,DF,UANL,24,2000,24,15,1262,14.0,2,2,4,2,0,0,6,0,0.4,0.4,1.5,1.8,17,65,79,0.14,0.14,0.29,0.14,0.29,0.03,0.10,0.13,0.03,0.13,Matches,12,4,33.3,0.86,0.29,0.17,0.50,25.9,0,0.03,+1.6,+1.6,614,742,82.7,9579,3618,330,361,91.4,244,283,86.2,30,69,43.5,1.5,+0.5,13,39,18,10,594,142,0,0,37,131,1,0,1,0,6,9,34,2.42,26,4,1,1,1,2,0.14,2,0,0,0,0,47,29,23,18,6,22,59.5,15,10,24,71,20,0,897,30,12,8,53.3,7,46.7,477,0,22,5,525,53,41.2,78,6,9,10,10,1.96,20,9,+11,+0.78,+0.33,19.0,11.7,+7.3,+0.52,+0.22,0,27,0,0,0,53,8,44.4
304,Jesús Hernández,mx MEX,FW,Tijuana,20,2004,1,1,45,0.5,1,0,1,1,0,0,1,0,0.3,0.3,0.0,0.3,0,1,3,2.00,0.00,2.00,2.00,2.00,0.60,0.00,0.60,0.60,0.60,Matches,1,1,100.0,2.00,2.00,1.00,1.00,14.9,0,0.30,+0.7,+0.7,5,6,83.3,85,12,2,3,66.7,3,3,100.0,0,0,,0.0,0.0,0,0,0,0,6,0,0,0,0,0,0,0,0,0,0,0,0,0.00,0,0,0,0,0,0,0.00,0,0,0,0,0,0,0,0,0,0,0,0.0,1,0,1,1,0,0,13,0,1,0,,0,,11,0,2,3,15,45,1.5,45,0,0,,5,2.00,3,1,+2,+4.00,+4.27,0.4,0.1,+0.3,+0.63,+1.02,0,0,0,0,0,0,2,100.0
305,Jesús Hernández,mx MEX,"FW,MF",León,22,2001,4,2,170,1.9,0,0,0,0,0,0,0,0,0.0,0.0,0.0,0.1,3,11,9,0.00,0.00,0.00,0.00,0.00,0.01,0.02,0.03,0.01,0.03,Matches,1,1,100.0,2.00,2.00,1.00,1.00,14.9,0,0.30,+0.7,+0.7,5,6,83.3,85,12,2,3,66.7,3,3,100.0,0,0,,0.0,0.0,0,0,0,0,6,0,0,0,0,0,0,0,0,0,0,0,0,0.00,0,0,0,0,0,0,0.00,0,0,0,0,0,0,0,0,0,0,0,0.0,1,0,1,1,0,0,13,0,1,0,,0,,11,0,2,3,15,45,1.5,45,0,0,,5,2.00,3,1,+2,+4.00,+4.27,0.4,0.1,+0.3,+0.63,+1.02,0,0,0,0,0,0,2,100.0
447,Jesús Orozco,mx MEX,DF,Cruz Azul,22,2002,14,12,1102,12.2,0,0,0,0,0,0,5,0,0.3,0.3,0.2,0.5,18,59,11,0.00,0.00,0.00,0.00,0.00,0.02,0.02,0.04,0.02,0.04,Matches,6,1,16.7,0.49,0.08,0.00,0.00,18.1,0,0.05,-0.3,-0.3,530,639,82.9,9288,3564,235,253,92.9,242,273,88.6,47,94,50.0,0.4,-0.2,4,48,1,1,608,30,1,9,5,18,0,0,0,0,1,6,18,1.47,17,0,0,0,1,1,0.08,1,0,0,0,0,25,17,8,16,1,14,87.5,2,13,12,37,48,0,770,53,11,6,66.7,3,33.3,491,1,10,4,509,79,36.0,88,11,2,22,2,2.06,22,11,+11,+0.90,-0.30,18.8,11.6,+7.2,+0.59,-0.19,0,13,0,1,0,52,25,62.5
448,Jesús Orozco,mx MEX,DF,Guadalajara,22,2002,15,15,1269,14.1,0,0,0,0,0,0,3,0,0.5,0.5,0.2,0.7,18,66,0,0.00,0.00,0.00,0.00,0.00,0.03,0.02,0.05,0.03,0.05,Matches,6,1,16.7,0.49,0.08,0.00,0.00,18.1,0,0.05,-0.3,-0.3,530,639,82.9,9288,3564,235,253,92.9,242,273,88.6,47,94,50.0,0.4,-0.2,4,48,1,1,608,30,1,9,5,18,0,0,0,0,1,6,18,1.47,17,0,0,0,1,1,0.08,1,0,0,0,0,25,17,8,16,1,14,87.5,2,13,12,37,48,0,770,53,11,6,66.7,3,33.3,491,1,10,4,509,79,36.0,88,11,2,22,2,2.06,22,11,+11,+0.90,-0.30,18.8,11.6,+7.2,+0.59,-0.19,0,13,0,1,0,52,25,62.5
480,Jesús Piñuelas,mx MEX,MF,Toluca,26,1998,1,0,1,0.0,0,0,0,0,0,0,0,0,0.0,0.0,0.0,0.0,0,0,0,0.00,0.00,0.00,0.00,0.00,0.00,0.00,0.00,0.00,0.00,Matches,0,0,,0.00,0.00,,,,0,,0.0,0.0,1,1,100.0,38,0,0,0,,0,0,,1,1,100.0,0.0,0.0,0,0,0,0,1,0,0,0,0,0,0,0,0,0,0,0,0,0.00,0,0,0,0,0,0,0.00,0,0,0,0,0,0,0,0,0,0,0,,0,0,1,1,0,0,2,0,0,0,,0,,0,0,0,0,1,1,0.0,,0,1,1,5,3.00,0,0,0,0.00,-1.21,0.0,0.0,0.0,0.00,-0.49,0,0,0,0,0,0,0,
481,Jesús Piñuelas,mx MEX,DF,Querétaro,26,1998,4,2,215,2.4,0,0,0,0,0,0,0,0,0.0,0.0,0.0,0.0,0,3,1,0.00,0.00,0.00,0.00,0.00,0.01,0.01,0.01,0.01,0.01,Matches,0,0,,0.00,0.00,,,,0,,0.0,0.0,1,1,100.0,38,0,0,0,,0,0,,1,1,100.0,0.0,0.0,0,0,0,0,1,0,0,0,0,0,0,0,0,0,0,0,0,0.00,0,0,0,0,0,0,0.00,0,0,0,0,0,0,0,0,0,0,0,,0,0,1,1,0,0,2,0,0,0,,0,,0,0,0,0,1,1,0.0,,0,1,1,5,3.00,0,0,0,0.00,-1.21,0.0,0.0,0.0,0.00,-0.49,0,0,0,0,0,0,0,
516,Jesús Rivas,mx MEX,DF,Puebla,21,2002,12,9,856,9.5,0,1,1,0,0,0,2,0,0.0,0.0,1.1,1.1,12,26,26,0.00,0.11,0.11,0.00,0.11,0.00,0.11,0.12,0.00,0.12,Matches,1,0,0.0,0.11,0.00,0.00,,21.4,0,0.04,0.0,0.0,251,376,66.8,4402,1866,117,137,85.4,93,138,67.4,31,73,42.5,0.8,-0.1,5,25,4,4,284,91,0,1,28,85,0,0,0,0,1,14,11,1.16,6,0,1,2,1,1,0.11,1,0,0,0,0,39,22,22,14,3,26,57.8,19,8,9,48,39,0,508,40,8,2,22.2,7,77.8,202,2,11,6,228,71,28.0,86,6,3,27,0,0.67,11,14,-3,-0.32,+0.66,8.0,10.6,-2.6,-0.28,+0.19,0,21,0,0,0,28,6,50.0
517,Jesús Rivas,mx MEX,DF,UNAM,21,2002,3,1,141,1.6,0,1,1,0,0,0,0,0,0.0,0.0,0.1,0.1,1,6,3,0.00,0.64,0.64,0.00,0.64,0.02,0.05,0.06,0.02,0.06,Matches,1,0,0.0,0.11,0.00,0.00,,21.4,0,0.04,0.0,0.0,251,376,66.8,4402,1866,117,137,85.4,93,138,67.4,31,73,42.5,0.8,-0.1,5,25,4,4,284,91,0,1,28,85,0,0,0,0,1,14,11,1.16,6,0,1,2,1,1,0.11,1,0,0,0,0,39,22,22,14,3,26,57.8,19,8,9,48,39,0,508,40,8,2,22.2,7,77.8,202,2,11,6,228,71,28.0,86,6,3,27,0,0.67,11,14,-3,-0.32,+0.66,8.0,10.6,-2.6,-0.28,+0.19,0,21,0,0,0,28,6,50.0
529,Jesús Rodríguez,mx MEX,GK,Puebla,31,1993,4,4,360,4.0,0,0,0,0,0,0,0,0,0.0,0.0,0.0,0.0,0,0,0,0.00,0.00,0.00,0.00,0.00,0.00,0.00,0.00,0.00,0.00,Matches,0,0,,0.00,0.00,,,,0,,0.0,0.0,136,161,84.5,3772,2491,18,19,94.7,75,76,98.7,43,66,65.2,0.0,0.0,0,1,0,0,119,42,0,1,0,0,0,0,0,0,0,0,2,0.50,2,0,0,0,0,0,0.00,0,0,0,0,0,0,0,0,0,0,0,,0,0,0,0,1,1,169,112,0,0,,0,,96,0,0,0,86,90,11.8,90,4,0,,24,1.00,5,8,-3,-0.75,+0.05,6.0,4.4,+1.6,+0.40,+0.92,0,0,0,0,0,7,1,100.0
578,Jesús Serrato,mx MEX,MF,Atlas,18,2005,9,6,356,4.0,0,0,0,0,0,0,3,0,0.0,0.0,0.0,0.1,7,9,8,0.00,0.00,0.00,0.00,0.00,0.01,0.01,0.02,0.01,0.02,Matches,1,0,0.0,0.25,0.00,0.00,,21.3,0,0.03,0.0,0.0,75,97,77.3,893,186,52,61,85.2,17,20,85.0,1,5,20.0,0.1,0.0,2,4,3,0,95,1,0,0,0,1,0,0,0,0,1,4,6,1.51,6,0,0,0,0,0,0.00,0,0,0,0,0,7,4,2,3,2,3,25.0,9,5,3,10,0,0,148,0,1,2,16.7,10,83.3,88,1,15,3,92,40,11.6,51,1,3,17,8,0.56,3,7,-4,-1.01,-0.71,3.3,5.3,-2.1,-0.52,-0.55,0,13,0,0,0,16,3,42.9
565,Jesús Sánchez García,mx MEX,DF,Guadalajara,34,1989,1,0,15,0.2,0,0,0,0,0,0,0,0,0.0,0.0,0.0,0.0,0,4,1,0.00,0.00,0.00,0.00,0.00,0.00,0.00,0.00,0.00,0.00,Matches,0,0,,0.00,0.00,,,,0,,0.0,0.0,23,24,95.8,443,98,7,7,100.0,12,12,100.0,3,4,75.0,0.0,0.0,0,3,0,0,22,2,0,0,0,2,0,0,0,0,0,0,0,0.00,0,0,0,0,0,0,0.00,0,0,0,0,0,1,1,0,1,0,0,,0,0,0,1,0,0,25,0,0,0,,0,,18,0,0,0,20,15,0.5,,0,1,15,8,3.00,1,0,+1,+6.00,+5.85,1.0,0.0,+1.0,+6.08,+5.89,0,0,0,0,0,0,0,
613,Jesús Vega,mx MEX,"FW,DF",Tijuana,24,2000,14,8,694,7.7,2,3,5,2,0,0,0,0,0.3,0.3,1.6,1.9,14,25,39,0.26,0.39,0.65,0.26,0.65,0.04,0.21,0.24,0.04,0.24,Matches,9,3,33.3,1.17,0.39,0.22,0.67,28.1,0,0.03,+1.7,+1.7,193,268,72.0,3442,1420,87,100,87.0,86,116,74.1,16,38,42.1,1.4,+1.4,10,12,15,9,236,32,0,3,31,29,0,0,0,0,0,8,22,2.85,20,1,1,0,0,5,0.65,4,0,1,0,0,17,14,12,5,0,12,63.2,7,4,8,25,20,0,348,15,9,10,62.5,6,37.5,176,3,9,1,192,50,22.7,69,4,6,24,14,1.40,18,13,+5,+0.65,+1.10,10.8,11.2,-0.3,-0.04,+0.44,0,5,0,0,0,24,5,62.5
617,Jesús Venegas,mx MEX,"MF,FW",FC Juárez,29,1995,10,4,374,4.2,1,1,2,1,0,0,1,0,0.6,0.6,0.1,0.7,1,13,8,0.24,0.24,0.48,0.24,0.48,0.15,0.02,0.17,0.15,0.17,Matches,6,1,16.7,1.44,0.24,0.17,1.00,21.4,0,0.10,+0.4,+0.4,87,118,73.7,1726,560,31,38,81.6,42,55,76.4,13,22,59.1,0.1,+0.9,3,11,0,0,113,5,0,1,0,2,0,0,0,0,0,0,5,1.21,4,0,0,0,1,2,0.48,2,0,0,0,0,5,3,2,2,1,2,33.3,4,3,5,10,3,0,153,8,4,3,75.0,1,25.0,78,0,6,0,86,37,12.2,70,1,6,16,5,1.00,6,14,-8,-1.93,-1.56,4.8,9.2,-4.4,-1.06,-0.61,0,3,0,0,0,12,3,37.5
188,Jeyson Duran,mx MEX,MF,Cruz Azul,19,2005,1,0,9,0.1,0,0,0,0,0,0,0,0,0.0,0.0,0.0,0.0,1,0,1,0.00,0.00,0.00,0.00,0.00,0.00,0.00,0.00,0.00,0.00,Matches,0,0,,0.00,0.00,,,,0,,0.0,0.0,3,5,60.0,22,0,3,5,60.0,0,0,,0,0,,0.0,0.0,0,0,0,0,5,0,0,0,0,0,0,0,0,0,0,0,1,10.00,1,0,0,0,0,0,0.00,0,0,0,0,0,0,0,0,0,0,0,,0,0,0,0,0,0,7,0,0,0,,0,,6,0,2,0,7,9,0.3,,0,1,9,1,1.00,0,0,0,0.00,-1.09,0.3,0.0,+0.2,+2.28,+1.58,0,0,0,0,0,0,0,
338,Jhojan Julio,ec ECU,"FW,DF",Tijuana,26,1998,8,2,331,3.7,1,1,2,1,0,0,1,0,0.5,0.5,0.4,0.8,4,9,36,0.27,0.27,0.54,0.27,0.54,0.12,0.11,0.23,0.12,0.23,Matches,2,1,50.0,0.54,0.27,0.50,1.00,15.3,0,0.23,+0.5,+0.5,83,108,76.9,1248,300,44,53,83.0,30,37,81.1,6,9,66.7,0.3,+0.6,3,8,7,2,108,0,1,1,10,0,0,0,0,0,0,5,9,2.45,8,0,0,1,0,2,0.54,2,0,0,0,0,10,7,5,4,1,6,85.7,1,2,3,13,1,0,156,0,13,4,28.6,9,64.3,105,3,8,8,120,41,10.8,90,2,6,25,1,1.25,8,10,-2,-0.54,-0.38,6.1,8.5,-2.4,-0.65,-0.31,0,7,0,0,0,17,0,0.0
429,Jhon Murillo,ve VEN,"FW,DF",Atlético,28,1995,10,4,345,3.8,0,0,0,0,0,0,1,0,0.1,0.1,0.0,0.1,10,8,33,0.00,0.00,0.00,0.00,0.00,0.02,0.01,0.03,0.02,0.03,Matches,2,0,0.0,0.52,0.00,0.00,,10.2,0,0.04,-0.1,-0.1,133,164,81.1,2038,402,69,77,89.6,55,70,78.6,3,7,42.9,0.1,0.0,1,4,2,1,141,21,0,0,5,21,0,0,0,0,2,4,5,1.30,4,0,0,0,0,0,0.00,0,0,0,0,0,1,0,1,0,0,0,0.0,4,1,1,2,5,1,199,4,5,3,33.3,6,66.7,113,2,10,2,147,35,11.3,63,0,6,15,3,0.60,2,9,-7,-1.83,-1.89,2.1,6.2,-4.1,-1.06,-0.85,0,4,0,0,0,15,2,33.3
430,Jhon Murillo,ve VEN,"FW,DF",Atlas,28,1995,17,13,1261,14.0,2,2,4,2,0,0,1,0,2.7,2.7,0.9,3.6,41,21,72,0.14,0.14,0.29,0.14,0.29,0.19,0.06,0.26,0.19,0.26,Matches,2,0,0.0,0.52,0.00,0.00,,10.2,0,0.04,-0.1,-0.1,133,164,81.1,2038,402,69,77,89.6,55,70,78.6,3,7,42.9,0.1,0.0,1,4,2,1,141,21,0,0,5,21,0,0,0,0,2,4,5,1.30,4,0,0,0,0,0,0.00,0,0,0,0,0,1,0,1,0,0,0,0.0,4,1,1,2,5,1,199,4,5,3,33.3,6,66.7,113,2,10,2,147,35,11.3,63,0,6,15,3,0.60,2,9,-7,-1.83,-1.89,2.1,6.2,-4.1,-1.06,-0.85,0,4,0,0,0,15,2,33.3
104,Jhonder Cádiz,ve VEN,FW,León,29,1995,32,22,2094,23.3,12,4,16,11,1,2,5,0,12.9,11.3,1.7,13.0,28,36,114,0.52,0.17,0.69,0.47,0.64,0.56,0.07,0.63,0.49,0.56,Matches,91,41,45.1,3.91,1.76,0.12,0.27,15.2,0,0.13,-0.9,-0.3,257,427,60.2,3912,762,148,213,69.5,84,134,62.7,17,36,47.2,0.9,+2.3,23,26,8,1,365,60,1,3,12,7,0,0,0,0,2,20,58,2.49,36,0,4,9,0,8,0.34,6,0,0,1,0,13,9,1,4,8,5,41.7,7,4,1,14,22,0,673,29,124,7,41.2,10,58.8,350,18,63,27,504,65,68.4,84,10,10,26,1,1.32,29,30,-1,-0.04,-0.23,30.5,30.9,-0.4,-0.02,+0.42,0,31,1,0,0,27,83,53.2
439,Joan Nungaray,mx MEX,FW,Puebla,19,2004,1,0,2,0.0,0,0,0,0,0,0,0,0,0.0,0.0,0.0,0.0,0,0,0,0.00,0.00,0.00,0.00,0.00,0.00,0.00,0.00,0.00,0.00,Matches,0,0,,0.00,0.00,,,,0,,0.0,0.0,0,0,,0,0,0,0,,0,0,,0,0,,0.0,0.0,0,0,0,0,0,0,0,0,0,0,0,0,0,0,0,0,0,0.00,0,0,0,0,0,0,0.00,0,0,0,0,0,0,0,0,0,0,0,,0,0,0,0,0,0,0,0,0,0,,0,,0,0,0,0,0,2,0.1,,0,1,2,4,0.00,0,0,0,0.00,+0.79,0.0,0.4,-0.4,-19.21,-18.81,0,0,0,0,0,0,0,0.0
331,Joaquim,br BRA,DF,UANL,25,1998,28,28,2493,27.7,2,2,4,2,0,0,8,0,5.0,5.0,1.5,6.5,25,81,15,0.07,0.07,0.14,0.07,0.14,0.18,0.05,0.23,0.18,0.23,Matches,34,7,20.6,1.23,0.25,0.06,0.29,12.6,0,0.15,-3.0,-3.0,984,1197,82.2,19895,7040,305,334,91.3,554,630,87.9,119,209,56.9,0.6,+0.5,7,81,5,0,1147,47,1,10,2,2,0,0,0,0,3,11,17,0.61,9,0,1,1,0,4,0.14,2,0,0,1,0,55,41,40,13,2,29,76.3,9,10,37,92,133,1,1535,151,52,8,50.0,7,43.8,807,1,20,9,927,89,81.5,89,24,0,,1,1.70,41,27,+14,+0.51,-0.45,39.6,29.7,+9.9,+0.36,-0.19,0,27,0,2,0,115,87,67.4
214,Joaquín Fernández,uy URU,DF,Tijuana,25,1999,5,1,195,2.2,0,0,0,0,0,0,0,1,0.0,0.0,0.0,0.0,1,4,5,0.00,0.00,0.00,0.00,0.00,0.01,0.00,0.01,0.01,0.01,Matches,1,1,100.0,0.46,0.46,0.00,0.00,28.0,0,0.01,0.0,0.0,63,83,75.9,1083,499,22,24,91.7,34,44,77.3,4,8,50.0,0.0,0.0,0,5,0,0,60,22,0,1,2,19,0,0,0,0,1,2,1,0.46,0,0,0,1,0,0,0.00,0,0,0,0,0,4,4,3,1,0,3,60.0,2,4,3,7,3,0,103,3,0,0,,0,,44,0,1,1,52,39,6.4,90,1,4,26,4,1.20,2,5,-3,-1.38,-1.26,1.0,4.9,-3.9,-1.82,-1.53,0,4,0,0,0,9,1,20.0
424,Joaquín Moxica,mx MEX,FW,Monterrey,18,2006,2,0,30,0.3,0,0,0,0,0,0,0,0,0.2,0.2,0.0,0.2,0,0,4,0.00,0.00,0.00,0.00,0.00,0.53,0.09,0.62,0.53,0.62,Matches,2,1,50.0,6.00,3.00,0.00,0.00,16.3,0,0.09,-0.2,-0.2,3,5,60.0,19,5,2,2,100.0,0,1,0.0,0,0,,0.0,0.0,1,0,0,0,5,0,0,0,0,0,0,0,0,0,0,0,1,3.00,1,0,0,0,0,0,0.00,0,0,0,0,0,1,0,1,0,0,0,,0,0,0,1,0,0,10,0,1,0,0.0,1,100.0,7,0,1,2,8,15,1.0,,0,2,15,1,3.00,0,0,0,0.00,-0.48,0.4,0.2,+0.1,+0.40,-0.01,0,0,0,0,0,0,2,100.0
,Joban González,,,,,,,,,,,,,,,,,,,,,,,,,,,,,,,,,,,,,,,,,,,,,,,,,,,,,,,,,,,,,,,,,,,,,,,,,,,,,,,,,,,,,,,,,,,,,,,,,,,,,,,,,,,,,,,,,,,,,,,,,,0,0,,1,,,,,,,,,,,,,,,,,,,
148,Joe Corona,us USA,MF,Tijuana,34,1990,21,13,985,10.9,1,1,2,1,0,0,4,0,1.3,1.3,0.8,2.0,9,62,21,0.09,0.09,0.18,0.09,0.18,0.11,0.07,0.18,0.11,0.18,Matches,12,3,25.0,1.10,0.27,0.08,0.33,20.7,0,0.10,-0.3,-0.3,533,610,87.4,9191,2726,230,256,89.8,255,276,92.4,36,51,70.6,0.7,+0.2,13,74,4,1,593,16,0,2,4,0,0,0,0,0,1,7,22,2.01,19,1,0,1,0,2,0.18,2,0,0,0,0,23,15,8,15,0,9,47.4,10,5,15,38,20,1,731,32,13,8,57.1,6,42.9,441,0,16,5,509,47,32.2,59,2,8,27,11,1.48,14,20,-6,-0.55,-0.50,15.6,17.4,-1.9,-0.17,+0.31,0,18,0,0,0,58,15,44.1
177,Joel Domínguez,mx MEX,MF,Monterrey,19,2005,1,0,4,0.0,0,0,0,0,0,0,0,0,0.0,0.0,0.0,0.0,0,0,0,0.00,0.00,0.00,0.00,0.00,0.00,0.00,0.00,0.00,0.00,Matches,0,0,,0.00,0.00,,,,0,,0.0,0.0,4,4,100.0,68,7,1,1,100.0,3,3,100.0,0,0,,0.0,0.0,0,0,0,0,4,0,0,0,0,0,0,0,0,0,0,0,0,0.00,0,0,0,0,0,0,0.00,0,0,0,0,0,1,1,0,1,0,1,100.0,0,0,0,1,1,0,6,1,1,0,,0,,2,0,0,0,3,4,0.1,,0,1,4,3,3.00,0,1,-1,-22.50,-23.00,0.3,0.0,+0.2,+5.59,+5.19,0,0,0,0,0,0,1,100.0
535,Johan Rojas,co COL,"MF,DF",Necaxa,21,2002,11,8,534,5.9,1,2,3,1,0,0,0,0,0.4,0.4,1.7,2.1,16,22,38,0.17,0.34,0.51,0.17,0.51,0.06,0.28,0.35,0.06,0.35,Matches,16,6,37.5,2.70,1.01,0.06,0.17,26.2,0,0.02,+0.6,+0.6,220,276,79.7,3881,1074,107,119,89.9,82,96,85.4,25,48,52.1,0.9,+0.3,17,20,7,4,251,24,0,10,29,7,16,8,0,0,1,5,30,5.02,21,3,4,0,1,2,0.33,1,1,0,0,0,14,12,6,6,2,5,45.5,6,3,2,16,9,0,342,7,15,9,60.0,6,40.0,209,5,4,3,237,49,17.5,63,0,3,9,0,2.08,14,8,+6,+1.01,+1.19,9.5,7.5,+2.0,+0.34,+0.52,0,5,0,0,0,29,1,16.7
536,Johan Rojas,co COL,"FW,MF",Monterrey,21,2002,14,3,536,6.0,2,1,3,2,0,0,2,0,2.2,2.2,0.9,3.2,16,33,62,0.34,0.17,0.50,0.34,0.50,0.38,0.16,0.53,0.38,0.53,Matches,16,6,37.5,2.70,1.01,0.06,0.17,26.2,0,0.02,+0.6,+0.6,220,276,79.7,3881,1074,107,119,89.9,82,96,85.4,25,48,52.1,0.9,+0.3,17,20,7,4,251,24,0,10,29,7,16,8,0,0,1,5,30,5.02,21,3,4,0,1,2,0.33,1,1,0,0,0,14,12,6,6,2,5,45.5,6,3,2,16,9,0,342,7,15,9,60.0,6,40.0,209,5,4,3,237,49,17.5,63,0,3,9,0,2.08,14,8,+6,+1.01,+1.19,9.5,7.5,+2.0,+0.34,+0.52,0,5,0,0,0,29,1,16.7
341,John Kennedy,br BRA,"MF,FW",Pachuca,22,2002,17,15,1120,12.4,9,1,10,9,0,0,3,0,6.4,6.4,1.2,7.6,38,36,92,0.72,0.08,0.80,0.72,0.80,0.51,0.09,0.61,0.51,0.61,Matches,37,20,54.1,2.97,1.61,0.24,0.45,14.7,0,0.17,+2.6,+2.6,194,284,68.3,2859,737,111,148,75.0,58,77,75.3,15,27,55.6,0.7,-0.2,15,23,5,0,276,5,2,5,8,2,0,0,0,0,3,11,39,3.13,24,0,8,4,0,7,0.56,2,0,3,1,0,4,2,1,3,0,1,33.3,2,11,2,6,2,0,469,1,77,17,26.6,47,73.4,341,16,55,33,402,66,36.6,69,1,2,40,0,1.60,22,15,+7,+0.56,+1.03,18.0,11.4,+6.6,+0.53,+0.44,0,20,0,0,0,26,7,53.8
620,Jonatan Villal,us USA,"FW,MF",Atlético,19,2005,6,0,57,0.6,0,0,0,0,0,0,0,0,0.0,0.0,0.1,0.1,6,7,13,0.00,0.00,0.00,0.00,0.00,0.03,0.17,0.20,0.03,0.20,Matches,1,0,0.0,1.58,0.00,0.00,,17.6,0,0.02,0.0,0.0,34,42,81.0,437,130,24,29,82.8,8,10,80.0,1,1,100.0,0.1,-0.1,2,3,3,0,40,2,0,0,1,2,0,0,0,0,0,2,4,6.32,4,0,0,0,0,0,0.00,0,0,0,0,0,2,1,0,1,1,0,,0,1,0,2,0,0,51,0,2,1,25.0,3,75.0,30,2,2,1,39,10,1.9,,0,6,10,8,1.00,0,1,-1,-1.58,-1.46,1.5,0.6,+0.9,+1.36,+1.70,0,0,0,0,0,3,1,50.0
,Jonathan Estrada,,,,,,,,,,,,,,,,,,,,,,,,,,,,,,,,,,,,,,,,,,,,,,,,,,,,,,,,,,,,,,,,,,,,,,,,,,,,,,,,,,,,,,,,,,,,,,,,,,,,,,,,,,,,,,,,,,,,,,,,,,0,0,,2,,,,,,,,,,,,,,,,,,,
221,Jonathan Flores,mx MEX,DF,UNAM,18,2006,1,1,90,1.0,0,0,0,0,0,0,1,0,0.0,0.0,0.0,0.0,1,1,1,0.00,0.00,0.00,0.00,0.00,0.02,0.00,0.02,0.02,0.02,Matches,1,1,100.0,1.00,1.00,0.00,0.00,31.1,0,0.02,0.0,0.0,36,46,78.3,499,195,21,21,100.0,12,16,75.0,1,3,33.3,0.0,0.0,0,5,0,0,31,14,0,0,0,12,0,0,0,0,1,2,2,2.00,0,1,0,0,1,0,0.00,0,0,0,0,0,3,1,2,1,0,2,100.0,0,2,0,3,3,0,64,3,0,0,0.0,2,100.0,26,0,3,0,30,90,2.9,90,1,0,,4,0.00,0,1,-1,-1.00,-1.18,0.9,0.5,+0.4,+0.38,0.00,0,1,0,0,0,1,0,0.0
273,Jonathan González,mx MEX,MF,FC Juárez,25,1999,22,15,1116,12.4,0,1,1,0,0,0,3,0,0.0,0.0,0.2,0.2,3,25,3,0.00,0.08,0.08,0.00,0.08,0.00,0.02,0.02,0.00,0.02,Matches,2,0,0.0,0.16,0.00,0.00,,28.9,0,0.02,0.0,0.0,444,504,88.1,7668,2236,186,201,92.5,225,250,90.0,28,40,70.0,0.1,+0.8,3,28,1,0,492,12,0,2,1,0,0,0,0,0,0,4,12,0.97,10,0,0,0,2,1,0.08,1,0,0,0,0,18,12,9,9,0,4,50.0,4,6,25,43,31,0,609,41,0,1,50.0,0,0.0,316,0,7,10,395,51,36.5,65,2,7,19,6,1.18,13,20,-7,-0.56,-0.01,11.2,16.7,-5.6,-0.45,+0.12,0,8,0,0,0,45,6,40.0
477,Jonathan Perlaza,ec ECU,"DF,MF",Querétaro,26,1997,14,5,544,6.0,0,0,0,0,0,0,1,0,0.0,0.0,0.3,0.3,13,14,26,0.00,0.00,0.00,0.00,0.00,0.00,0.04,0.05,0.00,0.05,Matches,1,1,100.0,0.17,0.17,0.00,0.00,30.3,0,0.01,0.0,0.0,175,229,76.4,2792,1333,90,102,88.2,67,84,79.8,13,28,46.4,0.3,-0.3,4,14,5,4,191,37,0,0,29,28,3,0,2,0,1,8,9,1.49,5,3,1,0,0,0,0.00,0,0,0,0,0,16,11,11,4,1,5,35.7,9,3,3,19,11,0,273,7,3,3,75.0,1,25.0,147,1,6,2,167,39,17.8,66,0,9,24,7,1.14,4,8,-4,-0.66,+0.09,4.4,7.4,-3.1,-0.51,+0.32,0,10,0,0,0,19,1,25.0
474,Jonathan Pérez,mx MEX,DF,Santos,18,2005,14,12,984,10.9,1,0,1,1,0,0,4,0,0.8,0.8,0.0,0.8,4,22,4,0.09,0.00,0.09,0.09,0.09,0.07,0.00,0.07,0.07,0.07,Matches,6,1,16.7,0.55,0.09,0.17,1.00,9.3,0,0.13,+0.2,+0.2,432,534,80.9,7990,3438,161,174,92.5,221,256,86.3,40,83,48.2,0.1,0.0,2,20,1,1,489,44,0,5,3,24,0,0,0,0,1,7,5,0.46,5,0,0,0,0,0,0.00,0,0,0,0,0,26,16,19,5,2,9,60.0,6,8,21,47,57,0,674,95,7,2,66.7,1,33.3,383,1,4,3,416,70,32.2,80,9,2,11,7,0.64,6,23,-17,-1.55,-0.60,10.6,21.6,-11.0,-1.00,-0.30,0,11,0,0,0,31,16,55.2
,Jonathan Reyes,,,,,,,,,,,,,,,,,,,,,,,,,,,,,,,,,,,,,,,,,,,,,,,,,,,,,,,,,,,,,,,,,,,,,,,,,,,,,,,,,,,,,,,,,,,,,,,,,,,,,,,,,,,,,,,,,,,,,,,,,,0,0,,2,,,,,,,,,,,,,,,,,,,
183,Jonathan dos Santos,mx MEX,MF,América,34,1990,20,16,1122,12.5,0,0,0,0,0,0,4,0,0.3,0.3,0.2,0.5,10,75,19,0.00,0.00,0.00,0.00,0.00,0.02,0.01,0.04,0.02,0.04,Matches,8,1,12.5,0.64,0.08,0.00,0.00,27.5,0,0.04,-0.3,-0.3,834,901,92.6,14513,4224,365,382,95.5,359,380,94.5,83,103,80.6,0.6,-0.2,6,87,6,1,865,32,0,8,5,3,0,0,0,0,4,3,17,1.36,15,0,0,0,1,0,0.00,0,0,0,0,0,38,25,20,17,1,20,52.6,18,11,18,56,18,0,1027,53,6,11,47.8,11,47.8,615,0,18,11,755,56,36.7,67,1,4,13,3,1.71,14,11,+3,+0.24,-1.01,16.8,10.6,+6.3,+0.50,-0.57,0,13,0,0,0,98,2,50.0
121,Jordan Carrillo,mx MEX,"MF,FW",Santos,22,2001,26,14,1388,15.4,0,0,0,0,0,0,2,0,1.2,1.2,2.4,3.6,41,76,80,0.00,0.00,0.00,0.00,0.00,0.08,0.16,0.23,0.08,0.23,Matches,23,8,34.8,1.49,0.52,0.00,0.00,22.9,2,0.05,-1.2,-1.2,647,795,81.4,10847,2839,347,372,93.3,211,255,82.7,73,129,56.6,2.8,-2.4,37,67,13,6,712,83,2,10,76,6,35,13,19,0,0,16,77,4.99,35,18,8,14,0,5,0.32,2,1,1,1,0,33,15,15,13,5,21,60.0,14,12,7,40,5,0,992,8,25,52,59.1,34,38.6,652,4,38,24,743,53,45.4,77,6,12,26,4,0.42,13,32,-19,-1.23,-0.16,15.7,32.7,-16.9,-1.10,-0.55,0,24,0,0,0,85,5,23.8
580,Jordan Sierra,ec ECU,MF,Mazatlán,27,1997,32,23,2009,22.3,1,1,2,1,0,0,2,0,2.5,2.5,1.8,4.3,26,97,58,0.04,0.04,0.09,0.04,0.09,0.11,0.08,0.19,0.11,0.19,Matches,21,6,28.6,0.94,0.27,0.05,0.17,20.5,0,0.12,-1.5,-1.5,783,921,85.0,12768,3923,375,423,88.7,344,384,89.6,43,64,67.2,1.7,-0.8,17,92,9,0,897,21,2,5,3,9,1,0,0,0,3,12,38,1.70,30,1,1,2,1,1,0.04,1,0,0,0,0,35,19,20,15,0,15,42.9,20,15,21,56,25,1,1120,35,24,8,26.7,20,66.7,625,5,30,13,708,63,65.7,76,9,9,28,1,0.94,19,30,-11,-0.49,+0.19,25.5,27.9,-2.4,-0.11,+0.35,0,13,0,1,0,144,9,37.5
151,Jordi Cortizo,mx MEX,"MF,FW",Monterrey,28,1996,23,11,915,10.2,2,1,3,2,0,0,5,0,0.9,0.9,1.5,2.4,19,51,64,0.20,0.10,0.30,0.20,0.30,0.09,0.15,0.24,0.09,0.24,Matches,14,4,28.6,1.38,0.39,0.14,0.50,20.5,1,0.06,+1.1,+1.1,388,459,84.5,5885,1603,207,228,90.8,137,160,85.6,27,40,67.5,2.0,-0.5,14,40,13,3,437,22,2,4,13,6,7,1,3,0,0,10,45,4.44,35,3,5,1,0,3,0.30,3,0,0,0,0,24,16,7,15,2,11,39.3,17,7,7,31,3,0,614,4,26,32,53.3,27,45.0,418,5,47,29,481,40,29.9,62,0,12,19,6,1.81,14,11,+3,+0.30,-0.25,12.4,11.3,+1.1,+0.11,-0.43,0,16,0,0,0,47,3,25.0
19,Jordy Alcivar,ec ECU,"MF,FW",León,24,1999,10,5,395,4.4,0,0,0,0,0,0,0,0,0.5,0.5,0.2,0.7,5,17,7,0.00,0.00,0.00,0.00,0.00,0.12,0.05,0.16,0.12,0.16,Matches,5,3,60.0,1.14,0.68,0.00,0.00,29.2,3,0.10,-0.5,-0.5,138,184,75.0,2862,874,50,67,74.6,61,74,82.4,25,35,71.4,0.2,-0.2,6,12,2,0,172,11,1,2,10,1,7,3,3,1,1,3,12,2.73,7,2,0,0,1,1,0.23,1,0,0,0,0,2,1,1,1,0,0,0.0,5,5,5,7,5,1,233,6,2,3,37.5,5,62.5,128,0,10,5,131,40,12.9,66,0,5,13,4,1.00,5,7,-2,-0.46,-0.56,5.4,8.1,-2.7,-0.62,-0.54,0,6,0,1,0,28,1,33.3
14,Jorge Agustín Rodríguez,ar ARG,"MF,DF",Monterrey,28,1995,29,28,2386,26.5,1,0,1,1,0,0,5,0,0.5,0.5,1.1,1.6,3,153,22,0.04,0.00,0.04,0.04,0.04,0.02,0.04,0.06,0.02,0.06,Matches,17,2,11.8,0.64,0.08,0.06,0.50,24.9,0,0.03,+0.5,+0.5,1346,1555,86.6,25239,8469,545,605,90.1,630,688,91.6,154,216,71.3,1.1,-1.1,20,175,9,1,1499,55,1,11,3,3,1,0,0,0,1,19,41,1.55,37,0,0,1,2,2,0.08,2,0,0,0,0,82,50,38,43,1,39,60.0,26,22,33,115,68,0,1849,129,15,10,62.5,5,31.3,957,0,13,8,1199,82,78.0,85,21,1,12,2,1.67,44,33,+11,+0.41,-0.25,39.9,30.9,+9.1,+0.34,-0.30,0,31,0,0,0,133,36,55.4
85,Jorge Berlanga,mx MEX,DF,Pachuca,21,2003,16,11,1012,11.2,0,1,1,0,0,0,5,1,0.0,0.0,0.6,0.6,6,34,10,0.00,0.09,0.09,0.00,0.09,0.00,0.05,0.05,0.00,0.05,Matches,1,0,0.0,0.09,0.00,0.00,,28.3,0,0.02,0.0,0.0,384,466,82.4,6877,2752,155,171,90.6,189,212,89.2,30,59,50.8,0.4,+0.4,7,28,4,1,396,69,1,1,7,54,0,0,0,0,1,9,10,0.89,9,1,0,0,0,1,0.09,1,0,0,0,0,26,18,16,9,1,15,60.0,10,6,27,53,40,0,592,47,4,1,25.0,3,75.0,285,1,5,2,321,63,33.1,80,7,5,26,8,1.32,13,15,-2,-0.18,-0.13,13.6,11.7,+1.9,+0.17,-0.13,1,19,0,0,0,33,15,68.2
195,Jorge Eduardo Sánchez,mx MEX,"DF,FW",Cruz Azul,26,1997,28,27,2293,25.5,1,1,2,1,0,1,3,0,2.9,2.1,2.6,4.7,60,88,181,0.04,0.04,0.08,0.04,0.08,0.11,0.10,0.22,0.08,0.18,Matches,25,10,40.0,0.98,0.39,0.04,0.10,15.0,0,0.08,-1.9,-1.1,1093,1349,81.0,18454,5628,554,607,91.3,414,511,81.0,97,145,66.9,2.7,-1.6,31,56,39,24,1094,250,2,6,83,237,0,0,0,0,5,35,68,2.67,57,4,1,0,0,8,0.31,7,0,0,0,0,62,30,27,24,11,32,52.5,29,22,19,81,53,1,1672,68,77,29,41.4,39,55.7,900,8,50,20,1022,82,74.9,84,19,1,18,2,2.06,50,20,+30,+1.18,+0.36,42.0,21.2,+20.8,+0.82,+0.43,0,31,0,0,0,99,14,35.0
244,Jorge García,mx MEX,"MF,FW",Cruz Azul,22,2002,3,0,77,0.9,0,0,0,0,0,0,1,0,0.0,0.0,0.1,0.1,1,3,5,0.00,0.00,0.00,0.00,0.00,0.00,0.16,0.16,0.00,0.16,Matches,0,0,,0.00,0.00,,,,0,,0.0,0.0,23,27,85.2,407,184,10,10,100.0,8,10,80.0,3,3,100.0,0.2,-0.1,1,2,0,0,26,1,0,1,1,1,0,0,0,0,0,1,1,1.18,1,0,0,0,0,0,0.00,0,0,0,0,0,1,1,0,1,0,0,0.0,1,1,3,4,1,0,37,2,2,0,0.0,1,100.0,25,1,1,2,28,26,2.5,,0,3,26,11,2.50,2,1,+1,+1.17,+0.08,0.8,0.6,+0.2,+0.26,-0.46,0,1,0,0,0,5,0,
295,Jorge Guzmán,mx MEX,"MF,DF",Atlas,20,2003,11,4,375,4.2,0,1,1,0,0,0,1,0,0.2,0.2,0.4,0.6,10,10,22,0.00,0.24,0.24,0.00,0.24,0.04,0.10,0.14,0.04,0.14,Matches,3,1,33.3,0.72,0.24,0.00,0.00,19.7,0,0.05,-0.2,-0.2,116,159,73.0,1757,732,72,86,83.7,34,51,66.7,7,14,50.0,0.5,+0.6,5,7,5,3,136,21,0,2,14,19,1,0,0,0,2,4,12,2.87,8,0,3,1,0,1,0.24,1,0,0,0,0,8,6,1,6,1,3,100.0,0,4,2,10,8,0,206,6,6,6,54.5,5,45.5,99,3,7,4,113,34,12.3,76,1,7,10,3,0.73,4,5,-1,-0.24,+0.16,3.7,4.3,-0.6,-0.14,-0.11,0,5,0,0,0,21,4,57.1
306,Jorge Hernández,mx MEX,GK,Querétaro,25,1998,9,9,810,9.0,0,0,0,0,0,0,1,0,0.0,0.0,0.0,0.0,0,0,0,0.00,0.00,0.00,0.00,0.00,0.00,0.00,0.00,0.00,0.00,Matches,0,0,,0.00,0.00,,,,0,,0.0,0.0,123,223,55.2,3908,2797,35,35,100.0,38,38,100.0,50,149,33.6,0.0,0.0,0,4,0,0,113,109,0,0,0,0,0,0,0,0,1,0,2,0.22,1,1,0,0,0,0,0.00,0,0,0,0,0,0,0,0,0,0,0,,0,0,0,0,3,0,247,229,0,0,,0,,91,0,0,0,61,90,26.5,90,9,0,,24,1.11,7,13,-6,-0.67,+0.09,7.0,12.0,-5.0,-0.56,+0.29,0,0,0,0,0,6,1,100.0
530,Jorge Rodríguez,mx MEX,DF,Puebla,22,2001,12,7,603,6.7,0,0,0,0,0,0,2,0,0.1,0.1,0.1,0.3,13,13,22,0.00,0.00,0.00,0.00,0.00,0.02,0.02,0.04,0.02,0.04,Matches,4,0,0.0,0.60,0.00,0.00,,16.6,0,0.03,-0.1,-0.1,203,280,72.5,2984,1229,125,141,88.7,61,92,66.3,11,26,42.3,0.2,-0.1,4,9,2,1,198,78,0,0,14,76,0,0,0,0,4,8,7,1.01,4,0,1,1,0,0,0.00,0,0,0,0,0,20,12,14,5,1,5,38.5,8,11,5,25,16,0,359,17,9,5,50.0,5,50.0,145,2,7,5,178,50,19.7,72,3,5,20,15,0.67,1,10,-9,-1.34,-0.68,3.8,9.0,-5.1,-0.74,-0.41,0,5,0,0,0,11,9,45.0
554,Jorge Ruvalcaba,mx MEX,"MF,FW",UNAM,23,2001,25,17,1438,16.0,4,2,6,4,0,0,4,0,4.0,4.0,1.8,5.7,48,36,137,0.25,0.13,0.38,0.25,0.38,0.25,0.11,0.36,0.25,0.36,Matches,36,16,44.4,2.25,1.00,0.11,0.25,18.1,2,0.11,0.0,0.0,337,452,74.6,5640,1211,182,216,84.3,108,134,80.6,32,61,52.5,1.8,+0.2,20,23,15,7,429,18,1,10,45,16,1,0,0,0,5,13,54,3.39,37,2,5,0,1,11,0.69,4,1,3,0,0,28,20,9,15,4,15,53.6,13,16,5,33,2,0,639,3,66,18,45.0,22,55.0,402,24,46,19,451,58,47.0,68,3,8,36,0,1.55,23,17,+6,+0.38,+0.43,21.7,16.9,+4.8,+0.30,-0.15,0,13,0,0,0,57,0,0.0
178,Jose Domínguez,py PAR,DF,Querétaro,28,1996,22,22,1847,20.5,1,0,1,1,0,0,6,2,0.4,0.4,0.1,0.6,3,35,0,0.05,0.00,0.05,0.05,0.05,0.02,0.01,0.03,0.02,0.03,Matches,9,1,11.1,0.44,0.05,0.11,1.00,16.3,0,0.05,+0.6,+0.6,592,708,83.6,11978,4407,191,198,96.5,330,359,91.9,65,130,50.0,0.1,-0.1,3,31,0,0,661,45,0,16,1,11,0,0,0,0,2,7,11,0.54,8,0,1,1,0,0,0.00,0,0,0,0,0,25,19,13,10,2,12,66.7,6,9,18,43,130,1,953,186,8,6,54.5,4,36.4,469,1,13,5,538,84,60.4,84,19,0,,1,1.09,18,33,-15,-0.73,+0.01,14.7,29.6,-14.9,-0.73,+0.11,1,16,0,0,0,84,34,58.6
,Jose Quiroz,,,,,,,,,,,,,,,,,,,,,,,,,,,,,,,,,,,,,,,,,,,,,,,,,,,,,,,,,,,,,,,,,,,,,,,,,,,,,,,,,,,,,,,,,,,,,,,,,,,,,,,,,,,,,,,,,,,,,,,,,,0,0,,1,,,,,,,,,,,,,,,,,,,
462,Joshua Palacios,mx MEX,MF,Necaxa,17,2007,1,0,5,0.1,0,0,0,0,0,0,0,0,0.0,0.0,0.0,0.0,0,0,0,0.00,0.00,0.00,0.00,0.00,0.00,0.00,0.00,0.00,0.00,Matches,0,0,,0.00,0.00,,,,0,,0.0,0.0,0,0,,0,0,0,0,,0,0,,0,0,,0.0,0.0,0,0,0,0,0,0,0,0,0,0,0,0,0,0,0,0,0,0.00,0,0,0,0,0,0,0.00,0,0,0,0,0,0,0,0,0,0,0,,0,0,0,0,0,0,1,0,0,0,,0,,1,0,1,0,1,5,0.2,,0,1,5,8,0.00,0,0,0,0.00,-0.03,0.0,0.0,0.0,0.00,+0.09,0,0,0,0,0,0,0,
142,Josué Colmán,py PAR,"MF,FW",Querétaro,26,1998,13,10,759,8.4,0,4,4,0,0,1,0,0,1.2,0.4,0.9,1.3,23,28,20,0.00,0.47,0.47,0.00,0.47,0.14,0.10,0.24,0.05,0.15,Matches,16,2,12.5,1.90,0.24,0.00,0.00,27.0,2,0.03,-1.2,-0.4,194,255,76.1,3317,922,92,104,88.5,67,79,84.8,23,51,45.1,1.2,+3.1,15,23,8,3,207,48,0,4,35,3,28,14,8,0,0,7,36,4.27,21,11,3,0,0,7,0.83,4,3,0,0,0,14,8,4,9,1,7,53.8,6,1,5,19,8,0,348,5,14,13,41.9,18,58.1,189,3,16,11,220,58,24.8,66,1,3,32,3,1.23,11,10,+1,+0.12,+1.14,5.8,12.9,-7.1,-0.84,-0.09,0,2,0,0,0,34,1,50.0
143,Josué Colmán,py PAR,"MF,DF",Mazatlán,26,1998,15,5,552,6.1,2,0,2,2,0,0,0,0,2.3,2.3,1.2,3.4,21,33,41,0.33,0.00,0.33,0.33,0.33,0.37,0.19,0.56,0.37,0.56,Matches,16,2,12.5,1.90,0.24,0.00,0.00,27.0,2,0.03,-1.2,-0.4,194,255,76.1,3317,922,92,104,88.5,67,79,84.8,23,51,45.1,1.2,+3.1,15,23,8,3,207,48,0,4,35,3,28,14,8,0,0,7,36,4.27,21,11,3,0,0,7,0.83,4,3,0,0,0,14,8,4,9,1,7,53.8,6,1,5,19,8,0,348,5,14,13,41.9,18,58.1,189,3,16,11,220,58,24.8,66,1,3,32,3,1.23,11,10,+1,+0.12,+1.14,5.8,12.9,-7.1,-0.84,-0.09,0,2,0,0,0,34,1,50.0
2,José Abella,mx MEX,DF,Santos,30,1994,17,17,1510,16.8,0,2,2,0,0,0,2,0,0.1,0.1,1.7,1.8,9,70,55,0.00,0.12,0.12,0.00,0.12,0.01,0.10,0.11,0.01,0.11,Matches,5,2,40.0,0.30,0.12,0.00,0.00,23.9,2,0.03,-0.1,-0.1,658,885,74.4,12815,5560,252,293,86.0,308,394,78.2,91,165,55.2,1.9,+0.3,21,42,17,14,674,206,0,10,74,145,17,2,11,0,5,23,43,2.56,32,9,0,1,1,4,0.24,2,2,0,0,0,35,22,15,16,4,15,45.5,18,8,20,55,69,1,1053,62,16,5,55.6,4,44.4,465,1,15,4,565,89,49.3,89,16,0,,0,0.41,15,36,-21,-1.25,-0.21,19.0,29.0,-10.0,-0.60,+0.40,0,10,0,0,0,64,27,60.0
3,José Abella,mx MEX,DF,FC Juárez,30,1994,17,11,1014,11.3,0,1,1,0,0,0,3,0,0.2,0.2,0.3,0.5,5,34,10,0.00,0.09,0.09,0.00,0.09,0.02,0.03,0.05,0.02,0.05,Matches,5,2,40.0,0.30,0.12,0.00,0.00,23.9,2,0.03,-0.1,-0.1,658,885,74.4,12815,5560,252,293,86.0,308,394,78.2,91,165,55.2,1.9,+0.3,21,42,17,14,674,206,0,10,74,145,17,2,11,0,5,23,43,2.56,32,9,0,1,1,4,0.24,2,2,0,0,0,35,22,15,16,4,15,45.5,18,8,20,55,69,1,1053,62,16,5,55.6,4,44.4,465,1,15,4,565,89,49.3,89,16,0,,0,0.41,15,36,-21,-1.25,-0.21,19.0,29.0,-10.0,-0.60,+0.40,0,10,0,0,0,64,27,60.0
46,José Antonio Rodríguez,mx MEX,GK,Tijuana,32,1992,21,21,1880,20.9,0,0,0,0,0,0,1,0,0.0,0.0,0.0,0.0,0,0,0,0.00,0.00,0.00,0.00,0.00,0.00,0.00,0.00,0.00,0.00,Matches,0,0,,0.00,0.00,,,,0,,0.0,0.0,777,992,78.3,20526,13934,162,163,99.4,384,392,98.0,230,436,52.8,0.1,0.0,1,14,0,0,840,152,0,3,0,0,0,0,0,0,0,0,7,0.34,6,1,0,0,0,2,0.10,1,1,0,0,0,1,1,1,0,0,1,33.3,2,1,0,1,14,2,1066,693,0,1,100.0,0,0.0,676,1,0,0,660,90,61.4,90,20,0,,9,1.64,35,36,-1,-0.05,+0.41,26.5,33.1,-6.7,-0.32,+0.16,0,0,0,0,0,35,4,100.0
105,José Caicedo,co COL,MF,UNAM,22,2002,34,34,2873,31.9,2,1,3,2,0,0,7,0,1.7,1.7,1.1,2.8,21,190,32,0.06,0.03,0.09,0.06,0.09,0.05,0.03,0.09,0.05,0.09,Matches,39,13,33.3,1.22,0.41,0.05,0.15,22.8,0,0.04,+0.3,+0.3,1525,1780,85.7,27394,8836,671,743,90.3,661,732,90.3,157,223,70.4,1.4,-0.1,24,213,11,0,1731,46,0,22,2,7,0,0,0,0,3,24,70,2.19,61,1,1,1,3,3,0.09,2,0,0,0,0,73,44,33,39,1,35,53.8,30,25,32,105,61,2,2106,85,25,13,48.1,14,51.9,1189,1,28,20,1501,85,93.9,85,28,0,,0,1.39,42,38,+4,+0.13,-0.36,41.8,31.2,+10.6,+0.33,-0.79,0,36,0,0,0,155,54,60.0
128,José Castillo Pérez,mx MEX,DF,Guadalajara,22,2001,26,26,2249,25.0,0,2,2,0,0,0,4,1,1.0,1.0,0.8,1.8,30,83,49,0.00,0.08,0.08,0.00,0.08,0.04,0.03,0.07,0.04,0.07,Matches,12,1,8.3,0.48,0.04,0.00,0.00,16.6,0,0.08,-1.0,-1.0,1019,1205,84.6,16758,5937,489,528,92.6,448,507,88.4,63,124,50.8,0.8,+1.2,11,76,9,4,994,208,0,2,25,189,0,0,0,0,3,24,27,1.08,21,2,2,0,1,2,0.08,2,0,0,0,0,46,29,26,17,3,24,64.9,13,18,20,66,61,0,1414,75,20,15,55.6,12,44.4,721,2,16,9,818,87,73.5,87,19,0,,3,1.30,27,26,+1,+0.04,-0.51,28.6,24.4,+4.2,+0.17,-0.19,1,25,0,0,0,93,21,48.8
149,José Corona,mx MEX,GK,Tijuana,43,1981,11,10,910,10.1,0,0,0,0,0,0,0,0,0.0,0.0,0.0,0.0,0,0,0,0.00,0.00,0.00,0.00,0.00,0.00,0.00,0.00,0.00,0.00,Matches,0,0,,0.00,0.00,,,,0,,0.0,0.0,328,383,85.6,7444,5164,82,84,97.6,180,183,98.4,64,113,56.6,0.0,0.0,0,5,0,0,323,59,0,0,0,0,0,0,0,0,1,0,1,0.10,1,0,0,0,0,1,0.10,1,0,0,0,0,0,0,0,0,0,0,,0,0,0,0,8,1,413,290,0,0,,0,,262,0,0,0,244,83,29.7,90,10,1,10,20,1.09,13,18,-5,-0.49,-0.41,13.6,19.3,-5.7,-0.57,-0.27,0,0,0,0,0,19,1,100.0
158,José David Ramírez,mx MEX,"MF,DF",León,28,1995,25,12,1202,13.4,0,4,4,0,0,0,1,0,0.3,0.3,1.7,1.9,13,50,33,0.00,0.30,0.30,0.00,0.30,0.02,0.13,0.15,0.02,0.15,Matches,5,2,40.0,0.37,0.15,0.00,0.00,22.9,0,0.05,-0.3,-0.3,538,601,89.5,9830,2765,226,245,92.2,245,260,94.2,58,76,76.3,1.3,+2.3,19,51,12,6,563,36,1,7,15,29,0,0,0,0,2,8,31,2.32,29,0,0,1,0,4,0.30,4,0,0,0,0,28,16,10,18,0,14,53.8,12,16,12,40,29,1,740,32,9,6,54.5,4,36.4,419,1,21,12,502,48,39.3,79,6,13,19,2,1.37,21,14,+7,+0.52,+0.81,16.6,18.6,-2.0,-0.15,0.00,0,9,0,0,0,57,11,52.4
193,José Eduardo Castillo,mx MEX,DF,Pachuca,20,2004,1,1,90,1.0,0,0,0,0,0,0,0,0,0.0,0.0,0.1,0.1,2,9,3,0.00,0.00,0.00,0.00,0.00,0.00,0.08,0.08,0.00,0.08,Matches,0,0,,0.00,0.00,,,,0,,0.0,0.0,47,60,78.3,830,341,19,22,86.4,27,30,90.0,1,6,16.7,0.1,-0.1,1,5,2,1,53,7,0,0,1,7,0,0,0,0,0,1,2,2.00,2,0,0,0,0,0,0.00,0,0,0,0,0,2,1,1,1,0,0,,0,3,0,2,2,0,71,0,2,1,100.0,0,0.0,38,1,2,0,43,90,2.9,90,1,0,,1,0.00,0,1,-1,-1.00,-0.94,0.6,0.6,0.0,+0.02,-0.24,0,1,0,0,0,4,1,100.0
208,José Eulogio,mx MEX,GK,Pachuca,20,2004,2,2,180,2.0,0,0,0,0,0,0,0,0,0.0,0.0,0.0,0.0,0,0,0,0.00,0.00,0.00,0.00,0.00,0.00,0.00,0.00,0.00,0.00,Matches,0,0,,0.00,0.00,,,,0,,0.0,0.0,34,43,79.1,1043,790,4,4,100.0,13,13,100.0,17,26,65.4,0.0,0.0,0,0,0,0,26,17,0,0,0,0,0,0,0,0,0,0,1,0.50,1,0,0,0,0,0,0.00,0,0,0,0,0,0,0,0,0,0,0,,0,0,0,0,0,0,43,41,0,0,,0,,19,0,0,0,16,90,5.9,90,2,0,,27,0.00,1,4,-3,-1.50,-1.50,2.1,1.1,+1.0,+0.49,+0.25,0,0,0,0,0,2,0,
234,José Galindo,mx MEX,"DF,MF",UNAM,26,1998,2,1,53,0.6,0,0,0,0,0,0,0,0,0.1,0.1,0.0,0.1,0,0,0,0.00,0.00,0.00,0.00,0.00,0.13,0.00,0.13,0.13,0.13,Matches,1,0,0.0,1.70,0.00,0.00,,7.1,0,0.08,-0.1,-0.1,14,18,77.8,282,108,7,9,77.8,6,7,85.7,1,2,50.0,0.0,0.0,0,1,0,0,16,2,0,0,0,1,0,0,0,0,0,0,1,1.70,0,1,0,0,0,0,0.00,0,0,0,0,0,1,0,0,1,0,0,,0,0,2,3,3,0,26,2,1,0,,0,,6,0,0,0,11,27,1.7,45,0,1,8,14,0.00,0,3,-3,-5.09,-5.33,0.8,0.9,-0.1,-0.16,-0.55,0,1,0,0,0,1,1,25.0
245,José García,mx MEX,DF,FC Juárez,28,1996,18,14,1285,14.3,2,0,2,2,0,0,4,1,0.5,0.5,0.0,0.5,1,21,1,0.14,0.00,0.14,0.14,0.14,0.04,0.00,0.04,0.04,0.04,Matches,5,2,40.0,0.35,0.14,0.40,1.00,22.6,0,0.10,+1.5,+1.5,581,675,86.1,12915,4944,132,146,90.4,363,387,93.8,84,131,64.1,0.0,0.0,1,24,0,0,611,63,0,6,0,1,0,0,0,0,1,3,6,0.42,6,0,0,0,0,0,0.00,0,0,0,0,0,13,10,7,6,0,11,73.3,4,8,27,40,80,0,821,144,5,1,50.0,1,50.0,436,0,3,1,493,71,42.0,84,11,4,28,14,1.26,14,25,-11,-0.77,-0.36,10.1,20.9,-10.8,-0.75,-0.40,0,15,0,0,0,38,32,60.4
324,José Iván Rodríguez,mx MEX,MF,Necaxa,28,1996,15,14,1226,13.6,1,0,1,1,0,0,2,0,0.2,0.2,0.3,0.5,7,80,13,0.07,0.00,0.07,0.07,0.07,0.01,0.02,0.04,0.01,0.04,Matches,5,1,20.0,0.37,0.07,0.20,1.00,19.0,0,0.04,+0.8,+0.8,491,566,86.7,8288,3232,225,246,91.5,224,245,91.4,32,51,62.7,0.4,-0.3,10,64,4,0,550,16,1,1,2,0,0,0,0,0,0,7,28,2.05,26,0,0,1,0,4,0.29,3,0,0,0,0,35,20,17,15,3,10,58.8,7,9,15,50,27,1,697,39,4,8,72.7,3,27.3,321,0,14,5,416,,,,0,0,,10,,,,,,,,,,,,0,18,0,0,0,60,16,57.1
332,José Joaquín Esquivel,mx MEX,DF,Mazatlán,26,1998,15,9,806,9.0,0,1,1,0,0,0,3,0,0.1,0.1,1.4,1.5,8,29,5,0.00,0.11,0.11,0.00,0.11,0.01,0.16,0.17,0.01,0.17,Matches,3,0,0.0,0.33,0.00,0.00,,25.1,0,0.04,-0.1,-0.1,306,406,75.4,5307,2409,134,156,85.9,139,165,84.2,25,58,43.1,0.7,-0.4,7,33,3,2,352,50,0,3,8,34,0,0,0,0,4,10,13,1.45,11,2,0,0,0,1,0.11,1,0,0,0,0,33,23,20,13,0,17,85.0,3,8,16,49,38,0,535,49,6,6,75.0,2,25.0,228,0,6,2,284,54,26.3,76,3,6,20,12,1.20,7,7,0,0.00,+0.76,10.3,10.0,+0.3,+0.03,+0.35,0,12,0,0,0,21,14,37.8
336,José Juan Macías,mx MEX,"FW,MF",Santos,24,1999,3,0,57,0.6,1,0,1,0,1,1,0,0,0.8,0.0,0.0,0.0,1,3,2,1.58,0.00,1.58,0.00,0.00,1.24,0.00,1.24,0.00,0.00,Matches,0,0,,0.00,0.00,,,,0,,+0.2,0.0,8,9,88.9,136,49,2,2,100.0,4,4,100.0,1,2,50.0,0.0,0.0,0,1,1,0,8,1,0,0,0,0,0,0,0,0,0,0,1,1.58,0,0,0,1,0,0,0.00,0,0,0,0,0,0,0,0,0,0,0,,0,0,0,0,2,0,23,1,2,1,20.0,4,80.0,11,1,4,4,15,19,1.9,,0,3,19,1,0.33,1,1,0,0.00,+1.17,0.9,1.6,-0.7,-1.08,-0.29,0,1,0,0,0,3,2,50.0
371,José Lozano,mx MEX,"FW,DF",Atlas,25,1998,32,27,2237,24.9,3,5,8,3,0,0,7,0,2.8,2.8,2.8,5.6,33,64,122,0.12,0.20,0.32,0.12,0.32,0.11,0.11,0.22,0.11,0.22,Matches,34,6,17.6,1.37,0.24,0.09,0.50,20.6,0,0.08,+0.2,+0.2,417,647,64.5,6795,3041,231,300,77.0,139,205,67.8,38,81,46.9,1.9,+2.2,16,43,19,8,594,51,1,7,60,42,2,1,1,0,2,43,47,1.89,33,1,2,5,1,9,0.36,7,0,1,0,1,30,16,11,15,4,15,57.7,11,18,21,51,30,0,905,36,49,12,30.0,28,70.0,510,13,52,41,596,70,73.1,78,9,5,25,0,1.22,34,43,-9,-0.36,+0.08,25.3,27.7,-2.4,-0.10,-0.20,0,49,0,0,0,78,38,44.7
372,José Luis Rodríguez,pa PAN,"FW,MF",FC Juárez,26,1998,26,22,1937,21.5,1,2,3,1,0,0,1,0,1.5,1.5,4.3,5.9,74,81,182,0.05,0.09,0.14,0.05,0.14,0.07,0.20,0.27,0.07,0.27,Matches,35,13,37.1,1.63,0.60,0.03,0.08,23.9,2,0.04,-0.5,-0.5,514,713,72.1,8393,2693,276,322,85.7,160,220,72.7,55,122,45.1,3.5,-2.3,37,41,31,16,663,49,1,9,124,7,30,13,11,0,1,26,80,3.72,57,7,8,6,1,6,0.28,3,2,0,1,0,32,22,19,11,2,15,62.5,9,20,16,48,18,0,955,24,51,40,48.8,39,47.6,598,17,42,23,671,75,63.3,84,15,4,23,0,1.41,22,31,-9,-0.42,+0.38,20.8,29.2,-8.4,-0.39,+0.37,0,16,0,0,0,102,18,46.2
457,José Pablo Saldívar,mx MEX,MF,Pachuca,21,2003,5,4,291,3.2,0,0,0,0,0,0,0,0,0.0,0.0,0.0,0.0,1,6,0,0.00,0.00,0.00,0.00,0.00,0.00,0.00,0.00,0.00,0.00,Matches,0,0,,0.00,0.00,,,,0,,0.0,0.0,77,95,81.1,1680,458,28,32,87.5,32,35,91.4,17,26,65.4,0.0,0.0,0,11,0,0,83,11,0,6,0,0,0,0,0,0,1,1,3,0.93,3,0,0,0,0,0,0.00,0,0,0,0,0,9,6,6,3,0,2,40.0,3,1,3,12,8,0,131,13,0,3,60.0,2,40.0,63,0,5,5,63,58,9.5,72,1,1,5,10,2.00,6,4,+2,+0.62,+0.78,3.6,4.6,-1.0,-0.32,-0.63,0,9,0,0,0,13,3,27.3
465,José Paradela,ar ARG,"MF,FW",Necaxa,25,1998,34,34,2879,32.0,11,12,23,7,4,4,6,0,9.6,6.5,5.9,12.4,92,179,158,0.34,0.38,0.72,0.22,0.59,0.30,0.19,0.49,0.20,0.39,Matches,75,28,37.3,2.34,0.88,0.09,0.25,26.3,8,0.09,+1.4,+0.5,867,1270,68.3,15080,5465,413,509,81.1,313,432,72.5,113,248,45.6,5.7,+6.1,77,134,57,14,1065,198,6,5,135,24,72,43,14,0,7,33,161,5.03,107,28,12,7,2,15,0.47,13,1,0,1,0,62,43,20,35,7,22,48.9,23,18,21,83,9,0,1668,12,60,60,48.8,62,50.4,887,20,82,69,1103,85,94.1,85,19,0,,0,1.33,50,51,-1,-0.03,-1.03,41.3,44.8,-3.4,-0.11,-0.25,0,38,0,0,0,156,13,31.0
502,José Rangel Aguilar,mx MEX,GK,Guadalajara,24,2000,32,32,2879,32.0,0,0,0,0,0,0,6,1,0.0,0.0,0.2,0.2,0,2,0,0.00,0.00,0.00,0.00,0.00,0.00,0.01,0.01,0.00,0.01,Matches,0,0,,0.00,0.00,,,,0,,0.0,0.0,870,1138,76.4,23938,16872,152,153,99.3,462,469,98.5,252,508,49.6,0.1,-0.2,3,15,2,0,870,264,0,4,0,0,0,0,0,0,4,0,7,0.22,6,1,0,0,0,0,0.00,0,0,0,0,0,3,2,3,0,0,3,75.0,1,0,2,5,21,2,1207,936,0,3,75.0,1,25.0,733,0,0,0,595,90,94.1,90,31,0,,0,1.30,39,32,+7,+0.22,+0.72,38.7,31.7,+7.0,+0.22,+0.03,1,0,0,0,0,46,11,91.7
,José Saldamando,,,,,,,,,,,,,,,,,,,,,,,,,,,,,,,,,,,,,,,,,,,,,,,,,,,,,,,,,,,,,,,,,,,,,,,,,,,,,,,,,,,,,,,,,,,,,,,,,,,,,,,,,,,,,,,,,,,,,,,,,,0,0,,4,,,,,,,,,,,,,,,,,,,
570,José Santiago Hernández,mx MEX,GK,Atlas,27,1997,3,3,270,3.0,0,0,0,0,0,0,0,1,0.0,0.0,0.0,0.0,0,0,0,0.00,0.00,0.00,0.00,0.00,0.00,0.00,0.00,0.00,0.00,Matches,0,0,,0.00,0.00,,,,0,,0.0,0.0,61,80,76.3,1659,1181,8,9,88.9,37,37,100.0,16,34,47.1,0.0,0.0,0,0,0,0,62,18,0,0,0,0,0,0,0,0,0,0,0,0.00,0,0,0,0,0,0,0.00,0,0,0,0,0,0,0,0,0,0,0,,0,0,0,0,0,1,82,70,0,0,,0,,46,0,0,0,49,90,8.8,90,3,0,,29,1.25,5,6,-1,-0.33,+0.05,3.6,2.7,+0.8,+0.28,+0.35,0,0,0,0,0,1,1,100.0
,José Suárez,,,,,,,,,,,,,,,,,,,,,,,,,,,,,,,,,,,,,,,,,,,,,,,,,,,,,,,,,,,,,,,,,,,,,,,,,,,,,,,,,,,,,,,,,,,,,,,,,,,,,,,,,,,,,,,,,,,,,,,,,,0,0,,6,,,,,,,,,,,,,,,,,,,
,José Sánchez,,,,,,,,,,,,,,,,,,,,,,,,,,,,,,,,,,,,,,,,,,,,,,,,,,,,,,,,,,,,,,,,,,,,,,,,,,,,,,,,,,,,,,,,,,,,,,,,,,,,,,,,,,,,,,,,,,,,,,,,,,0,0,,1,,,,,,,,,,,,,,,,,,,
,José Urías,,,,,,,,,,,,,,,,,,,,,,,,,,,,,,,,,,,,,,,,,,,,,,,,,,,,,,,,,,,,,,,,,,,,,,,,,,,,,,,,,,,,,,,,,,,,,,,,,,,,,,,,,,,,,,,,,,,,,,,,,,0,0,,5,,,,,,,,,,,,,,,,,,,
634,José Zúñiga,co COL,"FW,MF",Tijuana,30,1994,31,22,2105,23.4,16,2,18,14,2,2,4,0,13.8,12.2,3.1,15.3,30,30,150,0.68,0.09,0.77,0.60,0.68,0.59,0.13,0.72,0.52,0.65,Matches,54,26,48.1,2.31,1.11,0.26,0.54,12.3,0,0.23,+2.2,+1.8,409,510,80.2,5705,787,240,274,87.6,132,155,85.2,17,33,51.5,1.8,-1.1,30,23,12,3,469,41,1,2,14,4,0,0,0,0,0,17,63,2.69,43,0,8,5,2,9,0.38,3,0,1,2,2,15,10,3,7,5,6,46.2,7,7,7,22,12,0,747,13,120,29,56.9,20,39.2,462,21,66,47,554,68,68.8,80,14,9,39,2,1.43,39,41,-2,-0.09,+0.39,33.4,39.0,-5.6,-0.24,+0.45,0,28,2,0,0,56,36,47.4
96,Juan Brigido,mx MEX,"FW,MF",Pachuca,22,2001,3,0,57,0.6,0,0,0,0,0,0,0,0,0.0,0.0,0.1,0.1,4,0,3,0.00,0.00,0.00,0.00,0.00,0.00,0.11,0.11,0.00,0.11,Matches,0,0,,0.00,0.00,,,,0,,0.0,0.0,22,33,66.7,355,94,12,15,80.0,8,9,88.9,2,9,22.2,0.0,-0.1,2,4,1,1,33,0,0,1,7,0,0,0,0,0,0,0,2,3.16,2,0,0,0,0,0,0.00,0,0,0,0,0,2,0,0,2,0,0,,0,2,0,2,1,0,41,1,0,1,100.0,0,0.0,33,0,3,1,32,19,1.9,,0,3,19,6,2.33,1,2,-1,-1.58,-1.52,1.2,0.8,+0.4,+0.57,+0.33,0,1,0,0,0,5,0,
100,Juan Brunetta,ar ARG,MF,UANL,27,1997,32,26,2219,24.7,10,5,15,10,0,0,2,1,9.6,9.6,5.3,15.0,102,171,163,0.41,0.20,0.61,0.41,0.61,0.39,0.22,0.61,0.39,0.61,Matches,84,23,27.4,3.41,0.93,0.12,0.43,22.0,8,0.11,+0.4,+0.4,924,1199,77.1,17079,4788,420,475,88.4,348,413,84.3,132,238,55.5,6.0,-0.3,65,124,31,6,1047,144,5,20,145,5,102,48,48,0,8,34,134,5.44,71,35,9,8,3,14,0.57,9,2,1,1,1,20,13,5,11,4,11,57.9,8,17,7,27,7,0,1516,9,91,48,48.5,49,49.5,947,27,80,52,1136,69,72.5,80,11,6,25,1,1.79,38,21,+17,+0.69,+0.37,35.9,27.7,+8.3,+0.34,-0.21,0,17,1,0,0,106,4,26.7
179,Juan Domínguez,mx MEX,"FW,MF",Toluca,25,1998,29,16,1479,16.4,1,3,4,1,0,0,1,0,1.0,1.0,2.3,3.3,47,59,113,0.06,0.18,0.24,0.06,0.24,0.06,0.14,0.20,0.06,0.20,Matches,13,6,46.2,0.79,0.37,0.08,0.17,16.5,0,0.08,0.0,0.0,534,660,80.9,8083,2011,282,327,86.2,205,243,84.4,25,45,55.6,2.8,+0.7,21,36,19,5,607,50,0,4,35,38,7,3,3,0,3,13,44,2.68,36,2,3,2,0,5,0.30,5,0,0,0,0,20,14,9,9,2,7,53.8,6,8,6,26,7,0,823,9,68,22,48.9,21,46.7,527,18,38,20,586,51,48.3,74,4,13,23,5,2.00,42,17,+25,+1.52,+0.61,24.3,19.7,+4.6,+0.28,-0.40,0,17,0,0,0,74,2,11.8
211,Juan Fedorco,ar ARG,DF,Puebla,23,2000,11,11,829,9.2,0,0,0,0,0,0,3,0,0.3,0.3,0.1,0.4,1,6,3,0.00,0.00,0.00,0.00,0.00,0.04,0.01,0.05,0.04,0.05,Matches,6,0,0.0,0.65,0.00,0.00,,18.2,0,0.06,-0.3,-0.3,180,228,78.9,3956,1626,44,49,89.8,111,128,86.7,24,48,50.0,0.1,-0.1,2,9,1,0,219,8,0,1,1,0,0,0,0,0,1,0,3,0.33,3,0,0,0,0,0,0.00,0,0,0,0,0,19,14,12,7,0,7,87.5,1,3,18,37,71,0,368,82,8,0,,0,,131,0,5,0,170,75,27.1,75,7,0,,1,0.36,6,15,-9,-0.98,-0.25,8.7,13.3,-4.6,-0.50,-0.11,0,14,0,2,0,27,16,51.6
335,Juan José Sánchez,mx MEX,DF,UANL,26,1998,12,7,662,7.4,0,0,0,0,0,0,4,0,0.2,0.2,0.0,0.2,1,31,0,0.00,0.00,0.00,0.00,0.00,0.03,0.00,0.03,0.03,0.03,Matches,7,1,14.3,0.95,0.14,0.00,0.00,13.9,0,0.03,-0.2,-0.2,455,510,89.2,8255,3338,181,187,96.8,240,258,93.0,30,55,54.5,0.1,0.0,1,29,1,0,476,32,0,7,4,7,0,0,0,0,2,3,7,0.95,6,0,0,1,0,0,0.00,0,0,0,0,0,10,5,3,6,1,6,85.7,1,1,10,20,39,0,591,67,7,0,,0,,343,0,3,0,409,55,21.6,90,7,5,6,19,1.75,9,7,+2,+0.27,-0.40,8.4,7.9,+0.5,+0.07,-0.42,0,15,0,0,0,29,17,65.4
458,Juan Pablo Vigón,mx MEX,"MF,FW",UANL,33,1991,20,2,419,4.7,1,0,1,0,1,1,0,0,2.0,1.3,0.3,1.6,9,18,26,0.21,0.00,0.21,0.00,0.00,0.44,0.07,0.51,0.27,0.34,Matches,8,3,37.5,1.72,0.64,0.00,0.00,14.5,0,0.16,-1.0,-1.3,173,202,85.6,2903,578,86,97,88.7,71,80,88.8,14,18,77.8,0.5,-0.3,4,21,1,0,193,8,0,2,5,1,2,1,1,0,1,4,14,3.01,11,0,0,0,0,2,0.43,1,0,0,0,0,7,6,1,5,1,4,80.0,1,4,2,9,0,1,250,1,29,5,71.4,2,28.6,140,4,16,3,185,21,13.7,75,0,18,15,13,1.87,10,5,+5,+1.07,+0.56,8.1,4.9,+3.2,+0.69,+0.35,0,5,0,0,0,9,1,14.3
523,Juan Robles,mx MEX,"MF,DF",Querétaro,20,2003,10,4,489,5.4,1,0,1,1,0,0,1,0,0.2,0.2,0.0,0.3,14,12,31,0.18,0.00,0.18,0.18,0.18,0.04,0.01,0.05,0.04,0.05,Matches,6,2,33.3,1.10,0.37,0.17,0.50,24.0,0,0.04,+0.8,+0.8,103,147,70.1,1634,533,53,60,88.3,36,52,69.2,9,23,39.1,0.4,0.0,1,6,6,3,126,19,0,1,19,17,0,0,0,0,2,5,10,1.84,10,0,0,0,0,0,0.00,0,0,0,0,0,9,7,7,2,0,3,37.5,5,6,5,14,11,0,209,12,7,7,58.3,5,41.7,130,3,11,13,128,49,16.0,65,0,6,38,1,1.10,8,8,0,0.00,+0.88,6.1,7.2,-1.2,-0.21,+0.67,0,9,0,0,0,18,1,16.7
560,Juan Sanabria,uy URU,"DF,MF",Atlético,24,2000,33,32,2885,32.1,2,6,8,2,0,0,6,0,1.6,1.6,6.8,8.5,83,154,264,0.06,0.19,0.25,0.06,0.25,0.05,0.21,0.26,0.05,0.26,Matches,34,7,20.6,1.06,0.22,0.06,0.29,19.8,1,0.05,+0.4,+0.4,1447,1891,76.5,24010,9480,720,831,86.6,566,693,81.7,120,242,49.6,4.5,-0.8,65,124,51,29,1587,298,1,14,152,255,20,4,10,0,6,61,108,3.37,94,7,3,3,0,9,0.28,8,0,0,1,0,69,44,29,33,7,39,68.4,18,47,31,100,77,0,2265,80,73,21,39.6,31,58.5,1081,20,46,18,1438,87,94.3,90,31,1,6,0,1.41,44,51,-7,-0.22,-1.25,36.1,45.0,-8.9,-0.28,+0.52,0,35,1,1,0,124,44,48.9
581,Juan Sigala,mx MEX,FW,Pachuca,17,2007,6,4,313,3.5,1,0,1,1,0,0,0,0,0.6,0.6,0.2,0.8,6,6,34,0.29,0.00,0.29,0.29,0.29,0.17,0.07,0.23,0.17,0.23,Matches,8,4,50.0,2.30,1.15,0.13,0.25,21.9,0,0.07,+0.4,+0.4,79,108,73.1,1015,194,53,61,86.9,21,29,72.4,1,6,16.7,0.1,-0.2,2,2,3,0,96,9,0,0,5,1,7,3,1,0,3,3,5,1.43,3,2,0,0,0,0,0.00,0,0,0,0,0,10,6,3,6,1,4,30.8,9,1,1,11,1,0,148,2,5,1,33.3,2,66.7,94,1,8,5,110,52,10.2,63,0,2,32,0,1.56,6,3,+3,+0.86,+1.06,4.1,2.7,+1.4,+0.40,+0.17,0,7,0,0,0,12,0,0.0
590,Juan Tejeda,mx MEX,DF,Santos,20,2004,1,0,1,0.0,0,0,0,0,0,0,0,0,0.0,0.0,0.0,0.0,0,0,0,0.00,0.00,0.00,0.00,0.00,0.00,0.00,0.00,0.00,0.00,Matches,0,0,,0.00,0.00,,,,0,,0.0,0.0,1,1,100.0,14,14,1,1,100.0,0,0,,0,0,,0.0,0.0,0,0,0,0,1,0,0,0,0,0,0,0,0,0,0,0,0,0.00,0,0,0,0,0,0,0.00,0,0,0,0,0,0,0,0,0,0,0,,0,0,0,0,0,0,1,0,0,0,,0,,1,0,0,0,1,1,0.0,,0,1,1,1,0.00,0,0,0,0.00,+1.15,0.0,0.0,0.0,0.00,+0.80,0,0,0,0,0,0,0,
180,Julio Domínguez,mx MEX,DF,Atlético,36,1987,22,21,1789,19.9,0,1,1,0,0,0,3,0,0.9,0.9,0.6,1.4,9,57,4,0.00,0.05,0.05,0.00,0.05,0.04,0.03,0.07,0.04,0.07,Matches,7,4,57.1,0.35,0.20,0.00,0.00,13.1,0,0.14,-0.9,-0.9,972,1091,89.1,18864,6690,317,337,94.1,560,597,93.8,89,144,61.8,0.5,+0.4,6,63,1,0,1066,24,0,2,1,6,0,0,0,0,1,3,14,0.70,11,0,0,0,1,2,0.10,2,0,0,0,0,19,10,10,7,2,10,71.4,4,7,18,37,69,0,1249,164,12,2,33.3,4,66.7,755,0,7,1,921,81,58.5,83,14,1,45,8,1.60,30,26,+4,+0.20,+0.84,23.9,27.2,-3.3,-0.16,+0.34,0,12,0,0,0,64,24,48.0
333,Julio José González,mx MEX,GK,Puebla,33,1991,6,6,540,6.0,0,0,0,0,0,0,0,0,0.0,0.0,0.0,0.0,0,0,0,0.00,0.00,0.00,0.00,0.00,0.00,0.00,0.00,0.00,0.00,Matches,0,0,,0.00,0.00,,,,0,,0.0,0.0,130,180,72.2,3840,2757,20,20,100.0,62,62,100.0,48,98,49.0,0.0,0.0,0,3,0,0,99,81,0,0,0,0,0,0,0,0,0,0,0,0.00,0,0,0,0,0,0,0.00,0,0,0,0,0,1,0,1,0,0,1,50.0,1,0,0,1,3,2,198,171,0,0,,0,,74,0,0,0,49,90,17.6,90,6,0,,0,0.17,0,8,-8,-1.33,-0.65,4.6,8.8,-4.2,-0.70,-0.34,0,0,0,0,0,3,0,
334,Julio José González,mx MEX,GK,UNAM,33,1991,13,13,1170,13.0,0,0,0,0,0,0,0,0,0.0,0.0,0.0,0.0,0,0,0,0.00,0.00,0.00,0.00,0.00,0.00,0.00,0.00,0.00,0.00,Matches,0,0,,0.00,0.00,,,,0,,0.0,0.0,130,180,72.2,3840,2757,20,20,100.0,62,62,100.0,48,98,49.0,0.0,0.0,0,3,0,0,99,81,0,0,0,0,0,0,0,0,0,0,0,0.00,0,0,0,0,0,0,0.00,0,0,0,0,0,1,0,1,0,0,1,50.0,1,0,0,1,3,2,198,171,0,0,,0,,74,0,0,0,49,90,17.6,90,6,0,,0,0.17,0,8,-8,-1.33,-0.65,4.6,8.8,-4.2,-0.70,-0.34,0,0,0,0,0,3,0,
156,Jürgen Damm,mx MEX,DF,Atlético,31,1992,1,0,25,0.3,0,0,0,0,0,0,0,0,0.0,0.0,0.0,0.0,0,2,4,0.00,0.00,0.00,0.00,0.00,0.00,0.06,0.06,0.00,0.06,Matches,0,0,,0.00,0.00,,,,0,,0.0,0.0,15,17,88.2,204,29,10,10,100.0,5,5,100.0,0,2,0.0,0.0,0.0,1,0,1,0,16,1,0,0,1,0,1,0,1,0,0,0,2,7.20,1,0,1,0,0,0,0.00,0,0,0,0,0,2,2,1,1,0,1,100.0,0,1,0,2,0,0,20,0,0,2,100.0,0,0.0,12,0,0,0,14,25,0.8,,0,1,25,9,0.00,0,0,0,0.00,+0.15,0.2,0.2,+0.1,+0.18,+0.49,0,0,0,0,0,1,0,
,Karel Campos,,,,,,,,,,,,,,,,,,,,,,,,,,,,,,,,,,,,,,,,,,,,,,,,,,,,,,,,,,,,,,,,,,,,,,,,,,,,,,,,,,,,,,,,,,,,,,,,,,,,,,,,,,,,,,,,,,,,,,,,,,0,0,,2,,,,,,,,,,,,,,,,,,,
,Kevin Armenta,,,,,,,,,,,,,,,,,,,,,,,,,,,,,,,,,,,,,,,,,,,,,,,,,,,,,,,,,,,,,,,,,,,,,,,,,,,,,,,,,,,,,,,,,,,,,,,,,,,,,,,,,,,,,,,,,,,,,,,,,,0,0,,5,,,,,,,,,,,,,,,,,,,
68,Kevin Balanta,co COL,DF,Tijuana,27,1997,10,8,681,7.6,0,0,0,0,0,0,1,0,0.1,0.1,0.0,0.1,7,21,1,0.00,0.00,0.00,0.00,0.00,0.01,0.00,0.02,0.01,0.02,Matches,3,1,33.3,0.40,0.13,0.00,0.00,12.9,0,0.03,-0.1,-0.1,402,461,87.2,7377,2906,151,164,92.1,209,228,91.7,39,58,67.2,0.1,0.0,2,23,0,0,435,25,0,5,1,7,0,0,0,0,1,4,6,0.79,6,0,0,0,0,0,0.00,0,0,0,0,0,19,11,13,6,0,11,84.6,2,4,8,27,34,1,550,54,4,2,50.0,2,50.0,313,0,8,3,336,68,22.3,74,4,2,45,4,1.71,8,12,-4,-0.53,-0.42,9.1,14.2,-5.1,-0.68,-0.38,0,12,0,0,0,51,12,57.1
,Kevin Borges,,,,,,,,,,,,,,,,,,,,,,,,,,,,,,,,,,,,,,,,,,,,,,,,,,,,,,,,,,,,,,,,,,,,,,,,,,,,,,,,,,,,,,,,,,,,,,,,,,,,,,,,,,,,,,,,,,,,,,,,,,0,0,,1,,,,,,,,,,,,,,,,,,,
124,Kevin Castañeda,mx MEX,"MF,FW",Tijuana,24,1999,30,25,1971,21.9,7,4,11,6,1,1,2,0,4.8,4.0,4.5,8.5,68,186,115,0.32,0.18,0.50,0.27,0.46,0.22,0.21,0.42,0.18,0.39,Matches,79,24,30.4,3.61,1.10,0.08,0.25,25.1,6,0.05,+2.2,+2.0,1085,1308,83.0,18860,5280,476,551,86.4,471,527,89.4,99,151,65.6,3.6,-0.5,43,169,36,7,1246,55,3,12,42,3,25,6,7,0,7,21,100,4.57,81,6,2,5,2,16,0.73,11,1,1,1,1,15,8,4,7,4,3,25.0,9,10,10,25,10,1,1523,7,46,15,39.5,23,60.5,1004,8,39,20,1234,66,64.4,73,10,5,29,0,1.50,36,33,+3,+0.14,+0.96,28.7,35.7,-7.0,-0.32,+0.17,0,11,0,0,0,85,10,40.0
202,Kevin Escamilla,mx MEX,"MF,DF",Querétaro,30,1994,28,22,1988,22.1,0,2,2,0,0,0,6,0,0.6,0.6,0.7,1.4,5,68,11,0.00,0.09,0.09,0.00,0.09,0.03,0.03,0.06,0.03,0.06,Matches,18,3,16.7,0.81,0.14,0.00,0.00,25.7,0,0.04,-0.6,-0.6,698,817,85.4,12842,4217,283,314,90.1,337,376,89.6,63,95,66.3,0.4,+1.3,12,64,1,0,773,39,0,11,1,0,0,0,0,0,5,7,30,1.36,28,0,0,0,0,5,0.23,4,0,0,0,0,34,19,18,14,2,18,50.0,18,10,36,70,65,1,1032,94,10,7,87.5,1,12.5,463,0,16,9,569,71,65.0,82,13,6,32,3,1.14,19,35,-16,-0.72,+0.03,17.5,34.2,-16.7,-0.76,+0.04,0,29,0,0,0,109,15,53.6
408,Kevin Mier,co COL,GK,Cruz Azul,24,2000,33,33,2970,33.0,0,0,0,0,0,0,1,0,0.0,0.0,0.0,0.0,0,2,0,0.00,0.00,0.00,0.00,0.00,0.00,0.00,0.00,0.00,0.00,Matches,0,0,,0.00,0.00,,,,0,,0.0,0.0,1262,1472,85.7,29157,19082,347,349,99.4,636,645,98.6,267,463,57.7,0.1,0.0,0,25,4,0,1194,277,0,1,0,0,0,0,0,0,1,1,9,0.27,7,2,0,0,0,0,0.00,0,0,0,0,0,2,2,1,1,0,1,50.0,1,0,1,3,13,3,1537,1073,0,4,80.0,1,20.0,962,0,2,2,931,90,97.1,90,33,0,,0,2.07,63,27,+36,+1.09,+0.09,52.9,30.3,+22.6,+0.68,-0.84,0,0,0,0,0,120,6,100.0
453,Kevin Ortega,mx MEX,MF,Atlético,22,2002,3,0,8,0.1,0,0,0,0,0,0,0,0,0.0,0.0,0.0,0.0,0,1,0,0.00,0.00,0.00,0.00,0.00,0.00,0.00,0.00,0.00,0.00,Matches,0,0,,0.00,0.00,,,,0,,0.0,0.0,11,13,84.6,163,23,6,6,100.0,4,4,100.0,1,2,50.0,0.0,0.0,0,1,0,0,11,2,0,0,0,0,0,0,0,0,0,1,1,11.25,1,0,0,0,0,0,0.00,0,0,0,0,0,3,2,1,2,0,3,60.0,2,0,0,3,0,0,21,0,1,0,0.0,1,100.0,8,0,3,1,9,3,0.3,,0,3,3,4,2.00,0,0,0,0.00,+0.15,0.2,0.1,+0.1,+0.66,+0.97,0,0,0,0,0,1,0,
544,Kevin Rosero,co COL,"DF,MF",Necaxa,25,1998,29,17,1507,16.7,2,4,6,2,0,0,5,0,0.9,0.9,1.5,2.4,44,23,95,0.12,0.24,0.36,0.12,0.36,0.05,0.09,0.14,0.05,0.14,Matches,24,8,33.3,1.43,0.48,0.08,0.25,21.1,0,0.04,+1.1,+1.1,266,404,65.8,3977,1058,148,172,86.0,93,131,71.0,17,54,31.5,1.1,+2.5,18,22,14,8,388,14,0,5,60,10,1,0,0,0,2,27,43,2.56,28,0,8,4,1,7,0.42,5,0,2,0,0,47,38,21,20,6,27,65.9,14,17,10,57,31,0,680,20,40,29,39.2,43,58.1,349,11,56,26,389,52,49.2,76,7,12,18,2,1.42,32,28,+4,+0.24,+0.41,17.6,24.8,-7.2,-0.43,-0.66,0,25,0,0,0,79,14,35.0
616,Kevin Velasco,co COL,"MF,DF",Puebla,27,1997,8,4,336,3.7,0,0,0,0,0,0,0,0,0.2,0.2,0.8,1.0,12,11,20,0.00,0.00,0.00,0.00,0.00,0.05,0.21,0.27,0.05,0.27,Matches,9,4,44.4,2.41,1.07,0.00,0.00,29.1,0,0.02,-0.2,-0.2,84,116,72.4,1432,488,42,51,82.4,33,43,76.7,8,15,53.3,0.3,-0.8,10,7,8,5,101,14,2,1,15,13,0,0,0,0,1,4,13,3.48,12,0,0,0,0,1,0.27,0,0,0,0,0,8,8,6,2,0,6,66.7,3,7,2,10,2,0,164,3,5,6,50.0,6,50.0,90,3,9,4,97,42,11.0,70,0,4,14,10,0.63,2,6,-4,-1.07,-0.31,3.4,3.8,-0.4,-0.11,+0.34,0,6,0,0,0,21,1,10.0
35,Kevin Álvarez,mx MEX,DF,América,25,1999,21,14,1368,15.2,0,2,2,0,0,0,2,1,0.7,0.7,1.8,2.5,60,45,76,0.00,0.13,0.13,0.00,0.13,0.05,0.12,0.17,0.05,0.17,Matches,11,3,27.3,0.72,0.20,0.00,0.00,21.9,0,0.07,-0.7,-0.7,544,690,78.8,9075,2898,265,301,88.0,229,279,82.1,41,76,53.9,1.6,+0.2,16,38,11,3,543,145,0,1,41,138,0,0,0,0,2,18,37,2.43,25,2,4,2,0,6,0.39,4,1,0,1,0,28,18,18,9,1,15,50.0,15,10,13,41,28,0,841,28,25,21,42.9,28,57.1,435,12,13,15,488,65,44.7,85,9,7,25,1,1.85,38,10,+28,+1.84,+1.74,28.8,12.9,+15.9,+1.05,+0.33,0,19,1,0,0,44,8,38.1
126,Klever Castillo,mx MEX,FW,Toluca,18,2005,3,0,70,0.8,0,0,0,0,0,0,0,0,0.1,0.1,0.0,0.1,0,5,2,0.00,0.00,0.00,0.00,0.00,0.15,0.00,0.15,0.15,0.15,Matches,3,1,33.3,3.86,1.29,0.00,0.00,26.1,0,0.04,-0.1,-0.1,32,37,86.5,560,111,16,18,88.9,15,16,93.8,1,1,100.0,0.0,0.0,0,2,1,0,37,0,0,1,0,0,0,0,0,0,0,1,5,6.52,5,0,0,0,0,1,1.30,1,0,0,0,0,1,1,0,1,0,1,50.0,1,1,0,1,0,0,50,0,0,1,50.0,1,50.0,35,0,4,0,38,23,2.3,,0,3,23,6,3.00,2,1,+1,+1.29,+0.08,0.9,1.3,-0.3,-0.44,-0.95,0,2,0,0,0,2,0,
,Kléber Carranza,,,,,,,,,,,,,,,,,,,,,,,,,,,,,,,,,,,,,,,,,,,,,,,,,,,,,,,,,,,,,,,,,,,,,,,,,,,,,,,,,,,,,,,,,,,,,,,,,,,,,,,,,,,,,,,,,,,,,,,,,,0,0,,1,,,,,,,,,,,,,,,,,,,
,Leonardo Becerra,,,,,,,,,,,,,,,,,,,,,,,,,,,,,,,,,,,,,,,,,,,,,,,,,,,,,,,,,,,,,,,,,,,,,,,,,,,,,,,,,,,,,,,,,,,,,,,,,,,,,,,,,,,,,,,,,,,,,,,,,,0,0,,4,,,,,,,,,,,,,,,,,,,
222,Leonardo Flores,mx MEX,"FW,MF",Atlas,21,2003,15,6,667,7.4,0,1,1,0,0,0,1,0,0.9,0.9,0.3,1.2,7,15,39,0.00,0.13,0.13,0.00,0.13,0.12,0.05,0.17,0.12,0.17,Matches,7,3,42.9,0.94,0.40,0.00,0.00,14.6,0,0.13,-0.9,-0.9,126,198,63.6,1950,691,81,111,73.0,31,54,57.4,12,20,60.0,0.6,+0.7,3,11,8,3,181,17,0,2,12,16,0,0,0,0,0,10,14,1.89,11,0,0,3,0,2,0.27,2,0,0,0,0,20,13,8,8,4,14,53.8,12,9,7,27,12,0,299,6,19,2,20.0,8,80.0,139,4,18,10,185,44,21.8,83,3,9,19,2,1.24,12,13,-1,-0.13,+0.32,9.6,8.7,+0.9,+0.12,+0.21,0,12,1,0,0,15,26,54.2
577,Leonardo Sepulveda,us USA,"FW,DF",Guadalajara,23,2001,3,0,21,0.2,0,0,0,0,0,0,0,0,0.0,0.0,0.0,0.0,0,1,0,0.00,0.00,0.00,0.00,0.00,0.00,0.00,0.00,0.00,0.00,Matches,0,0,,0.00,0.00,,,,0,,0.0,0.0,11,14,78.6,201,111,5,5,100.0,4,5,80.0,2,4,50.0,0.0,0.0,0,0,0,0,13,1,0,0,0,1,0,0,0,0,0,0,1,4.29,1,0,0,0,0,0,0.00,0,0,0,0,0,0,0,0,0,0,0,,0,0,2,2,3,0,21,2,0,0,,0,,10,0,1,0,9,7,0.7,,0,3,7,6,2.33,0,0,0,0.00,-0.18,0.2,0.9,-0.7,-2.79,-3.03,0,0,0,0,0,1,1,100.0
586,Leonardo Suárez,ar ARG,"FW,MF",UNAM,28,1996,11,10,706,7.8,1,1,2,1,0,0,0,0,0.8,0.8,1.9,2.7,13,35,48,0.13,0.13,0.25,0.13,0.25,0.10,0.24,0.35,0.10,0.35,Matches,14,7,50.0,1.78,0.89,0.07,0.14,24.0,2,0.06,+0.2,+0.2,270,373,72.4,5378,1688,110,124,88.7,99,122,81.1,53,94,56.4,1.9,-0.9,24,37,11,7,313,53,2,14,50,8,24,5,16,0,7,10,42,5.35,26,11,1,1,0,2,0.25,2,0,0,0,0,5,2,1,4,0,2,14.3,12,6,2,7,1,0,436,2,18,6,46.2,6,46.2,265,9,18,6,323,64,23.1,67,0,1,37,0,1.62,12,12,0,0.00,-0.19,9.4,9.7,-0.4,-0.05,-0.56,0,13,1,0,0,32,3,50.0
378,Lisandro Magallán,ar ARG,DF,UNAM,30,1993,22,22,1900,21.1,0,0,0,0,0,0,6,0,0.6,0.6,0.3,0.9,7,71,0,0.00,0.00,0.00,0.00,0.00,0.03,0.02,0.04,0.03,0.04,Matches,9,1,11.1,0.43,0.05,0.00,0.00,11.4,0,0.07,-0.6,-0.6,862,1026,84.0,17510,8034,213,240,88.8,550,607,90.6,92,163,56.4,0.3,-0.3,7,52,2,0,953,71,0,4,0,4,0,0,0,0,2,4,17,0.81,13,0,0,1,1,0,0.00,0,0,0,0,0,39,22,27,11,1,18,66.7,9,10,35,74,108,0,1259,156,14,3,50.0,3,50.0,658,0,4,2,718,86,62.1,86,18,0,,1,1.63,28,22,+6,+0.28,+0.36,29.1,19.3,+9.8,+0.46,+0.22,0,28,0,2,0,94,36,62.1
210,Lorenzo Faravelli,ar ARG,MF,Cruz Azul,31,1993,30,25,2082,23.1,7,1,8,7,0,0,6,0,4.5,4.5,1.4,5.9,22,143,65,0.30,0.04,0.35,0.30,0.35,0.19,0.06,0.25,0.19,0.25,Matches,29,12,41.4,1.25,0.52,0.24,0.58,17.9,0,0.15,+2.5,+2.5,1016,1180,86.1,16613,5121,511,559,91.4,387,435,89.0,85,130,65.4,1.8,-0.4,18,128,24,5,1124,52,6,11,14,19,4,0,1,0,4,11,60,2.59,51,0,2,3,2,6,0.26,5,0,0,0,1,46,33,10,28,8,29,56.9,22,15,16,62,5,0,1359,14,36,14,70.0,6,30.0,793,2,30,21,1002,69,68.0,79,9,5,22,0,2.11,44,20,+24,+1.04,-0.16,36.2,20.1,+16.1,+0.70,-0.04,0,36,0,0,0,112,0,0.0
246,Luan Garcia,br BRA,DF,Toluca,31,1993,29,24,2209,24.5,2,0,2,2,0,0,3,0,1.4,1.4,0.2,1.6,11,68,7,0.08,0.00,0.08,0.08,0.08,0.06,0.01,0.07,0.06,0.07,Matches,12,9,75.0,0.49,0.37,0.17,0.22,11.3,0,0.11,+0.6,+0.6,1130,1273,88.8,23864,8874,289,306,94.4,660,694,95.1,168,250,67.2,0.4,-0.2,5,62,8,1,1214,56,1,8,4,2,0,0,0,0,3,6,20,0.81,14,0,2,1,1,0,0.00,0,0,0,0,0,32,18,23,8,1,20,69.0,9,10,36,68,90,1,1500,193,17,8,100.0,0,0.0,928,0,5,2,1029,76,72.2,88,23,5,19,4,1.97,54,25,+29,+1.18,-0.09,36.5,26.7,+9.9,+0.40,-0.30,0,14,0,1,0,72,28,49.1
132,Lucas Cavallini,ca CAN,FW,Puebla,31,1992,4,4,328,3.6,4,0,4,2,2,2,1,0,3.4,1.9,0.4,2.3,2,5,17,1.10,0.00,1.10,0.55,0.55,0.95,0.11,1.06,0.51,0.63,Matches,15,6,40.0,4.12,1.65,0.13,0.33,13.5,0,0.13,+0.6,+0.1,53,72,73.6,757,107,32,39,82.1,16,21,76.2,2,4,50.0,0.3,-0.4,5,3,2,0,60,12,0,0,2,0,0,0,0,0,0,0,11,3.02,6,0,1,2,0,1,0.27,0,0,0,0,0,2,1,0,1,1,0,0.0,1,0,1,3,1,0,124,2,23,1,10.0,7,70.0,67,0,11,3,92,82,10.7,82,3,0,,0,1.00,5,8,-3,-0.82,-0.03,5.8,4.3,+1.6,+0.43,+0.95,0,9,0,0,0,8,12,50.0
405,Lucas Merolla,ar ARG,DF,Mazatlán,29,1995,21,20,1571,17.5,1,0,1,1,0,0,8,1,2.8,2.8,0.2,3.0,4,26,7,0.06,0.00,0.06,0.06,0.06,0.16,0.01,0.17,0.16,0.17,Matches,18,5,27.8,1.03,0.29,0.06,0.20,10.3,0,0.16,-1.8,-1.8,612,735,83.3,12419,5265,189,223,84.8,345,374,92.2,73,118,61.9,0.5,-0.2,2,27,0,0,697,35,0,6,1,7,0,0,0,0,3,5,10,0.57,6,0,0,1,0,1,0.06,0,0,0,1,0,25,16,18,7,0,8,53.3,7,6,44,69,106,0,987,136,30,12,70.6,5,29.4,471,0,12,4,532,75,51.3,76,12,1,45,0,1.10,16,21,-5,-0.29,+0.56,20.9,17.3,+3.6,+0.21,+0.89,0,31,0,1,0,66,70,73.7
440,Lucas Ocampos,ar ARG,"FW,MF",Monterrey,30,1994,20,14,1253,13.9,1,4,5,0,1,1,2,1,3.0,2.3,2.1,4.4,43,59,138,0.07,0.29,0.36,0.00,0.29,0.22,0.15,0.37,0.16,0.31,Matches,32,6,18.8,2.30,0.43,0.00,0.00,21.0,0,0.07,-2.0,-2.3,401,558,71.9,6372,1452,215,264,81.4,139,175,79.4,35,71,49.3,2.3,+1.9,18,29,18,4,532,24,3,6,35,20,3,0,0,0,2,23,52,3.74,38,0,4,8,1,11,0.79,6,0,0,4,1,18,14,5,5,8,8,50.0,8,8,5,23,11,0,743,12,56,33,44.6,40,54.1,490,14,36,24,599,63,40.9,78,6,6,27,0,1.75,23,15,+8,+0.57,+0.18,21.0,17.5,+3.5,+0.25,-0.26,0,17,3,0,0,40,8,44.4
531,Lucas Rodríguez,ar ARG,"MF,FW",Querétaro,27,1997,29,23,1893,21.0,2,2,4,2,0,0,1,0,3.4,3.4,0.8,4.2,47,67,82,0.10,0.10,0.19,0.10,0.19,0.16,0.04,0.20,0.16,0.20,Matches,35,13,37.1,1.66,0.62,0.06,0.15,19.2,0,0.12,-1.4,-1.4,454,560,81.1,7763,1720,214,244,87.7,170,191,89.0,51,75,68.0,1.1,+1.2,18,56,11,3,523,35,0,4,41,3,13,5,8,0,2,22,53,2.52,36,4,5,3,2,6,0.28,4,0,1,0,0,43,24,11,21,11,18,64.3,10,11,11,54,13,0,808,12,33,24,40.7,34,57.6,491,9,52,31,554,65,61.9,76,8,6,26,3,0.90,16,29,-13,-0.62,+0.31,17.0,31.0,-14.0,-0.67,+0.28,0,20,0,0,0,74,7,33.3
102,Luciano Cabral,cl CHI,"FW,MF",León,29,1995,15,13,1071,11.9,1,3,4,1,0,0,3,1,1.0,1.0,1.6,2.7,12,91,57,0.08,0.25,0.34,0.08,0.34,0.09,0.14,0.22,0.09,0.22,Matches,9,1,11.1,0.76,0.08,0.11,1.00,15.7,0,0.12,0.0,0.0,415,562,73.8,7076,2623,195,230,84.8,150,185,81.1,49,94,52.1,2.1,+1.4,29,61,16,1,516,42,4,2,35,5,25,12,11,0,4,12,53,4.45,37,10,2,3,1,5,0.42,4,0,1,0,0,16,6,5,9,2,8,42.1,11,13,2,18,10,0,674,16,13,17,51.5,16,48.5,368,0,24,17,465,71,35.0,75,5,2,45,0,1.20,14,12,+2,+0.17,+0.21,12.9,14.2,-1.3,-0.11,+0.06,0,13,0,0,0,66,7,30.4
20,Luis Alfonso Rodríguez,mx MEX,DF,Pachuca,33,1991,23,16,1379,15.3,0,1,1,0,0,0,3,0,0.2,0.2,0.9,1.1,28,103,49,0.00,0.07,0.07,0.00,0.07,0.02,0.06,0.07,0.02,0.07,Matches,10,1,10.0,0.65,0.07,0.00,0.00,29.5,0,0.02,-0.2,-0.2,810,1004,80.7,14769,6138,338,374,90.4,376,443,84.9,88,153,57.5,1.2,+0.1,13,100,10,4,799,202,4,8,36,184,0,0,0,0,3,17,30,1.96,25,3,1,0,0,3,0.20,3,0,0,0,0,42,26,20,20,2,23,48.9,24,10,24,66,30,2,1157,30,3,9,50.0,9,50.0,605,2,19,7,681,60,45.1,75,5,7,27,4,1.00,17,28,-11,-0.72,-1.15,18.0,19.0,-0.9,-0.06,-0.57,0,21,0,1,0,75,8,42.1
36,Luis Amarilla,py PAR,FW,Mazatlán,28,1995,19,15,1392,15.5,3,2,5,2,1,2,2,0,5.1,3.5,1.6,5.1,15,26,63,0.19,0.13,0.32,0.13,0.26,0.33,0.10,0.43,0.23,0.33,Matches,31,8,25.8,2.00,0.52,0.06,0.25,20.8,0,0.11,-2.1,-1.5,312,448,69.6,4345,736,170,226,75.2,112,154,72.7,8,20,40.0,1.3,+0.4,8,16,4,0,403,43,1,2,3,3,0,0,0,0,2,4,29,1.87,19,1,4,2,0,4,0.26,4,0,0,0,0,18,13,6,6,6,6,46.2,7,4,5,23,12,0,606,16,50,14,51.9,13,48.1,327,5,41,20,434,73,45.5,84,13,4,33,0,0.74,12,27,-15,-0.97,-0.75,15.5,23.1,-7.6,-0.49,-0.48,0,13,1,0,0,39,43,55.1
,Luis Ayon,,,,,,,,,,,,,,,,,,,,,,,,,,,,,,,,,,,,,,,,,,,,,,,,,,,,,,,,,,,,,,,,,,,,,,,,,,,,,,,,,,,,,,,,,,,,,,,,,,,,,,,,,,,,,,,,,,,,,,,,,,0,0,,2,,,,,,,,,,,,,,,,,,,
,Luis Camarena,,,,,,,,,,,,,,,,,,,,,,,,,,,,,,,,,,,,,,,,,,,,,,,,,,,,,,,,,,,,,,,,,,,,,,,,,,,,,,,,,,,,,,,,,,,,,,,,,,,,,,,,,,,,,,,,,,,,,,,,,,0,0,,1,,,,,,,,,,,,,,,,,,,
114,Luis Cañamar,mx MEX,DF,Atlético,22,2002,3,1,89,1.0,0,0,0,0,0,0,1,0,0.1,0.1,0.0,0.1,1,3,3,0.00,0.00,0.00,0.00,0.00,0.07,0.00,0.07,0.07,0.07,Matches,1,0,0.0,1.01,0.00,0.00,,15.6,0,0.07,-0.1,-0.1,46,59,78.0,770,209,23,25,92.0,21,25,84.0,2,6,33.3,0.0,0.0,0,2,0,0,43,15,0,0,0,15,0,0,0,0,1,2,1,1.02,1,0,0,0,0,0,0.00,0,0,0,0,0,4,3,3,1,0,0,,0,2,0,4,1,0,69,1,1,2,40.0,3,60.0,31,0,2,2,38,30,2.9,77,0,2,6,2,1.00,1,3,-2,-2.02,-1.93,0.3,2.2,-1.9,-1.94,-1.68,0,1,0,0,0,8,1,50.0
116,Luis Cárdenas,mx MEX,GK,Monterrey,30,1993,10,10,900,10.0,0,0,0,0,0,0,0,0,0.0,0.0,0.1,0.1,0,0,0,0.00,0.00,0.00,0.00,0.00,0.00,0.01,0.01,0.00,0.01,Matches,0,0,,0.00,0.00,,,,0,,0.0,0.0,292,337,86.6,7741,5733,57,57,100.0,151,153,98.7,83,125,66.4,0.0,-0.1,1,3,0,0,243,93,0,0,0,0,0,0,0,0,1,0,2,0.20,1,1,0,0,0,0,0.00,0,0,0,0,0,0,0,0,0,0,0,,0,0,1,1,7,2,354,292,0,0,,0,,182,0,0,0,140,90,29.4,90,10,0,,24,1.81,20,13,+7,+0.70,+0.32,20.4,11.9,+8.6,+0.86,+0.64,0,0,0,0,0,20,0,
197,Luis Enrique Quiñones,co COL,"FW,MF",Puebla,33,1991,18,16,1364,15.2,4,1,5,3,1,1,7,1,3.6,2.8,1.6,4.4,32,70,102,0.26,0.07,0.33,0.20,0.26,0.24,0.11,0.35,0.19,0.30,Matches,24,9,37.5,1.58,0.59,0.13,0.33,21.7,0,0.12,+0.4,+0.2,451,631,71.5,6494,1829,263,324,81.2,143,189,75.7,21,54,38.9,1.6,-0.6,20,42,19,2,575,53,1,2,43,11,14,5,5,0,3,21,55,3.68,37,5,4,5,0,6,0.40,3,0,1,1,0,26,19,8,16,2,5,33.3,10,15,5,31,1,0,836,3,50,28,41.8,36,53.7,511,10,46,38,640,76,44.6,81,9,2,35,0,0.56,12,28,-16,-1.06,-0.47,15.4,22.9,-7.5,-0.50,-0.16,1,22,1,0,0,67,13,28.3
198,Luis Enrique Quiñones,co COL,"FW,MF",UANL,33,1991,4,2,171,1.9,0,1,1,0,0,0,0,0,0.1,0.1,1.2,1.3,1,6,24,0.00,0.53,0.53,0.00,0.53,0.05,0.64,0.69,0.05,0.69,Matches,24,9,37.5,1.58,0.59,0.13,0.33,21.7,0,0.12,+0.4,+0.2,451,631,71.5,6494,1829,263,324,81.2,143,189,75.7,21,54,38.9,1.6,-0.6,20,42,19,2,575,53,1,2,43,11,14,5,5,0,3,21,55,3.68,37,5,4,5,0,6,0.40,3,0,1,1,0,26,19,8,16,2,5,33.3,10,15,5,31,1,0,836,3,50,28,41.8,36,53.7,511,10,46,38,640,76,44.6,81,9,2,35,0,0.56,12,28,-16,-1.06,-0.47,15.4,22.9,-7.5,-0.50,-0.16,1,22,1,0,0,67,13,28.3
205,Luis Espinoza,mx MEX,"DF,FW",Santos,20,2004,6,1,164,1.8,0,0,0,0,0,0,0,0,0.0,0.0,0.0,0.0,2,1,11,0.00,0.00,0.00,0.00,0.00,0.00,0.01,0.01,0.00,0.01,Matches,0,0,,0.00,0.00,,,,0,,0.0,0.0,58,74,78.4,912,277,34,43,79.1,17,20,85.0,5,6,83.3,0.0,0.0,1,1,1,1,62,12,0,1,1,12,0,0,0,0,0,4,2,1.10,2,0,0,0,0,0,0.00,0,0,0,0,0,3,2,3,0,0,1,33.3,2,6,2,5,2,0,97,4,2,1,100.0,0,0.0,49,1,5,1,50,27,5.4,90,1,5,15,10,0.17,1,1,0,0.00,+1.21,1.3,3.9,-2.6,-1.42,-0.66,0,2,0,1,0,5,4,66.7
247,Luis García,mx MEX,"MF,FW",Puebla,31,1993,7,0,117,1.3,0,0,0,0,0,0,0,0,0.0,0.0,0.6,0.6,6,2,11,0.00,0.00,0.00,0.00,0.00,0.00,0.44,0.44,0.00,0.44,Matches,0,0,,0.00,0.00,,,,0,,0.0,0.0,19,45,42.2,327,127,10,15,66.7,7,19,36.8,2,7,28.6,0.2,-0.6,3,1,3,3,40,5,0,0,20,5,0,0,0,0,0,4,3,2.31,3,0,0,0,0,0,0.00,0,0,0,0,0,3,0,2,0,1,2,100.0,0,0,0,3,6,0,63,7,6,2,66.7,1,33.3,29,0,4,0,34,17,3.8,,0,7,17,9,1.14,4,3,+1,+0.77,+1.63,4.4,2.1,+2.3,+1.78,+2.28,0,0,0,0,0,3,1,25.0
293,Luis Gutiérrez,mx MEX,DF,Cruz Azul,22,2001,1,0,3,0.0,0,0,0,0,0,0,0,0,0.0,0.0,0.0,0.0,1,1,1,0.00,0.00,0.00,0.00,0.00,0.00,0.00,0.00,0.00,0.00,Matches,0,0,,0.00,0.00,,,,0,,0.0,0.0,3,4,75.0,44,29,2,3,66.7,1,1,100.0,0,0,,0.0,0.0,0,0,0,0,4,0,0,0,0,0,0,0,0,0,0,0,0,0.00,0,0,0,0,0,0,0.00,0,0,0,0,0,1,1,1,0,0,0,,0,0,0,1,0,0,5,1,1,0,,0,,4,1,0,0,3,3,0.1,,0,1,3,4,3.00,1,0,+1,+30.00,+28.94,0.1,0.0,+0.1,+1.48,+0.77,0,0,0,0,0,1,0,
289,Luis Gutiérrez Castellanos,mx MEX,MF,Santos,22,2002,8,6,538,6.0,0,1,1,0,0,0,2,0,0.0,0.0,0.3,0.4,5,12,3,0.00,0.17,0.17,0.00,0.17,0.00,0.06,0.06,0.00,0.06,Matches,1,0,0.0,0.17,0.00,0.00,,28.8,0,0.01,0.0,0.0,224,249,90.0,3614,1010,118,126,93.7,80,87,92.0,18,20,90.0,0.2,+0.7,4,19,2,1,234,14,0,3,2,2,0,0,0,0,1,2,9,1.51,9,0,0,0,0,2,0.33,2,0,0,0,0,5,3,1,4,0,3,27.3,8,6,7,12,9,0,303,15,0,1,25.0,3,75.0,174,0,7,4,206,67,17.6,77,2,2,40,9,0.63,6,11,-5,-0.84,+0.38,6.3,14.7,-8.3,-1.39,-0.72,0,10,0,0,0,19,3,42.9
261,Luis Gómez,mx MEX,"DF,FW",Santos,17,2007,3,0,25,0.3,0,0,0,0,0,0,0,0,0.0,0.0,0.0,0.0,2,0,1,0.00,0.00,0.00,0.00,0.00,0.00,0.00,0.00,0.00,0.00,Matches,0,0,,0.00,0.00,,,,0,,0.0,0.0,10,17,58.8,137,12,4,8,50.0,4,5,80.0,0,0,,0.0,0.0,0,0,0,0,16,1,0,0,1,0,0,0,0,0,0,2,0,0.00,0,0,0,0,0,0,0.00,0,0,0,0,0,1,0,0,1,0,0,0.0,1,1,0,1,0,0,20,0,1,1,33.3,2,66.7,13,1,0,0,13,8,0.8,,0,3,8,6,0.33,1,1,0,0.00,+1.16,0.3,1.0,-0.8,-2.81,-2.03,0,1,0,0,0,2,0,
,Luis Jiménez,,,,,,,,,,,,,,,,,,,,,,,,,,,,,,,,,,,,,,,,,,,,,,,,,,,,,,,,,,,,,,,,,,,,,,,,,,,,,,,,,,,,,,,,,,,,,,,,,,,,,,,,,,,,,,,,,,,,,,,,,,0,0,,17,,,,,,,,,,,,,,,,,,,
379,Luis Manuel García,mx MEX,GK,Toluca,31,1992,5,5,450,5.0,0,0,0,0,0,0,0,0,0.0,0.0,0.0,0.0,0,0,0,0.00,0.00,0.00,0.00,0.00,0.00,0.00,0.00,0.00,0.00,Matches,0,0,,0.00,0.00,,,,0,,0.0,0.0,123,161,76.4,3248,2312,25,25,100.0,58,58,100.0,40,78,51.3,0.0,0.0,0,1,0,0,128,33,0,0,0,0,0,0,0,0,0,0,0,0.00,0,0,0,0,0,0,0.00,0,0,0,0,0,0,0,0,0,0,0,,0,0,0,0,4,1,166,148,0,0,,0,,109,0,0,0,95,90,14.7,90,5,0,,21,2.10,8,6,+2,+0.40,-0.94,6.0,5.2,+0.8,+0.17,-0.37,0,0,0,0,0,7,4,100.0
433,Luis Navarrete,mx MEX,MF,Toluca,17,2006,1,0,6,0.1,0,0,0,0,0,0,0,0,0.0,0.0,0.0,0.0,0,0,1,0.00,0.00,0.00,0.00,0.00,0.00,0.00,0.00,0.00,0.00,Matches,0,0,,0.00,0.00,,,,0,,0.0,0.0,1,2,50.0,23,0,0,0,,1,2,50.0,0,0,,0.0,0.0,0,0,0,0,1,1,0,0,0,1,0,0,0,0,0,0,0,0.00,0,0,0,0,0,0,0.00,0,0,0,0,0,0,0,0,0,0,0,,0,0,0,0,0,0,2,0,0,0,,0,,1,0,0,0,1,6,0.2,,0,1,6,2,3.00,0,1,-1,-15.00,-16.24,0.7,0.2,+0.5,+7.51,+7.04,0,0,0,0,0,0,0,0.0
431,Luis Nájera,mx MEX,"MF,FW",Atlético,21,2003,26,16,1270,14.1,3,4,7,3,0,0,0,0,1.3,1.3,1.1,2.4,19,55,75,0.21,0.28,0.50,0.21,0.50,0.09,0.08,0.17,0.09,0.17,Matches,20,8,40.0,1.42,0.57,0.15,0.38,20.5,0,0.07,+1.7,+1.7,433,543,79.7,7260,1579,217,250,86.8,159,183,86.9,42,73,57.5,1.2,+2.9,23,40,12,2,504,39,0,9,30,6,17,5,7,0,0,18,43,3.05,31,7,1,1,0,8,0.57,5,0,1,0,0,12,9,4,7,1,2,18.2,9,8,2,14,3,1,658,3,23,11,52.4,9,42.9,411,4,33,20,536,49,41.5,67,2,10,19,8,1.53,22,17,+5,+0.35,+0.86,16.1,17.6,-1.5,-0.10,+0.35,0,9,0,0,0,53,3,18.8
,Luis Ortiz,,,,,,,,,,,,,,,,,,,,,,,,,,,,,,,,,,,,,,,,,,,,,,,,,,,,,,,,,,,,,,,,,,,,,,,,,,,,,,,,,,,,,,,,,,,,,,,,,,,,,,,,,,,,,,,,,,,,,,,,,,0,0,,2,,,,,,,,,,,,,,,,,,,
492,Luis Puente,mx MEX,FW,Pachuca,21,2003,2,2,98,1.1,0,0,0,0,0,0,0,0,0.2,0.2,0.0,0.2,0,1,4,0.00,0.00,0.00,0.00,0.00,0.17,0.03,0.21,0.17,0.21,Matches,3,1,33.3,2.76,0.92,0.00,0.00,24.4,0,0.06,-0.2,-0.2,6,12,50.0,77,10,4,6,66.7,2,5,40.0,0,0,,0.0,0.0,1,0,1,0,11,1,0,0,0,0,0,0,0,0,0,0,2,1.84,2,0,0,0,0,0,0.00,0,0,0,0,0,0,0,0,0,0,0,,0,1,0,0,1,0,23,1,0,0,0.0,1,100.0,10,0,3,0,16,49,3.2,49,0,0,,1,0.50,0,1,-1,-0.92,-0.86,1.3,1.2,+0.1,+0.09,-0.17,0,0,0,0,0,1,2,25.0
503,Luis Rey,mx MEX,DF,Guadalajara,21,2002,15,9,778,8.6,1,0,1,1,0,0,3,1,0.7,0.7,0.0,0.7,4,16,2,0.12,0.00,0.12,0.12,0.12,0.08,0.00,0.08,0.08,0.08,Matches,10,3,30.0,1.16,0.35,0.10,0.33,9.1,0,0.07,+0.3,+0.3,310,378,82.0,6304,2448,99,110,90.0,161,186,86.6,49,77,63.6,0.1,0.0,0,24,0,0,351,27,0,4,0,13,0,0,0,0,0,5,2,0.23,1,0,1,0,0,0,0.00,0,0,0,0,0,16,6,8,7,1,7,58.3,5,2,14,30,39,0,467,51,10,4,80.0,1,20.0,252,0,3,3,281,52,25.4,76,5,6,16,11,1.60,8,9,-1,-0.12,-0.39,9.3,6.4,+2.9,+0.33,+0.15,1,9,0,0,0,23,18,60.0
510,Luis Ricardo Reyes,mx MEX,DF,Atlas,33,1991,17,15,1374,15.3,1,1,2,1,0,0,2,0,1.1,1.1,2.0,3.1,25,55,51,0.07,0.07,0.13,0.07,0.13,0.08,0.13,0.21,0.08,0.21,Matches,23,4,17.4,1.51,0.26,0.04,0.25,20.9,1,0.05,-0.1,-0.1,502,720,69.7,9279,4565,210,242,86.8,217,285,76.1,64,158,40.5,1.8,-1.0,19,48,14,9,518,200,0,4,60,175,2,0,2,0,2,24,38,2.49,20,11,4,0,1,1,0.07,1,0,0,0,0,31,22,18,10,3,13,59.1,9,14,21,52,30,0,886,39,27,8,50.0,8,50.0,358,10,16,11,439,81,44.9,89,14,2,19,0,1.39,15,20,-5,-0.33,+0.10,15.3,15.7,-0.5,-0.03,+0.02,0,14,0,2,0,53,16,55.2
511,Luis Ricardo Reyes,mx MEX,DF,Monterrey,33,1991,5,4,299,3.3,0,0,0,0,0,0,1,0,0.0,0.0,0.1,0.1,3,24,19,0.00,0.00,0.00,0.00,0.00,0.00,0.04,0.04,0.00,0.04,Matches,23,4,17.4,1.51,0.26,0.04,0.25,20.9,1,0.05,-0.1,-0.1,502,720,69.7,9279,4565,210,242,86.8,217,285,76.1,64,158,40.5,1.8,-1.0,19,48,14,9,518,200,0,4,60,175,2,0,2,0,2,24,38,2.49,20,11,4,0,1,1,0.07,1,0,0,0,0,31,22,18,10,3,13,59.1,9,14,21,52,30,0,886,39,27,8,50.0,8,50.0,358,10,16,11,439,81,44.9,89,14,2,19,0,1.39,15,20,-5,-0.33,+0.10,15.3,15.7,-0.5,-0.03,+0.02,0,14,0,2,0,53,16,55.2
539,Luis Romo,mx MEX,"MF,FW",Cruz Azul,29,1995,16,12,1082,12.0,0,4,4,0,0,0,2,0,1.7,1.7,2.1,3.9,9,75,48,0.00,0.33,0.33,0.00,0.33,0.14,0.18,0.32,0.14,0.32,Matches,27,6,22.2,2.25,0.50,0.00,0.00,17.2,0,0.06,-1.7,-1.7,510,608,83.9,9081,2850,207,237,87.3,240,268,89.6,48,69,69.6,1.9,+1.9,17,61,16,2,579,24,5,5,6,2,0,0,0,0,5,9,48,3.99,36,1,3,1,2,11,0.91,9,0,1,0,0,24,14,6,15,3,16,59.3,11,5,9,33,9,0,744,20,34,8,57.1,6,42.9,429,1,25,15,552,68,35.4,82,7,4,26,0,2.15,30,9,+21,+1.75,+1.02,22.3,10.4,+11.9,+0.99,+0.44,0,9,0,0,0,51,16,50.0
540,Luis Romo,mx MEX,MF,Guadalajara,29,1995,13,11,1007,11.2,1,2,3,1,0,0,1,1,2.4,2.4,2.3,4.7,19,64,50,0.09,0.18,0.27,0.09,0.27,0.21,0.21,0.42,0.21,0.42,Matches,27,6,22.2,2.25,0.50,0.00,0.00,17.2,0,0.06,-1.7,-1.7,510,608,83.9,9081,2850,207,237,87.3,240,268,89.6,48,69,69.6,1.9,+1.9,17,61,16,2,579,24,5,5,6,2,0,0,0,0,5,9,48,3.99,36,1,3,1,2,11,0.91,9,0,1,0,0,24,14,6,15,3,16,59.3,11,5,9,33,9,0,744,20,34,8,57.1,6,42.9,429,1,25,15,552,68,35.4,82,7,4,26,0,2.15,30,9,+21,+1.75,+1.02,22.3,10.4,+11.9,+0.99,+0.44,0,9,0,0,0,51,16,50.0
566,Luis Sánchez,mx MEX,DF,Mazatlán,24,2000,26,19,1855,20.6,2,0,2,2,0,0,3,0,1.5,1.5,0.9,2.4,14,43,5,0.10,0.00,0.10,0.10,0.10,0.07,0.04,0.12,0.07,0.12,Matches,12,3,25.0,0.58,0.15,0.17,0.67,9.7,0,0.13,+0.5,+0.5,656,766,85.6,12026,4543,254,274,92.7,332,372,89.2,61,100,61.0,0.7,-0.9,8,39,2,0,724,41,1,3,1,17,0,0,0,0,1,8,15,0.73,9,0,0,2,1,0,0.00,0,0,0,0,0,17,9,13,4,0,6,42.9,8,11,20,37,81,0,954,109,20,1,100.0,0,0.0,490,0,10,7,588,71,60.6,83,15,7,38,3,0.96,13,24,-11,-0.53,+0.06,21.6,27.2,-5.6,-0.27,-0.11,0,19,0,0,0,64,30,46.9
,Luis Valadez,,,,,,,,,,,,,,,,,,,,,,,,,,,,,,,,,,,,,,,,,,,,,,,,,,,,,,,,,,,,,,,,,,,,,,,,,,,,,,,,,,,,,,,,,,,,,,,,,,,,,,,,,,,,,,,,,,,,,,,,,,0,0,,4,,,,,,,,,,,,,,,,,,,
43,Luis Ángel Malagón,mx MEX,GK,América,27,1997,29,29,2565,28.5,0,0,0,0,0,0,1,0,0.0,0.0,0.0,0.0,0,0,0,0.00,0.00,0.00,0.00,0.00,0.00,0.00,0.00,0.00,0.00,Matches,0,0,,0.00,0.00,,,,0,,0.0,0.0,735,935,78.6,20477,14679,94,94,100.0,353,356,99.2,266,458,58.1,0.0,0.0,1,6,0,0,656,275,0,5,0,0,0,0,0,0,4,1,7,0.25,3,4,0,0,0,0,0.00,0,0,0,0,0,1,0,1,0,0,1,100.0,0,0,0,1,16,2,1009,909,0,1,100.0,0,0.0,527,0,1,0,468,88,83.8,88,28,0,,2,1.88,55,27,+28,+0.98,+0.62,47.4,23.8,+23.6,+0.83,-0.22,0,0,0,0,0,65,7,100.0
538,Luka Romero,ar ARG,"MF,FW",Cruz Azul,19,2004,14,8,665,7.4,2,1,3,2,0,0,1,0,1.7,1.7,0.8,2.4,23,19,57,0.27,0.14,0.41,0.27,0.41,0.23,0.10,0.33,0.23,0.33,Matches,25,4,16.0,3.38,0.54,0.08,0.50,19.9,1,0.07,+0.3,+0.3,228,268,85.1,3096,594,134,148,90.5,67,76,88.2,9,23,39.1,0.8,+0.2,13,17,6,1,240,27,0,1,21,3,14,7,2,0,1,3,25,3.38,20,3,1,0,0,2,0.27,2,0,0,0,0,11,9,6,4,1,4,36.4,7,7,0,11,3,0,352,1,25,5,35.7,8,57.1,233,2,17,13,242,48,21.7,64,0,6,25,1,2.18,14,7,+7,+0.95,-0.18,13.1,8.1,+5.0,+0.68,-0.04,0,10,0,0,0,26,2,22.2
135,Luís Cervantes,mx MEX,DF,León,23,2001,1,1,33,0.4,0,0,0,0,0,0,0,0,0.0,0.0,0.0,0.0,0,0,2,0.00,0.00,0.00,0.00,0.00,0.00,0.00,0.00,0.00,0.00,Matches,0,0,,0.00,0.00,,,,0,,0.0,0.0,12,16,75.0,184,88,8,10,80.0,3,3,100.0,1,2,50.0,0.0,0.0,0,0,0,0,13,3,0,0,1,3,0,0,0,0,0,0,0,0.00,0,0,0,0,0,0,0.00,0,0,0,0,0,2,2,0,2,0,1,100.0,0,1,0,2,0,0,22,2,0,0,0.0,1,100.0,9,0,1,0,13,33,1.1,33,0,0,,3,0.00,1,2,-1,-2.73,-2.79,0.6,0.4,+0.2,+0.51,+0.67,0,0,0,0,1,0,1,100.0
93,Léo Bonatini,br BRA,FW,Atlético,30,1994,21,12,1058,11.8,3,2,5,2,1,1,0,0,4.2,3.4,1.3,4.7,6,22,50,0.26,0.17,0.43,0.17,0.34,0.36,0.11,0.47,0.29,0.40,Matches,19,6,31.6,1.62,0.51,0.11,0.33,13.9,0,0.18,-1.2,-1.4,201,276,72.8,3194,562,111,138,80.4,68,88,77.3,15,24,62.5,1.4,+0.7,8,19,2,0,244,30,1,2,3,1,0,0,0,0,2,9,18,1.53,15,0,0,1,0,2,0.17,1,0,0,0,0,4,3,0,3,1,1,25.0,3,6,4,8,8,0,373,9,43,5,29.4,11,64.7,206,4,26,15,270,50,34.6,71,1,9,23,5,1.33,13,17,-4,-0.34,-0.30,13.4,17.4,-4.0,-0.34,-0.06,0,5,0,0,0,24,4,25.0
377,Madson,br BRA,"FW,MF",FC Juárez,24,1999,12,10,867,9.6,3,2,5,3,0,0,4,0,2.6,2.6,1.7,4.2,33,25,91,0.31,0.21,0.52,0.31,0.52,0.27,0.17,0.44,0.27,0.44,Matches,16,8,50.0,1.66,0.83,0.19,0.38,15.6,0,0.17,+0.4,+0.4,193,281,68.7,2971,629,106,139,76.3,64,86,74.4,16,33,48.5,0.9,+0.3,13,17,7,4,273,5,0,2,35,3,0,0,0,0,3,9,24,2.49,18,0,1,3,0,4,0.42,2,0,1,0,0,6,4,3,3,0,4,33.3,8,11,4,10,4,0,397,4,34,9,30.0,21,70.0,261,8,27,9,310,72,28.3,80,1,2,32,0,1.38,10,10,0,0.00,+0.78,8.5,8.8,-0.3,-0.03,+0.68,0,7,0,0,0,33,9,47.4
131,Manuel Castro,uy URU,"MF,FW",FC Juárez,28,1995,1,1,90,1.0,0,0,0,0,0,0,0,0,0.0,0.0,0.1,0.1,1,3,4,0.00,0.00,0.00,0.00,0.00,0.00,0.06,0.06,0.00,0.06,Matches,0,0,,0.00,0.00,,,,0,,0.0,0.0,21,33,63.6,402,143,9,12,75.0,9,15,60.0,3,3,100.0,0.0,-0.1,1,1,0,0,27,6,0,0,5,1,2,0,0,0,0,1,3,3.00,1,1,0,1,0,1,1.00,0,0,0,1,0,1,1,1,0,0,1,100.0,0,0,1,2,3,0,42,2,2,0,0.0,2,100.0,20,1,2,1,27,90,2.9,90,1,0,,0,1.00,2,2,0,0.00,+0.58,1.1,1.0,+0.1,+0.11,+0.66,0,1,1,0,0,8,3,37.5
552,Marcel Ruiz,mx MEX,MF,Toluca,23,2000,33,32,2748,30.5,3,6,9,3,0,0,9,0,3.5,3.5,3.9,7.3,52,187,77,0.10,0.20,0.29,0.10,0.29,0.11,0.13,0.24,0.11,0.24,Matches,38,18,47.4,1.24,0.59,0.08,0.17,15.8,0,0.09,-0.5,-0.5,1453,1708,85.1,26288,8373,603,691,87.3,668,734,91.0,154,211,73.0,3.8,+2.1,30,193,33,1,1666,35,6,13,13,6,0,0,0,0,7,16,85,2.78,75,0,0,4,1,14,0.46,12,0,0,1,0,112,65,54,48,10,40,54.1,34,35,33,145,52,0,2066,64,68,16,55.2,13,44.8,1250,7,38,29,1495,83,89.8,85,22,1,23,0,2.00,69,33,+36,+1.18,-0.26,47.7,32.9,+14.8,+0.48,-0.01,0,39,0,0,0,145,45,63.4
223,Marcelo Flores,mx MEX,"FW,MF",UANL,20,2003,23,11,1013,11.3,2,1,3,2,0,0,1,0,2.2,2.2,1.8,4.1,50,31,136,0.18,0.09,0.27,0.18,0.27,0.20,0.16,0.36,0.20,0.36,Matches,25,6,24.0,2.22,0.53,0.08,0.33,16.3,0,0.09,-0.2,-0.2,378,478,79.1,5558,1109,218,247,88.3,138,166,83.1,14,33,42.4,1.7,-0.8,21,20,18,9,457,17,1,1,50,13,3,3,0,0,4,16,45,4.00,35,2,5,0,0,1,0.09,1,0,0,0,0,13,9,5,3,5,6,66.7,3,10,9,22,4,1,631,10,51,19,39.6,29,60.4,426,14,33,24,481,44,33.1,68,0,12,22,5,1.63,14,9,+5,+0.44,-0.22,15.9,9.7,+6.2,+0.55,+0.24,0,6,0,0,0,43,5,45.5
146,Mario Cordero,mx MEX,FW,Santos,20,2003,1,0,10,0.1,0,0,0,0,0,0,0,0,0.0,0.0,0.0,0.0,0,0,1,0.00,0.00,0.00,0.00,0.00,0.00,0.00,0.00,0.00,0.00,Matches,0,0,,0.00,0.00,,,,0,,0.0,0.0,2,3,66.7,24,0,1,2,50.0,1,1,100.0,0,0,,0.0,0.0,0,0,0,0,3,0,0,0,0,0,0,0,0,0,0,0,1,9.00,1,0,0,0,0,0,0.00,0,0,0,0,0,1,0,0,1,0,1,100.0,0,0,0,1,0,0,8,0,2,0,0.0,1,100.0,4,0,1,0,5,10,0.3,,0,1,10,0,0.00,0,0,0,0.00,+1.15,0.0,0.0,0.0,+0.17,+0.97,0,0,0,0,0,0,0,
514,Martín Río,ar ARG,"MF,DF",Querétaro,23,2001,11,7,659,7.3,0,0,0,0,0,0,2,0,0.3,0.3,0.0,0.4,4,29,8,0.00,0.00,0.00,0.00,0.00,0.04,0.01,0.05,0.04,0.05,Matches,7,1,14.3,0.96,0.14,0.00,0.00,13.0,0,0.04,-0.3,-0.3,265,327,81.0,5328,1575,82,102,80.4,143,158,90.5,36,59,61.0,0.1,0.0,1,20,0,0,317,10,0,4,2,1,0,0,0,0,0,1,7,0.96,7,0,0,0,0,1,0.14,1,0,0,0,0,15,10,9,5,1,7,53.8,6,10,11,26,21,0,421,32,9,1,100.0,0,0.0,198,0,12,5,232,60,21.5,82,5,4,22,1,0.55,6,14,-8,-1.09,-0.46,6.3,14.9,-8.6,-1.17,-0.50,0,17,0,0,0,27,24,70.6
137,Mateo Chávez,mx MEX,DF,Guadalajara,20,2004,26,19,1787,19.9,0,4,4,0,0,0,9,0,0.3,0.3,2.3,2.6,53,62,81,0.00,0.20,0.20,0.00,0.20,0.02,0.12,0.13,0.02,0.13,Matches,7,0,0.0,0.35,0.00,0.00,,19.5,0,0.05,-0.3,-0.3,727,982,74.0,12540,4309,361,414,87.2,279,364,76.6,71,131,54.2,1.1,+1.7,21,57,11,4,757,222,2,9,57,203,0,0,0,0,3,46,43,2.17,33,3,2,3,2,6,0.30,5,0,1,0,0,96,66,51,37,8,51,62.2,31,31,19,115,43,1,1258,44,26,18,41.9,25,58.1,596,9,27,18,643,69,58.4,83,13,7,29,4,1.42,23,17,+6,+0.30,+0.30,22.1,21.5,+0.7,+0.03,-0.44,0,40,0,0,0,96,14,51.9
248,Mateo García,ar ARG,"MF,FW",Atlas,27,1996,17,2,408,4.5,0,0,0,0,0,0,0,1,0.5,0.5,0.2,0.7,12,12,24,0.00,0.00,0.00,0.00,0.00,0.11,0.04,0.14,0.11,0.14,Matches,5,2,40.0,1.10,0.44,0.00,0.00,18.5,0,0.10,-0.5,-0.5,176,213,82.6,2568,568,98,110,89.1,67,76,88.2,7,16,43.8,0.1,-0.2,6,11,1,0,205,7,0,0,11,0,5,0,4,0,1,5,10,2.20,8,1,0,0,0,0,0.00,0,0,0,0,0,12,7,4,4,4,7,31.8,15,14,5,17,2,0,282,4,9,10,47.6,9,42.9,160,0,10,9,176,24,13.3,65,0,15,19,15,1.47,4,6,-2,-0.44,-0.07,5.8,4.9,+1.0,+0.21,+0.29,0,6,0,0,0,43,6,54.5
274,Mateo González Mora,mx MEX,DF,Puebla,15,2009,1,0,19,0.2,0,0,0,0,0,0,0,0,0.0,0.0,0.0,0.0,2,0,1,0.00,0.00,0.00,0.00,0.00,0.00,0.00,0.00,0.00,0.00,Matches,0,0,,0.00,0.00,,,,0,,0.0,0.0,0,1,0.0,0,0,0,0,,0,1,0.0,0,0,,0.0,0.0,0,0,0,0,1,0,0,0,0,0,0,0,0,0,0,0,0,0.00,0,0,0,0,0,0,0.00,0,0,0,0,0,1,0,1,0,0,0,0.0,1,0,1,2,0,0,5,1,0,0,0.0,1,50.0,4,0,0,0,3,19,0.6,,0,1,19,1,0.00,0,0,0,0.00,+0.80,0.0,0.2,-0.2,-1.21,-0.80,0,0,0,0,0,0,0,
342,Mateo Klimowicz,de GER,"FW,MF",Atlético,24,2000,20,9,834,9.3,3,2,5,3,0,0,0,0,2.5,2.5,1.0,3.5,19,25,69,0.32,0.22,0.54,0.32,0.54,0.27,0.11,0.37,0.27,0.37,Matches,21,9,42.9,2.27,0.97,0.14,0.33,16.8,0,0.12,+0.5,+0.5,195,250,78.0,3044,615,106,126,84.1,71,84,84.5,12,23,52.2,0.6,+1.0,11,21,7,1,239,11,0,5,6,5,0,0,0,0,0,10,27,2.91,18,0,4,2,1,6,0.65,2,0,2,1,0,14,8,3,6,5,4,57.1,3,6,1,15,3,0,377,4,22,17,42.5,21,52.5,225,4,30,13,290,42,27.3,63,0,11,24,10,1.35,18,9,+9,+0.97,+1.54,12.0,11.9,+0.1,+0.01,+0.44,0,12,1,0,0,33,4,66.7
352,Mateo Levy,mx MEX,"FW,MF",Cruz Azul,17,2006,7,2,191,2.1,0,0,0,0,0,0,0,0,1.4,1.4,0.0,1.4,2,2,10,0.00,0.00,0.00,0.00,0.00,0.67,0.00,0.67,0.67,0.67,Matches,5,2,40.0,2.36,0.94,0.00,0.00,11.6,0,0.28,-1.4,-1.4,18,28,64.3,256,18,10,14,71.4,6,8,75.0,1,1,100.0,0.1,0.0,0,1,1,0,27,1,0,0,1,0,0,0,0,0,0,3,3,1.41,0,0,0,0,1,0,0.00,0,0,0,0,0,1,1,0,0,1,0,0.0,1,2,0,1,0,0,50,0,10,0,0.0,3,100.0,37,2,7,7,41,27,6.2,62,0,5,14,5,2.29,5,2,+3,+1.41,+0.35,5.7,2.6,+3.0,+1.43,+0.77,0,4,0,0,0,5,3,60.0
,Mateo Vázquez,,,,,,,,,,,,,,,,,,,,,,,,,,,,,,,,,,,,,,,,,,,,,,,,,,,,,,,,,,,,,,,,,,,,,,,,,,,,,,,,,,,,,,,,,,,,,,,,,,,,,,,,,,,,,,,,,,,,,,,,,,0,0,,1,,,,,,,,,,,,,,,,,,,
91,Mateusz Bogusz,pl POL,"MF,FW",Cruz Azul,22,2001,11,9,722,8.0,1,2,3,1,0,0,2,0,2.5,2.5,1.5,4.0,16,40,69,0.12,0.25,0.37,0.12,0.37,0.31,0.19,0.50,0.31,0.50,Matches,24,7,29.2,2.99,0.87,0.04,0.14,19.7,3,0.11,-1.5,-1.5,192,260,73.8,3261,913,92,109,84.4,77,100,77.0,18,31,58.1,1.5,+0.5,12,17,17,3,241,17,0,0,18,7,1,1,0,0,2,6,31,3.87,25,0,0,1,0,2,0.25,2,0,0,0,0,12,11,3,7,2,3,30.0,7,7,1,13,3,0,350,5,30,5,25.0,15,75.0,245,1,18,12,270,66,23.6,76,2,2,20,1,2.00,8,5,+3,+0.37,-0.93,11.8,7.7,+4.1,+0.51,-0.26,0,14,0,0,0,24,2,33.3
141,Matías Cóccaro,uy URU,"FW,MF",Atlas,26,1997,12,0,218,2.4,1,1,2,1,0,0,2,0,1.3,1.3,1.4,2.7,3,6,20,0.41,0.41,0.83,0.41,0.83,0.54,0.57,1.11,0.54,1.11,Matches,11,6,54.5,4.54,2.48,0.09,0.17,15.4,0,0.12,-0.3,-0.3,40,56,71.4,594,160,23,27,85.2,14,19,73.7,2,5,40.0,0.4,-0.4,5,2,2,1,52,3,1,0,3,1,0,0,0,0,1,0,8,3.29,5,0,1,1,0,1,0.41,1,0,0,0,0,2,0,0,1,1,1,100.0,0,2,0,2,4,0,95,4,13,1,25.0,3,75.0,48,3,8,4,69,18,7.1,,0,12,18,2,1.08,7,4,+3,+1.24,+1.75,4.4,4.0,+0.4,+0.17,+0.22,0,6,0,0,0,6,5,35.7
322,Mauricio Isais,mx MEX,"DF,MF",León,23,2001,7,3,266,3.0,1,0,1,1,0,0,1,0,0.2,0.2,0.1,0.3,8,10,16,0.34,0.00,0.34,0.34,0.34,0.07,0.02,0.09,0.07,0.09,Matches,2,1,50.0,0.68,0.34,0.50,1.00,15.0,0,0.10,+0.8,+0.8,74,106,69.8,1282,404,29,36,80.6,35,47,74.5,7,13,53.8,0.3,-0.1,2,8,4,1,94,9,0,0,7,9,0,0,0,0,3,5,7,2.37,6,0,0,1,0,0,0.00,0,0,0,0,0,9,4,4,5,0,6,66.7,3,5,4,13,1,0,142,4,8,0,0.0,2,100.0,70,0,7,4,86,38,8.7,78,1,4,8,23,2.29,4,3,+1,+0.34,+0.34,2.5,2.8,-0.3,-0.12,+0.03,0,2,0,0,0,10,2,66.7
345,Mauro Laínez,mx MEX,"MF,DF",Mazatlán,28,1996,23,2,668,7.4,1,0,1,1,0,0,5,1,0.3,0.3,0.8,1.1,51,18,80,0.13,0.00,0.13,0.13,0.13,0.04,0.11,0.15,0.04,0.15,Matches,7,2,28.6,0.94,0.27,0.14,0.50,19.7,0,0.05,+0.7,+0.7,231,321,72.0,3749,701,114,135,84.4,103,141,73.0,11,24,45.8,1.0,-0.8,5,14,6,5,295,26,0,0,57,22,1,0,1,0,0,17,13,1.75,10,0,1,2,0,0,0.00,0,0,0,0,0,12,10,7,4,1,7,63.6,4,3,8,20,7,0,404,8,18,14,58.3,9,37.5,258,8,18,7,278,29,21.8,65,0,21,26,6,0.74,7,8,-1,-0.13,+0.54,10.1,5.6,+4.5,+0.61,+1.07,1,7,0,0,0,35,2,25.0
,Mauro Manotas,,,,,,,,,,,,,,,,,,,,,,,,,,,,,,,,,,,,,,,,,,,,,,,,,,,,,,,,,,,,,,,,,,,,,,,,,,,,,,,,,,,,,,,,,,,,,,,,,,,,,,,,,,,,,,,,,,,,,,,,,,0,0,,1,,,,,,,,,,,,,,,,,,,
52,Maximiliano Araújo,uy URU,FW,Toluca,24,2000,2,1,103,1.1,1,0,1,1,0,0,1,0,0.5,0.5,0.1,0.6,2,2,8,0.87,0.00,0.87,0.87,0.87,0.46,0.06,0.52,0.46,0.52,Matches,4,1,25.0,3.50,0.87,0.25,1.00,17.0,0,0.13,+0.5,+0.5,20,32,62.5,284,52,10,14,71.4,9,13,69.2,0,3,0.0,0.1,-0.1,1,1,0,0,30,1,0,0,2,0,0,0,0,0,1,0,4,3.50,3,0,1,0,0,2,1.75,2,0,0,0,0,2,1,0,1,1,1,50.0,1,1,0,2,1,0,53,1,7,2,40.0,3,60.0,39,0,5,0,41,52,3.4,74,0,1,29,0,2.00,2,0,+2,+1.75,+0.56,0.8,1.6,-0.8,-0.71,-1.23,0,1,0,0,0,5,1,100.0
406,Maximiliano Meza,ar ARG,"MF,FW",Monterrey,31,1992,3,3,199,2.2,0,0,0,0,0,0,1,0,0.1,0.1,0.2,0.3,5,7,16,0.00,0.00,0.00,0.00,0.00,0.05,0.08,0.13,0.05,0.13,Matches,3,0,0.0,1.36,0.00,0.00,,20.5,0,0.04,-0.1,-0.1,66,92,71.7,1100,324,35,43,81.4,26,30,86.7,4,9,44.4,0.2,-0.2,3,3,3,2,83,7,1,1,4,5,0,0,0,0,2,5,5,2.26,4,0,1,0,0,0,0.00,0,0,0,0,0,4,1,2,2,0,2,40.0,3,2,1,5,3,1,123,4,5,6,42.9,7,50.0,67,0,7,3,84,66,6.5,66,1,0,,0,2.00,2,2,0,0.00,-0.50,3.1,3.0,+0.1,+0.05,-0.38,0,2,0,0,0,7,5,55.6
532,Michell Rodríguez,mx MEX,"FW,DF",UNAM,23,2000,4,0,68,0.8,0,0,0,0,0,0,0,0,0.1,0.1,0.1,0.2,0,4,8,0.00,0.00,0.00,0.00,0.00,0.14,0.16,0.30,0.14,0.30,Matches,1,1,100.0,1.32,1.32,0.00,0.00,21.1,0,0.09,-0.1,-0.1,35,40,87.5,538,128,18,18,100.0,16,18,88.9,1,3,33.3,0.1,-0.1,1,1,1,1,34,6,0,1,3,3,0,0,0,0,0,1,3,4.58,3,0,0,0,0,0,0.00,0,0,0,0,0,3,1,1,0,2,3,75.0,1,2,4,7,1,0,57,1,2,1,50.0,1,50.0,35,2,3,2,34,17,2.2,,0,4,17,13,1.00,1,1,0,0.00,-0.15,1.0,0.4,+0.6,+0.87,+0.50,0,1,0,0,0,6,0,
249,Miguel Garcia,mx MEX,"DF,MF",Atlético,22,2001,13,9,858,9.5,0,0,0,0,0,0,0,0,0.3,0.3,0.2,0.5,10,39,4,0.00,0.00,0.00,0.00,0.00,0.03,0.02,0.05,0.03,0.05,Matches,7,1,14.3,0.73,0.10,0.00,0.00,28.6,0,0.04,-0.3,-0.3,508,592,85.8,9480,3639,190,204,93.1,262,288,91.0,49,79,62.0,0.1,-0.2,3,50,3,0,574,15,0,1,5,2,0,0,0,0,3,5,7,0.73,6,1,0,0,0,0,0.00,0,0,0,0,0,19,15,11,8,0,2,28.6,5,5,13,32,32,1,699,60,3,11,84.6,2,15.4,411,0,8,8,476,66,28.0,86,7,4,22,4,1.38,11,17,-6,-0.63,-0.67,9.1,14.9,-5.8,-0.61,-0.42,0,6,0,0,0,58,12,44.4
262,Miguel Gómez,mx MEX,DF,Guadalajara,21,2002,8,6,559,6.2,1,1,2,1,0,0,1,0,0.1,0.1,0.5,0.6,8,18,26,0.16,0.16,0.32,0.16,0.32,0.02,0.08,0.10,0.02,0.10,Matches,5,4,80.0,0.81,0.64,0.20,0.25,24.8,0,0.02,+0.9,+0.9,233,281,82.9,3988,1257,103,113,91.2,111,129,86.0,15,27,55.6,0.4,+0.5,7,12,7,5,232,47,0,5,15,45,0,0,0,0,2,6,15,2.42,12,0,1,2,0,2,0.32,2,0,0,0,0,13,7,3,8,2,5,62.5,3,5,6,19,18,0,348,16,6,4,44.4,5,55.6,186,1,11,2,215,70,18.3,83,2,2,31,0,1.13,7,7,0,0.00,-0.22,8.3,5.9,+2.4,+0.39,+0.21,0,5,0,0,0,21,2,28.6
328,Miguel Jiménez Ponce,mx MEX,GK,Puebla,34,1990,24,24,2160,24.0,0,0,0,0,0,0,2,0,0.0,0.0,0.1,0.1,0,0,0,0.00,0.00,0.00,0.00,0.00,0.00,0.01,0.01,0.00,0.01,Matches,0,0,,0.00,0.00,,,,0,,0.0,0.0,346,671,51.6,12771,10728,45,48,93.8,135,136,99.3,163,482,33.8,0.1,-0.1,2,17,0,0,382,287,0,0,0,0,0,0,0,0,2,2,9,0.37,5,4,0,0,0,0,0.00,0,0,0,0,0,0,0,0,0,0,0,0.0,2,3,0,0,12,1,751,680,0,0,,0,,309,0,1,0,202,90,70.6,90,24,0,,10,0.75,24,40,-16,-0.67,+0.43,22.3,33.8,-11.5,-0.48,-0.22,0,2,0,2,0,20,4,100.0
454,Miguel Ortega,mx MEX,GK,Tijuana,29,1995,3,3,270,3.0,0,0,0,0,0,0,0,0,0.0,0.0,0.0,0.0,0,0,0,0.00,0.00,0.00,0.00,0.00,0.00,0.00,0.00,0.00,0.00,Matches,0,0,,0.00,0.00,,,,0,,0.0,0.0,99,120,82.5,2594,1834,23,23,100.0,43,44,97.7,33,51,64.7,0.0,0.0,0,0,0,0,103,16,0,0,0,0,0,0,0,0,1,0,1,0.33,1,0,0,0,0,0,0.00,0,0,0,0,0,0,0,0,0,0,0,,0,0,0,0,1,0,127,94,0,0,,0,,83,0,0,0,81,90,8.8,90,3,0,,2,1.00,5,6,-1,-0.33,-0.14,4.6,5.1,-0.5,-0.18,+0.22,0,0,0,0,0,8,0,
499,Miguel Ramírez,us USA,"MF,FW",América,22,2002,7,3,318,3.5,0,1,1,0,0,0,1,0,0.3,0.3,1.1,1.4,8,15,22,0.00,0.28,0.28,0.00,0.28,0.08,0.30,0.38,0.08,0.38,Matches,4,2,50.0,1.13,0.57,0.00,0.00,23.6,0,0.07,-0.3,-0.3,124,143,86.7,2231,532,55,57,96.5,52,55,94.5,12,20,60.0,0.8,-0.1,6,10,4,0,132,10,0,3,4,2,2,1,0,0,1,3,12,3.40,8,1,1,2,0,1,0.28,1,0,0,0,0,3,3,2,1,0,2,33.3,4,1,1,4,0,1,172,1,8,9,60.0,5,33.3,125,3,8,7,137,45,10.4,81,1,4,19,13,2.29,2,3,-1,-0.28,-1.30,5.7,3.3,+2.4,+0.68,-0.20,0,4,0,0,0,16,1,14.3
533,Miguel Rodríguez,mx MEX,"MF,FW",Pachuca,21,2003,10,7,528,5.9,1,0,1,1,0,0,0,0,0.6,0.6,0.5,1.1,18,19,43,0.17,0.00,0.17,0.17,0.17,0.10,0.09,0.19,0.10,0.19,Matches,12,5,41.7,2.05,0.85,0.08,0.20,20.7,1,0.05,+0.4,+0.4,146,190,76.8,2591,713,80,89,89.9,43,58,74.1,19,33,57.6,1.1,-0.5,8,10,7,1,163,27,0,11,18,9,13,9,1,0,0,6,17,2.90,13,1,2,1,0,1,0.17,0,1,0,0,0,10,6,4,6,0,3,30.0,7,7,2,12,2,0,272,2,21,10,35.7,18,64.3,175,7,16,11,187,53,17.3,65,0,3,25,0,1.50,9,7,+2,+0.34,+0.52,7.5,7.6,0.0,-0.01,-0.32,0,13,0,0,0,25,2,40.0
589,Miguel Tapias,mx MEX,DF,Guadalajara,27,1997,9,9,800,8.9,0,0,0,0,0,0,2,1,0.1,0.1,0.1,0.3,5,18,2,0.00,0.00,0.00,0.00,0.00,0.01,0.01,0.03,0.01,0.03,Matches,4,0,0.0,0.45,0.00,0.00,,17.2,0,0.03,-0.1,-0.1,331,396,83.6,6881,2430,105,122,86.1,171,195,87.7,49,69,71.0,0.1,-0.1,2,24,2,1,368,28,0,14,2,16,0,0,0,0,0,3,2,0.23,1,0,0,0,1,0,0.00,0,0,0,0,0,14,9,10,4,0,8,72.7,3,6,11,25,59,0,510,63,4,3,75.0,1,25.0,254,0,2,2,288,89,26.1,89,8,0,,1,1.56,11,10,+1,+0.11,-0.09,10.3,8.8,+1.5,+0.17,-0.07,1,9,0,0,0,30,7,38.9
611,Miguel Vázquez,mx MEX,DF,América,20,2004,12,9,882,9.8,0,0,0,0,0,0,1,0,0.8,0.8,0.1,0.9,1,18,3,0.00,0.00,0.00,0.00,0.00,0.08,0.02,0.09,0.08,0.09,Matches,7,0,0.0,0.71,0.00,0.00,,15.7,1,0.11,-0.8,-0.8,522,579,90.2,10263,3954,182,185,98.4,280,294,95.2,56,91,61.5,0.2,-0.1,2,19,2,0,549,30,0,5,2,0,0,0,0,0,0,3,7,0.71,6,0,0,0,1,0,0.00,0,0,0,0,0,6,4,5,1,0,4,66.7,2,6,13,19,34,0,669,76,8,0,,0,,421,0,3,0,482,74,28.8,90,9,3,24,10,2.00,19,6,+13,+1.33,+0.62,19.0,6.5,+12.5,+1.28,+0.59,0,14,0,1,0,34,14,50.0
181,Misael Domínguez,mx MEX,"FW,MF",Querétaro,24,1999,2,1,78,0.9,0,0,0,0,0,0,0,0,0.0,0.0,0.0,0.0,1,5,6,0.00,0.00,0.00,0.00,0.00,0.00,0.00,0.00,0.00,0.00,Matches,0,0,,0.00,0.00,,,,0,,0.0,0.0,23,30,76.7,303,144,13,15,86.7,8,10,80.0,1,1,100.0,0.1,0.0,0,1,2,0,25,4,1,0,0,3,0,0,0,0,1,2,0,0.00,0,0,0,0,0,0,0.00,0,0,0,0,0,2,2,1,0,1,1,100.0,0,0,0,2,0,0,41,0,0,3,42.9,4,57.1,19,0,1,3,26,39,2.5,45,0,1,33,1,0.00,0,3,-3,-3.46,-2.80,0.1,2.7,-2.5,-2.93,-2.21,0,0,0,0,0,3,0,
127,Moises Castillo,co COL,DF,FC Juárez,23,2001,26,22,1938,21.5,0,0,0,0,0,0,9,1,0.5,0.5,0.2,0.6,19,47,4,0.00,0.00,0.00,0.00,0.00,0.02,0.01,0.03,0.02,0.03,Matches,7,1,14.3,0.33,0.05,0.00,0.00,24.2,0,0.07,-0.5,-0.5,874,1002,87.2,18604,6773,246,273,90.1,479,514,93.2,139,188,73.9,0.1,-0.2,3,55,1,0,945,56,0,16,3,9,0,0,0,0,1,11,16,0.74,13,0,0,1,2,1,0.05,1,0,0,0,0,49,40,39,9,1,27,79.4,7,14,36,85,115,1,1248,152,6,6,60.0,4,40.0,647,1,19,11,758,75,63.3,86,18,4,13,4,1.19,22,37,-15,-0.70,-0.38,21.5,32.2,-10.8,-0.50,+0.07,0,18,0,0,1,97,41,68.3
296,Nahuel Guzmán,ar ARG,GK,UANL,38,1986,28,28,2519,28.0,0,0,0,0,0,0,2,1,0.0,0.0,0.0,0.0,0,0,0,0.00,0.00,0.00,0.00,0.00,0.00,0.00,0.00,0.00,0.00,Matches,0,0,,0.00,0.00,,,,0,,0.0,0.0,832,1035,80.4,22872,16387,168,172,97.7,377,387,97.4,282,466,60.5,0.1,0.0,1,25,2,0,787,244,0,3,0,1,0,0,0,0,4,1,5,0.18,5,0,0,0,0,1,0.04,1,0,0,0,0,1,1,1,0,0,1,100.0,0,0,2,3,9,3,1092,745,0,2,100.0,0,0.0,640,0,1,0,577,90,82.3,90,27,0,,0,1.68,39,26,+13,+0.46,-0.70,39.4,29.1,+10.3,+0.37,-0.13,0,1,0,1,0,46,4,100.0
582,Nathan Silva,br BRA,DF,UNAM,27,1997,28,27,2404,26.7,2,0,2,1,1,2,5,0,2.6,1.0,0.7,1.7,28,91,12,0.07,0.00,0.07,0.04,0.04,0.10,0.03,0.12,0.04,0.06,Matches,8,1,12.5,0.30,0.04,0.13,1.00,11.6,0,0.13,-0.6,0.0,1186,1339,88.6,24272,10117,329,354,92.9,709,767,92.4,142,193,73.6,0.7,-0.7,6,86,0,0,1286,52,0,10,1,8,0,0,0,0,1,10,13,0.49,9,0,0,1,1,0,0.00,0,0,0,0,0,48,36,32,14,2,24,75.0,8,11,30,78,120,1,1640,189,16,3,37.5,5,62.5,906,2,14,3,1059,86,78.6,88,26,1,21,0,1.47,33,26,+7,+0.26,+0.54,37.1,22.6,+14.5,+0.54,+0.75,0,21,0,0,1,95,41,58.6
168,Nelson Deossa,co COL,MF,Pachuca,24,2000,16,14,1212,13.5,2,2,4,2,0,0,5,0,1.5,1.5,1.5,3.0,39,89,26,0.15,0.15,0.30,0.15,0.30,0.11,0.11,0.22,0.11,0.22,Matches,44,9,20.5,3.27,0.67,0.05,0.22,29.3,3,0.03,+0.5,+0.5,490,656,74.7,9891,3336,196,239,82.0,190,249,76.3,94,130,72.3,1.3,+0.5,16,87,11,2,573,77,2,21,20,38,6,1,0,0,6,17,45,3.34,30,4,6,2,0,4,0.30,3,0,0,0,0,31,18,8,18,5,14,58.3,10,15,9,40,15,1,866,20,15,37,67.3,16,29.1,494,3,31,27,569,76,39.6,83,9,2,25,0,0.81,17,24,-7,-0.52,-0.71,16.0,16.4,-0.4,-0.03,-0.46,0,27,0,0,0,82,24,60.0
169,Nelson Deossa,co COL,"MF,FW",Monterrey,24,2000,17,11,1092,12.1,3,1,4,3,0,0,2,0,1.1,1.1,2.0,3.1,41,69,47,0.25,0.08,0.33,0.25,0.33,0.09,0.16,0.25,0.09,0.25,Matches,44,9,20.5,3.27,0.67,0.05,0.22,29.3,3,0.03,+0.5,+0.5,490,656,74.7,9891,3336,196,239,82.0,190,249,76.3,94,130,72.3,1.3,+0.5,16,87,11,2,573,77,2,21,20,38,6,1,0,0,6,17,45,3.34,30,4,6,2,0,4,0.30,3,0,0,0,0,31,18,8,18,5,14,58.3,10,15,9,40,15,1,866,20,15,37,67.3,16,29.1,494,3,31,27,569,76,39.6,83,9,2,25,0,0.81,17,24,-7,-0.52,-0.71,16.0,16.4,-0.4,-0.03,-0.46,0,27,0,0,0,82,24,60.0
224,Nicolas Fonseca,uy URU,MF,León,25,1998,16,14,1198,13.3,0,0,0,0,0,0,5,1,0.4,0.4,0.3,0.7,9,55,7,0.00,0.00,0.00,0.00,0.00,0.03,0.02,0.05,0.03,0.05,Matches,10,1,10.0,0.75,0.08,0.00,0.00,30.2,0,0.04,-0.4,-0.4,581,660,88.0,12089,3995,193,211,91.5,260,288,90.3,115,132,87.1,0.4,-0.3,5,74,5,0,640,16,0,12,2,2,1,0,0,0,4,8,15,1.13,14,0,0,0,0,3,0.23,3,0,0,0,0,36,18,10,22,4,22,45.8,26,10,13,49,12,1,777,23,4,7,77.8,2,22.2,424,0,12,10,570,75,39.2,83,7,2,16,0,1.67,22,15,+7,+0.53,+0.82,19.1,15.3,+3.8,+0.29,+0.72,1,18,0,0,0,57,3,50.0
82,Nicolás Benedetti,co COL,"FW,MF",Mazatlán,27,1997,19,14,1278,14.2,4,3,7,3,1,1,7,0,2.3,1.6,4.0,5.5,55,68,85,0.28,0.21,0.49,0.21,0.42,0.17,0.28,0.44,0.11,0.39,Matches,24,8,33.3,1.69,0.56,0.13,0.38,24.2,5,0.06,+1.7,+1.4,426,591,72.1,7332,2549,202,234,86.3,159,201,79.1,47,111,42.3,3.2,-1.0,37,42,19,4,476,112,1,4,116,14,58,17,32,0,3,14,73,5.14,33,26,2,8,1,7,0.49,6,0,0,1,0,26,19,13,12,1,14,46.7,16,12,3,29,2,0,773,4,43,23,34.3,41,61.2,493,17,42,28,531,67,41.8,80,5,5,33,2,0.89,13,20,-7,-0.49,+0.11,12.7,21.4,-8.7,-0.61,-0.66,0,21,0,0,0,71,3,25.0
171,Nicolás Díaz Huincales,cl CHI,DF,Tijuana,25,1999,9,7,679,7.5,0,0,0,0,0,0,2,0,0.2,0.2,0.2,0.4,7,25,17,0.00,0.00,0.00,0.00,0.00,0.03,0.02,0.05,0.03,0.05,Matches,7,2,28.6,0.93,0.27,0.00,0.00,24.5,0,0.03,-0.2,-0.2,314,378,83.1,5210,1578,152,168,90.5,131,156,84.0,27,45,60.0,0.4,-0.2,4,20,4,2,309,68,0,1,7,61,0,0,0,0,1,1,8,1.06,8,0,0,0,0,0,0.00,0,0,0,0,0,18,13,12,6,0,8,88.9,1,7,6,24,14,0,449,16,10,9,75.0,2,16.7,223,1,6,2,258,75,22.2,84,4,2,45,5,1.18,9,13,-4,-0.53,-0.42,8.0,11.8,-3.8,-0.50,-0.16,0,10,0,0,0,36,9,56.3
318,Nicolás Ibáñez,ar ARG,FW,UANL,29,1994,32,21,1930,21.4,6,1,7,5,1,1,2,1,8.3,7.5,1.8,9.3,18,29,94,0.28,0.05,0.33,0.23,0.28,0.38,0.08,0.47,0.35,0.43,Matches,61,12,19.7,2.84,0.56,0.08,0.42,14.9,0,0.12,-2.3,-2.5,259,364,71.2,3884,564,137,169,81.1,87,118,73.7,17,29,58.6,1.1,-0.8,15,13,6,0,329,34,1,1,17,3,0,0,0,0,1,17,33,1.54,27,0,1,2,0,4,0.19,3,0,0,0,0,14,10,1,6,7,8,30.8,18,9,3,17,18,1,563,20,105,7,41.2,9,52.9,266,13,42,9,372,60,63.1,79,7,11,25,0,1.87,30,13,+17,+0.79,+0.55,30.6,21.0,+9.6,+0.45,+0.15,0,31,0,0,0,27,49,43.8
53,Néstor Araujo,mx MEX,DF,América,32,1991,16,14,1209,13.4,0,2,2,0,0,0,1,0,0.6,0.6,1.0,1.6,4,23,0,0.00,0.15,0.15,0.00,0.15,0.05,0.07,0.12,0.05,0.12,Matches,10,4,40.0,0.74,0.30,0.00,0.00,14.9,0,0.06,-0.6,-0.6,546,641,85.2,10357,4143,188,208,90.4,306,337,90.8,47,84,56.0,0.1,+1.0,7,13,1,0,627,14,1,0,0,0,0,0,0,0,0,3,11,0.82,9,0,0,0,0,2,0.15,0,0,0,0,0,20,15,13,7,0,12,92.3,1,3,18,38,74,0,790,113,10,1,100.0,0,0.0,460,0,6,1,482,76,39.5,84,9,2,14,13,1.84,13,18,-5,-0.37,-2.07,17.1,12.4,+4.7,+0.35,-0.85,0,11,0,0,0,43,39,68.4
,Oliver Pérez,,,,,,,,,,,,,,,,,,,,,,,,,,,,,,,,,,,,,,,,,,,,,,,,,,,,,,,,,,,,,,,,,,,,,,,,,,,,,,,,,,,,,,,,,,,,,,,,,,,,,,,,,,,,,,,,,,,,,,,,,,0,0,,1,,,,,,,,,,,,,,,,,,,
112,Omar Campos,mx MEX,DF,Cruz Azul,22,2002,5,2,141,1.6,0,0,0,0,0,0,0,0,0.1,0.1,0.0,0.1,8,7,14,0.00,0.00,0.00,0.00,0.00,0.04,0.02,0.07,0.04,0.07,Matches,1,0,0.0,0.64,0.00,0.00,,11.2,0,0.07,-0.1,-0.1,48,70,68.6,740,188,25,35,71.4,19,26,73.1,2,5,40.0,0.1,0.0,1,4,2,1,60,10,0,0,7,10,0,0,0,0,0,2,4,2.57,3,0,0,1,0,0,0.00,0,0,0,0,0,2,2,1,0,1,1,33.3,2,2,1,3,6,0,95,6,2,0,0.0,3,100.0,57,0,2,3,59,28,4.6,57,0,3,9,8,1.00,1,3,-2,-1.28,-2.48,1.1,1.7,-0.6,-0.36,-1.12,0,1,0,0,0,2,3,100.0
278,Omar Govea,mx MEX,MF,Guadalajara,28,1996,14,4,448,5.0,0,0,0,0,0,0,1,0,0.4,0.4,0.2,0.6,10,48,9,0.00,0.00,0.00,0.00,0.00,0.08,0.03,0.12,0.08,0.12,Matches,5,1,20.0,1.00,0.20,0.00,0.00,24.0,0,0.08,-0.4,-0.4,282,337,83.7,5547,1426,110,125,88.0,134,147,91.2,34,53,64.2,0.6,-0.2,5,47,8,1,323,13,0,4,16,1,5,4,1,0,1,3,15,3.02,11,1,1,0,0,1,0.20,0,0,0,0,0,11,5,2,7,2,5,62.5,3,7,5,16,7,0,400,8,2,1,25.0,2,50.0,269,0,11,4,298,32,14.6,63,0,10,20,10,1.64,6,4,+2,+0.40,+0.26,6.0,4.3,+1.8,+0.35,+0.16,0,11,0,0,0,20,0,0.0
323,Omar Israel Mendoza,mx MEX,DF,Querétaro,35,1988,26,22,1958,21.8,0,2,2,0,0,0,5,1,0.1,0.1,1.4,1.5,18,79,44,0.00,0.09,0.09,0.00,0.09,0.01,0.06,0.07,0.01,0.07,Matches,5,1,20.0,0.23,0.05,0.00,0.00,19.9,0,0.03,-0.1,-0.1,702,962,73.0,13090,6281,298,343,86.9,311,394,78.9,80,172,46.5,1.4,+0.6,12,80,12,7,764,190,2,6,40,167,0,0,0,0,8,24,24,1.10,19,3,0,2,0,2,0.09,2,0,0,0,0,43,29,27,14,2,17,53.1,15,13,28,71,65,0,1187,71,11,8,53.3,7,46.7,507,3,19,8,602,75,64.0,83,14,4,31,1,0.85,16,38,-22,-1.01,-0.77,15.5,36.5,-21.0,-0.96,-0.53,1,33,0,2,0,77,17,51.5
423,Omar Moreno,mx MEX,"FW,MF",Mazatlán,19,2005,12,6,418,4.6,2,0,2,2,0,0,2,0,0.7,0.7,0.4,1.1,7,4,32,0.43,0.00,0.43,0.43,0.43,0.14,0.09,0.24,0.14,0.24,Matches,11,3,27.3,2.37,0.65,0.18,0.67,22.5,0,0.06,+1.3,+1.3,53,76,69.7,912,155,29,34,85.3,16,22,72.7,7,15,46.7,0.1,-0.4,7,0,3,0,73,3,0,1,10,0,1,0,1,0,0,4,11,2.37,7,1,0,2,0,1,0.22,1,0,0,0,0,7,6,0,5,2,3,75.0,1,3,1,8,1,0,124,1,9,1,33.3,2,66.7,74,1,13,6,90,35,13.7,53,0,6,17,8,1.08,6,6,0,0.00,+0.65,4.2,5.2,-1.1,-0.23,0.00,0,8,0,0,0,10,0,0.0
,Omar Santoyo,,,,,,,,,,,,,,,,,,,,,,,,,,,,,,,,,,,,,,,,,,,,,,,,,,,,,,,,,,,,,,,,,,,,,,,,,,,,,,,,,,,,,,,,,,,,,,,,,,,,,,,,,,,,,,,,,,,,,,,,,,0,0,,3,,,,,,,,,,,,,,,,,,,
207,Oscar Estupiñan,co COL,FW,FC Juárez,27,1996,25,21,1903,21.1,9,1,10,8,1,2,3,0,10.0,8.4,1.1,9.6,15,17,66,0.43,0.05,0.47,0.38,0.43,0.47,0.05,0.53,0.40,0.45,Matches,56,19,33.9,2.65,0.90,0.14,0.42,14.7,0,0.15,-1.0,-0.4,249,374,66.6,4035,503,116,157,73.9,102,146,69.9,18,33,54.5,0.3,-0.1,12,12,2,0,315,56,1,4,10,1,0,0,0,0,3,12,42,1.99,26,0,3,6,1,3,0.14,0,0,0,1,0,10,3,0,6,4,7,58.3,5,8,1,11,20,1,601,21,71,5,23.8,14,66.7,303,6,67,33,440,76,62.2,85,12,4,32,0,1.38,24,35,-11,-0.52,+0.10,21.8,35.5,-13.7,-0.65,-0.32,0,34,2,0,0,24,73,48.0
327,Oscar Jiménez,mx MEX,GK,León,35,1988,8,8,720,8.0,0,0,0,0,0,0,2,0,0.0,0.0,0.0,0.0,0,0,0,0.00,0.00,0.00,0.00,0.00,0.00,0.01,0.01,0.00,0.01,Matches,0,0,,0.00,0.00,,,,0,,0.0,0.0,201,266,75.6,5746,4520,44,44,100.0,89,89,100.0,66,130,50.8,0.0,0.0,1,6,0,0,180,85,0,0,0,0,0,0,0,0,1,0,3,0.37,0,3,0,0,0,0,0.00,0,0,0,0,0,0,0,0,0,0,0,,0,0,0,0,3,0,284,256,0,0,,0,,137,0,0,0,101,90,23.5,90,8,0,,26,1.33,12,11,+1,+0.12,+0.12,9.4,9.4,0.0,0.00,+0.20,0,0,0,0,0,10,3,100.0
374,Oscar Macías,mx MEX,MF,Atlético,26,1998,29,25,2211,24.6,4,1,5,4,0,0,2,0,1.4,1.4,0.8,2.2,14,100,34,0.16,0.04,0.20,0.16,0.20,0.06,0.03,0.09,0.06,0.09,Matches,19,7,36.8,0.77,0.28,0.21,0.57,20.4,1,0.07,+2.6,+2.6,1155,1309,88.2,20369,4961,520,570,91.2,476,517,92.1,125,160,78.1,0.6,+0.2,9,120,4,0,1243,64,0,20,10,4,9,6,1,0,2,19,30,1.22,22,4,0,0,1,4,0.16,3,0,0,0,0,54,29,30,22,2,29,55.8,23,19,15,69,21,0,1514,34,21,9,50.0,9,50.0,817,1,23,13,1110,76,72.3,86,15,4,18,4,1.55,39,35,+4,+0.16,+1.12,27.2,34.4,-7.2,-0.29,+0.05,0,31,0,0,0,108,5,33.3
,Oscar Soto,,,,,,,,,,,,,,,,,,,,,,,,,,,,,,,,,,,,,,,,,,,,,,,,,,,,,,,,,,,,,,,,,,,,,,,,,,,,,,,,,,,,,,,,,,,,,,,,,,,,,,,,,,,,,,,,,,,,,,,,,,0,0,,1,,,,,,,,,,,,,,,,,,,
486,Osvaldo Rodríguez del Portal,mx MEX,"DF,FW",UANL,27,1996,4,3,172,1.9,0,0,0,0,0,0,1,0,0.0,0.0,0.0,0.0,3,9,2,0.00,0.00,0.00,0.00,0.00,0.00,0.00,0.00,0.00,0.00,Matches,0,0,,0.00,0.00,,,,0,,0.0,0.0,111,130,85.4,1800,677,48,50,96.0,55,62,88.7,6,16,37.5,0.1,0.0,0,9,1,0,113,17,0,0,5,16,0,0,0,0,0,0,3,1.57,1,1,0,1,0,0,0.00,0,0,0,0,0,3,2,2,1,0,1,33.3,2,0,3,6,4,0,146,5,0,0,,0,,69,0,3,0,96,43,5.6,50,0,1,21,14,1.75,1,1,0,0.00,-0.62,2.5,2.1,+0.4,+0.21,-0.20,0,6,0,0,0,7,1,25.0
487,Osvaldo Rodríguez del Portal,mx MEX,"FW,DF",León,27,1996,2,0,11,0.1,0,0,0,0,0,0,0,0,0.0,0.0,0.0,0.0,0,0,0,0.00,0.00,0.00,0.00,0.00,0.00,0.00,0.00,0.00,0.00,Matches,0,0,,0.00,0.00,,,,0,,0.0,0.0,111,130,85.4,1800,677,48,50,96.0,55,62,88.7,6,16,37.5,0.1,0.0,0,9,1,0,113,17,0,0,5,16,0,0,0,0,0,0,3,1.57,1,1,0,1,0,0,0.00,0,0,0,0,0,3,2,2,1,0,1,33.3,2,0,3,6,4,0,146,5,0,0,,0,,69,0,3,0,96,43,5.6,50,0,1,21,14,1.75,1,1,0,0.00,-0.62,2.5,2.1,+0.4,+0.21,-0.20,0,6,0,0,0,7,1,25.0
,Oswaldo Virgen,,,,,,,,,,,,,,,,,,,,,,,,,,,,,,,,,,,,,,,,,,,,,,,,,,,,,,,,,,,,,,,,,,,,,,,,,,,,,,,,,,,,,,,,,,,,,,,,,,,,,,,,,,,,,,,,,,,,,,,,,,0,0,,1,,,,,,,,,,,,,,,,,,,
319,Oussama Idrissi,ma MAR,"FW,MF",Pachuca,28,1996,32,28,2345,26.1,3,9,12,3,0,0,9,1,2.7,2.7,5.9,8.6,153,172,308,0.12,0.35,0.46,0.12,0.46,0.10,0.23,0.33,0.10,0.33,Matches,39,15,38.5,1.50,0.58,0.08,0.20,22.9,0,0.07,+0.3,+0.3,1054,1320,79.8,21149,4804,458,544,84.2,386,460,83.9,191,254,75.2,6.8,+3.1,69,78,75,7,1178,135,4,62,67,83,31,19,1,0,7,28,144,5.53,108,10,19,3,1,15,0.58,11,2,1,0,0,41,28,12,21,8,16,48.5,17,31,9,50,5,2,1673,11,104,104,57.1,75,41.2,1125,58,84,62,1262,73,76.6,78,11,4,42,0,1.17,40,41,-1,-0.04,+0.21,36.7,24.5,+12.2,+0.47,+0.93,0,35,0,0,0,129,4,30.8
275,Owen González,mx MEX,FW,Pachuca,21,2003,22,15,1147,12.7,1,2,3,1,0,0,2,0,1.6,1.6,2.3,4.0,45,39,156,0.08,0.16,0.24,0.08,0.24,0.13,0.18,0.31,0.13,0.31,Matches,21,7,33.3,1.65,0.55,0.05,0.14,19.1,0,0.08,-0.6,-0.6,345,454,76.0,5241,1219,191,221,86.4,128,164,78.0,18,42,42.9,2.0,-0.3,25,20,18,7,431,21,1,0,44,13,3,0,0,0,2,14,52,4.08,42,1,5,2,0,4,0.31,4,0,0,0,0,11,5,6,4,1,4,36.4,7,13,4,15,7,0,598,2,53,18,37.5,29,60.4,426,18,39,23,476,52,37.5,64,0,7,28,9,1.05,17,20,-3,-0.24,-0.24,15.5,15.3,+0.2,+0.01,-0.38,0,8,0,0,0,41,2,20.0
312,Ozziel Herrera,mx MEX,"FW,MF",UANL,23,2001,27,11,1134,12.6,5,1,6,4,1,1,2,0,2.6,1.8,2.1,3.8,42,44,113,0.40,0.08,0.48,0.32,0.40,0.20,0.16,0.37,0.14,0.30,Matches,32,14,43.8,2.54,1.11,0.13,0.29,17.9,0,0.06,+2.4,+2.2,282,397,71.0,4538,1097,149,187,79.7,106,142,74.6,19,32,59.4,1.1,-1.1,17,32,9,2,386,9,1,2,31,4,2,0,0,0,2,19,42,3.33,27,0,5,8,0,5,0.40,3,0,0,2,0,17,7,4,11,2,4,23.5,13,11,10,27,12,0,597,14,65,20,39.2,29,56.9,388,15,38,28,439,42,37.1,69,2,16,23,1,1.76,24,12,+12,+0.95,+0.58,18.6,11.6,+6.9,+0.55,+0.25,0,16,1,0,0,52,18,58.1
74,Pablo Barrera,mx MEX,"MF,FW",Querétaro,37,1987,31,24,2102,23.4,5,1,6,4,1,1,1,0,2.8,2.0,1.5,3.5,42,60,131,0.21,0.04,0.26,0.17,0.21,0.12,0.07,0.19,0.09,0.15,Matches,27,8,29.6,1.16,0.34,0.15,0.50,20.3,3,0.07,+2.2,+2.0,583,866,67.3,9464,2844,318,369,86.2,169,249,67.9,66,168,39.3,2.7,-0.5,35,39,23,14,739,118,0,7,168,17,62,12,44,0,9,33,64,2.74,37,21,2,1,0,3,0.13,1,1,0,0,0,22,17,10,11,1,7,30.4,16,15,6,28,13,2,1063,9,35,14,26.4,36,67.9,584,7,42,20,711,68,68.7,80,11,7,26,3,0.84,20,40,-20,-0.86,-0.39,19.1,35.7,-16.6,-0.71,+0.20,0,2,0,0,0,97,10,37.0
84,Pablo Bennevendo Peña,mx MEX,DF,UNAM,24,2000,30,28,2432,27.0,1,1,2,1,0,0,3,0,1.0,1.0,1.3,2.3,22,78,79,0.04,0.04,0.07,0.04,0.07,0.04,0.05,0.08,0.04,0.08,Matches,10,2,20.0,0.37,0.07,0.10,0.50,17.3,0,0.10,0.0,0.0,976,1209,80.7,17173,6772,447,481,92.9,424,494,85.8,84,172,48.8,1.4,-0.3,16,79,6,3,990,215,0,7,25,178,0,0,0,0,4,24,38,1.41,30,3,1,1,1,1,0.04,0,0,0,0,0,68,41,30,32,6,30,55.6,24,30,42,110,104,1,1552,106,26,20,66.7,9,30.0,721,3,40,12,819,81,79.5,85,21,2,25,3,1.35,36,36,0,0.00,-0.72,37.2,26.8,+10.4,+0.38,+0.02,0,29,0,0,0,102,24,42.9
267,Pablo González Díaz,mx MEX,MF,Puebla,32,1992,28,22,1903,21.1,1,0,1,1,0,0,3,0,0.2,0.2,0.2,0.4,11,55,11,0.05,0.00,0.05,0.05,0.05,0.01,0.01,0.02,0.01,0.02,Matches,9,2,22.2,0.43,0.09,0.11,0.50,26.0,0,0.03,+0.8,+0.8,499,619,80.6,9323,2571,192,224,85.7,232,261,88.9,64,102,62.7,0.4,-0.2,8,48,3,0,596,22,0,7,11,2,4,1,2,0,1,13,20,0.95,18,1,0,0,1,1,0.05,1,0,0,0,0,37,24,16,20,1,17,53.1,15,17,23,60,29,0,789,48,1,2,40.0,3,60.0,331,0,14,12,407,68,62.2,80,9,6,23,6,0.82,20,35,-15,-0.71,+0.22,18.6,30.2,-11.6,-0.55,-0.35,0,33,0,0,0,94,12,44.4
348,Pablo Lara,mx MEX,GK,UNAM,19,2005,7,7,630,7.0,0,0,0,0,0,0,1,0,0.0,0.0,0.0,0.0,0,0,0,0.00,0.00,0.00,0.00,0.00,0.00,0.00,0.00,0.00,0.00,Matches,0,0,,0.00,0.00,,,,0,,0.0,0.0,159,232,68.5,4702,3639,30,31,96.8,69,71,97.2,59,127,46.5,0.0,0.0,0,7,1,0,160,70,0,0,0,0,0,0,0,0,2,0,1,0.14,0,1,0,0,0,0,0.00,0,0,0,0,0,0,0,0,0,0,0,0.0,2,0,0,0,6,1,248,204,0,0,,0,,128,0,0,0,89,90,20.6,90,7,0,,14,1.57,10,9,+1,+0.14,-0.01,7.9,7.1,+0.7,+0.11,-0.34,0,0,0,0,0,18,1,100.0
411,Pablo Monroy,mx MEX,DF,UNAM,22,2002,20,11,1026,11.4,0,1,1,0,0,0,2,0,0.1,0.1,1.2,1.3,14,29,64,0.00,0.09,0.09,0.00,0.09,0.01,0.11,0.11,0.01,0.11,Matches,3,0,0.0,0.26,0.00,0.00,,23.5,0,0.02,-0.1,-0.1,415,540,76.9,6972,2720,197,226,87.2,181,231,78.4,30,62,48.4,1.2,-0.2,10,25,14,11,419,120,0,2,30,115,0,0,0,0,1,11,22,1.93,17,2,1,2,0,2,0.18,1,0,0,1,0,19,16,11,7,1,13,56.5,10,9,11,30,31,0,660,22,11,3,27.3,8,72.7,271,3,20,14,352,51,33.5,78,8,9,19,14,1.52,15,13,+2,+0.18,+0.04,14.2,11.4,+2.8,+0.25,-0.20,0,11,1,0,0,36,9,52.9
455,Pablo Ortiz,mx MEX,DF,Querétaro,22,2002,19,7,848,9.4,0,1,1,0,0,0,2,0,0.2,0.2,0.2,0.3,9,18,15,0.00,0.11,0.11,0.00,0.11,0.02,0.02,0.03,0.02,0.03,Matches,6,1,16.7,0.64,0.11,0.00,0.00,21.5,0,0.03,-0.2,-0.2,292,381,76.6,5349,2568,116,136,85.3,135,156,86.5,32,70,45.7,0.4,+0.8,3,15,3,3,314,62,0,2,13,52,2,0,2,0,5,5,10,1.06,6,3,0,1,0,1,0.11,1,0,0,0,0,19,10,15,3,1,12,60.0,8,4,9,28,52,2,506,61,3,6,50.0,5,41.7,212,1,11,3,258,45,27.7,74,4,12,28,12,0.89,6,16,-10,-1.06,-0.45,5.2,17.1,-11.9,-1.27,-0.68,0,19,0,1,0,28,10,47.6
557,Patricio Salas,mx MEX,FW,América,20,2004,3,2,163,1.8,0,0,0,0,0,0,0,0,0.7,0.7,0.6,1.3,2,14,12,0.00,0.00,0.00,0.00,0.00,0.37,0.33,0.71,0.37,0.71,Matches,5,1,20.0,2.76,0.55,0.00,0.00,13.4,0,0.14,-0.7,-0.7,45,54,83.3,779,308,22,24,91.7,18,19,94.7,5,8,62.5,0.6,-0.6,5,8,6,0,49,4,0,1,1,1,0,0,0,0,1,3,16,8.83,12,0,2,0,0,1,0.55,1,0,0,0,0,3,2,1,2,0,1,100.0,0,0,0,3,1,0,72,1,5,6,85.7,1,14.3,52,0,5,4,51,54,5.3,80,1,1,4,1,2.33,2,1,+1,+0.55,-0.35,4.1,1.0,+3.1,+1.71,+0.90,0,3,0,0,0,8,1,20.0
619,Patrick Villa,mx MEX,DF,América,20,2003,2,0,6,0.1,0,0,0,0,0,0,0,0,0.0,0.0,0.0,0.0,0,0,0,0.00,0.00,0.00,0.00,0.00,0.00,0.00,0.00,0.00,0.00,Matches,0,0,,0.00,0.00,,,,0,,0.0,0.0,3,3,100.0,60,22,0,0,,3,3,100.0,0,0,,0.0,0.0,0,0,0,0,3,0,0,0,0,0,0,0,0,0,0,0,0,0.00,0,0,0,0,0,0,0.00,0,0,0,0,0,0,0,0,0,0,0,,0,0,0,0,0,0,3,0,0,0,,0,,1,0,0,0,3,3,0.2,,0,2,3,0,2.00,0,0,0,0.00,-0.88,0.2,0.0,+0.2,+2.51,+1.65,0,0,0,0,0,0,0,0.0
363,Pau López,es ESP,GK,Toluca,29,1994,10,10,900,10.0,0,0,0,0,0,0,1,0,0.0,0.0,0.0,0.0,0,0,0,0.00,0.00,0.00,0.00,0.00,0.00,0.00,0.00,0.00,0.00,Matches,0,0,,0.00,0.00,,,,0,,0.0,0.0,369,433,85.2,8501,5394,96,96,100.0,192,193,99.5,79,141,56.0,0.0,0.0,0,0,0,0,339,93,0,1,0,0,0,0,0,0,1,0,3,0.30,2,1,0,0,0,1,0.10,1,0,0,0,0,1,1,1,0,0,1,50.0,1,0,0,1,3,1,453,373,0,0,,0,,282,0,1,0,270,90,29.4,90,10,0,,2,2.09,28,13,+15,+1.50,+0.42,18.5,8.0,+10.5,+1.05,+0.80,0,0,0,0,1,19,0,0.0
80,Paul Bellón,mx MEX,DF,León,27,1997,31,28,2547,28.3,1,0,1,1,0,0,8,0,0.6,0.6,0.4,1.0,8,49,1,0.04,0.00,0.04,0.04,0.04,0.02,0.01,0.04,0.02,0.04,Matches,8,3,37.5,0.28,0.11,0.13,0.33,11.5,0,0.08,+0.4,+0.4,1090,1275,85.5,22339,8450,308,335,91.9,628,680,92.4,141,232,60.8,0.3,-0.4,6,42,2,0,1217,56,0,4,0,10,0,0,0,0,2,9,13,0.46,12,0,0,0,1,2,0.07,2,0,0,0,0,49,28,36,13,0,31,58.5,22,15,33,82,127,1,1558,212,11,2,50.0,2,50.0,787,0,10,5,979,82,83.2,87,26,3,39,3,1.26,35,42,-7,-0.25,-1.65,31.4,39.4,-8.1,-0.28,-0.81,0,27,0,0,1,72,58,58.6
467,Paulinho,pt POR,FW,Toluca,31,1992,32,30,2649,29.4,25,7,32,25,0,1,6,0,18.6,17.8,4.1,21.9,31,57,164,0.85,0.24,1.09,0.85,1.09,0.63,0.14,0.77,0.61,0.74,Matches,97,51,52.6,3.30,1.73,0.26,0.49,14.1,0,0.18,+6.4,+7.2,475,640,74.2,8095,1625,225,299,75.3,179,226,79.2,53,63,84.1,2.9,+2.9,30,42,19,3,572,65,4,8,6,6,0,0,0,0,3,17,78,2.65,56,0,4,6,2,15,0.51,7,0,1,1,2,20,13,3,10,7,5,31.3,11,12,4,24,27,0,919,28,142,12,35.3,21,61.8,557,19,56,21,682,83,86.6,86,20,2,31,0,2.05,76,34,+42,+1.43,+1.65,49.3,32.9,+16.4,+0.56,+0.54,0,47,1,0,0,61,35,46.7
500,Paulo Ramírez,mx MEX,MF,Atlas,21,2002,18,6,621,6.9,0,0,0,0,0,0,2,0,0.2,0.2,0.3,0.5,3,23,8,0.00,0.00,0.00,0.00,0.00,0.03,0.05,0.08,0.03,0.08,Matches,9,2,22.2,1.30,0.29,0.00,0.00,29.0,0,0.02,-0.2,-0.2,208,261,79.7,3152,1135,114,131,87.0,82,99,82.8,7,13,53.8,0.6,-0.3,6,28,3,2,254,6,0,0,7,1,4,1,0,0,1,3,19,2.75,15,0,0,2,0,3,0.43,3,0,0,0,0,12,9,5,6,1,6,33.3,12,5,5,17,4,0,315,2,4,4,57.1,2,28.6,169,0,3,13,201,35,20.3,67,1,12,18,10,1.21,7,14,-7,-1.01,-0.79,8.0,9.3,-1.3,-0.18,-0.18,0,17,0,0,0,31,9,75.0
475,Pavel Pérez,mx MEX,"MF,FW",Necaxa,26,1998,16,10,855,9.5,4,1,5,4,0,0,1,0,1.3,1.3,1.4,2.7,38,46,50,0.42,0.11,0.53,0.42,0.53,0.13,0.15,0.28,0.13,0.28,Matches,18,8,44.4,1.89,0.84,0.22,0.50,20.5,0,0.07,+2.7,+2.7,288,350,82.3,4206,1107,167,188,88.8,90,107,84.1,16,25,64.0,1.0,-0.4,17,30,14,2,332,18,1,8,17,8,7,1,2,0,0,8,37,3.89,31,2,0,2,1,4,0.42,4,0,0,0,0,26,17,7,14,5,9,42.9,12,19,6,32,6,0,498,5,18,24,44.4,29,53.7,290,5,28,18,330,53,27.9,71,0,6,24,1,1.67,25,12,+13,+1.37,+1.86,14.7,10.4,+4.3,+0.45,+0.75,0,13,0,0,0,49,2,28.6
476,Pavel Pérez,mx MEX,"MF,FW",Guadalajara,26,1998,6,1,144,1.6,0,0,0,0,0,0,0,0,0.3,0.3,0.1,0.4,10,8,17,0.00,0.00,0.00,0.00,0.00,0.16,0.07,0.23,0.16,0.23,Matches,18,8,44.4,1.89,0.84,0.22,0.50,20.5,0,0.07,+2.7,+2.7,288,350,82.3,4206,1107,167,188,88.8,90,107,84.1,16,25,64.0,1.0,-0.4,17,30,14,2,332,18,1,8,17,8,7,1,2,0,0,8,37,3.89,31,2,0,2,1,4,0.42,4,0,0,0,0,26,17,7,14,5,9,42.9,12,19,6,32,6,0,498,5,18,24,44.4,29,53.7,290,5,28,18,330,53,27.9,71,0,6,24,1,1.67,25,12,+13,+1.37,+1.86,14.7,10.4,+4.3,+0.45,+0.75,0,13,0,0,0,49,2,28.6
50,Pedro Aquino,pe PER,MF,Santos,29,1995,13,9,664,7.4,0,0,0,0,0,0,4,1,0.1,0.1,0.1,0.2,2,27,1,0.00,0.00,0.00,0.00,0.00,0.02,0.01,0.03,0.02,0.03,Matches,4,2,50.0,0.54,0.27,0.00,0.00,15.4,0,0.04,-0.1,-0.1,398,457,87.1,6730,2939,185,206,89.8,155,168,92.3,40,53,75.5,0.2,-0.1,2,35,0,0,424,33,0,5,2,1,0,0,0,0,0,6,9,1.22,9,0,0,0,0,0,0.00,0,0,0,0,0,12,6,6,6,0,5,35.7,9,6,9,21,20,0,530,34,2,1,50.0,1,50.0,298,0,7,8,362,51,21.7,62,0,4,27,8,0.23,3,15,-12,-1.63,-0.61,6.5,14.3,-7.8,-1.06,-0.33,0,11,0,1,0,49,10,55.6
307,Pedro Hernández,mx MEX,MF,León,23,2000,1,0,1,0.0,0,0,0,0,0,0,0,0,0.0,0.0,0.0,0.0,0,0,0,0.00,0.00,0.00,0.00,0.00,0.00,0.00,0.00,0.00,0.00,Matches,0,0,,0.00,0.00,,,,0,,0.0,0.0,0,0,,0,0,0,0,,0,0,,0,0,,0.0,0.0,0,0,0,0,0,0,0,0,0,0,0,0,0,0,0,0,0,0.00,0,0,0,0,0,0,0.00,0,0,0,0,0,0,0,0,0,0,0,,0,0,0,0,0,0,0,0,0,0,,0,,0,0,0,0,0,1,0.0,,0,1,1,11,1.00,0,0,0,0.00,-0.03,0.0,0.7,-0.7,-67.48,-67.35,0,0,0,0,0,0,0,
469,Pedro Pedraza,mx MEX,MF,Pachuca,24,2000,30,18,1670,18.6,1,0,1,1,0,0,9,0,0.4,0.4,0.2,0.6,10,64,16,0.05,0.00,0.05,0.05,0.05,0.02,0.01,0.03,0.02,0.03,Matches,11,4,36.4,0.59,0.22,0.09,0.25,25.5,0,0.03,+0.6,+0.6,664,772,86.0,12120,3136,274,305,89.8,295,333,88.6,77,95,81.1,0.4,-0.2,7,51,1,0,736,32,0,17,4,5,0,0,0,0,4,10,22,1.19,20,0,0,0,1,1,0.05,1,0,0,0,0,62,40,22,37,3,20,39.2,31,13,38,100,41,0,975,36,11,5,62.5,2,25.0,491,1,18,8,585,56,54.6,79,8,12,21,3,1.21,21,26,-5,-0.27,-0.40,23.0,17.7,+5.3,+0.28,+0.07,0,32,0,0,0,74,14,42.4
495,Piero Quispe,pe PER,MF,UNAM,22,2001,31,20,1828,20.3,4,1,5,4,0,0,3,1,2.1,2.1,2.3,4.4,73,177,76,0.20,0.05,0.25,0.20,0.25,0.10,0.11,0.22,0.10,0.22,Matches,26,11,42.3,1.28,0.54,0.15,0.36,23.4,0,0.08,+1.9,+1.9,966,1116,86.6,15721,4577,495,537,92.2,361,396,91.2,79,121,65.3,2.4,-1.3,35,138,37,8,1059,53,6,4,26,24,20,6,2,0,4,22,90,4.43,74,10,2,3,0,5,0.25,5,0,0,0,0,41,27,15,19,7,20,55.6,16,23,14,55,5,0,1374,10,32,34,47.9,37,52.1,937,6,52,45,1015,59,59.7,75,4,11,30,0,1.34,25,17,+8,+0.39,+0.61,27.2,16.0,+11.3,+0.55,+0.44,0,22,0,0,0,143,1,12.5
117,Rafael Carioca,br BRA,MF,UANL,35,1989,23,18,1411,15.7,0,0,0,0,0,0,1,0,0.1,0.1,0.6,0.8,9,91,12,0.00,0.00,0.00,0.00,0.00,0.01,0.04,0.05,0.01,0.05,Matches,7,1,14.3,0.45,0.06,0.00,0.00,30.8,0,0.02,-0.1,-0.1,943,1041,90.6,16986,5149,389,411,94.6,442,469,94.2,92,127,72.4,1.1,-0.6,19,85,6,1,984,56,2,8,13,4,2,0,1,0,1,9,35,2.23,32,1,0,1,0,2,0.13,2,0,0,0,0,34,21,15,14,5,15,51.7,14,7,9,43,6,0,1140,34,0,8,57.1,6,42.9,636,0,15,10,792,61,46.1,74,7,5,18,5,2.00,23,15,+8,+0.51,-0.14,22.2,17.8,+4.4,+0.28,-0.21,0,13,0,0,0,139,8,57.1
189,Rafael Durán,mx MEX,"MF,FW",Puebla,26,1997,8,0,151,1.7,1,0,1,1,0,0,0,0,0.5,0.5,0.2,0.6,2,3,6,0.60,0.00,0.60,0.60,0.60,0.27,0.09,0.36,0.27,0.36,Matches,6,3,50.0,3.58,1.79,0.17,0.33,17.4,0,0.08,+0.5,+0.5,13,25,52.0,187,57,7,11,63.6,4,9,44.4,1,1,100.0,0.0,-0.2,1,1,1,1,25,0,0,0,3,0,0,0,0,0,0,3,3,1.79,1,0,1,0,0,1,0.60,0,0,0,0,0,2,2,0,2,0,0,,0,2,0,2,1,0,50,1,9,2,50.0,2,50.0,26,1,4,3,27,19,4.9,,0,8,19,3,0.88,4,2,+2,+1.19,+2.09,3.5,2.3,+1.1,+0.67,+1.14,0,2,0,0,0,6,5,27.8
215,Rafael Fernández,mx MEX,DF,Tijuana,23,2000,25,21,1754,19.5,0,0,0,0,0,0,6,0,0.2,0.2,0.0,0.3,6,60,17,0.00,0.00,0.00,0.00,0.00,0.01,0.00,0.01,0.01,0.01,Matches,6,3,50.0,0.31,0.15,0.00,0.00,18.6,0,0.04,-0.2,-0.2,1022,1219,83.8,18975,7672,387,445,87.0,532,585,90.9,91,151,60.3,0.4,0.0,3,56,3,0,1087,130,0,4,15,83,0,0,0,0,2,22,17,0.87,11,4,0,0,2,1,0.05,0,1,0,0,0,45,33,26,17,2,22,57.9,16,18,33,78,71,0,1446,107,12,16,69.6,6,26.1,787,0,20,9,904,70,57.3,76,12,4,38,5,1.48,27,35,-8,-0.41,-0.48,27.2,32.7,-5.5,-0.28,+0.23,0,31,0,2,1,86,29,49.2
449,Ralph Orquin,us USA,DF,FC Juárez,21,2003,34,34,2770,30.8,0,5,5,0,0,0,3,0,0.6,0.6,2.1,2.8,42,94,82,0.00,0.16,0.16,0.00,0.16,0.02,0.07,0.09,0.02,0.09,Matches,13,3,23.1,0.42,0.10,0.00,0.00,19.3,0,0.05,-0.6,-0.6,1080,1377,78.4,18853,7870,482,546,88.3,476,590,80.7,103,190,54.2,2.2,+2.9,18,72,13,9,1026,346,1,4,65,309,8,2,4,0,5,23,40,1.30,26,8,3,1,0,5,0.16,5,0,0,0,0,54,35,40,11,3,28,57.1,21,18,45,99,62,1,1669,67,21,27,52.9,24,47.1,781,6,39,21,874,81,90.5,81,18,0,,0,1.20,33,52,-19,-0.62,-0.62,29.6,46.8,-17.2,-0.56,-0.38,0,18,0,1,0,113,12,40.0
226,Ramiro Franco,mx MEX,DF,Tijuana,20,2003,13,6,642,7.1,0,0,0,0,0,0,2,0,0.1,0.1,0.0,0.1,6,17,3,0.00,0.00,0.00,0.00,0.00,0.01,0.01,0.02,0.01,0.02,Matches,3,1,33.3,0.42,0.14,0.00,0.00,24.8,0,0.03,-0.1,-0.1,267,309,86.4,4593,2070,116,125,92.8,130,148,87.8,14,24,58.3,0.1,0.0,1,28,2,0,259,49,0,3,0,38,0,0,0,0,1,1,4,0.56,4,0,0,0,0,0,0.00,0,0,0,0,0,17,12,10,6,1,13,59.1,9,5,8,25,36,1,403,34,1,2,33.3,4,66.7,196,0,3,4,222,49,21.0,75,4,7,27,4,0.77,10,24,-14,-1.96,-2.22,7.4,18.5,-11.1,-1.55,-1.48,0,7,0,0,0,16,14,66.7
227,Ramiro Franco,mx MEX,DF,Mazatlán,20,2003,8,4,365,4.1,0,0,0,0,0,0,2,0,0.3,0.3,0.0,0.3,2,15,0,0.00,0.00,0.00,0.00,0.00,0.08,0.00,0.08,0.08,0.08,Matches,3,1,33.3,0.42,0.14,0.00,0.00,24.8,0,0.03,-0.1,-0.1,267,309,86.4,4593,2070,116,125,92.8,130,148,87.8,14,24,58.3,0.1,0.0,1,28,2,0,259,49,0,3,0,38,0,0,0,0,1,1,4,0.56,4,0,0,0,0,0,0.00,0,0,0,0,0,17,12,10,6,1,13,59.1,9,5,8,25,36,1,403,34,1,2,33.3,4,66.7,196,0,3,4,222,49,21.0,75,4,7,27,4,0.77,10,24,-14,-1.96,-2.22,7.4,18.5,-11.1,-1.55,-1.48,0,7,0,0,0,16,14,66.7
584,Ramiro Sordo,ar ARG,"FW,MF",Santos,24,2000,29,24,2083,23.1,3,3,6,3,0,0,6,0,3.0,3.0,4.2,7.2,75,42,175,0.13,0.13,0.26,0.13,0.26,0.13,0.18,0.31,0.13,0.31,Matches,55,21,38.2,2.38,0.91,0.05,0.14,26.4,4,0.05,0.0,0.0,491,727,67.5,8172,1977,270,328,82.3,146,193,75.6,56,141,39.7,3.0,-1.2,23,28,25,12,656,68,1,13,99,15,30,16,11,1,3,31,65,2.81,33,6,7,11,1,5,0.22,3,0,0,0,1,36,27,17,16,3,19,46.3,22,13,8,44,21,0,989,14,40,37,48.7,33,43.4,659,13,48,28,713,72,68.1,78,10,5,41,1,0.59,16,43,-27,-1.17,-0.06,24.0,38.0,-14.1,-0.61,+0.59,0,25,0,1,0,98,8,42.1
56,Ramiro Árciga,mx MEX,"MF,FW",Tijuana,19,2004,9,2,296,3.3,0,3,3,0,0,0,3,0,0.1,0.1,1.5,1.6,5,11,19,0.00,0.91,0.91,0.00,0.91,0.03,0.45,0.48,0.03,0.48,Matches,2,1,50.0,0.61,0.30,0.00,0.00,13.8,0,0.05,-0.1,-0.1,80,126,63.5,1426,500,39,50,78.0,24,41,58.5,13,20,65.0,1.2,+1.5,9,2,5,2,104,19,0,0,24,2,7,4,2,0,3,6,11,3.34,8,3,0,0,0,3,0.91,1,2,0,0,0,7,2,2,3,2,4,40.0,6,5,5,12,3,0,168,3,8,2,25.0,6,75.0,95,2,10,13,101,33,9.7,75,0,7,21,7,1.33,8,8,0,0.00,+0.23,4.2,5.1,-0.9,-0.27,+0.12,0,8,0,1,0,14,1,20.0
57,Ramiro Árciga,mx MEX,"MF,FW",Mazatlán,19,2004,17,11,953,10.6,0,0,0,0,0,0,2,0,1.1,1.1,2.2,3.3,46,40,120,0.00,0.00,0.00,0.00,0.00,0.11,0.21,0.31,0.11,0.31,Matches,2,1,50.0,0.61,0.30,0.00,0.00,13.8,0,0.05,-0.1,-0.1,80,126,63.5,1426,500,39,50,78.0,24,41,58.5,13,20,65.0,1.2,+1.5,9,2,5,2,104,19,0,0,24,2,7,4,2,0,3,6,11,3.34,8,3,0,0,0,3,0.91,1,2,0,0,0,7,2,2,3,2,4,40.0,6,5,5,12,3,0,168,3,8,2,25.0,6,75.0,95,2,10,13,101,33,9.7,75,0,7,21,7,1.33,8,8,0,0.00,+0.23,4.2,5.1,-0.9,-0.27,+0.12,0,8,0,1,0,14,1,20.0
337,Ramón Juárez,mx MEX,DF,América,23,2001,24,18,1704,18.9,1,1,2,1,0,0,5,0,1.4,1.4,1.1,2.6,9,40,2,0.05,0.05,0.11,0.05,0.11,0.08,0.06,0.14,0.08,0.14,Matches,24,6,25.0,1.27,0.32,0.04,0.17,13.6,0,0.06,-0.4,-0.4,721,818,88.1,13626,5896,256,276,92.8,381,406,93.8,74,114,64.9,0.3,-0.1,6,47,1,0,800,16,0,7,0,1,0,0,0,0,2,5,10,0.53,7,0,0,0,1,2,0.11,0,0,0,0,1,26,16,16,10,0,18,66.7,9,4,32,58,93,0,1040,121,28,2,100.0,0,0.0,618,0,5,2,682,71,55.7,89,15,6,17,4,1.78,35,14,+21,+1.11,+0.51,30.5,16.0,+14.5,+0.77,-0.22,0,18,0,0,0,39,59,59.0
229,Raymundo Fulgencio,mx MEX,"FW,MF",Atlas,24,2000,17,13,1053,11.7,1,4,5,1,0,0,2,0,0.5,0.5,2.3,2.8,17,57,57,0.09,0.34,0.43,0.09,0.43,0.05,0.20,0.24,0.05,0.24,Matches,15,3,20.0,1.28,0.26,0.07,0.33,23.3,1,0.04,+0.5,+0.5,376,521,72.2,7135,2322,186,228,81.6,121,157,77.1,64,121,52.9,2.1,+1.7,39,54,16,8,426,95,0,7,106,8,54,17,30,0,0,8,58,4.96,28,24,2,1,1,7,0.60,4,3,0,0,0,13,7,1,8,4,5,35.7,9,9,4,17,4,0,614,2,11,17,53.1,12,37.5,337,4,22,15,417,62,34.4,76,5,4,18,0,1.32,11,15,-4,-0.34,+0.06,11.7,11.7,0.0,0.00,+0.06,0,6,0,0,0,57,0,0.0
230,Raymundo Fulgencio,mx MEX,FW,UANL,24,2000,5,1,163,1.8,0,0,0,0,0,0,0,0,0.3,0.3,0.5,0.8,6,6,10,0.00,0.00,0.00,0.00,0.00,0.15,0.30,0.45,0.15,0.45,Matches,15,3,20.0,1.28,0.26,0.07,0.33,23.3,1,0.04,+0.5,+0.5,376,521,72.2,7135,2322,186,228,81.6,121,157,77.1,64,121,52.9,2.1,+1.7,39,54,16,8,426,95,0,7,106,8,54,17,30,0,0,8,58,4.96,28,24,2,1,1,7,0.60,4,3,0,0,0,13,7,1,8,4,5,35.7,9,9,4,17,4,0,614,2,11,17,53.1,12,37.5,337,4,22,15,417,62,34.4,76,5,4,18,0,1.32,11,15,-4,-0.34,+0.06,11.7,11.7,0.0,0.00,+0.06,0,6,0,0,0,57,0,0.0
,Raymundo Rubio,,,,,,,,,,,,,,,,,,,,,,,,,,,,,,,,,,,,,,,,,,,,,,,,,,,,,,,,,,,,,,,,,,,,,,,,,,,,,,,,,,,,,,,,,,,,,,,,,,,,,,,,,,,,,,,,,,,,,,,,,,0,0,,8,,,,,,,,,,,,,,,,,,,
108,Raúl Camacho,mx MEX,"FW,DF",Mazatlán,22,2002,12,4,341,3.8,2,0,2,2,0,0,2,0,1.5,1.5,0.2,1.7,2,2,10,0.53,0.00,0.53,0.53,0.53,0.39,0.04,0.44,0.39,0.44,Matches,8,3,37.5,2.11,0.79,0.25,0.67,10.7,0,0.19,+0.5,+0.5,43,58,74.1,586,95,24,32,75.0,12,13,92.3,2,2,100.0,0.0,-0.2,2,3,0,0,50,6,0,1,1,0,1,0,0,0,2,3,3,0.79,2,0,0,0,0,0,0.00,0,0,0,0,0,1,1,0,1,0,0,0.0,2,4,1,2,3,0,100,3,13,0,0.0,4,100.0,44,0,10,4,60,28,11.1,62,0,8,12,14,1.25,2,2,0,0.00,+0.63,4.9,5.1,-0.2,-0.04,+0.21,0,7,0,0,0,11,7,21.2
129,Raúl Castillo,mx MEX,"MF,FW",Puebla,22,2001,29,19,1493,16.6,1,3,4,1,0,0,7,0,1.5,1.5,2.7,4.2,32,62,73,0.06,0.18,0.24,0.06,0.24,0.09,0.16,0.25,0.09,0.25,Matches,41,10,24.4,2.47,0.60,0.02,0.10,24.9,8,0.04,-0.5,-0.5,469,604,77.6,8639,2436,222,257,86.4,153,185,82.7,75,127,59.1,2.8,+0.3,44,40,22,3,509,95,2,9,82,9,56,23,27,0,0,15,75,4.52,41,25,1,3,1,7,0.42,4,1,0,1,0,29,18,9,13,7,13,61.9,8,10,9,38,1,0,795,6,25,7,21.9,25,78.1,425,8,41,21,510,51,48.8,66,1,10,25,5,0.69,15,25,-10,-0.60,+0.37,14.8,21.3,-6.5,-0.39,+0.04,0,30,1,0,0,77,4,19.0
,Raúl Gudiño,,,,,,,,,,,,,,,,,,,,,,,,,,,,,,,,,,,,,,,,,,,,,,,,,,,,,,,,,,,,,,,,,,,,,,,,,,,,,,,,,,,,,,,,,,,,,,,,,,,,,,,,,,,,,,,,,,,,,,,,,,0,0,,17,,,,,,,,,,,,,,,,,,,
391,Raúl Martínez,mx MEX,DF,Guadalajara,21,2003,10,6,613,6.8,0,0,0,0,0,0,1,0,0.0,0.0,0.0,0.0,2,10,0,0.00,0.00,0.00,0.00,0.00,0.00,0.00,0.00,0.00,0.00,Matches,0,0,,0.00,0.00,,,,0,,0.0,0.0,287,339,84.7,5914,2033,81,89,91.0,165,176,93.8,38,65,58.5,0.0,0.0,0,10,0,0,318,20,0,3,0,1,0,0,0,0,1,3,1,0.15,1,0,0,0,0,0,0.00,0,0,0,0,0,15,12,8,7,0,9,69.2,4,3,2,17,19,0,389,52,0,1,33.3,2,66.7,233,0,1,0,256,61,20.0,90,6,4,18,3,1.30,8,10,-2,-0.29,-0.59,8.2,7.0,+1.2,+0.17,-0.06,0,9,0,0,0,30,4,40.0
568,Raúl Sandoval,mx MEX,"DF,MF",Necaxa,24,2000,17,1,336,3.7,0,0,0,0,0,0,0,0,0.6,0.6,0.3,0.9,9,5,41,0.00,0.00,0.00,0.00,0.00,0.15,0.09,0.24,0.15,0.24,Matches,3,1,33.3,0.80,0.27,0.00,0.00,8.6,0,0.18,-0.6,-0.6,77,114,67.5,1257,397,41,48,85.4,27,40,67.5,8,16,50.0,0.8,-0.3,7,5,6,4,97,16,0,1,26,12,2,0,1,0,1,5,12,3.23,11,1,0,0,0,1,0.27,1,0,0,0,0,7,4,6,1,0,4,66.7,2,4,4,11,14,0,176,13,10,3,27.3,8,72.7,86,0,10,6,96,20,11.0,69,0,16,17,13,1.47,7,8,-1,-0.27,-0.33,6.2,6.5,-0.3,-0.08,+0.01,0,3,0,0,0,17,4,50.0
138,Ricardo Chávez Soto,mx MEX,"DF,MF",Atlético,29,1994,17,13,1229,13.7,1,2,3,1,0,0,3,0,1.8,1.8,0.7,2.5,34,54,100,0.07,0.15,0.22,0.07,0.22,0.13,0.05,0.18,0.13,0.18,Matches,14,3,21.4,1.03,0.22,0.07,0.33,16.9,0,0.13,-0.8,-0.8,555,704,78.8,10630,3731,223,264,84.5,254,303,83.8,68,112,60.7,1.6,+1.3,11,36,20,10,572,131,1,10,51,119,0,0,0,0,1,14,26,1.90,23,2,0,0,1,4,0.29,4,0,0,0,0,24,12,15,6,3,14,66.7,7,7,15,39,39,0,848,38,33,9,47.4,9,47.4,395,7,20,7,522,72,40.2,87,8,4,25,0,1.76,21,13,+8,+0.59,+1.22,16.4,16.7,-0.4,-0.03,+0.47,0,23,0,0,0,35,18,62.1
139,Ricardo Chávez Soto,mx MEX,DF,Monterrey,29,1994,14,10,1013,11.3,2,1,3,2,0,0,3,0,1.3,1.3,1.3,2.6,20,55,64,0.18,0.09,0.27,0.18,0.27,0.11,0.11,0.23,0.11,0.23,Matches,14,3,21.4,1.03,0.22,0.07,0.33,16.9,0,0.13,-0.8,-0.8,555,704,78.8,10630,3731,223,264,84.5,254,303,83.8,68,112,60.7,1.6,+1.3,11,36,20,10,572,131,1,10,51,119,0,0,0,0,1,14,26,1.90,23,2,0,0,1,4,0.29,4,0,0,0,0,24,12,15,6,3,14,66.7,7,7,15,39,39,0,848,38,33,9,47.4,9,47.4,395,7,20,7,522,72,40.2,87,8,4,25,0,1.76,21,13,+8,+0.59,+1.22,16.4,16.7,-0.4,-0.03,+0.47,0,23,0,0,0,35,18,62.1
294,Ricardo Gutiérrez,mx MEX,GK,Mazatlán,27,1997,1,0,45,0.5,0,0,0,0,0,0,0,0,0.0,0.0,0.0,0.0,0,0,0,0.00,0.00,0.00,0.00,0.00,0.00,0.00,0.00,0.00,0.00,Matches,0,0,,0.00,0.00,,,,0,,0.0,0.0,12,15,80.0,314,252,2,2,100.0,8,8,100.0,2,5,40.0,0.0,0.0,0,1,0,0,11,4,0,0,0,0,0,0,0,0,0,0,0,0.00,0,0,0,0,0,0,0.00,0,0,0,0,0,0,0,0,0,0,0,,0,0,0,0,0,0,20,16,0,0,,0,,10,0,0,0,11,45,1.5,,0,1,45,33,0.00,0,0,0,0.00,+0.57,0.2,0.9,-0.7,-1.41,-1.20,0,0,0,0,0,1,0,
329,Ricardo Jiménez,mx MEX,MF,Necaxa,18,2006,1,0,1,0.0,0,0,0,0,0,0,0,0,0.0,0.0,0.0,0.0,0,0,0,0.00,0.00,0.00,0.00,0.00,0.00,0.00,0.00,0.00,0.00,Matches,0,0,,0.00,0.00,,,,0,,0.0,0.0,1,2,50.0,9,8,1,2,50.0,0,0,,0,0,,0.0,0.0,0,0,0,0,2,0,0,0,0,0,0,0,0,0,0,0,0,0.00,0,0,0,0,0,0,0.00,0,0,0,0,0,0,0,0,0,0,0,,0,0,0,0,0,0,2,0,0,0,,0,,1,0,0,0,1,1,0.0,,0,1,1,1,1.00,0,0,0,0.00,-0.03,0.0,0.0,0.0,-0.83,-0.74,0,0,0,0,0,1,0,0.0
383,Ricardo Marín,mx MEX,"FW,MF",Puebla,26,1998,13,11,1038,11.5,4,0,4,4,0,1,0,0,4.4,3.6,0.8,4.5,9,17,49,0.35,0.00,0.35,0.35,0.35,0.38,0.07,0.46,0.32,0.39,Matches,24,13,54.2,2.08,1.13,0.17,0.31,15.3,0,0.15,-0.4,+0.4,119,202,58.9,1613,408,70,104,67.3,37,58,63.8,4,10,40.0,1.0,-0.8,9,13,5,1,176,23,2,2,6,3,0,0,0,0,3,7,21,1.82,14,0,3,1,1,1,0.09,0,0,0,0,0,13,5,4,7,2,3,33.3,6,16,3,16,13,0,327,16,45,6,42.9,8,57.1,167,3,26,17,214,80,33.9,87,8,2,43,0,0.54,8,19,-11,-0.95,-0.24,11.0,16.2,-5.2,-0.45,-0.05,0,18,0,0,0,25,27,37.5
384,Ricardo Marín,mx MEX,"FW,MF",Guadalajara,26,1998,14,6,627,7.0,3,1,4,3,0,0,0,0,2.5,2.5,0.3,2.8,4,11,35,0.43,0.14,0.57,0.43,0.57,0.36,0.05,0.41,0.36,0.41,Matches,24,13,54.2,2.08,1.13,0.17,0.31,15.3,0,0.15,-0.4,+0.4,119,202,58.9,1613,408,70,104,67.3,37,58,63.8,4,10,40.0,1.0,-0.8,9,13,5,1,176,23,2,2,6,3,0,0,0,0,3,7,21,1.82,14,0,3,1,1,1,0.09,0,0,0,0,0,13,5,4,7,2,3,33.3,6,16,3,16,13,0,327,16,45,6,42.9,8,57.1,167,3,26,17,214,80,33.9,87,8,2,43,0,0.54,8,19,-11,-0.95,-0.24,11.0,16.2,-5.2,-0.45,-0.05,0,18,0,0,0,25,27,37.5
410,Ricardo Monreal,mx MEX,"FW,MF",Necaxa,23,2001,31,14,1212,13.5,2,1,3,2,0,0,3,0,2.1,2.1,2.5,4.6,25,31,92,0.15,0.07,0.22,0.15,0.22,0.16,0.19,0.35,0.16,0.35,Matches,30,10,33.3,2.23,0.74,0.07,0.20,19.5,0,0.07,-0.1,-0.1,242,328,73.8,3277,802,150,176,85.2,69,89,77.5,10,24,41.7,1.1,-1.5,24,19,9,0,313,14,1,1,6,7,0,0,0,0,1,21,50,3.73,33,0,8,2,1,5,0.37,3,0,1,0,0,19,13,8,8,3,9,32.1,19,13,11,30,17,0,537,12,56,15,23.8,47,74.6,316,8,39,28,361,39,39.6,66,2,17,17,3,1.27,17,25,-8,-0.59,-1.03,17.1,21.1,-4.0,-0.30,-0.34,0,31,0,0,0,62,12,37.5
567,Richard Sánchez,py PAR,MF,América,28,1996,16,10,812,9.0,0,1,1,0,0,0,0,1,0.4,0.4,0.8,1.3,30,67,14,0.00,0.11,0.11,0.00,0.11,0.05,0.09,0.14,0.05,0.14,Matches,13,2,15.4,1.44,0.22,0.00,0.00,29.0,2,0.03,-0.4,-0.4,633,714,88.7,10667,3606,313,335,93.4,223,247,90.3,67,95,70.5,1.2,+0.2,13,82,8,0,663,48,2,9,28,1,19,6,8,0,3,1,26,2.88,17,7,1,0,0,2,0.22,1,0,1,0,0,25,14,10,12,3,14,63.6,8,7,4,29,8,1,798,15,5,3,27.3,7,63.6,521,0,11,1,610,51,26.5,73,4,6,14,4,1.67,15,12,+3,+0.33,-0.75,14.8,6.5,+8.3,+0.92,+0.08,0,3,0,0,0,50,3,50.0
199,Robert Ergas,uy URU,DF,UNAM,26,1998,30,26,2246,25.0,1,4,5,1,0,0,5,0,0.8,0.8,4.4,5.2,64,51,183,0.04,0.16,0.20,0.04,0.20,0.03,0.17,0.21,0.03,0.21,Matches,19,7,36.8,0.76,0.28,0.05,0.14,21.0,4,0.04,+0.2,+0.2,822,1103,74.5,12476,3758,485,535,90.7,270,355,76.1,45,146,30.8,2.6,-0.4,27,47,16,10,912,188,0,7,131,154,16,11,4,0,3,32,59,2.36,48,6,3,0,0,8,0.32,6,1,1,0,0,68,44,36,26,6,39,54.2,33,24,19,87,44,0,1392,41,40,31,45.6,36,52.9,743,11,52,28,877,75,73.4,85,18,4,12,3,1.35,32,23,+9,+0.36,+0.80,32.0,21.8,+10.3,+0.41,+0.12,0,31,0,0,0,83,14,41.2
418,Robert Morales,py PAR,FW,Toluca,25,1999,17,6,608,6.8,3,1,4,3,0,0,0,0,2.5,2.5,2.0,4.5,12,18,39,0.44,0.15,0.59,0.44,0.59,0.37,0.30,0.67,0.37,0.67,Matches,23,11,47.8,3.40,1.63,0.13,0.27,15.2,0,0.11,+0.5,+0.5,108,141,76.6,1575,358,56,66,84.8,35,43,81.4,6,8,75.0,0.8,-1.0,16,16,6,1,134,7,0,0,2,0,0,0,0,0,0,10,27,4.00,22,0,1,2,0,4,0.59,4,0,0,0,0,8,6,1,3,4,1,33.3,2,5,0,8,2,0,215,3,33,4,50.0,4,50.0,135,4,19,21,169,36,19.9,61,0,11,22,10,1.81,13,8,+5,+0.74,-0.58,12.2,6.1,+6.0,+0.89,+0.51,0,12,0,0,0,15,11,45.8
27,Roberto Alvarado,mx MEX,"MF,FW",Guadalajara,25,1998,30,29,2369,26.3,9,7,16,6,3,4,5,0,7.0,3.9,6.1,10.0,76,137,182,0.34,0.27,0.61,0.23,0.49,0.27,0.23,0.50,0.15,0.38,Matches,34,11,32.4,1.29,0.42,0.18,0.55,21.9,4,0.11,+2.0,+2.1,944,1246,75.8,16172,4442,475,541,87.8,345,436,79.1,102,202,50.5,4.5,+0.9,63,103,29,8,1092,147,4,14,138,17,78,47,16,0,7,27,120,4.56,81,22,9,1,2,17,0.65,11,0,4,0,1,38,21,13,21,4,15,41.7,21,16,11,49,18,1,1549,21,67,54,49.5,55,50.5,966,19,74,50,1093,79,77.4,81,13,1,24,0,1.35,34,27,+7,+0.27,+0.40,31.4,24.9,+6.5,+0.25,+0.13,0,32,0,0,0,100,16,44.4
,Roberto Elicerio,,,,,,,,,,,,,,,,,,,,,,,,,,,,,,,,,,,,,,,,,,,,,,,,,,,,,,,,,,,,,,,,,,,,,,,,,,,,,,,,,,,,,,,,,,,,,,,,,,,,,,,,,,,,,,,,,,,,,,,,,,0,0,,2,,,,,,,,,,,,,,,,,,,
404,Roberto Meraz,mx MEX,MF,Mazatlán,24,1999,24,21,1783,19.8,0,1,1,0,0,0,9,0,0.7,0.7,1.2,1.9,13,93,16,0.00,0.05,0.05,0.00,0.05,0.04,0.06,0.10,0.04,0.10,Matches,18,6,33.3,0.91,0.30,0.00,0.00,21.8,0,0.04,-0.7,-0.7,779,927,84.0,14841,4692,278,321,86.6,380,421,90.3,104,147,70.7,1.1,-0.2,12,106,4,0,884,40,0,11,8,5,1,1,0,0,3,11,34,1.72,30,1,0,0,1,1,0.05,1,0,0,0,0,27,21,13,11,3,7,28.0,18,9,15,42,38,0,1076,54,17,4,100.0,0,0.0,552,1,15,4,694,74,58.3,83,14,3,14,1,0.92,14,27,-13,-0.66,-0.23,22.9,26.9,-4.0,-0.20,+0.07,0,21,0,1,0,87,31,63.3
343,Roberto de la Rosa,mx MEX,"FW,MF",Monterrey,24,2000,24,7,641,7.1,1,3,4,1,0,0,0,0,1.7,1.7,1.7,3.4,18,25,45,0.14,0.42,0.56,0.14,0.56,0.24,0.24,0.48,0.24,0.48,Matches,23,5,21.7,3.23,0.70,0.04,0.20,18.2,0,0.08,-0.7,-0.7,130,175,74.3,2331,553,55,77,71.4,58,62,93.5,13,16,81.3,1.5,+1.3,8,14,8,2,167,6,0,3,3,0,0,0,0,0,2,9,18,2.53,17,0,0,0,0,5,0.70,5,0,0,0,0,1,1,1,0,0,0,0.0,5,5,0,1,4,0,247,5,34,4,26.7,11,73.3,165,4,18,5,189,27,20.9,61,0,17,13,9,1.62,14,7,+7,+0.98,+0.65,9.6,7.1,+2.5,+0.35,-0.07,0,7,0,0,0,21,4,28.6
152,Rodolfo Cota,mx MEX,GK,América,37,1987,6,5,495,5.5,0,0,0,0,0,0,0,0,0.0,0.0,0.0,0.0,0,0,0,0.00,0.00,0.00,0.00,0.00,0.00,0.00,0.00,0.00,0.00,Matches,0,0,,0.00,0.00,,,,0,,0.0,0.0,171,201,85.1,3907,2555,29,29,100.0,106,109,97.2,31,58,53.4,0.0,0.0,0,0,0,0,165,36,0,0,0,0,0,0,0,0,0,0,1,0.18,1,0,0,0,0,0,0.00,0,0,0,0,0,1,1,1,0,0,1,100.0,0,0,0,1,2,0,216,191,0,0,,0,,136,0,1,0,124,83,16.2,90,5,1,45,28,1.33,6,4,+2,+0.36,-0.62,9.8,4.1,+5.7,+1.04,+0.22,0,0,0,0,0,15,1,100.0
484,Rodolfo Pizarro,mx MEX,"MF,FW",Mazatlán,30,1994,23,16,1548,17.2,0,0,0,0,0,0,2,0,0.8,0.8,1.2,2.0,47,82,109,0.00,0.00,0.00,0.00,0.00,0.05,0.07,0.11,0.05,0.11,Matches,12,2,16.7,0.70,0.12,0.00,0.00,16.6,0,0.07,-0.8,-0.8,503,640,78.6,7486,1815,293,325,90.2,174,205,84.9,23,41,56.1,1.7,-1.2,20,56,24,3,608,28,3,1,36,18,0,0,0,0,4,44,44,2.56,38,0,2,3,1,3,0.17,3,0,0,0,0,29,19,5,13,11,8,36.4,14,12,4,33,8,0,824,2,31,21,51.2,20,48.8,556,3,49,55,654,67,50.6,77,6,7,44,2,0.78,8,21,-13,-0.76,-0.40,14.1,21.9,-7.8,-0.45,-0.45,0,38,0,0,0,66,11,30.6
13,Rodrigo Aguirre,uy URU,"FW,MF",América,29,1994,19,8,881,9.8,8,1,9,8,0,0,7,0,4.3,4.3,0.6,4.9,15,16,51,0.82,0.10,0.92,0.82,0.92,0.44,0.06,0.50,0.44,0.50,Matches,35,19,54.3,3.58,1.94,0.23,0.42,14.7,0,0.12,+3.7,+3.7,123,185,66.5,1890,360,54,74,73.0,51,75,68.0,7,13,53.8,0.5,+0.4,7,14,6,0,170,13,0,1,6,1,0,0,0,0,2,7,19,1.94,13,0,4,1,0,4,0.41,3,0,1,0,0,21,14,7,9,5,7,46.7,8,10,2,23,7,0,338,9,50,10,40.0,14,56.0,192,8,40,20,229,46,28.8,76,2,11,25,2,1.84,18,11,+7,+0.72,-0.23,13.3,9.0,+4.3,+0.44,-0.60,0,26,0,0,0,27,28,56.0
90,Rodrigo Bogarín,py PAR,"MF,FW",Querétaro,27,1997,14,8,711,7.9,1,0,1,1,0,0,3,1,0.3,0.3,0.6,0.9,6,17,7,0.13,0.00,0.13,0.13,0.13,0.04,0.08,0.12,0.04,0.12,Matches,7,2,28.6,0.89,0.25,0.14,0.50,26.1,0,0.04,+0.7,+0.7,199,265,75.1,3546,1090,93,116,80.2,78,93,83.9,23,46,50.0,0.3,-0.6,8,21,1,1,246,19,0,1,7,1,6,2,2,0,0,5,14,1.77,11,2,0,0,1,1,0.13,1,0,0,0,0,13,5,5,7,1,2,18.2,9,4,11,24,13,0,342,22,3,4,57.1,3,42.9,161,0,8,5,209,51,23.2,72,2,6,23,1,1.43,9,5,+4,+0.51,+1.62,6.1,9.1,-3.0,-0.38,+0.51,1,10,0,0,0,21,6,66.7
184,Rodrigo Dourado,br BRA,MF,Atlético,30,1994,33,33,2945,32.7,4,0,4,4,0,0,9,0,1.6,1.6,1.1,2.6,27,155,30,0.12,0.00,0.12,0.12,0.12,0.05,0.03,0.08,0.05,0.08,Matches,23,9,39.1,0.70,0.28,0.17,0.44,13.0,0,0.07,+2.4,+2.4,1457,1660,87.8,25985,8553,610,670,91.0,645,706,91.4,151,202,74.8,1.8,-1.1,20,144,8,0,1530,125,0,15,9,14,0,0,0,0,5,18,51,1.56,43,0,2,0,3,2,0.06,1,0,0,0,0,81,53,34,35,12,37,46.3,43,34,48,129,61,0,1993,104,45,10,47.6,11,52.4,979,3,32,15,1247,89,96.2,89,32,0,,0,1.46,46,51,-5,-0.15,-0.15,35.7,46.1,-10.5,-0.32,-0.33,0,65,0,1,0,165,39,50.6
191,Rodrigo Echeverría,cl CHI,"MF,FW",León,29,1995,15,14,1248,13.9,3,0,3,3,0,0,6,0,1.2,1.2,0.6,1.9,9,44,21,0.22,0.00,0.22,0.22,0.22,0.09,0.04,0.13,0.09,0.13,Matches,10,3,30.0,0.72,0.22,0.30,1.00,12.4,0,0.12,+1.8,+1.8,576,656,87.8,10815,3453,243,269,90.3,240,253,94.9,81,105,77.1,0.6,-0.6,10,47,5,1,633,23,1,8,2,12,0,0,0,0,0,11,19,1.37,17,0,0,0,2,2,0.14,2,0,0,0,0,32,25,18,12,2,16,50.0,16,15,17,49,23,1,786,34,13,6,60.0,4,40.0,410,0,15,5,522,83,40.8,88,12,1,11,0,1.59,20,18,+2,+0.14,+0.19,16.5,17.3,-0.8,-0.06,+0.16,0,19,0,0,0,68,19,65.5
316,Rodrigo Huescas,mx MEX,DF,Cruz Azul,20,2003,1,1,90,1.0,0,0,0,0,0,0,0,0,0.1,0.1,0.0,0.1,1,5,8,0.00,0.00,0.00,0.00,0.00,0.05,0.00,0.05,0.05,0.05,Matches,2,1,50.0,2.00,1.00,0.00,0.00,21.8,0,0.03,-0.1,-0.1,39,43,90.7,578,180,24,24,100.0,14,17,82.4,1,1,100.0,0.0,0.0,0,6,0,0,37,6,0,0,2,6,0,0,0,0,0,1,3,3.00,2,1,0,0,0,0,0.00,0,0,0,0,0,2,1,0,0,2,0,,0,0,0,2,1,0,50,2,1,0,,0,,23,0,1,1,34,90,2.9,90,1,0,,0,3.00,1,0,+1,+1.00,-0.09,2.0,0.6,+1.4,+1.36,+0.67,0,0,0,0,0,7,1,100.0
364,Rodrigo López,mx MEX,"MF,DF",UNAM,22,2001,23,10,1006,11.2,2,2,4,2,0,0,1,0,1.7,1.7,2.2,3.9,32,35,101,0.18,0.18,0.36,0.18,0.36,0.15,0.20,0.35,0.15,0.35,Matches,20,8,40.0,1.79,0.72,0.10,0.25,25.5,1,0.08,+0.3,+0.3,390,549,71.0,7091,1972,179,195,91.8,144,190,75.8,52,126,41.3,1.7,-0.2,22,30,12,6,470,77,1,12,97,23,39,14,16,1,2,16,47,4.21,25,14,4,3,0,3,0.27,0,2,1,0,0,16,13,5,6,5,7,63.6,4,7,5,21,11,0,674,4,22,21,48.8,21,48.8,418,7,31,18,462,44,32.9,69,1,13,24,5,1.42,13,14,-1,-0.09,-0.35,14.4,11.8,+2.5,+0.23,-0.23,0,12,0,0,0,52,3,15.8
459,Rodrigo Pachuca,mx MEX,DF,Puebla,19,2005,26,18,1521,16.9,0,0,0,0,0,0,3,0,0.2,0.2,0.0,0.3,2,27,5,0.00,0.00,0.00,0.00,0.00,0.01,0.00,0.02,0.01,0.02,Matches,6,1,16.7,0.36,0.06,0.00,0.00,20.2,0,0.04,-0.2,-0.2,373,502,74.3,7209,2873,148,170,87.1,175,217,80.6,47,100,47.0,0.1,0.0,2,23,1,0,469,33,0,15,3,18,0,0,0,0,0,7,11,0.65,9,1,0,0,1,1,0.06,1,0,0,0,0,39,26,27,11,1,26,81.3,6,7,23,62,87,1,722,92,5,8,57.1,6,42.9,304,0,13,11,339,59,49.7,77,10,8,17,4,0.73,13,25,-12,-0.71,+0.17,14.4,20.6,-6.2,-0.37,+0.10,0,21,0,1,0,52,31,66.0
150,Rogelio Cortéz Pineda,mx MEX,"FW,MF",Necaxa,20,2004,7,0,171,1.9,1,0,1,1,0,0,0,0,1.2,1.2,0.2,1.4,4,10,8,0.53,0.00,0.53,0.53,0.53,0.62,0.12,0.74,0.62,0.74,Matches,7,2,28.6,3.68,1.05,0.14,0.50,19.2,0,0.17,-0.2,-0.2,76,103,73.8,1109,346,39,44,88.6,25,31,80.6,4,14,28.6,0.3,-0.2,6,6,1,0,95,6,0,3,5,1,4,4,0,0,2,3,11,5.79,8,1,0,1,1,1,0.53,0,0,0,1,0,3,3,0,2,1,0,0.0,3,5,0,3,1,0,130,0,6,3,50.0,3,50.0,68,0,7,1,82,24,5.6,,0,7,24,8,0.50,5,5,0,0.00,-0.03,4.1,3.4,+0.7,+0.36,+0.48,0,1,0,0,0,14,1,100.0
,Rogelio Espinoza,,,,,,,,,,,,,,,,,,,,,,,,,,,,,,,,,,,,,,,,,,,,,,,,,,,,,,,,,,,,,,,,,,,,,,,,,,,,,,,,,,,,,,,,,,,,,,,,,,,,,,,,,,,,,,,,,,,,,,,,,,0,0,,1,,,,,,,,,,,,,,,,,,,
231,Rogelio Funes Mori,mx MEX,FW,UNAM,33,1991,29,12,1201,13.3,1,2,3,1,0,0,5,0,4.7,4.7,0.8,5.5,14,25,82,0.07,0.15,0.22,0.07,0.22,0.35,0.06,0.41,0.35,0.41,Matches,29,4,13.8,2.17,0.30,0.03,0.25,15.3,0,0.16,-3.7,-3.7,223,292,76.4,3566,522,114,143,79.7,77,97,79.4,22,30,73.3,0.6,+1.2,13,20,4,0,271,20,1,1,3,1,0,0,0,0,1,8,32,2.40,23,0,1,3,0,6,0.45,3,0,0,1,0,3,1,1,2,0,1,50.0,1,5,2,5,9,0,405,8,49,4,36.4,7,63.6,247,8,37,18,321,41,39.2,66,0,17,24,4,1.34,18,16,+2,+0.15,0.00,18.5,12.3,+6.2,+0.46,+0.13,0,27,1,0,0,27,30,44.8
541,Romulo,br BRA,"DF,MF",UANL,24,2000,8,6,574,6.4,0,1,1,0,0,0,0,0,0.1,0.1,0.2,0.3,2,22,3,0.00,0.16,0.16,0.00,0.16,0.02,0.03,0.05,0.02,0.05,Matches,2,0,0.0,0.31,0.00,0.00,,19.6,0,0.05,-0.1,-0.1,279,312,89.4,5157,1926,111,118,94.1,141,152,92.8,24,32,75.0,0.1,+0.8,4,24,0,0,304,8,0,4,0,0,0,0,0,0,0,5,6,0.94,6,0,0,0,0,1,0.16,1,0,0,0,0,15,10,7,7,1,8,100.0,0,4,9,24,17,0,379,19,3,0,0.0,2,100.0,198,0,5,2,261,72,18.8,89,4,2,20,1,1.67,6,5,+1,+0.16,-0.53,7.0,7.9,-0.9,-0.15,-0.66,0,7,0,1,0,13,9,47.4
,Román Almanza,,,,,,,,,,,,,,,,,,,,,,,,,,,,,,,,,,,,,,,,,,,,,,,,,,,,,,,,,,,,,,,,,,,,,,,,,,,,,,,,,,,,,,,,,,,,,,,,,,,,,,,,,,,,,,,,,,,,,,,,,,0,0,,1,,,,,,,,,,,,,,,,,,,
597,Román Torres,mx MEX,"DF,MF",Atlético,19,2004,12,12,1056,11.7,1,2,3,1,0,0,1,0,0.7,0.7,1.0,1.7,23,39,66,0.09,0.17,0.26,0.09,0.26,0.06,0.09,0.14,0.06,0.14,Matches,7,3,42.9,0.60,0.26,0.14,0.33,16.4,0,0.10,+0.3,+0.3,473,636,74.4,7682,2898,258,289,89.3,171,229,74.7,37,85,43.5,1.1,+1.0,10,38,7,5,522,112,0,4,38,110,0,0,0,0,2,21,22,1.87,20,1,0,0,0,3,0.26,3,0,0,0,0,19,13,12,5,2,13,68.4,6,12,7,26,25,0,747,24,19,9,52.9,8,47.1,384,5,16,4,473,88,34.5,88,10,0,,1,1.25,14,19,-5,-0.43,-0.43,11.1,18.1,-7.0,-0.60,-0.44,0,11,0,0,0,33,8,47.1
598,Román Torres,mx MEX,"DF,FW",Necaxa,19,2004,1,0,6,0.1,0,0,0,0,0,0,0,0,0.0,0.0,0.0,0.0,0,0,0,0.00,0.00,0.00,0.00,0.00,0.00,0.00,0.00,0.00,0.00,Matches,7,3,42.9,0.60,0.26,0.14,0.33,16.4,0,0.10,+0.3,+0.3,473,636,74.4,7682,2898,258,289,89.3,171,229,74.7,37,85,43.5,1.1,+1.0,10,38,7,5,522,112,0,4,38,110,0,0,0,0,2,21,22,1.87,20,1,0,0,0,3,0.26,3,0,0,0,0,19,13,12,5,2,13,68.4,6,12,7,26,25,0,747,24,19,9,52.9,8,47.1,384,5,16,4,473,88,34.5,88,10,0,,1,1.25,14,19,-5,-0.43,-0.43,11.1,18.1,-7.0,-0.60,-0.44,0,11,0,0,0,33,8,47.1
140,Ronaldo Cisneros,mx MEX,FW,Querétaro,27,1997,18,8,734,8.2,2,0,2,2,0,0,0,0,1.9,1.9,0.3,2.2,4,5,33,0.25,0.00,0.25,0.25,0.25,0.23,0.04,0.27,0.23,0.27,Matches,19,6,31.6,2.33,0.74,0.11,0.33,16.7,0,0.10,+0.1,+0.1,93,130,71.5,1361,166,48,64,75.0,37,43,86.0,2,6,33.3,0.6,-0.3,5,3,1,1,109,19,0,0,6,1,0,0,0,0,2,4,9,1.10,8,0,1,0,0,0,0.00,0,0,0,0,0,8,3,2,4,2,4,66.7,2,2,6,14,7,0,213,8,32,3,42.9,4,57.1,115,2,21,9,137,41,24.0,58,0,10,27,6,0.94,10,14,-4,-0.49,+0.32,7.9,11.2,-3.3,-0.41,+0.48,0,2,0,0,0,17,11,26.2
,Ronaldo Dimas,,,,,,,,,,,,,,,,,,,,,,,,,,,,,,,,,,,,,,,,,,,,,,,,,,,,,,,,,,,,,,,,,,,,,,,,,,,,,,,,,,,,,,,,,,,,,,,,,,,,,,,,,,,,,,,,,,,,,,,,,,0,0,,11,,,,,,,,,,,,,,,,,,,
491,Ronaldo Prieto,mx MEX,DF,Santos,27,1997,4,2,209,2.3,0,0,0,0,0,0,1,0,0.1,0.1,0.1,0.3,3,5,1,0.00,0.00,0.00,0.00,0.00,0.05,0.06,0.11,0.05,0.11,Matches,2,0,0.0,0.86,0.00,0.00,,9.4,0,0.05,-0.1,-0.1,65,97,67.0,1425,691,23,23,100.0,30,37,81.1,12,33,36.4,0.2,-0.1,1,7,0,0,73,24,0,3,4,14,2,0,2,0,0,2,2,0.86,0,1,0,1,0,0,0.00,0,0,0,0,0,9,9,8,1,0,7,77.8,2,1,2,11,6,0,120,10,3,0,,0,,67,0,1,0,64,52,6.8,66,0,2,39,9,0.00,0,5,-5,-2.15,-1.08,1.4,3.0,-1.6,-0.68,+0.13,0,3,0,0,0,4,4,57.1
551,Ronaldo Rubio,mx MEX,MF,Santos,20,2004,1,0,17,0.2,0,0,0,0,0,0,0,0,0.1,0.1,0.0,0.1,0,0,1,0.00,0.00,0.00,0.00,0.00,0.64,0.00,0.64,0.64,0.64,Matches,2,0,0.0,10.59,0.00,0.00,,15.7,0,0.06,-0.1,-0.1,4,6,66.7,55,6,3,4,75.0,1,1,100.0,0,0,,0.0,0.0,0,0,0,0,5,0,0,0,0,0,0,0,0,0,1,1,2,10.59,1,0,0,0,0,0,0.00,0,0,0,0,0,0,0,0,0,0,0,,0,1,0,0,0,0,11,0,3,0,0.0,1,100.0,3,0,1,0,5,17,0.6,,0,1,17,2,3.00,2,0,+2,+10.59,+11.80,0.9,0.1,+0.8,+4.16,+4.99,0,0,0,0,0,1,0,0.0
548,Rubio Rubin,gt GUA,"FW,MF",Querétaro,28,1996,10,4,423,4.7,3,0,3,3,0,0,0,0,1.7,1.7,0.2,1.9,4,3,20,0.64,0.00,0.64,0.64,0.64,0.36,0.04,0.40,0.36,0.40,Matches,7,4,57.1,1.49,0.85,0.43,0.75,10.4,0,0.24,+1.3,+1.3,60,81,74.1,896,131,26,34,76.5,21,23,91.3,5,8,62.5,0.3,-0.2,3,8,2,2,79,2,0,0,4,0,0,0,0,0,0,6,8,1.70,7,0,0,0,0,1,0.21,1,0,0,0,0,0,0,0,0,0,0,0.0,2,1,2,2,3,0,114,2,16,0,0.0,2,100.0,69,0,9,5,88,42,13.8,65,1,6,27,4,0.60,6,9,-3,-0.64,+0.11,4.7,8.4,-3.7,-0.79,-0.02,0,2,0,0,0,8,11,42.3
187,Rubén Duarte,es ESP,DF,UNAM,28,1995,27,25,2291,25.5,0,1,1,0,0,0,5,0,0.3,0.3,1.5,1.9,26,142,13,0.00,0.04,0.04,0.00,0.04,0.01,0.06,0.07,0.01,0.07,Matches,8,2,25.0,0.31,0.08,0.00,0.00,26.4,0,0.04,-0.3,-0.3,1254,1482,84.6,24025,9785,461,497,92.8,626,689,90.9,145,247,58.7,1.4,-0.5,12,143,16,8,1294,182,1,24,34,106,0,0,0,0,6,11,38,1.49,29,6,0,0,1,4,0.16,3,0,0,0,0,54,29,26,23,5,27,69.2,12,20,36,90,82,1,1722,107,10,3,60.0,1,20.0,853,1,10,2,978,85,74.9,89,22,2,37,1,1.32,30,32,-2,-0.08,-0.90,35.6,25.3,+10.3,+0.40,+0.09,0,23,0,0,0,130,40,67.8
257,Said Godínez,mx MEX,MF,Mazatlán,19,2004,4,3,206,2.3,0,0,0,0,0,0,0,0,0.2,0.2,0.0,0.2,4,7,5,0.00,0.00,0.00,0.00,0.00,0.07,0.00,0.07,0.07,0.07,Matches,3,1,33.3,1.31,0.44,0.00,0.00,19.9,0,0.05,-0.2,-0.2,58,74,78.4,1021,344,27,33,81.8,27,32,84.4,3,5,60.0,0.0,0.0,0,9,1,0,71,3,0,1,1,0,0,0,0,0,0,1,1,0.44,1,0,0,0,0,0,0.00,0,0,0,0,0,3,3,1,2,0,3,50.0,3,0,4,7,1,0,97,3,2,0,0.0,1,100.0,60,0,2,1,71,52,6.7,62,0,1,20,11,1.00,4,6,-2,-0.87,-0.34,1.9,4.7,-2.8,-1.22,-1.06,0,3,0,0,0,12,1,100.0
542,Salomón Rondón,ve VEN,FW,Pachuca,34,1989,30,26,2394,26.6,14,5,19,13,1,1,3,1,13.9,13.1,4.6,17.7,31,79,129,0.53,0.19,0.71,0.49,0.68,0.52,0.17,0.70,0.49,0.67,Matches,92,33,35.9,3.46,1.24,0.14,0.39,15.9,4,0.14,+0.1,-0.1,436,613,71.1,6563,1530,243,314,77.4,148,194,76.3,23,41,56.1,2.0,+0.4,29,35,26,0,542,60,4,2,9,3,1,0,0,0,11,26,63,2.37,46,0,2,5,1,8,0.30,7,0,0,0,0,9,6,2,6,1,2,18.2,9,19,6,15,22,0,917,22,120,25,43.9,32,56.1,525,11,60,40,659,80,78.2,87,22,4,33,0,1.21,45,45,0,0.00,+0.41,37.4,29.3,+8.2,+0.31,+0.25,0,30,0,0,0,82,45,56.3
385,Salvador Mariscal,mx MEX,MF,Santos,21,2003,25,15,1444,16.0,0,0,0,0,0,0,3,0,0.7,0.7,0.1,0.8,2,51,3,0.00,0.00,0.00,0.00,0.00,0.04,0.01,0.05,0.04,0.05,Matches,8,1,12.5,0.50,0.06,0.00,0.00,10.1,0,0.08,-0.7,-0.7,677,762,88.8,11702,4040,319,345,92.5,292,316,92.4,54,80,67.5,0.2,-0.1,4,49,2,0,730,31,1,8,0,0,0,0,0,0,1,3,16,1.00,13,0,1,0,0,0,0.00,0,0,0,0,0,32,25,22,10,0,11,55.0,9,16,21,53,35,0,920,67,12,2,28.6,5,71.4,500,0,10,0,607,58,47.2,83,11,10,19,9,0.40,10,29,-19,-1.18,-0.07,15.3,28.4,-13.1,-0.82,-0.04,0,19,0,0,0,69,20,62.5
508,Salvador Reyes,mx MEX,DF,León,26,1998,34,32,2852,31.7,1,1,2,1,0,0,4,0,0.7,0.7,1.9,2.6,76,98,121,0.03,0.03,0.06,0.03,0.06,0.02,0.06,0.08,0.02,0.08,Matches,13,4,30.8,0.41,0.13,0.08,0.25,17.5,0,0.05,+0.3,+0.3,1101,1425,77.3,18882,7005,513,560,91.6,467,587,79.6,94,212,44.3,1.7,-0.9,20,91,23,16,1135,284,0,5,110,260,3,2,1,0,6,29,41,1.29,32,4,1,2,0,5,0.16,3,1,0,1,0,54,36,34,14,6,31,48.4,33,36,27,81,86,0,1740,79,30,12,33.3,24,66.7,848,14,31,11,972,84,93.2,89,28,2,6,0,1.33,41,40,+1,+0.03,+0.03,37.2,41.5,-4.3,-0.14,+0.18,0,34,0,1,0,91,22,50.0
534,Salvador Rodríguez,mx MEX,"DF,FW",Mazatlán,22,2001,14,5,525,5.8,1,0,1,1,0,0,2,0,0.4,0.4,0.0,0.4,9,19,24,0.17,0.00,0.17,0.17,0.17,0.06,0.00,0.07,0.06,0.07,Matches,2,1,50.0,0.34,0.17,0.50,1.00,10.5,0,0.18,+0.6,+0.6,161,228,70.6,2622,858,80,93,86.0,68,87,78.2,9,26,34.6,0.1,0.0,1,15,2,0,195,32,0,0,9,29,1,0,0,0,1,10,1,0.17,1,0,0,0,0,0,0.00,0,0,0,0,0,12,5,7,5,0,8,57.1,6,7,7,19,22,0,297,24,7,3,60.0,2,40.0,142,1,5,4,165,38,17.2,73,2,9,18,14,0.79,6,14,-8,-1.37,-0.98,5.9,12.1,-6.2,-1.06,-1.00,0,6,0,0,0,17,7,63.6
1,Saminu Abdullahi,ng NGA,MF,FC Juárez,23,2001,3,0,48,0.5,0,1,1,0,0,0,1,0,0.0,0.0,0.1,0.1,1,4,4,0.00,1.87,1.87,0.00,1.87,0.00,0.18,0.18,0.00,0.18,Matches,0,0,,0.00,0.00,,,,0,,0.0,0.0,11,17,64.7,167,44,6,8,75.0,5,8,62.5,0,0,,0.0,+0.9,1,1,0,0,16,0,0,0,0,0,0,0,0,0,1,0,0,0.00,0,0,0,0,0,0,0.00,0,0,0,0,0,1,1,1,0,0,0,0.0,1,0,1,2,1,0,23,3,0,0,,0,,15,0,1,1,16,16,1.6,,0,3,16,8,2.00,1,2,-1,-1.87,-1.34,0.3,1.0,-0.7,-1.33,-0.82,0,3,0,0,0,2,0,0.0
572,Samir Santos,br BRA,DF,Mazatlán,29,1994,10,6,516,5.7,0,0,0,0,0,0,4,0,0.2,0.2,0.1,0.4,4,9,2,0.00,0.00,0.00,0.00,0.00,0.04,0.02,0.06,0.04,0.06,Matches,4,0,0.0,0.70,0.00,0.00,,10.5,0,0.06,-0.2,-0.2,195,217,89.9,3626,1218,67,69,97.1,118,131,90.1,10,13,76.9,0.0,-0.1,2,6,0,0,190,24,1,0,0,8,0,0,0,0,3,0,7,1.22,6,0,0,0,0,2,0.35,2,0,0,0,0,9,7,8,1,0,3,75.0,1,3,10,19,33,0,298,54,5,2,66.7,1,33.3,140,0,5,1,157,,,,0,0,,5,,,,,,,,,,,,0,7,0,0,0,22,20,74.1
,Samuel Espinosa,,,,,,,,,,,,,,,,,,,,,,,,,,,,,,,,,,,,,,,,,,,,,,,,,,,,,,,,,,,,,,,,,,,,,,,,,,,,,,,,,,,,,,,,,,,,,,,,,,,,,,,,,,,,,,,,,,,,,,,,,,0,0,,1,,,,,,,,,,,,,,,,,,,
,Samuel González,,,,,,,,,,,,,,,,,,,,,,,,,,,,,,,,,,,,,,,,,,,,,,,,,,,,,,,,,,,,,,,,,,,,,,,,,,,,,,,,,,,,,,,,,,,,,,,,,,,,,,,,,,,,,,,,,,,,,,,,,,0,0,,2,,,,,,,,,,,,,,,,,,,
585,Samuel Sosa,ve VEN,FW,Querétaro,24,1999,13,7,638,7.1,1,1,2,1,0,0,4,0,1.5,1.5,0.9,2.5,6,10,24,0.14,0.14,0.28,0.14,0.28,0.22,0.13,0.35,0.22,0.35,Matches,13,5,38.5,1.83,0.71,0.08,0.20,18.5,1,0.12,-0.5,-0.5,90,128,70.3,1524,373,46,56,82.1,33,39,84.6,9,19,47.4,0.6,+0.1,10,8,4,2,99,28,0,4,14,5,6,1,5,0,1,5,16,2.26,8,4,2,2,0,1,0.14,1,0,0,0,0,3,1,0,0,3,2,50.0,2,0,1,4,3,0,189,0,26,11,64.7,6,35.3,112,5,24,14,132,49,20.8,67,1,6,29,0,0.62,5,13,-8,-1.13,-0.50,5.1,12.7,-7.6,-1.07,-0.38,0,11,0,0,0,10,3,18.8
314,Santiago Homenchenko,uy URU,MF,Pachuca,20,2003,10,6,467,5.2,1,0,1,1,0,0,3,0,0.7,0.7,0.1,0.8,3,41,6,0.19,0.00,0.19,0.19,0.19,0.13,0.02,0.15,0.13,0.15,Matches,13,5,38.5,2.51,0.96,0.08,0.20,24.6,1,0.05,+0.3,+0.3,291,353,82.4,6179,2122,108,126,85.7,129,141,91.5,51,76,67.1,0.2,-0.1,3,44,0,0,330,21,0,19,1,3,0,0,0,0,2,5,11,2.12,10,0,0,0,0,1,0.19,1,0,0,0,0,18,11,3,11,4,6,37.5,10,4,6,24,9,0,419,11,4,2,40.0,3,60.0,236,0,8,5,276,47,15.3,63,0,4,22,1,1.62,13,10,+3,+0.58,+0.79,8.6,4.9,+3.7,+0.71,+0.54,0,13,0,0,0,37,7,43.8
365,Santiago López,ca CAN,"MF,FW",UNAM,19,2005,6,1,121,1.3,0,0,0,0,0,0,1,0,0.0,0.0,0.0,0.0,2,0,6,0.00,0.00,0.00,0.00,0.00,0.00,0.01,0.01,0.00,0.01,Matches,0,0,,0.00,0.00,,,,0,,0.0,0.0,14,20,70.0,217,9,11,14,78.6,1,1,100.0,2,5,40.0,0.0,0.0,1,0,0,0,20,0,0,1,2,0,0,0,0,0,0,0,1,0.74,1,0,0,0,0,0,0.00,0,0,0,0,0,2,1,1,0,1,2,50.0,2,0,0,2,1,0,31,0,3,1,25.0,3,75.0,15,1,4,1,20,20,4.0,60,0,5,12,7,0.50,1,5,-4,-2.98,-3.25,1.3,1.4,-0.2,-0.11,-0.51,0,3,0,0,0,2,0,0.0
428,Santiago Muñóz,mx MEX,"FW,MF",Santos,21,2002,27,13,1227,13.6,2,1,3,1,1,1,1,0,4.1,3.3,0.8,4.1,19,35,53,0.15,0.07,0.22,0.07,0.15,0.30,0.06,0.36,0.24,0.30,Matches,26,4,15.4,1.91,0.29,0.04,0.25,15.9,0,0.13,-2.1,-2.3,301,349,86.2,4819,853,153,172,89.0,108,118,91.5,26,34,76.5,0.7,+0.2,12,22,9,1,327,21,1,2,5,4,0,0,0,0,1,4,33,2.42,25,0,1,5,0,1,0.07,1,0,0,0,0,8,5,2,5,1,4,40.0,6,3,2,10,5,0,475,7,35,14,40.0,19,54.3,313,1,31,29,388,45,40.1,69,1,14,24,5,0.63,12,21,-9,-0.66,+0.81,14.0,21.9,-7.9,-0.58,+0.37,0,12,0,0,0,47,9,28.1
434,Santiago Naveda,mx MEX,MF,Santos,23,2001,13,12,949,10.5,0,1,1,0,0,0,3,0,0.8,0.8,0.4,1.2,7,33,10,0.00,0.09,0.09,0.00,0.09,0.08,0.04,0.11,0.08,0.11,Matches,9,1,11.1,0.85,0.09,0.00,0.00,17.1,0,0.09,-0.8,-0.8,285,327,87.2,4740,1057,139,149,93.3,113,125,90.4,24,35,68.6,0.1,+0.6,5,22,1,0,315,11,1,6,0,2,0,0,0,0,1,6,17,1.61,10,1,0,2,0,1,0.09,1,0,0,0,0,27,13,14,12,1,17,70.8,7,7,10,37,9,0,415,15,7,4,66.7,0,0.0,250,0,10,10,280,73,31.0,78,6,1,12,7,0.69,6,18,-12,-1.14,+0.01,9.5,20.9,-11.4,-1.08,-0.41,0,18,0,0,0,40,11,44.0
438,Santiago Núñez,ar ARG,DF,Santos,24,2000,10,9,791,8.8,0,0,0,0,0,0,3,1,0.5,0.5,0.0,0.5,4,11,1,0.00,0.00,0.00,0.00,0.00,0.06,0.00,0.06,0.06,0.06,Matches,8,1,12.5,0.91,0.11,0.00,0.00,10.8,0,0.07,-0.5,-0.5,357,433,82.4,6986,2685,104,117,88.9,229,255,89.8,22,52,42.3,0.1,0.0,0,8,1,0,414,18,0,1,0,0,0,0,0,0,1,4,8,0.91,5,0,0,0,2,0,0.00,0,0,0,0,0,13,5,11,2,0,5,41.7,7,2,17,30,59,1,554,116,12,0,,0,,262,0,5,0,329,79,25.8,84,7,1,34,0,0.40,5,12,-7,-0.80,+0.47,8.5,14.2,-5.7,-0.65,+0.20,0,11,0,0,0,27,33,68.8
445,Santiago Ormeño,pe PER,FW,Puebla,30,1994,9,5,482,5.4,2,1,3,1,1,1,0,0,1.8,1.0,0.5,1.5,2,6,13,0.37,0.19,0.56,0.19,0.37,0.32,0.10,0.41,0.18,0.27,Matches,9,4,44.4,1.68,0.75,0.11,0.25,19.1,0,0.10,+0.2,0.0,84,111,75.7,1213,140,49,62,79.0,30,33,90.9,3,8,37.5,0.2,+0.5,7,5,1,0,99,12,0,0,0,0,0,0,0,0,0,4,10,1.79,8,0,1,0,0,1,0.18,1,0,0,0,0,0,0,0,0,0,0,0.0,5,1,4,4,3,0,167,4,15,7,87.5,1,12.5,81,0,19,9,106,54,15.8,84,1,4,16,8,0.78,6,6,0,0.00,+0.94,5.2,8.9,-3.7,-0.67,-0.30,0,7,0,0,0,14,17,39.5
599,Santiago Trigos,mx MEX,MF,UNAM,22,2002,20,7,764,8.5,1,2,3,1,0,0,2,0,0.3,0.3,1.0,1.3,8,42,11,0.12,0.24,0.35,0.12,0.35,0.04,0.12,0.15,0.04,0.15,Matches,4,2,50.0,0.47,0.24,0.25,0.50,17.7,0,0.08,+0.7,+0.7,365,424,86.1,6005,2077,177,188,94.1,156,178,87.6,20,34,58.8,0.9,+1.0,6,36,3,3,415,8,1,3,6,3,0,0,0,0,1,5,13,1.53,10,0,1,0,0,3,0.35,3,0,0,0,0,25,15,6,16,3,15,55.6,12,10,5,30,16,0,526,15,4,5,33.3,8,53.3,265,1,11,9,357,38,25.0,81,4,13,15,14,1.35,11,8,+3,+0.35,+0.28,11.9,9.3,+2.5,+0.30,-0.11,0,16,0,0,0,41,7,63.6
,Saul Vallejo,,,,,,,,,,,,,,,,,,,,,,,,,,,,,,,,,,,,,,,,,,,,,,,,,,,,,,,,,,,,,,,,,,,,,,,,,,,,,,,,,,,,,,,,,,,,,,,,,,,,,,,,,,,,,,,,,,,,,,,,,,0,0,,2,,,,,,,,,,,,,,,,,,,
631,Saúl Zamora,mx MEX,DF,Guadalajara,21,2003,1,0,9,0.1,0,0,0,0,0,0,0,0,0.0,0.0,0.0,0.0,0,0,0,0.00,0.00,0.00,0.00,0.00,0.00,0.00,0.00,0.00,0.00,Matches,0,0,,0.00,0.00,,,,0,,0.0,0.0,4,4,100.0,93,0,0,0,,4,4,100.0,0,0,,0.0,0.0,0,0,0,0,4,0,0,0,0,0,0,0,0,0,0,0,0,0.00,0,0,0,0,0,0,0.00,0,0,0,0,0,0,0,0,0,0,0,,0,0,0,0,0,0,4,0,0,0,,0,,3,0,0,0,4,9,0.3,,0,1,9,4,3.00,1,0,+1,+10.00,+9.85,0.2,0.0,+0.1,+1.48,+1.27,0,0,0,0,0,0,0,
573,Sebastian Santos,mx MEX,DF,León,21,2003,20,19,1553,17.3,0,1,1,0,0,0,0,0,0.4,0.4,1.2,1.6,25,31,70,0.00,0.06,0.06,0.00,0.06,0.02,0.07,0.09,0.02,0.09,Matches,6,2,33.3,0.35,0.12,0.00,0.00,18.5,0,0.06,-0.4,-0.4,569,762,74.7,9570,3455,290,340,85.3,205,265,77.4,57,100,57.0,0.9,-0.2,12,29,11,7,597,158,0,3,41,153,0,0,0,0,7,26,20,1.16,19,1,0,0,0,1,0.06,1,0,0,0,0,67,44,38,27,2,35,59.3,24,17,26,93,39,1,983,45,22,12,37.5,20,62.5,438,6,27,17,514,78,50.8,80,9,1,26,5,1.27,23,23,0,0.00,-0.06,18.7,20.3,-1.6,-0.09,+0.12,0,28,0,1,0,75,8,72.7
559,Sebastien Salles-Lamonge,fr FRA,"MF,FW",Atlético,28,1996,34,31,2582,28.7,11,3,14,8,3,4,1,0,7.3,4.2,5.2,9.4,51,155,139,0.38,0.10,0.49,0.28,0.38,0.26,0.18,0.44,0.15,0.33,Matches,52,19,36.5,1.81,0.66,0.15,0.42,25.7,9,0.08,+3.7,+3.8,1260,1539,81.9,22998,6148,574,635,90.4,442,518,85.3,191,291,65.6,5.7,-2.2,56,131,40,11,1409,125,8,22,106,2,83,32,26,1,5,32,116,4.04,77,24,3,3,2,15,0.52,10,0,2,1,1,19,8,5,9,5,8,27.6,21,25,32,51,8,0,1804,24,38,31,60.8,20,39.2,1098,8,57,38,1389,76,84.4,81,8,3,24,0,1.46,42,45,-3,-0.10,+0.27,32.7,39.9,-7.2,-0.25,+0.35,0,36,0,0,0,158,5,38.5
103,Sebastián Cáceres,uy URU,DF,América,24,1999,13,11,822,9.1,0,0,0,0,0,0,0,0,0.4,0.4,0.2,0.6,0,14,1,0.00,0.00,0.00,0.00,0.00,0.04,0.02,0.06,0.04,0.06,Matches,4,1,25.0,0.44,0.11,0.00,0.00,10.0,0,0.09,-0.4,-0.4,416,483,86.1,8069,2856,140,151,92.7,222,239,92.9,43,77,55.8,0.2,-0.2,2,11,0,0,464,18,0,7,1,1,0,0,0,0,1,4,5,0.55,3,0,0,0,0,1,0.11,1,0,0,0,0,25,16,15,9,1,13,81.3,3,4,20,45,51,0,616,58,8,2,50.0,2,50.0,339,0,8,1,370,63,26.9,68,3,2,40,3,1.80,19,9,+10,+1.09,+0.29,16.6,7.2,+9.4,+1.02,+0.22,0,5,0,0,0,37,23,57.5
218,Sebastián Fierro,mx MEX,MF,León,22,2001,8,2,193,2.1,0,0,0,0,0,0,2,0,0.0,0.0,0.0,0.0,0,4,2,0.00,0.00,0.00,0.00,0.00,0.01,0.00,0.01,0.01,0.01,Matches,1,0,0.0,0.47,0.00,0.00,,24.7,0,0.02,0.0,0.0,89,102,87.3,1658,242,36,42,85.7,42,44,95.5,11,13,84.6,0.0,0.0,0,5,0,0,97,4,0,0,0,0,0,0,0,0,1,0,1,0.47,1,0,0,0,0,0,0.00,0,0,0,0,0,4,3,2,2,0,0,0.0,2,2,3,7,7,0,125,9,0,0,0.0,1,100.0,60,0,5,0,83,,,,0,0,,3,,,,,,,,,,,,0,4,0,0,0,6,0,
308,Sebastián Hernández,mx MEX,"MF,FW",Querétaro,20,2004,13,7,585,6.5,0,0,0,0,0,0,4,0,0.5,0.5,0.4,0.9,4,6,21,0.00,0.00,0.00,0.00,0.00,0.08,0.06,0.13,0.08,0.13,Matches,8,3,37.5,1.23,0.46,0.00,0.00,18.4,0,0.06,-0.5,-0.5,118,159,74.2,1888,520,62,72,86.1,42,54,77.8,10,19,52.6,0.4,-0.4,4,9,5,2,142,17,0,0,8,13,0,0,0,0,0,8,11,1.69,7,0,0,2,0,1,0.15,0,0,0,1,0,20,15,14,6,0,11,78.6,3,4,7,27,11,0,243,20,10,6,42.9,7,50.0,129,2,9,6,135,45,19.1,59,0,6,29,8,1.08,4,10,-6,-0.92,-0.23,6.7,10.6,-3.9,-0.60,+0.21,0,13,0,0,0,19,5,31.3
340,Sebastián Jurado,mx MEX,GK,FC Juárez,26,1997,21,21,1890,21.0,0,0,0,0,0,0,3,0,0.0,0.0,0.0,0.0,0,0,0,0.00,0.00,0.00,0.00,0.00,0.00,0.00,0.00,0.00,0.00,Matches,0,0,,0.00,0.00,,,,0,,0.0,0.0,490,700,70.0,12645,8734,111,112,99.1,256,261,98.1,121,323,37.5,0.2,0.0,1,14,0,0,548,150,1,2,0,0,0,0,0,0,2,0,2,0.10,2,0,0,0,0,0,0.00,0,0,0,0,0,1,0,1,0,0,1,50.0,1,0,0,1,9,4,739,584,0,2,66.7,1,33.3,443,0,1,1,380,90,61.8,90,21,0,,0,1.18,22,30,-8,-0.38,+0.47,20.1,27.1,-7.0,-0.33,+0.50,0,1,0,1,0,31,2,100.0
,Sebastián Liceaga,,,,,,,,,,,,,,,,,,,,,,,,,,,,,,,,,,,,,,,,,,,,,,,,,,,,,,,,,,,,,,,,,,,,,,,,,,,,,,,,,,,,,,,,,,,,,,,,,,,,,,,,,,,,,,,,,,,,,,,,,,0,0,,1,,,,,,,,,,,,,,,,,,,
392,Sebastián Martínez,mx MEX,FW,Atlético,21,2003,1,0,2,0.0,0,0,0,0,0,0,0,0,0.0,0.0,0.0,0.0,0,0,0,0.00,0.00,0.00,0.00,0.00,0.00,0.00,0.00,0.00,0.00,Matches,0,0,,0.00,0.00,,,,0,,0.0,0.0,1,2,50.0,32,2,0,0,,0,0,,1,2,50.0,0.0,0.0,0,1,0,0,2,0,0,0,0,0,0,0,0,0,0,0,0,0.00,0,0,0,0,0,0,0.00,0,0,0,0,0,0,0,0,0,0,0,,0,0,0,0,0,0,3,0,0,0,,0,,1,0,0,0,1,2,0.1,,0,1,2,6,3.00,0,0,0,0.00,+0.15,0.0,0.0,0.0,0.00,+0.31,0,0,0,0,0,0,0,
443,Sebastián Olmedo,py PAR,DF,Puebla,23,2001,9,7,558,6.2,0,0,0,0,0,0,3,1,0.0,0.0,0.0,0.0,2,10,0,0.00,0.00,0.00,0.00,0.00,0.00,0.00,0.00,0.00,0.00,Matches,0,0,,0.00,0.00,,,,0,,0.0,0.0,213,247,86.2,4173,1509,58,66,87.9,137,145,94.5,17,32,53.1,0.0,0.0,0,7,1,1,241,6,0,0,2,0,0,0,0,0,0,2,4,0.65,4,0,0,0,0,0,0.00,0,0,0,0,0,7,3,4,3,0,3,37.5,5,4,7,14,27,0,306,44,3,1,50.0,1,50.0,168,0,3,0,190,62,18.2,75,3,2,18,11,1.00,5,9,-4,-0.65,+0.18,5.7,7.7,-2.1,-0.33,+0.10,1,11,0,1,0,21,9,47.4
472,Sebastián Pérez Bouquet,mx MEX,"MF,FW",FC Juárez,21,2003,3,0,33,0.4,0,1,1,0,0,0,0,0,0.0,0.0,0.1,0.1,1,3,3,0.00,2.73,2.73,0.00,2.73,0.00,0.40,0.40,0.00,0.40,Matches,0,0,,0.00,0.00,,,,0,,0.0,0.0,13,14,92.9,253,48,1,1,100.0,12,12,100.0,0,0,,0.1,+0.9,1,3,1,0,12,2,0,0,1,1,0,0,0,0,0,1,1,2.73,1,0,0,0,0,1,2.73,1,0,0,0,0,0,0,0,0,0,0,0.0,1,0,0,0,0,0,17,0,0,0,,0,,14,0,0,1,14,11,1.1,,0,3,11,2,0.00,1,2,-1,-2.73,-2.19,0.6,1.2,-0.6,-1.53,-1.02,0,0,0,0,0,2,0,
473,Sebastián Pérez Bouquet,mx MEX,MF,Atlético,21,2003,1,0,1,0.0,0,0,0,0,0,0,0,0,0.0,0.0,0.0,0.0,0,0,0,0.00,0.00,0.00,0.00,0.00,0.00,0.00,0.00,0.00,0.00,Matches,0,0,,0.00,0.00,,,,0,,0.0,0.0,13,14,92.9,253,48,1,1,100.0,12,12,100.0,0,0,,0.1,+0.9,1,3,1,0,12,2,0,0,1,1,0,0,0,0,0,1,1,2.73,1,0,0,0,0,1,2.73,1,0,0,0,0,0,0,0,0,0,0,0.0,1,0,0,0,0,0,17,0,0,0,,0,,14,0,0,1,14,11,1.1,,0,3,11,2,0.00,1,2,-1,-2.73,-2.19,0.6,1.2,-0.6,-1.53,-1.02,0,0,0,0,0,2,0,
614,Sebastián Vegas,cl CHI,DF,Monterrey,27,1996,10,7,629,7.0,0,1,1,0,0,0,2,1,0.3,0.3,0.7,1.0,8,39,16,0.00,0.14,0.14,0.00,0.14,0.04,0.11,0.14,0.04,0.14,Matches,2,1,50.0,0.29,0.14,0.00,0.00,14.9,0,0.14,-0.3,-0.3,305,380,80.3,5472,2541,121,133,91.0,157,184,85.3,23,54,42.6,0.6,+0.3,6,29,9,5,331,48,0,2,8,40,0,0,0,0,1,3,8,1.14,7,0,0,0,0,1,0.14,1,0,0,0,0,15,13,8,5,2,10,66.7,5,2,15,30,23,0,445,37,1,0,0.0,1,100.0,246,0,3,5,279,63,20.6,78,6,3,28,5,1.71,9,10,-1,-0.14,-0.77,11.4,9.0,+2.3,+0.33,-0.10,0,11,0,0,0,25,6,31.6
618,Sebastián Venegas,mx MEX,MF,UNAM,19,2005,1,0,45,0.5,0,0,0,0,0,0,0,0,0.0,0.0,0.0,0.0,0,0,1,0.00,0.00,0.00,0.00,0.00,0.02,0.00,0.02,0.02,0.02,Matches,1,1,100.0,2.00,2.00,0.00,0.00,33.0,0,0.01,0.0,0.0,8,9,88.9,134,0,4,5,80.0,4,4,100.0,0,0,,0.0,0.0,0,0,0,0,9,0,0,0,0,0,0,0,0,0,0,0,0,0.00,0,0,0,0,0,0,0.00,0,0,0,0,0,2,2,1,0,1,2,100.0,0,0,0,2,1,0,13,1,0,0,,0,,4,0,0,0,8,45,1.5,,0,1,45,4,0.00,0,1,-1,-2.00,-2.18,0.1,0.4,-0.3,-0.59,-0.98,0,1,0,0,0,0,0,
,Sebastián Yanez,,,,,,,,,,,,,,,,,,,,,,,,,,,,,,,,,,,,,,,,,,,,,,,,,,,,,,,,,,,,,,,,,,,,,,,,,,,,,,,,,,,,,,,,,,,,,,,,,,,,,,,,,,,,,,,,,,,,,,,,,,0,0,,1,,,,,,,,,,,,,,,,,,,
8,Sergio Aguayo,us USA,FW,Pachuca,21,2002,6,0,162,1.8,1,0,1,1,0,0,1,0,0.6,0.6,0.5,1.1,2,3,10,0.56,0.00,0.56,0.56,0.56,0.36,0.25,0.61,0.36,0.61,Matches,7,2,28.6,3.89,1.11,0.14,0.50,13.3,0,0.09,+0.4,+0.4,26,38,68.4,346,42,19,23,82.6,4,7,57.1,2,2,100.0,0.0,-0.5,2,2,1,0,38,0,0,0,0,0,0,0,0,0,0,1,4,2.22,3,0,0,1,0,0,0.00,0,0,0,0,0,4,2,0,1,3,0,0.0,2,0,0,4,2,0,65,2,11,0,0.0,3,100.0,38,0,6,4,52,27,5.3,,0,6,27,2,0.83,1,0,+1,+0.56,+0.68,1.8,1.6,+0.1,+0.08,-0.19,0,2,0,0,0,4,6,50.0
75,Sergio Barreto,ar ARG,DF,Pachuca,25,1999,19,19,1635,18.2,0,1,1,0,0,0,6,1,0.4,0.4,0.5,0.9,4,30,0,0.00,0.06,0.06,0.00,0.06,0.02,0.03,0.05,0.02,0.05,Matches,6,0,0.0,0.33,0.00,0.00,,13.9,0,0.07,-0.4,-0.4,668,793,84.2,13189,5210,182,203,89.7,432,478,90.4,49,98,50.0,0.4,+0.5,5,22,2,0,759,32,0,5,0,5,0,0,0,0,2,6,8,0.44,7,1,0,0,0,2,0.11,2,0,0,0,0,27,16,18,7,2,17,60.7,11,7,21,48,99,0,993,102,12,1,50.0,1,50.0,452,0,7,2,556,86,53.4,86,17,0,,1,1.16,26,26,0,0.00,+0.19,23.4,17.8,+5.6,+0.31,+0.12,1,28,0,0,0,49,52,65.0
113,Sergio Canales,es ESP,"MF,FW",Monterrey,33,1991,30,30,2637,29.3,14,8,22,9,5,6,4,0,11.0,6.4,7.2,13.6,91,235,209,0.48,0.27,0.75,0.31,0.58,0.38,0.25,0.62,0.22,0.46,Matches,86,35,40.7,2.94,1.19,0.10,0.26,24.1,12,0.07,+3.0,+2.6,1440,1826,78.9,25300,6848,667,749,89.1,593,691,85.8,149,297,50.2,6.9,+0.8,67,150,63,6,1578,235,12,16,176,38,112,48,41,0,13,34,151,5.15,92,36,9,6,1,16,0.55,10,3,1,0,0,22,13,6,14,2,9,27.3,24,18,11,33,1,0,2120,7,77,29,47.5,31,50.8,1316,15,54,36,1601,88,86.2,88,21,0,,0,1.69,50,35,+15,+0.51,+0.30,47.4,34.0,+13.4,+0.46,+0.37,0,15,0,1,0,119,5,27.8
162,Sergio De los Ríos,mx MEX,"MF,DF",Pachuca,21,2003,5,0,108,1.2,0,0,0,0,0,0,0,0,0.1,0.1,0.1,0.2,5,6,7,0.00,0.00,0.00,0.00,0.00,0.12,0.08,0.20,0.12,0.20,Matches,2,0,0.0,1.67,0.00,0.00,,24.7,0,0.07,-0.1,-0.1,58,69,84.1,887,259,36,40,90.0,16,21,76.2,5,6,83.3,0.1,-0.1,3,7,1,1,67,2,1,0,3,1,1,0,1,0,0,2,6,5.00,3,1,2,0,0,0,0.00,0,0,0,0,0,1,1,0,1,0,0,0.0,1,0,1,2,2,0,86,2,3,3,60.0,2,40.0,55,2,5,2,65,22,3.5,,0,5,22,3,0.80,0,1,-1,-0.83,-0.77,1.3,1.5,-0.2,-0.19,-0.46,0,2,0,0,0,9,3,100.0
309,Sergio Hernández,mx MEX,"MF,FW",Pachuca,21,2002,17,9,713,7.9,2,2,4,2,0,0,2,0,1.2,1.2,1.2,2.3,21,22,64,0.25,0.25,0.50,0.25,0.50,0.15,0.15,0.29,0.15,0.29,Matches,9,4,44.4,1.14,0.50,0.22,0.50,16.6,0,0.13,+0.8,+0.8,151,214,70.6,2338,691,73,91,80.2,58,74,78.4,12,26,46.2,1.7,+0.8,12,18,9,2,194,20,0,0,23,14,6,4,0,0,0,14,18,2.28,12,1,3,0,0,5,0.63,2,0,2,0,0,10,7,1,4,5,3,30.0,7,7,4,14,1,0,333,1,35,14,30.4,32,69.6,201,16,32,14,224,42,23.3,60,0,8,22,8,0.78,9,14,-5,-0.63,-0.71,8.3,11.3,-2.9,-0.37,-0.81,0,12,0,0,0,26,1,14.3
501,Sergio Ramos,es ESP,DF,Monterrey,38,1986,8,8,692,7.7,3,0,3,2,1,1,2,1,1.8,1.1,0.1,1.1,2,34,0,0.39,0.00,0.39,0.26,0.26,0.24,0.01,0.25,0.14,0.15,Matches,16,3,18.8,2.08,0.39,0.13,0.67,12.3,2,0.07,+1.2,+0.9,385,427,90.2,8720,3620,100,106,94.3,207,222,93.2,75,93,80.6,0.1,-0.1,2,37,2,0,389,38,0,21,2,3,0,0,0,0,0,2,7,0.91,2,0,0,1,1,1,0.13,0,0,0,0,0,10,8,6,4,0,6,85.7,1,3,6,16,28,0,502,55,18,0,,0,,300,0,4,1,334,87,22.6,87,5,0,,0,2.38,18,7,+11,+1.43,+1.24,13.2,8.0,+5.2,+0.67,+0.34,0,9,0,0,0,33,14,66.7
437,Shamar Nicholson,jm JAM,FW,Tijuana,27,1997,9,5,423,4.7,1,4,5,1,0,0,1,0,1.4,1.4,0.5,1.9,5,7,28,0.21,0.85,1.06,0.21,1.06,0.29,0.11,0.40,0.29,0.40,Matches,7,2,28.6,1.49,0.43,0.14,0.50,11.4,0,0.19,-0.4,-0.4,65,95,68.4,1019,209,37,48,77.1,22,31,71.0,4,6,66.7,0.2,+3.5,8,3,4,0,79,16,0,1,3,0,0,0,0,0,0,3,12,2.55,10,0,0,2,0,4,0.85,4,0,0,0,0,1,1,1,0,0,0,,0,1,0,1,6,0,138,9,13,0,0.0,2,100.0,66,0,16,6,103,47,13.8,75,2,4,13,3,0.67,8,11,-3,-0.64,-0.50,6.4,9.5,-3.1,-0.66,-0.32,0,3,0,0,0,8,25,73.5
397,Stefan Medina,co COL,DF,Monterrey,32,1992,31,28,2490,27.7,0,1,1,0,0,0,7,0,0.8,0.8,1.4,2.3,26,113,39,0.00,0.04,0.04,0.00,0.04,0.03,0.05,0.08,0.03,0.08,Matches,15,2,13.3,0.54,0.07,0.00,0.00,16.3,0,0.06,-0.8,-0.8,1445,1605,90.0,27804,11319,492,521,94.4,793,849,93.4,145,195,74.4,1.2,-0.4,11,133,10,4,1499,104,0,9,20,37,1,0,0,0,2,14,34,1.23,30,1,1,0,0,7,0.25,6,0,0,0,0,49,31,29,18,2,28,68.3,13,12,42,91,113,1,1892,141,21,8,38.1,12,57.1,1107,4,18,2,1293,80,81.4,87,26,3,20,0,1.78,51,38,+13,+0.47,0.00,47.6,30.9,+16.6,+0.60,+1.04,0,30,0,1,0,92,47,58.0
122,Stephano Carrillo,mx MEX,"FW,MF",Santos,18,2006,12,4,408,4.5,0,0,0,0,0,0,1,0,0.9,0.9,0.1,1.0,10,4,32,0.00,0.00,0.00,0.00,0.00,0.19,0.03,0.22,0.19,0.22,Matches,8,1,12.5,1.76,0.22,0.00,0.00,18.8,0,0.11,-0.9,-0.9,74,102,72.5,1079,82,39,50,78.0,23,28,82.1,5,9,55.6,0.1,-0.1,1,0,1,0,91,11,0,1,2,1,0,0,0,0,0,3,6,1.33,3,0,1,1,0,1,0.22,0,0,0,1,0,2,2,1,1,0,0,0.0,2,1,1,3,1,0,147,2,16,4,40.0,6,60.0,102,7,17,3,114,34,13.3,59,1,8,22,1,0.17,4,11,-7,-1.54,-0.46,7.2,10.1,-2.9,-0.65,+0.17,0,9,1,0,0,9,8,27.6
402,Stiven Mendoza,co COL,"FW,MF",León,32,1992,25,24,2085,23.2,9,1,10,9,0,1,6,1,5.9,5.1,3.7,8.7,80,70,181,0.39,0.04,0.43,0.39,0.43,0.25,0.16,0.41,0.22,0.38,Matches,52,19,36.5,2.24,0.82,0.17,0.47,19.3,0,0.10,+3.1,+3.9,540,714,75.6,8865,1881,271,321,84.4,202,250,80.8,45,76,59.2,3.5,-2.7,34,49,23,8,677,32,4,3,46,16,8,1,2,0,5,31,77,3.32,55,4,6,6,0,8,0.35,4,1,2,0,0,12,7,5,3,4,6,50.0,6,15,2,14,7,0,929,11,79,28,46.7,30,50.0,638,24,59,32,737,83,68.1,86,11,1,24,0,1.22,32,27,+5,+0.22,+0.59,28.5,27.3,+1.2,+0.05,+0.63,0,28,1,0,0,69,3,17.6
330,Tahiel Jiménez,mx MEX,"FW,MF",Santos,18,2006,23,10,966,10.7,1,0,1,1,0,0,4,0,2.2,2.2,0.5,2.7,10,24,38,0.09,0.00,0.09,0.09,0.09,0.20,0.05,0.25,0.20,0.25,Matches,19,3,15.8,1.77,0.28,0.05,0.33,15.6,0,0.12,-1.2,-1.2,153,199,76.9,2286,610,80,105,76.2,59,70,84.3,10,12,83.3,0.4,-0.5,6,16,4,0,172,27,2,0,0,3,0,0,0,0,0,5,16,1.49,11,0,0,2,0,0,0.00,0,0,0,0,0,7,3,2,2,3,3,37.5,5,3,3,10,3,1,316,8,33,5,22.7,16,72.7,199,2,42,15,236,42,31.6,70,1,13,21,9,0.48,5,25,-20,-1.86,-1.05,10.0,20.4,-10.4,-0.97,-0.25,0,17,0,0,1,29,26,48.1
627,Teun Wilke,mx MEX,FW,Guadalajara,22,2002,9,6,537,6.0,2,1,3,2,0,0,3,0,1.5,1.5,0.7,2.2,4,7,28,0.34,0.17,0.50,0.34,0.50,0.26,0.11,0.37,0.26,0.37,Matches,17,6,35.3,2.85,1.01,0.12,0.33,14.2,0,0.09,+0.5,+0.5,63,85,74.1,802,204,42,54,77.8,15,18,83.3,3,5,60.0,0.9,+0.3,8,4,4,2,83,2,0,0,2,0,0,0,0,0,0,3,12,2.01,10,0,0,2,0,1,0.17,1,0,0,0,0,6,2,0,4,2,1,33.3,2,5,0,6,4,0,153,5,33,1,20.0,4,80.0,69,3,11,6,104,60,17.5,76,0,3,28,3,1.44,7,4,+3,+0.50,+0.40,5.4,5.6,-0.2,-0.04,-0.31,0,9,0,0,0,9,17,41.5
625,Tiago Volpi,br BRA,GK,Toluca,33,1990,19,19,1710,19.0,0,0,0,0,0,0,1,0,0.0,0.0,0.2,0.2,0,1,0,0.00,0.00,0.00,0.00,0.00,0.00,0.01,0.01,0.00,0.01,Matches,1,0,0.0,0.05,0.00,0.00,,97.2,0,0.01,0.0,0.0,601,771,78.0,17697,12656,68,68,100.0,315,325,96.9,215,372,57.8,0.0,-0.2,1,13,0,0,568,200,0,8,0,0,0,0,0,0,3,0,8,0.42,6,2,0,0,0,1,0.05,1,0,0,0,0,0,0,0,0,0,0,,0,0,0,0,9,1,826,671,0,0,,0,,456,0,2,0,381,90,55.9,90,19,0,,0,1.86,43,19,+24,+1.26,+0.13,29.2,24.0,+5.2,+0.27,-0.48,0,0,0,0,0,27,1,100.0
66,Tomás Badaloni,ar ARG,FW,Necaxa,24,2000,27,7,930,10.3,4,0,4,4,0,0,2,0,4.9,4.9,0.4,5.2,12,16,66,0.39,0.00,0.39,0.39,0.39,0.47,0.04,0.51,0.47,0.51,Matches,43,17,39.5,4.16,1.65,0.09,0.24,14.5,0,0.11,-0.9,-0.9,147,207,71.0,1914,345,93,121,76.9,35,53,66.0,7,7,100.0,0.3,-0.4,10,9,2,0,190,16,0,1,2,2,0,0,0,0,1,7,24,2.33,16,1,1,2,1,5,0.48,2,1,1,1,0,5,1,1,4,0,1,20.0,4,5,3,8,11,0,341,15,52,5,62.5,3,37.5,165,7,36,26,258,34,30.4,77,4,20,20,2,1.38,21,26,-5,-0.48,-0.74,14.5,18.1,-3.6,-0.35,-0.36,0,20,0,0,0,30,47,51.6
325,Tristhan Jaimes,mx MEX,"MF,FW",Puebla,21,2003,3,0,27,0.3,0,0,0,0,0,0,0,0,0.0,0.0,0.0,0.0,1,1,4,0.00,0.00,0.00,0.00,0.00,0.08,0.00,0.08,0.08,0.08,Matches,1,1,100.0,3.33,3.33,0.00,0.00,31.6,0,0.02,0.0,0.0,7,11,63.6,88,33,4,5,80.0,2,2,100.0,0,1,0.0,0.0,0.0,0,0,1,0,10,1,0,0,1,1,0,0,0,0,0,1,0,0.00,0,0,0,0,0,0,0.00,0,0,0,0,0,3,1,1,1,1,0,0.0,3,0,0,3,1,0,19,1,0,0,0.0,1,100.0,8,0,1,1,8,9,0.9,,0,3,9,12,0.00,1,2,-1,-3.33,-2.56,0.5,0.8,-0.3,-0.92,-0.51,0,1,0,0,0,1,0,0.0
518,Ulises Rivas,mx MEX,"MF,DF",UNAM,28,1996,22,11,923,10.3,1,0,1,1,0,0,2,0,1.0,1.0,0.3,1.3,5,24,23,0.10,0.00,0.10,0.10,0.10,0.10,0.02,0.13,0.10,0.13,Matches,9,3,33.3,0.88,0.29,0.11,0.33,18.4,0,0.11,0.0,0.0,281,349,80.5,4337,1275,141,161,87.6,120,144,83.3,9,28,32.1,0.2,-0.3,3,26,2,0,340,8,0,1,2,4,0,0,0,0,1,2,11,1.07,10,0,0,1,0,3,0.29,3,0,0,0,0,19,14,6,11,2,7,50.0,7,9,15,34,21,0,469,23,9,0,0.0,2,100.0,234,0,14,10,292,42,30.2,72,3,11,12,12,1.73,10,16,-6,-0.59,-1.05,12.6,11.0,+1.7,+0.16,-0.31,0,11,0,0,0,32,5,38.5
87,Unai Bilbao,es ESP,DF,Tijuana,30,1994,30,27,2355,26.2,1,1,2,1,0,0,4,1,0.7,0.7,0.6,1.3,11,82,4,0.04,0.04,0.08,0.04,0.08,0.03,0.02,0.05,0.03,0.05,Matches,14,4,28.6,0.54,0.15,0.07,0.25,15.4,0,0.05,+0.3,+0.3,1543,1752,88.1,30235,12562,501,531,94.4,848,910,93.2,178,277,64.3,0.6,+0.4,6,95,5,0,1592,158,1,20,2,15,0,0,0,0,2,7,15,0.57,14,0,0,0,1,1,0.04,1,0,0,0,0,45,32,27,16,2,17,58.6,12,17,47,92,165,1,2073,318,19,4,80.0,1,20.0,1143,0,9,0,1310,79,77.0,85,23,3,20,2,1.59,44,39,+5,+0.19,+1.72,35.9,41.5,-5.6,-0.21,+0.73,0,19,0,1,0,92,57,62.6
47,Uriel Antuna,mx MEX,"FW,MF",Cruz Azul,26,1997,5,2,231,2.6,0,0,0,0,0,0,0,0,1.2,1.2,0.3,1.5,3,9,33,0.00,0.00,0.00,0.00,0.00,0.48,0.12,0.60,0.48,0.60,Matches,6,4,66.7,2.34,1.56,0.00,0.00,12.7,0,0.21,-1.2,-1.2,60,77,77.9,936,232,32,36,88.9,21,26,80.8,4,7,57.1,0.4,-0.3,5,5,4,2,76,1,1,1,7,0,1,0,0,0,0,3,8,3.12,7,1,0,0,0,0,0.00,0,0,0,0,0,0,0,0,0,0,0,,0,5,0,0,0,0,107,0,13,0,0.0,3,100.0,58,2,11,1,83,46,7.5,80,0,3,24,0,2.60,3,0,+3,+1.17,+0.09,4.6,0.9,+3.7,+1.44,+0.79,0,1,0,0,0,6,0,0.0
48,Uriel Antuna,mx MEX,"FW,MF",UANL,26,1997,26,7,785,8.7,0,3,3,0,0,0,1,0,1.8,1.8,3.1,4.9,28,40,117,0.00,0.34,0.34,0.00,0.34,0.21,0.35,0.56,0.21,0.56,Matches,6,4,66.7,2.34,1.56,0.00,0.00,12.7,0,0.21,-1.2,-1.2,60,77,77.9,936,232,32,36,88.9,21,26,80.8,4,7,57.1,0.4,-0.3,5,5,4,2,76,1,1,1,7,0,1,0,0,0,0,3,8,3.12,7,1,0,0,0,0,0.00,0,0,0,0,0,0,0,0,0,0,0,,0,5,0,0,0,0,107,0,13,0,0.0,3,100.0,58,2,11,1,83,46,7.5,80,0,3,24,0,2.60,3,0,+3,+1.17,+0.09,4.6,0.9,+3.7,+1.44,+0.79,0,1,0,0,0,6,0,0.0
635,Uroš Đurđević,me MNE,FW,Atlas,30,1994,25,18,1663,18.5,12,3,15,8,4,4,3,0,8.0,4.8,2.4,7.2,22,31,110,0.65,0.16,0.81,0.43,0.60,0.43,0.13,0.56,0.26,0.39,Matches,59,18,30.5,3.19,0.97,0.14,0.44,19.0,3,0.08,+4.0,+3.2,207,297,69.7,3333,637,115,148,77.7,68,91,74.7,20,34,58.8,1.0,+0.6,16,9,16,1,249,46,0,3,18,2,0,0,0,0,2,15,38,2.06,24,1,0,6,1,4,0.22,1,0,0,2,0,6,2,1,2,3,3,33.3,6,7,1,7,9,0,499,8,91,10,30.3,23,69.7,294,10,62,23,367,67,54.3,86,12,7,15,0,1.04,24,34,-10,-0.54,-0.35,22.8,22.2,+0.6,+0.03,+0.16,0,20,2,0,0,40,21,47.7
28,Ventura Alvarado,us USA,DF,Mazatlán,31,1992,5,5,392,4.4,0,0,0,0,0,0,0,0,0.0,0.0,0.0,0.0,0,6,0,0.00,0.00,0.00,0.00,0.00,0.00,0.00,0.00,0.00,0.00,Matches,0,0,,0.00,0.00,,,,0,,0.0,0.0,152,173,87.9,2938,1128,49,55,89.1,80,90,88.9,19,24,79.2,0.0,0.0,1,7,1,0,164,9,0,1,0,1,0,0,0,0,0,0,4,0.92,3,0,0,0,1,0,0.00,0,0,0,0,0,3,2,2,1,0,2,66.7,1,0,6,9,13,0,202,27,0,0,,0,,112,1,2,1,124,78,12.8,78,2,0,,6,0.40,3,7,-4,-0.92,-0.41,6.0,5.5,+0.5,+0.11,+0.39,0,1,0,0,0,11,6,75.0
366,Victor Lopez,mx MEX,MF,Querétaro,21,2003,2,0,49,0.5,1,0,1,1,0,0,0,0,0.0,0.0,0.0,0.0,1,5,3,1.84,0.00,1.84,1.84,1.84,0.05,0.00,0.05,0.05,0.05,Matches,1,1,100.0,1.84,1.84,1.00,1.00,31.2,0,0.03,+1.0,+1.0,16,24,66.7,336,113,7,11,63.6,4,7,57.1,4,5,80.0,0.1,0.0,0,3,2,0,21,3,0,0,4,0,3,1,2,0,0,0,0,0.00,0,0,0,0,0,0,0.00,0,0,0,0,0,0,0,0,0,0,0,,0,1,0,0,0,0,34,0,1,0,0.0,6,100.0,21,0,1,3,25,25,1.6,,0,2,25,6,0.00,1,1,0,0.00,+0.75,0.1,1.6,-1.4,-2.60,-1.86,0,0,0,0,0,3,0,0.0
624,Vitinho,br BRA,"FW,MF",Atlético,23,2001,24,19,1690,18.8,6,2,8,6,0,0,4,0,3.5,3.5,2.3,5.7,61,48,121,0.32,0.11,0.43,0.32,0.43,0.18,0.12,0.30,0.18,0.30,Matches,57,23,40.4,3.04,1.22,0.11,0.26,23.4,5,0.06,+2.5,+2.5,469,571,82.1,7983,1327,230,270,85.2,181,204,88.7,45,65,69.2,1.6,-0.3,19,31,16,2,527,44,2,11,26,6,20,7,2,0,0,15,55,2.93,34,5,6,3,1,6,0.32,3,1,1,1,0,11,7,1,3,7,4,30.8,9,16,6,17,3,1,812,3,67,28,36.8,46,60.5,508,31,64,32,608,70,55.2,83,9,5,22,0,1.29,25,32,-7,-0.37,-0.50,17.7,29.4,-11.7,-0.62,-0.70,0,17,1,0,0,69,4,30.8
367,Vladimir Loroña,mx MEX,"DF,FW",Santos,25,1998,4,2,242,2.7,0,0,0,0,0,0,2,0,0.0,0.0,0.0,0.0,1,4,3,0.00,0.00,0.00,0.00,0.00,0.01,0.00,0.01,0.01,0.01,Matches,1,1,100.0,0.37,0.37,0.00,0.00,13.4,0,0.02,0.0,0.0,104,127,81.9,1781,775,50,54,92.6,40,48,83.3,10,15,66.7,0.0,0.0,0,6,0,0,99,28,0,0,2,21,0,0,0,0,0,2,0,0.00,0,0,0,0,0,0,0.00,0,0,0,0,0,7,5,5,2,0,4,57.1,3,5,3,10,14,0,168,20,2,1,100.0,0,0.0,71,0,2,0,87,61,7.9,84,1,2,37,7,0.25,1,8,-7,-2.60,-1.58,1.3,7.0,-5.8,-2.14,-1.46,0,2,0,0,0,9,10,90.9
368,Vladimir Loroña,mx MEX,"DF,MF",UANL,25,1998,3,3,253,2.8,0,0,0,0,0,0,0,0,0.1,0.1,0.0,0.1,7,13,30,0.00,0.00,0.00,0.00,0.00,0.05,0.00,0.05,0.05,0.05,Matches,1,1,100.0,0.37,0.37,0.00,0.00,13.4,0,0.02,0.0,0.0,104,127,81.9,1781,775,50,54,92.6,40,48,83.3,10,15,66.7,0.0,0.0,0,6,0,0,99,28,0,0,2,21,0,0,0,0,0,2,0,0.00,0,0,0,0,0,0,0.00,0,0,0,0,0,7,5,5,2,0,4,57.1,3,5,3,10,14,0,168,20,2,1,100.0,0,0.0,71,0,2,0,87,61,7.9,84,1,2,37,7,0.25,1,8,-7,-2.60,-1.58,1.3,7.0,-5.8,-2.14,-1.46,0,2,0,0,0,9,10,90.9
62,Víctor Arteaga,mx MEX,MF,Toluca,20,2004,21,8,825,9.2,0,1,1,0,0,0,5,1,0.1,0.1,0.2,0.3,5,37,5,0.00,0.11,0.11,0.00,0.11,0.01,0.02,0.04,0.01,0.04,Matches,5,1,20.0,0.55,0.11,0.00,0.00,23.6,0,0.02,-0.1,-0.1,396,447,88.6,7419,2046,154,169,91.1,191,204,93.6,43,57,75.4,0.2,+0.8,7,29,3,1,438,7,0,5,4,2,0,0,0,0,2,5,17,1.85,13,0,2,0,2,0,0.00,0,0,0,0,0,19,11,11,6,2,12,52.2,11,4,15,34,9,1,528,14,3,3,42.9,4,57.1,334,0,15,3,372,39,27.0,75,2,13,18,4,2.24,17,10,+7,+0.76,-0.61,13.9,10.6,+3.3,+0.36,-0.18,1,13,0,0,0,40,4,40.0
70,Víctor Barajas,mx MEX,DF,León,21,2003,1,0,2,0.0,0,0,0,0,0,0,0,1,0.0,0.0,0.0,0.0,2,0,3,0.00,0.00,0.00,0.00,0.00,0.00,0.00,0.00,0.00,0.00,Matches,0,0,,0.00,0.00,,,,0,,0.0,0.0,0,4,0.0,0,0,0,0,,0,1,0.0,0,0,,0.0,0.0,0,0,0,0,4,0,0,0,4,0,0,0,0,0,0,1,0,0.00,0,0,0,0,0,0,0.00,0,0,0,0,0,1,0,0,1,0,1,100.0,0,0,0,1,0,0,5,0,0,1,100.0,0,0.0,3,0,0,0,4,2,0.1,,0,1,2,1,1.00,0,0,0,0.00,-0.03,0.0,0.0,0.0,+1.25,+1.40,0,1,0,0,0,0,0,
159,Víctor Dávila,cl CHI,"FW,MF",América,26,1997,21,14,1154,12.8,8,0,8,7,1,1,1,0,7.3,6.5,1.3,7.9,18,37,78,0.62,0.00,0.62,0.55,0.55,0.57,0.11,0.68,0.51,0.61,Matches,38,16,42.1,2.96,1.25,0.18,0.44,14.6,0,0.17,+0.7,+0.5,326,411,79.3,5120,1060,174,198,87.9,104,125,83.2,30,49,61.2,1.4,-1.3,16,30,9,1,382,25,1,3,24,3,9,4,1,0,4,8,35,2.73,22,3,2,3,1,3,0.23,0,0,0,0,0,15,7,4,9,2,7,87.5,1,3,1,16,9,0,545,10,65,5,45.5,6,54.5,336,5,39,24,441,55,37.7,68,3,7,30,0,1.76,29,8,+21,+1.64,+1.21,23.1,10.0,+13.1,+1.03,+0.26,0,11,0,0,0,35,14,43.8
297,Víctor Guzmán,mx MEX,"FW,MF",Guadalajara,29,1995,17,5,699,7.8,1,1,2,1,0,0,2,0,1.0,1.0,1.9,2.8,16,50,51,0.13,0.13,0.26,0.13,0.26,0.12,0.24,0.37,0.12,0.37,Matches,22,4,18.2,2.83,0.52,0.05,0.25,23.3,4,0.04,0.0,0.0,308,391,78.8,5560,1339,133,146,91.1,137,167,82.0,30,62,48.4,1.1,-0.9,22,40,7,4,340,49,0,10,43,2,25,13,8,0,2,5,38,4.89,26,8,0,1,0,1,0.13,0,0,0,0,0,8,7,3,4,1,5,41.7,7,3,3,11,7,0,476,10,25,4,57.1,3,42.9,276,1,17,6,348,41,22.8,73,1,12,28,5,1.33,13,12,+1,+0.13,-0.06,11.1,10.3,+0.7,+0.09,-0.16,0,7,0,0,0,35,12,46.2
298,Víctor Guzmán,mx MEX,DF,Monterrey,22,2002,21,14,1408,15.6,0,0,0,0,0,0,2,0,0.0,0.0,0.1,0.2,6,66,1,0.00,0.00,0.00,0.00,0.00,0.00,0.01,0.01,0.00,0.01,Matches,22,4,18.2,2.83,0.52,0.05,0.25,23.3,4,0.04,0.0,0.0,308,391,78.8,5560,1339,133,146,91.1,137,167,82.0,30,62,48.4,1.1,-0.9,22,40,7,4,340,49,0,10,43,2,25,13,8,0,2,5,38,4.89,26,8,0,1,0,1,0.13,0,0,0,0,0,8,7,3,4,1,5,41.7,7,3,3,11,7,0,476,10,25,4,57.1,3,42.9,276,1,17,6,348,41,22.8,73,1,12,28,5,1.33,13,12,+1,+0.13,-0.06,11.1,10.3,+0.7,+0.09,-0.16,0,7,0,0,0,35,12,46.2
515,Víctor Ríos,mx MEX,"DF,MF",Atlas,20,2004,25,18,1606,17.8,1,0,1,1,0,0,4,0,1.4,1.4,0.3,1.8,10,45,5,0.06,0.00,0.06,0.06,0.06,0.08,0.02,0.10,0.08,0.10,Matches,10,1,10.0,0.56,0.06,0.10,1.00,11.5,0,0.14,-0.4,-0.4,554,699,79.3,9697,3688,251,288,87.2,241,296,81.4,53,94,56.4,0.2,-0.3,9,41,1,1,605,94,0,5,6,72,1,1,0,0,0,11,18,1.01,11,2,0,1,2,0,0.00,0,0,0,0,0,67,34,25,36,6,28,75.7,9,21,28,95,82,1,943,83,17,2,66.7,1,33.3,380,0,12,3,446,64,52.5,80,11,7,24,3,1.32,23,30,-7,-0.39,-0.02,18.2,17.9,+0.3,+0.02,+0.12,0,38,0,0,0,51,40,58.0
375,Waldo Madrid,mx MEX,FW,Necaxa,20,2003,1,0,27,0.3,0,0,0,0,0,0,0,0,0.0,0.0,0.0,0.0,0,1,2,0.00,0.00,0.00,0.00,0.00,0.00,0.00,0.00,0.00,0.00,Matches,0,0,,0.00,0.00,,,,0,,0.0,0.0,5,11,45.5,72,11,3,3,100.0,2,4,50.0,0,3,0.0,0.0,0.0,0,0,0,0,11,0,0,0,0,0,0,0,0,0,0,0,0,0.00,0,0,0,0,0,0,0.00,0,0,0,0,0,0,0,0,0,0,0,,0,2,0,0,1,0,17,2,1,0,,0,,9,0,1,2,9,27,0.9,,0,1,27,0,1.00,0,0,0,0.00,-0.03,0.1,0.2,-0.1,-0.17,-0.08,0,0,0,0,0,4,2,66.7
488,Walter Portales,us USA,"DF,FW",América,20,2004,2,1,94,1.0,0,0,0,0,0,0,0,0,0.1,0.1,0.5,0.5,5,2,4,0.00,0.00,0.00,0.00,0.00,0.05,0.44,0.49,0.05,0.49,Matches,1,1,100.0,0.96,0.96,0.00,0.00,15.9,0,0.06,-0.1,-0.1,25,30,83.3,404,158,12,12,100.0,9,11,81.8,2,5,40.0,0.3,-0.5,3,1,2,2,20,10,0,0,4,10,0,0,0,0,0,0,4,3.83,3,0,0,1,0,0,0.00,0,0,0,0,0,2,2,2,0,0,2,66.7,1,1,0,2,1,0,38,0,1,0,0.0,2,100.0,18,1,0,0,16,47,3.1,89,0,1,5,0,2.00,1,1,0,0.00,-0.91,2.0,0.6,+1.3,+1.28,+0.43,0,1,0,0,0,4,0,
,Wanderson,,,,,,,,,,,,,,,,,,,,,,,,,,,,,,,,,,,,,,,,,,,,,,,,,,,,,,,,,,,,,,,,,,,,,,,,,,,,,,,,,,,,,,,,,,,,,,,,,,,,,,,,,,,,,,,,,,,,,,,,,,0,0,,1,,,,,,,,,,,,,,,,,,,
174,Willer Ditta,co COL,DF,Cruz Azul,27,1997,33,33,2940,32.7,0,1,1,0,0,0,8,0,1.1,1.1,1.2,2.4,40,160,23,0.00,0.03,0.03,0.00,0.03,0.03,0.04,0.07,0.03,0.07,Matches,16,2,12.5,0.49,0.06,0.00,0.00,18.7,0,0.07,-1.1,-1.1,1854,2117,87.6,35256,11307,677,735,92.1,937,1022,91.7,207,295,70.2,2.0,-0.2,15,142,23,1,2016,99,4,31,5,42,0,0,0,0,2,11,44,1.35,39,1,1,0,1,3,0.09,3,0,0,0,0,52,27,20,27,5,24,61.5,15,23,35,87,106,3,2453,208,21,11,57.9,8,42.1,1422,2,27,11,1655,89,96.1,89,32,0,,0,2.10,63,27,+36,+1.10,+0.35,53.5,29.8,+23.8,+0.73,+0.50,0,37,0,0,0,174,51,63.8
608,William Vargas,ec ECU,DF,Mazatlán,27,1997,4,1,163,1.8,0,0,0,0,0,0,0,0,0.1,0.1,0.0,0.1,1,4,12,0.00,0.00,0.00,0.00,0.00,0.03,0.00,0.03,0.03,0.03,Matches,1,0,0.0,0.55,0.00,0.00,,12.4,0,0.05,-0.1,-0.1,41,63,65.1,669,363,24,29,82.8,13,21,61.9,4,8,50.0,0.0,0.0,0,4,0,0,47,16,0,0,4,15,1,0,0,0,0,4,2,1.10,1,0,0,0,0,0,0.00,0,0,0,0,0,0,0,0,0,0,0,,0,4,2,2,7,0,88,9,1,1,33.3,1,33.3,37,0,3,2,42,41,5.3,90,1,3,24,9,0.50,0,1,-1,-0.55,+0.01,2.2,3.5,-1.3,-0.73,-0.53,0,2,0,2,0,5,3,100.0
461,Yael Padilla,mx MEX,"MF,FW",Guadalajara,18,2005,25,9,968,10.8,4,2,6,4,0,0,2,0,2.5,2.5,1.1,3.6,26,25,68,0.37,0.19,0.56,0.37,0.56,0.23,0.10,0.33,0.23,0.33,Matches,21,8,38.1,1.95,0.74,0.19,0.50,19.2,0,0.12,+1.5,+1.5,270,354,76.3,4346,1056,137,161,85.1,98,112,87.5,24,55,43.6,1.2,+0.9,16,16,7,5,311,37,1,1,35,13,18,6,7,0,6,9,28,2.60,18,4,3,0,0,4,0.37,3,0,1,0,0,28,16,13,13,2,12,34.3,23,13,2,30,10,0,516,13,31,17,39.5,26,60.5,298,6,32,33,329,39,31.6,67,0,16,23,5,1.31,15,9,+6,+0.56,+0.56,15.0,9.0,+6.0,+0.56,+0.50,0,20,0,0,0,47,4,12.1
478,Yan Phillipe,br BRA,"FW,MF",Atlético,20,2004,21,9,788,8.8,2,0,2,2,0,0,1,1,2.2,2.2,0.3,2.5,22,15,57,0.23,0.00,0.23,0.23,0.23,0.25,0.03,0.28,0.25,0.28,Matches,17,8,47.1,1.94,0.91,0.12,0.25,15.3,0,0.13,-0.2,-0.2,190,240,79.2,2899,572,109,122,89.3,63,76,82.9,11,17,64.7,0.3,-0.3,5,15,2,0,224,14,0,2,9,3,2,1,1,0,2,14,17,1.94,9,2,1,3,0,0,0.00,0,0,0,0,0,11,8,4,6,1,3,30.0,7,5,1,12,3,0,334,2,25,9,42.9,11,52.4,215,5,34,13,253,38,25.8,60,0,12,21,12,1.29,9,15,-6,-0.69,-0.72,9.4,12.3,-2.9,-0.33,-0.03,0,18,0,0,0,34,4,33.3
579,Yehoshua Shtrimling,il ISR,DF,América,21,2003,1,1,90,1.0,0,0,0,0,0,0,0,0,0.0,0.0,0.0,0.0,0,0,0,0.00,0.00,0.00,0.00,0.00,0.00,0.00,0.00,0.00,0.00,Matches,0,0,,0.00,0.00,,,,0,,0.0,0.0,15,17,88.2,266,78,7,7,100.0,6,7,85.7,2,3,66.7,0.0,0.0,0,1,0,0,15,2,0,0,0,0,0,0,0,0,0,0,0,0.00,0,0,0,0,0,0,0.00,0,0,0,0,0,3,2,1,2,0,1,100.0,0,0,0,3,3,0,22,5,0,0,,0,,8,0,0,0,11,90,2.9,90,1,0,,2,1.00,1,1,0,0.00,-0.91,2.1,0.6,+1.5,+1.50,+0.66,0,0,0,0,0,1,0,0.0
456,Youssef Ortiz,mx MEX,DF,León,17,2006,1,0,5,0.1,0,0,0,0,0,0,0,0,0.0,0.0,0.0,0.0,0,2,0,0.00,0.00,0.00,0.00,0.00,0.00,0.00,0.00,0.00,0.00,Matches,0,0,,0.00,0.00,,,,0,,0.0,0.0,2,2,100.0,38,33,0,0,,2,2,100.0,0,0,,0.0,0.0,0,0,0,0,2,0,0,0,0,0,0,0,0,0,0,0,0,0.00,0,0,0,0,0,0,0.00,0,0,0,0,0,1,0,1,0,0,1,100.0,0,0,0,1,1,0,4,0,0,0,,0,,1,0,0,0,1,5,0.2,,0,1,5,1,0.00,0,1,-1,-18.00,-18.06,0.0,1.0,-1.0,-18.25,-18.13,0,0,0,0,0,1,0,
,Álex Valencia,,,,,,,,,,,,,,,,,,,,,,,,,,,,,,,,,,,,,,,,,,,,,,,,,,,,,,,,,,,,,,,,,,,,,,,,,,,,,,,,,,,,,,,,,,,,,,,,,,,,,,,,,,,,,,,,,,,,,,,,,,0,0,,1,,,,,,,,,,,,,,,,,,,
217,Álvaro Fidalgo,es ESP,MF,América,27,1997,29,24,2141,23.8,8,6,14,8,0,0,2,0,6.0,6.0,4.8,10.7,106,231,108,0.34,0.25,0.59,0.34,0.59,0.25,0.20,0.45,0.25,0.45,Matches,34,18,52.9,1.43,0.76,0.24,0.44,16.7,0,0.18,+2.0,+2.0,1582,1795,88.1,26600,8581,791,836,94.6,580,642,90.3,154,222,69.4,4.4,+1.2,49,219,47,4,1716,70,6,17,47,8,11,4,0,0,9,28,97,4.08,81,2,6,2,1,11,0.46,7,1,1,1,0,35,23,13,17,5,10,34.5,19,18,17,52,18,1,2015,36,52,38,55.9,29,42.6,1380,17,29,36,1635,74,70.0,82,15,5,33,1,1.74,46,22,+24,+1.01,+0.42,39.6,18.4,+21.2,+0.89,+0.10,0,4,0,0,0,151,5,29.4
136,Ángel Chávez,mx MEX,DF,Necaxa,19,2005,1,0,6,0.1,0,0,0,0,0,0,0,0,0.0,0.0,0.0,0.0,1,0,0,0.00,0.00,0.00,0.00,0.00,0.00,0.00,0.00,0.00,0.00,Matches,0,0,,0.00,0.00,,,,0,,0.0,0.0,11,16,68.8,238,35,2,5,40.0,7,9,77.8,2,2,100.0,0.0,0.0,0,2,0,0,15,1,0,0,1,1,0,0,0,0,0,0,1,15.00,1,0,0,0,0,0,0.00,0,0,0,0,0,0,0,0,0,0,0,0.0,1,0,0,0,0,0,16,0,0,0,,0,,11,0,0,0,11,6,0.2,,0,1,6,0,0.00,0,0,0,0.00,-0.03,0.1,0.3,-0.2,-2.53,-2.44,0,0,0,0,0,0,1,100.0
,Ángel Contreras,,,,,,,,,,,,,,,,,,,,,,,,,,,,,,,,,,,,,,,,,,,,,,,,,,,,,,,,,,,,,,,,,,,,,,,,,,,,,,,,,,,,,,,,,,,,,,,,,,,,,,,,,,,,,,,,,,,,,,,,,,0,0,,1,,,,,,,,,,,,,,,,,,,
206,Ángel Estrada,mx MEX,MF,León,21,2003,22,16,1311,14.6,2,1,3,2,0,0,2,0,0.9,0.9,0.3,1.2,9,40,27,0.14,0.07,0.21,0.14,0.21,0.06,0.02,0.08,0.06,0.08,Matches,11,2,18.2,0.76,0.14,0.18,1.00,16.7,0,0.08,+1.1,+1.1,401,486,82.5,7372,1885,167,196,85.2,181,204,88.7,45,57,78.9,0.3,+0.7,6,39,3,2,471,11,0,10,5,2,1,0,0,0,4,11,16,1.10,12,1,1,1,0,4,0.28,3,0,1,0,0,34,23,21,11,2,15,57.7,11,10,15,49,21,0,645,27,19,16,55.2,13,44.8,333,1,26,17,411,60,42.8,77,5,6,15,11,1.65,21,18,+3,+0.21,+0.31,14.2,18.2,-3.9,-0.27,-0.22,0,8,0,0,0,53,12,52.2
354,Ángel Leyva,mx MEX,DF,Mazatlán,17,2006,1,0,8,0.1,0,0,0,0,0,0,0,0,0.0,0.0,0.0,0.0,0,0,0,0.00,0.00,0.00,0.00,0.00,0.00,0.00,0.00,0.00,0.00,Matches,0,0,,0.00,0.00,,,,0,,0.0,0.0,3,5,60.0,52,12,2,2,100.0,1,1,100.0,0,2,0.0,0.0,0.0,0,0,0,0,5,0,0,0,0,0,0,0,0,0,0,0,0,0.00,0,0,0,0,0,0,0.00,0,0,0,0,0,1,1,1,0,0,1,100.0,0,0,0,1,0,0,7,1,0,0,,0,,1,0,0,2,2,8,0.3,,0,1,8,7,0.00,0,0,0,0.00,+0.56,0.1,0.5,-0.4,-4.70,-4.48,0,0,0,0,0,0,0,0.0
399,Ángel Mena,ec ECU,"MF,FW",Pachuca,36,1988,5,1,175,1.9,0,0,0,0,0,0,1,0,0.6,0.6,0.5,1.1,5,14,18,0.00,0.00,0.00,0.00,0.00,0.32,0.26,0.57,0.32,0.57,Matches,3,1,33.3,1.54,0.51,0.00,0.00,15.4,0,0.21,-0.6,-0.6,93,114,81.6,1413,253,50,53,94.3,36,41,87.8,5,13,38.5,0.6,-0.5,8,7,3,0,95,19,0,1,11,2,10,4,2,0,0,4,16,8.18,11,4,0,1,0,0,0.00,0,0,0,0,0,1,0,0,1,0,1,50.0,1,3,0,1,0,0,129,0,9,0,0.0,2,66.7,75,1,4,2,95,35,5.7,45,0,4,33,4,1.00,3,4,-1,-0.51,-0.45,3.7,0.9,+2.8,+1.46,+1.28,0,5,0,0,0,4,0,
512,Ángel Rico,mx MEX,MF,UNAM,19,2005,21,10,858,9.5,1,0,1,1,0,0,2,0,1.3,1.3,1.0,2.3,13,42,42,0.10,0.00,0.10,0.10,0.10,0.13,0.10,0.24,0.13,0.24,Matches,16,2,12.5,1.68,0.21,0.06,0.50,21.6,0,0.08,-0.3,-0.3,249,310,80.3,3968,1477,125,147,85.0,98,112,87.5,17,32,53.1,0.7,-1.0,15,42,5,2,292,16,1,2,13,3,12,3,7,0,2,5,29,3.04,22,4,2,1,0,2,0.21,2,0,0,0,0,8,3,3,5,0,2,15.4,11,6,3,11,6,0,407,4,10,8,61.5,3,23.1,238,1,32,11,277,41,28.0,58,0,11,25,8,1.43,17,12,+5,+0.52,+0.52,14.6,9.1,+5.6,+0.59,+0.29,0,12,0,0,0,42,9,45.0
521,Ángel Robles,mx MEX,"MF,FW",Puebla,22,2001,10,3,240,2.7,0,0,0,0,0,0,0,0,1.4,1.4,0.0,1.4,1,4,6,0.00,0.00,0.00,0.00,0.00,0.52,0.00,0.53,0.52,0.53,Matches,10,2,20.0,3.75,0.75,0.00,0.00,21.3,1,0.14,-1.4,-1.4,53,69,76.8,720,142,32,35,91.4,16,19,84.2,1,2,50.0,0.0,0.0,1,5,1,0,63,4,0,0,0,1,0,0,0,0,2,4,5,1.87,3,0,0,1,0,0,0.00,0,0,0,0,0,4,3,2,2,0,1,20.0,4,3,3,7,3,0,100,2,7,2,66.7,1,33.3,59,0,4,4,62,24,7.8,53,0,7,12,10,0.40,1,7,-6,-2.25,-1.58,2.9,5.0,-2.1,-0.80,-0.42,0,4,0,0,0,12,1,20.0
555,Ángel Saavedra,mx MEX,"FW,DF",Mazatlán,21,2003,2,0,40,0.4,0,0,0,0,0,0,0,0,0.0,0.0,0.0,0.0,0,2,5,0.00,0.00,0.00,0.00,0.00,0.00,0.00,0.00,0.00,0.00,Matches,0,0,,0.00,0.00,,,,0,,0.0,0.0,20,26,76.9,347,107,10,10,100.0,8,11,72.7,2,3,66.7,0.0,0.0,0,2,0,0,25,1,0,0,2,0,1,0,0,0,0,1,0,0.00,0,0,0,0,0,0,0.00,0,0,0,0,0,0,0,0,0,0,0,,0,1,0,0,1,0,36,0,1,2,66.7,1,33.3,19,0,2,2,23,20,1.3,,0,2,20,2,1.50,0,1,-1,-2.25,-1.71,0.2,0.4,-0.2,-0.43,-0.21,0,0,0,0,0,4,0,
575,Ángel Sepúlveda,mx MEX,FW,Cruz Azul,33,1991,31,16,1525,16.9,13,0,13,12,1,1,4,0,8.1,7.3,0.7,8.0,6,17,136,0.77,0.00,0.77,0.71,0.71,0.48,0.04,0.52,0.43,0.47,Matches,55,22,40.0,3.25,1.30,0.22,0.55,15.0,0,0.13,+4.9,+4.7,203,300,67.7,2724,459,116,158,73.4,54,75,72.0,11,18,61.1,1.2,-0.7,13,12,8,3,287,10,1,1,9,0,0,0,0,0,3,13,30,1.77,29,0,0,0,0,0,0.00,0,0,0,0,0,4,3,0,2,2,3,50.0,3,9,2,6,14,0,495,14,108,7,33.3,14,66.7,308,6,65,19,402,49,49.8,71,2,15,26,3,2.08,30,12,+18,+1.06,-0.05,24.1,14.3,+9.8,+0.58,-0.26,0,19,0,1,0,23,39,50.6
629,Ángel Zaldívar,mx MEX,FW,FC Juárez,30,1994,26,13,1147,12.7,5,0,5,5,0,0,2,0,3.0,3.0,0.7,3.7,2,15,42,0.39,0.00,0.39,0.39,0.39,0.24,0.05,0.29,0.24,0.29,Matches,28,12,42.9,2.20,0.94,0.18,0.42,19.6,0,0.11,+2.0,+2.0,169,219,77.2,2448,384,91,108,84.3,62,76,81.6,6,8,75.0,1.1,-0.7,10,11,1,1,187,32,0,1,1,0,0,0,0,0,0,8,22,1.72,18,0,0,0,0,5,0.39,4,0,0,0,0,6,5,1,3,2,2,50.0,2,5,1,7,6,0,344,7,42,2,14.3,12,85.7,171,2,43,18,226,44,37.5,77,5,13,12,7,1.19,16,19,-3,-0.24,+0.52,12.7,17.1,-4.4,-0.34,+0.29,0,21,0,0,0,31,17,26.6
632,Ángel Zapata,mx MEX,"MF,FW",Querétaro,23,2001,2,0,4,0.0,0,0,0,0,0,0,0,0,0.0,0.0,0.0,0.0,0,0,0,0.00,0.00,0.00,0.00,0.00,0.00,0.00,0.00,0.00,0.00,Matches,0,0,,0.00,0.00,,,,0,,0.0,0.0,2,2,100.0,45,27,0,0,,2,2,100.0,0,0,,0.0,0.0,0,0,0,0,2,0,0,0,0,0,0,0,0,0,0,0,0,0.00,0,0,0,0,0,0,0.00,0,0,0,0,0,0,0,0,0,0,0,,0,0,0,0,0,0,3,1,0,0,,0,,3,0,1,0,3,2,0.1,,0,2,2,4,2.00,0,0,0,0.00,+0.74,0.0,0.2,-0.2,-4.21,-3.44,0,1,0,0,0,0,0,
628,Édgar Yoel Bárcenas,pa PAN,"MF,FW",Mazatlán,30,1993,24,23,2003,22.3,0,3,3,0,0,0,2,0,2.6,2.6,4.6,7.2,78,116,136,0.00,0.13,0.13,0.00,0.13,0.12,0.21,0.32,0.12,0.32,Matches,40,13,32.5,1.80,0.58,0.00,0.00,22.7,6,0.07,-2.6,-2.6,796,1069,74.5,14044,4427,364,424,85.8,320,397,80.6,91,184,49.5,5.0,-1.6,45,85,28,6,903,159,2,3,123,51,79,18,46,1,7,18,89,4.00,57,27,1,3,0,6,0.27,2,4,0,0,0,45,25,15,24,6,18,51.4,17,20,17,62,23,0,1319,27,48,26,49.1,27,50.9,741,19,47,33,837,83,65.5,86,19,1,31,0,0.92,18,27,-9,-0.40,+0.45,27.2,25.7,+1.5,+0.07,+0.86,0,28,0,0,0,123,14,43.8
11,Érick Aguirre,mx MEX,DF,Monterrey,27,1997,15,13,938,10.4,0,2,2,0,0,0,3,0,0.3,0.3,1.2,1.5,21,48,67,0.00,0.19,0.19,0.00,0.19,0.03,0.11,0.15,0.03,0.15,Matches,3,1,33.3,0.29,0.10,0.00,0.00,14.0,0,0.11,-0.3,-0.3,510,640,79.7,8555,3044,233,263,88.6,223,268,83.2,44,76,57.9,1.1,+0.8,11,48,12,8,549,91,1,1,33,86,1,1,0,0,0,13,20,1.92,15,2,1,0,2,4,0.38,3,1,0,0,0,26,19,14,10,2,16,66.7,8,13,18,44,23,0,749,29,12,8,66.7,4,33.3,387,7,10,3,453,63,30.7,71,4,2,7,9,1.38,17,12,+5,+0.48,+0.01,15.2,13.0,+2.3,+0.22,-0.27,0,12,0,2,0,44,12,54.5
596,Óliver Torres,es ESP,"MF,FW",Monterrey,29,1994,27,24,1808,20.1,3,2,5,3,0,0,1,1,1.7,1.7,3.2,4.9,38,162,134,0.15,0.10,0.25,0.15,0.25,0.09,0.16,0.25,0.09,0.25,Matches,19,9,47.4,0.95,0.45,0.16,0.33,17.0,0,0.09,+1.3,+1.3,1008,1228,82.1,16977,5608,502,564,89.0,377,437,86.3,97,152,63.8,3.2,-1.2,42,141,36,8,1174,46,2,17,43,8,12,5,6,0,8,26,80,3.98,68,7,0,0,2,3,0.15,3,0,0,0,0,32,19,7,19,6,17,56.7,13,34,25,57,11,0,1416,15,42,15,55.6,12,44.4,848,8,34,14,1035,67,59.1,72,6,3,29,0,1.67,34,26,+8,+0.40,-0.18,34.6,24.6,+10.0,+0.50,+0.22,0,22,0,0,0,131,4,40.0
380,Óscar Manzanarez,mx MEX,DF,Querétaro,29,1995,16,14,1218,13.5,0,0,0,0,0,0,5,0,0.1,0.1,0.1,0.2,2,22,4,0.00,0.00,0.00,0.00,0.00,0.01,0.01,0.01,0.01,0.01,Matches,2,0,0.0,0.15,0.00,0.00,,10.1,0,0.05,-0.1,-0.1,342,402,85.1,6678,2527,108,123,87.8,198,215,92.1,30,52,57.7,0.1,-0.1,3,9,1,0,368,33,0,4,1,25,0,0,0,0,1,2,4,0.30,2,2,0,0,0,0,0.00,0,0,0,0,0,23,15,14,7,2,13,65.0,7,1,20,43,77,1,558,88,7,1,50.0,1,50.0,248,0,5,2,287,76,39.8,85,11,2,14,9,1.00,11,20,-9,-0.67,+0.12,12.2,17.1,-4.9,-0.36,+0.69,0,13,0,0,0,34,16,55.2
,Óscar Whalley,,,,,,,,,,,,,,,,,,,,,,,,,,,,,,,,,,,,,,,,,,,,,,,,,,,,,,,,,,,,,,,,,,,,,,,,,,,,,,,,,,,,,,,,,,,,,,,,,,,,,,,,,,,,,,,,,,,,,,,,,,0,0,,19,,,,,,,,,,,,,,,,,,,
