Rk,Player,Nation,Pos,Squad,Age,Born,MP,Starts,Min,90s,Gls,Ast,G+A,G-PK,PK,PKatt,CrdY,CrdR,xG,npxG,xAG,npxG+xAG,PrgC,PrgP,PrgR,Gls,Ast,G+A,G-PK,G+A-PK,xG,xAG,xG+xAG,npxG,npxG+xAG,Matches,Sh,SoT,SoT%,Sh/90,SoT/90,G/Sh,G/SoT,Dist,FK,npxG/Sh,G-xG,np:G-xG,Cmp,Att,Cmp%,TotDist,PrgDist,Cmp,Att,Cmp%,Cmp,Att,Cmp%,Cmp,Att,Cmp%,xA,A-xAG,KP,1/3,PPA,CrsPA,Live,Dead,TB,Sw,Crs,TI,CK,In,Out,Str,Off,Blocks,SCA,SCA90,PassLive,PassDead,TO,Fld,Def,GCA,GCA90,PassLive,PassDead,TO,Fld,Def,Tkl,TklW,Def 3rd,Mid 3rd,Att 3rd,Tkl,Tkl%,Lost,Pass,Int,Tkl+Int,Clr,Err,Touches,Def Pen,Att Pen,Succ,Succ%,Tkld,Tkld%,Carries,CPA,Mis,Dis,Rec,Mn/MP,Min%,Mn/Start,Compl,Subs,Mn/Sub,unSub,PPM,onG,onGA,+/-,+/-90,On-Off,onxG,onxGA,xG+/-,xG+/-90,On-Off,2CrdY,Fls,PKwon,PKcon,OG,Recov,Won,Won%
467,AJ Marcucci,us USA,GK,NY Red Bulls,26-069,1999,2,2,180,2.0,0,0,0,0,0,0,0,0,0.0,0.0,0.0,0.0,0,0,0,0.00,0.00,0.00,0.00,0.00,0.00,0.00,0.00,0.00,0.00,Matches,0,0,,0.00,0.00,,,,0,,0.0,0.0,46,69,66.7,1087,805,12,12,100.0,22,22,100.0,12,35,34.3,0.0,0.0,0,2,0,0,55,14,0,0,0,0,0,0,0,0,0,0,1,0.50,1,0,0,0,0,0,0.00,0,0,0,0,0,0,0,0,0,0,0,,0,0,0,0,1,0,71,43,0,0,,0,,44,0,0,0,34,90,6.1,90,2,0,,24,3.00,4,2,+2,+1.00,+0.97,5.5,1.6,+3.9,+1.93,+2.16,0,0,0,0,0,2,0,
348,Aaron Herrera,gt GUA,"DF,MF",D.C. United,28-124,1997,26,24,2066,23.0,0,2,2,0,0,0,10,2,0.7,0.7,2.9,3.6,39,91,75,0.00,0.09,0.09,0.00,0.09,0.03,0.12,0.16,0.03,0.16,Matches,16,4,25.0,0.70,0.17,0.00,0.00,23.6,2,0.05,-0.7,-0.7,865,1151,75.2,17687,6463,317,372,85.2,377,463,81.4,157,262,59.9,4.1,-0.9,36,53,37,19,900,249,0,26,119,137,58,18,28,4,2,28,75,3.27,45,27,1,0,1,7,0.30,4,2,1,0,0,36,20,23,12,1,26,70.3,11,19,28,64,66,2,1386,78,26,16,44.4,19,52.8,708,9,21,14,762,79,69.6,84,20,2,30,0,0.88,23,42,-19,-0.83,+0.86,27.3,34.5,-7.2,-0.31,+0.39,1,28,0,0,0,95,33,62.3
446,Aaron Long,us USA,DF,LAFC,32-361,1992,15,15,1271,14.1,1,0,1,1,0,0,0,0,0.9,0.9,0.1,0.9,6,57,2,0.07,0.00,0.07,0.07,0.07,0.06,0.01,0.07,0.06,0.07,Matches,4,1,25.0,0.28,0.07,0.25,1.00,19.5,0,0.21,+0.1,+0.1,987,1044,94.5,18463,6887,331,345,95.9,588,604,97.4,61,81,75.3,0.3,-0.1,3,85,1,0,1022,21,0,6,0,4,0,0,0,0,1,3,17,1.20,17,0,0,0,0,1,0.07,1,0,0,0,0,16,12,13,3,0,7,58.3,5,15,3,19,78,0,1192,116,9,0,0.0,2,100.0,738,0,4,1,897,85,45.6,85,11,0,,3,1.53,24,17,+7,+0.50,-0.51,25.9,16.3,+9.6,+0.68,-0.12,0,9,0,0,0,47,34,81.0
,Abraham Romero,,,,,,,,,,,,,,,,,,,,,,,,,,,,,,,,,,,,,,,,,,,,,,,,,,,,,,,,,,,,,,,,,,,,,,,,,,,,,,,,,,,,,,,,,,,,,,,,,,,,,,,,,,,,,,,,,,,,,,,,,,0,0,,7,,,,,,,,,,,,,,,,,,,
76,Adam Beaudry,us USA,GK,Colorado Rapids,19-173,2006,1,1,90,1.0,0,0,0,0,0,0,0,0,0.0,0.0,0.0,0.0,0,0,0,0.00,0.00,0.00,0.00,0.00,0.00,0.00,0.00,0.00,0.00,Matches,0,0,,0.00,0.00,,,,0,,0.0,0.0,12,28,42.9,442,371,1,1,100.0,5,5,100.0,6,21,28.6,0.0,0.0,0,1,0,0,21,6,0,0,0,0,0,0,0,0,1,0,0,0.00,0,0,0,0,0,0,0.00,0,0,0,0,0,0,0,0,0,0,0,,0,0,0,0,0,0,29,21,0,0,,0,,18,0,0,0,16,90,3.0,90,1,0,,16,0.00,0,3,-3,-3.00,-2.72,0.5,1.8,-1.2,-1.21,-1.07,0,0,0,0,0,1,0,
694,Adam Saldaña,us USA,MF,LAFC,23-243,2002,2,2,180,2.0,0,0,0,0,0,0,1,0,0.0,0.0,0.0,0.0,1,4,1,0.00,0.00,0.00,0.00,0.00,0.01,0.00,0.01,0.01,0.01,Matches,1,0,0.0,0.50,0.00,0.00,,25.3,0,0.01,0.0,0.0,87,92,94.6,1518,232,34,37,91.9,43,45,95.6,8,8,100.0,0.0,0.0,0,4,1,0,88,4,0,0,0,0,0,0,0,0,0,0,1,0.50,1,0,0,0,0,0,0.00,0,0,0,0,0,5,4,3,2,0,4,80.0,1,3,1,6,3,1,108,8,0,1,100.0,0,0.0,70,0,2,0,74,90,6.5,90,2,0,,12,0.00,2,6,-4,-2.00,-2.97,1.9,2.3,-0.4,-0.21,-1.02,0,4,0,0,0,8,1,100.0
,Adem Sipić,,,,,,,,,,,,,,,,,,,,,,,,,,,,,,,,,,,,,,,,,,,,,,,,,,,,,,,,,,,,,,,,,,,,,,,,,,,,,,,,,,,,,,,,,,,,,,,,,,,,,,,,,,,,,,,,,,,,,,,,,,0,0,,3,,,,,,,,,,,,,,,,,,,
464,Adilson Malanda,fr FRA,DF,Charlotte,23-344,2001,32,32,2809,31.2,1,0,1,1,0,0,4,1,1.8,1.8,0.2,2.1,5,68,2,0.03,0.00,0.03,0.03,0.03,0.06,0.01,0.07,0.06,0.07,Matches,16,1,6.3,0.51,0.03,0.06,1.00,10.5,0,0.12,-0.8,-0.8,1748,2003,87.3,38804,14420,385,411,93.7,1069,1120,95.4,286,442,64.7,0.6,-0.2,3,114,1,0,1926,74,1,49,2,8,0,0,0,0,3,10,11,0.35,10,0,0,0,0,2,0.06,2,0,0,0,0,25,18,21,4,0,12,57.1,9,10,26,51,203,5,2379,398,24,9,69.2,4,30.8,1496,1,16,5,1715,88,94.6,88,31,0,,0,1.66,52,42,+10,+0.32,+2.00,47.6,48.2,-0.6,-0.02,+1.27,0,21,0,2,0,108,56,65.9
,Adisa De Rosario,,,,,,,,,,,,,,,,,,,,,,,,,,,,,,,,,,,,,,,,,,,,,,,,,,,,,,,,,,,,,,,,,,,,,,,,,,,,,,,,,,,,,,,,,,,,,,,,,,,,,,,,,,,,,,,,,,,,,,,,,,0,0,,6,,,,,,,,,,,,,,,,,,,
,Adri Mehmeti,,,,,,,,,,,,,,,,,,,,,,,,,,,,,,,,,,,,,,,,,,,,,,,,,,,,,,,,,,,,,,,,,,,,,,,,,,,,,,,,,,,,,,,,,,,,,,,,,,,,,,,,,,,,,,,,,,,,,,,,,,0,0,,1,,,,,,,,,,,,,,,,,,,
,Adrian Gonzalez,,,,,,,,,,,,,,,,,,,,,,,,,,,,,,,,,,,,,,,,,,,,,,,,,,,,,,,,,,,,,,,,,,,,,,,,,,,,,,,,,,,,,,,,,,,,,,,,,,,,,,,,,,,,,,,,,,,,,,,,,,0,0,,1,,,,,,,,,,,,,,,,,,,
842,Adrian Wibowo,id IDN,FW,LAFC,19-264,2006,2,0,18,0.2,0,0,0,0,0,0,0,0,0.0,0.0,0.0,0.0,0,1,0,0.00,0.00,0.00,0.00,0.00,0.00,0.00,0.00,0.00,0.00,Matches,0,0,,0.00,0.00,,,,0,,0.0,0.0,7,8,87.5,70,18,3,4,75.0,2,2,100.0,0,0,,0.0,0.0,0,0,0,0,7,1,0,0,0,0,0,0,0,0,0,0,0,0.00,0,0,0,0,0,0,0.00,0,0,0,0,0,0,0,0,0,0,0,,0,0,0,0,0,0,13,0,0,0,0.0,1,100.0,6,0,2,1,7,9,0.6,,0,2,9,8,3.00,0,1,-1,-5.00,-5.81,0.3,0.7,-0.4,-2.16,-2.92,0,2,0,0,0,2,0,0.0
,Adrian Zendejas,,,,,,,,,,,,,,,,,,,,,,,,,,,,,,,,,,,,,,,,,,,,,,,,,,,,,,,,,,,,,,,,,,,,,,,,,,,,,,,,,,,,,,,,,,,,,,,,,,,,,,,,,,,,,,,,,,,,,,,,,,0,0,,8,,,,,,,,,,,,,,,,,,,
471,Adrián Marín,es ESP,DF,Orlando City,28-272,1997,3,2,192,2.1,0,0,0,0,0,0,0,0,0.2,0.2,0.1,0.3,4,22,3,0.00,0.00,0.00,0.00,0.00,0.07,0.05,0.12,0.07,0.12,Matches,3,0,0.0,1.41,0.00,0.00,,16.6,0,0.05,-0.2,-0.2,111,128,86.7,2053,1121,41,45,91.1,58,63,92.1,11,18,61.1,0.2,-0.1,3,14,3,0,111,17,1,0,2,10,0,0,0,0,0,1,7,3.28,6,1,0,0,0,2,0.94,2,0,0,0,0,2,2,1,0,1,0,,0,2,4,6,5,0,145,9,5,0,0.0,1,100.0,69,1,1,1,89,64,6.7,90,2,1,12,1,0.67,3,6,-3,-1.41,-2.01,2.8,6.2,-3.4,-1.60,-2.13,0,2,0,0,0,8,8,100.0
,Adrián Pelayo,,,,,,,,,,,,,,,,,,,,,,,,,,,,,,,,,,,,,,,,,,,,,,,,,,,,,,,,,,,,,,,,,,,,,,,,,,,,,,,,,,,,,,,,,,,,,,,,,,,,,,,,,,,,,,,,,,,,,,,,,,0,0,,1,,,,,,,,,,,,,,,,,,,
565,Agustin Ojeda,ar ARG,"FW,MF",NYCFC,21-111,2004,33,12,1315,14.6,0,5,5,0,0,0,1,0,1.3,1.3,3.6,4.9,66,54,159,0.00,0.34,0.34,0.00,0.34,0.09,0.25,0.34,0.09,0.34,Matches,19,4,21.1,1.30,0.27,0.00,0.00,19.9,0,0.07,-1.3,-1.3,466,589,79.1,6843,1596,269,314,85.7,148,186,79.6,27,45,60.0,2.6,+1.4,23,38,16,2,578,11,5,2,32,7,4,3,0,0,0,21,47,3.21,34,0,3,3,3,8,0.55,7,0,0,1,0,25,18,10,12,3,11,52.4,10,9,11,36,15,1,760,23,68,22,36.7,36,60.0,499,28,27,15,568,40,44.3,67,1,21,24,0,1.70,24,16,+8,+0.55,+0.60,20.2,19.2,+1.0,+0.07,-0.22,0,15,1,0,0,78,8,33.3
632,Ahmed Qasem,se SWE,"FW,MF",Nashville SC,22-088,2003,28,12,1223,13.6,2,1,3,2,0,0,2,0,1.8,1.8,2.1,3.9,48,34,89,0.15,0.07,0.22,0.15,0.22,0.13,0.16,0.29,0.13,0.29,Matches,19,8,42.1,1.40,0.59,0.11,0.25,15.0,0,0.10,+0.2,+0.2,273,353,77.3,3890,838,161,187,86.1,87,109,79.8,12,21,57.1,1.7,-1.1,10,19,13,0,340,10,0,3,17,5,3,1,0,0,3,15,33,2.43,25,0,0,4,0,2,0.15,2,0,0,0,0,21,12,8,11,2,7,35.0,13,8,10,31,11,1,543,15,45,22,37.9,35,60.3,335,11,46,33,379,44,41.2,69,0,16,25,1,1.68,19,15,+4,+0.29,-0.32,21.3,17.8,+3.5,+0.26,-0.55,0,28,1,0,0,49,6,42.9
,Aidan Stokes,,,,,,,,,,,,,,,,,,,,,,,,,,,,,,,,,,,,,,,,,,,,,,,,,,,,,,,,,,,,,,,,,,,,,,,,,,,,,,,,,,,,,,,,,,,,,,,,,,,,,,,,,,,,,,,,,,,,,,,,,,0,0,,1,,,,,,,,,,,,,,,,,,,
334,Aiden Harangi,us USA,DF,San Diego FC,19-242,2006,4,4,281,3.1,0,0,0,0,0,0,1,0,0.0,0.0,0.2,0.2,4,11,19,0.00,0.00,0.00,0.00,0.00,0.00,0.08,0.08,0.00,0.08,Matches,0,0,,0.00,0.00,,,,0,,0.0,0.0,144,172,83.7,2094,477,73,80,91.3,65,79,82.3,2,4,50.0,0.1,-0.2,3,10,1,0,151,21,1,0,6,18,0,0,0,0,0,6,6,1.92,6,0,0,0,0,0,0.00,0,0,0,0,0,1,0,1,0,0,0,,0,2,2,3,11,0,200,13,6,2,100.0,0,0.0,109,1,3,0,124,70,9.5,70,1,0,,2,2.25,3,2,+1,+0.32,-0.28,4.3,5.0,-0.7,-0.22,-0.43,0,6,0,0,0,10,4,66.7
351,Aiden Hezarkhani,us USA,"FW,MF",Real Salt Lake,18-102,2007,2,0,58,0.6,0,0,0,0,0,0,0,0,0.0,0.0,0.0,0.0,1,1,6,0.00,0.00,0.00,0.00,0.00,0.04,0.00,0.04,0.04,0.04,Matches,1,0,0.0,1.55,0.00,0.00,,23.1,0,0.03,0.0,0.0,7,15,46.7,102,30,4,7,57.1,2,4,50.0,1,1,100.0,0.0,0.0,0,2,0,0,15,0,0,0,1,0,0,0,0,0,0,1,1,1.55,0,0,1,0,0,0,0.00,0,0,0,0,0,0,0,0,0,0,0,,0,0,0,0,0,1,22,0,2,1,25.0,3,75.0,12,1,3,0,16,29,2.0,,0,2,29,2,1.50,1,0,+1,+1.55,+1.90,1.9,0.1,+1.7,+2.69,+3.09,0,1,0,0,0,1,1,50.0
,Aiden Jarvis,,,,,,,,,,,,,,,,,,,,,,,,,,,,,,,,,,,,,,,,,,,,,,,,,,,,,,,,,,,,,,,,,,,,,,,,,,,,,,,,,,,,,,,,,,,,,,,,,,,,,,,,,,,,,,,,,,,,,,,,,,0,0,,6,,,,,,,,,,,,,,,,,,,
559,Aiden O'Neill,au AUS,MF,NYCFC,27-096,1998,20,17,1506,16.7,0,0,0,0,0,0,4,0,0.3,0.3,0.7,1.0,19,70,10,0.00,0.00,0.00,0.00,0.00,0.02,0.04,0.06,0.02,0.06,Matches,10,1,10.0,0.60,0.06,0.00,0.00,27.5,0,0.03,-0.3,-0.3,837,952,87.9,14012,3911,387,415,93.3,380,415,91.6,54,85,63.5,0.6,-0.7,10,82,5,0,928,23,2,5,8,1,1,0,0,0,1,15,25,1.49,21,2,1,0,0,5,0.30,5,0,0,0,0,44,25,14,22,8,21,67.7,10,11,13,57,20,1,1100,36,8,9,64.3,5,35.7,632,3,17,12,784,75,50.7,82,10,3,35,1,1.80,24,27,-3,-0.18,-0.79,24.9,23.1,+1.8,+0.10,-0.18,0,28,0,1,0,85,8,40.0
271,Ajani Fortune,tt TRI,"MF,DF",Atlanta Utd,22-282,2002,15,8,784,8.7,1,0,1,1,0,0,4,0,0.7,0.7,1.0,1.7,18,56,34,0.11,0.00,0.11,0.11,0.11,0.08,0.11,0.19,0.08,0.19,Matches,7,3,42.9,0.80,0.34,0.14,0.33,18.2,0,0.10,+0.3,+0.3,407,465,87.5,6905,1867,194,212,91.5,175,191,91.6,33,43,76.7,1.0,-1.0,9,39,13,2,432,33,0,3,5,11,0,0,0,0,0,9,25,2.87,21,1,0,2,0,0,0.00,0,0,0,0,0,21,16,10,10,1,8,66.7,4,8,14,35,14,0,557,16,14,8,57.1,4,28.6,334,3,12,1,392,52,27.2,79,4,7,22,1,1.00,12,16,-4,-0.46,+0.27,12.2,12.9,-0.7,-0.08,+0.03,0,18,0,0,0,36,6,40.0
836,Akil Watts,us USA,"MF,DF",St. Louis,25-246,2000,22,14,1418,15.8,1,0,1,1,0,0,1,0,1.5,1.5,1.0,2.5,32,47,41,0.06,0.00,0.06,0.06,0.06,0.09,0.06,0.16,0.09,0.16,Matches,16,6,37.5,1.02,0.38,0.06,0.17,20.4,0,0.10,-0.5,-0.5,395,550,71.8,5994,1839,209,245,85.3,158,215,73.5,16,48,33.3,1.1,-1.0,9,28,14,3,486,62,0,3,29,54,0,0,0,0,2,14,25,1.59,21,0,0,0,1,0,0.00,0,0,0,0,0,33,20,17,11,5,17,54.8,14,16,20,53,28,1,738,42,16,9,42.9,10,47.6,349,5,27,17,417,64,47.7,82,9,8,34,2,0.82,14,30,-16,-1.02,-1.13,21.1,27.0,-5.9,-0.38,-0.27,0,15,0,0,0,47,16,59.3
141,Alan Carleton,us USA,"MF,FW",Nashville SC,20-202,2005,2,0,38,0.4,0,0,0,0,0,0,0,0,0.0,0.0,0.0,0.0,0,4,3,0.00,0.00,0.00,0.00,0.00,0.00,0.00,0.00,0.00,0.00,Matches,0,0,,0.00,0.00,,,,0,,0.0,0.0,21,23,91.3,325,123,11,11,100.0,7,8,87.5,2,2,100.0,0.0,0.0,0,1,0,0,23,0,0,0,1,0,0,0,0,0,0,1,0,0.00,0,0,0,0,0,0,0.00,0,0,0,0,0,0,0,0,0,0,0,,0,1,0,0,0,0,27,0,0,0,,0,,21,0,0,2,23,19,1.3,,0,2,19,2,2.00,1,0,+1,+2.37,+1.91,1.2,0.1,+1.2,+2.67,+2.12,0,0,0,0,0,2,1,50.0
685,Albert Rusnák,sk SVK,"MF,FW",Seattle Sounders,31-093,1994,28,22,2058,22.9,11,7,18,8,3,3,2,1,8.5,6.1,6.9,13.0,52,169,96,0.48,0.31,0.79,0.35,0.66,0.37,0.30,0.67,0.27,0.57,Matches,56,23,41.1,2.45,1.01,0.14,0.35,18.6,5,0.11,+2.5,+1.9,979,1208,81.0,18086,5943,447,484,92.4,366,440,83.2,135,227,59.5,8.4,+0.1,76,120,46,10,992,211,11,10,160,5,119,43,47,1,5,10,122,5.34,75,39,1,0,1,11,0.48,9,1,1,0,0,12,6,5,3,4,7,50.0,7,6,3,15,6,1,1339,9,70,6,33.3,12,66.7,785,9,21,11,962,74,71.5,83,12,6,39,0,1.43,37,32,+5,+0.22,-0.11,35.6,29.1,+6.4,+0.28,-0.46,0,11,0,0,0,61,6,40.0
,Alec Kann,,,,,,,,,,,,,,,,,,,,,,,,,,,,,,,,,,,,,,,,,,,,,,,,,,,,,,,,,,,,,,,,,,,,,,,,,,,,,,,,,,,,,,,,,,,,,,,,,,,,,,,,,,,,,,,,,,,,,,,,,,0,0,,4,,,,,,,,,,,,,,,,,,,
739,Alec Smir,us USA,GK,Minnesota Utd,26-178,1999,2,1,161,1.8,0,0,0,0,0,0,1,0,0.0,0.0,0.0,0.0,0,0,0,0.00,0.00,0.00,0.00,0.00,0.00,0.00,0.00,0.00,0.00,Matches,0,0,,0.00,0.00,,,,0,,0.0,0.0,22,51,43.1,827,685,2,2,100.0,7,8,87.5,13,41,31.7,0.0,0.0,0,2,0,0,28,23,0,0,0,0,0,0,0,0,0,0,0,0.00,0,0,0,0,0,0,0.00,0,0,0,0,0,0,0,0,0,0,0,,0,0,0,0,1,1,53,36,0,0,,0,,19,0,0,0,16,81,5.4,90,1,1,71,31,1.00,4,3,+1,+0.56,+0.01,3.8,2.5,+1.3,+0.71,+0.72,0,0,0,0,0,3,0,
23,Alejandro Alvarado Jr.,us USA,MF,San Diego FC,22-071,2003,12,6,488,5.4,0,0,0,0,0,0,2,0,0.3,0.3,0.2,0.5,5,33,17,0.00,0.00,0.00,0.00,0.00,0.06,0.03,0.09,0.06,0.09,Matches,6,3,50.0,1.11,0.55,0.00,0.00,21.7,0,0.06,-0.3,-0.3,315,359,87.7,3911,1075,208,215,96.7,77,88,87.5,6,18,33.3,0.5,-0.2,3,23,3,0,348,9,2,0,2,0,0,0,0,0,2,5,9,1.66,9,0,0,0,0,1,0.18,1,0,0,0,0,24,12,9,12,3,12,50.0,12,6,14,38,5,0,430,12,10,3,42.9,3,42.9,264,0,7,5,322,41,16.4,71,1,6,11,7,1.83,12,9,+3,+0.55,-0.03,7.8,7.3,+0.4,+0.08,-0.11,0,16,0,0,0,21,4,66.7
78,Alejandro Bedoya,us USA,"MF,DF",Philadelphia Union,38-162,1987,23,8,704,7.8,1,1,2,1,0,0,4,0,1.1,1.1,1.3,2.4,12,41,65,0.13,0.13,0.26,0.13,0.26,0.14,0.16,0.31,0.14,0.31,Matches,11,2,18.2,1.41,0.26,0.09,0.50,10.9,0,0.10,-0.1,-0.1,290,396,73.2,4469,1764,161,194,83.0,104,138,75.4,18,33,54.5,1.7,-0.3,14,37,12,5,364,31,1,1,17,27,0,0,0,0,1,14,24,3.07,21,1,0,0,1,3,0.38,3,0,0,0,0,21,16,8,8,5,9,64.3,5,9,4,25,10,0,475,14,42,0,0.0,2,100.0,254,2,7,0,314,31,23.7,65,1,15,12,8,1.87,10,9,+1,+0.13,-0.79,11.4,11.2,+0.2,+0.03,-0.66,0,24,0,1,0,25,26,49.1
508,Aleksei Miranchuk,ru RUS,"MF,FW",Atlanta Utd,29-356,1995,32,30,2674,29.7,6,3,9,6,0,0,2,0,4.6,4.6,5.9,10.5,56,206,160,0.20,0.10,0.30,0.20,0.30,0.15,0.20,0.35,0.15,0.35,Matches,66,21,31.8,2.22,0.71,0.09,0.29,20.9,3,0.07,+1.4,+1.4,1108,1419,78.1,19082,5575,537,603,89.1,407,503,80.9,128,234,54.7,8.3,-2.9,47,143,48,8,1290,118,14,9,119,10,63,54,4,0,11,18,117,3.94,87,15,3,4,1,4,0.13,3,1,0,0,0,23,15,6,8,9,6,28.6,15,7,17,40,24,3,1672,37,76,20,46.5,20,46.5,1062,14,51,32,1260,84,92.8,88,24,2,21,0,0.84,32,51,-19,-0.64,+0.23,37.6,42.4,-4.9,-0.16,-0.87,0,21,0,1,0,135,9,37.5
,Alex Bono,,,,,,,,,,,,,,,,,,,,,,,,,,,,,,,,,,,,,,,,,,,,,,,,,,,,,,,,,,,,,,,,,,,,,,,,,,,,,,,,,,,,,,,,,,,,,,,,,,,,,,,,,,,,,,,,,,,,,,,,,,0,0,,24,,,,,,,,,,,,,,,,,,,
277,Alex Freeman,us USA,DF,Orlando City,21-060,2004,28,25,2363,26.3,6,2,8,6,0,0,4,0,5.5,5.5,4.3,9.9,63,100,182,0.23,0.08,0.30,0.23,0.30,0.21,0.17,0.38,0.21,0.38,Matches,45,15,33.3,1.71,0.57,0.13,0.40,11.6,0,0.12,+0.5,+0.5,1002,1232,81.3,16308,4684,494,565,87.4,433,516,83.9,60,94,63.8,4.5,-2.3,40,64,22,5,1068,162,2,7,34,143,0,0,0,0,2,29,97,3.69,75,1,10,3,1,4,0.15,2,0,0,0,1,40,25,29,10,1,21,61.8,13,19,24,64,93,0,1555,91,109,35,54.7,26,40.6,798,24,24,24,956,84,82.0,90,25,3,38,0,1.64,50,31,+19,+0.72,+1.42,47.9,35.2,+12.7,+0.48,+0.52,0,17,0,0,0,126,55,59.1
338,Alex Harris,us USA,"MF,FW",Colorado Rapids,20-234,2005,4,0,44,0.5,0,0,0,0,0,0,0,0,0.0,0.0,0.0,0.0,1,1,2,0.00,0.00,0.00,0.00,0.00,0.00,0.00,0.00,0.00,0.00,Matches,0,0,,0.00,0.00,,,,0,,0.0,0.0,10,14,71.4,137,28,6,7,85.7,3,4,75.0,0,1,0.0,0.0,0.0,0,0,0,0,13,1,0,0,1,0,0,0,0,0,0,0,0,0.00,0,0,0,0,0,0,0.00,0,0,0,0,0,0,0,0,0,0,0,,0,0,0,0,0,0,16,0,0,1,100.0,0,0.0,13,0,1,2,14,11,1.5,,0,4,11,10,1.50,0,2,-2,-4.09,-3.78,0.8,1.1,-0.3,-0.63,-0.46,0,2,0,0,0,1,1,100.0
498,Alex Mighten,eng ENG,FW,San Diego FC,23-180,2002,25,11,1025,11.4,1,0,1,1,0,0,1,0,1.8,1.8,0.8,2.6,50,15,125,0.09,0.00,0.09,0.09,0.09,0.16,0.07,0.22,0.16,0.22,Matches,19,6,31.6,1.67,0.53,0.05,0.17,16.0,0,0.09,-0.8,-0.8,180,236,76.3,2172,348,129,147,87.8,42,59,71.2,2,8,25.0,1.1,-0.8,11,7,6,0,232,3,0,1,15,0,2,0,0,0,1,10,25,2.19,15,0,4,3,0,1,0.09,0,0,0,1,0,8,6,2,3,3,5,62.5,3,6,6,14,1,0,368,1,56,29,47.5,27,44.3,267,23,32,24,302,41,34.5,64,0,14,23,5,1.68,25,16,+9,+0.79,+0.33,19.8,16.5,+3.3,+0.29,+0.18,0,9,1,0,0,27,0,0.0
538,Alex Muyl,us USA,"MF,FW",Nashville SC,30-008,1995,31,27,2158,24.0,1,4,5,1,0,0,5,0,3.6,3.3,2.0,5.3,42,45,125,0.04,0.17,0.21,0.04,0.21,0.15,0.08,0.23,0.14,0.22,Matches,30,15,50.0,1.25,0.63,0.03,0.07,15.1,0,0.11,-2.6,-2.3,495,660,75.0,7088,1697,289,334,86.5,162,205,79.0,18,43,41.9,1.5,+2.0,23,25,7,1,636,17,3,2,21,17,0,0,0,0,7,34,45,1.88,33,1,2,2,2,5,0.21,3,0,0,0,1,32,18,11,16,5,16,32.7,33,22,22,54,16,0,901,26,68,20,46.5,21,48.8,520,14,47,30,592,70,72.7,76,9,4,26,0,1.74,46,30,+16,+0.67,+0.67,42.3,26.6,+15.7,+0.66,+0.27,0,37,0,0,0,108,11,31.4
668,Alex Roldan,sv SLV,"DF,MF",Seattle Sounders,29-072,1996,27,22,1972,21.9,0,2,2,0,0,0,2,0,1.2,1.2,3.4,4.6,33,107,137,0.00,0.09,0.09,0.00,0.09,0.05,0.16,0.21,0.05,0.21,Matches,27,8,29.6,1.23,0.37,0.00,0.00,21.4,0,0.04,-1.2,-1.2,1216,1453,83.7,20699,5644,579,640,90.5,518,598,86.6,94,150,62.7,3.3,-1.4,26,93,35,10,1286,157,2,17,49,145,0,0,0,0,10,22,64,2.92,56,1,0,2,0,5,0.23,5,0,0,0,0,36,31,13,16,7,15,46.9,17,21,25,61,80,4,1699,89,37,6,37.5,10,62.5,1001,9,26,7,1149,73,68.5,83,18,5,29,3,1.70,39,25,+14,+0.64,+1.23,41.8,25.2,+16.5,+0.76,+1.09,0,7,0,0,0,94,22,53.7
325,Alexander Hack,de GER,DF,NY Red Bulls,32-030,1993,21,15,1361,15.1,1,0,1,1,0,0,6,0,1.2,1.2,0.4,1.6,22,155,4,0.07,0.00,0.07,0.07,0.07,0.08,0.03,0.11,0.08,0.11,Matches,10,5,50.0,0.66,0.33,0.10,0.20,13.4,0,0.12,-0.2,-0.2,930,1170,79.5,19078,8561,307,342,89.8,469,537,87.3,138,246,56.1,0.6,-0.4,6,139,10,1,1067,95,0,19,15,44,0,0,0,0,8,11,22,1.45,20,0,0,0,0,2,0.13,2,0,0,0,0,33,21,20,12,1,21,60.0,14,10,29,62,84,1,1362,77,24,4,80.0,1,20.0,721,1,6,0,851,65,45.8,83,12,6,19,9,1.19,21,21,0,0.00,-0.17,23.2,20.4,+2.8,+0.19,+0.53,0,20,0,1,0,80,50,64.9
,Alexander Rando,,,,,,,,,,,,,,,,,,,,,,,,,,,,,,,,,,,,,,,,,,,,,,,,,,,,,,,,,,,,,,,,,,,,,,,,,,,,,,,,,,,,,,,,,,,,,,,,,,,,,,,,,,,,,,,,,,,,,,,,,,0,0,,1,,,,,,,,,,,,,,,,,,,
405,Alexandros Katranis,gr GRE,DF,Real Salt Lake,27-157,1998,28,22,1745,19.4,1,3,4,1,0,0,8,0,2.1,2.1,3.1,5.2,32,73,107,0.05,0.15,0.21,0.05,0.21,0.11,0.16,0.27,0.11,0.27,Matches,27,7,25.9,1.39,0.36,0.04,0.14,21.1,0,0.08,-1.1,-1.1,738,1034,71.4,12504,4063,340,395,86.1,296,393,75.3,72,172,41.9,3.9,-0.1,33,53,28,12,796,235,1,10,120,161,35,24,4,0,3,26,64,3.30,44,16,3,0,0,6,0.31,5,1,0,0,0,23,11,15,7,1,11,61.1,7,8,9,32,38,1,1193,48,33,12,40.0,16,53.3,634,5,20,7,735,62,60.6,73,5,6,22,3,1.21,26,22,+4,+0.21,+1.32,23.4,26.8,-3.4,-0.17,+0.40,0,34,0,1,0,61,7,36.8
,Alexandru Băluță,,,,,,,,,,,,,,,,,,,,,,,,,,,,,,,,,,,,,,,,,,,,,,,,,,,,,,,,,,,,,,,,,,,,,,,,,,,,,,,,,,,,,,,,,,,,,,,,,,,,,,,,,,,,,,,,,,,,,,,,,,0,0,,1,,,,,,,,,,,,,,,,,,,
465,Alexis Manyoma,co COL,"MF,FW",Colorado Rapids,22-278,2003,2,0,25,0.3,0,0,0,0,0,0,0,0,0.1,0.1,0.1,0.1,2,1,4,0.00,0.00,0.00,0.00,0.00,0.21,0.19,0.40,0.21,0.40,Matches,1,0,0.0,3.60,0.00,0.00,,21.6,0,0.06,-0.1,-0.1,10,16,62.5,213,97,2,4,50.0,7,9,77.8,1,2,50.0,0.0,-0.1,1,1,0,0,15,1,0,0,3,1,0,0,0,0,0,0,0,0.00,0,0,0,0,0,0,0.00,0,0,0,0,0,2,0,1,1,0,1,50.0,1,0,0,2,0,0,24,2,1,4,100.0,0,0.0,15,0,1,2,18,13,0.8,,0,2,13,2,1.50,1,1,0,0.00,+0.37,0.5,0.3,+0.2,+0.87,+1.06,0,1,0,0,0,2,0,0.0
514,Alfredo Morales,us USA,MF,St. Louis,35-149,1990,24,11,1094,12.2,0,2,2,0,0,0,6,1,0.2,0.2,1.6,1.9,4,56,8,0.00,0.16,0.16,0.00,0.16,0.02,0.13,0.15,0.02,0.15,Matches,6,0,0.0,0.49,0.00,0.00,,20.6,0,0.04,-0.2,-0.2,487,586,83.1,8357,3070,239,255,93.7,195,224,87.1,42,77,54.5,1.6,+0.4,7,61,9,0,569,14,4,4,9,1,0,0,0,0,3,8,22,1.81,20,0,0,0,0,2,0.16,2,0,0,0,0,23,7,6,16,1,10,55.6,8,10,14,37,24,0,710,36,11,3,37.5,3,37.5,371,1,15,10,467,46,36.8,71,3,13,24,1,1.08,13,19,-6,-0.49,-0.11,19.5,19.3,+0.2,+0.02,+0.40,1,15,0,1,0,65,16,72.7
865,Alhassan Yusuf,ng NGA,MF,NE Revolution,25-082,2000,33,31,2844,31.6,1,1,2,1,0,0,5,0,1.9,1.9,2.3,4.2,65,204,76,0.03,0.03,0.06,0.03,0.06,0.06,0.07,0.13,0.06,0.13,Matches,23,5,21.7,0.73,0.16,0.04,0.20,21.1,0,0.08,-0.9,-0.9,1586,1802,88.0,25577,6343,772,850,90.8,638,692,92.2,116,148,78.4,2.1,-1.3,33,153,24,1,1736,58,2,6,15,14,0,0,0,0,8,23,80,2.53,71,3,1,2,0,5,0.16,5,0,0,0,0,73,43,34,34,5,28,41.2,40,33,43,116,34,2,2115,64,44,31,57.4,22,40.7,1216,10,36,32,1442,86,95.8,89,28,2,40,0,1.06,42,47,-5,-0.16,+1.27,42.1,47.7,-5.6,-0.18,+0.94,0,51,0,0,0,197,26,45.6
16,Ali Ahmed,ca CAN,FW,Vancouver W'caps,24-363,2000,21,11,1207,13.4,0,8,8,0,0,0,2,0,2.1,2.1,4.7,6.7,74,75,210,0.00,0.60,0.60,0.00,0.60,0.15,0.35,0.50,0.15,0.50,Matches,24,8,33.3,1.79,0.60,0.00,0.00,15.9,0,0.09,-2.1,-2.1,518,640,80.9,7753,2047,303,343,88.3,178,209,85.2,26,39,66.7,5.2,+3.3,34,34,36,9,621,17,4,5,39,10,2,2,0,0,2,30,74,5.52,64,0,5,3,1,16,1.19,12,0,1,3,0,17,10,3,6,8,10,50.0,10,16,6,23,11,0,792,13,98,18,42.9,21,50.0,517,44,32,16,626,57,41.9,81,3,10,32,0,2.24,28,10,+18,+1.34,+0.80,27.4,10.7,+16.6,+1.24,+0.86,0,10,1,0,0,41,11,45.8
,Ali Fadal,,,,,,,,,,,,,,,,,,,,,,,,,,,,,,,,,,,,,,,,,,,,,,,,,,,,,,,,,,,,,,,,,,,,,,,,,,,,,,,,,,,,,,,,,,,,,,,,,,,,,,,,,,,,,,,,,,,,,,,,,,0,0,,3,,,,,,,,,,,,,,,,,,,
641,Alisa Randell,lr LBR,"MF,DF",Minnesota Utd,18-044,2007,4,1,64,0.7,0,0,0,0,0,0,0,0,0.0,0.0,0.0,0.0,3,2,5,0.00,0.00,0.00,0.00,0.00,0.00,0.00,0.00,0.00,0.00,Matches,0,0,,0.00,0.00,,,,0,,0.0,0.0,6,7,85.7,56,24,5,5,100.0,0,1,0.0,0,0,,0.0,0.0,0,0,1,0,7,0,0,0,1,0,0,0,0,0,0,0,0,0.00,0,0,0,0,0,0,0.00,0,0,0,0,0,0,0,0,0,0,0,,0,1,2,2,2,0,17,3,1,1,33.3,2,66.7,12,1,2,2,11,16,2.2,54,0,3,3,13,1.50,0,4,-4,-5.63,-6.31,0.9,2.5,-1.6,-2.30,-2.39,0,2,0,0,0,1,1,33.3
367,Aliyu Ibrahim,ng NGA,"MF,FW",Houston Dynamo,23-265,2002,8,2,176,2.0,0,0,0,0,0,0,1,0,0.3,0.3,0.0,0.3,3,4,23,0.00,0.00,0.00,0.00,0.00,0.14,0.02,0.16,0.14,0.16,Matches,2,1,50.0,1.02,0.51,0.00,0.00,10.4,0,0.13,-0.3,-0.3,48,72,66.7,642,93,26,35,74.3,17,22,77.3,1,3,33.3,0.0,0.0,2,4,0,0,71,0,1,0,1,0,0,0,0,0,1,6,3,1.53,3,0,0,0,0,0,0.00,0,0,0,0,0,8,6,4,3,1,2,66.7,1,4,2,10,2,0,103,2,4,4,50.0,4,50.0,56,0,6,6,70,22,5.9,57,0,6,10,1,0.88,2,4,-2,-1.02,-0.67,1.9,3.1,-1.2,-0.64,-0.51,0,6,0,0,0,13,3,50.0
368,Aliyu Ibrahim,ng NGA,"FW,DF",Columbus Crew,23-265,2002,22,12,1195,13.3,2,2,4,2,0,0,2,0,3.1,3.1,2.9,6.0,38,25,174,0.15,0.15,0.30,0.15,0.30,0.23,0.22,0.45,0.23,0.45,Matches,2,1,50.0,1.02,0.51,0.00,0.00,10.4,0,0.13,-0.3,-0.3,48,72,66.7,642,93,26,35,74.3,17,22,77.3,1,3,33.3,0.0,0.0,2,4,0,0,71,0,1,0,1,0,0,0,0,0,1,6,3,1.53,3,0,0,0,0,0,0.00,0,0,0,0,0,8,6,4,3,1,2,66.7,1,4,2,10,2,0,103,2,4,4,50.0,4,50.0,56,0,6,6,70,22,5.9,57,0,6,10,1,0.88,2,4,-2,-1.02,-0.67,1.9,3.1,-1.2,-0.64,-0.51,0,6,0,0,0,13,3,50.0
377,Aljaž Ivačič,si SVN,GK,NE Revolution,31-283,1993,24,24,2160,24.0,0,0,0,0,0,0,1,0,0.0,0.0,0.0,0.0,0,0,0,0.00,0.00,0.00,0.00,0.00,0.00,0.00,0.00,0.00,0.00,Matches,0,0,,0.00,0.00,,,,0,,0.0,0.0,435,640,68.0,11928,8573,100,101,99.0,204,205,99.5,127,325,39.1,0.0,0.0,0,4,0,0,381,255,0,0,0,0,0,0,0,0,4,1,1,0.04,1,0,0,0,0,0,0.00,0,0,0,0,0,0,0,0,0,0,0,,0,0,0,0,12,3,700,619,0,0,,0,,334,0,0,0,270,90,72.7,90,24,0,,2,1.04,31,35,-4,-0.17,+0.17,31.2,36.3,-5.0,-0.21,+0.03,0,0,0,0,0,30,0,
584,Allan Oyirwoth,ug UGA,MF,NE Revolution,18-258,2007,5,4,286,3.2,0,0,0,0,0,0,3,0,0.1,0.1,0.1,0.2,2,18,1,0.00,0.00,0.00,0.00,0.00,0.04,0.03,0.08,0.04,0.08,Matches,5,1,20.0,1.57,0.31,0.00,0.00,28.1,0,0.03,-0.1,-0.1,135,164,82.3,2248,659,65,73,89.0,54,61,88.5,11,13,84.6,0.1,-0.1,3,14,4,0,161,2,0,1,1,0,0,0,0,0,1,8,5,1.58,4,1,0,0,0,0,0.00,0,0,0,0,0,6,4,2,2,2,4,30.8,9,5,6,12,5,2,203,8,3,1,25.0,3,75.0,101,1,7,3,114,57,9.6,66,0,1,22,7,0.80,2,4,-2,-0.63,-0.46,3.2,4.2,-1.0,-0.31,-0.10,0,7,0,0,0,23,4,44.4
561,Allen Obando,ec ECU,FW,Inter Miami,19-117,2006,6,1,157,1.7,1,0,1,1,0,0,0,0,0.6,0.6,0.0,0.6,0,4,4,0.57,0.00,0.57,0.57,0.57,0.36,0.00,0.36,0.36,0.36,Matches,2,1,50.0,1.15,0.57,0.50,1.00,8.5,0,0.31,+0.4,+0.4,23,32,71.9,279,74,12,16,75.0,7,9,77.8,1,1,100.0,0.0,0.0,0,2,0,0,29,3,0,0,0,0,0,0,0,0,0,0,2,1.15,1,0,0,1,0,0,0.00,0,0,0,0,0,2,2,1,0,1,0,0.0,3,0,0,2,2,0,54,3,3,1,20.0,3,60.0,23,1,5,3,32,26,5.5,74,0,5,17,7,1.33,3,4,-1,-0.57,-1.23,3.0,3.1,-0.1,-0.06,-0.60,0,6,0,0,0,2,6,60.0
168,Alonso Coello,es ESP,MF,Toronto FC,25-361,1999,30,23,2079,23.1,1,0,1,1,0,0,4,0,0.7,0.7,2.2,2.9,12,121,17,0.04,0.00,0.04,0.04,0.04,0.03,0.10,0.12,0.03,0.12,Matches,12,4,33.3,0.52,0.17,0.08,0.25,25.2,2,0.05,+0.3,+0.3,1170,1423,82.2,22833,8542,438,472,92.8,546,608,89.8,170,288,59.0,2.0,-2.2,27,145,11,3,1327,89,3,5,65,2,37,17,17,0,7,19,63,2.73,45,12,0,0,4,2,0.09,2,0,0,0,0,71,36,35,34,2,36,63.2,21,22,35,106,49,0,1664,107,8,20,69.0,9,31.0,957,1,27,8,1104,69,72.2,84,15,7,20,2,0.83,20,31,-11,-0.48,-0.93,21.1,29.5,-8.4,-0.36,+0.17,0,23,0,0,0,121,26,60.5
477,Alonso Martínez,cr CRC,FW,NYCFC,26-358,1998,29,28,2406,26.7,17,1,18,12,5,7,2,0,20.7,15.1,2.2,17.4,37,37,156,0.64,0.04,0.67,0.45,0.49,0.77,0.08,0.86,0.57,0.65,Matches,92,41,44.6,3.44,1.53,0.13,0.29,16.7,0,0.16,-3.7,-3.1,255,358,71.2,3647,734,136,193,70.5,88,106,83.0,13,17,76.5,1.4,-1.2,22,14,18,0,333,24,2,0,5,1,0,0,0,0,1,17,62,2.32,30,0,12,7,1,10,0.37,2,0,2,3,0,11,4,4,3,4,5,35.7,9,8,7,18,9,1,631,9,146,33,51.6,28,43.8,386,28,66,27,451,83,81.0,85,15,1,30,0,1.69,39,36,+3,+0.11,-0.53,41.0,35.2,+5.8,+0.22,+0.13,0,9,4,0,0,32,8,17.8
651,Alvaro Ribeiro,pt POR,DF,FC Dallas,20-174,2005,6,4,365,4.1,0,0,0,0,0,0,0,0,0.2,0.2,0.0,0.2,1,2,1,0.00,0.00,0.00,0.00,0.00,0.06,0.00,0.06,0.06,0.06,Matches,2,1,50.0,0.49,0.25,0.00,0.00,8.9,0,0.11,-0.2,-0.2,105,120,87.5,1845,882,41,43,95.3,55,58,94.8,8,15,53.3,0.0,0.0,0,1,0,0,115,4,0,2,0,0,0,0,0,0,1,1,1,0.25,1,0,0,0,0,0,0.00,0,0,0,0,0,8,6,5,3,0,4,100.0,0,3,7,15,24,1,170,38,3,1,100.0,0,0.0,76,0,0,0,91,61,12.7,86,3,2,12,13,1.17,9,9,0,0.00,+0.11,7.6,7.6,-0.1,-0.02,+0.02,0,4,0,0,0,13,8,80.0
628,Alvas Powell,jm JAM,DF,FC Cincinnati,31-082,1994,24,7,771,8.6,0,0,0,0,0,0,2,0,0.2,0.2,0.0,0.3,23,32,12,0.00,0.00,0.00,0.00,0.00,0.03,0.00,0.03,0.03,0.03,Matches,4,3,75.0,0.47,0.35,0.00,0.00,23.5,0,0.06,-0.2,-0.2,381,481,79.2,7523,2397,107,122,87.7,232,264,87.9,38,77,49.4,0.3,0.0,1,30,3,1,411,69,0,3,8,52,0,0,0,0,1,10,18,2.10,10,2,2,2,0,1,0.12,1,0,0,0,0,23,14,16,5,2,15,51.7,14,12,13,36,50,0,635,54,4,15,57.7,9,34.6,342,3,19,12,388,32,26.0,81,4,17,12,9,2.17,13,13,0,0.00,-0.37,12.2,12.8,-0.6,-0.08,+0.22,0,13,0,0,1,44,14,63.6
511,Alán Montes,mx MEX,DF,Sporting KC,24-347,2000,7,4,368,4.1,0,0,0,0,0,0,1,0,0.7,0.7,0.1,0.8,2,9,0,0.00,0.00,0.00,0.00,0.00,0.17,0.01,0.19,0.17,0.19,Matches,5,1,20.0,1.22,0.24,0.00,0.00,10.9,0,0.14,-0.7,-0.7,256,284,90.1,5123,1644,77,80,96.3,147,153,96.1,30,47,63.8,0.1,-0.1,1,16,0,0,278,6,0,4,1,0,0,0,0,0,0,0,5,1.23,4,0,0,0,1,0,0.00,0,0,0,0,0,2,1,1,1,0,1,50.0,1,2,7,9,10,1,315,13,7,1,100.0,0,0.0,223,0,3,1,236,53,12.4,81,1,3,14,1,0.00,3,12,-9,-2.20,-1.68,5.4,8.8,-3.4,-0.84,+0.04,0,5,0,0,0,26,4,44.4
603,Amahl Pellegrino,no NOR,FW,San Diego FC,35-112,1990,6,3,262,2.9,1,2,3,1,0,0,0,0,1.8,1.8,0.5,2.2,5,4,16,0.34,0.69,1.03,0.34,1.03,0.60,0.16,0.76,0.60,0.76,Matches,8,3,37.5,2.75,1.03,0.13,0.33,13.1,1,0.22,-0.8,-0.8,42,52,80.8,559,152,25,31,80.6,12,14,85.7,1,1,100.0,0.5,+1.5,2,2,2,0,50,2,0,1,1,0,0,0,0,0,0,0,5,1.72,4,0,0,1,0,2,0.69,1,0,0,1,0,2,2,1,0,1,1,100.0,0,1,1,3,1,0,83,1,16,1,16.7,5,83.3,58,5,8,1,69,44,8.8,62,0,3,26,0,1.33,5,3,+2,+0.69,+0.12,6.3,4.4,+1.9,+0.64,+0.51,0,2,1,0,0,4,1,33.3
604,Amahl Pellegrino,no NOR,"MF,FW",SJ Earthquakes,35-112,1990,13,5,488,5.4,1,1,2,1,0,0,0,0,3.3,3.3,1.7,5.0,11,22,38,0.18,0.18,0.37,0.18,0.37,0.61,0.31,0.92,0.61,0.92,Matches,8,3,37.5,2.75,1.03,0.13,0.33,13.1,1,0.22,-0.8,-0.8,42,52,80.8,559,152,25,31,80.6,12,14,85.7,1,1,100.0,0.5,+1.5,2,2,2,0,50,2,0,1,1,0,0,0,0,0,0,0,5,1.72,4,0,0,1,0,2,0.69,1,0,0,1,0,2,2,1,0,1,1,100.0,0,1,1,3,1,0,83,1,16,1,16.7,5,83.3,58,5,8,1,69,44,8.8,62,0,3,26,0,1.33,5,3,+2,+0.69,+0.12,6.3,4.4,+1.9,+0.64,+0.51,0,2,1,0,0,4,1,33.3
720,Amar Sejdic,us USA,MF,Columbus Crew,28-313,1996,14,4,340,3.8,0,0,0,0,0,0,0,0,0.1,0.1,0.3,0.4,1,27,8,0.00,0.00,0.00,0.00,0.00,0.02,0.09,0.11,0.02,0.11,Matches,3,0,0.0,0.79,0.00,0.00,,28.3,0,0.03,-0.1,-0.1,263,300,87.7,3984,1243,149,157,94.9,98,107,91.6,12,24,50.0,0.7,-0.3,1,33,6,0,280,17,3,1,5,3,3,1,2,0,3,5,4,1.06,4,0,0,0,0,1,0.26,1,0,0,0,0,10,10,2,5,3,5,62.5,3,4,3,13,3,0,338,4,2,5,55.6,3,33.3,180,2,3,3,271,24,11.4,57,0,10,11,15,1.71,6,6,0,0.00,-0.07,3.9,4.3,-0.4,-0.10,-0.27,0,3,0,0,0,13,0,0.0
70,Amine Bassi,fr FRA,"MF,FW",Houston Dynamo,27-315,1997,29,20,1749,19.4,2,3,5,2,0,0,4,0,2.1,2.1,3.9,6.0,36,123,128,0.10,0.15,0.26,0.10,0.26,0.11,0.20,0.31,0.11,0.31,Matches,17,4,23.5,0.87,0.21,0.12,0.50,19.8,1,0.12,-0.1,-0.1,922,1059,87.1,12963,3440,562,609,92.3,260,296,87.8,50,80,62.5,3.2,-0.9,44,81,27,3,1008,48,1,4,38,3,12,6,3,0,3,12,73,3.76,57,9,0,4,1,5,0.26,3,0,0,0,0,21,13,7,11,3,8,38.1,13,13,16,37,6,0,1203,3,44,9,42.9,11,52.4,776,6,41,19,959,60,58.9,77,2,9,22,3,1.00,24,35,-11,-0.57,-0.42,23.0,27.6,-4.6,-0.24,-0.19,0,36,0,0,0,73,5,21.7
216,Anders Dreyer,dk DEN,FW,San Diego FC,27-159,1998,33,33,2929,32.5,17,16,33,14,3,4,3,0,16.2,13.1,11.2,24.3,79,134,260,0.52,0.49,1.01,0.43,0.92,0.50,0.35,0.84,0.40,0.75,Matches,97,41,42.3,2.98,1.26,0.14,0.34,19.0,5,0.14,+0.8,+0.9,1132,1504,75.3,18011,4743,610,697,87.5,386,502,76.9,92,190,48.4,9.9,+4.8,79,82,58,10,1321,171,19,15,156,18,87,45,22,0,12,40,150,4.61,108,17,9,4,1,29,0.89,21,3,3,0,0,15,10,4,8,3,10,55.6,8,15,8,23,5,1,1762,7,171,23,46.9,25,51.0,1034,36,54,23,1387,89,98.6,89,27,0,,0,1.82,59,41,+18,+0.55,-1.64,50.8,44.6,+6.3,+0.19,+1.24,0,9,0,0,0,70,1,33.3
397,Anderson Julio,ec ECU,"FW,MF",FC Dallas,29-130,1996,23,16,1442,16.0,5,1,6,5,0,0,4,0,4.2,4.2,1.9,6.1,46,21,104,0.31,0.06,0.37,0.31,0.37,0.26,0.12,0.38,0.26,0.38,Matches,30,14,46.7,1.87,0.87,0.17,0.36,22.0,0,0.14,+0.8,+0.8,220,295,74.6,3253,767,126,151,83.4,67,87,77.0,14,22,63.6,1.7,-0.9,18,10,11,4,275,19,0,1,16,15,2,0,0,0,1,15,30,1.87,22,0,7,1,0,3,0.19,2,0,1,0,0,13,8,8,4,1,5,21.7,18,16,12,25,23,0,501,31,71,20,42.6,26,55.3,294,30,47,20,307,63,50.1,78,4,7,28,0,1.35,25,24,+1,+0.06,+0.31,21.7,21.8,-0.2,-0.01,+0.04,0,29,0,0,0,58,10,29.4
674,Anderson Rosa,br BRA,DF,Colorado Rapids,23-329,2001,2,0,23,0.3,0,0,0,0,0,0,0,0,0.0,0.0,0.0,0.0,0,2,1,0.00,0.00,0.00,0.00,0.00,0.00,0.00,0.00,0.00,0.00,Matches,0,0,,0.00,0.00,,,,0,,0.0,0.0,14,18,77.8,230,115,8,8,100.0,5,7,71.4,1,3,33.3,0.0,0.0,0,0,2,0,14,4,0,0,0,4,0,0,0,0,0,0,0,0.00,0,0,0,0,0,0,0.00,0,0,0,0,0,1,0,0,1,0,0,,0,0,0,1,0,0,19,0,0,0,,0,,3,0,0,0,7,12,0.8,,0,2,12,1,2.00,0,0,0,0.00,+0.37,0.2,0.4,-0.2,-0.80,-0.63,0,0,0,0,0,2,1,100.0
92,Andre Blake,jm JAM,GK,Philadelphia Union,34-321,1990,20,20,1737,19.3,0,0,0,0,0,0,0,0,0.0,0.0,0.0,0.0,0,0,0,0.00,0.00,0.00,0.00,0.00,0.00,0.00,0.00,0.00,0.00,Matches,0,0,,0.00,0.00,,,,0,,0.0,0.0,378,518,73.0,11111,8830,78,80,97.5,156,162,96.3,144,275,52.4,0.0,0.0,1,17,0,0,382,136,0,0,0,0,0,0,0,0,0,1,4,0.21,2,2,0,0,0,1,0.05,1,0,0,0,0,0,0,0,0,0,0,0.0,1,0,0,0,5,2,551,433,0,1,100.0,0,0.0,308,0,0,0,235,87,58.5,87,19,0,,1,2.05,38,15,+23,+1.19,+1.12,32.8,22.3,+10.5,+0.54,+0.03,0,0,0,0,0,38,5,100.0
483,Andreas Maxsø,dk DEN,DF,Colorado Rapids,31-204,1994,31,31,2790,31.0,1,0,1,1,0,0,4,0,1.2,1.2,0.9,2.1,6,51,6,0.03,0.00,0.03,0.03,0.03,0.04,0.03,0.07,0.04,0.07,Matches,9,2,22.2,0.29,0.06,0.11,0.50,10.2,0,0.13,-0.2,-0.2,1087,1230,88.4,20136,7546,360,398,90.5,657,698,94.1,65,118,55.1,0.6,-0.9,4,33,6,0,1196,32,1,0,1,1,0,0,0,0,2,4,12,0.39,10,1,0,0,0,0,0.00,0,0,0,0,0,17,9,8,9,0,8,61.5,5,10,25,42,181,1,1554,234,36,2,100.0,0,0.0,810,0,17,2,993,90,93.9,90,31,0,,0,1.23,39,51,-12,-0.39,-0.39,48.6,52.3,-3.7,-0.12,+0.96,0,18,0,2,1,63,76,70.4
109,Andrew Brody,us USA,DF,Sporting KC,30-158,1995,12,6,493,5.5,0,0,0,0,0,0,0,0,0.2,0.2,0.9,1.1,13,19,36,0.00,0.00,0.00,0.00,0.00,0.03,0.16,0.20,0.03,0.20,Matches,1,0,0.0,0.18,0.00,0.00,,12.2,0,0.18,-0.2,-0.2,222,247,89.9,3146,848,142,149,95.3,66,74,89.2,9,13,69.2,0.8,-0.9,7,14,6,3,220,26,0,0,10,22,0,0,0,0,1,4,10,1.83,9,0,1,0,0,1,0.18,1,0,0,0,0,9,8,5,3,1,6,85.7,1,3,4,13,14,0,294,15,7,4,100.0,0,0.0,183,1,8,2,194,41,16.6,61,1,6,21,8,0.92,6,9,-3,-0.55,+0.22,6.8,9.6,-2.8,-0.51,+0.43,0,1,0,0,0,15,3,75.0
252,Andrew Farrell,us USA,DF,NE Revolution,33-189,1992,2,0,3,0.0,0,0,0,0,0,0,0,0,0.0,0.0,0.1,0.1,0,1,0,0.00,0.00,0.00,0.00,0.00,0.00,2.03,2.03,0.00,2.03,Matches,0,0,,0.00,0.00,,,,0,,0.0,0.0,5,7,71.4,113,34,2,2,100.0,2,3,66.7,1,2,50.0,0.0,-0.1,1,1,0,0,6,1,0,0,0,1,0,0,0,0,0,0,1,30.00,1,0,0,0,0,0,0.00,0,0,0,0,0,0,0,0,0,0,0,,0,0,0,0,0,0,7,0,0,0,,0,,3,0,0,0,3,2,0.1,,0,2,2,17,1.50,0,0,0,0.00,+0.21,0.2,0.1,+0.1,+3.46,+3.68,0,0,0,0,0,1,0,
321,Andrew Gutman,us USA,DF,Chicago Fire,29-006,1996,33,33,2773,30.8,3,8,11,3,0,0,4,0,3.3,3.3,4.5,7.8,46,111,137,0.10,0.26,0.36,0.10,0.36,0.11,0.15,0.25,0.11,0.25,Matches,36,8,22.2,1.17,0.26,0.08,0.38,16.1,0,0.09,-0.3,-0.3,1109,1392,79.7,18711,7817,537,594,90.4,465,559,83.2,90,179,50.3,2.3,+3.5,27,74,30,3,1173,213,4,7,36,188,1,0,0,0,6,33,67,2.17,57,1,0,2,2,15,0.49,13,0,0,2,0,57,35,35,15,7,30,62.5,18,16,37,94,118,2,1761,153,73,5,19.2,19,73.1,846,16,34,15,1042,84,93.4,84,25,0,,0,1.58,61,54,+7,+0.23,-0.23,51.0,48.9,+2.2,+0.07,+1.11,0,25,2,1,0,136,45,62.5
520,Andrew Moran,ie IRL,"FW,MF",LAFC,21-358,2003,5,1,160,1.8,0,1,1,0,0,0,1,0,0.3,0.3,1.1,1.4,2,9,7,0.00,0.56,0.56,0.00,0.56,0.16,0.63,0.79,0.16,0.79,Matches,4,1,25.0,2.25,0.56,0.00,0.00,19.5,0,0.07,-0.3,-0.3,71,82,86.6,1053,213,45,48,93.8,19,22,86.4,3,3,100.0,0.5,-0.1,4,7,3,0,78,3,2,0,0,1,0,0,0,0,1,3,7,3.94,6,0,0,0,0,1,0.56,1,0,0,0,0,6,5,2,2,2,3,75.0,1,1,2,8,0,1,112,0,4,2,25.0,5,62.5,70,1,6,1,74,32,5.7,77,0,4,21,0,3.00,9,2,+7,+3.94,+3.36,5.7,1.3,+4.4,+2.48,+1.84,0,7,0,0,0,9,1,100.0
630,Andrew Privett,us USA,DF,Charlotte,25-067,2000,23,19,1798,20.0,1,0,1,1,0,0,2,1,0.5,0.5,0.1,0.6,3,55,3,0.05,0.00,0.05,0.05,0.05,0.02,0.01,0.03,0.02,0.03,Matches,3,1,33.3,0.15,0.05,0.33,1.00,9.4,0,0.15,+0.5,+0.5,1101,1231,89.4,23016,7850,254,272,93.4,719,754,95.4,122,198,61.6,0.5,-0.1,2,52,2,0,1178,52,1,6,1,1,0,0,0,0,1,1,5,0.25,5,0,0,0,0,0,0.00,0,0,0,0,0,26,18,19,6,1,14,56.0,11,11,15,41,93,3,1420,239,7,0,0.0,1,100.0,923,0,5,2,1021,78,60.5,89,17,4,27,9,1.39,34,32,+2,+0.10,-0.28,31.7,30.0,+1.6,+0.08,+0.43,0,13,0,2,0,76,30,55.6
652,Andrew Rick,us USA,GK,Philadelphia Union,19-251,2006,14,13,1233,13.7,0,0,0,0,0,0,1,0,0.0,0.0,0.0,0.0,0,0,0,0.00,0.00,0.00,0.00,0.00,0.00,0.00,0.00,0.00,0.00,Matches,0,0,,0.00,0.00,,,,0,,0.0,0.0,196,353,55.5,6814,5734,19,19,100.0,79,80,98.8,98,250,39.2,0.0,0.0,0,5,0,0,209,142,0,0,0,0,0,0,0,0,2,1,3,0.22,1,2,0,0,0,1,0.07,0,1,0,0,0,1,1,1,0,0,1,50.0,1,0,0,1,4,1,376,307,1,0,,0,,175,0,0,0,133,88,41.5,90,13,1,63,17,1.79,19,18,+1,+0.07,-1.12,23.5,16.4,+7.1,+0.52,-0.03,0,0,0,0,0,21,1,50.0
772,Andrew Tarbell,us USA,GK,Houston Dynamo,32-001,1993,4,4,306,3.4,0,0,0,0,0,0,0,0,0.0,0.0,0.0,0.0,0,0,0,0.00,0.00,0.00,0.00,0.00,0.00,0.00,0.00,0.00,0.00,Matches,0,0,,0.00,0.00,,,,0,,0.0,0.0,70,97,72.2,1765,1335,18,18,100.0,30,32,93.8,22,47,46.8,0.0,0.0,0,0,0,0,81,16,0,0,0,0,0,0,0,0,0,0,0,0.00,0,0,0,0,0,0,0.00,0,0,0,0,0,0,0,0,0,0,0,0.0,1,0,0,0,1,0,104,88,0,0,,0,,64,0,1,0,59,77,10.3,77,3,0,,0,0.25,3,7,-4,-1.18,-0.87,2.5,5.0,-2.5,-0.74,-0.65,0,0,0,0,0,3,0,
781,Andrew Thomas,ru RUS,GK,Seattle Sounders,27-037,1998,8,8,720,8.0,0,0,0,0,0,0,0,0,0.0,0.0,0.0,0.0,0,0,0,0.00,0.00,0.00,0.00,0.00,0.00,0.00,0.00,0.00,0.00,Matches,0,0,,0.00,0.00,,,,0,,0.0,0.0,150,199,75.4,3341,2425,41,41,100.0,82,82,100.0,26,74,35.1,0.0,0.0,0,1,0,0,136,62,0,0,0,0,0,0,0,0,1,0,0,0.00,0,0,0,0,0,0,0.00,0,0,0,0,0,0,0,0,0,0,0,,0,1,0,0,1,1,217,199,0,0,,0,,124,0,0,0,80,90,25.0,90,8,0,,24,1.75,21,17,+4,+0.50,+0.33,15.5,14.2,+1.3,+0.16,-0.34,0,1,0,1,0,13,3,75.0
273,André Franco,pt POR,MF,Chicago Fire,27-179,1998,6,5,400,4.4,0,4,4,0,0,0,1,0,0.1,0.1,1.8,1.9,7,26,11,0.00,0.90,0.90,0.00,0.90,0.03,0.41,0.44,0.03,0.44,Matches,5,1,20.0,1.13,0.23,0.00,0.00,25.7,0,0.03,-0.1,-0.1,257,314,81.8,4448,1416,118,130,90.8,112,126,88.9,22,46,47.8,1.7,+2.2,12,27,10,0,280,30,3,3,20,2,11,8,0,0,4,3,23,5.18,14,5,1,1,0,7,1.58,3,1,1,1,0,6,3,3,2,1,2,25.0,6,4,2,8,1,1,349,12,7,4,44.4,5,55.6,203,2,12,3,275,67,13.5,76,0,1,22,0,2.00,12,5,+7,+1.58,+1.54,8.7,6.6,+2.0,+0.46,+0.53,0,4,0,0,0,11,2,40.0
180,Andrés Cubas,py PAR,MF,Vancouver W'caps,29-139,1996,25,24,1890,21.0,0,0,0,0,0,0,9,0,0.4,0.4,0.3,0.7,5,114,14,0.00,0.00,0.00,0.00,0.00,0.02,0.01,0.03,0.02,0.03,Matches,8,1,12.5,0.38,0.05,0.00,0.00,24.9,0,0.05,-0.4,-0.4,925,1043,88.7,17099,4867,376,413,91.0,399,436,91.5,115,142,81.0,0.6,-0.3,6,129,9,1,1021,19,0,14,4,1,0,0,0,0,3,9,25,1.19,24,0,0,0,1,1,0.05,1,0,0,0,0,62,44,16,32,14,21,43.8,27,26,33,95,31,0,1245,49,6,9,56.3,7,43.8,667,1,20,19,803,76,65.6,78,11,1,19,0,2.00,39,17,+22,+1.05,+0.50,39.7,18.9,+20.7,+0.99,+0.73,0,59,0,0,0,129,9,47.4
606,Andrés Perea,us USA,"MF,FW",NYCFC,24-328,2000,23,19,1589,17.7,3,1,4,3,0,0,7,0,3.1,3.1,1.1,4.2,29,71,67,0.17,0.06,0.23,0.17,0.23,0.17,0.06,0.24,0.17,0.24,Matches,30,10,33.3,1.70,0.57,0.10,0.30,14.8,0,0.10,-0.1,-0.1,576,722,79.8,8535,2629,325,393,82.7,208,246,84.6,24,45,53.3,1.9,-0.1,8,45,7,0,713,8,3,4,6,1,0,0,0,0,1,17,31,1.76,25,0,1,2,0,3,0.17,1,0,0,1,0,47,27,22,21,4,19,44.2,24,19,13,60,46,1,940,50,41,7,41.2,9,52.9,476,1,24,10,628,69,53.5,79,14,4,21,2,1.70,28,22,+6,+0.34,+0.27,26.8,22.9,+3.9,+0.22,+0.06,0,29,1,0,0,75,43,44.3
649,Andrés Reyes,co COL,DF,San Diego FC,26-030,1999,1,1,42,0.5,0,0,0,0,0,0,2,1,0.0,0.0,0.0,0.0,0,0,0,0.00,0.00,0.00,0.00,0.00,0.00,0.00,0.00,0.00,0.00,Matches,0,0,,0.00,0.00,,,,0,,0.0,0.0,45,46,97.8,716,226,22,22,100.0,22,22,100.0,1,2,50.0,0.0,0.0,0,0,0,0,45,1,0,0,0,0,0,0,0,0,0,0,0,0.00,0,0,0,0,0,0,0.00,0,0,0,0,0,0,0,0,0,0,0,,0,0,0,0,1,0,50,7,0,0,,0,,40,0,1,0,45,42,1.4,42,0,0,,2,0.00,0,1,-1,-2.14,-2.76,0.0,0.9,-0.9,-1.91,-2.12,1,3,0,1,0,1,1,100.0
72,Andy Batioja,co COL,FW,Houston Dynamo,19-250,2006,1,0,10,0.1,0,0,0,0,0,0,0,0,0.0,0.0,0.0,0.0,0,0,1,0.00,0.00,0.00,0.00,0.00,0.00,0.00,0.00,0.00,0.00,Matches,0,0,,0.00,0.00,,,,0,,0.0,0.0,4,5,80.0,39,1,3,3,100.0,1,1,100.0,0,1,0.0,0.0,0.0,0,0,0,0,5,0,0,0,1,0,0,0,0,0,0,0,0,0.00,0,0,0,0,0,0,0.00,0,0,0,0,0,0,0,0,0,0,0,,0,0,0,0,0,0,5,0,0,1,100.0,0,0.0,3,0,0,0,5,10,0.3,,0,1,10,1,0.00,0,0,0,0.00,+0.40,0.0,0.5,-0.5,-4.40,-4.26,0,0,0,0,0,0,0,
541,Andy Najar,hn HON,DF,Nashville SC,32-206,1993,32,27,2451,27.2,2,7,9,2,0,0,4,0,0.9,0.9,4.5,5.4,71,208,108,0.07,0.26,0.33,0.07,0.33,0.03,0.16,0.20,0.03,0.20,Matches,17,8,47.1,0.62,0.29,0.12,0.25,22.4,0,0.05,+1.1,+1.1,1519,1846,82.3,25489,10091,753,812,92.7,620,735,84.4,125,239,52.3,5.3,+2.5,34,159,65,13,1577,264,6,12,56,224,0,0,0,0,5,28,87,3.19,77,3,3,1,0,13,0.48,13,0,0,0,0,55,32,27,20,8,27,57.4,20,23,42,97,63,4,2125,88,31,46,58.2,28,35.4,1246,7,34,16,1387,77,82.5,85,15,5,31,0,1.59,50,35,+15,+0.55,+0.38,49.9,29.8,+20.2,+0.74,+0.91,0,30,0,1,0,140,19,54.3
,Andy Rojas,,,,,,,,,,,,,,,,,,,,,,,,,,,,,,,,,,,,,,,,,,,,,,,,,,,,,,,,,,,,,,,,,,,,,,,,,,,,,,,,,,,,,,,,,,,,,,,,,,,,,,,,,,,,,,,,,,,,,,,,,,0,0,,3,,,,,,,,,,,,,,,,,,,
692,Anisse Saidi,tn TUN,MF,San Diego FC,17-110,2008,1,0,9,0.1,0,0,0,0,0,0,0,0,0.0,0.0,0.0,0.0,0,0,0,0.00,0.00,0.00,0.00,0.00,0.00,0.00,0.00,0.00,0.00,Matches,0,0,,0.00,0.00,,,,0,,0.0,0.0,0,0,,0,0,0,0,,0,0,,0,0,,0.0,0.0,0,0,0,0,0,0,0,0,0,0,0,0,0,0,0,0,0,0.00,0,0,0,0,0,0,0.00,0,0,0,0,0,0,0,0,0,0,0,,0,0,0,0,0,0,0,0,0,0,,0,,0,0,0,0,0,9,0.3,,0,1,9,1,0.00,0,0,0,0.00,-0.58,0.4,0.1,+0.3,+2.27,+2.11,0,1,0,0,0,0,0,
472,Anthony Markanich,ph PHI,DF,Minnesota Utd,25-286,1999,30,22,1805,20.1,9,1,10,9,0,0,5,0,4.6,4.6,2.6,7.2,15,38,62,0.45,0.05,0.50,0.45,0.50,0.23,0.13,0.36,0.23,0.36,Matches,28,10,35.7,1.40,0.50,0.32,0.90,12.0,0,0.16,+4.4,+4.4,430,588,73.1,6295,2308,251,300,83.7,143,185,77.3,19,59,32.2,1.9,-1.6,18,25,11,6,555,32,0,3,18,29,0,0,0,0,1,16,36,1.79,27,0,3,1,2,7,0.35,4,0,1,0,0,53,28,25,20,8,34,66.7,17,23,35,88,71,0,866,84,49,7,50.0,7,50.0,390,6,28,2,469,60,60.8,74,5,8,23,2,1.90,42,25,+17,+0.85,+0.77,29.5,25.6,+3.9,+0.20,+0.41,0,31,0,1,0,72,53,64.6
638,Anthony Ramirez,us USA,MF,FC Dallas,19-290,2005,1,0,1,0.0,0,0,0,0,0,0,0,0,0.0,0.0,0.1,0.1,0,1,1,0.00,0.00,0.00,0.00,0.00,0.00,5.93,5.93,0.00,5.93,Matches,0,0,,0.00,0.00,,,,0,,0.0,0.0,8,8,100.0,98,53,5,5,100.0,2,2,100.0,0,0,,0.0,-0.1,1,1,0,0,7,1,0,0,0,0,0,0,0,0,0,0,1,90.00,1,0,0,0,0,0,0.00,0,0,0,0,0,0,0,0,0,0,0,,0,0,0,0,0,0,8,0,0,0,,0,,4,0,0,0,7,1,0.0,,0,1,1,8,3.00,0,1,-1,-90.00,-89.94,0.1,0.1,-0.1,-6.35,-6.33,0,0,0,0,0,1,0,
176,Antoine Coupland,ca CAN,FW,Vancouver W'caps,21-300,2003,2,0,16,0.2,1,0,1,1,0,0,0,0,0.0,0.0,0.0,0.0,0,1,1,5.63,0.00,5.63,5.63,5.63,0.24,0.00,0.24,0.24,0.24,Matches,1,1,100.0,5.63,5.63,1.00,1.00,15.1,0,0.04,+1.0,+1.0,3,4,75.0,61,20,0,0,,3,3,100.0,0,0,,0.1,0.0,0,0,1,0,4,0,0,0,1,0,0,0,0,0,0,1,0,0.00,0,0,0,0,0,0,0.00,0,0,0,0,0,0,0,0,0,0,0,,0,0,0,0,0,0,8,0,2,2,66.7,1,33.3,5,0,2,0,4,8,0.6,,0,2,8,1,1.50,1,1,0,0.00,-0.88,0.1,0.6,-0.5,-2.71,-3.47,0,2,0,0,0,2,0,
142,Antonio Carlos,br BRA,DF,Houston Dynamo,32-215,1993,7,6,513,5.7,1,0,1,1,0,0,1,0,0.4,0.4,0.3,0.7,3,20,2,0.18,0.00,0.18,0.18,0.18,0.07,0.04,0.12,0.07,0.12,Matches,8,2,25.0,1.40,0.35,0.13,0.50,10.6,0,0.05,+0.6,+0.6,274,308,89.0,4725,1920,122,130,93.8,127,135,94.1,22,36,61.1,0.1,-0.3,3,14,0,0,280,26,0,1,1,0,0,0,0,0,2,0,4,0.70,4,0,0,0,0,0,0.00,0,0,0,0,0,5,4,4,0,1,4,100.0,0,2,8,13,45,0,389,75,16,0,,0,,194,1,4,0,230,73,17.3,78,4,1,45,1,0.86,9,11,-2,-0.35,+0.05,8.2,10.3,-2.2,-0.38,-0.27,0,5,0,0,0,27,13,65.0
,Antonio Carrera,,,,,,,,,,,,,,,,,,,,,,,,,,,,,,,,,,,,,,,,,,,,,,,,,,,,,,,,,,,,,,,,,,,,,,,,,,,,,,,,,,,,,,,,,,,,,,,,,,,,,,,,,,,,,,,,,,,,,,,,,,0,0,,2,,,,,,,,,,,,,,,,,,,
,Antonio Gomez,,,,,,,,,,,,,,,,,,,,,,,,,,,,,,,,,,,,,,,,,,,,,,,,,,,,,,,,,,,,,,,,,,,,,,,,,,,,,,,,,,,,,,,,,,,,,,,,,,,,,,,,,,,,,,,,,,,,,,,,,,0,0,,4,,,,,,,,,,,,,,,,,,,
34,Antony,br BRA,"FW,MF",Portland Timbers,24-030,2001,27,25,2112,23.5,7,5,12,7,0,0,5,0,7.9,7.9,2.7,10.6,95,87,247,0.30,0.21,0.51,0.30,0.51,0.34,0.12,0.45,0.34,0.45,Matches,62,28,45.2,2.64,1.19,0.11,0.25,18.5,0,0.13,-0.9,-0.9,709,924,76.7,10626,2578,400,479,83.5,251,307,81.8,35,58,60.3,2.1,+2.3,29,51,25,4,894,24,1,1,29,23,0,0,0,0,6,31,72,3.07,56,0,10,4,0,10,0.43,8,0,2,0,0,46,26,19,11,16,24,44.4,30,17,11,57,20,0,1265,28,104,56,45.2,65,52.4,839,35,60,35,936,78,71.1,81,14,2,38,0,1.37,33,32,+1,+0.04,+0.46,30.5,33.9,-3.4,-0.15,+0.49,0,40,0,1,0,129,9,26.5
306,Aníbal Godoy,pa PAN,MF,San Diego FC,35-240,1990,24,20,1651,18.3,1,1,2,1,0,0,5,0,1.4,1.4,0.6,2.0,15,141,26,0.05,0.05,0.11,0.05,0.11,0.08,0.03,0.11,0.08,0.11,Matches,17,6,35.3,0.93,0.33,0.06,0.17,20.1,0,0.09,-0.4,-0.4,1337,1471,90.9,21271,7575,745,788,94.5,472,505,93.5,90,131,68.7,1.9,+0.4,12,149,12,2,1418,49,5,18,3,3,0,0,0,0,4,11,40,2.18,35,0,0,3,0,5,0.27,3,0,0,2,0,28,13,12,12,4,9,47.4,10,15,18,46,16,0,1625,59,14,7,41.2,7,41.2,947,1,19,10,1336,69,55.6,78,5,4,25,2,1.92,31,18,+13,+0.71,+0.30,29.1,23.1,+6.0,+0.33,+0.35,0,35,1,0,0,92,18,75.0
311,Archie Goodwin,au AUS,"MF,FW",Charlotte,20-335,2004,5,0,39,0.4,0,0,0,0,0,0,0,0,0.0,0.0,0.1,0.1,0,1,2,0.00,0.00,0.00,0.00,0.00,0.00,0.25,0.25,0.00,0.25,Matches,0,0,,0.00,0.00,,,,0,,0.0,0.0,6,10,60.0,80,28,3,5,60.0,2,4,50.0,0,0,,0.1,-0.1,1,0,0,0,10,0,0,0,0,0,0,0,0,0,0,0,1,2.37,1,0,0,0,0,0,0.00,0,0,0,0,0,2,1,0,0,2,0,,0,0,0,2,0,0,23,0,4,0,0.0,1,100.0,12,1,8,0,15,8,1.3,,0,5,8,0,1.80,0,1,-1,-2.31,-2.55,0.3,2.2,-1.9,-4.52,-4.49,0,1,0,0,0,1,1,33.3
621,Ariath Piol,au AUS,"FW,MF",Real Salt Lake,20-362,2004,23,11,858,9.5,1,1,2,1,0,0,0,1,1.5,1.5,0.3,1.9,6,10,47,0.10,0.10,0.21,0.10,0.21,0.16,0.03,0.19,0.16,0.19,Matches,12,2,16.7,1.26,0.21,0.08,0.50,19.6,0,0.13,-0.5,-0.5,110,143,76.9,1548,205,58,71,81.7,31,43,72.1,8,9,88.9,0.3,+0.7,7,4,2,0,136,7,0,0,2,1,0,0,0,0,0,1,17,1.78,15,0,1,1,0,2,0.21,2,0,0,0,0,3,2,0,1,2,1,33.3,2,7,2,5,5,0,239,6,27,4,28.6,7,50.0,154,5,36,19,182,37,29.8,59,0,12,17,7,1.57,14,10,+4,+0.42,+1.04,11.0,11.8,-0.7,-0.08,+0.37,0,9,0,0,0,13,12,31.6
430,Ariel Lassiter,cr CRC,"MF,FW",Portland Timbers,31-011,1994,21,4,531,5.9,0,1,1,0,0,0,2,0,0.3,0.3,0.6,0.9,32,22,57,0.00,0.17,0.17,0.00,0.17,0.06,0.10,0.15,0.06,0.15,Matches,9,3,33.3,1.53,0.51,0.00,0.00,21.3,1,0.04,-0.3,-0.3,166,233,71.2,2910,786,78,88,88.6,64,89,71.9,18,40,45.0,1.0,+0.4,7,14,8,5,204,28,0,4,42,3,17,14,2,0,1,6,20,3.39,15,3,0,2,0,2,0.34,2,0,0,0,0,1,1,0,1,0,1,50.0,1,5,0,1,1,0,284,5,14,4,33.3,7,58.3,179,5,15,5,213,25,17.9,66,0,17,16,5,1.14,2,9,-7,-1.19,-1.33,7.5,10.0,-2.5,-0.42,-0.17,0,4,0,0,0,18,0,0.0
743,Artem Smoliakov,ua UKR,"DF,MF",LAFC,22-132,2003,23,12,1032,11.5,1,3,4,1,0,0,1,0,0.6,0.6,2.6,3.2,37,40,83,0.09,0.26,0.35,0.09,0.35,0.05,0.22,0.28,0.05,0.28,Matches,11,3,27.3,0.96,0.26,0.09,0.33,24.4,0,0.06,+0.4,+0.4,525,632,83.1,8011,1551,270,294,91.8,216,248,87.1,24,57,42.1,1.8,+0.4,12,25,7,4,562,68,1,1,30,55,9,5,4,0,2,12,25,2.18,21,2,0,1,0,5,0.44,5,0,0,0,0,17,10,6,7,4,8,42.1,11,11,11,28,33,0,763,35,18,7,35.0,11,55.0,472,2,13,7,535,45,37.0,75,4,11,12,7,1.74,24,16,+8,+0.70,-0.12,20.7,10.1,+10.6,+0.92,+0.28,0,13,0,0,0,41,7,36.8
43,Artur,br BRA,MF,Houston Dynamo,29-211,1996,32,31,2760,30.7,1,0,1,1,0,0,5,1,0.4,0.4,0.3,0.6,14,165,26,0.03,0.00,0.03,0.03,0.03,0.01,0.01,0.02,0.01,0.02,Matches,11,2,18.2,0.36,0.07,0.09,0.50,27.6,0,0.03,+0.6,+0.6,1649,1877,87.9,26650,8079,830,877,94.6,653,721,90.6,118,183,64.5,1.1,-0.3,9,144,17,3,1773,102,1,12,13,5,0,0,0,0,2,28,49,1.60,47,0,0,2,0,2,0.07,2,0,0,0,0,56,30,27,22,7,22,48.9,23,25,42,98,38,3,2135,91,6,20,58.8,11,32.4,1241,1,21,15,1497,86,92.9,88,23,1,45,0,1.03,40,55,-15,-0.49,-1.35,38.5,46.1,-7.5,-0.25,-1.27,1,40,0,0,0,168,13,46.4
,Ascel Essengue,,,,,,,,,,,,,,,,,,,,,,,,,,,,,,,,,,,,,,,,,,,,,,,,,,,,,,,,,,,,,,,,,,,,,,,,,,,,,,,,,,,,,,,,,,,,,,,,,,,,,,,,,,,,,,,,,,,,,,,,,,0,0,,2,,,,,,,,,,,,,,,,,,,
840,Ashley Westwood,eng ENG,MF,Charlotte,35-190,1990,31,31,2790,31.0,1,4,5,1,0,0,9,0,1.5,1.5,3.4,4.9,14,179,29,0.03,0.13,0.16,0.03,0.16,0.05,0.11,0.16,0.05,0.16,Matches,15,3,20.0,0.48,0.10,0.07,0.33,23.3,4,0.10,-0.5,-0.5,1578,1910,82.6,30434,9893,599,646,92.7,743,852,87.2,207,346,59.8,3.6,+0.6,37,190,39,2,1740,156,4,14,85,3,47,23,11,0,14,17,73,2.35,55,15,0,1,0,8,0.26,5,3,0,0,0,32,20,15,15,2,20,66.7,10,13,27,59,48,1,2116,98,17,5,41.7,7,58.3,1180,2,22,5,1499,90,93.9,90,31,0,,0,1.61,51,46,+5,+0.16,-0.84,47.2,49.0,-1.8,-0.06,+0.49,0,25,0,0,0,157,9,64.3
,Ashton Gordon,,,,,,,,,,,,,,,,,,,,,,,,,,,,,,,,,,,,,,,,,,,,,,,,,,,,,,,,,,,,,,,,,,,,,,,,,,,,,,,,,,,,,,,,,,,,,,,,,,,,,,,,,,,,,,,,,,,,,,,,,,0,0,,1,,,,,,,,,,,,,,,,,,,
,Austin Causey,,,,,,,,,,,,,,,,,,,,,,,,,,,,,,,,,,,,,,,,,,,,,,,,,,,,,,,,,,,,,,,,,,,,,,,,,,,,,,,,,,,,,,,,,,,,,,,,,,,,,,,,,,,,,,,,,,,,,,,,,,0,0,,1,,,,,,,,,,,,,,,,,,,
379,Ayoub Jabbari,ma MAR,"FW,DF",FC Cincinnati,25-251,2000,5,1,116,1.3,0,0,0,0,0,0,0,0,0.2,0.2,0.1,0.3,5,2,5,0.00,0.00,0.00,0.00,0.00,0.12,0.08,0.20,0.12,0.20,Matches,3,1,33.3,2.33,0.78,0.00,0.00,15.0,0,0.05,-0.2,-0.2,19,27,70.4,213,43,12,14,85.7,5,8,62.5,0,1,0.0,0.1,-0.1,1,1,1,0,26,1,0,0,2,0,0,0,0,0,0,0,2,1.55,2,0,0,0,0,0,0.00,0,0,0,0,0,0,0,0,0,0,0,,0,1,0,0,2,0,53,1,8,3,100.0,0,0.0,29,1,11,5,36,23,3.9,45,0,4,18,0,2.00,1,2,-1,-0.78,-1.09,2.7,2.3,+0.4,+0.27,+0.53,0,2,0,0,0,5,4,33.3
380,Aziel Jackson,us USA,"MF,FW",Columbus Crew,23-349,2001,18,7,733,8.1,2,1,3,2,0,0,0,0,2.6,2.6,0.3,2.8,21,50,57,0.25,0.12,0.37,0.25,0.37,0.32,0.03,0.35,0.32,0.35,Matches,25,9,36.0,3.07,1.11,0.08,0.22,18.8,0,0.10,-0.6,-0.6,271,303,89.4,4170,1002,141,150,94.0,110,120,91.7,12,15,80.0,0.6,+0.7,5,31,18,0,289,10,2,2,2,4,1,0,0,0,4,5,19,2.34,15,0,1,2,1,1,0.12,1,0,0,0,0,10,5,3,4,3,4,40.0,6,8,7,17,7,1,434,8,22,16,38.1,24,57.1,313,2,28,18,350,41,24.7,67,0,11,24,4,1.89,14,9,+5,+0.61,+0.73,15.1,10.0,+5.1,+0.62,+0.63,0,14,0,0,0,33,1,14.3
662,Baltasar Rodríguez,ar ARG,MF,Inter Miami,22-091,2003,12,4,454,5.0,2,2,4,2,0,0,3,0,1.2,1.2,0.4,1.6,9,17,30,0.40,0.40,0.79,0.40,0.79,0.25,0.08,0.33,0.25,0.33,Matches,12,5,41.7,2.38,0.99,0.17,0.40,21.7,0,0.10,+0.8,+0.8,215,243,88.5,3269,683,109,118,92.4,85,92,92.4,10,16,62.5,0.7,+1.6,2,14,7,1,235,8,2,3,3,3,3,0,0,0,0,4,14,2.78,12,0,0,2,0,2,0.40,2,0,0,0,0,12,8,8,3,1,3,14.3,18,5,6,18,5,0,307,8,10,5,41.7,6,50.0,197,3,12,4,232,38,15.8,62,0,8,26,0,2.00,15,6,+9,+1.78,+1.41,12.5,6.4,+6.1,+1.21,+0.84,0,10,0,0,0,25,1,33.3
737,Bartosz Slisz,pl POL,MF,Atlanta Utd,26-193,1999,28,25,2203,24.5,2,1,3,2,0,0,10,0,1.7,1.7,1.5,3.2,41,156,34,0.08,0.04,0.12,0.08,0.12,0.07,0.06,0.13,0.07,0.13,Matches,23,8,34.8,0.94,0.33,0.09,0.25,20.6,0,0.07,+0.3,+0.3,1390,1571,88.5,22634,7027,665,729,91.2,600,651,92.2,91,122,74.6,2.0,-0.5,23,169,18,2,1527,41,2,7,13,2,0,0,0,0,3,27,53,2.17,40,1,2,2,2,4,0.16,4,0,0,0,0,45,30,18,23,4,16,44.4,20,20,39,84,56,2,1811,91,22,16,51.6,12,38.7,1072,1,22,13,1270,79,76.5,86,21,3,16,0,0.89,27,41,-14,-0.57,+0.36,30.8,36.3,-5.5,-0.22,-0.53,0,36,0,1,0,147,40,66.7
175,Baye Coulibaly,ml MLI,MF,Charlotte,19-273,2006,1,0,2,0.0,0,0,0,0,0,0,0,0,0.0,0.0,0.0,0.0,0,0,0,0.00,0.00,0.00,0.00,0.00,0.00,0.00,0.00,0.00,0.00,Matches,0,0,,0.00,0.00,,,,0,,0.0,0.0,0,0,,0,0,0,0,,0,0,,0,0,,0.0,0.0,0,0,0,0,0,0,0,0,0,0,0,0,0,0,0,0,0,0.00,0,0,0,0,0,0,0.00,0,0,0,0,0,0,0,0,0,0,0,,0,0,0,0,0,0,1,0,0,0,,0,,0,0,0,0,0,2,0.1,,0,1,2,0,3.00,0,0,0,0.00,-0.21,0.0,0.0,0.0,+1.63,+1.72,0,0,0,0,0,0,0,
436,Beau Leroux,us USA,MF,SJ Earthquakes,22-038,2003,32,24,2033,22.6,5,3,8,5,0,0,3,0,3.5,3.5,1.9,5.4,26,133,64,0.22,0.13,0.35,0.22,0.35,0.15,0.09,0.24,0.15,0.24,Matches,36,18,50.0,1.59,0.80,0.14,0.28,19.6,0,0.10,+1.5,+1.5,921,1118,82.4,14605,4658,475,531,89.5,336,391,85.9,69,99,69.7,2.0,+1.1,18,98,18,2,1077,34,8,6,17,10,2,1,0,0,7,30,64,2.83,50,0,3,4,3,10,0.44,6,0,1,1,1,59,34,26,28,5,30,73.2,11,23,34,93,36,1,1436,53,48,29,44.6,33,50.8,821,15,50,45,961,64,68.5,77,4,8,24,1,1.09,38,37,+1,+0.04,+0.52,38.7,34.9,+3.8,+0.17,+0.13,0,17,1,0,0,154,22,51.2
330,Belal Halbouni,sy SYR,DF,Vancouver W'caps,25-283,1999,11,5,552,6.1,0,0,0,0,0,0,4,0,0.2,0.2,0.1,0.3,2,29,0,0.00,0.00,0.00,0.00,0.00,0.02,0.02,0.05,0.02,0.05,Matches,1,0,0.0,0.16,0.00,0.00,,6.8,0,0.15,-0.2,-0.2,418,452,92.5,8263,2571,139,150,92.7,233,239,97.5,43,58,74.1,0.4,-0.1,2,47,2,0,433,18,0,13,0,2,0,0,0,0,1,1,4,0.65,4,0,0,0,0,0,0.00,0,0,0,0,0,6,3,5,1,0,4,66.7,2,2,6,12,22,1,501,46,4,2,100.0,0,0.0,311,0,1,4,375,50,19.2,90,5,6,17,16,1.91,18,7,+11,+1.79,+1.14,18.4,7.7,+10.7,+1.75,+1.25,0,7,0,0,0,36,10,58.8
80,Ben Bender,us USA,"MF,FW",Philadelphia Union,24-215,2001,7,4,321,3.6,0,0,0,0,0,0,3,0,0.2,0.2,0.4,0.6,2,10,34,0.00,0.00,0.00,0.00,0.00,0.06,0.10,0.16,0.06,0.16,Matches,5,0,0.0,1.40,0.00,0.00,,20.9,0,0.04,-0.2,-0.2,102,141,72.3,1622,425,56,68,82.4,33,44,75.0,10,14,71.4,0.9,-0.4,2,7,6,3,136,4,0,0,15,1,0,0,0,0,1,5,8,2.24,5,1,0,0,0,1,0.28,1,0,0,0,0,3,1,1,2,0,2,25.0,6,3,0,3,0,0,178,0,14,2,25.0,6,75.0,105,1,8,4,126,46,10.8,69,1,3,15,4,1.86,4,2,+2,+0.56,-0.19,5.4,3.3,+2.0,+0.57,+0.05,0,4,0,0,0,18,8,88.9
178,Ben Cremaschi,us USA,"MF,FW",Inter Miami,20-220,2005,22,16,1388,15.4,1,2,3,1,0,0,6,0,1.6,1.6,2.4,4.0,20,41,87,0.06,0.13,0.19,0.06,0.19,0.10,0.15,0.26,0.10,0.26,Matches,12,3,25.0,0.78,0.19,0.08,0.33,15.4,1,0.13,-0.6,-0.6,573,700,81.9,8819,1859,304,332,91.6,193,232,83.2,42,69,60.9,2.3,-0.4,16,26,12,3,658,42,1,3,35,16,20,6,11,0,0,23,32,2.07,23,7,0,0,1,4,0.26,3,1,0,0,0,37,21,10,20,7,17,51.5,16,13,11,48,5,0,849,11,35,12,40.0,16,53.3,510,7,24,11,596,63,48.2,79,9,6,22,3,2.00,32,25,+7,+0.45,-0.27,25.6,19.3,+6.4,+0.41,-0.17,0,18,0,0,0,74,13,50.0
413,Benjamin Kikanovic,us USA,"MF,DF",SJ Earthquakes,25-275,2000,9,4,332,3.7,0,0,0,0,0,0,3,0,0.0,0.0,0.7,0.7,12,13,27,0.00,0.00,0.00,0.00,0.00,0.00,0.20,0.20,0.00,0.20,Matches,0,0,,0.00,0.00,,,,0,,0.0,0.0,150,208,72.1,2085,739,99,119,83.2,38,54,70.4,8,16,50.0,0.9,-0.7,5,7,6,4,171,36,0,0,19,34,0,0,0,0,1,9,7,1.90,6,0,0,1,0,0,0.00,0,0,0,0,0,7,6,2,4,1,6,60.0,4,5,4,11,14,0,260,22,8,3,33.3,5,55.6,142,1,5,1,148,37,11.2,58,0,5,20,4,1.00,3,4,-1,-0.27,-0.17,4.8,7.1,-2.4,-0.64,-0.87,0,5,0,0,0,15,4,33.3
459,Benjamin Lundt,de GER,GK,St. Louis,30-014,1995,9,9,810,9.0,0,0,0,0,0,0,1,0,0.0,0.0,0.0,0.0,0,0,0,0.00,0.00,0.00,0.00,0.00,0.00,0.00,0.00,0.00,0.00,Matches,0,0,,0.00,0.00,,,,0,,0.0,0.0,214,291,73.5,6517,4926,35,35,100.0,84,85,98.8,94,169,55.6,0.1,0.0,0,3,0,0,182,109,0,1,0,0,0,0,0,0,0,0,0,0.00,0,0,0,0,0,0,0.00,0,0,0,0,0,0,0,0,0,0,0,0.0,1,0,0,0,8,0,321,289,0,0,,0,,151,0,0,0,116,90,27.3,90,9,0,,23,0.50,6,15,-9,-1.00,-0.79,10.5,15.7,-5.2,-0.58,-0.47,0,0,0,0,0,7,2,100.0
403,Bernard Kamungo,us USA,"FW,DF",FC Dallas,23-280,2002,26,14,1407,15.6,2,1,3,2,0,0,2,0,3.3,3.3,1.0,4.3,42,34,100,0.13,0.06,0.19,0.13,0.19,0.21,0.06,0.28,0.21,0.28,Matches,27,9,33.3,1.73,0.58,0.07,0.22,16.6,0,0.12,-1.3,-1.3,335,438,76.5,4803,1356,202,234,86.3,98,126,77.8,18,30,60.0,1.5,0.0,12,23,15,5,395,41,0,3,25,34,0,0,0,0,2,19,40,2.56,26,2,6,2,0,2,0.13,1,0,0,0,0,20,11,12,4,4,9,39.1,14,8,13,33,12,0,611,23,47,29,58.0,19,38.0,337,16,37,14,373,54,48.9,79,8,12,25,5,1.23,25,23,+2,+0.13,+0.43,23.6,23.3,+0.3,+0.02,+0.10,0,14,0,0,0,71,6,33.3
691,Besard Sabovic,se SWE,MF,Austin,27-276,1998,30,19,1708,19.0,1,0,1,1,0,0,7,0,1.3,1.3,1.4,2.7,17,70,28,0.05,0.00,0.05,0.05,0.05,0.07,0.08,0.14,0.07,0.14,Matches,22,4,18.2,1.16,0.21,0.05,0.25,21.6,4,0.06,-0.3,-0.3,674,808,83.4,11127,3004,323,357,90.5,291,332,87.7,40,84,47.6,1.3,-1.4,18,65,9,2,779,26,2,7,13,3,8,3,4,0,3,7,44,2.32,30,3,2,7,0,2,0.11,1,0,0,0,0,36,20,16,19,1,17,60.7,11,13,20,56,31,0,973,41,22,10,58.8,5,29.4,538,3,18,6,666,57,59.3,75,5,11,25,0,1.37,18,29,-11,-0.58,-0.81,24.5,24.7,-0.3,-0.01,+0.40,0,58,0,0,0,62,11,45.8
404,Bibi Karamoko,us USA,FW,D.C. United,19-341,2005,1,0,20,0.2,0,0,0,0,0,0,1,0,0.0,0.0,0.0,0.0,0,0,3,0.00,0.00,0.00,0.00,0.00,0.00,0.11,0.11,0.00,0.11,Matches,0,0,,0.00,0.00,,,,0,,0.0,0.0,3,5,60.0,31,0,3,4,75.0,0,1,0.0,0,0,,0.0,0.0,1,0,0,0,5,0,0,0,0,0,0,0,0,0,0,0,2,9.00,2,0,0,0,0,0,0.00,0,0,0,0,0,0,0,0,0,0,0,,0,0,0,0,0,0,7,0,0,0,,0,,3,0,2,0,6,20,0.7,,0,1,20,3,0.00,0,1,-1,-4.50,-3.43,0.0,0.8,-0.7,-3.28,-2.87,0,2,0,0,0,0,1,33.3
797,Bill Tuiloma,nz NZL,DF,Charlotte,30-195,1995,8,6,427,4.7,1,0,1,1,0,0,0,0,0.4,0.4,0.1,0.4,0,12,2,0.21,0.00,0.21,0.21,0.21,0.08,0.01,0.09,0.08,0.09,Matches,4,1,25.0,0.84,0.21,0.25,1.00,10.1,0,0.09,+0.6,+0.6,194,229,84.7,3819,1337,80,83,96.4,79,88,89.8,31,47,66.0,0.1,-0.1,1,23,1,0,191,38,0,1,2,29,0,0,0,0,0,5,2,0.42,2,0,0,0,0,1,0.21,1,0,0,0,0,6,6,2,4,0,5,50.0,5,1,1,7,18,1,264,21,4,0,,0,,145,0,0,0,173,53,14.4,67,0,2,14,23,2.38,9,6,+3,+0.63,+0.49,5.9,7.5,-1.6,-0.33,-0.29,0,4,0,0,0,9,7,70.0
657,Birk Risa,no NOR,DF,NYCFC,27-237,1998,17,12,1057,11.7,0,0,0,0,0,0,1,0,0.3,0.3,0.7,1.0,10,57,18,0.00,0.00,0.00,0.00,0.00,0.03,0.06,0.08,0.03,0.08,Matches,4,1,25.0,0.34,0.09,0.00,0.00,22.7,2,0.07,-0.3,-0.3,633,779,81.3,12073,4253,252,273,92.3,303,350,86.6,76,141,53.9,1.1,-0.7,7,51,7,1,671,106,1,12,9,61,0,0,0,0,2,5,13,1.11,12,0,0,0,0,0,0.00,0,0,0,0,0,16,8,7,8,1,10,62.5,6,7,12,28,65,0,924,107,3,0,0.0,5,100.0,444,0,5,4,559,62,35.6,76,5,5,30,2,1.65,16,14,+2,+0.17,-0.06,15.5,14.4,+1.1,+0.10,-0.15,0,10,0,0,0,46,22,52.4
374,Bjørn Inge Utvik,no NOR,DF,Vancouver W'caps,29-222,1996,16,12,1029,11.4,0,0,0,0,0,0,1,0,0.4,0.4,0.1,0.6,5,35,2,0.00,0.00,0.00,0.00,0.00,0.04,0.01,0.05,0.04,0.05,Matches,5,0,0.0,0.44,0.00,0.00,,8.1,0,0.09,-0.4,-0.4,610,676,90.2,12789,4318,145,160,90.6,384,399,96.2,77,102,75.5,0.2,-0.1,2,40,1,0,651,22,0,12,2,1,0,0,0,0,3,4,3,0.26,3,0,0,0,0,0,0.00,0,0,0,0,0,8,8,4,2,2,3,100.0,0,1,4,12,60,1,769,88,17,1,50.0,1,50.0,523,0,1,0,596,64,35.7,81,6,4,15,6,1.69,19,15,+4,+0.35,-0.82,18.4,15.5,+2.9,+0.25,-0.75,0,5,0,0,0,26,30,71.4
298,Blake Gillingham,us USA,GK,Houston Dynamo,22-362,2002,4,3,294,3.3,0,0,0,0,0,0,0,0,0.0,0.0,0.0,0.0,0,0,0,0.00,0.00,0.00,0.00,0.00,0.00,0.00,0.00,0.00,0.00,Matches,0,0,,0.00,0.00,,,,0,,0.0,0.0,68,100,68.0,1628,1083,14,14,100.0,40,40,100.0,13,45,28.9,0.0,0.0,0,2,0,0,76,24,0,1,0,0,0,0,0,0,0,0,1,0.31,1,0,0,0,0,0,0.00,0,0,0,0,0,1,0,1,0,0,1,100.0,0,0,0,1,0,0,112,94,0,0,,0,,57,0,0,0,55,74,9.9,90,3,1,24,4,1.25,3,4,-1,-0.31,+0.10,3.1,4.0,-0.8,-0.25,-0.11,0,0,0,0,0,3,0,
353,Bode Hidalgo,us USA,DF,Real Salt Lake,23-228,2002,18,8,821,9.1,0,0,0,0,0,0,5,1,0.4,0.4,0.2,0.6,20,43,27,0.00,0.00,0.00,0.00,0.00,0.04,0.02,0.06,0.04,0.06,Matches,7,3,42.9,0.77,0.33,0.00,0.00,23.6,0,0.06,-0.4,-0.4,494,584,84.6,8555,2807,240,259,92.7,197,231,85.3,45,74,60.8,0.3,-0.2,4,28,4,2,510,74,1,8,7,59,0,0,0,0,0,5,17,1.86,16,1,0,0,0,1,0.11,1,0,0,0,0,19,11,11,8,0,12,46.2,14,4,8,27,40,1,681,46,8,2,50.0,1,25.0,381,4,6,3,443,46,28.5,84,5,10,15,6,1.33,10,11,-1,-0.11,+0.28,11.0,14.1,-3.2,-0.35,-0.02,1,11,0,0,0,33,7,50.0
354,Bode Hidalgo,us USA,DF,CF Montréal,23-228,2002,5,3,259,2.9,0,0,0,0,0,0,1,0,0.2,0.2,0.2,0.4,4,9,7,0.00,0.00,0.00,0.00,0.00,0.05,0.08,0.13,0.05,0.13,Matches,7,3,42.9,0.77,0.33,0.00,0.00,23.6,0,0.06,-0.4,-0.4,494,584,84.6,8555,2807,240,259,92.7,197,231,85.3,45,74,60.8,0.3,-0.2,4,28,4,2,510,74,1,8,7,59,0,0,0,0,0,5,17,1.86,16,1,0,0,0,1,0.11,1,0,0,0,0,19,11,11,8,0,12,46.2,14,4,8,27,40,1,681,46,8,2,50.0,1,25.0,381,4,6,3,443,46,28.5,84,5,10,15,6,1.33,10,11,-1,-0.11,+0.28,11.0,14.1,-3.2,-0.35,-0.02,1,11,0,0,0,33,7,50.0
358,Bongokuhle Hlongwane,za RSA,"DF,MF",Minnesota Utd,25-110,2000,33,26,2289,25.4,3,1,4,3,0,0,1,0,3.9,3.9,2.2,6.0,48,65,113,0.12,0.04,0.16,0.12,0.16,0.15,0.08,0.24,0.15,0.24,Matches,30,10,33.3,1.18,0.39,0.10,0.30,15.1,0,0.13,-0.9,-0.9,500,643,77.8,7530,2084,274,330,83.0,163,193,84.5,38,65,58.5,2.1,-1.2,20,37,16,4,623,17,1,1,17,11,0,0,0,0,3,20,63,2.48,50,0,4,8,0,7,0.28,5,0,0,2,0,39,27,31,7,1,24,51.1,23,13,25,64,78,0,972,75,66,25,36.2,35,50.7,511,19,50,33,562,69,77.1,80,12,7,32,0,1.76,45,25,+20,+0.79,+1.05,35.2,31.2,+4.0,+0.16,+0.55,0,28,1,0,0,113,22,40.0
239,Boris Enow,cm CMR,MF,D.C. United,25-192,2000,28,17,1625,18.1,1,0,1,1,0,0,8,0,0.5,0.5,0.3,0.8,7,89,12,0.06,0.00,0.06,0.06,0.06,0.03,0.02,0.04,0.03,0.04,Matches,9,2,22.2,0.50,0.11,0.11,0.50,27.6,2,0.06,+0.5,+0.5,749,885,84.6,12862,3615,346,384,90.1,323,368,87.8,66,91,72.5,0.8,-0.3,7,73,10,0,872,13,1,1,1,2,0,0,0,0,0,20,29,1.61,27,0,1,0,1,3,0.17,2,0,0,0,1,36,20,17,17,2,14,38.9,22,21,28,64,20,4,1041,19,5,8,61.5,5,38.5,516,1,15,17,668,58,54.7,78,6,11,27,3,0.86,17,29,-12,-0.66,+0.94,18.2,27.3,-9.1,-0.51,-0.16,0,48,0,0,0,106,11,37.9
322,Brad Guzan,us USA,GK,Atlanta Utd,41-029,1984,25,25,2250,25.0,0,0,0,0,0,0,1,0,0.0,0.0,0.0,0.0,0,0,0,0.00,0.00,0.00,0.00,0.00,0.00,0.00,0.00,0.00,0.00,Matches,0,0,,0.00,0.00,,,,0,,0.0,0.0,649,814,79.7,17076,11882,116,117,99.1,345,350,98.6,187,342,54.7,0.0,0.0,1,11,0,0,578,233,0,1,0,0,0,0,0,0,3,1,4,0.16,4,0,0,0,0,0,0.00,0,0,0,0,0,0,0,0,0,0,0,0.0,1,0,0,0,10,4,878,703,0,0,,0,,477,0,2,0,395,90,78.1,90,25,0,,7,0.84,30,48,-18,-0.72,-0.29,33.4,36.9,-3.5,-0.14,-0.17,0,0,0,0,0,37,2,66.7
740,Brad Smith,au AUS,"DF,MF",FC Cincinnati,31-182,1994,17,3,321,3.6,0,0,0,0,0,0,0,0,0.3,0.3,0.1,0.5,1,4,25,0.00,0.00,0.00,0.00,0.00,0.09,0.04,0.13,0.09,0.13,Matches,2,0,0.0,0.56,0.00,0.00,,15.7,0,0.16,-0.3,-0.3,105,142,73.9,1557,422,59,69,85.5,42,53,79.2,2,11,18.2,0.2,-0.1,3,3,2,1,121,19,0,0,13,19,0,0,0,0,2,2,6,1.68,5,0,0,0,0,0,0.00,0,0,0,0,0,5,2,4,1,0,4,100.0,0,2,1,6,4,0,175,5,9,0,0.0,5,100.0,82,0,7,1,107,19,10.8,53,0,14,12,5,1.88,4,6,-2,-0.56,-0.93,4.1,4.0,+0.1,+0.03,+0.30,0,5,0,0,0,13,3,50.0
756,Brad Stuver,us USA,GK,Austin,34-175,1991,32,32,2880,32.0,0,0,0,0,0,0,3,0,0.0,0.0,0.1,0.1,0,1,0,0.00,0.00,0.00,0.00,0.00,0.00,0.00,0.00,0.00,0.00,Matches,0,0,,0.00,0.00,,,,0,,0.0,0.0,858,1227,69.9,22892,17696,198,198,100.0,397,408,97.3,262,614,42.7,0.1,-0.1,2,15,1,0,904,317,0,1,0,1,0,0,0,0,6,0,10,0.31,9,1,0,0,0,0,0.00,0,0,0,0,0,1,1,1,0,0,1,100.0,0,0,0,1,9,4,1312,1058,0,2,100.0,0,0.0,723,0,1,0,595,90,100.0,90,32,0,,0,1.38,35,43,-8,-0.25,,40.9,46.6,-5.6,-0.18,,0,0,0,0,0,49,4,80.0
566,Braian Ojeda,py PAR,MF,Real Salt Lake,25-103,2000,29,24,2015,22.4,2,0,2,2,0,0,6,0,1.8,1.8,1.2,3.0,32,122,35,0.09,0.00,0.09,0.09,0.09,0.08,0.05,0.13,0.08,0.13,Matches,35,11,31.4,1.56,0.49,0.06,0.18,25.1,0,0.05,+0.2,+0.2,1058,1206,87.7,17776,5003,501,553,90.6,414,449,92.2,97,127,76.4,2.8,-1.2,24,115,18,7,1176,27,2,12,20,3,0,0,0,0,3,14,67,2.99,53,1,2,2,3,1,0.04,0,0,0,0,0,37,20,18,14,5,13,38.2,21,15,30,67,34,3,1440,59,20,29,59.2,14,28.6,834,3,33,20,1022,69,70.0,80,12,5,17,0,1.14,24,30,-6,-0.27,+0.15,26.1,32.6,-6.5,-0.29,+0.15,0,35,0,0,0,128,20,51.3
177,Brandan Craig,us USA,"DF,MF",CF Montréal,21-184,2004,22,13,1349,15.0,0,0,0,0,0,0,3,0,0.6,0.6,0.3,0.9,3,49,5,0.00,0.00,0.00,0.00,0.00,0.04,0.02,0.06,0.04,0.06,Matches,11,2,18.2,0.73,0.13,0.00,0.00,23.1,6,0.05,-0.6,-0.6,663,818,81.1,14092,5843,178,189,94.2,384,415,92.5,97,202,48.0,0.6,-0.3,8,60,1,1,705,111,1,10,36,2,27,22,1,0,2,3,20,1.34,13,4,0,0,1,1,0.07,1,0,0,0,0,16,9,10,6,0,4,44.4,5,5,13,29,66,0,953,109,5,2,66.7,1,33.3,520,0,3,1,603,61,45.4,89,11,9,21,7,1.14,17,23,-6,-0.40,+0.54,18.4,24.7,-6.3,-0.42,-0.30,0,10,0,0,0,35,19,47.5
126,Brandon Bye,us USA,DF,NE Revolution,29-313,1995,25,12,1102,12.2,0,0,0,0,0,0,0,0,0.7,0.7,1.3,2.0,7,30,88,0.00,0.00,0.00,0.00,0.00,0.06,0.11,0.16,0.06,0.16,Matches,9,1,11.1,0.74,0.08,0.00,0.00,11.8,0,0.08,-0.7,-0.7,446,578,77.2,6886,2607,246,281,87.5,158,199,79.4,26,56,46.4,1.6,-1.3,14,26,13,7,467,109,1,5,41,101,0,0,0,0,2,15,22,1.80,20,2,0,0,0,0,0.00,0,0,0,0,0,16,8,11,3,2,11,52.4,10,11,10,26,37,2,707,53,27,7,70.0,3,30.0,302,2,14,6,387,44,37.1,82,6,13,9,8,1.04,12,21,-9,-0.74,-0.83,14.2,17.5,-3.4,-0.27,-0.09,0,4,0,0,0,47,33,60.0
133,Brandon Cambridge,us USA,FW,Charlotte,23-036,2002,1,0,1,0.0,0,0,0,0,0,0,0,0,0.3,0.3,0.0,0.3,0,0,0,0.00,0.00,0.00,0.00,0.00,25.82,0.00,25.82,25.82,25.82,Matches,1,0,0.0,90.00,0.00,0.00,,2.7,0,0.29,-0.3,-0.3,0,0,,0,0,0,0,,0,0,,0,0,,0.0,0.0,0,0,0,0,0,0,0,0,0,0,0,0,0,0,0,0,0,0.00,0,0,0,0,0,0,0.00,0,0,0,0,0,0,0,0,0,0,0,,0,0,0,0,0,0,1,0,1,0,,0,,1,0,0,0,1,1,0.0,,0,1,1,10,3.00,0,0,0,0.00,-0.21,0.3,0.0,+0.3,+25.82,+25.92,0,0,0,0,0,0,0,
722,Brandon Servania,us USA,MF,D.C. United,26-210,1999,29,23,1948,21.6,0,2,2,0,0,0,6,0,0.8,0.8,0.8,1.6,15,68,24,0.00,0.09,0.09,0.00,0.09,0.04,0.04,0.07,0.04,0.07,Matches,14,3,21.4,0.65,0.14,0.00,0.00,23.9,0,0.06,-0.8,-0.8,771,887,86.9,12356,3296,406,444,91.4,281,307,91.5,62,93,66.7,0.8,+1.2,12,62,10,2,841,44,0,6,11,7,1,1,0,0,2,12,38,1.76,30,0,0,3,2,4,0.18,4,0,0,0,0,65,45,21,33,11,23,47.9,25,23,14,79,22,1,1085,28,12,11,55.0,8,40.0,552,1,29,16,696,67,65.6,78,9,6,26,3,0.86,17,40,-23,-1.06,+0.08,20.3,31.4,-11.1,-0.51,-0.23,0,36,0,1,0,100,11,42.3
815,Brandon Vazquez,us USA,FW,Austin,26-359,1998,19,19,1599,17.8,5,0,5,4,1,2,3,0,10.3,8.7,0.6,9.3,19,25,64,0.28,0.00,0.28,0.23,0.23,0.58,0.04,0.62,0.49,0.53,Matches,52,20,38.5,2.93,1.13,0.08,0.20,14.9,4,0.17,-5.3,-4.7,188,301,62.5,3302,640,86,128,67.2,70,105,66.7,25,39,64.1,0.7,-0.6,9,17,4,0,296,4,1,5,14,0,0,0,0,0,1,8,33,1.86,20,0,3,4,1,4,0.23,1,0,1,2,0,12,6,3,5,4,5,35.7,9,13,12,24,27,0,520,27,88,9,36.0,15,60.0,289,11,55,23,389,84,55.5,84,9,0,,0,1.37,14,17,-3,-0.17,+0.18,23.3,20.3,+3.0,+0.17,+0.78,0,36,0,0,1,33,49,46.7
110,Brandt Bronico,us USA,"MF,FW",Charlotte,30-110,1995,30,27,2243,24.9,2,3,5,2,0,0,10,0,2.5,2.5,1.4,4.0,35,107,63,0.08,0.12,0.20,0.08,0.20,0.10,0.06,0.16,0.10,0.16,Matches,17,4,23.5,0.68,0.16,0.12,0.50,15.8,0,0.16,-0.5,-0.5,702,857,81.9,11727,2886,328,382,85.9,302,356,84.8,56,80,70.0,2.4,+1.6,9,80,14,5,837,18,0,1,15,1,0,0,0,0,2,17,41,1.65,32,0,2,2,2,9,0.36,4,0,2,2,0,40,29,17,19,4,16,50.0,16,17,28,68,37,0,1064,53,41,12,48.0,12,48.0,585,5,21,13,674,75,75.5,80,10,3,24,1,1.77,40,31,+9,+0.36,+0.61,34.6,35.2,-0.6,-0.03,+0.26,0,50,1,0,0,72,15,44.1
148,Brayan Ceballos,co COL,DF,NE Revolution,24-137,2001,29,29,2551,28.3,1,0,1,1,0,0,9,0,0.7,0.7,0.2,0.9,14,61,8,0.04,0.00,0.04,0.04,0.04,0.02,0.01,0.03,0.02,0.03,Matches,11,2,18.2,0.39,0.07,0.09,0.50,11.1,0,0.06,+0.3,+0.3,1214,1393,87.2,23161,8587,442,477,92.7,617,660,93.5,134,221,60.6,0.6,-0.2,4,74,4,2,1359,30,2,8,7,8,0,0,0,0,4,9,13,0.46,11,0,0,1,0,0,0.00,0,0,0,0,0,51,34,36,15,0,23,74.2,8,23,43,94,150,2,1756,250,18,17,65.4,7,26.9,1039,0,19,6,1178,88,85.9,88,26,0,,0,0.97,34,40,-6,-0.21,0.00,35.5,42.4,-6.9,-0.24,-0.17,0,39,0,0,0,111,51,54.3
819,Brayan Vera,co COL,DF,Real Salt Lake,26-266,1999,25,21,1804,20.0,1,0,1,1,0,0,7,0,1.2,1.2,0.9,2.2,30,79,6,0.05,0.00,0.05,0.05,0.05,0.06,0.05,0.11,0.06,0.11,Matches,25,4,16.0,1.25,0.20,0.04,0.25,26.4,3,0.05,-0.2,-0.2,1084,1243,87.2,21781,7812,366,396,92.4,563,602,93.5,139,212,65.6,0.7,-0.9,7,103,4,2,1176,62,1,14,15,10,3,3,0,0,5,5,25,1.25,21,3,0,0,0,2,0.10,2,0,0,0,0,25,19,14,10,1,15,68.2,7,16,19,44,90,1,1444,100,11,0,0.0,1,100.0,867,0,8,0,995,72,62.6,82,17,4,19,1,1.36,19,29,-10,-0.50,-0.50,25.7,30.4,-4.7,-0.24,+0.26,0,27,0,2,2,59,29,55.8
357,Brendan Hines-Ike,us USA,DF,Austin,30-312,1994,29,29,2609,29.0,0,1,1,0,0,0,4,1,1.1,1.1,0.7,1.8,13,58,2,0.00,0.03,0.03,0.00,0.03,0.04,0.02,0.06,0.04,0.06,Matches,10,0,0.0,0.34,0.00,0.00,,12.4,0,0.11,-1.1,-1.1,1283,1412,90.9,25112,8656,359,372,96.5,802,845,94.9,111,177,62.7,0.5,+0.3,2,74,2,0,1358,53,1,8,4,2,0,0,0,0,1,1,10,0.34,8,0,1,1,0,2,0.07,2,0,0,0,0,16,10,12,4,0,4,40.0,6,5,12,28,175,3,1692,280,16,5,100.0,0,0.0,1072,1,15,2,1218,90,90.6,90,28,0,,1,1.48,34,38,-4,-0.14,+1.19,39.0,42.3,-3.3,-0.11,+0.66,1,17,0,0,0,69,32,62.7
491,Brendan McSorley,us USA,FW,St. Louis,23-249,2002,7,2,251,2.8,2,1,3,2,0,0,1,0,1.6,1.6,0.6,2.1,8,6,15,0.72,0.36,1.08,0.72,1.08,0.56,0.20,0.76,0.56,0.76,Matches,13,5,38.5,4.66,1.79,0.15,0.40,13.9,0,0.12,+0.4,+0.4,38,58,65.5,666,260,20,32,62.5,12,16,75.0,5,8,62.5,0.1,+0.4,5,5,3,1,57,1,2,0,4,0,0,0,0,0,0,0,9,3.23,6,0,0,1,1,0,0.00,0,0,0,0,0,6,5,3,3,0,1,33.3,2,3,1,7,7,0,100,9,13,2,40.0,3,60.0,62,3,3,5,70,36,8.5,71,0,5,22,1,1.43,4,6,-2,-0.72,-0.32,5.5,6.2,-0.7,-0.24,-0.01,0,7,0,0,0,15,2,15.4
106,Brenner,br BRA,FW,FC Cincinnati,25-265,2000,5,5,426,4.7,3,1,4,3,0,0,1,0,3.1,3.1,0.7,3.8,9,18,34,0.63,0.21,0.85,0.63,0.85,0.66,0.14,0.80,0.66,0.80,Matches,14,6,42.9,2.96,1.27,0.21,0.50,16.6,0,0.22,-0.1,-0.1,134,156,85.9,2023,434,74,81,91.4,49,57,86.0,7,11,63.6,0.4,+0.3,6,16,4,1,153,2,1,0,2,1,1,0,0,0,1,2,14,2.96,12,0,0,0,0,2,0.42,2,0,0,0,0,5,3,1,2,2,4,80.0,1,3,1,6,1,0,202,1,15,4,57.1,3,42.9,119,1,11,3,161,85,14.3,85,4,0,,0,2.00,7,5,+2,+0.42,+0.17,8.3,9.3,-1.0,-0.22,+0.02,0,2,0,0,0,16,1,50.0
332,Bret Halsey,us USA,DF,FC Cincinnati,25-129,2000,1,0,33,0.4,0,0,0,0,0,0,0,0,0.0,0.0,0.1,0.1,1,1,1,0.00,0.00,0.00,0.00,0.00,0.00,0.28,0.28,0.00,0.28,Matches,0,0,,0.00,0.00,,,,0,,0.0,0.0,12,17,70.6,153,37,6,8,75.0,5,6,83.3,0,0,,0.0,-0.1,1,0,0,0,13,4,0,0,2,4,0,0,0,0,0,2,1,2.73,1,0,0,0,0,0,0.00,0,0,0,0,0,3,1,3,0,0,2,100.0,0,0,1,4,3,0,27,2,0,2,66.7,1,33.3,11,0,0,1,12,33,1.1,,0,1,33,1,0.00,1,1,0,0.00,-0.28,0.9,1.0,-0.1,-0.19,+0.04,0,0,0,0,0,2,0,
36,Brian Anunga,cm CMR,MF,FC Cincinnati,29-059,1996,29,19,1686,18.7,0,1,1,0,0,0,2,1,0.7,0.7,0.3,0.9,12,61,14,0.00,0.05,0.05,0.00,0.05,0.03,0.01,0.05,0.03,0.05,Matches,8,1,12.5,0.43,0.05,0.00,0.00,20.4,0,0.08,-0.7,-0.7,758,873,86.8,12277,2980,352,389,90.5,330,365,90.4,48,69,69.6,0.5,+0.7,6,61,3,0,848,22,0,1,1,1,0,0,0,0,3,13,18,0.96,15,1,1,1,0,4,0.21,3,0,1,0,0,40,25,15,24,1,15,62.5,9,22,20,60,19,2,1044,45,7,11,68.8,5,31.3,489,1,25,10,632,58,56.8,79,11,10,19,3,2.00,26,19,+7,+0.37,+0.23,22.6,23.9,-1.3,-0.07,+0.39,0,31,0,0,0,125,10,58.8
320,Brian Gutiérrez,us USA,"MF,FW",Chicago Fire,22-113,2003,28,24,2000,22.2,9,3,12,7,2,2,6,1,6.7,5.2,4.5,9.7,55,163,88,0.41,0.14,0.54,0.32,0.45,0.30,0.20,0.51,0.23,0.44,Matches,64,25,39.1,2.88,1.13,0.11,0.28,22.5,2,0.08,+2.3,+1.8,840,1028,81.7,13828,5229,435,487,89.3,329,372,88.4,62,121,51.2,4.3,-1.5,46,109,44,3,978,41,24,6,21,4,9,5,2,0,9,16,110,4.95,82,1,5,8,3,13,0.59,9,0,1,0,0,38,22,16,13,9,15,50.0,15,20,21,59,10,0,1318,26,72,37,44.0,42,50.0,764,18,45,25,961,71,67.3,79,13,4,26,0,1.57,40,42,-2,-0.09,-1.02,37.6,34.5,+3.1,+0.14,+0.44,0,33,1,0,0,125,6,50.0
,Brian Schwake,,,,,,,,,,,,,,,,,,,,,,,,,,,,,,,,,,,,,,,,,,,,,,,,,,,,,,,,,,,,,,,,,,,,,,,,,,,,,,,,,,,,,,,,,,,,,,,,,,,,,,,,,,,,,,,,,,,,,,,,,,0,0,,32,,,,,,,,,,,,,,,,,,,
841,Brian White,us USA,FW,Vancouver W'caps,29-247,1996,21,18,1671,18.6,16,1,17,13,3,4,3,0,15.5,12.1,1.9,14.0,13,22,84,0.86,0.05,0.92,0.70,0.75,0.83,0.10,0.93,0.65,0.76,Matches,50,24,48.0,2.69,1.29,0.26,0.54,12.2,0,0.24,+0.5,+0.9,209,285,73.3,3165,402,108,136,79.4,80,104,76.9,11,11,100.0,0.8,-0.9,14,12,5,0,260,23,0,0,1,0,0,0,0,0,2,7,32,1.72,21,0,2,3,0,2,0.11,1,0,0,0,0,3,2,0,2,1,2,20.0,8,13,5,8,31,0,474,36,94,5,33.3,9,60.0,254,7,42,9,337,80,58.0,88,12,3,31,1,1.86,34,17,+17,+0.92,+0.10,36.9,20.4,+16.5,+0.89,+0.36,0,21,1,0,0,14,38,47.5
637,Brooklyn Raines,us USA,MF,Houston Dynamo,20-211,2005,21,19,1616,18.0,0,0,0,0,0,0,8,1,0.2,0.2,0.4,0.6,6,60,10,0.00,0.00,0.00,0.00,0.00,0.01,0.02,0.03,0.01,0.03,Matches,7,0,0.0,0.39,0.00,0.00,,22.8,0,0.03,-0.2,-0.2,793,867,91.5,11279,2923,455,480,94.8,285,312,91.3,23,27,85.2,0.5,-0.4,11,56,1,0,838,27,0,0,2,7,0,0,0,0,2,13,24,1.34,19,1,0,3,0,0,0.00,0,0,0,0,0,26,24,9,15,2,15,62.5,9,11,18,44,17,1,1004,30,4,7,53.8,5,38.5,641,0,15,14,762,77,54.4,84,10,2,15,6,1.43,27,28,-1,-0.06,+0.74,24.4,26.2,-1.8,-0.10,+0.12,1,31,0,0,0,46,2,10.5
434,Brooks Lennon,us USA,DF,Atlanta Utd,28-016,1997,25,17,1556,17.3,1,3,4,1,0,0,2,0,1.3,1.3,3.3,4.6,43,51,117,0.06,0.17,0.23,0.06,0.23,0.08,0.19,0.27,0.08,0.27,Matches,8,3,37.5,0.46,0.17,0.13,0.33,15.4,0,0.17,-0.3,-0.3,764,968,78.9,13011,3473,352,388,90.7,338,402,84.1,61,137,44.5,2.9,-0.3,21,44,22,15,811,155,1,7,102,124,12,11,1,0,2,20,37,2.14,29,5,0,2,0,4,0.23,3,0,0,0,0,19,11,11,6,2,3,27.3,8,15,12,31,51,1,1124,52,33,5,35.7,8,57.1,584,8,15,6,707,62,54.0,82,9,8,21,0,0.64,19,32,-13,-0.75,-0.21,23.6,26.2,-2.6,-0.15,-0.11,0,17,0,1,0,54,19,50.0
184,Bruno Damiani,uy URU,"FW,MF",Philadelphia Union,23-173,2002,32,22,1940,21.6,7,1,8,6,1,2,5,0,11.7,9.3,1.7,11.0,10,47,100,0.32,0.05,0.37,0.28,0.32,0.54,0.08,0.62,0.43,0.51,Matches,69,30,43.5,3.20,1.39,0.09,0.20,13.2,0,0.14,-4.7,-3.3,408,595,68.6,5140,1005,278,361,77.0,88,140,62.9,14,26,53.8,2.4,-0.7,29,29,12,1,589,6,0,1,4,1,0,0,0,0,0,16,60,2.78,46,0,0,6,0,4,0.19,3,0,0,0,0,24,16,1,19,4,7,38.9,11,29,16,40,29,0,930,33,112,7,29.2,15,62.5,483,5,80,43,681,61,65.3,74,3,10,32,0,1.97,35,16,+19,+0.88,+0.44,40.0,21.6,+18.3,+0.85,+0.91,0,65,1,0,0,73,106,46.9
848,Bruno Wilson,pt POR,DF,SJ Earthquakes,28-285,1996,16,13,1226,13.6,1,0,1,1,0,0,4,0,1.3,1.3,0.0,1.3,6,44,3,0.07,0.00,0.07,0.07,0.07,0.10,0.00,0.10,0.10,0.10,Matches,7,2,28.6,0.51,0.15,0.14,0.50,10.3,0,0.19,-0.3,-0.3,610,700,87.1,12953,4782,141,159,88.7,375,401,93.5,87,127,68.5,0.2,0.0,0,33,0,0,669,30,0,6,1,0,0,0,0,0,1,0,11,0.81,8,1,0,0,1,0,0.00,0,0,0,0,0,18,9,11,6,1,8,57.1,6,10,31,49,100,3,895,141,13,1,100.0,0,0.0,455,1,7,0,533,77,41.3,88,12,3,28,4,1.06,25,24,+1,+0.07,+0.33,28.0,24.4,+3.7,+0.27,+0.25,0,15,0,0,1,45,29,58.0
6,Bryan Acosta,hn HON,MF,Nashville SC,31-318,1993,13,1,218,2.4,0,0,0,0,0,0,1,0,0.0,0.0,0.6,0.6,2,17,4,0.00,0.00,0.00,0.00,0.00,0.01,0.25,0.26,0.01,0.26,Matches,1,0,0.0,0.41,0.00,0.00,,37.7,0,0.01,0.0,0.0,161,176,91.5,2800,804,77,77,100.0,63,70,90.0,17,24,70.8,0.5,-0.6,2,19,3,0,163,13,0,1,3,0,2,0,2,0,0,1,3,1.24,0,1,0,0,2,1,0.41,0,0,0,0,1,11,6,5,5,1,3,60.0,2,3,3,14,3,0,200,8,0,1,100.0,0,0.0,128,0,3,2,141,17,7.3,77,0,12,12,10,2.31,3,5,-2,-0.83,-1.41,3.0,3.3,-0.3,-0.13,-0.76,0,6,0,0,0,17,1,50.0
,Bryan Dowd,,,,,,,,,,,,,,,,,,,,,,,,,,,,,,,,,,,,,,,,,,,,,,,,,,,,,,,,,,,,,,,,,,,,,,,,,,,,,,,,,,,,,,,,,,,,,,,,,,,,,,,,,,,,,,,,,,,,,,,,,,0,0,,6,,,,,,,,,,,,,,,,,,,
,Bryant Farkarlun,,,,,,,,,,,,,,,,,,,,,,,,,,,,,,,,,,,,,,,,,,,,,,,,,,,,,,,,,,,,,,,,,,,,,,,,,,,,,,,,,,,,,,,,,,,,,,,,,,,,,,,,,,,,,,,,,,,,,,,,,,0,0,,3,,,,,,,,,,,,,,,,,,,
221,Bryce Duke,us USA,"MF,FW",CF Montréal,24-222,2001,17,7,669,7.4,0,1,1,0,0,0,1,0,0.6,0.6,1.2,1.8,11,35,36,0.00,0.13,0.13,0.00,0.13,0.08,0.16,0.24,0.08,0.24,Matches,8,4,50.0,1.08,0.54,0.00,0.00,18.1,1,0.08,-0.6,-0.6,235,327,71.9,3931,1057,119,147,81.0,86,113,76.1,22,51,43.1,0.8,-0.2,13,21,5,2,294,32,1,1,31,2,16,11,4,0,1,4,29,3.90,19,3,1,3,0,2,0.27,0,1,0,1,0,10,5,4,5,1,5,45.5,6,8,4,14,6,0,396,8,13,5,35.7,8,57.1,190,3,10,6,256,39,22.5,66,0,10,21,5,0.88,7,14,-7,-0.94,-0.32,8.1,11.8,-3.6,-0.49,-0.30,0,10,0,0,0,41,2,18.2
213,C.J. dos Santos,us USA,GK,San Diego FC,25-045,2000,29,29,2610,29.0,0,0,0,0,0,0,1,0,0.0,0.0,0.0,0.0,0,2,0,0.00,0.00,0.00,0.00,0.00,0.00,0.00,0.00,0.00,0.00,Matches,0,0,,0.00,0.00,,,,0,,0.0,0.0,884,983,89.9,17134,10600,311,313,99.4,459,468,98.1,105,190,55.3,0.0,0.0,0,1,0,0,810,172,0,0,0,1,0,0,0,0,1,2,3,0.10,3,0,0,0,0,0,0.00,0,0,0,0,0,2,2,2,0,0,2,40.0,3,1,0,2,18,5,1049,873,0,0,,0,,620,0,0,1,583,90,87.9,90,29,0,,3,1.83,56,38,+18,+0.62,+0.37,47.4,40.5,+6.9,+0.24,+0.51,0,3,0,3,0,65,3,60.0
268,CJ Fodrey,us USA,"FW,MF",Austin,21-240,2004,20,1,248,2.8,1,1,2,1,0,0,0,0,1.2,1.2,1.6,2.8,4,7,12,0.36,0.36,0.73,0.36,0.73,0.44,0.57,1.01,0.44,1.01,Matches,14,3,21.4,5.08,1.09,0.07,0.33,11.8,0,0.09,-0.2,-0.2,39,64,60.9,598,121,19,27,70.4,17,24,70.8,1,5,20.0,0.9,-0.6,5,2,0,0,59,5,0,0,3,0,0,0,0,0,0,4,13,4.70,10,0,2,0,0,2,0.72,2,0,0,0,0,6,3,4,1,1,0,0.0,4,1,3,9,5,0,113,4,21,3,60.0,1,20.0,48,2,8,8,66,12,8.6,61,0,19,10,10,1.30,3,9,-6,-2.18,-2.11,4.7,8.4,-3.7,-1.33,-1.26,0,5,0,0,0,12,17,58.6
164,Caden Clark,us USA,"FW,MF",D.C. United,22-134,2003,3,0,86,1.0,0,0,0,0,0,0,0,0,0.2,0.2,0.1,0.3,6,4,4,0.00,0.00,0.00,0.00,0.00,0.20,0.12,0.32,0.20,0.32,Matches,2,1,50.0,2.09,1.05,0.00,0.00,16.5,0,0.10,-0.2,-0.2,16,20,80.0,231,81,9,10,90.0,3,4,75.0,2,4,50.0,0.1,-0.1,1,1,4,2,20,0,0,0,4,0,0,0,0,0,0,0,4,4.19,3,0,1,0,0,0,0.00,0,0,0,0,0,2,2,1,0,1,2,66.7,1,1,1,3,3,0,32,3,3,2,100.0,0,0.0,20,3,2,0,22,29,2.9,,0,3,29,2,0.00,1,3,-2,-2.09,-1.03,1.4,3.6,-2.2,-2.28,-1.91,0,0,0,0,0,1,0,0.0
165,Caden Clark,us USA,"FW,MF",CF Montréal,22-134,2003,26,17,1567,17.4,0,4,4,0,0,0,5,0,1.4,1.4,2.6,4.1,24,53,93,0.00,0.23,0.23,0.00,0.23,0.08,0.15,0.23,0.08,0.23,Matches,2,1,50.0,2.09,1.05,0.00,0.00,16.5,0,0.10,-0.2,-0.2,16,20,80.0,231,81,9,10,90.0,3,4,75.0,2,4,50.0,0.1,-0.1,1,1,4,2,20,0,0,0,4,0,0,0,0,0,0,0,4,4.19,3,0,1,0,0,0,0.00,0,0,0,0,0,2,2,1,0,1,2,66.7,1,1,1,3,3,0,32,3,3,2,100.0,0,0.0,20,3,2,0,22,29,2.9,,0,3,29,2,0.00,1,3,-2,-2.09,-1.03,1.4,3.6,-2.2,-2.28,-1.91,0,0,0,0,0,1,0,0.0
339,Calvin Harris,eng ENG,"FW,MF",Colorado Rapids,25-202,2000,27,13,1334,14.8,5,1,6,5,0,0,2,0,5.1,5.1,1.1,6.3,46,24,88,0.34,0.07,0.40,0.34,0.40,0.35,0.08,0.42,0.35,0.42,Matches,32,9,28.1,2.16,0.61,0.16,0.56,14.0,0,0.16,-0.1,-0.1,259,326,79.4,3435,784,170,194,87.6,68,86,79.1,6,13,46.2,1.1,-0.1,12,8,14,4,313,12,0,0,26,9,1,0,0,0,1,10,37,2.50,24,1,1,7,0,3,0.20,3,0,0,0,0,16,10,5,7,4,7,36.8,12,11,4,20,14,0,504,22,62,13,43.3,13,43.3,318,21,35,19,341,49,44.9,76,1,14,25,5,1.15,22,24,-2,-0.13,+0.42,23.9,25.0,-1.1,-0.07,+0.19,0,10,0,0,0,52,8,28.6
,Cam Cilley,,,,,,,,,,,,,,,,,,,,,,,,,,,,,,,,,,,,,,,,,,,,,,,,,,,,,,,,,,,,,,,,,,,,,,,,,,,,,,,,,,,,,,,,,,,,,,,,,,,,,,,,,,,,,,,,,,,,,,,,,,0,0,,1,,,,,,,,,,,,,,,,,,,
336,Cameron Harper,us USA,"DF,MF",NY Red Bulls,23-323,2001,12,8,668,7.4,3,2,5,3,0,0,2,0,2.6,2.6,1.5,4.1,41,21,73,0.40,0.27,0.67,0.40,0.67,0.35,0.20,0.55,0.35,0.55,Matches,19,5,26.3,2.56,0.67,0.16,0.60,16.6,0,0.14,+0.4,+0.4,199,303,65.7,3081,906,101,118,85.6,82,124,66.1,9,31,29.0,0.8,+0.5,7,11,6,3,277,24,0,1,34,23,0,0,0,0,2,11,23,3.10,13,0,4,4,1,3,0.40,1,0,1,1,0,9,7,4,3,2,5,38.5,8,4,2,11,5,0,392,4,37,16,51.6,13,41.9,249,8,21,7,271,56,22.5,71,4,4,25,0,1.58,14,7,+7,+0.94,+1.10,11.8,8.4,+3.4,+0.46,+0.73,0,15,1,0,0,34,3,27.3
296,Carles Gil,es ESP,"MF,FW",NE Revolution,32-320,1992,33,33,2964,32.9,10,8,18,5,5,5,3,0,8.0,4.1,9.9,14.0,150,385,147,0.30,0.24,0.55,0.15,0.39,0.24,0.30,0.55,0.12,0.43,Matches,72,25,34.7,2.19,0.76,0.07,0.20,26.5,13,0.06,+2.0,+0.9,1620,2079,77.9,31021,11234,681,759,89.7,639,764,83.6,257,426,60.3,11.5,-1.9,99,270,115,21,1801,261,17,31,191,15,122,66,29,0,17,29,210,6.38,142,37,11,16,2,20,0.61,13,1,1,5,0,30,21,10,12,8,18,40.0,27,12,13,43,8,0,2386,9,52,68,47.2,61,42.4,1652,15,58,42,1845,90,99.8,90,30,0,,0,1.06,42,49,-7,-0.21,-0.21,42.7,49.6,-6.9,-0.21,+3.65,0,14,2,0,0,138,4,80.0
172,Carlos Coronel,py PAR,GK,NY Red Bulls,28-283,1996,31,31,2790,31.0,0,0,0,0,0,0,0,0,0.0,0.0,0.0,0.0,0,1,0,0.00,0.00,0.00,0.00,0.00,0.00,0.00,0.00,0.00,0.00,Matches,0,0,,0.00,0.00,,,,0,,0.0,0.0,698,1014,68.8,17156,12408,191,191,100.0,336,344,97.7,167,470,35.5,0.0,0.0,0,8,0,0,787,223,0,1,0,0,0,0,0,0,4,0,4,0.13,4,0,0,0,0,0,0.00,0,0,0,0,0,1,1,1,0,0,1,33.3,2,0,1,2,31,1,1112,889,0,0,,0,,647,0,1,0,553,90,93.9,90,31,0,,1,1.19,43,42,+1,+0.03,-0.97,40.3,47.5,-7.2,-0.23,-2.16,0,1,0,1,0,57,4,66.7
285,Carlos Garcés,co COL,DF,LA Galaxy,23-362,2001,21,17,1535,17.1,1,0,1,1,0,0,6,0,0.3,0.3,0.2,0.5,5,67,2,0.06,0.00,0.06,0.06,0.06,0.02,0.01,0.03,0.02,0.03,Matches,5,2,40.0,0.29,0.12,0.20,0.50,17.5,0,0.06,+0.7,+0.7,1037,1124,92.3,17695,6152,440,453,97.1,516,541,95.4,63,97,64.9,0.2,-0.2,6,69,2,0,1095,28,0,3,0,5,0,0,0,0,1,7,11,0.64,10,0,0,0,0,0,0.00,0,0,0,0,0,57,38,44,12,1,29,78.4,8,16,23,80,47,5,1320,108,8,5,50.0,5,50.0,857,2,26,3,953,73,53.3,87,14,4,13,4,0.76,20,37,-17,-1.00,-0.66,22.3,27.0,-4.6,-0.27,+0.26,0,19,0,1,0,110,17,68.0
341,Carlos Harvey,pa PAN,"DF,MF",Minnesota Utd,25-247,2000,25,16,1526,17.0,2,1,3,2,0,0,2,0,1.4,1.4,1.0,2.5,11,37,31,0.12,0.06,0.18,0.12,0.18,0.08,0.06,0.15,0.08,0.15,Matches,21,10,47.6,1.24,0.59,0.10,0.20,17.2,0,0.07,+0.6,+0.6,518,642,80.7,8137,3006,281,314,89.5,195,232,84.1,31,59,52.5,0.8,0.0,10,37,7,1,596,41,1,7,3,32,0,0,0,0,5,12,21,1.24,19,0,0,1,1,1,0.06,1,0,0,0,0,52,29,31,12,9,28,62.2,17,15,23,75,72,0,919,98,43,14,40.0,17,48.6,434,3,22,8,513,61,51.4,83,12,9,21,0,1.84,28,18,+10,+0.59,+0.09,25.1,21.0,+4.1,+0.24,+0.43,0,25,0,0,0,78,39,46.4
,Carlos Mercado,,,,,,,,,,,,,,,,,,,,,,,,,,,,,,,,,,,,,,,,,,,,,,,,,,,,,,,,,,,,,,,,,,,,,,,,,,,,,,,,,,,,,,,,,,,,,,,,,,,,,,,,,,,,,,,,,,,,,,,,,,0,0,,2,,,,,,,,,,,,,,,,,,,
777,Carlos Terán,co COL,DF,Chicago Fire,25-014,2000,8,7,535,5.9,1,0,1,1,0,0,2,0,0.1,0.1,0.0,0.1,1,14,0,0.17,0.00,0.17,0.17,0.17,0.02,0.00,0.02,0.02,0.02,Matches,3,1,33.3,0.50,0.17,0.33,1.00,13.4,0,0.04,+0.9,+0.9,289,337,85.8,5338,2259,123,131,93.9,128,144,88.9,32,54,59.3,0.0,0.0,0,12,0,0,312,25,0,5,0,12,0,0,0,0,0,1,3,0.50,2,1,0,0,0,0,0.00,0,0,0,0,0,14,11,9,5,0,8,50.0,8,2,12,26,29,2,401,84,3,3,100.0,0,0.0,224,0,1,3,266,67,18.0,76,5,1,4,1,1.38,10,11,-1,-0.17,-0.50,9.3,8.2,+1.2,+0.19,+0.24,0,8,0,1,1,24,12,75.0
759,Cavan Sullivan,us USA,"MF,FW",Philadelphia Union,16-010,2009,10,1,185,2.1,0,0,0,0,0,0,1,0,0.3,0.3,0.1,0.3,2,11,20,0.00,0.00,0.00,0.00,0.00,0.14,0.03,0.17,0.14,0.17,Matches,4,0,0.0,1.95,0.00,0.00,,18.4,0,0.07,-0.3,-0.3,52,78,66.7,750,162,27,40,67.5,20,25,80.0,1,7,14.3,0.1,-0.1,1,6,2,0,76,1,0,0,3,1,0,0,0,0,1,1,8,3.91,7,0,0,0,1,0,0.00,0,0,0,0,0,9,5,3,3,3,5,41.7,7,6,0,9,1,0,119,1,13,0,0.0,10,100.0,55,0,5,3,67,19,6.2,60,0,9,14,20,2.00,5,1,+4,+1.95,+1.30,3.7,2.8,+0.9,+0.46,-0.08,0,4,0,0,0,9,6,66.7
786,Cayman Togashi,jp JPN,"MF,FW",Atlanta Utd,32-059,1993,6,0,80,0.9,0,0,0,0,0,0,0,0,0.0,0.0,0.0,0.0,0,2,1,0.00,0.00,0.00,0.00,0.00,0.04,0.00,0.04,0.04,0.04,Matches,1,0,0.0,1.13,0.00,0.00,,11.0,0,0.04,0.0,0.0,15,19,78.9,225,52,7,9,77.8,8,8,100.0,0,1,0.0,0.0,0.0,0,2,0,0,17,2,0,0,0,2,0,0,0,0,0,0,1,1.13,0,1,0,0,0,1,1.13,0,1,0,0,0,1,0,1,0,0,0,,0,0,0,1,0,0,28,0,3,1,25.0,3,75.0,18,0,2,0,21,13,2.8,,0,6,13,11,1.17,3,2,+1,+1.13,+1.83,0.7,0.7,0.0,+0.02,+0.13,0,4,0,0,0,2,2,40.0
778,Cedric Teuchert,de GER,"FW,MF",St. Louis,28-267,1997,22,17,1238,13.8,3,1,4,3,0,0,1,0,3.7,3.7,0.8,4.5,34,25,62,0.22,0.07,0.29,0.22,0.29,0.27,0.06,0.33,0.27,0.33,Matches,27,14,51.9,1.96,1.02,0.11,0.21,17.1,0,0.14,-0.7,-0.7,158,239,66.1,2348,750,80,108,74.1,53,72,73.6,10,21,47.6,0.9,+0.2,9,12,18,3,221,18,2,2,16,6,0,0,0,0,0,13,22,1.60,16,1,0,3,0,2,0.15,1,0,0,1,0,5,4,0,3,2,3,33.3,6,11,1,6,8,0,363,9,48,9,33.3,17,63.0,223,13,36,17,254,56,41.7,66,1,5,22,0,0.82,15,24,-9,-0.65,-0.39,15.3,24.5,-9.1,-0.66,-0.74,0,7,1,0,0,32,3,23.1
803,Cengiz Ünder,tr TUR,FW,LAFC,28-086,1997,12,4,446,5.0,2,2,4,2,0,0,0,0,1.8,1.8,1.6,3.3,14,20,34,0.40,0.40,0.81,0.40,0.81,0.36,0.31,0.67,0.36,0.67,Matches,16,4,25.0,3.23,0.81,0.13,0.50,22.6,1,0.11,+0.2,+0.2,142,199,71.4,2688,773,68,79,86.1,45,68,66.2,23,35,65.7,1.5,+0.4,10,8,8,2,169,30,1,5,26,8,15,11,0,0,0,6,17,3.43,7,6,3,1,0,2,0.40,2,0,0,0,0,0,0,0,0,0,0,0.0,1,2,3,3,2,0,246,1,14,6,33.3,12,66.7,154,4,8,5,176,37,16.0,66,0,8,23,1,1.42,12,8,+4,+0.81,+0.04,10.7,6.4,+4.3,+0.87,+0.15,0,0,0,0,0,17,1,100.0
688,Cesar Ruvalcaba,us USA,DF,Columbus Crew,24-087,2001,13,2,300,3.3,1,0,1,1,0,0,1,0,0.1,0.1,0.0,0.1,11,29,7,0.30,0.00,0.30,0.30,0.30,0.04,0.00,0.04,0.04,0.04,Matches,4,2,50.0,1.20,0.60,0.25,0.50,17.8,0,0.03,+0.9,+0.9,200,228,87.7,3053,1192,103,108,95.4,91,103,88.3,4,6,66.7,0.1,0.0,0,19,0,0,208,20,0,0,3,15,0,0,0,0,0,6,4,1.20,4,0,0,0,0,0,0.00,0,0,0,0,0,4,3,4,0,0,1,33.3,2,9,5,9,16,0,276,24,6,3,42.9,4,57.1,157,0,2,1,188,23,10.1,69,0,11,15,16,1.31,4,8,-4,-1.20,-1.40,4.5,5.2,-0.7,-0.21,-0.40,0,3,0,0,0,15,9,69.2
725,Charles Sharp,us USA,FW,Toronto FC,24-107,2001,6,1,106,1.2,0,1,1,0,0,0,1,0,0.3,0.3,0.2,0.4,1,5,3,0.00,0.85,0.85,0.00,0.85,0.23,0.14,0.37,0.23,0.37,Matches,2,0,0.0,1.70,0.00,0.00,,12.7,0,0.14,-0.3,-0.3,20,26,76.9,240,73,14,16,87.5,4,4,100.0,0,1,0.0,0.1,+0.8,2,4,2,0,25,1,0,0,0,0,0,0,0,0,0,1,3,2.57,3,0,0,0,0,1,0.86,1,0,0,0,0,0,0,0,0,0,0,,0,0,1,1,2,0,38,2,5,0,,0,,16,1,2,2,27,18,3.7,87,0,5,4,6,0.83,1,4,-3,-2.55,-2.42,1.1,2.7,-1.6,-1.36,-0.99,0,2,0,1,0,1,7,63.6
,Chase Adams,,,,,,,,,,,,,,,,,,,,,,,,,,,,,,,,,,,,,,,,,,,,,,,,,,,,,,,,,,,,,,,,,,,,,,,,,,,,,,,,,,,,,,,,,,,,,,,,,,,,,,,,,,,,,,,,,,,,,,,,,,0,0,,1,,,,,,,,,,,,,,,,,,,
,Chase Gasper,,,,,,,,,,,,,,,,,,,,,,,,,,,,,,,,,,,,,,,,,,,,,,,,,,,,,,,,,,,,,,,,,,,,,,,,,,,,,,,,,,,,,,,,,,,,,,,,,,,,,,,,,,,,,,,,,,,,,,,,,,0,0,,2,,,,,,,,,,,,,,,,,,,
48,Chidozie Awaziem,ng NGA,DF,Colorado Rapids,28-280,1997,20,20,1773,19.7,0,1,1,0,0,0,6,0,1.3,1.3,0.9,2.1,7,59,4,0.00,0.05,0.05,0.00,0.05,0.06,0.04,0.11,0.06,0.11,Matches,13,2,15.4,0.66,0.10,0.00,0.00,11.9,1,0.10,-1.3,-1.3,808,955,84.6,15734,6140,263,288,91.3,456,502,90.8,82,147,55.8,0.7,+0.1,8,55,0,0,900,54,1,10,0,3,0,0,0,0,1,8,13,0.66,11,0,0,0,0,1,0.05,0,0,0,0,0,25,13,18,6,1,14,63.6,8,8,22,47,103,2,1157,165,25,6,100.0,0,0.0,636,0,9,2,702,89,59.7,89,19,0,,3,1.35,27,30,-3,-0.15,+0.52,30.7,30.3,+0.5,+0.02,+0.50,0,20,0,0,0,94,30,50.8
37,Chris Applewhite,us USA,DF,Nashville SC,18-046,2007,5,2,190,2.1,0,0,0,0,0,0,0,0,0.0,0.0,0.0,0.0,1,6,0,0.00,0.00,0.00,0.00,0.00,0.00,0.00,0.00,0.00,0.00,Matches,0,0,,0.00,0.00,,,,0,,0.0,0.0,122,132,92.4,2228,767,43,46,93.5,72,76,94.7,7,9,77.8,0.3,0.0,0,8,1,0,130,2,1,0,0,0,0,0,0,0,0,1,2,0.95,2,0,0,0,0,0,0.00,0,0,0,0,0,1,1,1,0,0,1,100.0,0,1,1,2,9,0,150,19,1,1,100.0,0,0.0,89,0,1,0,111,38,6.4,81,1,3,9,12,2.00,3,2,+1,+0.47,-0.01,3.4,2.1,+1.3,+0.61,+0.02,0,5,0,0,0,8,8,66.7
102,Chris Brady,us USA,GK,Chicago Fire,21-219,2004,27,27,2375,26.4,0,0,0,0,0,0,3,1,0.0,0.0,0.0,0.0,0,1,0,0.00,0.00,0.00,0.00,0.00,0.00,0.00,0.00,0.00,0.00,Matches,0,0,,0.00,0.00,,,,0,,0.0,0.0,714,843,84.7,16402,9946,153,154,99.4,444,445,99.8,117,242,48.3,0.0,0.0,0,2,1,0,655,187,0,1,0,0,0,0,0,0,1,1,1,0.04,1,0,0,0,0,0,0.00,0,0,0,0,0,1,1,1,0,0,1,33.3,2,0,0,1,18,3,925,867,0,0,0.0,0,0.0,488,0,0,0,475,88,80.0,88,26,0,,0,1.59,53,49,+4,+0.15,-0.45,43.6,44.9,-1.3,-0.05,-0.22,0,1,0,0,0,24,6,100.0
223,Chris Durkin,us USA,MF,St. Louis,25-242,2000,17,13,1022,11.4,0,1,1,0,0,0,3,1,0.7,0.7,0.4,1.1,5,59,27,0.00,0.09,0.09,0.00,0.09,0.06,0.04,0.10,0.06,0.10,Matches,12,3,25.0,1.06,0.26,0.00,0.00,17.5,0,0.06,-0.7,-0.7,383,487,78.6,6378,2134,197,226,87.2,137,164,83.5,36,66,54.5,1.0,+0.6,5,52,11,2,480,6,0,6,7,1,0,0,0,0,1,12,19,1.67,17,0,0,1,0,2,0.18,2,0,0,0,0,20,13,9,9,2,8,40.0,12,13,14,34,44,1,632,52,20,3,60.0,2,40.0,271,2,15,5,382,60,34.4,72,4,4,21,1,1.18,18,12,+6,+0.53,+1.45,17.1,17.9,-0.8,-0.07,+0.25,0,29,0,2,0,48,12,48.0
655,Chris Rindov,us USA,DF,LA Galaxy,24-000,2001,6,6,514,5.7,0,0,0,0,0,0,0,0,0.1,0.1,0.1,0.2,0,15,0,0.00,0.00,0.00,0.00,0.00,0.02,0.01,0.03,0.02,0.03,Matches,1,0,0.0,0.18,0.00,0.00,,9.8,0,0.09,-0.1,-0.1,296,332,89.2,5217,1797,114,119,95.8,167,181,92.3,14,28,50.0,0.1,-0.1,2,20,0,0,316,16,0,2,0,0,0,0,0,0,0,3,6,1.05,6,0,0,0,0,0,0.00,0,0,0,0,0,16,6,10,6,0,7,100.0,0,5,3,19,30,0,397,51,1,0,,0,,233,0,1,1,269,86,17.8,86,5,0,,1,1.33,13,9,+4,+0.70,+1.69,11.1,10.0,+1.2,+0.21,+0.73,0,6,0,0,0,27,3,42.9
82,Christian Benteke,be BEL,FW,D.C. United,34-309,1990,24,22,1787,19.9,9,3,12,7,2,3,7,0,11.3,9.1,2.6,11.7,21,40,83,0.45,0.15,0.60,0.35,0.50,0.57,0.13,0.70,0.46,0.59,Matches,72,32,44.4,3.63,1.61,0.10,0.22,12.9,0,0.13,-2.3,-2.1,264,429,61.5,4267,908,140,222,63.1,94,140,67.1,22,33,66.7,1.7,+0.4,17,22,15,0,407,22,1,7,0,2,0,0,0,0,0,6,42,2.12,30,0,2,2,0,5,0.25,4,0,0,1,0,6,2,2,3,1,4,66.7,2,16,1,7,21,1,630,25,130,4,22.2,13,72.2,293,14,30,19,483,74,60.2,78,14,2,32,0,0.79,21,41,-20,-1.01,+0.21,26.1,31.5,-5.4,-0.27,+0.40,0,26,1,0,0,33,154,71.0
137,Christian Cappis,us USA,MF,FC Dallas,26-056,1999,9,7,640,7.1,1,2,3,1,0,0,2,0,1.0,1.0,0.9,1.9,5,31,17,0.14,0.28,0.42,0.14,0.42,0.14,0.13,0.27,0.14,0.27,Matches,5,2,40.0,0.70,0.28,0.20,0.50,13.5,0,0.21,0.0,0.0,213,252,84.5,3544,1173,109,126,86.5,80,87,92.0,19,26,73.1,0.6,+1.1,7,28,8,4,245,4,0,4,7,1,1,0,0,0,3,2,13,1.83,13,0,0,0,0,1,0.14,1,0,0,0,0,12,8,1,11,0,5,35.7,9,6,4,16,9,0,310,15,14,2,33.3,3,50.0,169,1,9,3,208,71,22.2,83,3,2,28,0,1.78,12,9,+3,+0.42,+0.66,9.9,9.8,+0.1,+0.01,+0.05,0,9,0,0,0,31,9,64.3
,Christian Olivares,,,,,,,,,,,,,,,,,,,,,,,,,,,,,,,,,,,,,,,,,,,,,,,,,,,,,,,,,,,,,,,,,,,,,,,,,,,,,,,,,,,,,,,,,,,,,,,,,,,,,,,,,,,,,,,,,,,,,,,,,,0,0,,9,,,,,,,,,,,,,,,,,,,
639,Christian Ramirez,us USA,"FW,MF",LA Galaxy,34-187,1991,25,10,917,10.2,4,1,5,4,0,0,1,0,3.8,3.8,1.8,5.6,2,25,38,0.39,0.10,0.49,0.39,0.49,0.38,0.17,0.55,0.38,0.55,Matches,23,9,39.1,2.26,0.88,0.17,0.44,10.5,0,0.17,+0.2,+0.2,121,170,71.2,1803,558,68,85,80.0,38,56,67.9,5,11,45.5,0.9,-0.8,12,14,6,0,147,22,2,2,2,1,0,0,0,0,1,3,15,1.47,13,1,0,1,0,2,0.20,1,0,0,1,0,5,2,0,3,2,3,60.0,2,6,2,7,10,0,248,13,37,1,25.0,3,75.0,127,2,13,7,170,37,31.8,68,1,15,16,3,0.64,11,23,-12,-1.18,-0.72,14.4,16.9,-2.5,-0.24,+0.22,0,6,0,0,0,15,12,32.4
182,Christopher Cupps,us USA,DF,Chicago Fire,17-135,2008,4,3,285,3.2,0,0,0,0,0,0,1,0,0.0,0.0,0.0,0.0,0,1,0,0.00,0.00,0.00,0.00,0.00,0.00,0.00,0.00,0.00,0.00,Matches,0,0,,0.00,0.00,,,,0,,0.0,0.0,162,173,93.6,2846,1338,60,61,98.4,92,98,93.9,7,10,70.0,0.0,0.0,0,2,0,0,160,13,0,0,0,0,0,0,0,0,0,0,1,0.32,1,0,0,0,0,0,0.00,0,0,0,0,0,5,2,4,1,0,1,100.0,0,1,1,6,29,0,220,55,0,0,,0,,125,0,0,0,144,71,9.6,90,3,1,15,10,1.00,3,5,-2,-0.63,-0.97,3.2,6.7,-3.4,-1.08,-1.19,0,3,0,0,0,8,3,37.5
211,Christopher Donovan,us USA,"FW,MF",Philadelphia Union,25-061,2000,20,6,545,6.1,0,0,0,0,0,0,0,0,1.6,1.6,0.5,2.1,15,10,49,0.00,0.00,0.00,0.00,0.00,0.26,0.08,0.34,0.26,0.34,Matches,10,3,30.0,1.65,0.50,0.00,0.00,13.2,0,0.16,-1.6,-1.6,101,179,56.4,1129,240,67,98,68.4,20,46,43.5,2,5,40.0,0.7,-0.5,4,7,2,0,179,0,0,0,4,0,0,0,0,0,0,6,18,2.97,14,0,0,3,0,2,0.33,2,0,0,0,0,10,5,3,4,3,5,38.5,8,17,2,12,6,0,266,4,34,4,44.4,5,55.6,139,6,23,15,190,27,18.4,56,0,14,15,9,1.90,6,4,+2,+0.33,-0.49,8.7,8.0,+0.7,+0.11,-0.52,0,4,1,0,0,31,51,61.4
492,Christopher McVey,se SWE,DF,San Diego FC,28-179,1997,31,31,2763,30.7,2,0,2,2,0,0,5,0,1.7,1.7,1.3,3.1,28,121,24,0.07,0.00,0.07,0.07,0.07,0.06,0.04,0.10,0.06,0.10,Matches,18,4,22.2,0.59,0.13,0.11,0.50,14.8,0,0.10,+0.3,+0.3,2341,2533,92.4,41303,16249,1013,1053,96.2,1094,1148,95.3,193,263,73.4,1.3,-1.3,8,142,7,2,2452,76,3,22,11,14,0,0,0,0,5,13,40,1.30,37,1,0,0,0,1,0.03,1,0,0,0,0,48,33,38,8,2,30,66.7,15,8,27,75,111,8,2801,308,27,9,64.3,5,35.7,1839,1,10,7,2196,89,93.0,89,30,0,,0,1.81,57,40,+17,+0.55,-0.32,48.3,42.3,+6.0,+0.19,+0.28,0,36,0,0,1,159,40,58.8
,Christopher Olney,,,,,,,,,,,,,,,,,,,,,,,,,,,,,,,,,,,,,,,,,,,,,,,,,,,,,,,,,,,,,,,,,,,,,,,,,,,,,,,,,,,,,,,,,,,,,,,,,,,,,,,,,,,,,,,,,,,,,,,,,,0,0,,2,,,,,,,,,,,,,,,,,,,
103,Claudio Bravo,ar ARG,DF,Portland Timbers,28-209,1997,8,3,330,3.7,0,0,0,0,0,0,1,0,0.3,0.3,0.6,0.9,4,17,10,0.00,0.00,0.00,0.00,0.00,0.10,0.16,0.25,0.10,0.25,Matches,3,3,100.0,0.82,0.82,0.00,0.00,10.8,0,0.12,-0.3,-0.3,183,236,77.5,3401,1397,80,94,85.1,77,90,85.6,25,45,55.6,0.8,-0.6,4,15,5,2,202,33,0,2,11,29,0,0,0,0,1,6,7,1.91,7,0,0,0,0,0,0.00,0,0,0,0,0,14,7,8,4,2,9,64.3,5,10,7,21,17,0,291,16,8,4,66.7,1,16.7,143,2,1,1,164,41,11.1,85,2,5,15,10,1.75,4,3,+1,+0.27,+0.41,4.7,4.5,+0.1,+0.04,+0.36,0,6,0,1,0,27,4,40.0
55,Cody Baker,us USA,"DF,MF",Seattle Sounders,21-274,2004,3,1,117,1.3,0,0,0,0,0,0,0,0,0.0,0.0,0.0,0.0,2,3,0,0.00,0.00,0.00,0.00,0.00,0.00,0.00,0.00,0.00,0.00,Matches,0,0,,0.00,0.00,,,,0,,0.0,0.0,79,89,88.8,1313,446,43,45,95.6,23,25,92.0,9,13,69.2,0.0,0.0,0,5,0,0,80,9,0,0,0,7,0,0,0,0,0,2,1,0.77,1,0,0,0,0,0,0.00,0,0,0,0,0,2,2,2,0,0,1,100.0,0,1,1,3,4,0,102,6,0,0,,0,,54,0,0,1,71,39,4.1,90,1,2,14,10,2.00,5,3,+2,+1.54,+1.34,4.5,2.5,+1.9,+1.49,+1.13,0,0,0,0,1,8,1,100.0
68,Cole Bassett,us USA,"MF,FW",Colorado Rapids,24-072,2001,27,24,2106,23.4,3,3,6,2,1,1,4,0,4.9,4.1,3.5,7.6,68,118,104,0.13,0.13,0.26,0.09,0.21,0.21,0.15,0.36,0.18,0.33,Matches,41,14,34.1,1.75,0.60,0.05,0.14,18.0,3,0.10,-1.9,-2.1,893,1131,79.0,14904,4493,439,512,85.7,353,416,84.9,73,132,55.3,5.0,-0.5,30,95,31,7,1048,80,5,8,63,26,17,6,10,0,3,27,77,3.29,63,7,1,1,2,10,0.43,8,0,0,1,0,26,15,9,11,6,14,35.9,25,24,3,29,26,0,1366,42,69,17,40.5,24,57.1,795,13,31,17,967,78,70.9,84,12,3,30,0,1.22,34,36,-2,-0.09,+0.96,37.8,41.5,-3.7,-0.16,+0.06,0,19,0,0,0,81,20,60.6
527,Cole Mrowka,us USA,MF,Columbus Crew,19-185,2006,2,0,28,0.3,0,0,0,0,0,0,0,0,0.0,0.0,0.0,0.1,1,2,1,0.00,0.00,0.00,0.00,0.00,0.12,0.08,0.20,0.12,0.20,Matches,1,1,100.0,3.21,3.21,0.00,0.00,21.8,0,0.04,0.0,0.0,28,31,90.3,457,115,17,17,100.0,9,10,90.0,2,2,100.0,0.1,0.0,1,2,2,1,29,2,0,0,1,0,1,0,0,0,0,1,1,3.21,1,0,0,0,0,0,0.00,0,0,0,0,0,0,0,0,0,0,0,,0,0,0,0,0,0,33,0,0,0,0.0,1,100.0,23,0,0,0,29,14,0.9,,0,2,14,15,0.50,0,0,0,0.00,-0.06,0.1,0.1,+0.1,+0.26,+0.12,0,1,0,0,0,1,0,
318,Colin Guske,us USA,"MF,FW",Orlando City,18-252,2007,4,0,12,0.1,0,0,0,0,0,0,1,0,0.0,0.0,0.0,0.0,1,0,0,0.00,0.00,0.00,0.00,0.00,0.00,0.00,0.00,0.00,0.00,Matches,0,0,,0.00,0.00,,,,0,,0.0,0.0,6,6,100.0,92,4,3,3,100.0,3,3,100.0,0,0,,0.0,0.0,0,0,0,0,6,0,0,0,0,0,0,0,0,0,0,0,1,7.50,0,0,0,1,0,0,0.00,0,0,0,0,0,1,0,0,1,0,0,,0,1,0,1,2,0,12,1,0,0,,0,,5,0,0,0,6,3,0.4,,0,4,3,21,2.50,1,0,+1,+7.50,+7.06,0.7,0.4,+0.3,+2.07,+1.69,0,1,0,0,0,0,1,50.0
33,Conner Antley,us USA,"DF,MF",D.C. United,30-200,1995,19,16,1276,14.2,1,1,2,1,0,0,1,0,0.9,0.9,0.3,1.3,23,37,54,0.07,0.07,0.14,0.07,0.14,0.07,0.02,0.09,0.07,0.09,Matches,6,2,33.3,0.42,0.14,0.17,0.50,10.3,0,0.16,+0.1,+0.1,376,535,70.3,6839,2081,156,189,82.5,171,234,73.1,43,88,48.9,0.5,+0.7,5,29,5,0,467,67,1,5,12,62,0,0,0,0,1,6,18,1.27,13,1,1,2,0,3,0.21,1,0,1,1,0,28,18,17,6,5,21,70.0,9,7,18,46,48,0,684,58,23,7,33.3,12,57.1,318,6,12,3,365,67,43.0,77,7,3,13,5,0.79,12,28,-16,-1.13,-0.07,13.5,19.7,-6.3,-0.44,-0.02,0,16,0,0,1,44,15,51.7
673,Connor Ronan,ie IRL,MF,Colorado Rapids,27-216,1998,23,9,946,10.5,0,0,0,0,0,0,1,0,0.6,0.6,1.3,1.8,7,87,32,0.00,0.00,0.00,0.00,0.00,0.05,0.12,0.18,0.05,0.18,Matches,8,3,37.5,0.76,0.29,0.00,0.00,21.4,0,0.07,-0.6,-0.6,669,795,84.2,11756,3994,314,331,94.9,282,317,89.0,59,114,51.8,1.9,-1.3,19,77,17,9,739,55,4,8,46,8,14,5,6,0,1,16,34,3.23,31,1,1,1,0,0,0.00,0,0,0,0,0,14,8,5,8,1,8,47.1,9,11,8,22,26,1,900,43,11,9,69.2,4,30.8,535,0,14,6,668,41,31.9,73,2,14,20,1,1.00,11,23,-12,-1.14,-1.14,19.8,20.2,-0.4,-0.04,+0.20,0,6,0,0,0,38,0,0.0
832,Conrad Wallem,no NOR,"MF,DF",St. Louis,25-121,2000,31,27,2329,25.9,1,2,3,1,0,0,7,1,2.5,2.5,2.6,5.1,55,104,122,0.04,0.08,0.12,0.04,0.12,0.10,0.10,0.20,0.10,0.20,Matches,24,9,37.5,0.93,0.35,0.04,0.11,17.4,0,0.11,-1.5,-1.5,1020,1261,80.9,16052,4749,545,623,87.5,364,432,84.3,70,120,58.3,3.3,-0.6,36,60,37,16,1150,103,2,13,61,85,1,0,0,0,8,15,78,3.01,65,2,2,3,0,8,0.31,7,0,0,0,0,43,26,23,15,5,24,43.6,31,18,20,63,64,1,1532,101,49,23,62.2,11,29.7,823,15,37,21,998,75,78.4,83,19,4,22,0,0.90,28,42,-14,-0.54,-0.54,35.4,41.7,-6.3,-0.24,-0.05,1,49,0,0,0,121,41,57.7
699,Cooper Sanchez,us USA,MF,Atlanta Utd,17-196,2008,1,0,17,0.2,0,0,0,0,0,0,0,0,0.0,0.0,0.0,0.0,2,2,2,0.00,0.00,0.00,0.00,0.00,0.00,0.00,0.00,0.00,0.00,Matches,0,0,,0.00,0.00,,,,0,,0.0,0.0,12,14,85.7,213,68,7,8,87.5,4,4,100.0,1,1,100.0,0.0,0.0,0,3,0,0,13,1,0,0,0,1,0,0,0,0,0,1,0,0.00,0,0,0,0,0,0,0.00,0,0,0,0,0,1,1,0,1,0,0,,0,0,0,1,0,0,15,0,0,0,,0,,7,0,0,0,10,17,0.6,,0,1,17,6,0.00,1,0,+1,+5.29,+5.99,1.7,0.1,+1.7,+8.89,+9.04,0,1,0,0,0,0,1,50.0
53,Corey Baird,us USA,FW,San Diego FC,29-251,1996,4,2,173,1.9,0,0,0,0,0,0,0,0,0.1,0.1,0.1,0.2,2,2,12,0.00,0.00,0.00,0.00,0.00,0.05,0.05,0.10,0.05,0.10,Matches,2,0,0.0,1.04,0.00,0.00,,23.9,0,0.05,-0.1,-0.1,36,45,80.0,451,106,27,30,90.0,8,10,80.0,1,2,50.0,0.0,-0.1,2,4,1,0,40,4,0,0,1,0,0,0,0,0,1,1,4,2.09,3,0,0,0,0,0,0.00,0,0,0,0,0,0,0,0,0,0,0,0.0,1,1,0,0,3,0,58,3,6,0,0.0,1,100.0,32,1,3,0,42,43,5.8,58,0,2,29,3,1.25,2,4,-2,-1.04,-1.72,2.4,3.0,-0.6,-0.30,-0.50,0,1,0,0,0,2,1,25.0
54,Corey Baird,us USA,"FW,MF",FC Cincinnati,29-251,1996,18,3,422,4.7,0,0,0,0,0,0,4,0,0.9,0.9,0.5,1.4,14,12,29,0.00,0.00,0.00,0.00,0.00,0.18,0.11,0.30,0.18,0.30,Matches,2,0,0.0,1.04,0.00,0.00,,23.9,0,0.05,-0.1,-0.1,36,45,80.0,451,106,27,30,90.0,8,10,80.0,1,2,50.0,0.0,-0.1,2,4,1,0,40,4,0,0,1,0,0,0,0,0,1,1,4,2.09,3,0,0,0,0,0,0.00,0,0,0,0,0,0,0,0,0,0,0,0.0,1,1,0,0,3,0,58,3,6,0,0.0,1,100.0,32,1,3,0,42,43,5.8,58,0,2,29,3,1.25,2,4,-2,-1.04,-1.72,2.4,3.0,-0.6,-0.30,-0.50,0,1,0,0,0,2,1,25.0
593,Cristhian Paredes,py PAR,MF,Portland Timbers,27-143,1998,28,7,971,10.8,2,0,2,2,0,0,6,0,0.7,0.7,0.7,1.5,6,66,25,0.19,0.00,0.19,0.19,0.19,0.07,0.07,0.13,0.07,0.13,Matches,8,2,25.0,0.74,0.19,0.25,1.00,14.6,0,0.09,+1.3,+1.3,474,582,81.4,7928,2545,223,256,87.1,192,221,86.9,41,71,57.7,0.6,-0.7,15,58,10,0,570,10,0,5,8,3,0,0,0,0,2,7,33,3.06,28,2,2,1,0,2,0.19,2,0,0,0,0,29,14,10,18,1,14,37.8,23,9,17,46,21,0,706,37,17,9,64.3,5,35.7,404,2,12,7,472,35,32.7,82,3,21,19,4,1.29,7,12,-5,-0.46,-0.55,11.8,17.4,-5.6,-0.51,-0.34,0,22,0,0,0,55,15,53.6
38,Cristian Arango,co COL,"FW,MF",SJ Earthquakes,30-213,1995,29,29,2467,27.4,13,3,16,10,3,3,6,0,14.3,12.0,4.2,16.1,68,116,162,0.47,0.11,0.58,0.36,0.47,0.52,0.15,0.68,0.44,0.59,Matches,116,38,32.8,4.23,1.39,0.09,0.26,20.2,10,0.10,-1.3,-2.0,487,704,69.2,8006,2378,246,311,79.1,178,236,75.4,41,73,56.2,5.0,-1.2,28,64,38,4,660,38,12,7,37,6,1,0,0,0,6,34,91,3.32,59,2,7,7,2,14,0.51,11,0,1,1,0,36,18,8,16,12,16,48.5,17,20,7,43,19,0,1092,27,150,28,34.1,50,61.0,660,24,78,46,799,85,83.1,85,18,0,,0,1.14,46,53,-7,-0.26,-0.79,49.4,47.7,+1.8,+0.07,-0.36,0,49,1,0,0,95,43,58.1
243,Cristian Espinoza,ar ARG,"MF,FW",SJ Earthquakes,30-188,1995,30,29,2598,28.9,4,8,12,3,1,1,8,0,4.1,3.3,11.8,15.1,101,167,252,0.14,0.28,0.42,0.10,0.38,0.14,0.41,0.55,0.11,0.52,Matches,43,15,34.9,1.49,0.52,0.07,0.20,22.1,8,0.08,-0.1,-0.3,1125,1659,67.8,20024,7326,541,668,81.0,389,526,74.0,160,336,47.6,12.0,-3.8,109,97,85,28,1319,334,9,17,320,95,153,50,82,1,6,71,184,6.37,115,56,7,2,2,20,0.69,14,5,0,1,0,43,25,14,17,12,25,49.0,26,25,19,62,25,2,1988,27,80,38,42.2,48,53.3,1087,19,77,36,1249,87,87.5,89,23,1,31,0,1.23,56,53,+3,+0.10,+1.80,56.2,50.5,+5.7,+0.20,+0.58,0,38,0,0,0,157,17,44.7
669,Cristian Roldan,us USA,MF,Seattle Sounders,30-127,1995,31,30,2632,29.2,1,2,3,1,0,0,3,0,1.9,1.9,2.7,4.7,30,243,54,0.03,0.07,0.10,0.03,0.10,0.07,0.09,0.16,0.07,0.16,Matches,34,13,38.2,1.16,0.44,0.03,0.08,19.2,0,0.06,-0.9,-0.9,1829,2073,88.2,33328,10174,760,834,91.1,801,865,92.6,217,283,76.7,3.6,-0.7,34,274,25,6,2023,44,7,20,21,10,0,0,0,0,6,19,90,3.08,79,0,2,5,1,10,0.34,9,0,0,1,0,80,46,27,45,8,49,56.3,38,38,39,119,42,2,2432,104,50,25,61.0,14,34.1,1486,3,34,21,1802,85,91.4,87,27,1,20,0,1.58,49,41,+8,+0.27,+0.27,50.6,36.3,+14.3,+0.49,+0.90,0,32,0,1,0,181,44,53.7
,Cristiano Oliveira,,,,,,,,,,,,,,,,,,,,,,,,,,,,,,,,,,,,,,,,,,,,,,,,,,,,,,,,,,,,,,,,,,,,,,,,,,,,,,,,,,,,,,,,,,,,,,,,,,,,,,,,,,,,,,,,,,,,,,,,,,0,0,,1,,,,,,,,,,,,,,,,,,,
624,Célio Pompeu,br BRA,"FW,MF",St. Louis,25-302,1999,28,16,1478,16.4,2,3,5,2,0,0,3,0,1.4,1.4,3.1,4.6,71,37,147,0.12,0.18,0.30,0.12,0.30,0.09,0.19,0.28,0.09,0.28,Matches,31,6,19.4,1.89,0.37,0.06,0.33,19.4,0,0.05,+0.6,+0.6,368,518,71.0,5106,1662,220,252,87.3,104,148,70.3,17,57,29.8,3.0,-0.1,24,26,27,15,488,27,2,1,64,18,4,0,1,0,3,19,65,3.96,48,2,7,3,3,4,0.24,3,0,1,0,0,38,23,17,13,8,18,46.2,21,6,13,51,13,0,697,18,70,34,54.0,27,42.9,450,36,32,21,486,53,49.8,76,6,12,22,4,0.86,27,28,-1,-0.06,+0.72,29.7,28.2,+1.6,+0.09,+0.66,0,29,0,1,0,71,3,27.3
39,César Araujo,uy URU,MF,Orlando City,24-189,2001,21,20,1770,19.7,2,3,5,2,0,0,6,1,0.9,0.9,1.8,2.6,20,116,29,0.10,0.15,0.25,0.10,0.25,0.04,0.09,0.13,0.04,0.13,Matches,19,6,31.6,0.97,0.31,0.11,0.33,19.6,3,0.05,+1.1,+1.1,1022,1128,90.6,16486,5036,525,548,95.8,387,420,92.1,76,109,69.7,1.0,+1.2,18,127,6,0,1083,44,1,14,5,20,0,0,0,0,1,8,51,2.59,37,2,0,4,3,7,0.36,5,0,0,1,0,38,26,16,13,9,21,44.7,26,25,8,46,21,1,1290,41,20,3,33.3,5,55.6,710,1,17,16,954,84,61.5,87,16,1,33,1,1.76,43,31,+12,+0.61,+0.37,37.8,26.9,+10.9,+0.56,+0.43,0,30,0,0,0,102,4,23.5
774,D.J. Taylor,us USA,DF,Minnesota Utd,28-043,1997,7,1,202,2.2,0,0,0,0,0,0,0,0,0.0,0.0,0.0,0.0,3,8,11,0.00,0.00,0.00,0.00,0.00,0.00,0.01,0.01,0.00,0.01,Matches,0,0,,0.00,0.00,,,,0,,0.0,0.0,82,103,79.6,1372,510,42,46,91.3,32,42,76.2,5,10,50.0,0.1,0.0,1,4,2,1,89,14,0,1,4,14,0,0,0,0,0,1,3,1.34,3,0,0,0,0,0,0.00,0,0,0,0,0,2,1,1,1,0,1,33.3,2,2,3,5,14,0,128,13,0,0,,0,,53,0,0,1,68,29,6.8,90,1,6,19,18,1.57,2,6,-4,-1.78,-2.50,2.0,4.2,-2.2,-0.99,-1.10,0,2,0,0,0,10,2,40.0
185,Dagur Dan Þórhallsson,is ISL,"MF,DF",Orlando City,25-159,2000,29,10,1013,11.3,2,0,2,2,0,0,3,0,1.0,1.0,0.6,1.6,26,30,52,0.18,0.00,0.18,0.18,0.18,0.09,0.05,0.14,0.09,0.14,Matches,6,2,33.3,0.53,0.18,0.33,1.00,16.4,0,0.16,+1.0,+1.0,455,518,87.8,6609,1291,265,279,95.0,154,171,90.1,17,36,47.2,1.0,-0.6,10,18,7,2,483,33,0,2,11,26,3,0,2,0,2,5,30,2.67,28,0,1,1,0,2,0.18,1,0,0,1,0,19,13,13,4,2,8,42.1,11,6,4,23,29,1,634,26,20,16,66.7,7,29.2,356,6,13,9,413,35,35.2,78,4,19,12,2,1.59,14,22,-8,-0.71,-1.82,16.6,18.8,-2.2,-0.20,-0.90,0,10,0,0,0,65,6,35.3
,Damion Lowe,,,,,,,,,,,,,,,,,,,,,,,,,,,,,,,,,,,,,,,,,,,,,,,,,,,,,,,,,,,,,,,,,,,,,,,,,,,,,,,,,,,,,,,,,,,,,,,,,,,,,,,,,,,,,,,,,,,,,,,,,,0,0,,2,,,,,,,,,,,,,,,,,,,
420,Damir Kreilach,hr CRO,"FW,MF",Vancouver W'caps,36-175,1989,4,0,23,0.3,1,0,1,0,1,1,0,0,0.8,0.0,0.0,0.0,0,4,3,3.91,0.00,3.91,0.00,0.00,3.09,0.00,3.09,0.00,0.00,Matches,0,0,,0.00,0.00,,,,0,,+0.2,0.0,13,17,76.5,171,62,8,10,80.0,5,6,83.3,0,0,,0.0,0.0,0,5,0,0,17,0,0,0,0,0,0,0,0,0,0,0,0,0.00,0,0,0,0,0,0,0.00,0,0,0,0,0,0,0,0,0,0,0,0.0,1,0,0,0,1,0,20,1,1,1,100.0,0,0.0,8,0,1,0,15,6,0.8,,0,4,6,9,1.50,2,0,+2,+7.83,+7.01,1.0,0.4,+0.5,+2.11,+1.39,0,0,0,0,0,2,1,100.0
186,Daniel,br BRA,GK,SJ Earthquakes,31-155,1994,29,29,2495,27.7,0,0,0,0,0,0,3,0,0.0,0.0,0.0,0.0,0,0,0,0.00,0.00,0.00,0.00,0.00,0.00,0.00,0.00,0.00,0.00,Matches,0,0,,0.00,0.00,,,,0,,0.0,0.0,614,865,71.0,16410,11862,125,126,99.2,285,295,96.6,199,438,45.4,0.0,0.0,0,4,0,0,610,254,0,1,0,0,0,0,0,0,1,0,4,0.14,4,0,0,0,0,0,0.00,0,0,0,0,0,1,1,1,0,0,1,50.0,1,0,0,1,14,6,930,784,0,0,,0,,513,0,1,0,360,86,84.0,86,27,0,,1,1.17,49,50,-1,-0.04,+0.53,50.3,48.9,+1.4,+0.05,-0.48,0,0,0,0,0,50,5,83.3
41,Daniel Armando Ríos,mx MEX,FW,Vancouver W'caps,30-228,1995,29,14,1331,14.8,3,2,5,3,0,2,3,0,5.8,4.2,1.9,6.1,13,25,80,0.20,0.14,0.34,0.20,0.34,0.39,0.13,0.52,0.29,0.41,Matches,36,9,25.0,2.43,0.61,0.08,0.33,15.6,1,0.12,-2.8,-1.2,240,306,78.4,3204,448,140,178,78.7,72,81,88.9,6,11,54.5,1.3,+0.1,13,10,7,0,286,19,0,1,5,1,0,0,0,0,1,9,28,1.89,14,0,2,2,0,4,0.27,2,0,0,0,0,3,2,0,1,2,2,33.3,4,3,7,10,18,0,475,21,85,6,33.3,12,66.7,269,11,45,20,343,46,46.2,79,7,15,15,0,1.90,38,19,+19,+1.28,+0.76,29.5,18.0,+11.5,+0.77,+0.07,0,21,0,0,0,26,20,33.9
227,Daniel Edelman,us USA,MF,NY Red Bulls,22-163,2003,25,24,1928,21.4,1,0,1,1,0,0,4,0,0.7,0.7,0.3,1.0,16,139,23,0.05,0.00,0.05,0.05,0.05,0.03,0.02,0.05,0.03,0.05,Matches,14,4,28.6,0.65,0.19,0.07,0.25,23.4,0,0.05,+0.3,+0.3,1071,1257,85.2,17017,5457,559,612,91.3,441,499,88.4,56,95,58.9,0.9,-0.3,7,153,19,1,1225,28,0,4,5,4,0,0,0,0,4,19,30,1.40,24,0,1,2,2,2,0.09,2,0,0,0,0,30,19,7,17,6,18,40.9,26,15,32,62,39,0,1466,47,4,7,46.7,8,53.3,776,1,23,15,985,77,64.9,79,12,1,33,3,1.52,30,27,+3,+0.14,+0.14,28.8,30.0,-1.2,-0.06,+0.12,0,14,0,0,0,137,25,54.3
453,Daniel Lovitz,us USA,DF,Nashville SC,34-042,1991,30,29,2631,29.2,2,6,8,2,0,0,5,0,0.5,0.5,2.7,3.1,68,116,90,0.07,0.21,0.27,0.07,0.27,0.02,0.09,0.11,0.02,0.11,Matches,12,3,25.0,0.41,0.10,0.17,0.67,19.1,0,0.04,+1.5,+1.5,1227,1590,77.2,22843,8351,476,537,88.6,624,777,80.3,122,230,53.0,2.4,+3.3,18,92,37,9,1328,253,2,8,52,222,0,0,0,0,9,27,50,1.71,39,5,2,1,1,8,0.27,6,1,0,0,0,67,43,41,21,5,30,60.0,20,14,35,102,74,1,1842,90,17,14,48.3,14,48.3,944,2,17,7,1147,88,88.6,90,26,1,24,0,1.70,49,32,+17,+0.58,+0.85,48.9,32.7,+16.2,+0.55,-0.25,0,40,0,1,0,99,21,44.7
530,Daniel Munie,us USA,DF,SJ Earthquakes,25-240,2000,23,21,1901,21.1,2,2,4,2,0,0,4,0,1.6,1.6,0.3,2.0,15,69,9,0.09,0.09,0.19,0.09,0.19,0.08,0.02,0.09,0.08,0.09,Matches,12,5,41.7,0.57,0.24,0.17,0.40,9.5,0,0.14,+0.4,+0.4,987,1167,84.6,18822,6575,317,359,88.3,585,631,92.7,74,136,54.4,0.5,+1.7,6,63,3,1,1104,56,2,2,3,9,0,0,0,0,7,8,21,0.99,20,0,0,0,1,3,0.14,3,0,0,0,0,29,21,15,12,2,14,63.6,8,19,27,56,109,4,1407,143,20,3,50.0,3,50.0,780,0,11,3,872,83,64.0,89,20,2,17,6,1.22,36,42,-6,-0.28,-0.45,38.7,34.3,+4.4,+0.21,+0.23,0,15,0,0,0,100,44,56.4
536,Daniel Musovski,us USA,FW,Seattle Sounders,29-312,1995,29,16,1544,17.2,14,4,18,13,1,1,5,0,14.1,13.3,0.9,14.2,19,14,65,0.82,0.23,1.05,0.76,0.99,0.82,0.05,0.88,0.78,0.83,Matches,53,25,47.2,3.09,1.46,0.25,0.52,10.3,0,0.25,-0.1,-0.3,202,256,78.9,2636,379,121,147,82.3,62,71,87.3,6,10,60.0,0.8,+3.1,9,4,4,0,231,24,0,0,0,0,0,0,0,0,1,7,26,1.52,18,0,1,2,0,6,0.35,5,0,0,0,0,16,13,3,9,4,1,25.0,3,7,2,18,8,0,415,9,91,6,33.3,10,55.6,216,16,33,26,304,53,53.6,70,1,13,33,2,1.55,39,26,+13,+0.76,+1.09,32.2,24.6,+7.5,+0.44,+0.06,0,35,0,1,0,33,34,37.4
607,Daniel Pereira,ve VEN,MF,Austin,25-086,2000,25,21,1915,21.3,1,3,4,1,0,0,7,0,1.3,1.3,2.9,4.2,34,133,52,0.05,0.14,0.19,0.05,0.19,0.06,0.14,0.20,0.06,0.20,Matches,24,4,16.7,1.13,0.19,0.04,0.25,24.8,1,0.05,-0.3,-0.3,1114,1261,88.3,18905,5141,540,579,93.3,427,468,91.2,109,145,75.2,3.2,+0.1,27,101,23,7,1198,55,2,8,43,6,12,2,8,0,8,16,68,3.20,57,3,3,2,2,8,0.38,5,1,1,0,0,28,15,14,10,4,12,46.2,14,18,15,43,19,2,1450,41,22,27,54.0,19,38.0,923,7,25,11,1094,77,66.5,86,17,4,26,0,1.52,26,26,0,0.00,+0.75,28.3,31.4,-3.1,-0.14,+0.10,0,39,0,0,0,109,3,37.5
677,Daniel Rosero,co COL,DF,Sporting KC,32-002,1993,5,2,180,2.0,0,0,0,0,0,0,1,0,0.4,0.4,0.0,0.4,0,4,0,0.00,0.00,0.00,0.00,0.00,0.19,0.00,0.19,0.19,0.19,Matches,3,1,33.3,1.50,0.50,0.00,0.00,8.0,0,0.13,-0.4,-0.4,89,101,88.1,1790,620,29,31,93.5,41,49,83.7,16,18,88.9,0.0,0.0,0,8,0,0,97,4,0,0,0,0,0,0,0,0,0,0,1,0.50,1,0,0,0,0,0,0.00,0,0,0,0,0,5,2,4,1,0,3,75.0,1,0,6,11,9,0,126,15,4,1,50.0,1,50.0,59,0,1,2,75,36,6.1,68,1,3,15,6,0.80,2,4,-2,-1.00,-0.29,2.3,4.1,-1.9,-0.94,-0.07,0,2,0,0,0,9,7,70.0
,Daniel Russo,,,,,,,,,,,,,,,,,,,,,,,,,,,,,,,,,,,,,,,,,,,,,,,,,,,,,,,,,,,,,,,,,,,,,,,,,,,,,,,,,,,,,,,,,,,,,,,,,,,,,,,,,,,,,,,,,,,,,,,,,,0,0,,1,,,,,,,,,,,,,,,,,,,
752,Daniel Steres,us USA,DF,Houston Dynamo,34-331,1990,8,3,398,4.4,0,0,0,0,0,0,2,0,0.1,0.1,0.0,0.1,3,17,7,0.00,0.00,0.00,0.00,0.00,0.01,0.00,0.01,0.01,0.01,Matches,1,0,0.0,0.23,0.00,0.00,,9.4,0,0.06,-0.1,-0.1,213,256,83.2,3580,1510,103,119,86.6,95,110,86.4,13,20,65.0,0.1,0.0,0,20,0,0,220,34,0,0,2,31,0,0,0,0,2,0,5,1.13,4,1,0,0,0,0,0.00,0,0,0,0,0,5,1,3,2,0,3,50.0,3,2,4,9,21,2,300,21,4,0,,0,,127,1,3,2,190,50,13.4,73,1,5,36,9,0.63,4,8,-4,-0.90,-0.59,3.5,7.6,-4.1,-0.93,-0.89,0,6,0,0,0,14,6,54.5
385,Danley Jean-Jacques,ht HAI,MF,Philadelphia Union,25-141,2000,30,25,2281,25.3,3,3,6,3,0,0,5,0,4.7,4.7,2.0,6.7,28,124,40,0.12,0.12,0.24,0.12,0.24,0.18,0.08,0.26,0.18,0.26,Matches,38,13,34.2,1.50,0.51,0.08,0.23,20.4,0,0.12,-1.7,-1.7,904,1100,82.2,14056,4679,492,560,87.9,319,369,86.4,60,101,59.4,1.7,+1.0,27,118,13,1,1089,8,2,4,10,1,0,0,0,0,3,20,58,2.29,49,0,3,2,1,9,0.36,6,0,2,0,0,45,28,24,20,1,21,53.8,18,23,41,86,35,0,1352,48,34,19,65.5,10,34.5,736,6,29,14,852,76,76.8,85,19,5,32,0,1.90,49,24,+25,+0.99,+1.12,44.4,29.1,+15.3,+0.61,+0.31,0,48,0,0,0,123,10,43.5
437,Danny Leyva,us USA,"MF,FW",Seattle Sounders,22-156,2003,14,4,525,5.8,0,1,1,0,0,0,2,0,0.3,0.3,0.9,1.2,10,38,26,0.00,0.17,0.17,0.00,0.17,0.05,0.15,0.21,0.05,0.21,Matches,10,1,10.0,1.71,0.17,0.00,0.00,26.3,2,0.03,-0.3,-0.3,392,464,84.5,5955,1747,227,245,92.7,113,138,81.9,33,50,66.0,1.3,+0.1,11,44,11,3,433,30,1,2,23,5,13,3,6,0,1,8,28,4.80,11,10,1,3,1,4,0.69,2,1,0,1,0,7,3,0,4,3,3,42.9,4,3,6,13,7,1,521,11,8,5,50.0,4,40.0,298,1,11,8,415,38,18.2,82,2,10,20,17,1.64,11,10,+1,+0.17,-0.10,10.9,8.8,+2.1,+0.37,-0.05,0,6,1,0,0,32,4,40.0
716,Dante Sealy,tt TRI,"FW,MF",CF Montréal,22-174,2003,29,27,2364,26.3,9,1,10,9,0,0,5,0,5.7,5.7,3.1,8.8,80,90,176,0.34,0.04,0.38,0.34,0.38,0.22,0.12,0.34,0.22,0.34,Matches,58,22,37.9,2.21,0.84,0.16,0.41,17.8,3,0.10,+3.3,+3.3,579,821,70.5,9524,3378,301,364,82.7,217,292,74.3,48,121,39.7,3.7,-2.1,37,56,27,4,735,83,5,9,93,14,51,25,11,0,3,17,78,2.97,53,9,8,4,1,5,0.19,3,1,0,0,0,34,24,14,16,4,14,48.3,15,22,15,49,18,0,1133,31,105,32,42.1,40,52.6,716,37,71,41,785,82,79.6,85,18,2,32,2,0.86,28,47,-19,-0.72,-0.13,32.2,39.5,-7.3,-0.28,-0.11,0,41,0,0,0,98,17,51.5
27,Daouda Amadou,cm CMR,MF,Colorado Rapids,23-006,2002,1,0,11,0.1,0,0,0,0,0,0,0,0,0.0,0.0,0.0,0.0,0,2,0,0.00,0.00,0.00,0.00,0.00,0.00,0.00,0.00,0.00,0.00,Matches,0,0,,0.00,0.00,,,,0,,0.0,0.0,14,15,93.3,267,123,4,4,100.0,8,8,100.0,2,3,66.7,0.0,0.0,0,1,0,0,14,1,1,1,0,0,0,0,0,0,0,0,0,0.00,0,0,0,0,0,0,0.00,0,0,0,0,0,2,1,2,0,0,1,100.0,0,0,0,2,0,0,17,0,0,0,,0,,8,0,0,1,11,11,0.4,,0,1,11,3,0.00,0,0,0,0.00,+0.36,0.6,0.2,+0.4,+3.42,+3.61,0,0,0,0,0,1,0,
873,Dario Župarić,ba BIH,DF,Portland Timbers,33-158,1992,18,16,1478,16.4,0,0,0,0,0,0,4,0,0.3,0.3,0.1,0.4,3,40,0,0.00,0.00,0.00,0.00,0.00,0.02,0.01,0.03,0.02,0.03,Matches,6,1,16.7,0.37,0.06,0.00,0.00,13.7,0,0.06,-0.3,-0.3,739,836,88.4,13978,5896,258,275,93.8,414,449,92.2,60,99,60.6,0.3,-0.1,3,42,1,0,797,38,0,2,1,3,0,0,0,0,1,1,13,0.79,10,0,0,0,1,0,0.00,0,0,0,0,0,23,11,16,7,0,12,60.0,8,6,34,57,98,0,1028,108,12,3,60.0,1,20.0,597,0,3,3,650,82,49.8,89,15,2,27,10,0.94,13,19,-6,-0.37,-0.55,18.1,25.2,-7.1,-0.43,-0.29,0,17,0,0,0,52,31,60.8
540,Darlington Nagbe,us USA,MF,Columbus Crew,35-081,1990,29,29,2505,27.8,0,0,0,0,0,0,1,0,0.5,0.5,0.4,0.9,21,97,18,0.00,0.00,0.00,0.00,0.00,0.02,0.02,0.03,0.02,0.03,Matches,9,2,22.2,0.32,0.07,0.00,0.00,24.2,0,0.05,-0.5,-0.5,1466,1535,95.5,20917,5070,875,896,97.7,506,532,95.1,48,53,90.6,1.1,-0.4,15,146,6,1,1492,41,2,0,2,2,0,0,0,0,2,12,43,1.54,35,0,2,5,1,2,0.07,2,0,0,0,0,20,10,10,7,3,11,57.9,8,10,13,33,24,0,1680,58,5,9,47.4,8,42.1,1075,4,18,22,1320,86,84.3,86,20,0,,0,1.59,46,42,+4,+0.14,+0.53,46.4,40.2,+6.3,+0.23,+0.51,0,16,0,0,0,145,11,61.1
856,Darren Yapi,us USA,"FW,MF",Colorado Rapids,20-323,2004,28,16,1340,14.9,7,2,9,7,0,0,5,0,4.8,4.8,1.3,6.1,18,20,82,0.47,0.13,0.60,0.47,0.60,0.32,0.09,0.41,0.32,0.41,Matches,28,14,50.0,1.88,0.94,0.25,0.50,12.7,0,0.17,+2.2,+2.2,191,292,65.4,2267,511,133,175,76.0,44,68,64.7,2,7,28.6,0.7,+0.7,16,18,5,0,287,5,2,0,1,3,0,0,0,0,0,9,34,2.28,28,0,1,4,1,5,0.34,3,0,0,2,0,16,12,2,10,4,7,36.8,12,10,2,18,17,0,469,17,68,12,32.4,22,59.5,243,8,36,32,335,48,45.1,71,2,12,17,2,1.04,21,21,0,0.00,+0.66,23.4,23.1,+0.4,+0.03,+0.37,0,20,2,0,0,25,58,48.3
50,David Ayala,ar ARG,MF,Portland Timbers,23-074,2002,32,31,2534,28.2,2,1,3,2,0,0,4,0,1.8,1.8,1.1,2.9,14,189,24,0.07,0.04,0.11,0.07,0.11,0.06,0.04,0.10,0.06,0.10,Matches,33,6,18.2,1.17,0.21,0.06,0.33,18.9,0,0.05,+0.2,+0.2,1597,1824,87.6,31573,8259,577,637,90.6,784,843,93.0,220,288,76.4,1.3,-0.1,16,196,10,0,1774,42,4,35,14,0,0,0,0,0,8,20,45,1.60,34,0,2,0,4,2,0.07,0,0,0,0,0,86,54,46,29,11,42,71.2,17,27,47,133,52,0,2138,86,32,20,62.5,10,31.3,1342,2,30,17,1532,79,85.3,81,14,1,14,1,1.34,36,38,-2,-0.07,+0.14,34.4,43.6,-9.2,-0.33,-0.27,0,34,0,0,0,164,26,55.3
89,David Bingham,us USA,GK,Charlotte,35-354,1989,2,2,180,2.0,0,0,0,0,0,0,0,0,0.0,0.0,0.0,0.0,0,0,0,0.00,0.00,0.00,0.00,0.00,0.00,0.00,0.00,0.00,0.00,Matches,0,0,,0.00,0.00,,,,0,,0.0,0.0,47,62,75.8,970,614,21,21,100.0,20,20,100.0,6,21,28.6,0.0,0.0,0,0,0,0,43,19,0,0,0,0,0,0,0,0,0,0,0,0.00,0,0,0,0,0,0,0.00,0,0,0,0,0,0,0,0,0,0,0,,0,0,0,0,1,0,68,58,0,0,,0,,38,0,0,0,28,90,6.1,90,2,0,,31,1.50,3,2,+1,+0.50,+0.31,3.1,1.9,+1.2,+0.62,+0.75,0,0,0,0,0,4,0,
104,David Brekalo,si SVN,DF,Orlando City,26-309,1998,28,26,2312,25.7,0,2,2,0,0,0,5,0,2.7,2.7,1.3,4.0,26,107,20,0.00,0.08,0.08,0.00,0.08,0.10,0.05,0.16,0.10,0.16,Matches,23,4,17.4,0.90,0.16,0.00,0.00,11.1,0,0.12,-2.7,-2.7,1223,1397,87.5,21532,7268,517,555,93.2,583,650,89.7,99,146,67.8,1.5,+0.7,8,95,6,1,1239,154,1,17,4,97,0,0,0,0,4,9,38,1.48,32,1,2,0,2,5,0.19,5,0,0,0,0,45,25,30,12,3,28,56.0,22,15,26,71,118,0,1668,164,37,15,75.0,3,15.0,883,3,11,8,1079,83,80.3,88,23,2,17,1,1.68,44,31,+13,+0.51,+0.19,45.2,32.3,+12.9,+0.50,+0.58,0,34,0,0,0,73,48,54.5
173,David Costa,pt POR,"MF,FW",Portland Timbers,24-276,2001,31,27,2461,27.3,4,6,10,4,0,0,2,0,4.3,4.3,5.5,9.8,134,173,186,0.15,0.22,0.37,0.15,0.37,0.16,0.20,0.36,0.16,0.36,Matches,45,19,42.2,1.65,0.69,0.09,0.21,18.9,6,0.10,-0.3,-0.3,1082,1324,81.7,17176,4552,537,597,89.9,425,509,83.5,74,138,53.6,7.5,+0.5,58,111,52,8,1244,77,12,5,106,6,51,27,13,0,3,24,111,4.06,87,16,3,1,0,10,0.37,10,0,0,0,0,11,4,3,6,2,4,30.8,9,13,7,18,9,1,1533,12,92,34,47.9,37,52.1,1086,32,57,25,1234,79,82.9,86,17,4,34,0,1.39,36,37,-1,-0.04,+0.32,33.3,42.0,-8.7,-0.32,-0.18,0,10,0,0,0,84,1,20.0
478,David Martínez,ve VEN,FW,LAFC,19-243,2006,27,12,1084,12.0,3,5,8,3,0,0,4,0,2.9,2.9,1.9,4.8,40,53,97,0.25,0.42,0.66,0.25,0.66,0.24,0.16,0.39,0.24,0.39,Matches,34,15,44.1,2.82,1.25,0.09,0.20,20.4,0,0.08,+0.1,+0.1,337,433,77.8,5920,1396,154,177,87.0,147,176,83.5,31,59,52.5,1.7,+3.1,14,36,21,2,405,27,4,6,35,6,18,14,0,0,1,12,43,3.57,26,6,5,1,3,9,0.75,6,1,1,0,1,17,13,8,7,2,10,47.6,11,8,3,20,4,1,577,8,52,23,52.3,20,45.5,380,16,32,21,437,40,38.9,66,0,15,19,2,1.70,22,16,+6,+0.50,-0.45,20.3,12.5,+7.8,+0.65,-0.16,0,21,0,0,0,42,1,10.0
564,David Ochoa,us USA,GK,LAFC,24-265,2001,1,1,90,1.0,0,0,0,0,0,0,0,0,0.0,0.0,0.0,0.0,0,0,0,0.00,0.00,0.00,0.00,0.00,0.00,0.00,0.00,0.00,0.00,Matches,0,0,,0.00,0.00,,,,0,,0.0,0.0,20,23,87.0,358,248,9,10,90.0,8,9,88.9,3,4,75.0,0.0,0.0,0,0,0,0,18,5,0,0,0,0,0,0,0,0,0,0,0,0.00,0,0,0,0,0,0,0.00,0,0,0,0,0,0,0,0,0,0,0,,0,0,0,0,0,0,23,22,0,0,,0,,18,0,0,0,11,90,3.2,90,1,0,,16,0.00,0,1,-1,-1.00,-1.83,0.9,0.7,+0.2,+0.17,-0.60,0,0,0,0,0,0,1,100.0
672,David Romney,us USA,DF,SJ Earthquakes,32-118,1993,32,28,2583,28.7,0,0,0,0,0,0,4,0,0.6,0.6,0.7,1.2,21,122,17,0.00,0.00,0.00,0.00,0.00,0.02,0.02,0.04,0.02,0.04,Matches,13,2,15.4,0.45,0.07,0.00,0.00,12.0,0,0.04,-0.6,-0.6,1287,1524,84.4,24661,9225,453,504,89.9,696,776,89.7,125,206,60.7,1.2,-0.7,7,118,7,4,1484,37,1,14,16,8,0,0,0,0,3,8,23,0.80,21,2,0,0,0,2,0.07,2,0,0,0,0,29,15,16,11,2,21,72.4,8,15,17,46,170,1,1836,173,27,2,40.0,3,60.0,993,1,7,3,1180,81,87.0,88,27,4,27,1,1.16,54,58,-4,-0.14,-0.14,55.8,50.5,+5.3,+0.18,+0.45,0,19,0,0,0,84,84,64.1
683,David Ruíz,hn HON,"MF,FW",Inter Miami,21-242,2004,4,2,129,1.4,0,0,0,0,0,0,0,0,0.5,0.5,0.1,0.6,0,6,5,0.00,0.00,0.00,0.00,0.00,0.35,0.06,0.41,0.35,0.41,Matches,1,0,0.0,0.70,0.00,0.00,,5.6,0,0.50,-0.5,-0.5,48,53,90.6,774,136,22,23,95.7,20,21,95.2,4,4,100.0,0.0,-0.1,1,4,0,0,52,1,0,0,1,0,1,0,0,0,0,1,4,2.79,2,0,1,1,0,1,0.70,0,0,0,1,0,7,3,4,1,2,3,75.0,1,0,1,8,1,0,70,1,2,3,50.0,2,33.3,41,0,1,2,50,32,4.5,40,0,2,25,5,2.00,2,3,-1,-0.70,-1.35,2.5,1.5,+0.9,+0.63,+0.14,0,2,0,0,0,8,3,75.0
713,David Schnegg,at AUT,"DF,MF",D.C. United,27-009,1998,31,30,2608,29.0,0,1,1,0,0,0,8,0,1.6,1.6,3.3,4.9,55,93,148,0.00,0.03,0.03,0.00,0.03,0.05,0.11,0.17,0.05,0.17,Matches,16,4,25.0,0.55,0.14,0.00,0.00,23.5,1,0.10,-1.6,-1.6,977,1400,69.8,16931,6830,489,564,86.7,384,534,71.9,86,239,36.0,3.6,-2.3,31,67,33,15,1115,285,4,12,123,238,18,9,3,1,0,32,55,1.90,42,10,1,2,0,5,0.17,4,1,0,0,0,71,51,32,25,14,42,58.3,30,40,37,108,111,0,1795,117,53,23,51.1,20,44.4,824,11,48,20,945,84,87.8,85,24,1,45,1,0.81,25,52,-27,-0.93,+1.31,30.1,40.2,-10.0,-0.35,+0.70,0,53,0,0,0,143,36,65.5
816,David Vazquez,us USA,MF,Philadelphia Union,19-228,2006,1,0,20,0.2,0,0,0,0,0,0,0,0,0.0,0.0,0.0,0.0,1,0,2,0.00,0.00,0.00,0.00,0.00,0.00,0.00,0.00,0.00,0.00,Matches,0,0,,0.00,0.00,,,,0,,0.0,0.0,10,11,90.9,184,26,3,3,100.0,6,6,100.0,1,2,50.0,0.0,0.0,0,1,0,0,11,0,0,0,1,0,0,0,0,0,0,0,0,0.00,0,0,0,0,0,0,0.00,0,0,0,0,0,0,0,0,0,0,0,,0,0,0,0,0,0,12,0,2,0,,0,,7,1,1,0,8,20,0.7,,0,1,20,4,0.00,0,0,0,0.00,-0.73,0.2,0.3,-0.1,-0.31,-0.85,0,0,0,0,0,2,1,50.0
817,David Vazquez,us USA,"FW,MF",San Diego FC,19-228,2006,4,2,177,2.0,0,0,0,0,0,0,0,0,0.1,0.1,0.1,0.2,1,5,13,0.00,0.00,0.00,0.00,0.00,0.04,0.04,0.09,0.04,0.09,Matches,0,0,,0.00,0.00,,,,0,,0.0,0.0,10,11,90.9,184,26,3,3,100.0,6,6,100.0,1,2,50.0,0.0,0.0,0,1,0,0,11,0,0,0,1,0,0,0,0,0,0,0,0,0.00,0,0,0,0,0,0,0.00,0,0,0,0,0,0,0,0,0,0,0,,0,0,0,0,0,0,12,0,2,0,,0,,7,1,1,0,8,20,0.7,,0,1,20,4,0.00,0,0,0,0.00,-0.73,0.2,0.3,-0.1,-0.31,-0.85,0,0,0,0,0,2,1,50.0
120,Dawid Bugaj,pl POL,DF,CF Montréal,21-091,2004,23,19,1726,19.2,0,2,2,0,0,0,4,0,0.3,0.3,1.9,2.2,22,39,38,0.00,0.10,0.10,0.00,0.10,0.02,0.10,0.12,0.02,0.12,Matches,8,0,0.0,0.42,0.00,0.00,,24.6,0,0.04,-0.3,-0.3,568,714,79.6,9222,3462,277,305,90.8,243,302,80.5,36,67,53.7,1.4,+0.1,11,46,8,5,530,179,0,2,21,160,0,0,0,0,5,16,24,1.25,20,1,0,2,1,3,0.16,2,0,0,1,0,36,18,19,14,3,17,51.5,16,9,21,57,55,1,905,61,19,6,35.3,7,41.2,376,7,25,8,444,75,58.1,85,11,4,29,6,1.09,23,30,-7,-0.37,+0.79,23.3,28.7,-5.4,-0.28,-0.06,0,14,1,0,0,53,11,57.9
749,Dayne St. Clair,ca CAN,GK,Minnesota Utd,28-152,1997,29,29,2610,29.0,0,0,0,0,0,0,4,0,0.0,0.0,0.0,0.0,0,1,0,0.00,0.00,0.00,0.00,0.00,0.00,0.00,0.00,0.00,0.00,Matches,0,0,,0.00,0.00,,,,0,,0.0,0.0,599,976,61.4,18478,13884,96,96,100.0,271,276,98.2,232,601,38.6,0.2,0.0,0,21,0,0,611,362,0,3,0,1,0,0,0,0,3,0,7,0.24,2,5,0,0,0,1,0.03,0,1,0,0,0,1,0,1,0,0,1,100.0,0,0,1,2,8,2,1042,732,0,0,,0,,531,0,2,0,373,90,87.9,90,29,0,,0,1.83,46,28,+18,+0.62,+0.62,39.1,37.4,+1.7,+0.06,+0.21,0,0,0,0,0,36,5,83.3
861,DeAndre Yedlin,us USA,DF,FC Cincinnati,32-091,1993,27,22,1971,21.9,0,4,4,0,0,0,5,0,0.5,0.5,2.3,2.7,29,59,113,0.00,0.18,0.18,0.00,0.18,0.02,0.10,0.13,0.02,0.13,Matches,6,2,33.3,0.27,0.09,0.00,0.00,15.6,0,0.08,-0.5,-0.5,802,999,80.3,13293,4438,368,416,88.5,361,433,83.4,52,104,50.0,1.9,+1.7,24,45,14,4,821,177,2,4,34,165,0,0,0,0,1,15,47,2.15,42,1,1,2,1,4,0.18,4,0,0,0,0,41,26,20,15,6,20,60.6,13,25,13,54,57,3,1216,70,35,8,42.1,9,47.4,550,6,20,5,709,73,66.4,86,13,5,17,0,1.93,34,26,+8,+0.37,+0.28,26.1,28.5,-2.4,-0.11,+0.38,0,22,0,0,0,71,21,51.2
862,DeAndre Yedlin,us USA,DF,Real Salt Lake,32-091,1993,5,5,450,5.0,1,0,1,1,0,0,2,0,0.2,0.2,0.1,0.2,7,39,32,0.20,0.00,0.20,0.20,0.20,0.03,0.01,0.05,0.03,0.05,Matches,6,2,33.3,0.27,0.09,0.00,0.00,15.6,0,0.08,-0.5,-0.5,802,999,80.3,13293,4438,368,416,88.5,361,433,83.4,52,104,50.0,1.9,+1.7,24,45,14,4,821,177,2,4,34,165,0,0,0,0,1,15,47,2.15,42,1,1,2,1,4,0.18,4,0,0,0,0,41,26,20,15,6,20,60.6,13,25,13,54,57,3,1216,70,35,8,42.1,9,47.4,550,6,20,5,709,73,66.4,86,13,5,17,0,1.93,34,26,+8,+0.37,+0.28,26.1,28.5,-2.4,-0.11,+0.38,0,22,0,0,0,71,21,51.2
390,DeJuan Jones,us USA,DF,Columbus Crew,28-106,1997,5,3,245,2.7,0,1,1,0,0,0,0,0,0.0,0.0,0.2,0.3,9,13,25,0.00,0.37,0.37,0.00,0.37,0.01,0.09,0.10,0.01,0.10,Matches,1,1,100.0,0.37,0.37,0.00,0.00,23.6,0,0.03,0.0,0.0,135,167,80.8,1989,519,79,91,86.8,49,59,83.1,5,8,62.5,0.6,+0.8,4,11,4,0,152,15,0,0,0,15,0,0,0,0,0,4,8,2.94,7,0,1,0,0,2,0.73,2,0,0,0,0,3,1,1,1,1,2,66.7,1,1,5,8,3,0,195,2,9,1,16.7,5,83.3,127,4,2,1,134,49,8.2,81,1,2,1,3,2.20,3,2,+1,+0.37,+0.33,3.7,3.3,+0.4,+0.14,0.00,0,3,0,0,0,14,1,25.0
391,DeJuan Jones,us USA,"DF,MF",SJ Earthquakes,28-106,1997,15,13,1159,12.9,1,6,7,1,0,0,3,1,0.7,0.7,2.8,3.4,40,51,95,0.08,0.47,0.54,0.08,0.54,0.05,0.21,0.27,0.05,0.27,Matches,1,1,100.0,0.37,0.37,0.00,0.00,23.6,0,0.03,0.0,0.0,135,167,80.8,1989,519,79,91,86.8,49,59,83.1,5,8,62.5,0.6,+0.8,4,11,4,0,152,15,0,0,0,15,0,0,0,0,0,4,8,2.94,7,0,1,0,0,2,0.73,2,0,0,0,0,3,1,1,1,1,2,66.7,1,1,5,8,3,0,195,2,9,1,16.7,5,83.3,127,4,2,1,134,49,8.2,81,1,2,1,3,2.20,3,2,+1,+0.37,+0.33,3.7,3.3,+0.4,+0.14,0.00,0,3,0,0,0,14,1,25.0
410,Deandre Kerr,ca CAN,FW,Toronto FC,22-323,2002,18,7,803,8.9,3,0,3,3,0,0,1,0,1.5,1.5,0.5,1.9,9,7,37,0.34,0.00,0.34,0.34,0.34,0.16,0.05,0.21,0.16,0.21,Matches,9,6,66.7,1.01,0.67,0.33,0.50,11.3,0,0.16,+1.5,+1.5,79,118,66.9,1185,126,38,52,73.1,30,42,71.4,3,4,75.0,0.2,-0.5,3,6,0,0,108,9,0,2,2,1,0,0,0,0,1,6,10,1.12,5,0,1,4,0,0,0.00,0,0,0,0,0,7,6,3,4,0,2,66.7,1,4,2,9,2,0,214,3,33,5,31.3,10,62.5,125,5,36,15,164,45,27.9,74,2,11,26,2,0.89,8,13,-5,-0.56,-0.47,6.5,13.2,-6.8,-0.76,-0.48,0,12,0,0,0,10,20,31.7
394,Dejan Joveljić,rs SRB,FW,Sporting KC,26-062,1999,31,30,2673,29.7,18,2,20,13,5,6,3,0,13.7,9.0,2.8,11.8,32,50,140,0.61,0.07,0.67,0.44,0.51,0.46,0.09,0.56,0.30,0.40,Matches,59,33,55.9,1.99,1.11,0.22,0.39,14.2,0,0.15,+4.3,+4.0,489,687,71.2,6450,874,284,382,74.3,147,184,79.9,16,23,69.6,2.6,-0.8,31,20,20,0,592,92,6,1,3,0,0,0,0,0,3,30,74,2.49,57,0,4,7,0,7,0.24,4,0,1,2,0,20,13,4,8,8,5,35.7,9,7,2,22,18,1,950,20,179,17,36.2,29,61.7,467,29,71,32,654,86,90.0,88,21,1,45,1,0.81,43,67,-24,-0.81,-0.81,38.7,64.1,-25.4,-0.85,+0.16,0,36,2,0,0,52,41,41.0
97,Denis Bouanga,ga GAB,FW,LAFC,30-331,1994,30,28,2566,28.5,24,6,30,17,7,8,3,0,21.0,14.6,7.4,22.0,170,84,378,0.84,0.21,1.05,0.60,0.81,0.73,0.26,0.99,0.51,0.77,Matches,128,56,43.8,4.49,1.96,0.13,0.30,18.6,12,0.12,+3.0,+2.4,659,960,68.6,10182,2475,393,476,82.6,202,304,66.4,48,117,41.0,6.5,-1.4,45,37,46,5,836,120,1,18,132,16,59,40,9,0,4,37,134,4.70,72,10,22,11,2,20,0.70,9,1,3,5,0,21,11,6,8,7,9,32.1,19,15,5,26,15,0,1432,20,240,89,43.6,107,52.5,929,113,107,49,1068,86,92.0,89,21,2,39,0,1.77,55,33,+22,+0.77,-0.03,50.2,28.8,+21.4,+0.75,+0.06,0,52,5,1,0,97,21,42.9
301,Dennis Gjengaar,no NOR,"FW,MF",NY Red Bulls,21-226,2004,20,7,705,7.8,2,1,3,2,0,0,2,0,2.7,2.7,0.9,3.6,20,24,53,0.26,0.13,0.38,0.26,0.38,0.35,0.12,0.46,0.35,0.46,Matches,11,7,63.6,1.40,0.89,0.18,0.29,15.2,0,0.25,-0.7,-0.7,206,265,77.7,2783,617,145,159,91.2,49,69,71.0,9,20,45.0,0.7,+0.1,5,12,7,2,259,4,0,0,17,2,2,2,0,0,2,9,12,1.53,9,0,0,0,1,3,0.38,1,0,0,0,0,7,5,3,2,2,6,42.9,8,5,6,13,5,0,350,9,31,3,20.0,12,80.0,213,10,24,12,248,35,23.7,63,1,13,20,8,1.35,12,12,0,0.00,-0.12,10.5,15.1,-4.6,-0.59,-0.64,0,8,0,0,0,37,1,14.3
208,Derek Dodson,us USA,"DF,MF",D.C. United,26-339,1998,14,5,577,6.4,0,1,1,0,0,0,1,0,0.1,0.1,0.6,0.6,6,18,34,0.00,0.16,0.16,0.00,0.16,0.01,0.09,0.10,0.01,0.10,Matches,1,1,100.0,0.16,0.16,0.00,0.00,15.6,0,0.08,-0.1,-0.1,190,249,76.3,3015,940,94,105,89.5,81,107,75.7,7,14,50.0,1.3,+0.4,6,14,3,3,209,39,0,0,16,33,0,0,0,0,1,13,12,1.87,9,1,2,0,0,2,0.31,1,1,0,0,0,20,12,10,8,2,9,50.0,9,5,6,26,18,0,311,21,12,3,60.0,2,40.0,114,2,4,5,164,41,19.4,71,1,9,24,18,0.64,6,16,-10,-1.56,-0.58,6.9,12.1,-5.2,-0.81,-0.47,0,13,0,0,0,15,6,37.5
244,Derrick Etienne,ht HAI,"FW,DF",Toronto FC,28-317,1996,24,9,918,10.2,0,1,1,0,0,0,1,0,1.0,1.0,0.8,1.8,27,18,73,0.00,0.10,0.10,0.00,0.10,0.10,0.08,0.17,0.10,0.17,Matches,12,3,25.0,1.18,0.29,0.00,0.00,15.2,0,0.08,-1.0,-1.0,189,264,71.6,3193,861,96,119,80.7,70,93,75.3,18,31,58.1,0.9,+0.2,7,16,6,3,233,30,0,1,18,27,0,0,0,0,1,12,13,1.27,11,0,0,1,1,2,0.20,2,0,0,0,0,8,4,5,3,0,6,60.0,4,8,4,12,12,0,367,8,35,8,47.1,9,52.9,225,13,27,15,246,38,31.9,74,1,15,17,4,1.13,12,10,+2,+0.20,+0.61,8.8,15.0,-6.1,-0.60,-0.28,0,12,0,0,0,40,7,28.0
392,Derrick Jones,us USA,MF,Columbus Crew,28-219,1997,3,0,5,0.1,0,0,0,0,0,0,0,0,0.0,0.0,0.0,0.0,0,0,1,0.00,0.00,0.00,0.00,0.00,0.33,0.00,0.33,0.33,0.33,Matches,1,0,0.0,18.00,0.00,0.00,,17.9,0,0.02,0.0,0.0,11,12,91.7,168,4,4,4,100.0,6,6,100.0,0,0,,0.0,0.0,0,1,0,0,12,0,0,0,0,0,0,0,0,0,0,0,1,18.00,1,0,0,0,0,0,0.00,0,0,0,0,0,0,0,0,0,0,0,,0,0,0,0,1,0,16,1,1,0,,0,,9,0,0,0,12,2,0.2,,0,3,2,29,2.00,0,0,0,0.00,-0.06,0.0,0.2,-0.1,-2.62,-2.77,0,0,0,0,0,0,0,
843,Derrick Williams,ie IRL,DF,Atlanta Utd,32-264,1993,17,15,1320,14.7,1,0,1,1,0,0,1,0,1.1,1.1,0.0,1.1,8,56,4,0.07,0.00,0.07,0.07,0.07,0.07,0.00,0.07,0.07,0.07,Matches,8,3,37.5,0.55,0.20,0.13,0.33,8.0,0,0.13,-0.1,-0.1,743,867,85.7,15855,5768,183,198,92.4,445,470,94.7,104,178,58.4,0.8,0.0,1,76,4,1,829,36,0,7,3,2,0,0,0,0,2,2,12,0.82,11,1,0,0,0,3,0.20,2,1,0,0,0,20,13,15,5,0,4,57.1,3,8,16,36,94,2,1032,128,19,0,0.0,0,0.0,613,0,6,0,710,78,45.8,86,12,2,12,0,1.06,22,29,-7,-0.48,+0.33,19.6,20.1,-0.5,-0.03,+0.12,0,13,0,0,0,40,36,60.0
585,Devin Padelford,us USA,DF,Minnesota Utd,22-278,2003,4,1,105,1.2,0,0,0,0,0,0,0,0,0.0,0.0,0.0,0.0,0,4,4,0.00,0.00,0.00,0.00,0.00,0.00,0.00,0.00,0.00,0.00,Matches,0,0,,0.00,0.00,,,,0,,0.0,0.0,21,33,63.6,314,105,8,11,72.7,12,13,92.3,0,5,0.0,0.0,0.0,0,1,0,0,30,2,0,0,1,2,0,0,0,0,1,1,0,0.00,0,0,0,0,0,0,0.00,0,0,0,0,0,3,2,2,1,0,2,100.0,0,1,0,3,10,0,54,8,2,0,0.0,2,100.0,17,0,2,0,24,26,3.5,90,1,3,5,9,1.75,0,3,-3,-2.57,-3.23,0.4,2.1,-1.7,-1.44,-1.53,0,0,0,0,0,3,4,57.1
586,Devin Padelford,us USA,DF,St. Louis,22-278,2003,9,9,740,8.2,0,1,1,0,0,0,0,0,0.2,0.2,0.3,0.5,20,20,29,0.00,0.12,0.12,0.00,0.12,0.02,0.04,0.06,0.02,0.06,Matches,0,0,,0.00,0.00,,,,0,,0.0,0.0,21,33,63.6,314,105,8,11,72.7,12,13,92.3,0,5,0.0,0.0,0.0,0,1,0,0,30,2,0,0,1,2,0,0,0,0,1,1,0,0.00,0,0,0,0,0,0,0.00,0,0,0,0,0,3,2,2,1,0,2,100.0,0,1,0,3,10,0,54,8,2,0,0.0,2,100.0,17,0,2,0,24,26,3.5,90,1,3,5,9,1.75,0,3,-3,-2.57,-3.23,0.4,2.1,-1.7,-1.44,-1.53,0,0,0,0,0,3,4,57.1
265,Deybi Flores,hn HON,MF,Toronto FC,29-114,1996,19,16,1360,15.1,2,2,4,2,0,0,5,0,1.0,1.0,0.8,1.8,8,56,5,0.13,0.13,0.26,0.13,0.26,0.06,0.05,0.12,0.06,0.12,Matches,14,4,28.6,0.93,0.26,0.14,0.50,19.4,0,0.07,+1.0,+1.0,605,741,81.6,10732,3391,286,311,92.0,237,284,83.5,65,117,55.6,0.5,+1.2,7,84,4,0,715,23,1,15,5,1,0,0,0,0,3,7,22,1.46,18,0,0,1,1,4,0.26,3,0,0,0,1,50,28,23,24,3,18,41.9,25,15,29,79,61,0,945,72,13,1,20.0,4,80.0,459,1,14,4,523,72,47.2,81,9,3,19,0,0.79,17,18,-1,-0.07,+0.29,16.1,23.6,-7.4,-0.49,-0.16,0,27,0,0,0,113,16,42.1
697,Diadie Samassékou,ml MLI,MF,Houston Dynamo,29-270,1996,1,0,1,0.0,0,0,0,0,0,0,0,0,0.0,0.0,0.0,0.0,0,0,0,0.00,0.00,0.00,0.00,0.00,0.00,0.00,0.00,0.00,0.00,Matches,0,0,,0.00,0.00,,,,0,,0.0,0.0,0,0,,0,0,0,0,,0,0,,0,0,,0.0,0.0,0,0,0,0,0,0,0,0,0,0,0,0,0,0,0,0,0,0.00,0,0,0,0,0,0,0.00,0,0,0,0,0,0,0,0,0,0,0,,0,0,0,0,0,0,0,0,0,0,,0,,0,0,0,0,0,1,0.0,,0,1,1,2,3.00,0,0,0,0.00,+0.39,0.0,0.0,0.0,-2.43,-2.28,0,0,0,0,0,0,0,
155,Diego Chará,co COL,MF,Portland Timbers,39-186,1986,26,10,1158,12.9,0,1,1,0,0,0,3,0,0.0,0.0,0.4,0.4,6,71,7,0.00,0.08,0.08,0.00,0.08,0.00,0.03,0.03,0.00,0.03,Matches,2,0,0.0,0.16,0.00,0.00,,28.4,0,0.02,0.0,0.0,622,708,87.9,10690,3553,293,324,90.4,265,287,92.3,55,72,76.4,0.7,+0.6,9,67,4,0,687,21,0,4,1,1,0,0,0,0,0,11,22,1.71,20,0,0,0,2,2,0.16,2,0,0,0,0,42,31,19,17,6,18,62.1,11,6,19,61,27,1,827,44,0,5,83.3,1,16.7,434,0,11,7,544,45,39.0,82,6,16,21,2,1.38,20,18,+2,+0.16,+0.40,15.9,19.0,-3.1,-0.24,+0.08,0,30,0,1,0,72,7,53.8
247,Diego Fagúndez,uy URU,"MF,FW",LA Galaxy,30-236,1995,30,27,2284,25.4,6,2,8,6,0,0,4,0,2.6,2.6,3.2,5.8,47,172,124,0.24,0.08,0.32,0.24,0.32,0.10,0.12,0.23,0.10,0.23,Matches,25,6,24.0,0.99,0.24,0.24,1.00,21.7,4,0.10,+3.4,+3.4,1291,1500,86.1,20351,6269,713,765,93.2,434,493,88.0,106,178,59.6,5.0,-1.2,48,139,51,11,1370,127,8,7,91,17,59,26,15,1,3,15,93,3.66,72,18,2,1,0,2,0.08,2,0,0,0,0,27,17,10,11,6,8,36.4,14,17,4,31,14,1,1673,26,38,11,35.5,18,58.1,993,8,29,20,1288,76,79.3,81,8,3,29,1,0.67,28,46,-18,-0.71,-0.11,30.6,43.7,-13.1,-0.52,-0.58,0,20,0,0,0,95,6,31.6
286,Diego García,us USA,MF,FC Dallas,18-356,2006,1,0,1,0.0,0,0,0,0,0,0,0,0,0.0,0.0,0.0,0.0,0,0,1,0.00,0.00,0.00,0.00,0.00,0.00,0.00,0.00,0.00,0.00,Matches,0,0,,0.00,0.00,,,,0,,0.0,0.0,0,3,0.0,0,0,0,0,,0,3,0.0,0,0,,0.0,0.0,0,0,0,0,3,0,0,0,1,0,0,0,0,0,0,0,0,0.00,0,0,0,0,0,0,0.00,0,0,0,0,0,0,0,0,0,0,0,,0,1,0,0,0,0,5,0,1,0,,0,,2,0,0,1,2,1,0.0,,0,1,1,12,1.00,0,0,0,0.00,+0.09,0.0,0.1,-0.1,-5.11,-5.08,0,0,0,0,0,0,0,
,Diego Gonzalez,,,,,,,,,,,,,,,,,,,,,,,,,,,,,,,,,,,,,,,,,,,,,,,,,,,,,,,,,,,,,,,,,,,,,,,,,,,,,,,,,,,,,,,,,,,,,,,,,,,,,,,,,,,,,,,,,,,,,,,,,,0,0,,3,,,,,,,,,,,,,,,,,,,
,Diego Koninck,,,,,,,,,,,,,,,,,,,,,,,,,,,,,,,,,,,,,,,,,,,,,,,,,,,,,,,,,,,,,,,,,,,,,,,,,,,,,,,,,,,,,,,,,,,,,,,,,,,,,,,,,,,,,,,,,,,,,,,,,,0,0,,2,,,,,,,,,,,,,,,,,,,
458,Diego Luna,us USA,"MF,FW",Real Salt Lake,22-031,2003,26,26,2200,24.4,9,3,12,7,2,2,8,2,6.3,4.9,3.5,8.4,67,128,147,0.37,0.12,0.49,0.29,0.41,0.26,0.14,0.40,0.20,0.34,Matches,50,17,34.0,2.05,0.70,0.14,0.41,19.6,6,0.10,+2.7,+2.1,914,1151,79.4,13755,3624,497,571,87.0,278,336,82.7,74,131,56.5,4.1,-0.5,41,102,23,3,1034,112,8,11,66,9,37,19,12,0,5,27,108,4.42,74,14,4,7,2,11,0.45,8,1,0,1,0,25,16,3,13,9,11,36.7,19,18,13,38,5,0,1407,8,79,32,42.1,40,52.6,878,23,60,27,1043,85,76.4,85,13,0,,0,1.27,29,33,-4,-0.16,+0.63,30.0,38.1,-8.1,-0.33,+0.02,1,21,0,0,0,89,3,27.3
678,Diego Rossi,uy URU,"FW,MF",Columbus Crew,27-217,1998,29,29,2496,27.7,16,3,19,13,3,3,3,0,13.4,11.0,4.5,15.5,106,148,197,0.58,0.11,0.69,0.47,0.58,0.48,0.16,0.64,0.40,0.56,Matches,91,40,44.0,3.28,1.44,0.14,0.33,17.6,7,0.12,+2.6,+2.0,899,1149,78.2,12300,3207,519,580,89.5,283,349,81.1,35,88,39.8,6.3,-1.5,36,89,44,3,1038,101,7,1,85,0,64,25,13,0,10,49,94,3.39,67,8,7,6,0,7,0.25,5,1,0,0,0,6,3,0,3,3,3,30.0,7,24,9,15,11,0,1454,9,165,34,40.0,45,52.9,1002,40,58,69,1193,86,84.0,86,21,0,,1,1.69,47,39,+8,+0.29,+1.43,45.4,38.7,+6.6,+0.24,+0.59,0,19,0,0,0,64,3,16.7
682,Diego Rubio,cl CHI,"FW,MF",Austin,32-146,1993,25,11,936,10.4,2,2,4,2,0,0,3,0,1.6,1.6,1.2,2.8,12,68,43,0.19,0.19,0.38,0.19,0.38,0.15,0.11,0.27,0.15,0.27,Matches,24,6,25.0,2.31,0.58,0.08,0.33,20.6,2,0.07,+0.4,+0.4,315,392,80.4,5454,1840,141,163,86.5,114,137,83.2,41,57,71.9,1.1,+0.8,13,48,15,0,378,11,4,6,14,2,1,1,0,0,3,9,29,2.79,25,0,0,4,0,3,0.29,3,0,0,0,0,21,13,12,5,4,6,30.0,14,13,7,28,10,0,503,13,18,3,21.4,10,71.4,295,3,19,11,381,37,32.5,65,0,14,16,5,1.40,15,15,0,0.00,+0.37,13.7,15.1,-1.4,-0.14,+0.06,0,13,0,0,0,35,14,35.9
309,Diogo Gonçalves,pt POR,"FW,MF",Real Salt Lake,28-244,1997,27,24,1995,22.2,4,3,7,4,0,0,2,0,5.2,5.2,3.8,8.9,50,92,116,0.18,0.14,0.32,0.18,0.32,0.23,0.17,0.40,0.23,0.40,Matches,60,20,33.3,2.71,0.90,0.07,0.20,21.1,3,0.09,-1.2,-1.2,574,732,78.4,8519,2292,315,362,87.0,177,224,79.0,40,77,51.9,3.7,-0.8,41,52,30,2,660,60,9,1,33,8,16,9,1,0,12,11,78,3.52,58,4,5,2,0,9,0.41,6,0,1,0,0,11,8,4,5,2,2,15.4,11,22,17,28,17,0,935,13,60,16,43.2,20,54.1,561,12,39,21,662,74,69.3,80,12,3,22,0,1.44,27,27,0,0.00,+1.02,25.5,35.2,-9.7,-0.44,-0.34,0,20,0,0,0,72,4,36.4
201,Djibril Diani,fr FRA,MF,Charlotte,27-239,1998,24,13,1062,11.8,0,0,0,0,0,0,1,0,0.8,0.8,0.3,1.0,17,43,19,0.00,0.00,0.00,0.00,0.00,0.06,0.02,0.09,0.06,0.09,Matches,8,4,50.0,0.68,0.34,0.00,0.00,18.6,0,0.10,-0.8,-0.8,451,500,90.2,7834,1911,201,214,93.9,198,218,90.8,43,54,79.6,0.5,-0.3,5,62,7,2,482,17,0,3,8,3,0,0,0,0,1,3,12,1.02,11,1,0,0,0,2,0.17,2,0,0,0,0,39,23,19,18,2,16,61.5,10,15,23,62,20,0,634,33,13,3,27.3,7,63.6,363,4,10,9,419,44,35.8,67,5,11,17,8,1.58,17,15,+2,+0.17,-0.07,13.7,23.0,-9.3,-0.79,-1.09,0,22,0,1,0,43,9,29.0
499,Djordje Mihailovic,us USA,"FW,MF",Toronto FC,26-332,1998,8,8,706,7.8,2,2,4,2,0,1,2,0,2.3,1.4,2.0,3.4,12,32,34,0.25,0.25,0.51,0.25,0.51,0.29,0.26,0.55,0.17,0.43,Matches,11,4,36.4,1.40,0.51,0.18,0.50,19.6,3,0.12,-0.3,+0.6,188,260,72.3,3929,1433,67,77,87.0,89,113,78.8,31,61,50.8,1.7,0.0,22,25,9,4,198,61,0,0,62,4,39,19,18,0,1,4,32,4.08,17,13,0,0,0,4,0.51,3,0,0,0,0,11,9,3,6,2,3,23.1,10,5,6,17,2,0,319,8,17,3,37.5,4,50.0,181,5,17,3,206,88,24.5,88,5,0,,0,1.00,8,7,+1,+0.13,+0.46,8.3,8.4,-0.1,-0.01,+0.54,0,6,0,0,0,17,3,42.9
500,Djordje Mihailovic,us USA,"MF,FW",Colorado Rapids,26-332,1998,24,24,2055,22.8,9,6,15,5,4,6,2,0,8.7,3.9,6.8,10.7,45,115,139,0.39,0.26,0.66,0.22,0.48,0.38,0.30,0.68,0.17,0.47,Matches,11,4,36.4,1.40,0.51,0.18,0.50,19.6,3,0.12,-0.3,+0.6,188,260,72.3,3929,1433,67,77,87.0,89,113,78.8,31,61,50.8,1.7,0.0,22,25,9,4,198,61,0,0,62,4,39,19,18,0,1,4,32,4.08,17,13,0,0,0,4,0.51,3,0,0,0,0,11,9,3,6,2,3,23.1,10,5,6,17,2,0,319,8,17,3,37.5,4,50.0,181,5,17,3,206,88,24.5,88,5,0,,0,1.00,8,7,+1,+0.13,+0.46,8.3,8.4,-0.1,-0.01,+0.54,0,6,0,0,0,17,3,42.9
160,Dominik Chong Qui,us USA,DF,Atlanta Utd,17-283,2007,2,1,60,0.7,0,0,0,0,0,0,0,0,0.0,0.0,0.0,0.0,4,4,4,0.00,0.00,0.00,0.00,0.00,0.00,0.04,0.04,0.00,0.04,Matches,0,0,,0.00,0.00,,,,0,,0.0,0.0,17,25,68.0,254,110,8,11,72.7,9,13,69.2,0,1,0.0,0.0,0.0,1,3,1,0,22,3,0,0,3,3,0,0,0,0,0,1,1,1.53,1,0,0,0,0,0,0.00,0,0,0,0,0,2,1,1,1,0,2,66.7,1,0,0,2,0,1,33,4,0,0,0.0,1,100.0,22,0,2,2,22,30,2.1,57,0,1,3,5,1.50,1,3,-2,-3.00,-2.39,0.9,2.0,-1.1,-1.70,-1.63,0,0,0,0,0,2,0,
262,Dominik Fitz,at AUT,"FW,MF",Minnesota Utd,26-114,1999,4,1,138,1.5,0,0,0,0,0,0,0,0,0.2,0.2,0.5,0.7,3,7,13,0.00,0.00,0.00,0.00,0.00,0.14,0.34,0.48,0.14,0.48,Matches,2,1,50.0,1.30,0.65,0.00,0.00,16.5,0,0.11,-0.2,-0.2,36,52,69.2,633,305,20,25,80.0,7,10,70.0,8,12,66.7,0.4,-0.5,5,6,2,0,44,8,0,0,9,0,6,3,3,0,0,2,8,5.22,2,5,0,0,0,0,0.00,0,0,0,0,0,0,0,0,0,0,0,,0,1,1,1,2,0,76,1,6,1,20.0,3,60.0,43,3,7,2,43,35,4.6,55,0,3,28,0,1.75,4,3,+1,+0.65,+0.11,2.2,2.6,-0.3,-0.22,-0.27,0,1,0,0,0,10,0,0.0
468,Dominik Marczuk,pl POL,DF,FC Cincinnati,21-341,2003,4,2,172,1.9,0,0,0,0,0,0,1,0,0.1,0.1,0.4,0.5,9,2,8,0.00,0.00,0.00,0.00,0.00,0.05,0.20,0.25,0.05,0.25,Matches,2,0,0.0,1.05,0.00,0.00,,17.4,0,0.05,-0.1,-0.1,57,81,70.4,947,171,23,32,71.9,26,31,83.9,3,9,33.3,0.2,-0.4,3,1,1,1,70,11,0,1,6,9,0,0,0,0,0,2,4,2.09,4,0,0,0,0,0,0.00,0,0,0,0,0,1,1,1,0,0,1,33.3,2,1,1,2,6,0,100,7,5,3,75.0,1,25.0,60,1,2,0,64,43,5.8,71,0,2,15,1,1.75,2,3,-1,-0.52,-0.84,3.6,4.2,-0.6,-0.32,-0.09,0,1,0,0,0,8,0,0.0
469,Dominik Marczuk,pl POL,FW,Real Salt Lake,21-341,2003,17,10,868,9.6,1,2,3,1,0,0,3,0,1.4,1.4,1.5,2.8,44,27,105,0.10,0.21,0.31,0.10,0.31,0.14,0.15,0.29,0.14,0.29,Matches,2,0,0.0,1.05,0.00,0.00,,17.4,0,0.05,-0.1,-0.1,57,81,70.4,947,171,23,32,71.9,26,31,83.9,3,9,33.3,0.2,-0.4,3,1,1,1,70,11,0,1,6,9,0,0,0,0,0,2,4,2.09,4,0,0,0,0,0,0.00,0,0,0,0,0,1,1,1,0,0,1,33.3,2,1,1,2,6,0,100,7,5,3,75.0,1,25.0,60,1,2,0,64,43,5.8,71,0,2,15,1,1.75,2,3,-1,-0.52,-0.84,3.6,4.2,-0.6,-0.32,-0.09,0,1,0,0,0,8,0,0.0
855,Dominik Yankov,bg BUL,MF,CF Montréal,25-072,2000,3,0,31,0.3,0,0,0,0,0,0,0,0,0.1,0.1,0.1,0.2,0,2,1,0.00,0.00,0.00,0.00,0.00,0.17,0.29,0.45,0.17,0.45,Matches,1,0,0.0,2.90,0.00,0.00,,21.2,0,0.06,-0.1,-0.1,12,12,100.0,186,49,6,6,100.0,5,5,100.0,1,1,100.0,0.1,-0.1,2,0,1,0,11,1,0,0,1,0,1,1,0,0,0,0,2,5.81,1,1,0,0,0,0,0.00,0,0,0,0,0,0,0,0,0,0,0,,0,0,0,0,0,0,14,0,1,1,50.0,1,50.0,14,0,0,1,13,10,1.0,,0,3,10,3,0.33,0,0,0,0.00,+0.70,1.4,0.1,+1.3,+3.67,+3.97,0,1,0,0,0,0,0,
51,Dominique Badji,sn SEN,"FW,MF",D.C. United,32-357,1992,21,6,748,8.3,1,0,1,1,0,0,3,0,2.5,2.5,0.3,2.7,9,9,54,0.12,0.00,0.12,0.12,0.12,0.30,0.03,0.33,0.30,0.33,Matches,16,7,43.8,1.93,0.84,0.06,0.14,12.6,0,0.16,-1.5,-1.5,108,168,64.3,1502,199,63,86,73.3,32,46,69.6,5,13,38.5,0.5,-0.3,5,6,0,0,160,6,1,1,6,0,0,0,0,0,2,5,10,1.20,8,0,0,1,0,0,0.00,0,0,0,0,0,3,2,0,1,2,2,100.0,0,0,0,3,9,0,234,8,26,1,14.3,5,71.4,133,4,19,9,187,36,25.2,67,1,15,23,2,0.76,7,17,-10,-1.20,-0.15,7.9,12.5,-4.6,-0.55,-0.16,0,19,0,0,0,17,39,50.0
,Donovan Parisian,,,,,,,,,,,,,,,,,,,,,,,,,,,,,,,,,,,,,,,,,,,,,,,,,,,,,,,,,,,,,,,,,,,,,,,,,,,,,,,,,,,,,,,,,,,,,,,,,,,,,,,,,,,,,,,,,,,,,,,,,,0,0,,8,,,,,,,,,,,,,,,,,,,
798,Dor Turgeman,il ISR,"FW,MF",NE Revolution,21-349,2003,2,1,123,1.4,2,1,3,2,0,0,0,0,0.4,0.4,0.4,0.8,5,3,7,1.46,0.73,2.20,1.46,2.20,0.32,0.30,0.62,0.32,0.62,Matches,3,3,100.0,2.20,2.20,0.67,0.67,16.7,0,0.15,+1.6,+1.6,17,22,77.3,245,45,12,14,85.7,4,6,66.7,1,1,100.0,0.4,+0.6,3,0,2,0,22,0,0,0,0,0,0,0,0,0,0,0,6,4.39,4,0,2,0,0,3,2.20,1,0,2,0,0,1,1,1,0,0,1,50.0,1,0,0,1,0,0,42,1,7,2,33.3,3,50.0,30,2,5,4,35,62,4.1,90,1,1,33,0,1.50,3,4,-1,-0.73,-0.54,1.7,2.7,-1.0,-0.71,-0.52,0,1,0,0,0,3,0,0.0
132,Drake Callender,us USA,GK,Inter Miami,28-001,1997,3,2,185,2.1,0,0,0,0,0,0,0,0,0.0,0.0,0.0,0.0,0,0,0,0.00,0.00,0.00,0.00,0.00,0.00,0.00,0.00,0.00,0.00,Matches,0,0,,0.00,0.00,,,,0,,0.0,0.0,51,66,77.3,1499,1126,5,5,100.0,27,29,93.1,19,32,59.4,0.0,0.0,0,1,0,0,55,11,0,0,0,0,0,0,0,0,0,0,0,0.00,0,0,0,0,0,0,0.00,0,0,0,0,0,0,0,0,0,0,0,,0,0,0,0,3,0,74,64,0,0,,0,,42,0,0,0,38,62,6.4,90,2,1,5,4,1.33,4,5,-1,-0.49,-1.15,5.0,3.5,+1.5,+0.75,+0.26,0,0,0,0,0,4,0,
,Drew Baiera,,,,,,,,,,,,,,,,,,,,,,,,,,,,,,,,,,,,,,,,,,,,,,,,,,,,,,,,,,,,,,,,,,,,,,,,,,,,,,,,,,,,,,,,,,,,,,,,,,,,,,,,,,,,,,,,,,,,,,,,,,0,0,,9,,,,,,,,,,,,,,,,,,,
361,Duane Holmes,us USA,"FW,MF",Houston Dynamo,30-336,1994,17,4,516,5.7,1,0,1,1,0,0,2,0,1.0,1.0,0.5,1.4,14,20,40,0.17,0.00,0.17,0.17,0.17,0.17,0.08,0.25,0.17,0.25,Matches,9,2,22.2,1.57,0.35,0.11,0.50,19.7,1,0.11,0.0,0.0,162,221,73.3,2449,709,91,108,84.3,58,82,70.7,10,21,47.6,0.7,-0.5,8,9,10,4,184,37,1,0,17,28,4,1,2,1,0,2,19,3.31,12,4,0,1,0,1,0.17,0,0,0,1,0,9,3,4,2,3,1,20.0,4,6,2,11,6,0,285,8,12,5,35.7,9,64.3,165,1,12,11,185,30,17.4,67,0,13,19,2,1.06,9,9,0,0.00,+0.48,11.0,8.0,+2.9,+0.51,+0.80,0,10,1,0,0,19,2,40.0
489,Duncan McGuire,us USA,FW,Orlando City,24-245,2001,16,5,573,6.4,2,1,3,2,0,0,0,0,3.0,3.0,1.4,4.4,7,9,36,0.31,0.16,0.47,0.31,0.47,0.47,0.23,0.70,0.47,0.70,Matches,18,3,16.7,2.83,0.47,0.11,0.67,13.9,0,0.17,-1.0,-1.0,88,117,75.2,1204,298,53,66,80.3,27,38,71.1,3,5,60.0,0.8,-0.4,15,2,6,1,111,6,1,0,2,1,0,0,0,0,0,0,21,3.30,16,0,0,3,0,1,0.16,1,0,0,0,0,1,0,0,0,1,0,0.0,1,0,1,2,10,0,185,10,36,2,25.0,6,75.0,86,3,9,6,126,36,19.9,76,1,11,18,1,1.69,8,4,+4,+0.63,+0.20,13.1,9.8,+3.4,+0.53,+0.17,0,6,0,0,0,12,9,30.0
,Duran Ferree,,,,,,,,,,,,,,,,,,,,,,,,,,,,,,,,,,,,,,,,,,,,,,,,,,,,,,,,,,,,,,,,,,,,,,,,,,,,,,,,,,,,,,,,,,,,,,,,,,,,,,,,,,,,,,,,,,,,,,,,,,0,0,,3,,,,,,,,,,,,,,,,,,,
,Dylan Borso,,,,,,,,,,,,,,,,,,,,,,,,,,,,,,,,,,,,,,,,,,,,,,,,,,,,,,,,,,,,,,,,,,,,,,,,,,,,,,,,,,,,,,,,,,,,,,,,,,,,,,,,,,,,,,,,,,,,,,,,,,0,0,,2,,,,,,,,,,,,,,,,,,,
151,Dylan Chambost,fr FRA,MF,Columbus Crew,28-050,1997,33,29,2546,28.3,1,5,6,1,0,0,4,0,3.3,3.3,3.7,6.9,44,278,114,0.04,0.18,0.21,0.04,0.21,0.12,0.13,0.25,0.12,0.25,Matches,34,8,23.5,1.20,0.28,0.03,0.13,21.7,4,0.10,-2.3,-2.3,1946,2309,84.3,31427,9950,1021,1122,91.0,693,796,87.1,159,278,57.2,5.1,+1.3,46,272,55,9,2144,153,11,27,128,7,86,53,15,0,12,26,96,3.39,75,12,1,3,3,10,0.35,8,2,0,0,0,39,24,11,17,11,16,44.4,20,26,25,64,36,1,2526,60,40,8,50.0,8,50.0,1572,5,24,22,1971,77,85.7,85,20,4,23,0,1.55,44,41,+3,+0.11,+0.32,45.3,40.3,+5.0,+0.18,+0.21,0,23,0,0,0,127,19,51.4
546,Dylan Nealis,us USA,DF,NY Red Bulls,27-070,1998,17,12,1020,11.3,1,0,1,1,0,0,2,0,1.0,1.0,0.5,1.5,20,38,77,0.09,0.00,0.09,0.09,0.09,0.08,0.04,0.13,0.08,0.13,Matches,10,3,30.0,0.88,0.26,0.10,0.33,15.4,0,0.10,0.0,0.0,554,731,75.8,9779,2670,247,283,87.3,256,325,78.8,45,85,52.9,0.9,-0.5,9,34,11,5,611,116,2,8,28,103,0,0,0,0,4,23,24,2.12,16,2,2,4,0,1,0.09,0,0,0,1,0,22,18,15,7,0,18,62.1,11,8,8,30,34,0,861,33,33,7,46.7,5,33.3,442,4,24,11,537,60,34.3,79,8,5,15,5,1.29,10,11,-1,-0.09,-0.27,13.5,14.7,-1.2,-0.11,-0.01,0,16,1,0,0,41,21,50.0
290,Dániel Gazdag,hu HUN,"MF,FW",Philadelphia Union,29-220,1996,6,6,494,5.5,2,2,4,2,0,0,1,0,1.1,1.1,2.9,4.0,6,20,31,0.36,0.36,0.73,0.36,0.73,0.20,0.53,0.73,0.20,0.73,Matches,5,3,60.0,0.91,0.55,0.40,0.67,9.2,0,0.22,+0.9,+0.9,180,222,81.1,2408,598,106,119,89.1,56,63,88.9,5,13,38.5,1.4,-0.9,12,24,7,3,210,11,2,0,5,1,0,0,0,0,1,7,22,4.01,19,0,0,2,1,3,0.55,3,0,0,0,0,13,9,3,6,4,7,58.3,5,4,1,14,1,1,269,1,20,1,10.0,9,90.0,164,1,7,5,203,82,16.6,82,1,0,,0,1.67,10,8,+2,+0.36,-0.44,9.9,7.6,+2.3,+0.42,-0.14,0,6,0,0,0,26,0,0.0
291,Dániel Gazdag,hu HUN,"MF,FW",Columbus Crew,29-220,1996,25,23,2015,22.4,3,3,6,1,2,2,5,0,7.4,5.8,2.6,8.4,42,153,168,0.13,0.13,0.27,0.04,0.18,0.33,0.12,0.45,0.26,0.37,Matches,5,3,60.0,0.91,0.55,0.40,0.67,9.2,0,0.22,+0.9,+0.9,180,222,81.1,2408,598,106,119,89.1,56,63,88.9,5,13,38.5,1.4,-0.9,12,24,7,3,210,11,2,0,5,1,0,0,0,0,1,7,22,4.01,19,0,0,2,1,3,0.55,3,0,0,0,0,13,9,3,6,4,7,58.3,5,4,1,14,1,1,269,1,20,1,10.0,9,90.0,164,1,7,5,203,82,16.6,82,1,0,,0,1.67,10,8,+2,+0.36,-0.44,9.9,7.6,+2.3,+0.42,-0.14,0,6,0,0,0,26,0,0.0
620,Dániel Pintér,us USA,MF,Inter Miami,18-124,2007,1,0,21,0.2,0,0,0,0,0,0,0,0,0.0,0.0,0.0,0.0,0,0,1,0.00,0.00,0.00,0.00,0.00,0.00,0.00,0.00,0.00,0.00,Matches,0,0,,0.00,0.00,,,,0,,0.0,0.0,1,2,50.0,0,0,0,0,,0,0,,0,0,,0.0,0.0,0,0,0,0,2,0,0,0,0,0,0,0,0,0,0,0,0,0.00,0,0,0,0,0,0,0.00,0,0,0,0,0,0,0,0,0,0,0,,0,0,0,0,0,0,3,0,0,0,,0,,2,0,1,0,2,21,0.7,,0,1,21,2,0.00,0,1,-1,-4.29,-4.92,0.5,1.6,-1.0,-4.49,-5.03,0,0,0,0,0,1,1,100.0
696,Dániel Sallói,hu HUN,"FW,MF",Sporting KC,29-081,1996,32,23,2095,23.3,7,2,9,7,0,0,4,0,6.5,6.5,2.8,9.4,59,63,204,0.30,0.09,0.39,0.30,0.39,0.28,0.12,0.40,0.28,0.40,Matches,60,26,43.3,2.58,1.12,0.12,0.27,16.1,0,0.11,+0.5,+0.5,546,731,74.7,7774,1806,339,405,83.7,142,191,74.3,33,58,56.9,3.7,-0.8,22,34,25,5,719,10,3,4,46,6,1,1,0,0,2,24,58,2.49,43,1,3,0,0,6,0.26,4,0,1,0,0,17,9,7,6,4,5,26.3,14,16,12,29,11,0,988,12,131,14,29.8,32,68.1,605,29,63,15,757,65,70.5,82,13,9,24,0,0.84,35,49,-14,-0.60,+0.43,29.5,49.0,-19.5,-0.84,+0.11,0,25,0,1,0,73,9,29.0
228,Earl Edwards Jr.,us USA,GK,SJ Earthquakes,33-257,1992,6,4,475,5.3,0,0,0,0,0,0,1,0,0.0,0.0,0.0,0.0,0,1,0,0.00,0.00,0.00,0.00,0.00,0.00,0.00,0.00,0.00,0.00,Matches,0,0,,0.00,0.00,,,,0,,0.0,0.0,101,150,67.3,2922,2256,15,16,93.8,49,50,98.0,36,81,44.4,0.0,0.0,0,3,0,0,104,44,0,0,0,0,0,0,0,0,2,0,0,0.00,0,0,0,0,0,0,0.00,0,0,0,0,0,1,0,1,0,0,1,100.0,0,0,0,1,3,2,163,138,0,0,,0,,86,0,0,0,59,79,16.0,90,4,2,58,26,0.83,9,12,-3,-0.57,-0.53,10.7,7.9,+2.8,+0.53,+0.48,0,1,0,1,0,10,0,
719,Eddie Segura,co COL,DF,LAFC,28-248,1997,28,25,2224,24.7,1,1,2,1,0,0,6,1,1.3,1.3,0.9,2.2,13,90,4,0.04,0.04,0.08,0.04,0.08,0.05,0.04,0.09,0.05,0.09,Matches,12,3,25.0,0.49,0.12,0.08,0.33,12.4,0,0.11,-0.3,-0.3,1688,1837,91.9,29925,10204,656,692,94.8,904,947,95.5,104,161,64.6,0.5,+0.1,10,117,0,0,1746,91,1,10,0,43,0,0,0,0,0,10,29,1.17,26,0,0,0,1,5,0.20,3,0,0,0,0,43,25,31,11,1,28,73.7,10,19,26,69,100,0,2094,190,15,5,62.5,3,37.5,1264,1,12,3,1523,79,79.7,87,19,3,13,2,1.96,53,27,+26,+1.05,+1.37,42.4,23.3,+19.1,+0.77,+0.13,0,32,0,0,0,113,35,56.5
45,Eduard Atuesta,co COL,MF,Orlando City,28-112,1997,26,23,2092,23.2,0,6,6,0,0,0,6,0,1.7,1.7,5.0,6.8,25,159,54,0.00,0.26,0.26,0.00,0.26,0.07,0.22,0.29,0.07,0.29,Matches,24,6,25.0,1.03,0.26,0.00,0.00,22.7,0,0.07,-1.7,-1.7,1162,1349,86.1,19477,6722,574,612,93.8,462,517,89.4,99,157,63.1,3.7,+1.0,54,160,26,0,1293,47,10,11,37,3,15,1,14,0,9,18,100,4.30,80,11,2,3,1,15,0.65,13,0,0,1,1,37,20,18,13,6,18,40.9,26,19,20,57,26,2,1591,53,28,21,42.9,24,49.0,943,8,37,28,1182,80,72.6,88,16,3,21,0,1.65,47,36,+11,+0.47,+0.02,41.9,31.6,+10.3,+0.44,+0.20,0,47,1,0,0,135,23,54.8
454,Eduard Löwen,de GER,MF,St. Louis,28-253,1997,18,15,1316,14.6,5,3,8,3,2,2,6,1,4.1,2.6,3.1,5.7,34,118,20,0.34,0.21,0.55,0.21,0.41,0.28,0.22,0.50,0.18,0.39,Matches,33,8,24.2,2.26,0.55,0.09,0.38,25.1,8,0.08,+0.9,+0.4,787,968,81.3,15183,5423,341,384,88.8,303,353,85.8,127,196,64.8,2.5,-0.1,29,95,25,5,862,101,2,22,59,3,36,13,12,1,5,12,59,4.03,44,9,1,2,0,5,0.34,5,0,0,0,0,37,18,19,14,4,18,54.5,15,11,9,46,14,1,1127,33,30,10,43.5,10,43.5,597,9,20,13,763,73,44.3,82,9,3,31,0,1.33,23,22,+1,+0.07,+0.88,21.8,26.2,-4.4,-0.30,-0.12,1,21,0,0,0,89,14,63.6
702,Edvard Sandvik Tagseth,no NOR,MF,Nashville SC,24-258,2001,32,28,2365,26.3,0,2,2,0,0,0,9,0,0.6,0.6,1.8,2.4,15,107,34,0.00,0.08,0.08,0.00,0.08,0.02,0.07,0.09,0.02,0.09,Matches,11,4,36.4,0.42,0.15,0.00,0.00,25.0,0,0.06,-0.6,-0.6,1221,1421,85.9,18557,4966,657,717,91.6,458,509,90.0,64,113,56.6,2.5,+0.2,26,105,22,3,1333,81,4,3,59,7,40,26,7,0,7,25,62,2.36,43,15,0,1,1,5,0.19,4,1,0,0,0,65,33,29,30,6,34,49.3,35,25,28,93,33,2,1676,60,13,12,40.0,17,56.7,873,2,27,10,1079,74,79.6,82,15,4,14,0,1.59,48,25,+23,+0.88,+1.92,45.3,27.9,+17.3,+0.66,+0.38,0,54,0,0,0,149,8,32.0
190,Edward Davis,us USA,FW,Philadelphia Union,19-113,2006,1,0,3,0.0,0,0,0,0,0,0,0,0,0.0,0.0,0.0,0.0,0,0,1,0.00,0.00,0.00,0.00,0.00,0.00,0.00,0.00,0.00,0.00,Matches,0,0,,0.00,0.00,,,,0,,0.0,0.0,0,0,,0,0,0,0,,0,0,,0,0,,0.0,0.0,0,0,0,0,0,0,0,0,0,0,0,0,0,0,0,0,0,0.00,0,0,0,0,0,0,0.00,0,0,0,0,0,0,0,0,0,0,0,,0,0,0,0,0,0,1,0,0,0,,0,,1,0,0,1,1,3,0.1,,0,1,3,2,3.00,0,0,0,0.00,-0.73,0.0,0.0,0.0,-0.45,-0.98,0,0,0,0,0,0,0,
150,Edwin Cerrillo,us USA,MF,LA Galaxy,25-005,2000,30,30,2494,27.7,0,0,0,0,0,0,10,0,0.7,0.7,1.3,2.0,25,182,24,0.00,0.00,0.00,0.00,0.00,0.03,0.05,0.07,0.03,0.07,Matches,22,3,13.6,0.79,0.11,0.00,0.00,25.3,0,0.03,-0.7,-0.7,1826,1988,91.9,30915,8325,871,908,95.9,762,808,94.3,158,204,77.5,1.5,-1.3,19,180,24,1,1945,40,0,14,4,2,0,0,0,0,3,20,57,2.06,49,1,0,0,2,4,0.14,3,0,0,0,0,36,21,15,18,3,17,51.5,16,25,16,52,32,1,2209,87,6,16,57.1,11,39.3,1318,2,33,21,1748,83,86.6,83,20,0,,0,0.77,30,53,-23,-0.83,-1.06,33.5,48.4,-14.9,-0.54,-1.06,0,43,0,0,0,155,6,46.2
525,Edwin Mosquera,co COL,"FW,DF",Atlanta Utd,24-103,2001,10,0,156,1.7,1,0,1,1,0,0,3,0,0.5,0.5,0.1,0.5,14,11,27,0.58,0.00,0.58,0.58,0.58,0.26,0.04,0.30,0.26,0.30,Matches,8,2,25.0,4.62,1.15,0.13,0.50,18.9,0,0.06,+0.5,+0.5,47,79,59.5,767,199,22,31,71.0,22,30,73.3,2,9,22.2,0.1,-0.1,1,4,4,0,76,3,0,2,14,2,1,1,0,0,0,6,2,1.15,0,0,1,0,0,0,0.00,0,0,0,0,0,2,2,1,1,0,0,0.0,2,1,2,4,2,0,105,1,12,2,50.0,2,50.0,74,5,4,4,79,16,5.4,,0,10,16,3,0.90,4,1,+3,+1.73,+2.52,3.7,3.0,+0.7,+0.42,+0.55,0,4,0,0,0,8,1,33.3
515,Efrain Morales,bo BOL,DF,Atlanta Utd,21-218,2004,5,5,405,4.5,0,0,0,0,0,0,2,0,0.0,0.0,0.3,0.3,7,18,0,0.00,0.00,0.00,0.00,0.00,0.00,0.08,0.08,0.00,0.08,Matches,0,0,,0.00,0.00,,,,0,,0.0,0.0,350,371,94.3,6893,2177,108,110,98.2,212,221,95.9,29,37,78.4,0.4,-0.3,2,16,1,0,367,4,0,1,0,0,0,0,0,0,0,1,1,0.22,1,0,0,0,0,0,0.00,0,0,0,0,0,7,5,5,1,1,6,75.0,2,1,5,12,25,1,422,43,4,2,100.0,0,0.0,280,0,2,0,339,81,14.1,81,4,0,,7,0.60,5,6,-1,-0.22,+0.51,5.1,7.4,-2.2,-0.50,-0.46,0,9,0,0,0,15,14,70.0
516,Efrain Morales,bo BOL,DF,CF Montréal,21-218,2004,6,5,484,5.4,0,0,0,0,0,0,2,0,0.5,0.5,0.0,0.5,1,17,0,0.00,0.00,0.00,0.00,0.00,0.08,0.00,0.08,0.08,0.08,Matches,0,0,,0.00,0.00,,,,0,,0.0,0.0,350,371,94.3,6893,2177,108,110,98.2,212,221,95.9,29,37,78.4,0.4,-0.3,2,16,1,0,367,4,0,1,0,0,0,0,0,0,0,1,1,0.22,1,0,0,0,0,0,0.00,0,0,0,0,0,7,5,5,1,1,6,75.0,2,1,5,12,25,1,422,43,4,2,100.0,0,0.0,280,0,2,0,339,81,14.1,81,4,0,,7,0.60,5,6,-1,-0.22,+0.51,5.1,7.4,-2.2,-0.50,-0.46,0,9,0,0,0,15,14,70.0
853,Elijah Wynder,us USA,MF,LA Galaxy,22-212,2003,16,9,794,8.8,1,0,1,1,0,0,3,0,0.6,0.6,0.4,0.9,13,29,27,0.11,0.00,0.11,0.11,0.11,0.06,0.04,0.10,0.06,0.10,Matches,6,3,50.0,0.68,0.34,0.17,0.33,22.2,0,0.10,+0.4,+0.4,281,342,82.2,4127,909,158,177,89.3,102,121,84.3,10,17,58.8,0.7,-0.4,7,20,6,1,338,4,1,0,3,2,0,0,0,0,0,16,15,1.70,14,0,0,0,1,2,0.23,2,0,0,0,0,12,7,4,4,4,7,46.7,8,10,5,17,8,0,429,11,8,6,37.5,8,50.0,262,4,17,13,337,50,27.6,69,1,7,25,11,0.75,13,17,-4,-0.45,+0.32,12.7,17.4,-4.6,-0.52,-0.18,0,11,0,0,0,28,8,32.0
236,Emeka Eneli,us USA,MF,Real Salt Lake,25-355,1999,26,18,1706,19.0,0,1,1,0,0,0,3,0,0.2,0.2,1.9,2.1,35,93,33,0.00,0.05,0.05,0.00,0.05,0.01,0.10,0.11,0.01,0.11,Matches,7,1,14.3,0.37,0.05,0.00,0.00,24.7,0,0.03,-0.2,-0.2,837,944,88.7,12187,3554,461,497,92.8,288,320,90.0,43,51,84.3,1.4,-0.9,20,71,12,1,902,38,5,2,8,10,0,0,0,0,4,15,54,2.85,45,1,3,4,0,3,0.16,3,0,0,0,0,39,23,21,14,4,18,52.9,16,22,19,58,26,0,1149,41,12,23,57.5,14,35.0,648,0,35,15,769,66,59.2,86,14,8,20,0,1.23,22,33,-11,-0.58,-0.66,25.0,33.9,-8.9,-0.47,-0.33,0,25,0,0,0,129,8,44.4
270,Emil Forsberg,se SWE,"MF,FW",NY Red Bulls,33-350,1991,32,32,2776,30.8,11,7,18,9,2,2,4,0,9.8,8.3,7.3,15.6,34,133,171,0.36,0.23,0.58,0.29,0.52,0.32,0.24,0.56,0.27,0.51,Matches,62,20,32.3,2.01,0.65,0.15,0.45,21.4,14,0.13,+1.2,+0.7,774,1034,74.9,13425,3543,356,418,85.2,328,397,82.6,76,159,47.8,6.6,-0.3,51,94,42,2,874,154,13,9,114,2,53,41,9,0,6,29,107,3.47,70,19,3,11,0,13,0.42,9,2,1,0,0,20,15,2,14,4,9,47.4,10,12,7,27,10,1,1263,4,76,19,39.6,28,58.3,754,11,50,30,914,87,93.5,87,18,0,,1,1.25,39,42,-3,-0.10,-2.88,41.6,43.3,-1.7,-0.06,+0.69,0,27,0,0,0,85,11,33.3
,Emil Gazdov,,,,,,,,,,,,,,,,,,,,,,,,,,,,,,,,,,,,,,,,,,,,,,,,,,,,,,,,,,,,,,,,,,,,,,,,,,,,,,,,,,,,,,,,,,,,,,,,,,,,,,,,,,,,,,,,,,,,,,,,,,0,0,,3,,,,,,,,,,,,,,,,,,,
,Emil Jääskeläinen,,,,,,,,,,,,,,,,,,,,,,,,,,,,,,,,,,,,,,,,,,,,,,,,,,,,,,,,,,,,,,,,,,,,,,,,,,,,,,,,,,,,,,,,,,,,,,,,,,,,,,,,,,,,,,,,,,,,,,,,,,0,0,,1,,,,,,,,,,,,,,,,,,,
93,Emmanuel Boateng,gh GHA,FW,San Diego FC,31-264,1994,13,0,242,2.7,0,0,0,0,0,0,3,0,0.0,0.0,0.0,0.0,7,6,17,0.00,0.00,0.00,0.00,0.00,0.00,0.02,0.02,0.00,0.02,Matches,0,0,,0.00,0.00,,,,0,,0.0,0.0,63,89,70.8,766,153,42,55,76.4,12,17,70.6,2,6,33.3,0.2,0.0,1,1,3,1,87,2,0,0,6,1,0,0,0,0,0,4,5,1.86,5,0,0,0,0,0,0.00,0,0,0,0,0,6,3,3,3,0,1,33.3,2,1,3,9,2,0,118,7,8,3,60.0,2,40.0,70,0,3,3,85,19,8.1,,0,13,19,12,2.31,8,2,+6,+2.23,+1.80,6.8,3.7,+3.0,+1.13,+1.04,0,8,0,0,0,7,0,0.0
431,Emmanuel Latte Lath,ci CIV,FW,Atlanta Utd,26-280,1999,28,23,2015,22.4,7,1,8,6,1,1,7,0,8.7,7.9,1.3,9.2,29,23,103,0.31,0.04,0.36,0.27,0.31,0.39,0.06,0.45,0.35,0.41,Matches,51,15,29.4,2.28,0.67,0.12,0.40,12.0,0,0.16,-1.7,-1.9,229,341,67.2,2896,492,145,192,75.5,60,88,68.2,8,13,61.5,1.0,-0.3,20,18,6,0,327,13,1,1,3,0,0,0,0,0,1,11,45,2.01,30,0,5,3,0,4,0.18,1,0,0,3,0,16,9,4,9,3,3,33.3,6,15,7,23,18,0,577,20,106,18,43.9,21,51.2,310,14,58,25,403,72,70.0,83,13,5,23,0,0.82,25,42,-17,-0.76,-0.34,30.1,31.2,-1.1,-0.05,+0.17,0,26,1,1,0,38,58,48.3
690,Emmanuel Sabbi,us USA,FW,Vancouver W'caps,27-288,1997,26,21,1656,18.4,7,3,10,7,0,0,4,0,6.5,6.5,1.7,8.2,39,38,109,0.38,0.16,0.54,0.38,0.54,0.36,0.09,0.45,0.36,0.45,Matches,53,15,28.3,2.88,0.82,0.13,0.47,15.8,1,0.12,+0.5,+0.5,271,361,75.1,4325,985,143,162,88.3,90,120,75.0,23,33,69.7,2.2,+1.3,13,22,17,3,344,16,7,4,22,9,1,0,0,0,1,18,45,2.45,26,1,6,5,1,6,0.33,4,0,0,1,0,23,13,4,12,7,8,36.4,14,7,6,29,15,0,602,14,103,22,38.6,29,50.9,372,16,64,20,411,64,57.5,73,4,5,24,1,1.73,37,19,+18,+0.98,+0.24,34.4,21.1,+13.4,+0.73,-0.02,0,31,2,0,0,58,12,40.0
226,Ender Echenique,ve VEN,"DF,FW",FC Cincinnati,21-189,2004,8,6,506,5.6,1,1,2,1,0,0,0,0,1.1,1.1,1.0,2.1,22,9,47,0.18,0.18,0.36,0.18,0.36,0.20,0.17,0.38,0.20,0.38,Matches,9,2,22.2,1.60,0.36,0.11,0.50,16.7,0,0.13,-0.1,-0.1,135,173,78.0,1817,328,85,98,86.7,45,56,80.4,1,8,12.5,1.2,0.0,9,5,7,2,163,9,0,1,17,6,0,0,0,0,1,6,19,3.37,13,0,2,1,1,1,0.18,1,0,0,0,0,7,4,2,4,1,5,55.6,4,0,5,12,14,0,238,9,30,9,56.3,7,43.8,137,10,13,6,150,63,17.0,77,2,2,23,0,1.63,8,6,+2,+0.36,+0.10,7.7,10.3,-2.6,-0.45,-0.26,0,3,0,0,0,23,2,33.3
501,Enea Mihaj,al ALB,DF,Atlanta Utd,27-095,1998,8,6,541,6.0,0,1,1,0,0,0,0,0,0.4,0.4,0.4,0.7,7,26,0,0.00,0.17,0.17,0.00,0.17,0.07,0.06,0.12,0.07,0.12,Matches,3,2,66.7,0.50,0.33,0.00,0.00,21.5,0,0.13,-0.4,-0.4,372,409,91.0,7287,2746,123,128,96.1,211,221,95.5,34,54,63.0,0.1,+0.6,2,46,1,0,389,20,0,6,0,2,0,0,0,0,0,3,5,0.83,5,0,0,0,0,1,0.17,1,0,0,0,0,4,3,3,1,0,2,50.0,2,1,6,10,32,1,465,46,2,2,100.0,0,0.0,312,0,2,0,352,68,18.8,86,5,2,13,1,0.75,7,11,-4,-0.67,-0.01,7.5,8.6,-1.0,-0.17,-0.09,0,3,0,0,0,9,9,75.0
,Enes Sali,,,,,,,,,,,,,,,,,,,,,,,,,,,,,,,,,,,,,,,,,,,,,,,,,,,,,,,,,,,,,,,,,,,,,,,,,,,,,,,,,,,,,,,,,,,,,,,,,,,,,,,,,,,,,,,,,,,,,,,,,,0,0,,2,,,,,,,,,,,,,,,,,,,
,Enzo Newman,,,,,,,,,,,,,,,,,,,,,,,,,,,,,,,,,,,,,,,,,,,,,,,,,,,,,,,,,,,,,,,,,,,,,,,,,,,,,,,,,,,,,,,,,,,,,,,,,,,,,,,,,,,,,,,,,,,,,,,,,,0,0,,5,,,,,,,,,,,,,,,,,,,
415,Eric Klein,us USA,MF,NE Revolution,18-322,2006,2,0,2,0.0,0,0,0,0,0,0,0,0,0.0,0.0,0.0,0.0,0,0,0,0.00,0.00,0.00,0.00,0.00,0.00,0.00,0.00,0.00,0.00,Matches,0,0,,0.00,0.00,,,,0,,0.0,0.0,2,5,40.0,20,15,2,3,66.7,0,0,,0,0,,0.0,0.0,0,0,0,0,5,0,0,0,0,0,0,0,0,0,0,1,0,0.00,0,0,0,0,0,0,0.00,0,0,0,0,0,0,0,0,0,0,0,,0,0,0,0,0,0,5,0,0,0,,0,,2,0,0,1,3,1,0.1,,0,2,1,10,1.50,0,0,0,0.00,+0.21,0.2,0.0,+0.2,+7.16,+7.39,0,0,0,0,0,2,0,
482,Eric Maxim Choupo-Moting,cm CMR,FW,NY Red Bulls,36-199,1989,32,30,2681,29.8,16,4,20,11,5,6,5,0,12.7,7.9,4.4,12.3,36,100,215,0.54,0.13,0.67,0.37,0.50,0.43,0.15,0.57,0.27,0.41,Matches,51,28,54.9,1.71,0.94,0.22,0.39,14.9,0,0.16,+3.3,+3.1,501,675,74.2,7127,1799,281,354,79.4,173,216,80.1,17,22,77.3,4.3,-0.4,40,52,26,0,628,45,8,1,6,0,0,0,0,0,2,27,85,2.85,64,1,8,7,1,11,0.37,6,0,1,3,0,23,17,2,13,8,7,58.3,5,11,2,25,17,0,961,21,129,37,49.3,36,48.0,562,20,81,61,730,84,90.3,87,23,2,30,0,1.31,40,41,-1,-0.03,-1.28,42.2,45.0,-2.7,-0.09,+0.08,0,32,4,0,0,71,59,39.1
502,Eric Miller,us USA,"DF,MF",Portland Timbers,32-266,1993,16,3,436,4.8,0,0,0,0,0,0,0,0,0.2,0.2,0.1,0.3,8,12,18,0.00,0.00,0.00,0.00,0.00,0.03,0.03,0.06,0.03,0.06,Matches,2,0,0.0,0.41,0.00,0.00,,8.2,0,0.08,-0.2,-0.2,173,233,74.2,2930,1065,79,91,86.8,81,109,74.3,13,25,52.0,0.2,-0.1,3,10,4,2,191,42,0,0,8,39,0,0,0,0,0,5,5,1.03,4,1,0,0,0,0,0.00,0,0,0,0,0,8,2,3,4,1,4,44.4,5,2,5,13,27,0,285,27,8,1,33.3,2,66.7,127,3,4,2,161,27,14.7,80,1,13,15,16,1.63,5,8,-3,-0.62,-0.62,4.9,10.4,-5.6,-1.15,-1.01,0,3,0,0,0,18,7,50.0
219,Erik Duenas,us USA,"MF,FW",Houston Dynamo,20-355,2004,8,1,158,1.8,0,1,1,0,0,0,3,0,0.2,0.2,0.3,0.5,4,9,11,0.00,0.57,0.57,0.00,0.57,0.10,0.19,0.30,0.10,0.30,Matches,3,2,66.7,1.71,1.14,0.00,0.00,17.2,0,0.06,-0.2,-0.2,51,62,82.3,655,266,34,40,85.0,13,15,86.7,1,2,50.0,0.3,+0.7,4,7,2,0,60,2,0,0,1,2,0,0,0,0,0,2,7,3.99,5,0,1,0,0,2,1.14,1,0,0,0,0,5,3,4,1,0,1,100.0,0,1,7,12,7,0,92,3,6,1,25.0,3,75.0,50,3,4,5,61,20,5.3,70,0,7,13,12,1.13,5,1,+4,+2.28,+2.82,3.9,1.6,+2.4,+1.35,+1.59,0,8,0,0,0,11,0,0.0
766,Erik Sviatchenko,dk DEN,DF,Houston Dynamo,34-004,1991,14,12,870,9.7,0,0,0,0,0,0,1,1,0.8,0.8,0.0,0.8,1,35,2,0.00,0.00,0.00,0.00,0.00,0.08,0.00,0.08,0.08,0.08,Matches,10,4,40.0,1.03,0.41,0.00,0.00,14.8,0,0.08,-0.8,-0.8,388,465,83.4,7055,2945,172,183,94.0,183,199,92.0,29,71,40.8,0.3,0.0,0,49,4,0,455,9,1,6,5,1,0,0,0,0,1,5,4,0.41,3,0,0,0,0,1,0.10,1,0,0,0,0,11,5,8,3,0,5,71.4,2,2,9,20,60,2,588,58,16,2,40.0,3,60.0,354,0,9,3,415,62,29.3,68,5,2,26,0,1.29,9,12,-3,-0.31,+0.12,10.5,12.4,-1.9,-0.20,-0.06,0,9,0,0,0,21,24,66.7
782,Erik Thommy,de GER,"FW,MF",Sporting KC,31-049,1994,24,13,1194,13.3,4,4,8,4,0,0,0,0,2.3,2.3,2.7,4.9,52,47,133,0.30,0.30,0.60,0.30,0.60,0.17,0.20,0.37,0.17,0.37,Matches,44,12,27.3,3.32,0.90,0.09,0.33,22.2,9,0.05,+1.7,+1.7,413,513,80.5,6229,1090,230,265,86.8,137,158,86.7,29,43,67.4,2.4,+1.3,14,22,16,2,495,16,0,4,22,5,2,1,0,0,2,23,42,3.17,30,0,1,6,2,7,0.53,4,0,1,0,1,19,11,3,12,4,9,52.9,8,15,9,28,7,0,673,10,56,9,34.6,14,53.8,460,22,26,15,531,50,40.2,71,1,11,24,1,0.96,16,23,-7,-0.53,+0.33,15.3,24.0,-8.7,-0.65,+0.36,0,17,0,0,0,47,3,23.1
868,Eriq Zavaleta,sv SLV,DF,LA Galaxy,33-067,1992,4,1,135,1.5,0,0,0,0,0,0,0,0,0.0,0.0,0.0,0.0,1,0,1,0.00,0.00,0.00,0.00,0.00,0.00,0.00,0.00,0.00,0.00,Matches,0,0,,0.00,0.00,,,,0,,0.0,0.0,74,82,90.2,1210,423,37,39,94.9,33,35,94.3,3,7,42.9,0.1,0.0,0,1,0,0,72,10,0,0,0,0,0,0,0,0,0,0,1,0.67,1,0,0,0,0,0,0.00,0,0,0,0,0,1,1,1,0,0,1,50.0,1,0,2,3,6,0,92,25,2,0,,0,,47,0,0,0,61,34,4.7,82,0,3,18,15,0.25,1,2,-1,-0.67,+0.02,1.4,3.5,-2.1,-1.41,-1.07,0,0,0,0,0,2,1,50.0
789,Ervin Torres,us USA,MF,Austin,17-328,2007,1,0,8,0.1,0,0,0,0,0,0,0,0,0.0,0.0,0.0,0.0,0,1,1,0.00,0.00,0.00,0.00,0.00,0.00,0.00,0.00,0.00,0.00,Matches,0,0,,0.00,0.00,,,,0,,0.0,0.0,5,6,83.3,55,25,4,4,100.0,1,2,50.0,0,0,,0.0,0.0,0,1,0,0,6,0,0,0,1,0,0,0,0,0,0,0,0,0.00,0,0,0,0,0,0,0.00,0,0,0,0,0,0,0,0,0,0,0,,0,0,0,0,0,0,7,0,0,0,,0,,6,0,1,0,6,8,0.3,,0,1,8,2,3.00,0,0,0,0.00,+0.25,0.0,0.5,-0.5,-5.90,-5.74,0,1,0,0,0,0,0,
846,Eryk Williamson,us USA,"MF,FW",Charlotte,28-119,1997,24,4,681,7.6,0,1,1,0,0,0,5,0,0.3,0.3,0.5,0.8,4,48,33,0.00,0.13,0.13,0.00,0.13,0.05,0.06,0.11,0.05,0.11,Matches,3,0,0.0,0.40,0.00,0.00,,17.2,0,0.12,-0.3,-0.3,281,340,82.6,4553,1261,127,145,87.6,117,135,86.7,22,35,62.9,0.9,+0.5,7,32,9,0,305,35,1,3,14,2,16,3,4,0,0,7,17,2.26,14,2,0,1,0,1,0.13,1,0,0,0,0,13,9,5,5,3,6,46.2,7,4,9,22,4,2,412,14,25,5,23.8,12,57.1,237,1,11,9,283,28,22.9,77,1,20,19,9,1.79,13,12,+1,+0.13,-0.10,11.5,13.4,-1.8,-0.24,-0.20,0,20,0,1,0,30,7,50.0
67,Ethan Bartlow,us USA,DF,Houston Dynamo,25-248,2000,22,14,1326,14.7,0,2,2,0,0,0,2,0,1.2,1.2,0.9,2.1,10,62,6,0.00,0.14,0.14,0.00,0.14,0.08,0.06,0.14,0.08,0.14,Matches,10,2,20.0,0.68,0.14,0.00,0.00,14.4,0,0.12,-1.2,-1.2,637,785,81.1,11982,5107,260,283,91.9,291,320,90.9,76,156,48.7,0.8,+1.1,5,82,4,0,761,22,4,9,13,2,0,0,0,0,2,11,17,1.15,14,0,1,0,1,2,0.14,2,0,0,0,0,19,11,13,3,3,13,81.3,3,8,4,23,95,1,941,115,17,6,85.7,1,14.3,522,1,3,2,643,60,44.6,77,8,8,30,6,1.27,21,24,-3,-0.20,+0.34,19.0,19.8,-0.8,-0.06,+0.18,0,12,0,0,0,39,29,64.4
,Ethan O'Brien,,,,,,,,,,,,,,,,,,,,,,,,,,,,,,,,,,,,,,,,,,,,,,,,,,,,,,,,,,,,,,,,,,,,,,,,,,,,,,,,,,,,,,,,,,,,,,,,,,,,,,,,,,,,,,,,,,,,,,,,,,0,0,,2,,,,,,,,,,,,,,,,,,,
124,Evan Bush,us USA,GK,Columbus Crew,39-216,1986,6,6,540,6.0,0,0,0,0,0,0,1,0,0.0,0.0,0.0,0.0,0,0,0,0.00,0.00,0.00,0.00,0.00,0.00,0.00,0.00,0.00,0.00,Matches,0,0,,0.00,0.00,,,,0,,0.0,0.0,186,213,87.3,3664,2344,69,69,100.0,88,91,96.7,28,51,54.9,0.0,0.0,0,1,0,0,167,45,0,0,0,0,0,0,0,0,1,0,1,0.17,1,0,0,0,0,0,0.00,0,0,0,0,0,0,0,0,0,0,0,,0,0,0,0,3,1,221,167,0,0,,0,,132,0,0,0,110,90,18.2,90,6,0,,22,1.57,8,8,0,0.00,-0.07,8.5,7.1,+1.3,+0.22,+0.10,0,0,0,0,0,19,2,100.0
452,Evan Louro,us USA,GK,FC Cincinnati,29-262,1996,4,4,360,4.0,0,0,0,0,0,0,0,0,0.0,0.0,0.0,0.0,0,0,0,0.00,0.00,0.00,0.00,0.00,0.00,0.00,0.00,0.00,0.00,Matches,0,0,,0.00,0.00,,,,0,,0.0,0.0,91,131,69.5,2621,2054,19,19,100.0,42,42,100.0,29,69,42.0,0.0,0.0,0,1,0,0,73,58,0,1,0,0,0,0,0,0,0,0,0,0.00,0,0,0,0,0,0,0.00,0,0,0,0,0,1,1,1,0,0,1,100.0,0,0,0,1,6,0,150,138,0,0,,0,,56,0,0,0,52,90,12.1,90,4,0,,29,2.50,7,4,+3,+0.75,+0.54,7.0,7.4,-0.5,-0.12,+0.13,0,0,0,0,0,6,1,50.0
245,Evander,br BRA,MF,FC Cincinnati,27-121,1998,31,30,2647,29.4,17,13,30,17,0,0,6,0,7.6,7.6,8.7,16.3,112,181,117,0.58,0.44,1.02,0.58,1.02,0.26,0.30,0.55,0.26,0.55,Matches,112,51,45.5,3.81,1.73,0.15,0.33,23.5,20,0.07,+9.4,+9.4,1049,1338,78.4,18816,6011,467,534,87.5,412,486,84.8,140,237,59.1,9.6,+4.3,73,124,72,5,1142,185,14,12,120,12,82,46,24,0,11,28,168,5.71,95,31,14,14,2,21,0.71,14,1,2,2,0,36,19,13,19,4,18,45.0,22,27,9,45,14,0,1689,15,96,42,48.3,40,46.0,1012,37,76,39,1215,85,89.1,87,22,1,30,0,1.81,47,36,+11,+0.37,+0.93,37.6,45.5,-7.9,-0.27,-0.30,0,34,0,0,0,120,8,25.0
,Exon Arzú,,,,,,,,,,,,,,,,,,,,,,,,,,,,,,,,,,,,,,,,,,,,,,,,,,,,,,,,,,,,,,,,,,,,,,,,,,,,,,,,,,,,,,,,,,,,,,,,,,,,,,,,,,,,,,,,,,,,,,,,,,0,0,,4,,,,,,,,,,,,,,,,,,,
,Ezequiel Abadia-Reda,,,,,,,,,,,,,,,,,,,,,,,,,,,,,,,,,,,,,,,,,,,,,,,,,,,,,,,,,,,,,,,,,,,,,,,,,,,,,,,,,,,,,,,,,,,,,,,,,,,,,,,,,,,,,,,,,,,,,,,,,,0,0,,1,,,,,,,,,,,,,,,,,,,
626,Ezequiel Ponce,ar ARG,FW,Houston Dynamo,28-193,1997,31,31,2579,28.7,10,1,11,9,1,1,8,0,11.7,10.9,1.7,12.6,15,31,108,0.35,0.03,0.38,0.31,0.35,0.41,0.06,0.47,0.38,0.44,Matches,76,22,28.9,2.65,0.77,0.12,0.41,13.5,4,0.14,-1.7,-1.9,388,480,80.8,4777,726,249,293,85.0,89,109,81.7,15,25,60.0,0.8,-0.7,13,28,5,0,443,37,3,0,4,0,0,0,0,0,0,10,47,1.64,29,0,1,4,1,2,0.07,0,0,0,1,0,16,12,6,9,1,7,41.2,10,4,7,23,19,0,774,27,112,11,25.0,31,70.5,458,11,79,50,586,83,86.8,83,19,0,,0,0.97,31,52,-21,-0.73,-2.57,34.8,43.2,-8.4,-0.29,-1.04,0,68,1,0,0,46,55,45.5
346,Fabian Herbers,de GER,"MF,FW",CF Montréal,32-052,1993,15,10,666,7.4,1,0,1,1,0,0,3,0,0.8,0.8,1.0,1.8,14,48,28,0.14,0.00,0.14,0.14,0.14,0.11,0.13,0.24,0.11,0.24,Matches,13,2,15.4,1.76,0.27,0.08,0.50,16.1,0,0.06,+0.2,+0.2,226,295,76.6,3927,1304,113,136,83.1,89,114,78.1,21,28,75.0,1.5,-1.0,12,26,10,0,284,10,1,0,5,5,1,0,0,0,1,5,30,4.05,28,0,0,1,1,3,0.40,3,0,0,0,0,16,11,3,13,0,3,37.5,5,3,7,23,10,0,361,14,18,3,50.0,2,33.3,220,3,7,10,257,44,22.4,57,0,5,20,3,0.73,9,9,0,0.00,+0.90,8.4,11.4,-3.0,-0.41,-0.19,0,11,0,0,0,34,7,58.3
614,Fafà Picault,ht HAI,"FW,MF",Inter Miami,34-227,1991,19,7,725,8.1,4,0,4,4,0,0,0,0,3.6,3.6,0.9,4.5,15,12,91,0.50,0.00,0.50,0.50,0.50,0.45,0.11,0.55,0.45,0.55,Matches,19,8,42.1,2.36,0.99,0.21,0.50,12.1,0,0.19,+0.4,+0.4,179,240,74.6,2379,332,108,125,86.4,48,75,64.0,6,14,42.9,1.1,-0.9,2,10,3,1,233,6,0,1,25,4,1,0,0,0,1,5,12,1.49,10,0,1,0,0,2,0.25,2,0,0,0,0,19,17,6,7,6,4,66.7,2,4,2,21,11,0,335,10,31,4,33.3,8,66.7,202,4,16,8,232,38,25.2,73,3,12,18,6,1.68,18,12,+6,+0.74,+0.20,15.9,12.5,+3.4,+0.42,-0.10,0,13,0,0,0,24,14,56.0
249,Fallou Fall,sn SEN,DF,St. Louis,21-176,2004,7,5,499,5.5,0,0,0,0,0,0,0,0,0.3,0.3,0.9,1.2,4,16,1,0.00,0.00,0.00,0.00,0.00,0.05,0.16,0.22,0.05,0.22,Matches,5,1,20.0,0.90,0.18,0.00,0.00,11.2,0,0.06,-0.3,-0.3,239,267,89.5,4752,2029,82,89,92.1,126,135,93.3,30,40,75.0,0.6,-0.9,4,12,2,0,258,9,2,2,1,4,0,0,0,0,0,2,10,1.80,8,0,1,0,0,0,0.00,0,0,0,0,0,7,6,3,4,0,3,50.0,3,0,9,16,34,1,336,55,12,1,100.0,0,0.0,205,0,1,2,228,71,16.8,87,4,2,33,0,1.43,12,9,+3,+0.54,+1.16,11.4,7.8,+3.6,+0.65,+1.06,0,1,0,0,0,24,14,53.8
,Favian Loyola,,,,,,,,,,,,,,,,,,,,,,,,,,,,,,,,,,,,,,,,,,,,,,,,,,,,,,,,,,,,,,,,,,,,,,,,,,,,,,,,,,,,,,,,,,,,,,,,,,,,,,,,,,,,,,,,,,,,,,,,,,0,0,,3,,,,,,,,,,,,,,,,,,,
85,Federico Bernardeschi,it ITA,"FW,MF",Toronto FC,31-234,1994,15,15,1298,14.4,4,3,7,3,1,1,5,0,3.7,2.9,3.8,6.8,56,62,123,0.28,0.21,0.49,0.21,0.42,0.26,0.27,0.52,0.20,0.47,Matches,47,15,31.9,3.26,1.04,0.06,0.20,20.8,2,0.06,+0.3,+0.1,395,543,72.7,7123,1923,183,218,83.9,153,188,81.4,48,101,47.5,3.5,-0.8,25,29,34,8,471,70,4,12,71,18,30,26,2,1,2,15,58,4.02,39,5,7,2,0,6,0.42,4,1,0,0,0,11,7,5,5,1,3,42.9,4,6,2,13,7,1,734,19,62,34,44.7,42,55.3,499,34,34,23,545,87,45.1,87,12,0,,0,0.87,17,20,-3,-0.21,+0.02,13.7,22.1,-8.4,-0.58,-0.31,0,18,0,0,0,44,4,57.1
644,Federico Redondo,ar ARG,MF,Inter Miami,22-263,2003,20,8,882,9.8,0,1,1,0,0,0,5,0,0.2,0.2,0.3,0.6,12,64,12,0.00,0.10,0.10,0.00,0.10,0.02,0.04,0.06,0.02,0.06,Matches,3,0,0.0,0.31,0.00,0.00,,24.3,0,0.08,-0.2,-0.2,674,762,88.5,11230,3151,327,371,88.1,266,286,93.0,64,75,85.3,0.8,+0.7,4,70,5,1,749,12,1,7,2,6,0,0,0,0,1,5,17,1.74,16,0,1,0,0,1,0.10,0,0,1,0,0,20,12,11,6,3,12,46.2,14,8,8,28,8,1,837,18,10,8,80.0,2,20.0,507,2,18,11,652,44,30.6,75,3,12,23,1,1.80,20,15,+5,+0.51,-0.12,16.0,16.8,-0.8,-0.09,-0.85,0,24,0,0,0,64,6,75.0
139,Felipe Carballo,uy URU,MF,NY Red Bulls,29-004,1996,16,10,941,10.5,0,1,1,0,0,0,3,1,0.7,0.7,1.0,1.7,15,82,26,0.00,0.10,0.10,0.00,0.10,0.07,0.09,0.16,0.07,0.16,Matches,16,2,12.5,1.53,0.19,0.00,0.00,21.5,0,0.04,-0.7,-0.7,614,719,85.4,10113,3262,299,334,89.5,264,293,90.1,39,66,59.1,1.6,0.0,8,87,14,3,678,39,2,3,27,1,23,17,1,0,2,9,26,2.49,19,4,1,2,0,5,0.48,5,0,0,0,0,31,21,16,11,4,11,37.9,18,16,14,45,18,0,852,23,14,6,46.2,7,53.8,496,1,12,9,606,59,31.7,81,6,6,21,0,1.25,16,15,+1,+0.10,+0.01,13.2,15.9,-2.7,-0.25,-0.23,1,14,0,0,0,62,7,58.3
140,Felipe Carballo,uy URU,MF,Portland Timbers,29-004,1996,2,2,123,1.4,0,0,0,0,0,0,0,0,0.1,0.1,0.5,0.6,2,6,0,0.00,0.00,0.00,0.00,0.00,0.09,0.34,0.43,0.09,0.43,Matches,16,2,12.5,1.53,0.19,0.00,0.00,21.5,0,0.04,-0.7,-0.7,614,719,85.4,10113,3262,299,334,89.5,264,293,90.1,39,66,59.1,1.6,0.0,8,87,14,3,678,39,2,3,27,1,23,17,1,0,2,9,26,2.49,19,4,1,2,0,5,0.48,5,0,0,0,0,31,21,16,11,4,11,37.9,18,16,14,45,18,0,852,23,14,6,46.2,7,53.8,496,1,12,9,606,59,31.7,81,6,6,21,0,1.25,16,15,+1,+0.10,+0.01,13.2,15.9,-2.7,-0.25,-0.23,1,14,0,0,0,62,7,58.3
513,Felipe Mora,cl CHI,FW,Portland Timbers,32-067,1993,32,20,1646,18.3,5,3,8,4,1,2,4,0,7.6,6.1,1.7,7.8,11,42,96,0.27,0.16,0.44,0.22,0.38,0.42,0.09,0.51,0.33,0.42,Matches,33,13,39.4,1.80,0.71,0.12,0.31,12.8,0,0.18,-2.6,-2.1,302,423,71.4,5089,906,147,201,73.1,118,144,81.9,31,39,79.5,1.0,+1.3,15,19,7,0,379,41,4,4,7,3,0,0,0,0,3,16,36,1.97,28,0,0,3,0,4,0.22,3,0,0,1,0,7,2,1,4,2,3,100.0,0,3,5,12,16,0,555,17,77,9,56.3,6,37.5,311,3,33,20,407,51,55.4,70,2,12,20,1,1.38,21,19,+2,+0.11,+0.45,23.4,26.4,-3.0,-0.16,+0.27,0,11,1,0,0,28,35,39.8
823,Felipe Vieira,br BRA,DF,Houston Dynamo,20-241,2005,22,18,1642,18.2,4,1,5,4,0,0,4,0,4.1,4.1,2.2,6.3,23,49,34,0.22,0.05,0.27,0.22,0.27,0.23,0.12,0.35,0.23,0.35,Matches,29,13,44.8,1.59,0.71,0.14,0.31,11.5,0,0.14,-0.1,-0.1,732,831,88.1,10969,3916,417,444,93.9,264,297,88.9,34,59,57.6,1.8,-1.2,8,40,7,2,741,88,0,0,11,80,0,0,0,0,2,6,32,1.76,24,2,0,2,1,4,0.22,3,0,0,0,0,43,27,25,15,3,16,55.2,13,15,26,69,75,1,1061,67,44,8,47.1,9,52.9,566,1,17,10,670,75,55.3,84,11,4,31,0,1.18,28,34,-6,-0.33,+0.15,29.3,27.8,+1.6,+0.09,+0.54,0,31,0,1,1,54,36,61.0
24,Fernando Álvarez,co COL,DF,CF Montréal,22-045,2003,21,11,1049,11.7,0,1,1,0,0,0,4,0,0.1,0.1,0.5,0.7,2,48,0,0.00,0.09,0.09,0.00,0.09,0.01,0.05,0.06,0.01,0.06,Matches,5,2,40.0,0.43,0.17,0.00,0.00,11.9,0,0.03,-0.1,-0.1,561,661,84.9,11129,3865,167,182,91.8,333,355,93.8,59,115,51.3,0.2,+0.5,1,44,2,0,623,37,0,0,2,6,0,0,0,0,1,3,9,0.77,7,1,0,0,0,1,0.09,0,0,0,0,0,14,9,5,5,4,7,43.8,9,10,16,30,56,2,784,78,9,1,50.0,1,50.0,455,1,6,2,526,50,35.3,78,6,10,19,11,0.67,14,25,-11,-0.94,-0.38,16.7,17.3,-0.6,-0.05,+0.31,0,16,0,0,0,37,23,52.3
59,Fidel Barajas,mx MEX,FW,D.C. United,19-186,2006,4,0,38,0.4,0,0,0,0,0,0,0,0,0.0,0.0,0.1,0.1,0,3,10,0.00,0.00,0.00,0.00,0.00,0.00,0.20,0.20,0.00,0.20,Matches,0,0,,0.00,0.00,,,,0,,0.0,0.0,21,25,84.0,252,63,14,15,93.3,5,6,83.3,0,2,0.0,0.1,-0.1,2,0,2,0,24,1,0,0,3,1,0,0,0,0,0,0,3,7.11,3,0,0,0,0,0,0.00,0,0,0,0,0,2,2,1,0,1,1,50.0,1,0,0,2,0,0,32,0,2,0,0.0,1,100.0,21,0,2,2,25,10,1.3,,0,4,10,6,0.25,1,1,0,0.00,+1.11,1.6,0.7,+0.9,+2.10,+2.56,0,0,0,0,0,3,0,
763,Finn Surman,nz NZL,DF,Portland Timbers,22-015,2003,31,31,2720,30.2,0,0,0,0,0,0,2,0,1.0,1.0,0.2,1.2,4,61,2,0.00,0.00,0.00,0.00,0.00,0.03,0.01,0.04,0.03,0.04,Matches,10,2,20.0,0.33,0.07,0.00,0.00,8.7,0,0.10,-1.0,-1.0,1446,1585,91.2,27279,9451,472,499,94.6,851,895,95.1,110,157,70.1,0.3,-0.2,5,74,3,1,1510,74,0,3,2,12,0,0,0,0,1,14,17,0.56,15,1,0,0,0,1,0.03,0,1,0,0,0,40,21,36,3,1,17,68.0,8,13,31,71,225,2,1960,315,14,0,0.0,2,100.0,1080,0,6,5,1282,88,91.6,88,29,0,,1,1.29,38,42,-4,-0.13,-0.49,37.5,46.7,-9.2,-0.30,-0.20,0,13,0,1,0,86,66,62.3
17,Forster Ajago,gh GHA,FW,Real Salt Lake,24-053,2001,6,3,259,2.9,1,0,1,1,0,0,2,0,0.6,0.6,0.1,0.7,1,1,15,0.35,0.00,0.35,0.35,0.35,0.22,0.03,0.25,0.22,0.25,Matches,4,3,75.0,1.39,1.04,0.25,0.33,18.6,0,0.16,+0.4,+0.4,20,26,76.9,248,24,10,14,71.4,7,7,100.0,0,0,,0.0,-0.1,3,1,0,0,24,2,0,0,0,0,0,0,0,0,0,1,4,1.39,4,0,0,0,0,1,0.35,1,0,0,0,0,5,3,2,2,1,1,50.0,1,2,0,5,3,0,61,4,9,1,20.0,4,80.0,36,2,11,4,40,43,9.0,64,0,3,22,0,1.00,1,5,-4,-1.39,-1.18,1.8,7.0,-5.1,-1.79,-1.60,0,7,0,0,0,0,3,14.3
,Francesco Montali,,,,,,,,,,,,,,,,,,,,,,,,,,,,,,,,,,,,,,,,,,,,,,,,,,,,,,,,,,,,,,,,,,,,,,,,,,,,,,,,,,,,,,,,,,,,,,,,,,,,,,,,,,,,,,,,,,,,,,,,,,0,0,,2,,,,,,,,,,,,,,,,,,,
839,Francis Westfield,us USA,DF,Philadelphia Union,19-303,2005,24,18,1715,19.1,1,3,4,1,0,0,5,1,1.4,1.4,2.7,4.1,24,81,104,0.05,0.16,0.21,0.05,0.21,0.07,0.14,0.21,0.07,0.21,Matches,12,4,33.3,0.63,0.21,0.08,0.25,15.9,0,0.12,-0.4,-0.4,616,915,67.3,10054,5214,319,382,83.5,228,330,69.1,55,142,38.7,2.8,+0.3,20,64,29,12,733,180,0,3,50,174,0,0,0,0,2,31,48,2.52,39,4,1,2,1,6,0.32,6,0,0,0,0,35,25,17,12,6,22,66.7,11,11,10,45,64,0,1133,61,30,4,25.0,10,62.5,514,5,38,10,600,71,57.7,88,13,6,22,2,2.08,34,24,+10,+0.52,-0.48,32.0,22.8,+9.2,+0.48,-0.12,0,17,0,0,0,65,36,65.5
241,Franco Escobar,ar ARG,DF,Houston Dynamo,30-229,1995,23,18,1569,17.4,2,2,4,2,0,0,10,1,2.1,2.1,1.1,3.2,21,76,44,0.11,0.11,0.23,0.11,0.23,0.12,0.06,0.18,0.12,0.18,Matches,12,3,25.0,0.69,0.17,0.17,0.67,12.2,0,0.17,-0.1,-0.1,949,1091,87.0,13594,5557,578,621,93.1,320,368,87.0,32,59,54.2,1.6,+0.9,12,57,12,1,952,138,2,0,20,113,0,0,0,0,1,19,29,1.66,22,2,2,1,0,5,0.29,2,0,1,0,0,49,34,37,10,2,32,66.7,16,16,32,81,56,0,1300,75,46,16,76.2,5,23.8,702,2,22,14,822,68,52.8,83,13,5,16,1,1.17,22,27,-5,-0.29,+0.23,22.1,22.6,-0.4,-0.02,+0.28,1,25,0,0,0,95,20,42.6
549,Franco Negri,ar ARG,DF,San Diego FC,30-230,1995,15,9,657,7.3,1,1,2,1,0,0,4,0,0.2,0.2,1.1,1.3,15,50,36,0.14,0.14,0.27,0.14,0.27,0.02,0.15,0.17,0.02,0.17,Matches,5,2,40.0,0.68,0.27,0.20,0.50,18.1,0,0.03,+0.8,+0.8,464,577,80.4,7591,2881,256,288,88.9,170,201,84.6,34,69,49.3,0.8,-0.1,6,48,8,2,516,61,0,2,24,59,0,0,0,0,0,12,12,1.64,9,1,1,0,0,2,0.27,1,0,1,0,0,16,10,6,5,5,8,100.0,0,9,8,24,15,2,658,19,10,5,35.7,8,57.1,344,1,10,3,447,44,22.1,60,0,6,20,13,1.80,12,7,+5,+0.68,+0.14,10.6,10.5,+0.1,+0.01,-0.21,0,12,0,1,0,36,3,42.9
28,Frankie Amaya,us USA,MF,LAFC,25-012,2000,17,3,363,4.0,0,0,0,0,0,0,1,0,0.5,0.5,0.2,0.7,3,20,12,0.00,0.00,0.00,0.00,0.00,0.12,0.06,0.18,0.12,0.18,Matches,4,2,50.0,0.99,0.50,0.00,0.00,14.2,0,0.12,-0.5,-0.5,199,215,92.6,2958,564,118,124,95.2,66,71,93.0,8,9,88.9,0.5,-0.2,6,21,6,0,209,6,0,1,0,2,0,0,0,0,0,2,10,2.48,9,0,0,0,1,0,0.00,0,0,0,0,0,14,8,3,5,6,5,41.7,7,2,5,19,3,0,263,4,10,2,25.0,6,75.0,167,3,6,1,197,21,13.0,66,0,14,12,5,1.65,9,8,+1,+0.25,-0.60,9.2,5.8,+3.3,+0.82,+0.09,0,4,0,0,0,13,2,33.3
717,Gabe Segal,us USA,"FW,MF",Houston Dynamo,24-144,2001,11,1,154,1.7,2,0,2,1,1,1,0,0,2.8,2.0,0.2,2.2,1,4,17,1.17,0.00,1.17,0.58,0.58,1.60,0.12,1.73,1.15,1.27,Matches,10,2,20.0,5.84,1.17,0.10,0.50,15.1,0,0.20,-0.8,-1.0,37,52,71.2,432,109,24,34,70.6,6,8,75.0,1,1,100.0,0.0,-0.2,2,3,1,0,51,1,1,1,0,0,0,0,0,0,0,2,7,4.06,4,0,0,0,0,1,0.58,1,0,0,0,0,3,2,1,2,0,3,100.0,0,0,1,4,5,0,81,3,14,0,0.0,1,100.0,35,0,4,4,60,14,5.2,90,1,10,6,19,0.64,5,3,+2,+1.17,+1.65,5.7,2.3,+3.4,+1.98,+2.25,0,5,0,0,0,2,6,46.2
156,Gabriel Chaves,br BRA,"FW,MF",LA Galaxy,24-239,2001,27,25,2292,25.5,6,1,7,5,1,1,7,0,10.3,9.5,3.8,13.3,122,110,229,0.24,0.04,0.27,0.20,0.24,0.40,0.15,0.55,0.37,0.52,Matches,100,37,37.0,3.93,1.45,0.05,0.14,18.3,2,0.10,-4.3,-4.5,931,1104,84.3,14668,3027,510,556,91.7,322,360,89.4,68,108,63.0,4.7,-2.8,20,73,35,2,989,108,8,17,42,46,31,14,0,0,7,32,84,3.30,53,5,13,3,1,13,0.51,10,0,1,1,0,28,15,17,7,4,10,28.6,25,13,18,46,6,0,1470,11,135,57,46.0,60,48.4,1004,57,68,38,1124,85,79.6,89,22,2,36,0,0.85,35,44,-9,-0.35,+1.64,36.5,43.2,-6.7,-0.27,+0.64,0,39,0,0,0,107,3,20.0
622,Gabriel Pirani,br BRA,"MF,FW",D.C. United,23-179,2002,27,22,1856,20.6,6,3,9,6,0,0,2,0,4.8,4.8,3.5,8.3,55,108,99,0.29,0.15,0.44,0.29,0.44,0.23,0.17,0.40,0.23,0.40,Matches,58,16,27.6,2.81,0.78,0.10,0.38,20.2,3,0.08,+1.2,+1.2,542,664,81.6,8622,2370,280,325,86.2,196,231,84.8,47,57,82.5,2.9,-0.5,34,66,26,3,608,52,6,2,12,4,3,1,1,1,4,17,73,3.54,58,0,5,5,1,5,0.24,5,0,0,0,0,19,11,4,10,5,8,33.3,16,12,12,31,3,0,888,7,67,26,45.6,30,52.6,591,15,62,45,667,69,62.5,80,8,5,20,1,0.59,24,52,-28,-1.36,-0.71,26.7,35.1,-8.4,-0.41,+0.06,0,16,0,0,0,83,2,12.5
317,Gage Guerra,,"FW,DF",Portland Timbers,22-291,2002,6,0,133,1.5,0,0,0,0,0,0,0,0,0.3,0.3,0.1,0.3,1,1,11,0.00,0.00,0.00,0.00,0.00,0.19,0.04,0.23,0.19,0.23,Matches,3,0,0.0,2.03,0.00,0.00,,8.2,0,0.09,-0.3,-0.3,34,48,70.8,402,80,22,23,95.7,8,13,61.5,0,1,0.0,0.0,-0.1,1,2,0,0,47,1,0,0,5,1,0,0,0,0,0,4,1,0.68,1,0,0,0,0,0,0.00,0,0,0,0,0,1,1,0,0,1,0,0.0,1,1,2,3,0,0,61,0,6,0,0.0,1,100.0,25,0,4,3,40,22,4.5,,0,6,22,5,0.67,2,3,-1,-0.68,-0.61,2.3,0.9,+1.3,+0.90,+1.24,0,2,0,0,0,9,6,46.2
796,Garrison Tubbs,us USA,DF,D.C. United,23-233,2002,8,7,565,6.3,0,0,0,0,0,0,3,0,0.0,0.0,0.0,0.0,0,4,1,0.00,0.00,0.00,0.00,0.00,0.00,0.00,0.00,0.00,0.00,Matches,0,0,,0.00,0.00,,,,0,,0.0,0.0,232,251,92.4,4171,1429,88,89,98.9,128,134,95.5,14,24,58.3,0.0,0.0,1,1,0,0,243,8,0,0,0,1,0,0,0,0,0,1,1,0.16,1,0,0,0,0,0,0.00,0,0,0,0,0,12,7,9,3,0,8,80.0,2,7,11,23,24,1,314,43,4,1,33.3,2,66.7,183,0,3,0,221,71,19.0,74,4,1,46,13,0.63,4,12,-8,-1.27,-0.23,4.6,10.3,-5.7,-0.91,-0.59,0,7,0,0,0,12,4,44.4
114,Gastón Brugman,uy URU,MF,Nashville SC,33-031,1992,23,14,1260,14.0,0,1,1,0,0,0,2,0,1.3,1.3,3.8,5.1,9,125,31,0.00,0.07,0.07,0.00,0.07,0.09,0.27,0.36,0.09,0.36,Matches,14,3,21.4,1.00,0.21,0.00,0.00,21.7,1,0.09,-1.3,-1.3,805,952,84.6,14466,5554,362,402,90.0,348,394,88.3,84,122,68.9,3.4,-2.8,27,104,31,4,923,25,6,12,12,0,0,0,0,0,4,10,56,4.00,46,1,2,1,3,4,0.29,4,0,0,0,0,35,20,17,14,4,19,45.2,23,15,21,56,20,1,1104,28,9,9,42.9,12,57.1,627,1,13,6,815,55,42.4,81,4,9,13,6,1.52,18,19,-1,-0.07,-0.97,21.2,17.5,+3.8,+0.27,-0.54,0,28,0,0,0,73,8,88.9
799,Gavin Turner,us USA,"FW,MF",D.C. United,18-276,2007,1,0,25,0.3,0,0,0,0,0,0,0,0,0.0,0.0,0.0,0.0,0,0,3,0.00,0.00,0.00,0.00,0.00,0.09,0.07,0.16,0.09,0.16,Matches,1,0,0.0,3.60,0.00,0.00,,28.3,0,0.02,0.0,0.0,5,8,62.5,59,5,3,5,60.0,1,1,100.0,0,1,0.0,0.0,0.0,1,0,0,0,8,0,0,0,0,0,0,0,0,0,0,0,1,3.60,1,0,0,0,0,0,0.00,0,0,0,0,0,0,0,0,0,0,0,,0,0,0,0,1,0,13,0,1,0,,0,,8,0,2,0,8,25,0.8,,0,1,25,3,0.00,0,1,-1,-3.60,-2.53,0.4,0.8,-0.4,-1.56,-1.13,0,0,0,0,0,1,0,0.0
135,George Campbell,us USA,DF,CF Montréal,24-108,2001,16,15,1345,14.9,0,1,1,0,0,0,4,0,0.6,0.6,1.5,2.2,9,59,5,0.00,0.07,0.07,0.00,0.07,0.04,0.10,0.15,0.04,0.15,Matches,11,2,18.2,0.74,0.13,0.00,0.00,17.6,0,0.06,-0.6,-0.6,890,1033,86.2,17116,6168,330,347,95.1,438,476,92.0,110,183,60.1,0.7,-0.5,6,52,8,0,945,86,2,6,0,13,0,0,0,0,2,8,27,1.81,21,0,0,1,1,1,0.07,0,0,0,0,0,32,22,20,11,1,16,72.7,6,6,22,54,68,3,1222,176,14,7,58.3,2,16.7,701,1,23,4,755,84,45.3,87,12,1,45,0,0.63,13,26,-13,-0.87,-0.32,18.5,20.4,-1.8,-0.12,+0.25,0,18,0,0,0,113,18,47.4
,George Marks,,,,,,,,,,,,,,,,,,,,,,,,,,,,,,,,,,,,,,,,,,,,,,,,,,,,,,,,,,,,,,,,,,,,,,,,,,,,,,,,,,,,,,,,,,,,,,,,,,,,,,,,,,,,,,,,,,,,,,,,,,0,0,,2,,,,,,,,,,,,,,,,,,,
507,Georgi Minoungou,bf BFA,"FW,MF",Seattle Sounders,23-075,2002,21,6,726,8.1,1,3,4,1,0,0,0,0,3.0,3.0,4.3,7.3,61,19,135,0.12,0.37,0.50,0.12,0.50,0.37,0.53,0.90,0.37,0.90,Matches,29,8,27.6,3.60,0.99,0.03,0.13,16.3,0,0.10,-2.0,-2.0,242,319,75.9,3301,485,156,180,86.7,73,101,72.3,6,18,33.3,2.9,-1.3,22,0,14,4,309,8,1,1,41,4,3,0,0,0,2,7,46,5.71,31,0,10,2,0,5,0.62,4,0,1,0,0,13,6,4,3,6,4,44.4,5,5,6,19,3,0,465,4,87,29,50.9,24,42.1,323,45,31,14,337,35,25.2,76,3,15,18,9,1.43,16,14,+2,+0.25,0.00,19.5,12.0,+7.5,+0.93,+0.69,0,14,0,0,0,37,3,37.5
811,Gerardo Valenzuela,us USA,"MF,FW",FC Cincinnati,21-010,2004,22,9,827,9.2,5,0,5,5,0,0,1,0,3.3,3.3,0.7,4.0,19,27,68,0.54,0.00,0.54,0.54,0.54,0.36,0.08,0.44,0.36,0.44,Matches,30,18,60.0,3.26,1.96,0.17,0.28,15.8,0,0.11,+1.7,+1.7,263,326,80.7,3553,810,153,172,89.0,84,103,81.6,8,16,50.0,0.7,-0.7,14,13,5,2,313,13,2,2,7,4,2,1,0,0,0,10,40,4.35,26,1,3,6,0,2,0.22,0,0,1,1,0,10,3,3,6,1,7,70.0,3,17,1,11,6,2,469,8,50,10,28.6,21,60.0,293,7,24,22,367,38,27.8,67,1,13,17,8,1.64,11,10,+1,+0.11,-0.23,11.7,12.3,-0.6,-0.06,+0.24,0,10,0,0,0,28,11,35.5
,Gevork Diarbian,,,,,,,,,,,,,,,,,,,,,,,,,,,,,,,,,,,,,,,,,,,,,,,,,,,,,,,,,,,,,,,,,,,,,,,,,,,,,,,,,,,,,,,,,,,,,,,,,,,,,,,,,,,,,,,,,,,,,,,,,,0,0,,1,,,,,,,,,,,,,,,,,,,
830,Giacomo Vrioni,al ALB,"FW,MF",CF Montréal,26-358,1998,8,6,392,4.4,3,0,3,3,0,0,0,1,3.4,3.4,0.3,3.7,4,4,27,0.69,0.00,0.69,0.69,0.69,0.78,0.06,0.85,0.78,0.85,Matches,20,7,35.0,4.59,1.61,0.15,0.43,13.7,1,0.17,-0.4,-0.4,32,46,69.6,501,77,18,23,78.3,9,14,64.3,2,3,66.7,0.1,-0.3,2,0,1,0,41,5,0,2,1,0,0,0,0,0,0,1,6,1.38,4,0,0,0,0,0,0.00,0,0,0,0,0,1,0,0,0,1,0,0.0,1,0,0,1,2,0,103,3,24,3,37.5,5,62.5,66,6,12,13,77,49,13.2,57,1,2,25,1,0.50,5,9,-4,-0.92,-0.26,7.5,5.5,+1.9,+0.45,+0.81,0,5,0,0,0,7,8,53.3
266,Gilberto Flores,py PAR,DF,FC Cincinnati,22-190,2003,15,12,1136,12.6,0,0,0,0,0,0,5,1,0.4,0.4,0.0,0.4,1,34,1,0.00,0.00,0.00,0.00,0.00,0.03,0.00,0.04,0.03,0.04,Matches,9,2,22.2,0.71,0.16,0.00,0.00,14.4,0,0.05,-0.4,-0.4,548,653,83.9,10692,3888,164,187,87.7,338,369,91.6,43,74,58.1,0.1,0.0,2,29,1,0,623,27,0,8,1,12,0,0,0,0,3,7,10,0.79,5,1,0,1,3,1,0.08,0,0,0,0,1,33,26,13,19,1,22,48.9,23,7,14,47,81,1,827,93,11,3,75.0,1,25.0,432,0,10,3,510,76,38.2,87,8,3,33,13,2.27,20,12,+8,+0.63,+0.58,16.5,16.3,+0.1,+0.01,+0.40,1,8,0,0,0,52,31,64.6
99,Giuseppe Bovalina,au AUS,DF,Vancouver W'caps,20-331,2004,7,2,205,2.3,0,2,2,0,0,0,0,0,0.6,0.6,0.8,1.4,4,3,16,0.00,0.88,0.88,0.00,0.88,0.28,0.33,0.61,0.28,0.61,Matches,4,2,50.0,1.76,0.88,0.00,0.00,11.8,0,0.16,-0.6,-0.6,78,102,76.5,1210,242,43,50,86.0,29,38,76.3,5,10,50.0,0.5,+1.2,3,1,1,0,85,17,0,0,5,16,0,0,0,0,0,1,6,2.63,5,0,0,0,0,2,0.88,2,0,0,0,0,3,3,1,2,0,2,40.0,3,3,2,5,6,1,132,9,10,0,0.0,2,100.0,68,1,2,4,74,29,7.1,85,1,5,7,12,2.43,6,4,+2,+0.88,0.00,4.9,2.3,+2.5,+1.11,+0.40,0,2,0,0,0,7,2,28.6
456,Gonzalo Luján,ar ARG,DF,Inter Miami,24-164,2001,24,19,1596,17.7,0,1,1,0,0,0,3,0,0.2,0.2,0.2,0.4,13,64,11,0.00,0.06,0.06,0.00,0.06,0.01,0.01,0.02,0.01,0.02,Matches,6,1,16.7,0.34,0.06,0.00,0.00,13.4,0,0.03,-0.2,-0.2,1004,1103,91.0,18951,6295,341,363,93.9,576,602,95.7,79,123,64.2,0.5,+0.8,3,61,2,0,1060,42,0,6,5,24,0,0,0,0,1,3,10,0.56,9,0,1,0,0,1,0.06,1,0,0,0,0,36,25,23,11,2,23,76.7,7,10,12,48,80,0,1285,120,8,8,66.7,4,33.3,789,1,10,1,925,67,55.4,79,11,5,20,4,1.67,33,26,+7,+0.39,-0.45,30.0,23.0,+7.1,+0.40,-0.23,0,17,0,0,0,82,31,57.4
,Greg Ranjitsingh,,,,,,,,,,,,,,,,,,,,,,,,,,,,,,,,,,,,,,,,,,,,,,,,,,,,,,,,,,,,,,,,,,,,,,,,,,,,,,,,,,,,,,,,,,,,,,,,,,,,,,,,,,,,,,,,,,,,,,,,,,0,0,,16,,,,,,,,,,,,,,,,,,,
,Griffin Dillon,,,,,,,,,,,,,,,,,,,,,,,,,,,,,,,,,,,,,,,,,,,,,,,,,,,,,,,,,,,,,,,,,,,,,,,,,,,,,,,,,,,,,,,,,,,,,,,,,,,,,,,,,,,,,,,,,,,,,,,,,,0,0,,3,,,,,,,,,,,,,,,,,,,
212,Griffin Dorsey,us USA,DF,Houston Dynamo,26-217,1999,32,28,2577,28.6,2,4,6,2,0,0,8,0,2.5,2.5,4.5,7.1,86,43,229,0.07,0.14,0.21,0.07,0.21,0.09,0.16,0.25,0.09,0.25,Matches,35,8,22.9,1.22,0.28,0.06,0.25,15.0,0,0.07,-0.5,-0.5,832,1103,75.4,12956,3245,460,516,89.1,279,379,73.6,62,122,50.8,3.7,-0.5,32,19,42,26,886,212,0,1,119,206,0,0,0,0,5,40,63,2.20,52,1,4,2,0,6,0.21,6,0,0,0,0,39,22,21,16,2,25,65.8,13,22,26,65,74,1,1412,72,85,13,61.9,7,33.3,708,18,45,16,832,81,86.8,89,25,4,18,0,1.03,35,49,-14,-0.49,-0.72,35.3,43.1,-7.8,-0.27,-0.87,0,36,0,1,0,81,40,48.8
90,Guilherme Biro,br BRA,DF,Austin,25-160,2000,30,29,2443,27.1,3,1,4,3,0,0,6,0,1.6,1.6,2.0,3.6,36,88,66,0.11,0.04,0.15,0.11,0.15,0.06,0.07,0.13,0.06,0.13,Matches,22,7,31.8,0.81,0.26,0.14,0.43,15.1,0,0.07,+1.4,+1.4,1076,1308,82.3,18240,6177,505,551,91.7,434,499,87.0,105,186,56.5,2.7,-1.0,23,74,17,11,1130,173,2,11,43,141,0,0,0,0,5,19,42,1.55,36,4,1,1,0,3,0.11,3,0,0,0,0,40,24,20,13,7,23,71.9,9,32,40,80,109,0,1631,135,50,8,40.0,12,60.0,824,4,13,14,967,81,84.8,84,15,1,5,1,1.37,29,37,-8,-0.29,-0.29,31.2,37.3,-6.1,-0.23,-0.33,0,19,0,0,0,98,64,60.4
83,Gustav Berggren,se SWE,MF,NY Red Bulls,28-031,1997,5,3,263,2.9,0,0,0,0,0,0,0,0,0.0,0.0,0.2,0.2,3,14,3,0.00,0.00,0.00,0.00,0.00,0.00,0.05,0.05,0.00,0.05,Matches,0,0,,0.00,0.00,,,,0,,0.0,0.0,134,148,90.5,2392,624,52,56,92.9,73,77,94.8,9,13,69.2,0.2,-0.2,5,11,3,1,146,1,0,0,1,0,1,0,0,0,1,0,6,2.05,5,1,0,0,0,0,0.00,0,0,0,0,0,3,2,0,1,2,1,33.3,2,1,4,7,3,0,166,6,0,1,100.0,0,0.0,90,0,1,2,112,53,8.9,68,0,2,30,0,0.80,5,5,0,0.00,-0.10,3.8,6.0,-2.1,-0.73,-0.69,0,7,0,0,0,16,4,80.0
138,Gustavo Caraballo,us USA,"MF,FW",Orlando City,17-040,2008,5,0,17,0.2,0,0,0,0,0,0,0,0,0.1,0.1,0.2,0.4,2,3,2,0.00,0.00,0.00,0.00,0.00,0.73,1.23,1.95,0.73,1.95,Matches,1,0,0.0,5.29,0.00,0.00,,5.8,0,0.14,-0.1,-0.1,17,21,81.0,279,90,8,9,88.9,8,9,88.9,1,3,33.3,0.2,-0.2,2,1,1,0,19,2,0,0,3,0,2,2,0,0,0,0,3,15.88,2,1,0,0,0,0,0.00,0,0,0,0,0,1,0,1,0,0,0,,0,0,0,1,0,0,26,0,1,0,0.0,1,100.0,17,0,0,0,21,3,0.6,,0,5,3,16,1.80,0,1,-1,-5.29,-5.80,0.4,0.9,-0.5,-2.66,-3.07,0,1,0,0,0,4,1,100.0
206,Hamady Diop,sn SEN,DF,San Diego FC,23-124,2002,7,0,196,2.2,0,0,0,0,0,0,1,0,0.1,0.1,0.1,0.2,4,18,2,0.00,0.00,0.00,0.00,0.00,0.04,0.05,0.09,0.04,0.09,Matches,2,1,50.0,0.92,0.46,0.00,0.00,31.5,1,0.04,-0.1,-0.1,185,204,90.7,2981,1208,91,96,94.8,82,87,94.3,11,17,64.7,0.1,-0.1,3,23,0,0,188,16,0,0,4,8,0,0,0,0,0,3,8,3.67,7,0,0,0,0,1,0.46,1,0,0,0,0,2,2,0,1,1,1,25.0,3,2,1,3,8,0,225,8,0,1,33.3,1,33.3,142,0,3,1,166,28,6.6,,0,7,28,8,1.29,3,4,-1,-0.46,-1.11,3.3,6.2,-2.8,-1.29,-1.57,0,4,0,0,0,4,4,66.7
850,Hannes Wolf,at AUT,"FW,MF",NYCFC,26-175,1999,32,31,2569,28.5,11,5,16,11,0,0,2,0,6.5,6.5,3.5,10.1,90,112,301,0.39,0.18,0.56,0.39,0.56,0.23,0.12,0.35,0.23,0.35,Matches,60,20,33.3,2.10,0.70,0.18,0.55,15.3,2,0.11,+4.5,+4.5,847,1132,74.8,11149,2850,550,660,83.3,222,292,76.0,27,63,42.9,3.5,+1.5,34,34,55,10,1072,55,4,2,52,33,14,11,0,0,5,46,76,2.66,57,3,3,2,1,11,0.39,11,0,0,0,0,55,37,13,27,15,28,45.2,34,30,21,76,27,0,1487,29,147,32,36.4,55,62.5,895,53,58,41,1034,80,86.5,82,16,1,29,0,1.72,44,35,+9,+0.32,+0.76,43.4,36.7,+6.7,+0.23,+0.31,0,34,0,0,0,136,6,28.6
528,Hany Mukhtar,de GER,"FW,MF",Nashville SC,30-201,1995,33,33,2910,32.3,16,7,23,13,3,5,4,0,16.3,12.3,8.6,20.9,107,143,245,0.49,0.22,0.71,0.40,0.62,0.50,0.26,0.77,0.38,0.65,Matches,116,58,50.0,3.59,1.79,0.11,0.22,20.0,13,0.11,-0.3,+0.7,1108,1417,78.2,16950,4946,625,693,90.2,348,432,80.6,94,189,49.7,10.9,-1.6,88,86,58,10,1169,236,9,3,196,10,132,56,62,1,12,36,172,5.32,75,56,4,14,2,18,0.56,7,3,0,6,0,24,10,10,8,6,9,30.0,21,21,6,30,12,2,1811,5,158,24,32.4,46,62.2,1002,36,93,70,1313,88,98.0,88,23,0,,0,1.64,56,39,+17,+0.53,+2.03,56.0,36.4,+19.6,+0.61,+1.21,0,43,6,0,0,86,4,12.9
503,Harbor Miller,us USA,"FW,DF",LA Galaxy,18-109,2007,10,9,640,7.1,1,1,2,1,0,0,1,0,0.8,0.8,0.7,1.5,19,17,52,0.14,0.14,0.28,0.14,0.28,0.11,0.10,0.21,0.11,0.21,Matches,10,1,10.0,1.41,0.14,0.10,1.00,14.5,0,0.08,+0.2,+0.2,215,277,77.6,3166,708,126,142,88.7,76,93,81.7,9,24,37.5,0.3,+0.3,8,14,6,0,257,19,0,0,12,18,0,0,0,0,1,10,16,2.25,12,0,1,1,0,2,0.28,2,0,0,0,0,12,12,7,4,1,4,30.8,9,7,4,16,15,0,357,19,26,5,41.7,4,33.3,211,9,15,5,248,64,22.2,71,2,1,1,2,0.90,9,14,-5,-0.70,-0.02,10.2,11.6,-1.4,-0.20,+0.25,0,7,0,0,0,27,4,40.0
579,Harold Osorio,sv SLV,MF,Chicago Fire,22-049,2003,1,0,1,0.0,0,0,0,0,0,0,0,0,0.0,0.0,0.0,0.0,0,0,0,0.00,0.00,0.00,0.00,0.00,0.00,0.00,0.00,0.00,0.00,Matches,0,0,,0.00,0.00,,,,0,,0.0,0.0,0,1,0.0,0,0,0,1,0.0,0,0,,0,0,,0.0,0.0,0,0,0,0,1,0,0,0,0,0,0,0,0,0,0,0,0,0.00,0,0,0,0,0,0,0.00,0,0,0,0,0,0,0,0,0,0,0,,0,0,0,0,0,0,2,0,0,0,,0,,0,0,0,0,1,1,0.0,,0,1,1,3,1.00,0,1,-1,-90.00,-90.27,0.0,0.1,-0.1,-7.18,-7.18,0,0,0,0,0,0,1,33.3
785,Harry Toffolo,eng ENG,DF,Charlotte,30-050,1995,2,1,56,0.6,0,0,0,0,0,0,0,0,0.0,0.0,0.0,0.0,1,1,3,0.00,0.00,0.00,0.00,0.00,0.00,0.00,0.00,0.00,0.00,Matches,0,0,,0.00,0.00,,,,0,,0.0,0.0,27,34,79.4,488,150,9,9,100.0,14,16,87.5,3,6,50.0,0.0,0.0,0,2,0,0,22,12,0,0,2,9,0,0,0,0,0,2,0,0.00,0,0,0,0,0,0,0.00,0,0,0,0,0,1,1,0,1,0,0,,0,1,0,1,0,0,37,0,0,0,0.0,1,100.0,20,0,1,0,20,28,1.9,44,0,1,12,0,3.00,1,0,+1,+1.61,+1.42,0.5,0.4,+0.1,+0.20,+0.30,0,1,0,0,0,1,0,
214,Hassani Dotson,us USA,MF,Minnesota Utd,28-063,1997,7,5,390,4.3,1,0,1,1,0,0,2,0,0.1,0.1,1.0,1.0,2,13,10,0.23,0.00,0.23,0.23,0.23,0.02,0.22,0.24,0.02,0.24,Matches,2,2,100.0,0.46,0.46,0.50,0.50,20.3,0,0.05,+0.9,+0.9,107,142,75.4,1568,489,59,70,84.3,37,47,78.7,6,10,60.0,0.5,-1.0,6,12,2,1,139,2,2,0,3,0,0,0,0,0,1,4,8,1.85,7,0,1,0,0,0,0.00,0,0,0,0,0,6,5,3,2,1,1,33.3,2,3,4,10,8,0,181,9,3,3,60.0,2,40.0,72,1,8,2,97,56,13.1,75,2,2,9,0,1.71,6,4,+2,+0.46,-0.10,7.1,3.4,+3.7,+0.85,+0.94,0,4,0,0,0,22,3,42.9
,Heine Bruseth,,,,,,,,,,,,,,,,,,,,,,,,,,,,,,,,,,,,,,,,,,,,,,,,,,,,,,,,,,,,,,,,,,,,,,,,,,,,,,,,,,,,,,,,,,,,,,,,,,,,,,,,,,,,,,,,,,,,,,,,,,0,0,,9,,,,,,,,,,,,,,,,,,,
767,Hennadii Synchuk,ua UKR,"MF,FW",CF Montréal,19-090,2006,13,9,709,7.9,1,0,1,1,0,0,2,0,1.1,1.1,1.3,2.4,40,33,85,0.13,0.00,0.13,0.13,0.13,0.14,0.16,0.30,0.14,0.30,Matches,23,5,21.7,2.92,0.63,0.04,0.20,20.1,2,0.05,-0.1,-0.1,227,318,71.4,3686,1162,122,141,86.5,87,119,73.1,16,39,41.0,1.6,-1.3,10,26,14,4,286,29,5,3,39,4,14,12,1,0,3,11,30,3.81,15,4,4,2,2,0,0.00,0,0,0,0,0,19,13,8,6,5,10,45.5,12,8,3,22,5,0,424,4,28,28,58.3,16,33.3,290,16,23,14,309,55,23.9,67,1,4,26,0,0.85,7,9,-2,-0.25,+0.58,9.9,10.4,-0.5,-0.06,+0.25,0,12,0,0,0,38,4,23.5
411,Henry Kessler,us USA,DF,St. Louis,27-105,1998,17,15,1374,15.3,0,1,1,0,0,0,2,0,0.3,0.3,0.5,0.8,5,31,2,0.00,0.07,0.07,0.00,0.07,0.02,0.03,0.05,0.02,0.05,Matches,6,1,16.7,0.39,0.07,0.00,0.00,10.9,0,0.05,-0.3,-0.3,669,735,91.0,13459,4722,182,193,94.3,409,425,96.2,70,98,71.4,0.5,+0.5,4,29,1,0,703,31,1,0,1,6,0,0,0,0,1,3,12,0.79,9,0,0,2,0,1,0.07,1,0,0,0,0,21,14,18,1,2,12,85.7,2,3,10,31,104,1,931,161,21,3,75.0,1,25.0,508,0,6,0,578,81,46.3,88,14,2,29,2,1.12,18,18,0,0.00,+0.79,24.5,20.7,+3.8,+0.25,+0.90,0,11,0,0,1,73,28,48.3
849,Henry Wingo,us USA,DF,Toronto FC,30-004,1995,6,5,278,3.1,0,0,0,0,0,0,0,0,0.0,0.0,0.1,0.1,4,6,6,0.00,0.00,0.00,0.00,0.00,0.00,0.05,0.05,0.00,0.05,Matches,0,0,,0.00,0.00,,,,0,,0.0,0.0,135,165,81.8,2536,915,53,57,93.0,68,79,86.1,12,24,50.0,0.0,-0.1,1,22,0,0,147,17,0,1,4,14,0,0,0,0,1,1,4,1.29,4,0,0,0,0,0,0.00,0,0,0,0,0,4,3,1,3,0,2,50.0,2,2,2,6,13,1,194,11,0,1,25.0,3,75.0,103,0,3,2,133,46,9.7,53,0,1,11,1,0.83,2,6,-4,-1.29,-1.19,2.8,4.3,-1.5,-0.48,-0.07,0,5,0,1,0,10,4,50.0
450,Hernán López Muñoz,ar ARG,"MF,FW",SJ Earthquakes,25-031,2000,5,4,252,2.8,0,0,0,0,0,0,2,1,0.3,0.3,0.4,0.7,10,10,17,0.00,0.00,0.00,0.00,0.00,0.12,0.14,0.27,0.12,0.27,Matches,8,3,37.5,2.86,1.07,0.00,0.00,25.3,0,0.04,-0.3,-0.3,48,85,56.5,882,376,25,36,69.4,17,27,63.0,5,18,27.8,0.3,-0.4,4,9,4,3,67,16,2,2,17,2,10,4,5,0,2,1,13,4.64,7,1,1,2,1,1,0.36,1,0,0,0,0,3,3,3,0,0,0,0.0,2,3,3,6,3,0,135,2,5,8,53.3,7,46.7,84,2,11,11,94,50,8.5,60,0,1,12,2,1.60,3,4,-1,-0.36,-0.26,4.5,4.8,-0.3,-0.10,-0.25,1,8,0,0,0,9,1,50.0
455,Hirving Lozano,mx MEX,FW,San Diego FC,30-070,1995,27,22,1824,20.3,9,8,17,7,2,2,5,0,10.0,8.5,4.5,12.9,75,78,236,0.44,0.39,0.84,0.35,0.74,0.49,0.22,0.72,0.42,0.64,Matches,89,25,28.1,4.39,1.23,0.08,0.28,20.5,5,0.10,-1.0,-1.5,522,747,69.9,8441,2639,281,340,82.6,170,222,76.6,54,127,42.5,4.8,+3.5,36,37,43,10,642,99,6,5,102,16,56,34,6,0,6,29,92,4.54,45,20,11,9,2,15,0.74,12,0,1,0,2,26,15,9,7,10,7,36.8,12,18,7,33,3,0,1052,5,100,40,44.9,41,46.1,679,36,62,39,813,68,61.4,76,6,5,30,0,1.74,29,22,+7,+0.35,-0.60,30.0,26.8,+3.2,+0.16,-0.04,0,37,0,0,0,53,11,57.9
412,Hosei Kijima,jp JPN,"MF,FW",D.C. United,23-099,2002,29,20,1593,17.7,2,0,2,2,0,0,0,0,1.0,1.0,1.3,2.3,32,59,71,0.11,0.00,0.11,0.11,0.11,0.06,0.07,0.13,0.06,0.13,Matches,13,4,30.8,0.73,0.23,0.15,0.50,16.8,0,0.08,+1.0,+1.0,472,582,81.1,6943,1925,277,319,86.8,162,190,85.3,18,34,52.9,1.3,-1.3,16,50,14,1,576,3,4,2,6,1,0,0,0,0,3,17,36,2.04,31,0,4,1,0,0,0.00,0,0,0,0,0,29,16,14,10,5,17,48.6,18,29,15,44,21,3,793,19,34,28,49.1,27,47.4,472,6,33,26,524,55,53.6,71,4,9,20,2,0.79,16,36,-20,-1.13,-0.08,19.3,27.7,-8.4,-0.48,-0.10,0,18,0,0,0,84,4,16.7
183,Hugo Cuypers,be BEL,FW,Chicago Fire,28-243,1997,32,32,2711,30.1,17,1,18,14,3,4,0,0,19.3,16.1,3.6,19.7,31,48,148,0.56,0.03,0.60,0.46,0.50,0.64,0.12,0.76,0.54,0.65,Matches,77,38,49.4,2.56,1.26,0.18,0.37,11.9,0,0.21,-2.3,-2.1,383,537,71.3,5522,1076,223,277,80.5,126,172,73.3,20,36,55.6,2.8,-2.6,33,26,14,1,506,29,2,0,9,1,0,0,0,0,2,19,71,2.36,48,0,6,5,0,5,0.17,2,0,2,1,0,43,31,11,23,9,16,38.1,26,33,19,62,35,0,900,37,135,12,31.6,23,60.5,448,17,79,22,572,85,91.3,85,18,0,,0,1.53,57,51,+6,+0.20,-0.50,49.0,45.6,+3.3,+0.11,+1.31,0,31,1,0,0,67,45,38.1
441,Hugo Lloris,fr FRA,GK,LAFC,38-286,1986,29,29,2565,28.5,0,0,0,0,0,0,1,0,0.0,0.0,0.0,0.0,0,0,0,0.00,0.00,0.00,0.00,0.00,0.00,0.00,0.00,0.00,0.00,Matches,0,0,,0.00,0.00,,,,0,,0.0,0.0,567,793,71.5,16134,11581,102,103,99.0,257,260,98.8,208,425,48.9,0.0,0.0,0,12,0,0,563,225,0,3,0,0,0,0,0,0,5,0,8,0.28,5,3,0,0,0,1,0.04,0,1,0,0,0,1,0,1,0,0,1,100.0,0,0,0,1,11,2,840,693,0,0,,0,,479,0,0,0,370,88,91.9,88,28,0,,0,1.93,58,31,+27,+0.95,+2.15,52.0,28.9,+23.1,+0.81,+0.82,0,1,0,1,0,34,4,57.1
613,Hugo Picard,fr FRA,"MF,FW",Columbus Crew,22-152,2003,7,4,414,4.6,0,0,0,0,0,0,1,0,0.3,0.3,0.6,0.9,7,30,29,0.00,0.00,0.00,0.00,0.00,0.06,0.14,0.19,0.06,0.19,Matches,3,1,33.3,0.65,0.22,0.00,0.00,17.4,0,0.09,-0.3,-0.3,127,153,83.0,1858,406,66,77,85.7,51,58,87.9,5,7,71.4,1.0,-0.6,9,14,8,0,148,4,1,0,3,1,1,0,1,0,1,4,16,3.48,15,0,1,0,0,1,0.22,1,0,0,0,0,12,4,5,4,3,4,50.0,4,1,1,13,2,0,198,2,14,6,46.2,6,46.2,126,3,10,8,149,59,13.9,85,3,3,25,1,1.00,4,9,-5,-1.09,-1.33,6.5,8.7,-2.2,-0.47,-0.71,0,7,0,0,0,16,1,14.3
188,Héctor David Martínez,py PAR,DF,Inter Miami,27-260,1998,9,3,382,4.2,1,0,1,1,0,0,3,0,0.2,0.2,0.7,0.9,3,18,2,0.24,0.00,0.24,0.24,0.24,0.05,0.16,0.21,0.05,0.21,Matches,3,1,33.3,0.71,0.24,0.33,1.00,8.2,0,0.08,+0.8,+0.8,258,308,83.8,5142,1657,105,109,96.3,107,116,92.2,40,63,63.5,0.3,-0.7,4,16,2,0,290,15,1,14,0,7,0,0,0,0,3,8,3,0.71,3,0,0,0,0,1,0.24,1,0,0,0,0,15,6,10,3,2,8,66.7,4,2,2,17,28,0,370,47,6,0,,0,,221,0,3,0,259,42,13.3,90,2,6,19,7,2.44,14,8,+6,+1.41,+0.95,7.6,6.9,+0.7,+0.16,-0.39,0,7,0,0,0,19,5,71.4
275,Ian Fray,jm JAM,DF,Inter Miami,23-038,2002,20,13,1203,13.4,1,1,2,1,0,0,3,1,0.6,0.6,2.0,2.6,32,26,54,0.07,0.07,0.15,0.07,0.15,0.04,0.15,0.19,0.04,0.19,Matches,10,5,50.0,0.75,0.37,0.10,0.20,12.9,0,0.06,+0.4,+0.4,561,645,87.0,9009,2646,277,299,92.6,238,267,89.1,32,49,65.3,2.2,-1.0,9,23,8,6,551,92,0,3,14,73,1,0,0,0,2,13,19,1.42,15,0,1,3,0,3,0.22,3,0,0,0,0,37,24,28,9,0,27,73.0,10,18,14,51,20,2,822,41,27,19,45.2,19,45.2,438,9,32,10,486,60,41.8,74,3,7,34,6,1.60,33,24,+9,+0.67,+0.14,26.6,20.1,+6.5,+0.49,-0.02,0,21,0,0,0,80,12,52.2
304,Ian Glavinovich,ar ARG,DF,Philadelphia Union,23-346,2001,4,3,257,2.9,1,0,1,1,0,0,1,0,0.2,0.2,0.0,0.2,1,12,0,0.35,0.00,0.35,0.35,0.35,0.08,0.00,0.08,0.08,0.08,Matches,5,1,20.0,1.75,0.35,0.20,1.00,14.6,0,0.05,+0.8,+0.8,87,106,82.1,1682,846,28,34,82.4,48,51,94.1,10,17,58.8,0.0,0.0,0,15,1,0,94,12,0,0,1,0,0,0,0,0,0,1,1,0.35,1,0,0,0,0,0,0.00,0,0,0,0,0,3,2,2,1,0,0,0.0,1,3,5,8,18,0,149,13,7,0,0.0,2,100.0,63,0,2,1,62,64,8.7,83,2,1,7,1,1.75,2,2,0,0.00,-0.80,5.0,2.8,+2.2,+0.76,+0.25,0,3,0,0,0,19,10,83.3
335,Ian Harkes,us USA,MF,SJ Earthquakes,30-192,1995,29,26,2139,23.8,3,2,5,3,0,0,7,1,1.6,1.6,3.6,5.2,21,109,48,0.13,0.08,0.21,0.13,0.21,0.07,0.15,0.22,0.07,0.22,Matches,32,10,31.3,1.35,0.42,0.09,0.30,22.3,0,0.05,+1.4,+1.4,866,1037,83.5,13957,3893,420,470,89.4,360,409,88.0,55,86,64.0,3.0,-1.6,25,83,32,6,999,36,3,4,13,7,1,0,0,0,2,23,69,2.90,62,0,0,2,1,5,0.21,5,0,0,0,0,29,13,7,17,5,21,50.0,21,26,23,52,35,1,1300,45,32,5,27.8,10,55.6,714,4,40,22,868,74,72.0,79,10,3,31,2,1.17,41,46,-5,-0.21,-0.32,38.9,45.0,-6.0,-0.25,-1.35,1,37,0,1,0,105,24,52.2
383,Ian James,us USA,DF,Sporting KC,17-124,2008,8,5,491,5.5,0,0,0,0,0,0,1,0,0.1,0.1,0.0,0.1,5,11,1,0.00,0.00,0.00,0.00,0.00,0.02,0.00,0.02,0.02,0.02,Matches,1,0,0.0,0.18,0.00,0.00,,8.0,0,0.12,-0.1,-0.1,212,243,87.2,4004,1271,76,82,92.7,106,118,89.8,24,32,75.0,0.0,0.0,0,7,0,0,240,2,0,0,1,0,0,0,0,0,1,1,1,0.18,1,0,0,0,0,0,0.00,0,0,0,0,0,8,5,5,3,0,4,44.4,5,1,4,12,29,0,298,27,2,2,100.0,0,0.0,180,0,2,0,208,61,16.5,84,4,3,24,9,1.25,4,14,-10,-1.83,-1.32,5.7,15.2,-9.5,-1.74,-1.04,0,5,0,1,0,16,4,40.0
533,Ian Murphy,us USA,DF,Colorado Rapids,25-265,2000,16,12,1048,11.6,0,0,0,0,0,0,1,0,0.0,0.0,0.0,0.0,7,31,11,0.00,0.00,0.00,0.00,0.00,0.00,0.00,0.00,0.00,0.00,Matches,0,0,,0.00,0.00,,,,0,,0.0,0.0,410,497,82.5,6600,2470,197,221,89.1,186,212,87.7,18,42,42.9,0.2,0.0,1,23,5,0,456,40,0,0,4,31,0,0,0,0,1,9,6,0.52,5,1,0,0,0,1,0.09,1,0,0,0,0,11,7,8,3,0,6,54.5,5,3,10,21,40,0,596,64,2,3,50.0,3,50.0,321,0,9,2,367,66,35.3,82,8,4,16,16,1.38,12,17,-5,-0.43,-0.10,13.9,21.7,-7.9,-0.67,-0.77,0,10,0,0,0,48,20,54.1
618,Ian Pilcher,us USA,DF,San Diego FC,22-201,2003,17,8,921,10.2,1,1,2,1,0,0,3,0,0.2,0.2,0.1,0.3,6,45,4,0.10,0.10,0.20,0.10,0.20,0.02,0.01,0.03,0.02,0.03,Matches,3,1,33.3,0.29,0.10,0.33,1.00,10.3,0,0.08,+0.8,+0.8,770,830,92.8,12752,4612,353,370,95.4,381,403,94.5,32,46,69.6,0.2,+0.9,4,42,2,1,785,43,0,1,3,15,0,0,0,0,2,4,5,0.49,5,0,0,0,0,1,0.10,1,0,0,0,0,9,5,5,3,1,3,37.5,5,9,11,20,54,0,926,78,5,2,50.0,2,50.0,586,0,3,1,680,54,31.0,84,6,9,27,14,1.94,25,16,+9,+0.88,+0.44,18.2,16.6,+1.6,+0.16,-0.02,0,10,0,0,0,37,21,77.8
741,Ian Smith,us USA,"DF,MF",Portland Timbers,23-084,2002,19,10,972,10.8,1,1,2,1,0,0,4,0,0.7,0.7,0.2,0.9,15,35,50,0.09,0.09,0.19,0.09,0.19,0.07,0.02,0.09,0.07,0.09,Matches,10,3,30.0,0.93,0.28,0.10,0.33,14.6,0,0.07,+0.3,+0.3,470,567,82.9,7737,2470,236,253,93.3,205,239,85.8,23,52,44.2,0.5,+0.8,4,29,4,1,488,76,0,0,26,58,9,8,1,0,3,11,17,1.58,11,3,0,1,1,2,0.19,0,1,0,1,0,17,9,9,3,5,8,57.1,6,9,5,22,35,0,681,45,22,7,46.7,7,46.7,376,3,12,5,447,51,32.7,78,5,9,22,8,1.21,10,17,-7,-0.65,-0.83,10.5,18.0,-7.5,-0.69,-0.61,0,10,0,0,1,28,23,57.5
473,Idan Markovich,il ISR,FW,Charlotte,21-060,2004,29,18,1721,19.1,11,3,14,10,1,1,4,0,9.4,8.6,2.3,11.0,19,19,92,0.58,0.16,0.73,0.52,0.68,0.49,0.12,0.61,0.45,0.57,Matches,39,18,46.2,2.04,0.94,0.26,0.56,10.8,0,0.22,+1.6,+1.4,269,339,79.4,3514,443,184,215,85.6,73,89,82.0,3,5,60.0,1.6,+0.7,19,8,7,0,312,27,3,0,1,1,0,0,0,0,0,9,41,2.14,30,0,5,2,1,7,0.37,5,0,1,1,0,19,11,3,11,5,5,62.5,3,17,1,20,22,1,555,20,87,20,40.8,27,55.1,311,13,54,27,389,59,57.9,85,7,11,17,0,1.72,34,21,+13,+0.68,+1.11,26.9,26.8,+0.1,+0.01,+0.22,0,30,0,1,0,33,49,45.8
284,Ignatius Ganago,cm CMR,"FW,MF",NE Revolution,26-234,1999,20,19,1574,17.5,3,2,5,3,0,0,1,0,6.1,6.1,1.8,8.0,28,21,113,0.17,0.11,0.29,0.17,0.29,0.35,0.11,0.46,0.35,0.46,Matches,39,15,38.5,2.23,0.86,0.08,0.20,12.9,0,0.16,-3.1,-3.1,253,359,70.5,3580,581,129,168,76.8,92,120,76.7,11,24,45.8,1.4,+0.2,11,14,6,0,350,7,1,1,11,2,1,0,0,0,2,14,28,1.60,20,0,0,4,1,6,0.34,4,0,0,2,0,17,15,5,9,3,7,36.8,12,8,4,21,20,0,539,17,90,10,33.3,13,43.3,325,16,38,19,392,79,53.0,81,9,1,28,0,1.45,23,19,+4,+0.23,+0.94,24.1,24.7,-0.6,-0.03,+0.39,0,19,2,0,0,54,42,39.6
370,Igor,br BRA,MF,LAFC,22-215,2003,24,22,1855,20.6,0,1,1,0,0,0,4,1,1.3,1.3,0.8,2.1,13,74,13,0.00,0.05,0.05,0.00,0.05,0.06,0.04,0.10,0.06,0.10,Matches,15,2,13.3,0.73,0.10,0.00,0.00,25.5,0,0.08,-1.3,-1.3,1089,1201,90.7,18573,4952,514,544,94.5,493,533,92.5,68,87,78.2,1.3,+0.2,9,100,10,0,1164,34,3,3,2,2,0,0,0,0,3,10,32,1.55,27,0,0,1,1,3,0.15,2,0,0,0,1,47,24,10,27,10,25,59.5,17,20,28,75,28,1,1401,61,5,16,59.3,11,40.7,822,1,26,23,1020,77,66.5,82,15,2,30,0,1.71,40,28,+12,+0.58,-0.57,36.8,22.1,+14.7,+0.71,-0.10,1,16,0,0,0,125,10,50.0
255,Ilay Feingold,il ISR,DF,NE Revolution,21-046,2004,28,25,2154,23.9,3,3,6,3,0,0,3,0,1.8,1.8,2.9,4.8,62,56,146,0.13,0.13,0.25,0.13,0.25,0.08,0.12,0.20,0.08,0.20,Matches,14,6,42.9,0.58,0.25,0.21,0.50,14.6,0,0.13,+1.2,+1.2,1013,1241,81.6,16192,4521,527,567,92.9,379,458,82.8,70,135,51.9,3.5,+0.1,18,36,25,18,1054,183,0,3,106,151,3,0,0,0,4,29,44,1.84,34,2,5,3,0,5,0.21,5,0,0,0,0,30,21,15,11,4,21,60.0,14,16,18,48,58,1,1479,87,45,23,50.0,20,43.5,853,17,30,15,980,77,72.5,84,12,3,20,0,1.11,30,30,0,0.00,+0.77,28.1,35.1,-7.0,-0.29,-0.27,0,18,0,0,0,93,12,48.0
700,Ilie Sánchez,es ESP,MF,Austin,34-321,1990,25,19,1565,17.4,1,0,1,1,0,0,5,0,1.1,1.1,0.4,1.5,10,84,14,0.06,0.00,0.06,0.06,0.06,0.07,0.02,0.09,0.07,0.09,Matches,13,3,23.1,0.75,0.17,0.08,0.33,21.1,0,0.09,-0.1,-0.1,798,918,86.9,13910,4142,338,374,90.4,381,419,90.9,62,98,63.3,0.6,-0.4,8,88,6,1,890,26,1,2,2,0,0,0,0,0,2,5,20,1.15,16,2,0,0,0,2,0.12,0,1,0,0,0,30,15,13,13,4,12,38.7,19,12,18,48,31,0,1066,59,6,5,71.4,2,28.6,506,0,13,3,707,63,54.3,76,5,6,20,4,1.60,18,16,+2,+0.12,+0.80,21.6,18.6,+3.0,+0.17,+0.76,0,18,0,0,1,61,18,50.0
814,Indiana Vassilev,us USA,MF,Philadelphia Union,24-234,2001,30,21,1919,21.3,5,2,7,5,0,0,2,0,2.8,2.8,2.2,5.0,46,72,101,0.23,0.09,0.33,0.23,0.33,0.13,0.10,0.23,0.13,0.23,Matches,31,12,38.7,1.45,0.56,0.16,0.42,19.8,0,0.09,+2.2,+2.2,507,668,75.9,7329,2104,281,324,86.7,175,222,78.8,23,54,42.6,2.9,-0.2,20,61,21,5,645,22,2,1,45,4,4,3,1,0,1,27,66,3.09,53,1,1,6,1,6,0.28,6,0,0,0,0,23,15,8,15,0,13,48.1,14,13,15,38,7,0,839,8,44,18,40.0,26,57.8,518,13,28,22,591,64,64.6,81,6,9,24,0,2.00,37,19,+18,+0.84,+0.33,34.0,24.0,+10.0,+0.47,-0.18,0,19,0,0,0,103,9,45.0
207,Innocent Dje,ci CIV,MF,Chicago Fire,22-156,2003,20,10,1079,12.0,2,1,3,2,0,0,4,1,0.3,0.3,0.9,1.2,13,59,9,0.17,0.08,0.25,0.17,0.25,0.03,0.07,0.10,0.03,0.10,Matches,4,2,50.0,0.33,0.17,0.50,1.00,12.8,0,0.08,+1.7,+1.7,645,709,91.0,10837,3206,304,317,95.9,277,301,92.0,52,68,76.5,0.4,+0.1,5,61,4,0,694,15,2,0,1,1,0,0,0,0,0,6,15,1.25,12,0,0,1,1,2,0.17,2,0,0,0,0,28,17,13,12,3,9,42.9,12,7,27,55,20,2,837,47,6,10,47.6,8,38.1,483,1,19,9,606,54,36.3,80,4,10,28,5,1.60,27,23,+4,+0.33,+0.14,20.1,20.2,-0.1,-0.01,0.00,1,26,0,1,0,65,5,41.7
,Isaac Boehmer,,,,,,,,,,,,,,,,,,,,,,,,,,,,,,,,,,,,,,,,,,,,,,,,,,,,,,,,,,,,,,,,,,,,,,,,,,,,,,,,,,,,,,,,,,,,,,,,,,,,,,,,,,,,,,,,,,,,,,,,,,0,0,,31,,,,,,,,,,,,,,,,,,,
,Isaiah LeFlore,,,,,,,,,,,,,,,,,,,,,,,,,,,,,,,,,,,,,,,,,,,,,,,,,,,,,,,,,,,,,,,,,,,,,,,,,,,,,,,,,,,,,,,,,,,,,,,,,,,,,,,,,,,,,,,,,,,,,,,,,,0,0,,4,,,,,,,,,,,,,,,,,,,
594,Isaiah Parente,us USA,MF,LA Galaxy,25-206,2000,24,9,1049,11.7,0,1,1,0,0,0,6,1,0.2,0.2,0.6,0.8,12,75,12,0.00,0.09,0.09,0.00,0.09,0.02,0.05,0.07,0.02,0.07,Matches,7,1,14.3,0.60,0.09,0.00,0.00,22.7,0,0.03,-0.2,-0.2,686,780,87.9,11916,2922,324,342,94.7,274,308,89.0,67,97,69.1,1.0,+0.4,12,90,5,1,751,27,1,13,13,3,6,4,2,0,2,5,26,2.23,23,1,1,1,0,1,0.09,1,0,0,0,0,20,12,8,11,1,10,47.6,11,7,11,31,8,1,875,27,5,5,55.6,4,44.4,481,0,10,9,647,44,36.4,79,5,15,22,6,0.71,17,21,-4,-0.34,+0.54,14.4,22.1,-7.7,-0.66,-0.42,1,11,0,0,0,68,9,45.0
773,Iuri Tavares,cv CPV,"MF,FW",Charlotte,24-214,2001,5,0,24,0.3,0,0,0,0,0,0,0,0,0.1,0.1,0.0,0.1,0,2,0,0.00,0.00,0.00,0.00,0.00,0.28,0.00,0.28,0.28,0.28,Matches,1,0,0.0,3.75,0.00,0.00,,15.0,0,0.07,-0.1,-0.1,8,12,66.7,102,12,6,8,75.0,2,4,50.0,0,0,,0.0,0.0,0,0,1,0,12,0,0,0,1,0,0,0,0,0,0,0,0,0.00,0,0,0,0,0,0,0.00,0,0,0,0,0,1,0,0,0,1,0,,0,3,1,2,0,0,19,0,1,1,50.0,1,50.0,12,0,2,0,13,5,0.8,,0,5,5,13,1.80,0,0,0,0.00,-0.21,0.7,1.0,-0.3,-1.21,-1.13,0,2,0,0,0,1,2,40.0
382,Ivan Jaime Pajuelo,es ESP,"FW,MF",CF Montréal,25-012,2000,5,3,287,3.2,0,1,1,0,0,0,1,0,1.4,1.4,1.0,2.4,26,23,31,0.00,0.31,0.31,0.00,0.31,0.43,0.33,0.75,0.43,0.75,Matches,13,3,23.1,4.08,0.94,0.00,0.00,15.6,0,0.10,-1.4,-1.4,88,113,77.9,1494,549,47,52,90.4,34,39,87.2,6,13,46.2,1.9,0.0,13,12,10,0,99,13,7,1,9,2,10,7,0,0,1,4,24,7.55,15,3,3,1,0,1,0.31,1,0,0,0,0,5,2,3,2,0,1,50.0,1,8,0,5,1,0,167,2,21,12,60.0,7,35.0,115,7,9,8,113,57,9.7,75,1,2,31,0,1.00,4,5,-1,-0.31,+0.42,6.9,4.3,+2.5,+0.80,+1.17,0,5,0,0,0,19,0,
32,Iván Angulo,co COL,"MF,FW",Orlando City,26-200,1999,31,28,2153,23.9,0,4,4,0,0,0,3,0,2.7,2.7,3.9,6.6,79,107,204,0.00,0.17,0.17,0.00,0.17,0.11,0.16,0.27,0.11,0.27,Matches,31,9,29.0,1.30,0.38,0.00,0.00,16.9,0,0.09,-2.7,-2.7,646,784,82.4,9465,2858,368,415,88.7,231,279,82.8,28,44,63.6,4.1,+0.1,34,46,50,5,759,23,5,2,27,19,0,0,0,0,2,13,72,3.01,62,0,4,4,2,7,0.29,6,0,1,0,0,50,28,23,18,9,17,47.2,19,21,18,68,15,1,1043,27,89,30,38.0,47,59.5,659,47,38,26,732,69,74.8,74,3,3,26,1,1.71,48,29,+19,+0.79,+1.29,42.0,29.7,+12.3,+0.51,+0.50,0,19,0,0,0,108,2,16.7
466,J.T. Marcinkowski,us USA,GK,LA Galaxy,28-152,1997,3,3,270,3.0,0,0,0,0,0,0,0,0,0.0,0.0,0.0,0.0,0,0,0,0.00,0.00,0.00,0.00,0.00,0.00,0.00,0.00,0.00,0.00,Matches,0,0,,0.00,0.00,,,,0,,0.0,0.0,88,114,77.2,1841,1268,26,26,100.0,47,47,100.0,14,38,36.8,0.0,0.0,0,1,0,0,94,18,0,0,0,0,0,0,0,0,2,0,1,0.33,1,0,0,0,0,0,0.00,0,0,0,0,0,0,0,0,0,0,0,,0,0,0,0,1,0,117,107,0,0,,0,,72,0,0,0,67,90,9.4,90,3,0,,7,1.33,5,3,+2,+0.67,+1.49,4.1,3.2,+1.0,+0.32,+0.79,0,0,0,0,0,8,2,66.7
,JT Harms,,,,,,,,,,,,,,,,,,,,,,,,,,,,,,,,,,,,,,,,,,,,,,,,,,,,,,,,,,,,,,,,,,,,,,,,,,,,,,,,,,,,,,,,,,,,,,,,,,,,,,,,,,,,,,,,,,,,,,,,,,0,0,,1,,,,,,,,,,,,,,,,,,,
687,Jacen Russell-Rowe,ca CAN,FW,Columbus Crew,23-025,2002,30,18,1666,18.5,7,1,8,7,0,0,3,0,6.0,6.0,2.5,8.5,22,49,142,0.38,0.05,0.43,0.38,0.43,0.32,0.14,0.46,0.32,0.46,Matches,46,20,43.5,2.48,1.08,0.15,0.35,16.0,0,0.13,+1.0,+1.0,369,499,73.9,5007,954,213,268,79.5,103,133,77.4,19,27,70.4,2.0,-1.5,22,28,15,2,471,27,6,0,8,0,0,0,0,0,1,21,42,2.27,35,0,2,0,2,2,0.11,2,0,0,0,0,9,2,1,7,1,3,27.3,8,9,5,14,7,0,696,8,95,12,34.3,23,65.7,422,9,58,23,538,56,56.1,77,5,12,24,3,1.53,32,24,+8,+0.43,+0.85,32.6,24.1,+8.4,+0.46,+0.71,0,25,0,0,0,40,23,50.0
233,Jack Elliott,eng ENG,DF,Chicago Fire,30-044,1995,32,32,2848,31.6,3,3,6,3,0,0,6,0,2.1,2.1,1.2,3.3,11,86,7,0.09,0.09,0.19,0.09,0.19,0.07,0.04,0.11,0.07,0.11,Matches,27,10,37.0,0.85,0.32,0.11,0.30,15.5,4,0.08,+0.9,+0.9,1597,1838,86.9,32071,13819,532,563,94.5,839,892,94.1,216,354,61.0,1.0,+1.8,8,83,5,1,1687,147,0,23,1,10,0,0,0,0,4,9,22,0.70,18,0,0,0,1,5,0.16,2,0,0,0,0,40,27,28,11,1,24,61.5,15,14,33,73,208,6,2218,489,50,6,85.7,0,0.0,1127,0,9,6,1429,89,95.9,89,31,0,,0,1.63,63,55,+8,+0.25,+0.25,51.1,51.5,-0.4,-0.01,-0.24,0,29,0,1,1,126,74,60.2
462,Jack Maher,us USA,DF,Nashville SC,25-345,1999,29,28,2482,27.6,0,0,0,0,0,0,3,0,0.6,0.6,0.0,0.6,5,59,5,0.00,0.00,0.00,0.00,0.00,0.02,0.00,0.02,0.02,0.02,Matches,11,3,27.3,0.40,0.11,0.00,0.00,10.6,0,0.06,-0.6,-0.6,1594,1732,92.0,31247,9728,498,515,96.7,934,982,95.1,153,213,71.8,0.3,0.0,1,66,0,0,1666,62,0,10,0,3,0,0,0,0,4,4,12,0.44,11,1,0,0,0,2,0.07,1,1,0,0,0,13,9,7,5,1,4,44.4,5,4,18,31,147,0,1966,307,18,1,100.0,0,0.0,1175,0,3,1,1461,86,83.6,88,26,1,18,4,1.66,46,33,+13,+0.47,-0.08,46.6,32.2,+14.4,+0.52,-0.37,0,20,0,0,0,65,48,60.8
487,Jack McGlynn,us USA,"FW,MF",Houston Dynamo,22-093,2003,26,26,2308,25.6,6,6,12,4,2,2,2,0,4.2,2.6,7.1,9.7,53,246,115,0.23,0.23,0.47,0.16,0.39,0.16,0.28,0.44,0.10,0.38,Matches,56,21,37.5,2.18,0.82,0.07,0.19,25.0,4,0.05,+1.8,+1.4,1397,1764,79.2,26296,9924,618,663,93.2,533,642,83.0,211,383,55.1,9.0,-1.1,84,176,65,25,1492,262,9,29,241,25,128,71,52,0,10,24,154,6.01,89,55,3,3,0,14,0.55,5,7,0,0,0,29,19,11,15,3,15,50.0,15,9,9,38,18,2,1924,17,37,14,56.0,9,36.0,1120,11,24,20,1403,89,77.7,89,18,0,,0,1.08,32,41,-9,-0.35,+0.19,31.0,37.5,-6.5,-0.25,-0.44,0,23,0,0,0,98,6,42.9
548,Jack Neeley,us USA,DF,Charlotte,20-211,2005,1,0,3,0.0,0,0,0,0,0,0,0,0,0.0,0.0,0.0,0.0,0,0,0,0.00,0.00,0.00,0.00,0.00,0.00,0.00,0.00,0.00,0.00,Matches,0,0,,0.00,0.00,,,,0,,0.0,0.0,2,3,66.7,53,52,0,0,,2,2,100.0,0,0,,0.0,0.0,0,0,0,0,1,2,0,0,0,2,0,0,0,0,0,1,0,0.00,0,0,0,0,0,0,0.00,0,0,0,0,0,1,1,1,0,0,0,,0,0,0,1,0,0,4,0,0,0,,0,,1,0,0,0,1,3,0.1,,0,1,3,5,3.00,0,0,0,0.00,-0.21,0.1,0.1,+0.1,+2.28,+2.37,0,0,0,0,0,0,0,
,Jack Panayotou,,,,,,,,,,,,,,,,,,,,,,,,,,,,,,,,,,,,,,,,,,,,,,,,,,,,,,,,,,,,,,,,,,,,,,,,,,,,,,,,,,,,,,,,,,,,,,,,,,,,,,,,,,,,,,,,,,,,,,,,,,0,0,,5,,,,,,,,,,,,,,,,,,,
736,Jack Skahan,us USA,MF,SJ Earthquakes,27-243,1998,4,0,41,0.5,0,1,1,0,0,0,0,0,0.2,0.2,0.5,0.8,1,2,1,0.00,2.20,2.20,0.00,2.20,0.53,1.18,1.71,0.53,1.71,Matches,3,0,0.0,6.59,0.00,0.00,,11.5,0,0.08,-0.2,-0.2,14,15,93.3,214,42,7,7,100.0,5,6,83.3,1,1,100.0,0.3,+0.5,1,0,0,0,13,2,0,0,1,2,0,0,0,0,0,0,1,2.20,1,0,0,0,0,1,2.20,1,0,0,0,0,1,0,1,0,0,0,0.0,1,0,0,1,1,0,26,1,4,0,0.0,1,100.0,14,0,2,1,15,10,1.4,,0,4,10,3,0.25,1,1,0,0.00,+0.12,1.9,2.0,-0.1,-0.18,-0.31,0,4,0,0,0,4,1,25.0
146,Jackson Castro,us USA,MF,Vancouver W'caps,22-288,2002,1,0,1,0.0,0,0,0,0,0,0,0,0,0.0,0.0,0.0,0.0,0,1,0,0.00,0.00,0.00,0.00,0.00,0.00,0.00,0.00,0.00,0.00,Matches,0,0,,0.00,0.00,,,,0,,0.0,0.0,2,4,50.0,24,12,1,1,100.0,1,1,100.0,0,2,0.0,0.0,0.0,0,1,0,0,2,2,0,0,2,0,1,1,0,0,0,0,0,0.00,0,0,0,0,0,0,0.00,0,0,0,0,0,0,0,0,0,0,0,,0,0,0,0,0,0,5,0,0,0,0.0,1,100.0,2,0,0,0,3,1,0.0,,0,1,1,3,0.00,0,0,0,0.00,-0.88,0.0,0.0,0.0,0.00,-0.74,0,0,0,0,0,0,0,
362,Jackson Hopkins,us USA,"MF,FW",D.C. United,21-099,2004,16,10,760,8.4,3,0,3,3,0,0,3,0,0.5,0.5,0.3,0.8,8,27,20,0.36,0.00,0.36,0.36,0.36,0.06,0.03,0.09,0.06,0.09,Matches,8,4,50.0,0.95,0.47,0.38,0.75,18.9,0,0.06,+2.5,+2.5,216,256,84.4,3726,1097,105,122,86.1,84,95,88.4,23,30,76.7,0.5,-0.3,7,17,3,1,234,20,1,2,10,2,4,1,1,2,2,1,22,2.61,16,3,1,0,0,0,0.00,0,0,0,0,0,12,8,5,3,4,3,25.0,9,10,3,15,7,0,324,11,9,12,66.7,6,33.3,200,0,12,16,220,48,25.6,67,1,6,15,1,0.56,6,13,-7,-0.83,+0.35,6.7,10.6,-3.9,-0.46,-0.04,0,10,0,0,0,39,1,12.5
636,Jackson Ragen,us USA,DF,Seattle Sounders,27-014,1998,22,19,1736,19.3,1,1,2,1,0,0,6,0,0.7,0.7,0.9,1.7,5,81,3,0.05,0.05,0.10,0.05,0.10,0.04,0.05,0.09,0.04,0.09,Matches,11,6,54.5,0.57,0.31,0.09,0.17,9.0,0,0.07,+0.3,+0.3,1372,1478,92.8,26296,11579,467,489,95.5,738,762,96.9,152,199,76.4,0.9,+0.1,10,108,4,1,1415,62,1,8,2,3,0,0,0,0,1,5,22,1.14,21,0,0,0,0,1,0.05,1,0,0,0,0,23,14,13,7,3,15,83.3,3,13,13,36,90,2,1673,215,26,4,100.0,0,0.0,1044,0,10,2,1236,79,60.3,85,16,3,37,2,1.18,31,32,-1,-0.05,-0.76,33.0,25.9,+7.1,+0.37,-0.11,0,16,0,0,0,80,37,63.8
793,Jackson Travis,us USA,DF,Colorado Rapids,21-227,2004,9,9,675,7.5,0,0,0,0,0,0,2,1,0.1,0.1,0.1,0.1,8,26,21,0.00,0.00,0.00,0.00,0.00,0.01,0.01,0.02,0.01,0.02,Matches,2,1,50.0,0.27,0.13,0.00,0.00,20.0,0,0.03,-0.1,-0.1,258,335,77.0,4130,1222,141,162,87.0,97,125,77.6,18,34,52.9,0.2,-0.1,2,25,1,0,276,58,0,0,11,56,0,0,0,0,1,7,8,1.07,6,2,0,0,0,0,0.00,0,0,0,0,0,14,7,10,4,0,4,33.3,8,11,12,26,19,0,420,19,6,3,27.3,8,72.7,187,1,9,3,196,75,22.7,75,5,0,,6,0.78,6,11,-5,-0.67,-0.39,12.1,12.1,0.0,-0.01,+0.22,0,11,0,0,0,42,9,56.3
864,Jackson Yueill,us USA,MF,NE Revolution,28-203,1997,13,7,656,7.3,0,0,0,0,0,0,1,0,0.1,0.1,0.2,0.3,1,15,15,0.00,0.00,0.00,0.00,0.00,0.01,0.03,0.04,0.01,0.04,Matches,3,0,0.0,0.41,0.00,0.00,,27.7,0,0.02,-0.1,-0.1,367,420,87.4,5971,1494,178,194,91.8,155,167,92.8,23,35,65.7,0.2,-0.2,7,20,1,0,397,23,1,2,12,0,8,6,0,0,0,8,14,1.92,12,1,0,0,1,0,0.00,0,0,0,0,0,8,4,3,5,0,4,50.0,4,5,10,18,8,0,475,19,7,3,75.0,1,25.0,286,0,9,5,330,50,22.1,83,3,6,13,20,0.54,4,14,-10,-1.37,-1.49,5.7,12.8,-7.1,-0.97,-0.97,0,4,0,0,0,29,2,28.6
65,Jacob Bartlett,us USA,MF,Sporting KC,20-001,2005,29,22,1922,21.4,0,1,1,0,0,0,8,0,0.2,0.2,0.9,1.1,6,63,8,0.00,0.05,0.05,0.00,0.05,0.01,0.04,0.05,0.01,0.05,Matches,4,0,0.0,0.19,0.00,0.00,,19.7,0,0.05,-0.2,-0.2,973,1137,85.6,18779,4989,377,402,93.8,437,478,91.4,145,219,66.2,2.1,+0.1,12,93,1,1,1023,110,1,16,42,19,39,19,12,2,4,16,31,1.45,13,16,0,0,1,3,0.14,2,1,0,0,0,34,20,11,20,3,11,45.8,13,13,29,63,46,1,1347,81,8,3,37.5,3,37.5,695,0,14,8,855,66,64.7,80,13,7,23,2,0.90,34,42,-8,-0.37,+1.00,25.8,46.0,-20.2,-0.94,-0.21,0,28,0,1,1,72,5,26.3
,Jacob Castro,,,,,,,,,,,,,,,,,,,,,,,,,,,,,,,,,,,,,,,,,,,,,,,,,,,,,,,,,,,,,,,,,,,,,,,,,,,,,,,,,,,,,,,,,,,,,,,,,,,,,,,,,,,,,,,,,,,,,,,,,,0,0,,8,,,,,,,,,,,,,,,,,,,
381,Jacob Jackson,us USA,GK,FC Dallas,25-166,2000,4,3,342,3.8,0,0,0,0,0,0,1,0,0.0,0.0,0.0,0.0,0,0,0,0.00,0.00,0.00,0.00,0.00,0.00,0.00,0.00,0.00,0.00,Matches,0,0,,0.00,0.00,,,,0,,0.0,0.0,55,123,44.7,2261,1930,7,7,100.0,16,17,94.1,32,97,33.0,0.0,0.0,0,4,0,0,69,53,0,0,0,0,0,0,0,0,1,1,1,0.26,1,0,0,0,0,1,0.26,1,0,0,0,0,0,0,0,0,0,0,,0,0,0,0,3,0,138,114,0,0,,0,,55,0,0,0,36,86,11.9,90,3,1,72,3,2.00,8,4,+4,+1.05,+1.30,7.4,6.7,+0.7,+0.19,+0.25,0,0,0,0,0,5,0,
534,Jacob Murrell,us USA,"FW,MF",D.C. United,21-193,2004,23,7,855,9.5,2,1,3,2,0,0,1,0,2.3,2.3,0.3,2.6,10,13,46,0.21,0.11,0.32,0.21,0.32,0.25,0.03,0.28,0.25,0.28,Matches,16,6,37.5,1.68,0.63,0.13,0.33,12.5,0,0.15,-0.3,-0.3,82,163,50.3,1174,274,51,87,58.6,23,40,57.5,5,16,31.3,0.4,+0.7,6,5,5,3,156,6,0,1,15,3,0,0,0,0,1,8,13,1.37,11,0,0,0,0,1,0.11,1,0,0,0,0,7,4,3,2,2,4,57.1,3,5,2,9,9,0,239,10,29,3,37.5,5,62.5,101,7,18,4,147,37,28.8,68,1,16,24,7,0.83,7,19,-12,-1.26,-0.24,9.7,15.3,-5.6,-0.59,-0.22,0,13,0,0,0,16,18,28.6
724,Jacob Shaffelburg,ca CAN,"MF,FW",Nashville SC,25-316,1999,22,11,1055,11.7,3,2,5,3,0,0,1,0,2.6,2.6,2.9,5.5,27,28,130,0.26,0.17,0.43,0.26,0.43,0.22,0.24,0.47,0.22,0.47,Matches,23,8,34.8,1.96,0.68,0.13,0.38,14.6,0,0.11,+0.4,+0.4,215,329,65.3,3044,1006,132,169,78.1,59,87,67.8,11,22,50.0,2.5,-0.9,20,14,16,9,320,8,0,1,40,8,0,0,0,0,1,36,40,3.41,25,1,3,6,1,7,0.60,3,0,1,1,0,13,6,4,5,4,4,28.6,10,14,2,15,6,0,449,9,69,8,34.8,13,56.5,283,17,23,12,331,48,35.5,70,0,11,26,1,1.27,27,15,+12,+1.02,+0.84,24.0,15.6,+8.4,+0.71,+0.20,0,10,1,0,0,48,6,33.3
475,Jahkeele Marshall-Rutty,ca CAN,DF,Charlotte,21-114,2004,23,19,1769,19.7,0,2,2,0,0,0,2,0,0.3,0.3,0.7,1.0,54,90,64,0.00,0.10,0.10,0.00,0.10,0.01,0.04,0.05,0.01,0.05,Matches,9,2,22.2,0.46,0.10,0.00,0.00,23.8,0,0.03,-0.3,-0.3,938,1094,85.7,15545,5172,469,499,94.0,386,437,88.3,64,110,58.2,1.5,+1.3,8,85,10,2,941,152,0,4,31,136,0,0,0,0,1,21,23,1.17,22,0,0,0,1,6,0.31,6,0,0,0,0,29,21,23,5,1,14,56.0,11,15,15,44,49,1,1243,58,22,7,50.0,5,35.7,696,6,15,7,825,77,59.6,86,14,4,35,0,1.61,35,29,+6,+0.31,+0.23,30.1,29.6,+0.5,+0.02,+0.28,0,16,0,0,0,72,13,41.9
476,Jahkeele Marshall-Rutty,ca CAN,"MF,DF",CF Montréal,21-114,2004,6,2,230,2.6,0,0,0,0,0,0,1,0,0.2,0.2,0.1,0.4,1,8,17,0.00,0.00,0.00,0.00,0.00,0.09,0.06,0.15,0.09,0.15,Matches,9,2,22.2,0.46,0.10,0.00,0.00,23.8,0,0.03,-0.3,-0.3,938,1094,85.7,15545,5172,469,499,94.0,386,437,88.3,64,110,58.2,1.5,+1.3,8,85,10,2,941,152,0,4,31,136,0,0,0,0,1,21,23,1.17,22,0,0,0,1,6,0.31,6,0,0,0,0,29,21,23,5,1,14,56.0,11,15,15,44,49,1,1243,58,22,7,50.0,5,35.7,696,6,15,7,825,77,59.6,86,14,4,35,0,1.61,35,29,+6,+0.31,+0.23,30.1,29.6,+0.5,+0.02,+0.28,0,16,0,0,0,72,13,41.9
,Jahlane Forbes,,,,,,,,,,,,,,,,,,,,,,,,,,,,,,,,,,,,,,,,,,,,,,,,,,,,,,,,,,,,,,,,,,,,,,,,,,,,,,,,,,,,,,,,,,,,,,,,,,,,,,,,,,,,,,,,,,,,,,,,,,0,0,,1,,,,,,,,,,,,,,,,,,,
191,Jake Davis,us USA,"MF,DF",Sporting KC,23-278,2002,27,19,1842,20.5,0,1,1,0,0,0,7,1,1.1,1.1,2.3,3.5,34,146,81,0.00,0.05,0.05,0.00,0.05,0.06,0.11,0.17,0.06,0.17,Matches,22,3,13.6,1.07,0.15,0.00,0.00,23.2,3,0.05,-1.1,-1.1,961,1198,80.2,15528,5032,507,572,88.6,336,395,85.1,83,153,54.2,2.8,-1.3,24,104,30,7,1085,110,4,12,67,62,16,15,0,0,3,30,52,2.54,44,2,2,2,0,5,0.24,5,0,0,0,0,41,24,17,17,7,15,31.3,33,17,20,61,25,1,1396,29,36,21,70.0,8,26.7,780,8,34,11,946,68,62.0,82,11,8,36,1,0.59,26,44,-18,-0.88,-0.40,29.1,37.0,-7.8,-0.38,+1.28,1,30,0,0,0,93,9,37.5
299,Jake Girdwood-Reich,au AUS,"DF,MF",St. Louis,21-135,2004,10,5,495,5.5,0,0,0,0,0,0,0,0,0.0,0.0,0.0,0.0,2,12,0,0.00,0.00,0.00,0.00,0.00,0.00,0.00,0.00,0.00,0.00,Matches,0,0,,0.00,0.00,,,,0,,0.0,0.0,251,283,88.7,4087,1399,124,133,93.2,105,118,89.0,15,19,78.9,0.1,0.0,0,12,1,0,273,8,0,3,0,0,0,0,0,0,2,2,2,0.36,1,0,0,1,0,0,0.00,0,0,0,0,0,14,7,7,5,2,5,55.6,4,5,7,21,28,0,352,35,2,3,50.0,3,50.0,203,1,2,2,235,50,16.7,83,2,5,16,8,0.80,4,12,-8,-1.45,-1.24,6.9,10.0,-3.1,-0.56,-0.39,0,6,0,0,0,14,18,52.9
305,Jakob Glesnes,no NOR,DF,Philadelphia Union,31-197,1994,30,29,2534,28.2,1,1,2,1,0,0,10,0,1.0,1.0,1.1,2.1,16,92,3,0.04,0.04,0.07,0.04,0.07,0.03,0.04,0.07,0.03,0.07,Matches,22,3,13.6,0.78,0.11,0.05,0.33,24.9,5,0.04,0.0,0.0,902,1142,79.0,17282,8501,310,356,87.1,487,546,89.2,92,205,44.9,0.8,-0.1,9,67,8,0,1050,88,2,4,7,4,0,0,0,0,4,16,27,0.96,19,3,0,1,1,3,0.11,1,1,0,0,0,49,29,37,12,0,26,57.8,19,17,53,102,160,0,1513,167,21,1,33.3,2,66.7,673,2,16,4,737,84,85.3,87,27,1,1,1,2.17,56,31,+25,+0.89,+1.09,49.9,35.2,+14.6,+0.52,-0.08,0,41,0,1,0,103,63,63.6
545,Jalen Neal,us USA,DF,CF Montréal,22-045,2003,13,11,905,10.1,1,0,1,1,0,0,1,0,0.4,0.4,0.0,0.4,4,29,1,0.10,0.00,0.10,0.10,0.10,0.04,0.00,0.04,0.04,0.04,Matches,3,2,66.7,0.30,0.20,0.33,0.50,8.4,0,0.14,+0.6,+0.6,559,623,89.7,11175,3285,161,169,95.3,341,359,95.0,52,84,61.9,0.1,0.0,1,26,1,0,600,22,0,2,0,3,0,0,0,0,1,4,12,1.19,12,0,0,0,0,3,0.30,3,0,0,0,0,32,21,24,6,2,15,65.2,8,2,12,44,35,2,727,91,4,1,100.0,0,0.0,484,0,5,3,511,70,30.5,81,6,2,5,3,1.00,12,18,-6,-0.60,+0.14,13.4,15.6,-2.1,-0.21,+0.06,0,8,0,0,0,45,12,40.0
780,Jamal Thiaré,sn SEN,FW,Atlanta Utd,32-191,1993,26,8,900,10.0,5,0,5,5,0,0,2,0,5.8,5.8,0.3,6.1,10,8,52,0.50,0.00,0.50,0.50,0.50,0.58,0.03,0.61,0.58,0.61,Matches,29,13,44.8,2.90,1.30,0.17,0.38,9.6,0,0.20,-0.8,-0.8,93,138,67.4,1330,187,46,64,71.9,33,53,62.3,5,7,71.4,0.9,-0.3,2,5,2,0,122,14,0,0,0,1,0,0,0,0,2,1,6,0.60,3,0,1,2,0,2,0.20,0,0,0,2,0,3,1,1,2,0,1,33.3,2,3,2,5,3,0,230,5,48,7,41.2,9,52.9,134,8,27,4,182,35,31.3,77,1,18,16,0,0.81,14,18,-4,-0.40,+0.37,15.9,13.9,+2.0,+0.20,+0.44,0,11,2,0,0,14,41,55.4
653,Jamar Ricketts,us USA,"DF,MF",SJ Earthquakes,23-349,2001,18,11,854,9.5,1,2,3,1,0,0,0,0,0.4,0.4,1.5,1.8,28,19,51,0.11,0.21,0.32,0.11,0.32,0.04,0.15,0.19,0.04,0.19,Matches,6,2,33.3,0.63,0.21,0.17,0.50,18.0,0,0.06,+0.6,+0.6,275,371,74.1,4395,1419,136,162,84.0,118,145,81.4,13,36,36.1,1.0,+0.5,8,9,9,7,288,82,2,1,24,70,1,1,0,0,1,12,16,1.69,11,0,4,1,0,4,0.42,3,0,1,0,0,18,10,7,10,1,7,43.8,9,10,15,33,25,0,498,24,18,14,56.0,10,40.0,234,9,26,10,268,47,28.8,70,1,7,11,6,0.89,17,20,-3,-0.32,-0.27,17.1,15.3,+1.8,+0.19,+0.09,0,11,0,0,1,36,6,33.3
592,James Pantemis,ca CAN,GK,Portland Timbers,28-229,1997,18,18,1620,18.0,0,0,0,0,0,0,0,0,0.0,0.0,0.0,0.0,0,0,0,0.00,0.00,0.00,0.00,0.00,0.00,0.00,0.00,0.00,0.00,Matches,0,0,,0.00,0.00,,,,0,,0.0,0.0,574,722,79.5,15662,11806,75,75,100.0,325,331,98.2,174,311,55.9,0.0,0.0,1,10,1,0,539,179,0,2,0,0,0,0,0,0,4,1,5,0.28,5,0,0,0,0,0,0.00,0,0,0,0,0,1,0,1,0,0,1,100.0,0,0,0,1,11,1,786,587,0,0,,0,,443,0,0,0,371,90,54.5,90,18,0,,8,1.61,28,22,+6,+0.33,+0.93,23.2,30.0,-6.8,-0.38,-0.21,0,0,0,0,0,46,7,100.0
363,Jannes Horn,de GER,DF,St. Louis,28-244,1997,9,9,719,8.0,0,1,1,0,0,0,2,0,0.0,0.0,1.0,1.1,19,24,28,0.00,0.13,0.13,0.00,0.13,0.01,0.13,0.13,0.01,0.13,Matches,2,0,0.0,0.25,0.00,0.00,,25.5,0,0.02,0.0,0.0,325,410,79.3,5594,2112,151,164,92.1,145,176,82.4,26,58,44.8,0.5,0.0,7,13,7,3,348,60,0,2,21,53,0,0,0,0,2,5,12,1.50,10,0,0,1,0,1,0.13,1,0,0,0,0,13,8,8,5,0,9,81.8,2,5,4,17,19,0,474,29,3,1,20.0,2,40.0,248,2,4,2,293,80,24.2,80,3,0,,3,1.00,5,7,-2,-0.25,+0.23,6.9,11.8,-4.9,-0.61,-0.50,0,2,0,0,0,32,1,12.5
504,Jansen Miller,us USA,DF,Sporting KC,23-240,2002,28,24,2214,24.6,0,1,1,0,0,0,2,0,1.2,1.2,0.5,1.6,20,76,12,0.00,0.04,0.04,0.00,0.04,0.05,0.02,0.07,0.05,0.07,Matches,10,5,50.0,0.41,0.20,0.00,0.00,9.8,0,0.12,-1.2,-1.2,809,1010,80.1,17252,6695,239,267,89.5,431,472,91.3,135,245,55.1,1.0,+0.5,7,100,3,0,957,47,2,23,2,8,0,0,0,0,6,6,25,1.02,20,0,0,1,1,3,0.12,2,0,0,0,0,35,24,22,11,2,21,63.6,12,9,22,57,146,5,1302,182,33,1,25.0,3,75.0,728,0,14,5,785,79,74.5,89,22,4,22,3,0.93,39,49,-10,-0.41,+1.26,32.0,50.8,-18.9,-0.77,+0.41,0,26,0,1,1,99,39,54.2
754,Jared Stroud,us USA,"FW,MF",D.C. United,29-090,1996,28,14,1249,13.9,0,0,0,0,0,0,3,0,2.4,2.4,3.0,5.4,24,33,103,0.00,0.00,0.00,0.00,0.00,0.17,0.22,0.39,0.17,0.39,Matches,30,6,20.0,2.16,0.43,0.00,0.00,19.0,0,0.08,-2.4,-2.4,294,418,70.3,4754,1181,154,190,81.1,116,147,78.9,17,42,40.5,3.3,-3.0,24,22,11,7,391,25,0,1,42,19,3,0,2,0,2,24,39,2.81,32,0,0,2,0,1,0.07,0,0,0,0,0,23,17,14,6,3,8,30.8,18,14,4,27,8,0,573,13,55,4,26.7,11,73.3,337,10,33,19,381,45,42.1,66,0,14,23,4,0.82,11,35,-24,-1.73,-1.10,16.5,21.6,-5.1,-0.37,+0.11,0,27,0,0,0,55,2,14.3
728,Jason Shokalook,us USA,FW,Chicago Fire,23-008,2002,1,0,15,0.2,0,1,1,0,0,0,0,0,0.0,0.0,0.3,0.3,0,0,0,0.00,6.00,6.00,0.00,6.00,0.00,1.80,1.80,0.00,1.80,Matches,0,0,,0.00,0.00,,,,0,,0.0,0.0,1,2,50.0,12,2,1,1,100.0,0,0,,0,0,,0.0,+0.7,1,0,0,0,2,0,0,0,0,0,0,0,0,0,0,0,1,6.00,1,0,0,0,0,1,6.00,1,0,0,0,0,0,0,0,0,0,0,,0,0,0,0,0,0,2,0,0,0,,0,,0,0,0,0,1,15,0.5,,0,1,15,1,3.00,1,0,+1,+6.00,+5.79,0.3,0.3,+0.1,+0.34,+0.34,0,0,0,0,0,1,1,100.0
445,Jasper Löffelsend,de GER,DF,San Diego FC,28-028,1997,13,7,600,6.7,0,1,1,0,0,0,0,0,0.2,0.2,1.1,1.3,21,29,45,0.00,0.15,0.15,0.00,0.15,0.03,0.16,0.19,0.03,0.19,Matches,3,0,0.0,0.45,0.00,0.00,,16.4,0,0.07,-0.2,-0.2,298,371,80.3,4328,1397,175,197,88.8,103,122,84.4,14,30,46.7,1.4,-0.1,9,20,14,3,319,52,2,2,19,44,0,0,0,0,0,10,18,2.70,16,0,0,1,0,2,0.30,2,0,0,0,0,22,15,13,7,2,12,57.1,9,6,7,29,13,0,447,19,21,1,16.7,5,83.3,238,4,13,3,274,46,20.2,74,1,6,13,6,1.54,11,9,+2,+0.30,-0.35,11.0,12.4,-1.4,-0.21,-0.48,0,5,0,0,0,21,5,50.0
112,Javain Brown,jm JAM,DF,Real Salt Lake,26-213,1999,3,3,194,2.2,0,0,0,0,0,0,1,0,0.3,0.3,0.0,0.3,3,6,1,0.00,0.00,0.00,0.00,0.00,0.13,0.00,0.13,0.13,0.13,Matches,4,1,25.0,1.86,0.46,0.00,0.00,7.0,0,0.07,-0.3,-0.3,127,146,87.0,2250,651,57,59,96.6,58,66,87.9,11,20,55.0,0.0,0.0,0,5,1,0,119,27,0,0,2,21,0,0,0,0,0,0,2,0.93,0,1,0,0,0,0,0.00,0,0,0,0,0,6,4,2,3,1,2,66.7,1,0,1,7,8,0,171,7,4,0,,0,,86,0,1,4,110,65,6.7,65,0,0,,2,1.00,3,2,+1,+0.46,+0.83,3.5,2.4,+1.1,+0.53,+0.92,0,5,0,0,0,5,6,75.0
205,Javairô Dilrosun,nl NED,FW,LAFC,27-108,1998,6,6,429,4.8,2,0,2,2,0,0,0,0,0.9,0.9,0.3,1.2,18,13,48,0.42,0.00,0.42,0.42,0.42,0.19,0.06,0.24,0.19,0.24,Matches,12,5,41.7,2.52,1.05,0.17,0.40,16.6,0,0.07,+1.1,+1.1,136,165,82.4,2175,362,76,85,89.4,48,57,84.2,9,13,69.2,0.7,-0.3,3,7,6,0,156,8,0,1,8,3,2,0,0,0,1,4,12,2.52,8,0,1,1,0,1,0.21,0,0,0,0,0,2,1,2,0,0,1,33.3,2,4,1,3,3,0,209,3,21,3,27.3,5,45.5,142,11,8,4,170,72,15.4,72,1,0,,0,1.67,9,4,+5,+1.05,+0.32,8.2,3.2,+5.0,+1.05,+0.36,0,0,0,0,0,10,0,0.0
582,Javier Otero,ve VEN,GK,Orlando City,22-324,2002,2,2,180,2.0,0,0,0,0,0,0,1,0,0.0,0.0,0.0,0.0,0,0,0,0.00,0.00,0.00,0.00,0.00,0.00,0.00,0.00,0.00,0.00,Matches,0,0,,0.00,0.00,,,,0,,0.0,0.0,38,43,88.4,814,591,16,16,100.0,15,16,93.8,7,11,63.6,0.0,0.0,0,0,0,0,23,20,0,0,0,0,0,0,0,0,0,0,0,0.00,0,0,0,0,0,0,0.00,0,0,0,0,0,0,0,0,0,0,0,,0,0,0,0,1,0,46,45,0,0,,0,,19,0,0,0,7,90,6.3,90,2,0,,30,2.00,5,2,+3,+1.50,+1.10,3.5,2.2,+1.4,+0.68,+0.31,0,0,0,0,0,4,0,
352,Jayden Hibbert,ca CAN,GK,Atlanta Utd,21-064,2004,7,7,630,7.0,0,0,0,0,0,0,1,0,0.0,0.0,0.0,0.0,0,1,0,0.00,0.00,0.00,0.00,0.00,0.00,0.00,0.00,0.00,0.00,Matches,0,0,,0.00,0.00,,,,0,,0.0,0.0,169,223,75.8,4093,2899,37,37,100.0,89,90,98.9,42,95,44.2,0.0,0.0,0,1,0,0,173,50,0,0,0,0,0,0,0,0,0,0,1,0.14,1,0,0,0,0,0,0.00,0,0,0,0,0,0,0,0,0,0,0,,0,0,0,0,5,0,241,186,0,0,,0,,147,0,1,0,117,90,21.9,90,7,0,,11,0.86,7,10,-3,-0.43,+0.29,9.2,8.9,+0.2,+0.03,+0.17,0,0,0,0,0,15,3,100.0
550,Jayden Nelson,ca CAN,FW,Vancouver W'caps,23-012,2002,23,16,1321,14.7,2,5,7,2,0,0,4,1,3.3,3.3,4.2,7.5,59,36,135,0.14,0.34,0.48,0.14,0.48,0.23,0.29,0.51,0.23,0.51,Matches,30,9,30.0,2.04,0.61,0.07,0.22,17.2,1,0.11,-1.3,-1.3,293,381,76.9,3923,975,185,218,84.9,83,102,81.4,8,25,32.0,3.6,+0.8,18,19,17,2,362,19,1,4,32,11,5,2,1,0,0,10,52,3.55,25,1,11,10,0,10,0.68,8,0,1,1,0,22,16,11,8,3,8,28.6,20,13,6,28,5,0,626,6,80,41,41.8,50,51.0,432,37,63,25,448,57,45.9,71,3,7,27,0,1.91,23,14,+9,+0.61,-0.48,25.3,15.1,+10.2,+0.69,-0.08,1,34,1,0,0,59,7,30.4
645,Jayden Reid,us USA,DF,St. Louis,24-039,2001,8,5,452,5.0,0,0,0,0,0,0,3,0,0.0,0.0,0.0,0.0,13,21,11,0.00,0.00,0.00,0.00,0.00,0.00,0.01,0.01,0.00,0.01,Matches,0,0,,0.00,0.00,,,,0,,0.0,0.0,218,249,87.6,3273,1180,127,140,90.7,73,83,88.0,12,16,75.0,0.2,0.0,1,17,1,0,221,27,0,0,6,23,0,0,0,0,1,2,5,1.00,5,0,0,0,0,0,0.00,0,0,0,0,0,17,10,8,4,5,11,91.7,1,6,5,22,20,1,311,16,2,2,40.0,3,60.0,186,1,6,5,202,57,15.2,81,3,3,16,4,0.50,8,14,-6,-1.19,-0.91,8.7,11.3,-2.5,-0.51,-0.32,0,6,0,0,0,21,3,37.5
577,Jaziel Orozco,us USA,DF,St. Louis,21-128,2004,7,6,531,5.9,1,0,1,1,0,0,1,0,0.3,0.3,0.1,0.3,8,27,11,0.17,0.00,0.17,0.17,0.17,0.05,0.01,0.06,0.05,0.06,Matches,4,1,25.0,0.68,0.17,0.25,1.00,17.3,0,0.07,+0.7,+0.7,280,316,88.6,4157,1489,152,162,93.8,104,118,88.1,10,17,58.8,0.2,-0.1,3,23,3,1,279,37,0,0,4,31,0,0,0,0,0,0,13,2.20,11,1,0,0,0,1,0.17,1,0,0,0,0,9,7,6,1,2,4,66.7,2,2,5,14,19,0,374,29,7,3,60.0,2,40.0,200,2,8,3,236,76,17.9,84,4,1,26,4,0.86,10,13,-3,-0.51,-0.10,9.3,11.3,-2.1,-0.35,-0.15,0,11,0,2,0,26,9,60.0
552,Jean-Claude Ngando,cm CMR,"MF,FW",Vancouver W'caps,25-322,1999,24,13,1239,13.8,2,3,5,2,0,0,1,0,1.2,1.2,2.1,3.3,35,79,75,0.15,0.22,0.36,0.15,0.36,0.09,0.15,0.24,0.09,0.24,Matches,13,5,38.5,0.94,0.36,0.15,0.40,16.8,0,0.09,+0.8,+0.8,464,543,85.5,7450,1789,226,250,90.4,205,227,90.3,18,23,78.3,2.7,+0.9,25,44,26,3,524,18,4,1,11,4,1,1,0,0,1,15,54,3.92,43,1,1,3,2,7,0.51,6,0,0,0,1,19,12,7,8,4,11,47.8,12,14,6,25,7,1,683,20,38,14,37.8,20,54.1,455,11,20,14,499,52,43.0,76,4,11,22,6,1.83,22,16,+6,+0.44,-0.77,21.2,16.2,+4.9,+0.36,-0.67,0,9,0,0,0,69,6,46.2
52,Jeevan Badwal,ca CAN,MF,Vancouver W'caps,19-211,2006,23,8,778,8.6,1,2,3,1,0,0,1,0,0.6,0.6,1.3,1.9,9,24,23,0.12,0.23,0.35,0.12,0.35,0.06,0.15,0.21,0.06,0.21,Matches,3,2,66.7,0.35,0.23,0.33,0.50,12.5,0,0.18,+0.4,+0.4,251,284,88.4,3826,714,125,136,91.9,103,109,94.5,10,15,66.7,0.5,+0.7,5,14,9,2,278,6,1,0,8,2,0,0,0,0,0,5,16,1.84,13,0,0,2,0,5,0.57,5,0,0,0,0,14,6,6,8,0,8,44.4,10,6,14,28,5,0,352,10,8,6,40.0,8,53.3,208,0,11,3,233,34,27.0,75,3,15,12,7,1.78,18,14,+4,+0.46,-0.56,13.6,11.1,+2.5,+0.28,-0.62,0,12,0,0,0,30,4,26.7
202,Jefferson Díaz,co COL,DF,Minnesota Utd,24-307,2000,26,23,1822,20.2,0,3,3,0,0,0,3,0,0.9,0.9,1.1,2.0,17,56,23,0.00,0.15,0.15,0.00,0.15,0.04,0.05,0.10,0.04,0.10,Matches,15,3,20.0,0.74,0.15,0.00,0.00,13.9,0,0.06,-0.9,-0.9,594,788,75.4,9689,4640,303,353,85.8,235,309,76.1,42,97,43.3,1.0,+1.9,12,47,10,2,711,76,0,0,15,63,0,0,0,0,1,8,23,1.14,18,0,2,0,0,4,0.20,4,0,0,0,0,25,16,14,7,4,14,48.3,15,16,22,47,96,3,1013,114,50,14,70.0,5,25.0,465,2,13,9,562,70,61.3,77,12,3,13,6,2.00,34,21,+13,+0.64,+0.25,24.6,26.5,-1.9,-0.09,-0.33,0,32,0,0,0,76,43,47.8
281,Jeffrey Gal,us USA,GK,Chicago Fire,32-185,1993,7,6,591,6.6,0,0,0,0,0,0,0,0,0.0,0.0,0.0,0.0,0,0,0,0.00,0.00,0.00,0.00,0.00,0.00,0.00,0.00,0.00,0.00,Matches,0,0,,0.00,0.00,,,,0,,0.0,0.0,155,190,81.6,3574,2323,45,45,100.0,78,78,100.0,31,66,47.0,0.0,0.0,0,0,0,0,140,50,0,0,0,0,0,0,0,0,0,0,0,0.00,0,0,0,0,0,0,0.00,0,0,0,0,0,0,0,0,0,0,0,,0,0,0,0,3,1,203,189,0,0,0.0,1,100.0,114,0,0,0,98,84,19.9,90,6,1,51,26,1.43,13,9,+4,+0.61,+0.46,10.2,9.1,+1.2,+0.18,+0.22,0,0,0,0,0,12,1,100.0
590,Jeison Palacios,co COL,DF,Nashville SC,31-202,1994,22,21,1829,20.3,2,0,2,2,0,0,3,0,1.2,1.2,1.3,2.5,11,67,3,0.10,0.00,0.10,0.10,0.10,0.06,0.06,0.12,0.06,0.12,Matches,16,4,25.0,0.79,0.20,0.13,0.50,11.1,0,0.07,+0.8,+0.8,1212,1333,90.9,23263,8480,402,433,92.8,689,722,95.4,114,152,75.0,0.3,-1.3,4,73,1,0,1285,46,0,8,2,2,0,0,0,0,2,11,22,1.08,17,1,0,0,0,2,0.10,1,1,0,0,0,48,33,32,15,1,23,85.2,4,8,17,65,109,0,1564,223,22,2,66.7,0,0.0,903,0,8,4,1101,83,61.6,86,16,1,13,9,1.73,38,28,+10,+0.49,+0.02,38.3,23.4,+14.9,+0.73,+0.39,0,13,0,0,1,84,37,56.9
703,Jeong Sangbin,kr KOR,"FW,MF",Minnesota Utd,23-190,2002,15,2,319,3.5,0,0,0,0,0,0,1,0,0.5,0.5,0.4,0.9,8,5,15,0.00,0.00,0.00,0.00,0.00,0.15,0.10,0.26,0.15,0.26,Matches,6,0,0.0,1.69,0.00,0.00,,19.7,1,0.09,-0.5,-0.5,58,91,63.7,793,206,35,44,79.5,12,18,66.7,4,10,40.0,0.1,-0.4,3,4,1,0,78,10,0,1,5,0,5,2,2,0,3,5,8,2.26,4,1,1,1,0,1,0.28,0,0,0,0,0,4,2,1,1,2,2,33.3,4,1,0,4,3,0,131,6,7,1,20.0,3,60.0,78,1,10,7,85,21,10.7,61,0,13,15,5,1.67,3,11,-8,-2.26,-3.14,3.6,6.7,-3.1,-0.89,-1.03,0,3,0,0,0,12,2,9.5
704,Jeong Sangbin,kr KOR,FW,St. Louis,23-190,2002,8,8,569,6.3,1,1,2,1,0,0,1,0,1.1,1.1,1.0,2.1,10,19,47,0.16,0.16,0.32,0.16,0.32,0.18,0.15,0.33,0.18,0.33,Matches,6,0,0.0,1.69,0.00,0.00,,19.7,1,0.09,-0.5,-0.5,58,91,63.7,793,206,35,44,79.5,12,18,66.7,4,10,40.0,0.1,-0.4,3,4,1,0,78,10,0,1,5,0,5,2,2,0,3,5,8,2.26,4,1,1,1,0,1,0.28,0,0,0,0,0,4,2,1,1,2,2,33.3,4,1,0,4,3,0,131,6,7,1,20.0,3,60.0,78,1,10,7,85,21,10.7,61,0,13,15,5,1.67,3,11,-8,-2.26,-3.14,3.6,6.7,-3.1,-0.89,-1.03,0,3,0,0,0,12,2,9.5
801,Jeppe Tverskov,dk DEN,MF,San Diego FC,32-210,1993,32,32,2861,31.8,2,6,8,2,0,0,5,0,1.1,1.1,5.3,6.4,22,244,45,0.06,0.19,0.25,0.06,0.25,0.03,0.17,0.20,0.03,0.20,Matches,15,5,33.3,0.47,0.16,0.13,0.40,11.8,0,0.07,+0.9,+0.9,2523,2839,88.9,40903,11972,1321,1418,93.2,957,1044,91.7,182,254,71.7,5.1,+0.7,44,242,46,3,2753,79,14,11,10,2,0,0,0,0,7,37,87,2.74,80,1,1,2,1,12,0.38,12,0,0,0,0,61,44,23,29,9,35,59.3,24,25,67,128,68,3,3147,143,47,16,53.3,12,40.0,1780,5,32,19,2382,89,96.3,89,30,0,,0,1.78,58,41,+17,+0.53,-1.12,49.4,45.1,+4.3,+0.14,-1.09,0,27,0,1,0,245,40,69.0
225,Jeremy Ebobisse,us USA,FW,LAFC,28-236,1997,19,7,696,7.7,3,1,4,3,0,0,0,0,2.1,2.1,1.4,3.5,5,16,29,0.39,0.13,0.52,0.39,0.52,0.27,0.18,0.45,0.27,0.45,Matches,13,7,53.8,1.68,0.91,0.23,0.43,14.3,0,0.16,+0.9,+0.9,142,171,83.0,2042,484,83,93,89.2,46,54,85.2,7,10,70.0,1.4,-0.4,8,17,2,1,155,16,1,0,1,0,0,0,0,0,0,4,20,2.59,14,0,1,2,0,2,0.26,1,0,0,1,0,2,0,0,1,1,1,20.0,4,4,2,4,6,0,240,7,26,6,60.0,4,40.0,132,1,20,9,177,37,24.9,70,0,12,17,3,1.89,12,9,+3,+0.39,-0.51,11.7,7.8,+4.0,+0.51,-0.31,0,8,1,0,0,20,9,39.1
635,Jeremy Rafanello,us USA,MF,Philadelphia Union,25-177,2000,15,2,287,3.2,0,0,0,0,0,0,0,0,0.1,0.1,0.1,0.2,4,7,4,0.00,0.00,0.00,0.00,0.00,0.04,0.02,0.06,0.04,0.06,Matches,3,2,66.7,0.94,0.63,0.00,0.00,25.3,1,0.04,-0.1,-0.1,87,113,77.0,1255,515,43,47,91.5,33,44,75.0,4,9,44.4,0.1,-0.1,2,6,3,1,102,11,0,0,6,8,1,0,1,0,0,4,8,2.54,3,0,2,2,0,1,0.32,0,0,1,0,0,7,4,2,4,1,5,55.6,4,2,2,9,8,0,156,6,0,3,33.3,6,66.7,76,0,2,7,85,19,9.7,90,1,13,8,12,2.53,4,3,+1,+0.31,-0.46,5.0,4.0,+1.0,+0.31,-0.24,0,3,0,0,0,21,2,40.0
60,Jesús Barea,es ESP,FW,Real Salt Lake,23-163,2002,10,1,242,2.7,0,0,0,0,0,0,0,0,1.5,1.5,0.1,1.6,2,5,13,0.00,0.00,0.00,0.00,0.00,0.57,0.03,0.60,0.57,0.60,Matches,9,3,33.3,3.35,1.12,0.00,0.00,9.0,0,0.17,-1.5,-1.5,56,71,78.9,733,114,34,39,87.2,15,20,75.0,2,4,50.0,0.1,-0.1,3,2,0,0,65,5,0,0,1,1,3,0,1,0,1,2,10,3.72,3,1,0,3,0,0,0.00,0,0,0,0,0,5,4,1,3,1,1,50.0,1,1,0,5,2,0,116,2,11,2,40.0,3,60.0,68,0,17,12,80,24,8.4,89,0,9,17,8,0.90,0,3,-3,-1.12,-0.88,3.4,3.1,+0.3,+0.10,+0.47,0,2,0,0,0,11,1,16.7
187,Jesús Daniel Bueno,ve VEN,MF,Philadelphia Union,26-176,1999,19,11,893,9.9,1,0,1,1,0,0,3,0,0.8,0.8,0.4,1.3,9,34,12,0.10,0.00,0.10,0.10,0.10,0.08,0.04,0.13,0.08,0.13,Matches,13,3,23.1,1.31,0.30,0.08,0.33,19.0,0,0.06,+0.2,+0.2,337,427,78.9,5341,1393,183,212,86.3,120,152,78.9,23,41,56.1,0.8,-0.4,6,27,8,1,398,27,1,0,14,1,8,5,1,0,2,5,27,2.73,16,4,0,2,1,0,0.00,0,0,0,0,0,28,16,11,16,1,11,52.4,10,15,11,39,7,0,539,9,10,3,25.0,7,58.3,238,1,15,8,278,47,30.1,69,2,8,17,9,1.84,10,10,0,0.00,-1.04,13.8,11.5,+2.3,+0.23,-0.43,0,18,0,2,0,66,9,64.3
261,Jesús Ferreira,us USA,"FW,MF",Seattle Sounders,24-288,2000,30,25,2004,22.3,4,4,8,4,0,0,3,0,5.1,5.1,3.4,8.5,31,95,145,0.18,0.18,0.36,0.18,0.36,0.23,0.15,0.38,0.23,0.38,Matches,33,17,51.5,1.48,0.76,0.12,0.24,16.3,2,0.16,-1.1,-1.1,777,969,80.2,12435,2823,399,450,88.7,300,372,80.6,56,94,59.6,3.2,+0.6,33,58,33,2,894,69,11,3,44,10,29,8,10,1,6,14,75,3.37,59,8,2,0,0,10,0.45,8,0,0,0,0,28,15,10,10,8,9,40.9,13,11,14,42,6,0,1127,12,68,6,31.6,12,63.2,655,8,32,13,859,67,69.6,76,6,5,19,0,1.53,32,29,+3,+0.13,-0.38,35.3,26.4,+8.9,+0.40,-0.04,0,20,0,0,0,69,10,45.5
272,Jimer Fory,co COL,DF,Portland Timbers,23-137,2002,25,23,2016,22.4,0,2,2,0,0,0,9,0,0.4,0.4,1.4,1.8,34,115,74,0.00,0.09,0.09,0.00,0.09,0.02,0.06,0.08,0.02,0.08,Matches,8,2,25.0,0.36,0.09,0.00,0.00,21.6,0,0.06,-0.4,-0.4,1106,1316,84.0,18138,7028,534,573,93.2,492,588,83.7,63,109,57.8,1.1,+0.6,14,101,7,1,1122,191,2,3,38,165,0,0,0,0,3,16,30,1.34,24,4,0,0,2,3,0.13,2,1,0,0,0,39,24,23,14,2,18,60.0,12,30,31,70,110,1,1600,96,19,17,65.4,9,34.6,812,4,20,10,962,81,67.9,85,17,2,34,0,1.32,31,30,+1,+0.04,+0.42,29.5,33.3,-3.7,-0.17,+0.37,0,41,0,0,0,104,54,63.5
481,Jimmy Maurer,us USA,GK,Houston Dynamo,36-359,1988,2,1,120,1.3,0,0,0,0,0,0,0,0,0.0,0.0,0.0,0.0,0,0,0,0.00,0.00,0.00,0.00,0.00,0.00,0.00,0.00,0.00,0.00,Matches,0,0,,0.00,0.00,,,,0,,0.0,0.0,25,42,59.5,726,539,8,8,100.0,6,7,85.7,11,27,40.7,0.0,0.0,0,1,0,0,33,9,0,0,0,1,0,0,0,0,0,0,0,0.00,0,0,0,0,0,0,0.00,0,0,0,0,0,0,0,0,0,0,0,,0,0,0,0,3,0,50,42,0,0,,0,,27,0,0,0,27,60,4.0,66,0,1,54,24,0.50,0,1,-1,-0.75,-0.37,1.6,0.9,+0.7,+0.53,+0.72,0,0,0,0,0,2,0,
555,Joakim Nilsson,se SWE,"DF,MF",St. Louis,31-244,1994,6,2,133,1.5,0,0,0,0,0,0,0,0,0.4,0.4,0.0,0.4,2,8,0,0.00,0.00,0.00,0.00,0.00,0.28,0.00,0.28,0.28,0.28,Matches,1,0,0.0,0.68,0.00,0.00,,4.5,0,0.41,-0.4,-0.4,90,105,85.7,1711,760,38,40,95.0,40,43,93.0,12,19,63.2,0.1,0.0,0,9,1,0,98,7,0,0,1,4,0,0,0,0,0,3,3,2.03,3,0,0,0,0,0,0.00,0,0,0,0,0,5,1,3,2,0,3,50.0,3,1,3,8,7,0,123,20,1,0,,0,,76,0,0,1,86,22,4.5,43,0,4,12,1,0.67,1,4,-3,-2.03,-1.68,1.7,3.9,-2.2,-1.50,-1.33,0,2,0,0,0,7,2,50.0
256,Joaquín Fernández,es ESP,DF,Sporting KC,29-130,1996,17,16,1298,14.4,0,0,0,0,0,0,6,0,0.4,0.4,0.3,0.7,5,49,0,0.00,0.00,0.00,0.00,0.00,0.03,0.02,0.05,0.03,0.05,Matches,7,0,0.0,0.49,0.00,0.00,,12.0,0,0.06,-0.4,-0.4,666,730,91.2,14043,5211,188,199,94.5,372,385,96.6,102,134,76.1,0.3,-0.3,3,43,2,0,704,24,1,7,1,3,0,0,0,0,2,1,10,0.69,9,1,0,0,0,4,0.28,3,1,0,0,0,19,13,13,4,2,9,69.2,4,8,13,32,84,0,884,102,13,1,100.0,0,0.0,510,0,4,0,592,76,43.7,81,11,1,5,1,1.06,23,31,-8,-0.55,+0.31,18.3,32.3,-14.1,-0.98,-0.19,0,19,0,0,0,61,20,48.8
608,Joaquín Pereyra,ar ARG,"MF,FW",Minnesota Utd,26-311,1998,32,28,2471,27.5,5,8,13,5,0,0,8,0,4.6,4.6,7.7,12.3,71,155,107,0.18,0.29,0.47,0.18,0.47,0.17,0.28,0.45,0.17,0.45,Matches,58,23,39.7,2.11,0.84,0.09,0.22,21.9,5,0.08,+0.4,+0.4,912,1286,70.9,16447,6447,442,531,83.2,288,390,73.8,143,273,52.4,6.2,+0.3,70,123,37,9,1102,170,15,19,151,11,89,34,49,0,14,26,145,5.28,75,30,10,15,1,16,0.58,6,3,1,1,0,57,33,20,27,10,25,43.9,32,23,20,77,13,0,1612,19,57,35,38.5,46,50.5,915,21,64,50,1082,77,83.2,85,19,4,24,0,1.72,46,28,+18,+0.66,+0.66,37.3,36.3,+1.0,+0.04,+0.02,0,50,0,0,0,144,6,26.1
847,Joe Willis,us USA,GK,Nashville SC,37-059,1988,33,33,2970,33.0,0,0,0,0,0,0,2,0,0.0,0.0,0.0,0.0,0,0,0,0.00,0.00,0.00,0.00,0.00,0.00,0.00,0.00,0.00,0.00,Matches,1,1,100.0,0.03,0.03,0.00,0.00,8.7,0,0.05,0.0,0.0,894,1105,80.9,20855,13917,247,249,99.2,438,447,98.0,201,401,50.1,0.0,0.0,0,16,0,0,875,230,0,1,0,0,0,0,0,0,0,0,6,0.18,5,1,0,0,0,1,0.03,1,0,0,0,0,1,1,1,0,0,0,0.0,3,0,0,1,10,1,1163,975,1,1,33.3,2,66.7,673,0,0,0,636,90,100.0,90,33,0,,0,1.64,56,40,+16,+0.48,,57.3,38.1,+19.2,+0.58,,0,0,0,0,0,70,3,75.0
833,Joel Waterman,ca CAN,DF,Chicago Fire,29-257,1996,5,5,440,4.9,1,0,1,1,0,0,1,0,0.2,0.2,0.0,0.2,2,6,0,0.20,0.00,0.20,0.20,0.20,0.03,0.00,0.03,0.03,0.03,Matches,1,1,100.0,0.20,0.20,1.00,1.00,5.4,0,0.15,+0.8,+0.8,301,324,92.9,5882,2531,100,104,96.2,168,173,97.1,33,45,73.3,0.0,0.0,0,17,0,0,311,13,1,0,1,0,0,0,0,0,0,3,2,0.41,1,1,0,0,0,1,0.20,0,1,0,0,0,6,4,6,0,0,4,80.0,1,2,5,11,24,0,367,62,3,0,,0,,204,0,1,3,276,88,14.8,88,4,0,,0,2.00,13,7,+6,+1.23,+1.16,8.5,6.8,+1.7,+0.35,+0.41,0,5,0,0,0,21,3,42.9
834,Joel Waterman,ca CAN,DF,CF Montréal,29-257,1996,18,17,1437,16.0,0,1,1,0,0,0,8,1,0.0,0.0,0.8,0.8,12,84,19,0.00,0.06,0.06,0.00,0.06,0.00,0.05,0.05,0.00,0.05,Matches,1,1,100.0,0.20,0.20,1.00,1.00,5.4,0,0.15,+0.8,+0.8,301,324,92.9,5882,2531,100,104,96.2,168,173,97.1,33,45,73.3,0.0,0.0,0,17,0,0,311,13,1,0,1,0,0,0,0,0,0,3,2,0.41,1,1,0,0,0,1,0.20,0,1,0,0,0,6,4,6,0,0,4,80.0,1,2,5,11,24,0,367,62,3,0,,0,,204,0,1,3,276,88,14.8,88,4,0,,0,2.00,13,7,+6,+1.23,+1.16,8.5,6.8,+1.7,+0.35,+0.41,0,5,0,0,0,21,3,42.9
,John David Gunn,,,,,,,,,,,,,,,,,,,,,,,,,,,,,,,,,,,,,,,,,,,,,,,,,,,,,,,,,,,,,,,,,,,,,,,,,,,,,,,,,,,,,,,,,,,,,,,,,,,,,,,,,,,,,,,,,,,,,,,,,,0,0,,1,,,,,,,,,,,,,,,,,,,
486,John McCarthy,us USA,GK,LA Galaxy,33-096,1992,11,11,990,11.0,0,0,0,0,0,0,0,0,0.0,0.0,0.0,0.0,0,0,0,0.00,0.00,0.00,0.00,0.00,0.00,0.00,0.00,0.00,0.00,Matches,0,0,,0.00,0.00,,,,0,,0.0,0.0,187,299,62.5,4671,3488,44,44,100.0,84,88,95.5,57,165,34.5,0.0,0.0,0,4,0,0,220,79,0,1,0,0,0,0,0,0,0,0,0,0.00,0,0,0,0,0,0,0.00,0,0,0,0,0,0,0,0,0,0,0,,0,0,0,0,10,4,328,292,0,0,,0,,187,0,0,0,143,,,,0,0,,6,,,,,,,,,,,,0,0,0,0,0,7,3,100.0
551,John Nelson,us USA,DF,LA Galaxy,27-089,1998,29,22,1864,20.7,0,1,1,0,0,0,2,0,0.4,0.4,0.5,0.9,31,88,78,0.00,0.05,0.05,0.00,0.05,0.02,0.02,0.04,0.02,0.04,Matches,7,1,14.3,0.34,0.05,0.00,0.00,23.6,0,0.05,-0.4,-0.4,959,1126,85.2,15440,4916,473,519,91.1,428,494,86.6,39,75,52.0,0.7,+0.5,11,83,9,0,993,133,0,3,9,110,0,0,0,0,0,14,22,1.06,21,0,0,0,1,3,0.14,3,0,0,0,0,30,20,17,12,1,13,56.5,10,13,19,49,77,0,1336,93,20,1,25.0,3,75.0,720,1,16,3,868,64,64.7,78,8,7,21,1,0.76,27,42,-15,-0.72,-0.10,28.6,37.7,-9.0,-0.44,-0.12,0,15,0,1,0,60,14,45.2
631,John Pulskamp,us USA,GK,Sporting KC,24-172,2001,33,33,2970,33.0,0,2,2,0,0,0,2,0,0.0,0.0,0.2,0.2,0,0,0,0.00,0.06,0.06,0.00,0.06,0.00,0.01,0.01,0.00,0.01,Matches,0,0,,0.00,0.00,,,,0,,0.0,0.0,584,950,61.5,17798,13857,85,85,100.0,288,293,98.3,209,568,36.8,0.0,+1.8,2,13,0,0,576,373,0,3,0,0,0,0,0,0,1,0,2,0.06,1,1,0,0,0,2,0.06,1,1,0,0,0,1,0,1,0,0,1,20.0,4,2,0,1,21,3,1054,861,0,0,,0,,469,0,0,0,354,90,100.0,90,33,0,,0,0.82,46,70,-24,-0.73,,41.2,70.0,-28.7,-0.87,,0,2,0,2,0,40,3,100.0
686,Johnny Russell,sct SCO,"FW,MF",Real Salt Lake,35-183,1990,11,4,337,3.7,2,0,2,2,0,0,1,0,1.0,1.0,0.3,1.3,11,18,29,0.53,0.00,0.53,0.53,0.53,0.27,0.09,0.36,0.27,0.36,Matches,11,5,45.5,2.94,1.34,0.18,0.40,13.1,0,0.09,+1.0,+1.0,112,147,76.2,1729,413,61,68,89.7,41,54,75.9,7,16,43.8,0.3,-0.3,6,14,5,2,136,10,0,2,11,3,5,2,0,0,1,2,17,4.54,13,1,1,0,0,1,0.27,1,0,0,0,0,4,3,2,1,1,1,16.7,5,3,2,6,2,0,187,3,22,3,33.3,6,66.7,118,6,3,2,147,31,11.7,57,0,7,16,10,0.73,6,9,-3,-0.80,-0.55,6.1,5.6,+0.5,+0.12,+0.52,0,6,0,0,0,6,5,71.4
721,Johnny Selemani,ca CAN,MF,Vancouver W'caps,17-206,2008,1,0,27,0.3,0,0,0,0,0,0,0,0,0.0,0.0,0.0,0.0,1,0,1,0.00,0.00,0.00,0.00,0.00,0.10,0.00,0.10,0.10,0.10,Matches,1,1,100.0,3.33,3.33,0.00,0.00,14.4,0,0.03,0.0,0.0,4,4,100.0,83,0,1,1,100.0,3,3,100.0,0,0,,0.0,0.0,0,0,0,0,4,0,0,0,0,0,0,0,0,0,0,0,0,0.00,0,0,0,0,0,0,0.00,0,0,0,0,0,0,0,0,0,0,0,0.0,1,0,0,0,0,0,7,0,2,1,100.0,0,0.0,6,1,1,1,6,27,0.9,,0,1,27,2,0.00,0,0,0,0.00,-0.88,0.2,0.5,-0.3,-1.09,-1.85,0,1,0,0,0,0,0,0.0
79,Jon Bell,jm JAM,DF,Seattle Sounders,28-043,1997,19,12,1201,13.3,0,0,0,0,0,0,1,1,0.2,0.2,0.0,0.2,2,34,4,0.00,0.00,0.00,0.00,0.00,0.01,0.00,0.01,0.01,0.01,Matches,2,0,0.0,0.15,0.00,0.00,,8.9,0,0.10,-0.2,-0.2,705,796,88.6,12968,5363,263,275,95.6,374,399,93.7,57,100,57.0,0.4,0.0,0,52,2,0,768,28,1,4,4,9,0,0,0,0,0,6,9,0.68,8,0,0,0,0,2,0.15,2,0,0,0,0,14,10,8,5,1,5,62.5,3,5,15,29,66,3,935,101,4,5,83.3,1,16.7,582,0,11,4,687,63,41.7,86,10,7,24,8,1.68,25,23,+2,+0.15,-0.17,21.8,21.9,-0.1,-0.01,-0.72,0,11,0,1,0,49,20,51.3
282,Jon Gallagher,ie IRL,"DF,MF",Austin,29-227,1996,32,23,2195,24.4,1,0,1,1,0,0,3,0,0.9,0.9,1.9,2.8,56,70,150,0.04,0.00,0.04,0.04,0.04,0.04,0.08,0.12,0.04,0.12,Matches,11,3,27.3,0.45,0.12,0.09,0.33,17.5,0,0.08,+0.1,+0.1,772,1018,75.8,13512,4187,334,368,90.8,339,448,75.7,73,145,50.3,2.3,-1.9,16,51,24,16,844,170,1,3,85,152,0,0,0,0,4,17,42,1.72,38,3,0,0,0,0,0.00,0,0,0,0,0,22,15,14,6,2,11,50.0,11,15,10,32,79,1,1238,83,35,11,45.8,11,45.8,669,9,28,7,758,69,76.2,87,20,9,21,0,1.38,26,34,-8,-0.33,-0.33,32.8,38.1,-5.4,-0.22,-0.18,0,17,0,0,0,64,10,33.3
58,Jonathan Bamba,ci CIV,FW,Chicago Fire,29-196,1996,33,31,2399,26.7,5,4,9,5,0,0,3,0,5.8,5.8,4.9,10.7,108,113,209,0.19,0.15,0.34,0.19,0.34,0.22,0.18,0.40,0.22,0.40,Matches,56,23,41.1,2.10,0.86,0.09,0.22,18.3,1,0.10,-0.8,-0.8,772,964,80.1,11879,3342,427,490,87.1,278,340,81.8,45,71,63.4,4.8,-0.9,47,72,51,6,920,38,8,5,39,22,0,0,0,0,6,22,109,4.09,87,1,5,7,1,13,0.49,9,0,2,1,1,21,13,13,5,3,14,45.2,17,22,19,40,21,2,1287,24,118,34,37.4,52,57.1,849,36,68,45,986,73,80.8,76,13,2,28,0,1.58,53,44,+9,+0.34,+0.50,43.2,40.8,+2.4,+0.09,+0.49,0,24,0,1,0,131,13,46.4
96,Jonathan Bond,eng ENG,GK,Houston Dynamo,32-142,1993,25,25,2250,25.0,0,0,0,0,0,0,0,0,0.0,0.0,0.0,0.0,0,1,0,0.00,0.00,0.00,0.00,0.00,0.00,0.00,0.00,0.00,0.00,Matches,0,0,,0.00,0.00,,,,0,,0.0,0.0,557,738,75.5,13494,9976,158,158,100.0,243,250,97.2,153,325,47.1,0.0,0.0,0,8,0,0,588,148,0,2,0,0,0,0,0,0,2,0,1,0.04,1,0,0,0,0,0,0.00,0,0,0,0,0,0,0,0,0,0,0,0.0,1,0,0,0,11,2,800,640,0,2,100.0,0,0.0,480,0,2,0,402,90,75.8,90,25,0,,1,1.20,37,44,-7,-0.28,+0.47,35.7,38.2,-2.5,-0.10,+0.23,0,0,0,0,0,44,6,85.7
195,Jonathan Dean,us USA,"DF,MF",Chicago Fire,28-146,1997,28,17,1592,17.7,1,3,4,1,0,0,2,0,1.1,1.1,1.7,2.8,30,55,90,0.06,0.17,0.23,0.06,0.23,0.06,0.09,0.16,0.06,0.16,Matches,8,4,50.0,0.45,0.23,0.13,0.25,16.1,0,0.15,-0.1,-0.1,598,766,78.1,9765,3069,287,325,88.3,271,329,82.4,32,61,52.5,1.5,+1.3,12,34,15,3,643,121,1,1,22,116,0,0,0,0,2,33,27,1.53,20,3,0,1,0,4,0.23,4,0,0,0,0,37,18,20,9,8,16,80.0,4,18,34,71,70,0,984,73,33,10,62.5,6,37.5,421,4,12,5,542,57,53.6,76,8,11,28,1,1.68,40,33,+7,+0.40,+0.33,31.5,31.1,+0.4,+0.02,+0.05,0,19,0,0,0,36,22,44.0
580,Jonathan Osorio,ca CAN,MF,Toronto FC,33-118,1992,23,20,1830,20.3,3,1,4,3,0,0,1,0,2.2,2.2,1.1,3.3,16,91,44,0.15,0.05,0.20,0.15,0.20,0.11,0.06,0.16,0.11,0.16,Matches,13,8,61.5,0.64,0.39,0.23,0.38,17.0,0,0.17,+0.8,+0.8,795,917,86.7,12171,3266,418,452,92.5,313,348,89.9,38,69,55.1,1.8,-0.1,16,74,13,0,844,68,4,2,16,12,10,4,6,0,5,13,35,1.72,29,1,1,1,1,3,0.15,3,0,0,0,0,36,16,13,16,7,16,57.1,12,9,18,54,22,0,1083,45,26,7,58.3,5,41.7,642,3,24,18,740,80,63.5,87,17,3,30,0,0.78,16,26,-10,-0.49,-0.75,18.6,27.1,-8.5,-0.42,-0.02,0,16,0,0,0,103,9,40.9
609,Jonathan Perez,mx MEX,"FW,MF",Nashville SC,22-263,2003,22,10,852,9.5,1,2,3,1,0,0,5,1,1.4,1.4,1.5,2.9,27,31,63,0.11,0.21,0.32,0.11,0.32,0.15,0.16,0.30,0.15,0.30,Matches,17,6,35.3,1.80,0.63,0.06,0.17,18.4,0,0.08,-0.4,-0.4,220,273,80.6,3566,1023,115,132,87.1,83,97,85.6,17,25,68.0,1.6,+0.5,14,19,13,5,270,2,2,3,14,2,0,0,0,0,1,12,25,2.64,21,0,2,1,0,2,0.21,2,0,0,0,0,12,9,2,8,2,4,40.0,6,11,5,17,6,0,392,8,21,18,47.4,18,47.4,240,7,27,17,284,39,28.7,65,1,12,17,5,1.68,16,9,+7,+0.74,+0.36,17.1,9.5,+7.6,+0.80,+0.31,0,14,0,0,0,41,2,15.4
663,Jonathan Rodríguez,uy URU,FW,Portland Timbers,32-094,1993,6,0,154,1.7,1,1,2,0,1,1,2,0,1.1,0.3,0.6,0.9,4,8,12,0.58,0.58,1.17,0.00,0.58,0.65,0.36,1.01,0.18,0.55,Matches,6,2,33.3,3.51,1.17,0.00,0.00,16.8,0,0.05,-0.1,-0.3,42,57,73.7,574,188,29,33,87.9,10,15,66.7,2,4,50.0,0.2,+0.4,2,3,3,0,56,0,0,0,1,0,0,0,0,0,1,0,11,6.43,4,0,0,4,0,2,1.17,0,0,0,1,0,0,0,0,0,0,0,0.0,2,0,0,0,2,0,77,1,11,0,0.0,0,0.0,36,1,4,1,58,26,5.2,,0,6,26,0,2.00,2,2,0,0.00,+0.10,3.0,5.2,-2.2,-1.30,-1.07,0,3,1,0,0,7,9,90.0
729,Jonathan Shore,us USA,MF,NYCFC,18-178,2007,27,14,1368,15.2,1,0,1,1,0,0,1,0,0.7,0.7,0.4,1.1,16,80,32,0.07,0.00,0.07,0.07,0.07,0.05,0.03,0.07,0.05,0.07,Matches,15,3,20.0,0.99,0.20,0.07,0.33,18.3,0,0.05,+0.3,+0.3,570,668,85.3,8731,2542,303,347,87.3,216,241,89.6,34,50,68.0,0.6,-0.4,10,51,9,1,660,8,1,3,10,2,1,1,0,0,0,13,32,2.11,26,0,2,0,2,0,0.00,0,0,0,0,0,52,27,22,25,5,26,54.2,22,14,15,67,24,1,836,27,28,6,37.5,10,62.5,433,6,13,12,530,51,46.1,74,5,13,26,6,1.74,21,22,-1,-0.07,-0.52,23.9,22.0,+2.0,+0.13,-0.11,0,14,0,0,0,77,6,40.0
734,Jonathan Sirois,ca CAN,GK,CF Montréal,24-103,2001,23,23,2070,23.0,0,0,0,0,0,0,0,0,0.0,0.0,0.0,0.0,0,0,0,0.00,0.00,0.00,0.00,0.00,0.00,0.00,0.00,0.00,0.00,Matches,0,0,,0.00,0.00,,,,0,,0.0,0.0,715,904,79.1,16907,11509,160,160,100.0,415,430,96.5,140,309,45.3,0.0,0.0,0,3,0,0,761,140,0,2,0,0,0,0,0,0,3,2,3,0.13,3,0,0,0,0,0,0.00,0,0,0,0,0,1,0,1,0,0,1,100.0,0,2,0,1,13,6,957,751,0,1,100.0,0,0.0,622,0,0,0,555,90,69.7,90,23,0,,10,0.78,21,39,-18,-0.78,-0.28,26.6,32.8,-6.2,-0.27,-0.04,0,0,0,0,0,45,2,100.0
294,Joran Gerbet,fr FRA,MF,Orlando City,24-100,2001,20,13,1117,12.4,0,1,1,0,0,0,2,0,0.1,0.1,0.4,0.5,3,56,5,0.00,0.08,0.08,0.00,0.08,0.00,0.03,0.04,0.00,0.04,Matches,3,0,0.0,0.24,0.00,0.00,,29.3,0,0.02,-0.1,-0.1,527,586,89.9,8825,2578,259,280,92.5,215,232,92.7,41,54,75.9,0.6,+0.6,5,75,4,0,569,16,2,4,0,0,0,0,0,0,1,6,18,1.45,16,0,0,2,0,2,0.16,1,0,0,1,0,23,17,7,14,2,8,61.5,5,10,14,37,22,0,697,33,2,5,55.6,2,22.2,352,0,10,4,448,56,38.8,81,9,7,10,1,1.60,19,18,+1,+0.08,-0.63,17.5,17.1,+0.4,+0.03,-0.59,0,12,1,0,0,49,19,47.5
251,Jordan Farr,us USA,GK,D.C. United,31-003,1994,2,1,158,1.8,0,0,0,0,0,0,0,0,0.0,0.0,0.0,0.0,0,0,0,0.00,0.00,0.00,0.00,0.00,0.00,0.00,0.00,0.00,0.00,Matches,0,0,,0.00,0.00,,,,0,,0.0,0.0,34,52,65.4,1242,1067,7,7,100.0,8,8,100.0,19,37,51.4,0.0,0.0,0,4,0,0,35,17,0,0,0,0,0,0,0,0,0,0,0,0.00,0,0,0,0,0,0,0.00,0,0,0,0,0,0,0,0,0,0,0,,0,0,0,0,2,0,57,42,0,0,,0,,28,0,0,0,22,79,5.3,90,1,1,68,9,0.00,0,7,-7,-3.99,-3.06,1.9,2.8,-0.8,-0.46,-0.03,0,0,0,0,0,3,1,100.0
524,Jordan Morris,us USA,FW,Seattle Sounders,30-347,1994,15,6,591,6.6,4,1,5,4,0,0,0,0,3.6,3.6,1.7,5.3,12,15,41,0.61,0.15,0.76,0.61,0.76,0.55,0.26,0.81,0.55,0.81,Matches,15,9,60.0,2.28,1.37,0.27,0.44,11.4,0,0.24,+0.4,+0.4,97,139,69.8,1338,198,59,75,78.7,30,38,78.9,4,6,66.7,1.0,-0.7,7,5,8,0,127,9,0,0,1,0,0,0,0,0,3,5,15,2.28,15,0,0,0,0,2,0.30,2,0,0,0,0,4,1,2,1,1,1,33.3,2,4,1,5,4,0,195,4,37,1,25.0,3,75.0,105,8,15,5,138,39,20.5,57,1,9,28,1,1.60,11,9,+2,+0.30,+0.07,11.8,6.4,+5.4,+0.82,+0.52,0,2,0,0,0,10,22,62.9
18,Jordi Alba,es ESP,DF,Inter Miami,36-201,1989,28,27,2383,26.5,5,9,14,5,0,0,6,0,2.4,2.4,8.1,10.5,45,163,264,0.19,0.34,0.53,0.19,0.53,0.09,0.31,0.40,0.09,0.40,Matches,18,8,44.4,0.68,0.30,0.28,0.63,18.9,0,0.13,+2.6,+2.6,1574,1958,80.4,27441,8527,729,824,88.5,670,800,83.8,140,231,60.6,6.6,+0.9,51,110,50,13,1722,230,8,26,109,168,24,1,9,0,6,47,85,3.21,76,3,3,0,1,17,0.64,15,0,2,0,0,24,15,10,13,1,12,52.2,11,12,17,41,41,2,2139,67,67,12,57.1,9,42.9,1269,13,18,7,1567,85,82.7,87,24,1,32,0,1.93,58,45,+13,+0.49,-0.60,51.8,38.2,+13.6,+0.51,+0.07,0,14,0,0,0,147,4,50.0
479,Josef Martínez,ve VEN,FW,SJ Earthquakes,32-142,1993,29,20,1789,19.9,13,2,15,12,1,1,0,0,13.4,12.6,1.3,13.9,7,26,74,0.65,0.10,0.75,0.60,0.70,0.67,0.07,0.74,0.63,0.70,Matches,51,32,62.7,2.57,1.61,0.24,0.38,11.7,0,0.25,-0.4,-0.6,259,302,85.8,3409,403,127,146,87.0,88,97,90.7,8,12,66.7,1.1,+0.7,18,12,8,0,249,53,0,1,0,1,0,0,0,0,0,4,42,2.11,30,0,1,4,1,5,0.25,3,0,1,1,0,1,0,0,1,0,1,20.0,4,1,1,2,0,0,408,0,85,2,33.3,3,50.0,208,6,23,10,275,62,60.2,81,10,9,20,0,1.07,33,37,-4,-0.20,-0.20,36.0,34.9,+1.1,+0.05,-0.18,0,8,1,0,0,37,15,35.7
588,Joseph Paintsil,gh GHA,FW,LA Galaxy,27-249,1998,24,21,1886,21.0,9,2,11,7,2,2,3,0,8.8,7.3,1.7,9.0,99,56,242,0.43,0.10,0.52,0.33,0.43,0.42,0.08,0.50,0.35,0.43,Matches,55,28,50.9,2.62,1.34,0.13,0.25,16.7,0,0.13,+0.2,-0.3,503,653,77.0,7480,1375,301,351,85.8,156,197,79.2,29,53,54.7,2.4,+0.3,21,24,29,3,614,38,1,8,44,14,14,4,0,1,1,22,71,3.39,42,1,17,7,0,12,0.57,7,0,3,1,0,14,10,5,4,5,6,42.9,8,11,5,19,5,1,903,9,138,53,45.3,56,47.9,651,62,54,27,693,79,65.5,86,17,3,28,0,0.88,31,41,-10,-0.48,+0.61,30.8,38.1,-7.2,-0.35,+0.15,0,26,1,0,0,75,4,57.1
675,Joseph Rosales,hn HON,"DF,MF",Minnesota Utd,24-336,2000,24,14,1359,15.1,1,2,3,1,0,0,2,0,1.4,1.4,2.1,3.5,36,48,67,0.07,0.13,0.20,0.07,0.20,0.09,0.14,0.23,0.09,0.23,Matches,16,5,31.3,1.06,0.33,0.06,0.20,19.2,1,0.09,-0.4,-0.4,455,618,73.6,7583,2728,252,289,87.2,151,189,79.9,47,105,44.8,3.4,-0.1,23,28,26,9,549,67,1,3,68,32,19,14,1,0,2,22,52,3.44,33,8,3,2,0,6,0.40,2,1,1,0,0,38,21,26,10,2,22,55.0,18,15,11,49,29,1,819,32,22,19,45.2,23,54.8,433,8,40,23,466,57,45.8,74,4,10,32,0,1.71,19,11,+8,+0.53,-0.03,17.3,22.2,-4.8,-0.32,-0.65,0,21,0,0,0,88,10,40.0
867,Joseph Zalinsky,us USA,DF,St. Louis,22-278,2003,7,2,221,2.5,0,0,0,0,0,0,2,0,0.0,0.0,0.3,0.3,4,10,15,0.00,0.00,0.00,0.00,0.00,0.00,0.11,0.11,0.00,0.11,Matches,0,0,,0.00,0.00,,,,0,,0.0,0.0,98,119,82.4,1568,500,46,53,86.8,39,40,97.5,6,14,42.9,0.7,-0.3,3,5,3,2,100,18,0,0,6,16,0,0,0,0,1,3,6,2.44,6,0,0,0,0,0,0.00,0,0,0,0,0,12,9,4,7,1,6,60.0,4,3,5,17,3,0,155,5,4,1,33.3,2,66.7,74,1,7,2,84,32,7.4,59,0,5,21,13,0.71,3,3,0,0.00,+0.46,2.9,3.3,-0.4,-0.14,+0.10,0,8,0,0,0,10,5,83.3
73,Josh Bauer,us USA,DF,Nashville SC,27-078,1998,23,9,826,9.2,2,2,4,2,0,0,0,0,0.7,0.7,0.9,1.6,10,40,35,0.22,0.22,0.44,0.22,0.44,0.08,0.09,0.18,0.08,0.18,Matches,8,3,37.5,0.87,0.33,0.25,0.67,11.6,0,0.09,+1.3,+1.3,393,493,79.7,6682,2453,201,220,91.4,157,187,84.0,32,63,50.8,1.0,+1.1,11,27,8,1,400,90,1,2,11,83,0,0,0,0,3,10,19,2.07,17,2,0,0,0,3,0.33,2,1,0,0,0,15,7,10,4,1,6,66.7,3,5,8,23,43,0,607,43,24,1,14.3,6,85.7,287,1,7,5,355,36,27.8,70,3,14,14,10,1.61,12,9,+3,+0.33,-0.22,14.3,12.9,+1.4,+0.16,-0.59,0,7,0,0,0,29,17,58.6
,Josh Cohen,,,,,,,,,,,,,,,,,,,,,,,,,,,,,,,,,,,,,,,,,,,,,,,,,,,,,,,,,,,,,,,,,,,,,,,,,,,,,,,,,,,,,,,,,,,,,,,,,,,,,,,,,,,,,,,,,,,,,,,,,,0,0,,16,,,,,,,,,,,,,,,,,,,
,Josh Santiago,,,,,,,,,,,,,,,,,,,,,,,,,,,,,,,,,,,,,,,,,,,,,,,,,,,,,,,,,,,,,,,,,,,,,,,,,,,,,,,,,,,,,,,,,,,,,,,,,,,,,,,,,,,,,,,,,,,,,,,,,,0,0,,3,,,,,,,,,,,,,,,,,,,
44,Joshua Atencio,us USA,MF,Colorado Rapids,23-250,2002,27,23,1771,19.7,0,0,0,0,0,0,2,0,1.0,1.0,1.2,2.1,19,115,28,0.00,0.00,0.00,0.00,0.00,0.05,0.06,0.11,0.05,0.11,Matches,13,0,0.0,0.66,0.00,0.00,,19.0,0,0.07,-1.0,-1.0,867,1070,81.0,13809,5149,457,528,86.6,315,368,85.6,65,113,57.5,1.4,-1.2,11,133,11,0,1004,62,3,6,10,6,0,0,0,0,4,12,37,1.88,36,0,0,0,0,1,0.05,1,0,0,0,0,52,28,18,26,8,31,54.4,26,30,29,81,27,0,1289,49,17,11,68.8,4,25.0,660,0,25,12,780,66,59.6,74,8,4,19,0,1.04,22,26,-4,-0.20,+0.40,26.1,27.9,-1.8,-0.09,+0.21,0,19,0,0,1,123,19,48.7
788,Joshua Torquato,us USA,MF,FC Dallas,18-076,2007,4,3,200,2.2,0,0,0,0,0,0,1,0,0.0,0.0,0.0,0.0,0,1,8,0.00,0.00,0.00,0.00,0.00,0.00,0.00,0.00,0.00,0.00,Matches,0,0,,0.00,0.00,,,,0,,0.0,0.0,51,72,70.8,622,276,33,40,82.5,12,17,70.6,2,6,33.3,0.0,0.0,0,2,0,0,56,15,0,0,1,14,0,0,0,0,1,2,1,0.45,1,0,0,0,0,0,0.00,0,0,0,0,0,3,2,2,1,0,1,50.0,1,2,3,6,5,0,98,6,1,0,0.0,2,100.0,47,0,6,4,50,50,6.9,66,0,1,1,10,1.75,6,5,+1,+0.45,+0.58,4.9,2.1,+2.8,+1.24,+1.37,0,6,0,0,0,4,1,50.0
857,Joshua Yaro,gh GHA,DF,St. Louis,30-324,1994,18,14,1267,14.1,1,0,1,1,0,0,1,0,0.4,0.4,0.0,0.4,6,33,1,0.07,0.00,0.07,0.07,0.07,0.03,0.00,0.03,0.03,0.03,Matches,3,1,33.3,0.21,0.07,0.33,1.00,11.0,0,0.13,+0.6,+0.6,555,631,88.0,9954,3435,205,222,92.3,306,326,93.9,37,62,59.7,0.2,0.0,1,27,1,1,608,22,0,2,2,6,0,0,0,0,1,10,11,0.78,9,1,0,1,0,0,0.00,0,0,0,0,0,14,8,9,5,0,10,83.3,2,11,17,31,79,3,801,107,3,2,40.0,3,60.0,434,0,11,2,503,70,42.7,84,12,4,22,7,0.78,12,22,-10,-0.71,-0.50,18.6,20.1,-1.5,-0.11,+0.22,0,5,0,1,1,58,14,35.9
162,José Cifuentes,ec ECU,MF,Toronto FC,26-210,1999,5,4,322,3.6,0,0,0,0,0,0,0,0,0.3,0.3,0.2,0.5,8,23,7,0.00,0.00,0.00,0.00,0.00,0.07,0.06,0.14,0.07,0.14,Matches,1,0,0.0,0.28,0.00,0.00,,17.2,0,0.26,-0.3,-0.3,114,137,83.2,2030,546,48,54,88.9,55,65,84.6,9,13,69.2,0.1,-0.2,6,21,0,0,132,4,0,1,2,0,0,0,0,0,1,2,8,2.24,7,0,0,1,0,0,0.00,0,0,0,0,0,3,1,1,2,0,2,40.0,3,6,0,3,8,1,168,9,3,8,72.7,3,27.3,105,0,7,6,121,64,11.2,76,0,1,17,0,1.00,5,3,+2,+0.56,+0.88,3.1,3.6,-0.5,-0.13,+0.32,0,10,0,0,0,13,5,71.4
457,Jovan Lukić,rs SRB,MF,Philadelphia Union,23-261,2002,31,29,2527,28.1,2,2,4,2,0,0,9,1,2.2,2.2,1.3,3.5,32,159,32,0.07,0.07,0.14,0.07,0.14,0.08,0.05,0.12,0.08,0.12,Matches,47,10,21.3,1.67,0.36,0.04,0.20,23.7,0,0.05,-0.2,-0.2,1094,1323,82.7,17682,5533,527,602,87.5,465,530,87.7,72,112,64.3,1.9,+0.7,21,141,21,4,1301,18,3,5,14,1,0,0,0,0,4,21,72,2.57,61,2,1,2,1,5,0.18,4,0,0,0,1,79,48,23,45,11,34,39.1,53,34,41,120,33,1,1655,48,22,20,50.0,19,47.5,854,4,41,22,1012,82,85.1,85,22,2,28,0,1.94,49,31,+18,+0.64,-0.58,47.3,34.9,+12.4,+0.44,-0.60,1,39,0,0,0,188,28,62.2
598,João Paulo Mior,br BRA,MF,Seattle Sounders,34-214,1991,9,4,366,4.1,0,0,0,0,0,0,3,0,0.2,0.2,0.2,0.3,4,23,1,0.00,0.00,0.00,0.00,0.00,0.04,0.04,0.08,0.04,0.08,Matches,3,0,0.0,0.74,0.00,0.00,,22.8,0,0.05,-0.2,-0.2,328,376,87.2,5312,1476,171,180,95.0,120,131,91.6,26,46,56.5,0.5,-0.2,4,34,5,1,348,25,0,1,6,2,1,0,0,0,3,5,13,3.20,11,1,0,0,1,1,0.25,1,0,0,0,0,11,8,5,5,1,3,42.9,4,8,9,20,4,1,426,8,0,2,25.0,4,50.0,223,0,7,5,311,41,12.7,75,2,5,13,12,1.89,5,9,-4,-0.98,-1.41,4.1,6.1,-2.0,-0.50,-1.04,0,6,0,1,0,36,0,0.0
86,Juan Berrocal,es ESP,DF,Atlanta Utd,26-157,1999,8,3,397,4.4,0,0,0,0,0,0,0,0,0.2,0.2,0.0,0.2,1,11,0,0.00,0.00,0.00,0.00,0.00,0.04,0.00,0.04,0.04,0.04,Matches,1,0,0.0,0.23,0.00,0.00,,5.2,0,0.16,-0.2,-0.2,192,205,93.7,3685,1417,66,68,97.1,103,106,97.2,22,29,75.9,0.0,0.0,0,15,0,0,193,12,0,0,0,1,0,0,0,0,0,1,3,0.68,3,0,0,0,0,1,0.23,1,0,0,0,0,6,5,2,4,0,1,25.0,3,1,10,16,24,0,254,42,2,0,,0,,142,0,3,0,153,50,13.8,90,3,5,25,0,0.75,5,6,-1,-0.23,+0.50,7.2,5.7,+1.5,+0.34,+0.52,0,7,0,1,0,18,9,60.0
189,Juan David Mosquera,co COL,DF,Portland Timbers,23-033,2002,27,26,2229,24.8,1,2,3,1,0,0,2,0,1.0,1.0,3.5,4.6,69,97,145,0.04,0.08,0.12,0.04,0.12,0.04,0.14,0.18,0.04,0.18,Matches,21,5,23.8,0.85,0.20,0.05,0.20,20.5,0,0.05,0.0,0.0,1072,1291,83.0,17722,5891,530,574,92.3,476,550,86.5,53,105,50.5,3.3,-1.5,27,73,35,14,1074,215,2,9,88,186,1,0,0,0,2,34,55,2.22,46,3,2,3,0,7,0.28,6,0,0,1,0,35,23,23,8,4,20,50.0,20,19,10,45,52,1,1509,64,45,19,50.0,16,42.1,844,19,31,22,942,83,75.1,85,15,1,17,1,1.44,34,30,+4,+0.16,+1.01,32.5,33.4,-0.9,-0.04,+1.00,0,9,1,0,0,135,10,43.5
,Jude Terry,,,,,,,,,,,,,,,,,,,,,,,,,,,,,,,,,,,,,,,,,,,,,,,,,,,,,,,,,,,,,,,,,,,,,,,,,,,,,,,,,,,,,,,,,,,,,,,,,,,,,,,,,,,,,,,,,,,,,,,,,,0,0,,1,,,,,,,,,,,,,,,,,,,
825,Jules-Anthony Vilsaint,ca CAN,"FW,MF",Toronto FC,22-275,2003,5,0,75,0.8,1,0,1,1,0,0,1,0,1.3,1.3,0.0,1.3,4,1,7,1.20,0.00,1.20,1.20,1.20,1.56,0.03,1.59,1.56,1.59,Matches,7,3,42.9,8.40,3.60,0.14,0.33,13.8,0,0.19,-0.3,-0.3,15,23,65.2,266,16,6,9,66.7,7,9,77.8,2,5,40.0,0.0,0.0,1,1,0,0,22,1,0,0,0,0,0,0,0,0,0,0,4,4.80,2,0,1,0,0,2,2.40,1,0,0,0,0,0,0,0,0,0,0,,0,3,0,0,2,0,39,1,9,1,33.3,1,33.3,20,2,3,3,29,15,2.6,,0,5,15,2,1.00,3,1,+2,+2.40,+2.69,2.0,1.2,+0.8,+0.97,+1.42,0,6,0,0,0,4,4,80.0
826,Jules-Anthony Vilsaint,ca CAN,"FW,MF",CF Montréal,22-275,2003,9,1,225,2.5,0,1,1,0,0,0,0,0,0.6,0.6,0.3,0.8,4,2,18,0.00,0.40,0.40,0.00,0.40,0.23,0.10,0.33,0.23,0.33,Matches,7,3,42.9,8.40,3.60,0.14,0.33,13.8,0,0.19,-0.3,-0.3,15,23,65.2,266,16,6,9,66.7,7,9,77.8,2,5,40.0,0.0,0.0,1,1,0,0,22,1,0,0,0,0,0,0,0,0,0,0,4,4.80,2,0,1,0,0,2,2.40,1,0,0,0,0,0,0,0,0,0,0,,0,3,0,0,2,0,39,1,9,1,33.3,1,33.3,20,2,3,3,29,15,2.6,,0,5,15,2,1.00,3,1,+2,+2.40,+2.69,2.0,1.2,+0.8,+0.97,+1.42,0,6,0,0,0,4,4,80.0
280,Julian Gaines,us USA,"FW,DF",Nashville SC,22-337,2002,3,0,25,0.3,0,0,0,0,0,0,0,0,0.0,0.0,0.0,0.0,1,1,1,0.00,0.00,0.00,0.00,0.00,0.04,0.00,0.04,0.04,0.04,Matches,1,0,0.0,3.60,0.00,0.00,,33.9,0,0.01,0.0,0.0,29,33,87.9,424,116,19,20,95.0,9,10,90.0,1,1,100.0,0.0,0.0,0,2,0,0,26,7,0,0,1,5,0,0,0,0,0,0,0,0.00,0,0,0,0,0,0,0.00,0,0,0,0,0,3,0,2,0,1,0,,0,0,1,4,0,0,42,0,0,0,,0,,22,0,1,0,22,8,0.8,,0,3,8,5,1.00,0,0,0,0.00,-0.49,0.7,0.0,+0.7,+2.38,+1.81,0,1,0,0,0,3,2,50.0
315,Julian Gressel,us USA,"DF,MF",Minnesota Utd,31-296,1993,21,12,1086,12.1,1,3,4,1,0,0,2,0,0.6,0.6,1.9,2.5,8,25,36,0.08,0.25,0.33,0.08,0.33,0.05,0.16,0.21,0.05,0.21,Matches,10,3,30.0,0.83,0.25,0.10,0.33,24.2,0,0.06,+0.4,+0.4,325,453,71.7,5768,1748,149,171,87.1,118,154,76.6,45,104,43.3,2.2,+1.1,16,13,11,6,394,57,2,3,74,10,25,18,7,0,2,4,23,1.91,13,10,0,0,0,3,0.25,2,1,0,0,0,28,16,19,8,1,16,64.0,9,5,9,37,32,0,570,37,10,4,50.0,3,37.5,272,1,13,1,317,52,36.6,72,3,9,24,2,1.71,18,17,+1,+0.08,-0.73,14.8,18.3,-3.5,-0.29,-0.50,0,11,0,0,0,50,9,47.4
331,Julian Hall,us USA,"FW,MF",NY Red Bulls,17-198,2008,25,4,664,7.4,1,0,1,1,0,0,0,0,1.5,1.5,0.3,1.8,20,17,67,0.14,0.00,0.14,0.14,0.14,0.20,0.05,0.25,0.20,0.25,Matches,15,5,33.3,2.03,0.68,0.07,0.20,13.4,0,0.10,-0.5,-0.5,142,189,75.1,2081,380,80,103,77.7,50,62,80.6,6,8,75.0,0.7,-0.3,5,16,2,2,180,9,0,0,6,3,0,0,0,0,0,5,23,3.11,15,0,3,3,1,2,0.27,1,0,0,1,0,7,3,5,2,0,1,20.0,4,6,5,12,2,0,274,2,35,13,50.0,11,42.3,172,13,24,7,198,27,22.4,63,0,21,20,6,0.96,16,8,+8,+1.08,+1.28,14.2,13.6,+0.6,+0.08,+0.23,0,10,1,0,0,14,8,30.8
145,Julio Cascante,cr CRC,DF,Austin,32-005,1993,12,9,732,8.1,0,0,0,0,0,0,1,0,0.1,0.1,0.1,0.2,2,32,0,0.00,0.00,0.00,0.00,0.00,0.02,0.01,0.02,0.02,0.02,Matches,4,0,0.0,0.49,0.00,0.00,,13.0,0,0.03,-0.1,-0.1,431,471,91.5,8252,3418,148,158,93.7,231,241,95.9,46,63,73.0,0.3,-0.1,2,31,1,0,455,15,0,3,1,1,0,0,0,0,1,2,6,0.74,5,0,0,0,0,1,0.12,1,0,0,0,0,4,3,2,2,0,3,42.9,4,1,10,14,35,0,543,67,12,0,0.0,1,100.0,330,0,1,1,409,61,25.4,78,6,3,10,15,1.42,5,13,-8,-0.98,-0.98,7.4,13.2,-5.8,-0.72,-0.72,0,7,0,0,0,21,18,52.9
387,Julio Joao Ortíz,ec ECU,MF,Portland Timbers,29-160,1996,19,16,1053,11.7,0,0,0,0,0,0,3,0,0.3,0.3,0.7,1.0,7,46,15,0.00,0.00,0.00,0.00,0.00,0.03,0.06,0.08,0.03,0.08,Matches,6,0,0.0,0.51,0.00,0.00,,25.9,0,0.05,-0.3,-0.3,520,582,89.3,8754,2379,251,265,94.7,221,235,94.0,41,59,69.5,0.5,-0.7,7,47,6,0,564,15,1,8,6,0,0,0,0,0,3,12,17,1.45,17,0,0,0,0,1,0.09,1,0,0,0,0,25,14,16,7,2,11,64.7,6,6,6,31,11,1,669,23,2,6,60.0,4,40.0,408,2,16,11,482,55,35.5,63,1,3,13,12,1.63,13,21,-8,-0.68,-0.92,13.1,18.3,-5.2,-0.44,-0.24,0,14,0,1,0,63,8,66.7
46,Julián Aude,ar ARG,DF,LA Galaxy,22-198,2003,28,11,1221,13.6,0,0,0,0,0,0,3,0,0.3,0.3,0.9,1.2,28,82,93,0.00,0.00,0.00,0.00,0.00,0.02,0.07,0.09,0.02,0.09,Matches,4,1,25.0,0.29,0.07,0.00,0.00,18.2,0,0.07,-0.3,-0.3,815,937,87.0,12701,3395,446,478,93.3,309,349,88.5,39,70,55.7,1.0,-0.9,12,79,16,7,827,109,0,6,28,82,0,0,0,0,1,14,29,2.14,24,1,0,1,2,1,0.07,0,0,0,0,0,36,22,21,10,5,23,51.1,22,12,13,49,38,1,1095,52,13,20,57.1,14,40.0,583,3,13,7,747,44,42.4,79,5,17,21,2,0.75,16,33,-17,-1.25,-0.98,18.5,26.1,-7.7,-0.57,-0.29,0,19,0,0,1,63,16,61.5
257,Julián Fernández,ar ARG,"FW,MF",NYCFC,21-278,2004,31,14,1382,15.4,3,4,7,3,0,0,6,0,3.3,3.3,5.9,9.1,47,62,148,0.20,0.26,0.46,0.20,0.46,0.21,0.38,0.59,0.21,0.59,Matches,38,10,26.3,2.47,0.65,0.08,0.30,18.2,3,0.09,-0.3,-0.3,540,736,73.4,8055,2292,296,347,85.3,181,231,78.4,36,102,35.3,5.0,-1.9,43,53,22,1,663,69,4,2,75,13,43,23,8,0,4,23,70,4.56,46,11,4,2,3,3,0.20,3,0,0,0,0,25,12,7,14,4,12,37.5,20,23,7,32,10,0,942,16,64,24,43.6,26,47.3,547,15,50,11,656,45,46.5,73,3,17,21,2,1.61,21,20,+1,+0.07,-0.27,25.6,20.3,+5.3,+0.35,+0.29,0,19,0,0,0,70,11,36.7
364,Jung Hoyeon,kr KOR,MF,Minnesota Utd,25-010,2000,4,1,89,1.0,0,0,0,0,0,0,0,0,0.0,0.0,0.0,0.0,1,5,0,0.00,0.00,0.00,0.00,0.00,0.00,0.00,0.00,0.00,0.00,Matches,0,0,,0.00,0.00,,,,0,,0.0,0.0,21,26,80.8,301,93,14,18,77.8,7,8,87.5,0,0,,0.0,0.0,0,3,2,0,26,0,0,0,0,0,0,0,0,0,0,0,1,1.02,1,0,0,0,0,1,1.02,1,0,0,0,0,3,2,1,2,0,0,0.0,2,3,2,5,3,0,39,3,0,1,50.0,1,50.0,16,0,1,3,20,22,3.0,64,0,3,8,14,0.75,1,2,-1,-1.01,-1.60,0.5,1.9,-1.4,-1.42,-1.50,0,4,0,0,0,5,1,50.0
302,Justen Glad,us USA,DF,Real Salt Lake,28-222,1997,29,29,2598,28.9,0,1,1,0,0,0,7,0,1.2,1.2,1.3,2.5,7,73,6,0.00,0.03,0.03,0.00,0.03,0.04,0.04,0.09,0.04,0.09,Matches,15,1,6.7,0.52,0.03,0.00,0.00,12.2,0,0.08,-1.2,-1.2,1814,2015,90.0,34355,12631,647,682,94.9,942,1004,93.8,190,266,71.4,0.7,-0.3,12,93,2,2,1900,112,1,10,11,20,0,0,0,0,3,8,30,1.04,25,1,0,2,1,4,0.14,3,0,0,1,0,34,14,19,13,2,13,59.1,9,14,39,73,170,1,2350,345,29,2,100.0,0,0.0,1410,1,6,1,1601,90,90.2,90,27,0,,0,1.24,32,43,-11,-0.38,-0.70,36.7,47.0,-10.4,-0.36,-0.25,0,33,1,1,0,96,64,53.3
234,Justin Ellis,us USA,FW,Orlando City,18-147,2007,1,0,3,0.0,0,0,0,0,0,0,0,0,0.0,0.0,0.0,0.0,0,0,0,0.00,0.00,0.00,0.00,0.00,0.00,0.00,0.00,0.00,0.00,Matches,0,0,,0.00,0.00,,,,0,,0.0,0.0,2,2,100.0,8,1,1,1,100.0,0,0,,0,0,,0.0,0.0,0,0,0,0,2,0,0,0,0,0,0,0,0,0,0,0,0,0.00,0,0,0,0,0,0,0.00,0,0,0,0,0,0,0,0,0,0,0,0.0,1,0,1,1,0,0,4,0,0,0,0.0,1,100.0,2,0,0,0,2,3,0.1,,0,1,3,2,3.00,0,0,0,0.00,-0.47,0.0,0.0,0.0,0.00,-0.39,0,0,0,0,0,0,0,
323,Justin Haak,us USA,"DF,MF",NYCFC,24-026,2001,33,33,2918,32.4,1,4,5,1,0,0,5,0,1.0,1.0,2.1,3.1,33,139,28,0.03,0.12,0.15,0.03,0.15,0.03,0.07,0.10,0.03,0.10,Matches,14,4,28.6,0.43,0.12,0.07,0.25,14.0,0,0.07,0.0,0.0,1677,1907,87.9,29934,11142,606,659,92.0,942,1014,92.9,98,174,56.3,2.1,+1.9,12,109,8,0,1806,97,7,6,3,8,0,0,0,0,4,19,27,0.83,25,0,0,1,0,7,0.22,7,0,0,0,0,48,25,31,16,1,21,52.5,19,26,45,93,135,1,2282,272,30,16,59.3,10,37.0,1378,2,33,23,1563,88,98.2,88,30,0,,0,1.70,48,41,+7,+0.22,+0.22,48.0,41.8,+6.2,+0.19,-0.06,0,35,0,1,1,145,35,50.7
650,Justin Reynolds,us USA,"DF,MF",Chicago Fire,21-065,2004,3,1,136,1.5,1,0,1,1,0,0,0,0,1.0,1.0,0.1,1.0,6,3,8,0.66,0.00,0.66,0.66,0.66,0.64,0.05,0.69,0.64,0.69,Matches,1,1,100.0,0.66,0.66,1.00,1.00,1.5,0,0.97,0.0,0.0,68,89,76.4,901,326,43,49,87.8,17,25,68.0,3,6,50.0,0.1,-0.1,1,2,3,2,72,17,0,0,4,16,0,0,0,0,0,3,1,0.66,1,0,0,0,0,0,0.00,0,0,0,0,0,1,1,1,0,0,1,50.0,1,3,1,2,5,1,109,10,1,2,40.0,3,60.0,57,0,0,4,65,45,4.6,61,0,2,38,11,2.00,5,3,+2,+1.32,+1.13,2.5,3.2,-0.6,-0.42,-0.43,0,2,0,0,0,6,0,0.0
562,Jáder Obrian,co COL,"FW,MF",Austin,30-143,1995,29,8,804,8.9,0,0,0,0,0,0,4,0,1.8,1.8,0.4,2.2,15,27,57,0.00,0.00,0.00,0.00,0.00,0.20,0.05,0.25,0.20,0.25,Matches,15,5,33.3,1.68,0.56,0.00,0.00,19.5,0,0.12,-1.8,-1.8,167,240,69.6,2435,839,91,112,81.3,56,73,76.7,10,21,47.6,0.8,-0.4,8,19,13,1,232,7,2,0,14,2,1,0,0,0,1,11,21,2.35,17,0,3,1,0,0,0.00,0,0,0,0,0,19,13,12,7,0,6,42.9,8,8,2,21,8,0,329,8,27,9,56.3,5,31.3,199,7,17,10,225,28,27.9,67,1,21,13,3,1.38,5,13,-8,-0.90,-0.90,7.9,14.7,-6.8,-0.76,-0.81,0,9,0,0,0,44,11,55.0
806,Júnior Urso,br BRA,MF,Houston Dynamo,36-212,1989,18,11,962,10.7,1,1,2,1,0,0,4,0,1.3,1.3,1.1,2.5,9,37,13,0.09,0.09,0.19,0.09,0.19,0.13,0.11,0.23,0.13,0.23,Matches,13,3,23.1,1.22,0.28,0.08,0.33,16.5,0,0.10,-0.3,-0.3,463,520,89.0,6692,1548,263,277,94.9,160,180,88.9,17,21,81.0,0.5,-0.1,6,35,2,0,508,11,2,0,2,0,0,0,0,0,1,10,16,1.50,14,0,2,0,0,0,0.00,0,0,0,0,0,24,17,8,9,7,12,75.0,4,8,7,31,19,2,636,21,14,9,52.9,5,29.4,372,1,15,16,476,53,32.4,79,6,7,14,9,1.22,11,11,0,0.00,+0.58,13.3,13.5,-0.2,-0.02,+0.20,0,8,0,0,0,40,11,78.6
831,Kai Wagner,de GER,DF,Philadelphia Union,28-235,1997,31,29,2679,29.8,2,10,12,2,0,0,5,0,0.5,0.5,10.6,11.0,46,147,121,0.07,0.34,0.40,0.07,0.40,0.02,0.35,0.37,0.02,0.37,Matches,16,5,31.3,0.54,0.17,0.13,0.40,26.4,4,0.03,+1.5,+1.5,1353,1997,67.8,26538,13140,587,674,87.1,531,734,72.3,220,505,43.6,9.4,-0.6,87,130,50,27,1381,605,1,13,320,312,150,83,32,8,11,47,144,4.84,68,64,2,7,1,15,0.50,9,5,1,0,0,91,71,42,36,13,43,55.1,35,45,42,133,84,2,2317,82,18,20,60.6,9,27.3,958,5,26,6,1060,86,90.2,90,28,2,40,0,2.10,55,26,+29,+0.97,+2.52,51.4,31.6,+19.8,+0.67,+1.36,0,37,0,0,0,161,44,64.7
401,Kaick,br BRA,MF,FC Dallas,19-313,2005,25,19,1538,17.1,1,0,1,1,0,0,7,1,0.8,0.8,1.1,2.0,15,89,30,0.06,0.00,0.06,0.06,0.06,0.05,0.07,0.11,0.05,0.11,Matches,14,3,21.4,0.82,0.18,0.07,0.33,23.6,0,0.06,+0.2,+0.2,568,697,81.5,9144,3285,284,326,87.1,196,232,84.5,57,87,65.5,1.8,-1.1,13,69,14,2,680,17,2,7,12,4,1,0,1,0,0,14,35,2.05,30,1,0,2,0,2,0.12,1,0,0,0,0,43,29,22,19,2,24,48.0,26,13,21,64,19,2,876,34,13,11,57.9,5,26.3,475,1,30,23,579,62,53.4,74,8,6,22,1,1.24,23,25,-2,-0.12,-0.05,22.6,23.4,-0.7,-0.04,-0.03,0,31,0,0,0,96,4,26.7
654,Kalani Rienzi,us USA,"DF,MF",Seattle Sounders,23-103,2002,20,13,1234,13.7,3,2,5,3,0,0,4,1,1.1,1.1,1.1,2.1,23,60,73,0.22,0.15,0.36,0.22,0.36,0.08,0.08,0.16,0.08,0.16,Matches,10,4,40.0,0.73,0.29,0.30,0.75,20.3,0,0.11,+1.9,+1.9,538,661,81.4,7914,2319,308,347,88.8,174,215,80.9,30,55,54.5,1.9,+0.9,5,31,16,3,569,90,5,2,24,82,0,0,0,0,2,10,23,1.68,18,2,1,0,1,7,0.51,5,0,1,0,0,41,27,21,13,7,26,53.1,23,6,20,61,36,1,818,47,25,13,54.2,9,37.5,418,5,23,10,469,62,42.8,77,5,7,34,9,1.45,26,25,+1,+0.07,-0.31,22.7,20.4,+2.3,+0.17,-0.43,1,13,0,0,0,67,9,40.9
505,Kamal Miller,ca CAN,DF,Portland Timbers,28-145,1997,23,22,1790,19.9,1,0,1,1,0,0,5,1,0.4,0.4,0.2,0.6,8,59,2,0.05,0.00,0.05,0.05,0.05,0.02,0.01,0.03,0.02,0.03,Matches,6,2,33.3,0.30,0.10,0.17,0.50,11.9,0,0.07,+0.6,+0.6,1120,1264,88.6,22023,10919,372,393,94.7,609,657,92.7,127,188,67.6,0.4,-0.2,3,67,6,0,1215,47,0,9,3,4,0,0,0,0,2,7,13,0.65,11,0,0,0,0,0,0.00,0,0,0,0,0,13,7,9,4,0,8,47.1,9,6,24,37,99,1,1455,167,12,3,50.0,3,50.0,920,1,9,3,1047,78,60.3,81,16,1,15,5,1.48,32,25,+7,+0.35,+1.11,27.5,30.1,-2.6,-0.13,+0.39,0,19,0,0,0,68,34,57.6
,Kayne Rizvanovich,,,,,,,,,,,,,,,,,,,,,,,,,,,,,,,,,,,,,,,,,,,,,,,,,,,,,,,,,,,,,,,,,,,,,,,,,,,,,,,,,,,,,,,,,,,,,,,,,,,,,,,,,,,,,,,,,,,,,,,,,,0,0,,1,,,,,,,,,,,,,,,,,,,
596,Keaton Parks,us USA,MF,NYCFC,28-063,1997,14,10,880,9.8,1,2,3,1,0,0,3,0,1.5,1.5,1.2,2.7,15,65,24,0.10,0.20,0.31,0.10,0.31,0.16,0.12,0.28,0.16,0.28,Matches,10,6,60.0,1.02,0.61,0.10,0.17,13.1,0,0.15,-0.5,-0.5,488,596,81.9,7864,2563,256,301,85.0,182,217,83.9,40,52,76.9,1.1,+0.8,14,67,7,0,584,11,2,1,3,5,0,0,0,0,1,8,39,3.99,31,0,3,2,1,4,0.41,3,0,0,0,0,22,12,9,10,3,17,73.9,6,8,12,34,29,1,721,39,27,8,40.0,10,50.0,374,1,13,7,497,63,29.6,77,7,4,27,0,1.50,15,12,+3,+0.31,+0.13,15.4,13.1,+2.3,+0.23,+0.06,0,18,0,0,1,59,18,72.0
365,Keegan Hughes,us USA,DF,NE Revolution,25-078,2000,6,3,279,3.1,0,0,0,0,0,0,2,0,0.0,0.0,0.0,0.0,0,12,1,0.00,0.00,0.00,0.00,0.00,0.00,0.01,0.01,0.00,0.01,Matches,0,0,,0.00,0.00,,,,0,,0.0,0.0,157,178,88.2,2725,1039,64,69,92.8,82,89,92.1,11,19,57.9,0.0,0.0,1,12,0,0,168,10,0,0,1,2,0,0,0,0,0,0,0,0.00,0,0,0,0,0,0,0.00,0,0,0,0,0,10,6,9,1,0,4,80.0,1,0,5,15,15,0,215,26,3,0,,0,,131,0,1,1,142,47,9.4,90,3,3,3,18,1.50,9,8,+1,+0.32,+0.59,5.8,5.4,+0.3,+0.10,+0.35,0,7,0,1,0,11,6,54.5
676,Keegan Rosenberry,us USA,DF,Colorado Rapids,31-301,1993,15,10,1042,11.6,2,0,2,2,0,0,0,0,0.4,0.4,0.4,0.7,10,45,28,0.17,0.00,0.17,0.17,0.17,0.03,0.03,0.06,0.03,0.06,Matches,6,3,50.0,0.52,0.26,0.33,0.67,22.0,0,0.06,+1.6,+1.6,384,530,72.5,6839,2801,178,194,91.8,160,211,75.8,43,103,41.7,0.4,-0.4,4,36,4,1,416,113,1,0,15,100,0,0,0,0,1,11,15,1.30,11,4,0,0,0,2,0.17,2,0,0,0,0,11,7,6,3,2,6,50.0,6,11,20,31,49,1,662,65,3,9,56.3,7,43.8,274,0,6,6,323,69,35.1,89,9,5,31,16,1.27,13,25,-12,-1.04,-1.04,18.8,23.5,-4.8,-0.41,-0.36,0,6,0,0,0,43,11,50.0
402,Kei Kamara,sl SLE,FW,FC Cincinnati,41-037,1984,18,7,703,7.8,0,0,0,0,0,0,2,0,1.1,1.1,1.7,2.8,14,10,36,0.00,0.00,0.00,0.00,0.00,0.14,0.22,0.36,0.14,0.36,Matches,12,3,25.0,1.54,0.38,0.00,0.00,17.0,0,0.09,-1.1,-1.1,125,169,74.0,1690,256,80,95,84.2,36,46,78.3,3,6,50.0,0.6,-1.7,9,6,3,0,164,5,1,1,2,2,0,0,0,0,0,5,17,2.18,14,0,1,1,0,2,0.26,2,0,0,0,0,3,2,0,2,1,3,75.0,1,4,0,3,11,0,253,11,26,10,50.0,10,50.0,142,4,26,9,209,39,23.7,67,0,11,21,3,1.67,12,9,+3,+0.38,+0.15,8.9,10.5,-1.6,-0.20,+0.04,0,7,0,0,0,15,31,62.0
7,Kellyn Acosta,us USA,MF,Chicago Fire,30-076,1995,19,6,655,7.3,0,0,0,0,0,0,2,0,0.1,0.1,0.4,0.5,5,27,8,0.00,0.00,0.00,0.00,0.00,0.01,0.06,0.06,0.01,0.06,Matches,2,2,100.0,0.27,0.27,0.00,0.00,24.8,0,0.03,-0.1,-0.1,341,391,87.2,5109,1316,192,212,90.6,123,131,93.9,16,29,55.2,0.2,-0.4,3,26,4,0,381,10,1,1,2,0,1,0,0,0,0,2,11,1.51,9,1,0,0,0,0,0.00,0,0,0,0,0,7,4,4,3,0,3,27.3,8,6,14,21,12,0,453,17,7,1,20.0,4,80.0,247,2,7,6,332,34,22.1,75,3,13,16,9,1.58,18,21,-3,-0.41,-0.84,11.9,17.0,-5.2,-0.71,-0.90,0,10,0,1,0,30,5,55.6
859,Kelvin Yeboah,it ITA,FW,Minnesota Utd,25-155,2000,29,23,2029,22.5,9,0,9,6,3,3,3,0,10.1,7.8,0.9,8.7,39,28,122,0.40,0.00,0.40,0.27,0.27,0.45,0.04,0.49,0.34,0.38,Matches,59,29,49.2,2.62,1.29,0.10,0.21,15.5,3,0.13,-1.1,-1.8,241,362,66.6,3147,620,152,201,75.6,64,95,67.4,9,12,75.0,1.5,-0.9,14,11,12,0,347,13,3,0,9,0,0,0,0,0,2,17,41,1.82,30,0,5,3,0,5,0.22,3,0,0,2,0,12,11,2,3,7,2,22.2,7,14,2,14,8,0,612,12,93,24,44.4,27,50.0,355,24,63,38,458,70,68.3,83,12,6,22,0,1.76,32,21,+11,+0.49,-0.18,29.6,29.6,+0.1,0.00,-0.10,0,43,1,0,0,47,60,46.2
130,Kenji Cabrera,pe PER,"MF,FW",Vancouver W'caps,22-254,2003,5,2,171,1.9,1,0,1,1,0,0,0,0,0.6,0.6,0.2,0.7,6,14,23,0.53,0.00,0.53,0.53,0.53,0.29,0.09,0.38,0.29,0.38,Matches,3,1,33.3,1.58,0.53,0.33,1.00,10.8,0,0.19,+0.4,+0.4,94,109,86.2,1512,368,46,50,92.0,39,44,88.6,7,9,77.8,0.2,-0.2,3,6,3,1,105,4,0,3,3,1,0,0,0,0,0,3,13,6.84,11,0,1,0,0,1,0.53,0,0,1,0,0,5,4,1,1,3,2,50.0,2,2,1,6,4,0,133,3,7,2,40.0,2,40.0,78,0,4,1,96,34,5.9,72,0,3,9,1,2.20,5,2,+3,+1.58,+0.75,3.9,1.8,+2.1,+1.08,+0.37,0,1,0,0,0,9,1,33.3
485,Kenji Mboma Dem,fr FRA,"DF,FW",FC Cincinnati,23-259,2002,4,0,84,0.9,0,0,0,0,0,0,0,0,0.0,0.0,0.0,0.0,1,4,2,0.00,0.00,0.00,0.00,0.00,0.00,0.00,0.00,0.00,0.00,Matches,0,0,,0.00,0.00,,,,0,,0.0,0.0,25,31,80.6,418,155,11,13,84.6,12,12,100.0,2,3,66.7,0.1,0.0,0,2,1,0,28,2,0,0,0,2,0,0,0,0,1,1,3,3.21,3,0,0,0,0,0,0.00,0,0,0,0,0,1,1,0,0,1,1,100.0,0,1,0,1,1,0,39,1,0,0,0.0,3,100.0,20,0,1,2,20,21,2.8,,0,4,21,5,0.75,0,4,-4,-4.29,-4.69,1.3,3.8,-2.5,-2.67,-2.51,0,0,0,0,0,7,0,
554,Kenneth Nielsen,us USA,DF,LAFC,23-237,2002,2,1,94,1.0,0,0,0,0,0,0,0,0,0.1,0.1,0.0,0.1,1,6,0,0.00,0.00,0.00,0.00,0.00,0.07,0.00,0.07,0.07,0.07,Matches,1,1,100.0,0.96,0.96,0.00,0.00,9.0,0,0.07,-0.1,-0.1,104,110,94.5,1961,513,27,27,100.0,74,77,96.1,3,5,60.0,0.0,0.0,0,8,0,0,107,3,0,0,0,1,0,0,0,0,0,0,0,0.00,0,0,0,0,0,0,0.00,0,0,0,0,0,0,0,0,0,0,0,,0,1,2,2,7,0,122,10,1,0,,0,,89,0,0,0,92,47,3.4,90,1,1,4,13,1.50,0,1,-1,-0.96,-1.79,1.5,0.9,+0.6,+0.56,-0.20,0,1,0,0,0,7,5,83.3
812,Kerwin Vargas,co COL,"FW,MF",Charlotte,23-279,2002,33,18,1631,18.1,5,2,7,5,0,0,4,0,4.4,4.4,2.8,7.2,43,56,169,0.28,0.11,0.39,0.28,0.39,0.24,0.16,0.40,0.24,0.40,Matches,42,14,33.3,2.32,0.77,0.12,0.36,19.2,2,0.11,+0.6,+0.6,554,688,80.5,9086,2377,289,328,88.1,208,253,82.2,45,77,58.4,3.6,-0.8,22,38,31,14,667,20,2,8,55,10,7,1,3,0,1,14,56,3.08,36,3,8,4,0,5,0.28,3,0,0,0,0,27,15,16,6,5,16,51.6,15,18,12,39,22,0,901,24,62,17,43.6,18,46.2,554,22,41,13,665,49,54.9,76,3,15,18,0,1.70,30,22,+8,+0.44,+0.51,23.9,30.9,-7.0,-0.39,-0.66,0,19,0,0,0,74,18,41.9
128,Kevin Cabral,fr FRA,"FW,MF",Colorado Rapids,26-090,1999,18,10,767,8.5,0,0,0,0,0,0,4,0,1.4,1.4,0.2,1.5,12,10,58,0.00,0.00,0.00,0.00,0.00,0.16,0.02,0.18,0.16,0.18,Matches,13,3,23.1,1.53,0.35,0.00,0.00,14.5,0,0.11,-1.4,-1.4,114,162,70.4,1833,418,59,72,81.9,42,62,67.7,7,12,58.3,0.3,-0.2,5,10,1,1,157,5,0,2,16,1,0,0,0,0,0,9,10,1.17,6,0,0,1,2,0,0.00,0,0,0,0,0,16,10,4,5,7,8,50.0,8,12,5,21,6,0,250,7,30,1,14.3,5,71.4,141,5,16,12,162,43,25.8,65,0,8,15,4,1.39,7,14,-7,-0.82,-0.62,8.9,14.4,-5.5,-0.65,-0.63,0,14,0,0,0,19,3,16.7
408,Kevin Kelsy,ve VEN,FW,Portland Timbers,21-073,2004,32,16,1533,17.0,7,1,8,6,1,1,3,0,5.8,5.0,1.6,6.6,9,26,68,0.41,0.06,0.47,0.35,0.41,0.34,0.09,0.43,0.29,0.39,Matches,34,13,38.2,2.00,0.76,0.18,0.46,13.6,0,0.15,+1.2,+1.0,238,325,73.2,3216,613,136,183,74.3,75,92,81.5,10,15,66.7,0.9,-0.6,13,19,4,0,285,39,0,0,2,0,0,0,0,0,1,9,29,1.70,19,0,1,5,0,4,0.23,2,0,0,0,0,9,7,2,4,3,2,33.3,4,11,6,15,22,0,532,22,71,9,28.1,23,71.9,264,6,52,30,369,48,51.6,75,5,16,21,0,1.34,21,30,-9,-0.53,-0.90,19.1,27.7,-8.6,-0.51,-0.45,0,31,0,0,0,30,41,48.8
447,Kevin Long,ie IRL,DF,Toronto FC,35-051,1990,24,23,1887,21.0,0,0,0,0,0,0,6,0,1.0,1.0,0.3,1.3,0,30,2,0.00,0.00,0.00,0.00,0.00,0.05,0.02,0.06,0.05,0.06,Matches,11,2,18.2,0.52,0.10,0.00,0.00,9.6,0,0.09,-1.0,-1.0,796,953,83.5,16600,6078,214,239,89.5,468,509,91.9,105,184,57.1,0.6,-0.3,2,39,2,0,905,45,0,10,0,0,0,0,0,0,3,5,8,0.38,6,0,0,0,1,1,0.05,1,0,0,0,0,33,17,25,8,0,11,61.1,7,6,16,49,139,0,1192,186,22,0,0.0,2,100.0,648,0,6,4,745,79,65.5,81,18,1,13,3,0.96,22,28,-6,-0.29,-0.20,20.5,27.8,-7.3,-0.35,+0.18,0,30,0,0,0,77,73,70.9
560,Kevin O'Toole,us USA,DF,NYCFC,26-298,1998,25,21,1803,20.0,1,1,2,1,0,0,6,1,0.6,0.6,1.5,2.1,26,109,87,0.05,0.05,0.10,0.05,0.10,0.03,0.08,0.11,0.03,0.11,Matches,8,4,50.0,0.40,0.20,0.13,0.25,20.8,0,0.07,+0.4,+0.4,1122,1335,84.0,17312,5764,591,640,92.3,458,525,87.2,51,98,52.0,1.3,-0.5,14,84,13,2,1154,177,1,0,38,151,0,0,0,0,4,32,30,1.50,27,0,0,1,1,2,0.10,1,0,0,0,0,42,26,18,20,4,25,61.0,16,21,24,66,79,1,1584,86,26,6,37.5,10,62.5,797,2,29,21,1032,72,60.7,82,13,4,19,0,1.68,30,29,+1,+0.05,-0.41,28.4,28.9,-0.6,-0.03,-0.56,1,25,0,0,0,77,25,50.0
727,Khiry Shelton,us USA,DF,Sporting KC,32-104,1993,26,20,1713,19.0,0,1,1,0,0,0,2,1,0.7,0.7,0.4,1.0,28,73,60,0.00,0.05,0.05,0.00,0.05,0.03,0.02,0.05,0.03,0.05,Matches,6,2,33.3,0.32,0.11,0.00,0.00,11.8,0,0.11,-0.7,-0.7,812,961,84.5,12120,4107,468,514,91.1,268,324,82.7,47,68,69.1,0.9,+0.6,7,80,8,1,787,171,0,13,15,140,0,0,0,0,3,13,23,1.21,17,5,0,0,1,3,0.16,2,1,0,0,0,22,9,15,4,3,13,44.8,16,16,25,47,48,1,1123,74,25,8,53.3,7,46.7,510,3,16,18,614,66,57.7,79,11,6,23,1,0.81,30,44,-14,-0.74,-0.02,23.6,43.6,-20.0,-1.05,-0.43,1,14,0,0,0,102,22,61.1
153,Kieran Chandler,us USA,DF,Minnesota Utd,20-121,2005,1,1,64,0.7,0,0,0,0,0,0,0,0,0.0,0.0,0.0,0.0,1,0,2,0.00,0.00,0.00,0.00,0.00,0.00,0.00,0.00,0.00,0.00,Matches,0,0,,0.00,0.00,,,,0,,0.0,0.0,5,10,50.0,78,42,2,4,50.0,3,3,100.0,0,3,0.0,0.0,0.0,0,0,0,0,9,1,0,0,2,0,1,1,0,0,0,0,0,0.00,0,0,0,0,0,0,0.00,0,0,0,0,0,2,0,2,0,0,2,100.0,0,1,1,3,6,0,26,5,0,0,0.0,1,100.0,8,0,1,0,7,64,2.2,64,0,0,,4,0.00,0,1,-1,-1.41,-1.99,0.1,0.6,-0.6,-0.82,-0.87,0,0,0,0,0,2,1,100.0
393,Kim Joonhong,kr KOR,GK,D.C. United,22-127,2003,8,8,720,8.0,0,0,0,0,0,0,1,0,0.0,0.0,0.0,0.0,0,0,0,0.00,0.00,0.00,0.00,0.00,0.00,0.00,0.00,0.00,0.00,Matches,0,0,,0.00,0.00,,,,0,,0.0,0.0,186,269,69.1,5939,4943,43,43,100.0,58,58,100.0,84,166,50.6,0.1,0.0,0,17,0,0,193,75,0,0,0,0,0,0,0,0,1,0,3,0.37,2,1,0,0,0,0,0.00,0,0,0,0,0,0,0,0,0,0,0,,0,0,0,0,5,1,290,224,0,1,100.0,0,0.0,147,0,1,0,123,90,24.2,90,8,0,,18,0.75,9,19,-10,-1.25,-0.21,12.2,14.4,-2.2,-0.27,+0.21,0,0,0,0,0,16,0,
407,Kim Kee-hee,kr KOR,DF,Seattle Sounders,36-087,1989,15,10,1035,11.5,0,0,0,0,0,0,3,0,0.2,0.2,0.1,0.2,2,29,1,0.00,0.00,0.00,0.00,0.00,0.01,0.00,0.02,0.01,0.02,Matches,3,0,0.0,0.26,0.00,0.00,,13.6,0,0.05,-0.2,-0.2,533,600,88.8,9348,3432,222,235,94.5,265,288,92.0,41,67,61.2,0.3,-0.1,2,32,0,0,580,20,1,2,1,2,0,0,0,0,0,3,6,0.52,4,1,0,0,0,0,0.00,0,0,0,0,0,14,4,10,4,0,7,63.6,4,7,17,31,48,0,713,93,5,1,100.0,0,0.0,455,1,3,0,492,69,35.9,80,8,5,47,5,2.07,23,16,+7,+0.61,+0.56,20.4,15.4,+4.9,+0.43,+0.03,0,15,0,0,0,35,20,66.7
753,Kimani Stewart-Baynes,ca CAN,"MF,FW",Colorado Rapids,20-264,2005,4,0,31,0.3,0,0,0,0,0,0,0,0,0.0,0.0,0.0,0.0,0,2,2,0.00,0.00,0.00,0.00,0.00,0.00,0.00,0.00,0.00,0.00,Matches,0,0,,0.00,0.00,,,,0,,0.0,0.0,9,12,75.0,128,31,4,6,66.7,5,6,83.3,0,0,,0.0,0.0,0,1,0,0,12,0,0,0,0,0,0,0,0,0,0,0,0,0.00,0,0,0,0,0,0,0.00,0,0,0,0,0,3,3,2,1,0,1,100.0,0,0,1,4,0,0,18,0,0,0,,0,,7,0,1,0,11,8,1.0,,0,4,8,9,1.00,1,0,+1,+2.90,+3.30,0.9,0.6,+0.3,+0.77,+0.96,0,1,0,0,0,2,1,100.0
,Kipp Keller,,,,,,,,,,,,,,,,,,,,,,,,,,,,,,,,,,,,,,,,,,,,,,,,,,,,,,,,,,,,,,,,,,,,,,,,,,,,,,,,,,,,,,,,,,,,,,,,,,,,,,,,,,,,,,,,,,,,,,,,,,0,0,,1,,,,,,,,,,,,,,,,,,,
414,Klauss,br BRA,FW,St. Louis,28-221,1997,32,28,2321,25.8,9,2,11,9,0,0,4,0,10.3,10.3,4.1,14.4,25,66,120,0.35,0.08,0.43,0.35,0.43,0.40,0.16,0.56,0.40,0.56,Matches,92,31,33.7,3.57,1.20,0.10,0.29,14.1,0,0.11,-1.3,-1.3,420,585,71.8,5846,1427,215,277,77.6,131,177,74.0,23,32,71.9,3.7,-2.1,30,34,21,1,534,48,4,2,9,5,0,0,0,0,3,19,78,3.03,57,1,3,4,0,9,0.35,4,0,2,0,0,23,14,9,7,7,7,43.8,9,14,8,31,30,0,866,35,147,17,42.5,20,50.0,423,16,46,32,588,73,78.1,80,14,4,20,1,0.88,35,38,-3,-0.12,+1.41,39.1,40.6,-1.5,-0.06,+0.81,0,32,0,0,0,49,77,62.6
274,Kobe Franklin,ca CAN,DF,Toronto FC,22-151,2003,13,6,633,7.0,0,0,0,0,0,0,2,0,0.0,0.0,0.0,0.0,6,22,15,0.00,0.00,0.00,0.00,0.00,0.00,0.00,0.00,0.00,0.00,Matches,2,1,50.0,0.28,0.14,0.00,0.00,23.3,0,0.01,0.0,0.0,270,327,82.6,4653,1529,122,130,93.8,120,138,87.0,22,46,47.8,0.1,0.0,0,21,3,1,269,58,0,0,7,48,0,0,0,0,0,4,10,1.42,7,2,0,1,0,0,0.00,0,0,0,0,0,15,13,12,2,1,7,100.0,0,4,9,24,16,0,384,21,2,3,50.0,2,33.3,214,0,4,4,226,49,22.0,90,5,7,14,13,0.62,3,8,-5,-0.71,-0.63,6.2,9.5,-3.2,-0.46,-0.06,0,9,0,0,0,34,4,44.4
344,Kobi Henry,tt TRI,"DF,FW",Real Salt Lake,21-165,2004,3,0,41,0.5,0,0,0,0,0,0,0,0,0.0,0.0,0.0,0.0,0,1,1,0.00,0.00,0.00,0.00,0.00,0.04,0.00,0.04,0.04,0.04,Matches,1,0,0.0,2.20,0.00,0.00,,27.1,0,0.02,0.0,0.0,19,31,61.3,318,138,7,8,87.5,10,18,55.6,2,5,40.0,0.0,0.0,0,0,0,0,26,5,0,0,0,4,0,0,0,0,0,0,0,0.00,0,0,0,0,0,0,0.00,0,0,0,0,0,0,0,0,0,0,0,,0,0,1,1,1,0,38,1,3,0,0.0,1,100.0,26,0,2,0,29,14,1.4,,0,3,14,6,1.00,0,2,-2,-4.39,-4.14,1.0,1.5,-0.6,-1.23,-0.91,0,1,0,0,0,0,1,33.3
783,Kosi Thompson,ca CAN,DF,Toronto FC,22-254,2003,26,21,1939,21.5,0,0,0,0,0,0,7,0,0.6,0.6,1.3,1.8,24,78,27,0.00,0.00,0.00,0.00,0.00,0.03,0.06,0.09,0.03,0.09,Matches,5,2,40.0,0.23,0.09,0.00,0.00,13.7,0,0.12,-0.6,-0.6,840,1037,81.0,14433,5954,386,428,90.2,372,449,82.9,68,117,58.1,0.3,-1.3,6,87,3,0,876,160,2,6,9,136,0,0,0,0,1,22,21,0.98,17,2,0,0,1,0,0.00,0,0,0,0,0,57,31,30,23,4,29,55.8,23,22,20,77,80,2,1293,101,19,22,64.7,10,29.4,653,4,20,10,771,75,67.3,86,17,5,27,5,1.00,24,25,-1,-0.05,+0.53,21.2,29.4,-8.2,-0.38,+0.09,0,16,0,1,0,76,16,42.1
263,Kristian Fletcher,us USA,FW,D.C. United,20-063,2005,3,0,77,0.9,0,0,0,0,0,0,0,0,0.1,0.1,0.0,0.1,1,1,5,0.00,0.00,0.00,0.00,0.00,0.07,0.02,0.09,0.07,0.09,Matches,2,0,0.0,2.34,0.00,0.00,,28.3,0,0.03,-0.1,-0.1,10,13,76.9,154,21,4,4,100.0,5,7,71.4,0,1,0.0,0.0,0.0,1,1,0,0,12,1,0,0,0,0,0,0,0,0,0,0,1,1.17,1,0,0,0,0,0,0.00,0,0,0,0,0,2,1,2,0,0,2,66.7,1,0,0,2,1,0,30,1,2,0,0.0,3,100.0,18,1,4,3,19,26,2.6,,0,3,26,1,0.33,1,2,-1,-1.17,-0.08,0.9,1.4,-0.6,-0.68,-0.25,0,1,0,0,0,2,1,33.3
400,Kristijan Kahlina,hr CRO,GK,Charlotte,33-076,1992,31,31,2790,31.0,0,0,0,0,0,0,1,0,0.0,0.0,0.0,0.0,0,0,0,0.00,0.00,0.00,0.00,0.00,0.00,0.00,0.00,0.00,0.00,Matches,0,0,,0.00,0.00,,,,0,,0.0,0.0,816,984,82.9,19663,12945,183,183,100.0,438,445,98.4,194,353,55.0,0.0,0.0,0,6,0,0,783,200,0,1,0,0,0,0,0,0,1,0,5,0.16,1,4,0,0,0,0,0.00,0,0,0,0,0,0,0,0,0,0,0,0.0,2,0,1,1,6,5,1057,907,0,0,,0,,647,0,0,0,539,90,93.9,90,31,0,,2,1.71,50,44,+6,+0.19,-0.31,45.2,49.3,-4.2,-0.13,-0.75,0,1,0,1,0,36,3,75.0
818,Kristoffer Velde,no NOR,"FW,MF",Portland Timbers,26-029,1999,7,7,561,6.2,0,2,2,0,0,0,1,0,1.2,1.2,1.9,3.1,32,30,57,0.00,0.32,0.32,0.00,0.32,0.20,0.30,0.50,0.20,0.50,Matches,26,8,30.8,4.17,1.28,0.00,0.00,19.6,2,0.05,-1.2,-1.2,129,190,67.9,2303,857,61,75,81.3,45,63,71.4,19,41,46.3,2.2,+0.1,11,19,11,2,164,25,2,5,35,0,16,11,2,0,1,6,31,4.97,12,5,5,4,1,3,0.48,2,0,1,0,0,5,5,1,1,3,3,18.8,13,3,0,5,3,0,283,4,27,21,53.8,17,43.6,200,10,19,20,224,80,18.9,80,2,0,,0,1.00,6,5,+1,+0.16,+0.31,7.9,8.2,-0.3,-0.05,+0.30,0,9,0,0,0,26,4,36.4
573,Kwadwo Opoku,gh GHA,"FW,MF",CF Montréal,24-087,2001,8,2,179,2.0,0,0,0,0,0,0,1,0,0.1,0.1,0.0,0.1,7,3,11,0.00,0.00,0.00,0.00,0.00,0.05,0.00,0.05,0.05,0.05,Matches,2,1,50.0,1.01,0.50,0.00,0.00,18.0,0,0.05,-0.1,-0.1,41,51,80.4,531,123,29,35,82.9,10,12,83.3,1,2,50.0,0.0,0.0,0,3,0,0,45,6,0,0,0,4,0,0,0,0,0,1,1,0.51,0,0,1,0,0,0,0.00,0,0,0,0,0,4,3,0,1,3,1,50.0,1,1,0,4,3,0,66,3,4,2,50.0,2,50.0,46,1,2,6,50,22,6.0,53,0,6,12,13,0.63,1,6,-5,-2.51,-1.93,1.0,4.6,-3.6,-1.84,-1.68,0,1,0,0,0,6,0,0.0
681,Kye Rowles,au AUS,DF,D.C. United,27-106,1998,30,28,2596,28.8,0,0,0,0,0,0,8,0,1.1,1.1,0.3,1.4,12,78,1,0.00,0.00,0.00,0.00,0.00,0.04,0.01,0.05,0.04,0.05,Matches,7,2,28.6,0.24,0.07,0.00,0.00,6.8,0,0.16,-1.1,-1.1,1246,1455,85.6,24408,9361,403,434,92.9,699,761,91.9,137,240,57.1,0.4,-0.3,2,57,2,0,1412,41,1,7,1,3,0,0,0,0,2,3,12,0.42,11,0,0,0,0,0,0.00,0,0,0,0,0,46,28,29,15,2,33,66.0,17,15,55,101,177,1,1812,237,13,1,25.0,3,75.0,922,0,12,4,1136,87,87.4,90,28,2,38,0,0.73,24,52,-28,-0.97,+0.95,31.5,41.4,-9.9,-0.34,+0.71,0,19,0,0,0,104,47,58.8
222,Kyle Duncan,us USA,DF,NY Red Bulls,28-061,1997,19,17,1514,16.8,0,3,3,0,0,0,3,1,0.9,0.9,3.0,3.8,36,80,77,0.00,0.18,0.18,0.00,0.18,0.05,0.18,0.23,0.05,0.23,Matches,13,2,15.4,0.77,0.12,0.00,0.00,22.4,0,0.07,-0.9,-0.9,837,1044,80.2,13908,4075,400,451,88.7,371,449,82.6,55,108,50.9,2.5,0.0,19,70,25,7,889,154,3,3,47,140,0,0,0,0,1,16,37,2.20,30,1,1,2,1,5,0.30,5,0,0,0,0,41,24,22,11,8,28,68.3,13,10,18,59,50,2,1246,59,19,17,58.6,12,41.4,663,3,32,13,755,80,51.0,85,10,2,35,4,1.42,28,23,+5,+0.30,+0.42,24.3,24.4,-0.1,0.00,+0.20,0,23,0,0,1,106,25,53.2
355,Kyle Hiebert,ca CAN,DF,St. Louis,28-070,1997,21,18,1602,17.8,1,1,2,1,0,0,3,0,1.2,1.2,0.3,1.5,11,56,17,0.06,0.06,0.11,0.06,0.11,0.06,0.02,0.08,0.06,0.08,Matches,4,1,25.0,0.22,0.06,0.25,1.00,8.3,0,0.29,-0.2,-0.2,684,835,81.9,11814,4263,309,338,91.4,321,367,87.5,44,99,44.4,0.7,+0.7,5,40,6,2,772,61,1,4,11,49,0,0,0,0,2,14,12,0.67,10,2,0,0,0,2,0.11,2,0,0,0,0,21,8,14,7,0,10,66.7,5,15,9,30,87,0,1027,111,12,4,57.1,3,42.9,530,1,9,8,628,76,53.9,87,13,3,11,10,0.86,18,26,-8,-0.45,-0.05,23.2,29.6,-6.4,-0.36,-0.27,0,15,0,0,0,68,24,49.0
,Kyle Linhares,,,,,,,,,,,,,,,,,,,,,,,,,,,,,,,,,,,,,,,,,,,,,,,,,,,,,,,,,,,,,,,,,,,,,,,,,,,,,,,,,,,,,,,,,,,,,,,,,,,,,,,,,,,,,,,,,,,,,,,,,,0,0,,1,,,,,,,,,,,,,,,,,,,
742,Kyle Smith,us USA,"DF,MF",Orlando City,33-272,1992,27,10,984,10.9,0,2,2,0,0,0,4,0,0.9,0.9,1.0,1.9,7,33,19,0.00,0.18,0.18,0.00,0.18,0.08,0.09,0.17,0.08,0.17,Matches,7,2,28.6,0.64,0.18,0.00,0.00,10.9,0,0.13,-0.9,-0.9,493,591,83.4,8414,2677,228,250,91.2,222,246,90.2,33,73,45.2,0.6,+1.0,7,31,4,1,543,46,3,4,8,35,1,0,1,0,2,7,19,1.74,15,1,0,1,0,5,0.46,4,1,0,0,0,24,16,14,7,3,16,69.6,7,11,8,32,40,0,709,52,12,2,28.6,4,57.1,386,1,6,2,483,36,34.2,70,2,17,17,5,1.78,23,19,+4,+0.37,-0.16,18.4,18.5,-0.2,-0.01,-0.61,0,9,0,0,1,33,19,50.0
199,Kévin Denkey,tg TOG,FW,FC Cincinnati,24-312,2000,29,26,2273,25.3,15,1,16,12,3,3,7,0,10.9,8.6,2.2,10.8,39,37,146,0.59,0.04,0.63,0.48,0.51,0.43,0.09,0.52,0.34,0.43,Matches,74,33,44.6,2.93,1.31,0.16,0.36,16.6,0,0.12,+4.1,+3.4,417,503,82.9,5678,917,255,289,88.2,131,153,85.6,11,16,68.8,1.7,-1.2,25,25,15,1,472,30,2,1,3,1,0,0,0,0,1,17,67,2.65,47,0,5,5,2,6,0.24,4,0,1,1,0,11,7,2,4,5,4,30.8,9,3,8,19,12,0,799,13,107,24,44.4,28,51.9,482,16,90,52,615,78,76.5,84,13,3,31,0,1.86,40,32,+8,+0.32,+0.19,32.4,39.5,-7.0,-0.28,-0.18,0,35,1,1,0,67,41,40.2
111,Lachlan Brook,au AUS,FW,Real Salt Lake,24-242,2001,5,0,100,1.1,0,0,0,0,0,0,1,0,0.3,0.3,0.4,0.7,1,3,6,0.00,0.00,0.00,0.00,0.00,0.31,0.32,0.63,0.31,0.63,Matches,5,0,0.0,4.50,0.00,0.00,,24.7,1,0.07,-0.3,-0.3,41,49,83.7,505,145,28,29,96.6,7,11,63.6,2,3,66.7,0.2,-0.4,2,4,2,2,46,3,0,0,4,2,1,0,0,0,0,0,4,3.60,2,0,0,0,1,0,0.00,0,0,0,0,0,3,2,1,2,0,1,50.0,1,2,0,3,0,0,67,0,2,0,0.0,1,100.0,43,1,4,0,46,20,3.5,,0,5,20,11,0.60,1,2,-1,-0.90,-0.61,3.7,2.4,+1.3,+1.15,+1.54,0,1,0,0,0,4,0,0.0
5,Lalas Abubakar,gh GHA,DF,FC Dallas,30-287,1994,27,16,1502,16.7,1,0,1,1,0,0,3,1,0.5,0.5,0.1,0.7,6,30,8,0.06,0.00,0.06,0.06,0.06,0.03,0.01,0.04,0.03,0.04,Matches,8,3,37.5,0.48,0.18,0.13,0.33,14.5,0,0.07,+0.5,+0.5,559,644,86.8,9049,3897,262,283,92.6,261,287,90.9,26,56,46.4,0.2,-0.1,4,35,3,0,581,61,1,2,2,28,0,0,0,0,2,4,10,0.60,8,0,0,0,1,1,0.06,1,0,0,0,0,23,11,11,10,2,11,61.1,7,9,20,43,92,0,823,165,17,2,100.0,0,0.0,382,0,9,0,449,56,52.2,84,14,11,14,4,1.26,26,28,-2,-0.12,-0.05,22.1,26.3,-4.2,-0.25,-0.46,1,16,0,0,0,53,24,57.1
427,Lassi Lappalainen,fi FIN,"DF,MF",Columbus Crew,27-045,1998,16,4,353,3.9,1,3,4,1,0,0,0,0,0.8,0.8,1.0,1.8,14,21,53,0.25,0.76,1.02,0.25,1.02,0.20,0.26,0.46,0.20,0.46,Matches,9,2,22.2,2.29,0.51,0.11,0.50,13.7,0,0.09,+0.2,+0.2,151,192,78.6,2153,615,93,107,86.9,50,64,78.1,6,8,75.0,1.0,+2.0,6,4,14,3,170,21,0,0,11,21,0,0,0,0,1,4,11,2.80,9,0,0,2,0,3,0.76,3,0,0,0,0,10,4,4,4,2,7,58.3,5,3,3,13,6,0,249,4,21,4,36.4,6,54.5,139,4,9,10,166,22,11.9,49,0,12,13,4,1.25,11,8,+3,+0.76,+0.80,7.9,8.2,-0.3,-0.08,-0.25,0,4,0,0,0,14,3,37.5
238,Lawrence Ennali,de GER,"FW,MF",Houston Dynamo,23-215,2002,17,9,904,10.0,1,4,5,1,0,0,1,0,2.5,2.5,2.1,4.7,54,9,103,0.10,0.40,0.50,0.10,0.50,0.25,0.21,0.47,0.25,0.47,Matches,21,5,23.8,2.09,0.50,0.05,0.20,15.6,0,0.12,-1.5,-1.5,210,256,82.0,2924,357,124,132,93.9,69,87,79.3,7,11,63.6,2.1,+1.9,13,4,7,4,244,11,0,1,18,7,2,0,0,0,1,10,38,3.78,25,0,6,4,1,6,0.60,4,0,0,1,1,11,6,4,5,2,4,100.0,0,7,2,13,9,0,384,6,63,23,40.4,29,50.9,276,30,18,20,281,53,30.4,77,3,8,26,0,0.94,17,17,0,0.00,+0.57,18.0,13.9,+4.1,+0.40,+0.80,0,10,0,0,0,35,1,50.0
750,Lazar Stefanovic,ca CAN,DF,Toronto FC,19-059,2006,13,4,570,6.3,0,0,0,0,0,0,0,0,0.0,0.0,0.0,0.0,1,24,1,0.00,0.00,0.00,0.00,0.00,0.00,0.00,0.00,0.00,0.00,Matches,0,0,,0.00,0.00,,,,0,,0.0,0.0,305,361,84.5,6042,2236,91,99,91.9,177,198,89.4,34,53,64.2,0.1,0.0,1,36,1,0,322,36,0,2,1,29,0,0,0,0,3,4,5,0.79,5,0,0,0,0,0,0.00,0,0,0,0,0,13,7,6,7,0,7,70.0,3,3,10,23,25,0,422,40,1,1,100.0,0,0.0,242,0,6,0,277,44,19.8,87,3,9,25,17,0.62,9,9,0,0.00,+0.27,7.3,11.0,-3.7,-0.58,-0.21,0,5,0,0,0,20,5,29.4
,Leo Väisänen,,,,,,,,,,,,,,,,,,,,,,,,,,,,,,,,,,,,,,,,,,,,,,,,,,,,,,,,,,,,,,,,,,,,,,,,,,,,,,,,,,,,,,,,,,,,,,,,,,,,,,,,,,,,,,,,,,,,,,,,,,0,0,,2,,,,,,,,,,,,,,,,,,,
224,Leonard Duru,eng ENG,DF,San Diego FC,20-269,2005,2,0,39,0.4,0,0,0,0,0,0,0,0,0.0,0.0,0.0,0.0,0,4,2,0.00,0.00,0.00,0.00,0.00,0.00,0.00,0.00,0.00,0.00,Matches,0,0,,0.00,0.00,,,,0,,0.0,0.0,14,17,82.4,231,92,7,7,100.0,7,9,77.8,0,0,,0.0,0.0,0,2,0,0,13,4,0,0,0,4,0,0,0,0,0,0,0,0.00,0,0,0,0,0,0,0.00,0,0,0,0,0,1,0,1,0,0,0,0.0,1,1,0,1,0,0,23,1,0,0,0.0,2,100.0,8,0,0,0,11,20,1.3,,0,2,20,0,2.00,0,0,0,0.00,-0.58,0.6,0.8,-0.2,-0.45,-0.63,0,0,0,0,0,2,0,0.0
10,Leonardo Afonso,br BRA,"FW,MF",Atlanta Utd,24-087,2001,2,0,7,0.1,0,0,0,0,0,0,0,0,0.0,0.0,0.0,0.0,0,0,3,0.00,0.00,0.00,0.00,0.00,0.00,0.00,0.00,0.00,0.00,Matches,0,0,,0.00,0.00,,,,0,,0.0,0.0,3,5,60.0,43,0,2,3,66.7,1,1,100.0,0,0,,0.0,0.0,0,0,0,0,5,0,0,0,0,0,0,0,0,0,0,0,0,0.00,0,0,0,0,0,0,0.00,0,0,0,0,0,1,0,1,0,0,0,0.0,1,1,0,1,0,0,7,0,0,1,100.0,0,0.0,4,0,0,1,5,4,0.2,,0,2,4,6,0.00,0,0,0,0.00,+0.66,0.1,0.1,0.0,-0.38,-0.28,0,1,0,0,0,1,0,
11,Leonardo Afonso,br BRA,"FW,MF",Inter Miami,24-087,2001,3,1,87,1.0,0,0,0,0,0,0,1,0,0.4,0.4,0.0,0.4,1,1,7,0.00,0.00,0.00,0.00,0.00,0.38,0.00,0.38,0.38,0.38,Matches,0,0,,0.00,0.00,,,,0,,0.0,0.0,3,5,60.0,43,0,2,3,66.7,1,1,100.0,0,0,,0.0,0.0,0,0,0,0,5,0,0,0,0,0,0,0,0,0,0,0,0,0.00,0,0,0,0,0,0,0.00,0,0,0,0,0,1,0,1,0,0,0,0.0,1,1,0,1,0,0,7,0,0,1,100.0,0,0.0,4,0,0,1,5,4,0.2,,0,2,4,6,0.00,0,0,0,0.00,+0.66,0.1,0.1,0.0,-0.38,-0.28,0,1,0,0,0,1,0,
64,Leonardo Barroso,pt POR,DF,Chicago Fire,20-118,2005,19,11,1045,11.6,1,1,2,1,0,0,1,0,0.5,0.5,0.8,1.3,25,37,45,0.09,0.09,0.17,0.09,0.17,0.04,0.07,0.11,0.04,0.11,Matches,11,4,36.4,0.95,0.34,0.09,0.25,20.9,0,0.04,+0.5,+0.5,388,503,77.1,6046,1869,197,223,88.3,159,209,76.1,21,43,48.8,0.4,+0.2,8,27,7,0,415,87,0,0,18,81,0,0,0,0,1,19,19,1.64,15,0,1,0,0,4,0.34,2,0,0,0,0,39,33,21,14,4,17,65.4,9,9,6,45,33,2,655,38,15,22,57.9,14,36.8,315,2,30,6,355,55,35.2,76,5,8,26,1,1.74,21,18,+3,+0.26,+0.02,15.3,17.5,-2.2,-0.19,-0.28,0,7,0,0,0,55,3,21.4
134,Leonardo Campana,ec ECU,FW,NE Revolution,25-076,2000,23,19,1585,17.6,7,1,8,7,0,0,5,0,6.9,6.9,1.3,8.2,13,38,84,0.40,0.06,0.45,0.40,0.45,0.39,0.07,0.47,0.39,0.47,Matches,63,20,31.7,3.58,1.14,0.11,0.35,15.5,0,0.11,+0.1,+0.1,303,401,75.6,4665,799,158,191,82.7,117,144,81.3,15,23,65.2,0.7,-0.3,17,29,9,0,354,42,1,5,8,5,0,0,0,0,5,9,40,2.27,28,1,2,1,0,3,0.17,2,0,0,0,0,18,10,4,9,5,6,26.1,17,15,2,20,27,1,594,29,73,11,64.7,6,35.3,271,5,36,22,400,69,53.4,77,11,4,29,0,1.13,23,30,-7,-0.40,-0.40,23.4,26.7,-3.3,-0.19,+0.06,0,38,0,0,0,34,42,48.3
523,Lewis Morgan,sct SCO,"MF,FW",NY Red Bulls,29-008,1996,3,2,148,1.6,0,0,0,0,0,0,0,0,0.5,0.5,0.7,1.2,6,4,15,0.00,0.00,0.00,0.00,0.00,0.33,0.41,0.75,0.33,0.75,Matches,4,1,25.0,2.43,0.61,0.00,0.00,15.5,0,0.14,-0.5,-0.5,36,50,72.0,512,99,24,27,88.9,7,12,58.3,3,6,50.0,0.4,-0.7,3,3,2,0,48,1,0,1,4,1,0,0,0,0,1,0,6,3.65,4,0,1,0,0,1,0.61,0,0,0,0,0,3,2,0,1,2,1,50.0,1,7,1,4,0,0,72,0,10,1,50.0,1,50.0,40,3,2,0,54,49,5.0,57,1,1,35,0,0.33,1,1,0,0.00,-0.10,2.6,2.2,+0.4,+0.24,+0.36,0,0,0,0,0,3,0,0.0
460,Liam MacKenzie,ca CAN,FW,Vancouver W'caps,18-207,2007,1,1,64,0.7,0,0,0,0,0,0,0,0,0.0,0.0,0.0,0.0,1,0,2,0.00,0.00,0.00,0.00,0.00,0.00,0.00,0.00,0.00,0.00,Matches,0,0,,0.00,0.00,,,,0,,0.0,0.0,8,10,80.0,130,6,2,2,100.0,5,5,100.0,0,0,,0.0,0.0,0,0,0,0,7,2,0,0,0,0,0,0,0,0,1,0,1,1.45,1,0,0,0,0,0,0.00,0,0,0,0,0,2,1,0,1,1,0,0.0,1,1,0,2,0,0,19,0,0,1,100.0,0,0.0,8,0,4,2,9,64,2.2,64,0,0,,1,0.00,1,2,-1,-1.41,-2.33,0.3,1.6,-1.3,-1.90,-2.69,0,1,0,0,0,1,0,
2,Liel Abada,il ISR,"FW,MF",Charlotte,24-005,2001,31,17,1472,16.4,5,1,6,5,0,0,1,0,7.0,7.0,2.8,9.7,67,52,137,0.31,0.06,0.37,0.31,0.37,0.43,0.17,0.60,0.43,0.60,Matches,44,15,34.1,2.69,0.92,0.11,0.33,16.5,0,0.16,-2.0,-2.0,351,464,75.6,5027,1509,212,252,84.1,112,147,76.2,18,31,58.1,2.6,-1.8,27,26,27,4,460,3,0,1,29,3,0,0,0,0,1,17,50,3.06,40,0,3,2,1,5,0.31,3,0,0,1,0,28,16,8,12,8,20,52.6,18,10,5,33,7,0,628,8,75,10,28.6,23,65.7,428,22,25,24,467,47,49.6,73,1,14,17,0,1.61,23,23,0,0.00,-0.42,26.0,22.5,+3.5,+0.21,+0.60,0,12,0,1,0,67,2,13.3
494,Lionel Messi,ar ARG,"FW,MF",Inter Miami,38-106,1987,26,24,2241,24.9,24,14,38,24,0,1,2,0,19.3,18.5,11.9,30.4,130,259,200,0.96,0.56,1.53,0.96,1.53,0.77,0.48,1.25,0.74,1.22,Matches,139,61,43.9,5.58,2.45,0.17,0.39,19.8,20,0.13,+4.7,+5.5,1020,1308,78.0,16510,6815,516,590,87.5,358,438,81.7,96,176,54.5,11.5,+2.1,70,158,97,1,1184,115,36,4,57,6,62,27,6,1,9,27,177,7.11,108,10,29,12,4,34,1.37,22,0,9,2,1,17,11,5,6,6,5,38.5,8,5,4,21,1,4,1637,1,145,87,51.2,75,44.1,1126,43,39,45,1374,86,77.8,90,24,2,41,1,1.96,60,43,+17,+0.68,+0.40,51.7,37.5,+14.3,+0.57,+0.33,0,8,1,0,0,58,4,44.4
253,Logan Farrington,us USA,"FW,MF",FC Dallas,23-298,2001,31,17,1555,17.3,5,3,8,5,0,0,4,0,3.2,3.2,2.2,5.4,51,42,114,0.29,0.17,0.46,0.29,0.46,0.18,0.13,0.31,0.18,0.31,Matches,29,12,41.4,1.68,0.69,0.17,0.42,15.4,1,0.11,+1.8,+1.8,321,436,73.6,4260,1067,195,243,80.2,95,121,78.5,11,20,55.0,2.0,+0.8,15,16,14,3,410,23,1,1,9,8,0,0,0,0,3,17,41,2.37,26,0,3,7,1,5,0.29,4,0,0,1,0,22,15,6,11,5,11,57.9,8,6,5,27,34,0,664,33,76,24,41.4,30,51.7,359,23,49,29,454,50,54.0,75,2,14,19,1,1.29,26,29,-3,-0.17,-0.17,21.5,23.0,-1.5,-0.09,-0.13,0,16,1,0,0,78,24,34.8
544,Logan Ndenbe,be BEL,DF,Sporting KC,25-241,2000,29,21,1900,21.1,1,0,1,1,0,0,2,0,2.3,2.3,1.2,3.5,82,94,186,0.05,0.00,0.05,0.05,0.05,0.11,0.06,0.17,0.11,0.17,Matches,19,4,21.1,0.90,0.19,0.05,0.25,14.9,0,0.12,-1.3,-1.3,974,1196,81.4,14483,4477,580,641,90.5,323,393,82.2,49,91,53.8,1.6,-1.2,16,80,21,9,996,195,1,5,62,169,0,0,0,0,5,35,32,1.52,28,1,0,3,0,0,0.00,0,0,0,0,0,41,32,24,12,5,20,62.5,12,11,21,62,35,0,1384,44,46,9,40.9,11,50.0,771,7,17,13,860,66,64.0,79,11,8,31,0,0.79,28,45,-17,-0.81,-0.22,24.2,42.6,-18.4,-0.87,0.00,0,9,0,0,0,89,11,45.8
376,Lorenzo Insigne,it ITA,"MF,FW",Toronto FC,34-126,1991,12,10,861,9.6,1,2,3,1,0,0,1,0,1.5,1.5,0.8,2.3,13,41,50,0.10,0.21,0.31,0.10,0.31,0.15,0.08,0.24,0.15,0.24,Matches,17,5,29.4,1.78,0.52,0.06,0.20,17.8,1,0.09,-0.5,-0.5,361,449,80.4,5839,1278,189,217,87.1,123,145,84.8,33,56,58.9,0.9,+1.2,15,32,7,1,417,31,2,4,13,2,5,4,0,0,1,15,34,3.55,27,3,0,1,0,4,0.42,4,0,0,0,0,9,5,3,4,2,1,20.0,4,5,6,15,6,0,512,6,21,4,50.0,3,37.5,277,7,15,4,373,72,29.9,80,5,2,29,2,1.00,11,9,+2,+0.21,+0.61,9.1,16.6,-7.5,-0.78,-0.53,0,4,0,0,0,43,3,50.0
196,Louicius Deedson,ht HAI,FW,FC Dallas,24-239,2001,2,0,23,0.3,0,0,0,0,0,0,0,0,0.0,0.0,0.0,0.0,0,0,1,0.00,0.00,0.00,0.00,0.00,0.07,0.00,0.07,0.07,0.07,Matches,1,0,0.0,3.91,0.00,0.00,,28.4,0,0.02,0.0,0.0,2,4,50.0,38,0,0,2,0.0,2,2,100.0,0,0,,0.0,0.0,0,0,0,0,4,0,0,0,0,0,0,0,0,0,0,0,0,0.00,0,0,0,0,0,0,0.00,0,0,0,0,0,0,0,0,0,0,0,,0,1,0,0,1,0,6,1,0,0,,0,,2,0,0,0,2,12,0.8,,0,2,12,4,2.00,0,0,0,0.00,+0.09,0.1,0.3,-0.2,-0.68,-0.66,0,3,0,0,0,0,0,
493,Loïc Mesanvi,tg TOG,"FW,DF",Minnesota Utd,22-002,2003,2,0,12,0.1,0,0,0,0,0,0,0,0,0.0,0.0,0.0,0.0,0,1,0,0.00,0.00,0.00,0.00,0.00,0.00,0.00,0.00,0.00,0.00,Matches,0,0,,0.00,0.00,,,,0,,0.0,0.0,5,7,71.4,73,10,3,3,100.0,2,3,66.7,0,0,,0.0,0.0,0,0,0,0,7,0,0,0,1,0,0,0,0,0,0,1,0,0.00,0,0,0,0,0,0,0.00,0,0,0,0,0,0,0,0,0,0,0,0.0,1,0,0,0,0,0,7,0,0,0,,0,,3,0,0,0,6,6,0.4,,0,2,6,11,0.00,0,0,0,0.00,-0.55,0.1,0.4,-0.4,-2.64,-2.69,0,0,0,0,0,0,1,100.0
95,Luca Bombino,us USA,DF,San Diego FC,19-090,2006,25,23,2032,22.6,1,2,3,1,0,0,5,0,1.1,1.1,1.5,2.6,32,127,100,0.04,0.09,0.13,0.04,0.13,0.05,0.07,0.12,0.05,0.12,Matches,15,4,26.7,0.66,0.18,0.07,0.25,19.6,0,0.07,-0.1,-0.1,1194,1406,84.9,18991,6855,620,671,92.4,484,558,86.7,73,135,54.1,2.5,+0.5,14,100,20,8,1199,205,4,6,35,165,1,0,0,0,2,17,37,1.64,28,1,1,2,4,4,0.18,3,0,0,0,1,61,41,28,25,8,30,63.8,17,16,30,91,73,2,1663,64,26,11,44.0,12,48.0,868,4,27,17,1055,81,68.4,86,16,2,25,2,1.88,42,28,+14,+0.62,+0.14,34.1,27.0,+7.1,+0.32,+0.44,0,35,0,0,0,76,23,57.5
426,Luca Langoni,ar ARG,"FW,MF",NE Revolution,23-241,2002,26,19,1628,18.1,2,2,4,2,0,0,3,0,3.1,3.1,2.9,6.0,52,44,144,0.11,0.11,0.22,0.11,0.22,0.17,0.16,0.33,0.17,0.33,Matches,27,9,33.3,1.49,0.50,0.07,0.22,19.6,0,0.11,-1.1,-1.1,398,538,74.0,6053,1370,208,238,87.4,140,180,77.8,26,59,44.1,2.7,-0.9,28,25,13,7,498,37,1,2,67,16,6,3,0,0,3,23,54,2.99,41,2,3,5,1,4,0.22,3,0,1,0,0,18,11,9,6,3,5,31.3,11,12,11,29,20,1,721,20,52,24,42.9,28,50.0,471,16,27,19,511,63,54.8,76,3,7,25,1,0.96,18,27,-9,-0.50,-0.63,20.8,23.7,-2.8,-0.16,+0.13,0,19,0,0,0,66,2,20.0
576,Luca Orellano,ar ARG,"DF,FW",FC Cincinnati,25-200,2000,27,22,1917,21.3,2,5,7,2,0,0,3,0,2.9,2.9,3.8,6.7,115,89,178,0.09,0.23,0.33,0.09,0.33,0.14,0.18,0.31,0.14,0.31,Matches,57,26,45.6,2.68,1.22,0.04,0.08,25.4,5,0.05,-0.9,-0.9,708,940,75.3,11720,3035,365,425,85.9,257,329,78.1,67,131,51.1,5.3,+1.2,37,51,32,8,817,120,6,9,101,59,44,34,2,0,3,23,86,4.04,56,12,7,5,1,9,0.42,7,0,1,0,0,22,10,12,7,3,15,68.2,7,9,5,27,10,1,1187,19,82,55,48.2,54,47.4,787,43,38,49,867,71,64.5,81,8,5,28,0,1.85,34,22,+12,+0.56,+0.82,28.4,31.1,-2.7,-0.12,+0.32,0,9,0,0,0,88,5,45.5
611,Luca Petrasso,ca CAN,DF,CF Montréal,25-114,2000,33,30,2618,29.1,2,4,6,2,0,0,4,0,0.8,0.8,3.7,4.5,61,103,119,0.07,0.14,0.21,0.07,0.21,0.03,0.13,0.15,0.03,0.15,Matches,11,4,36.4,0.38,0.14,0.18,0.50,17.0,0,0.07,+1.2,+1.2,1176,1462,80.4,18615,6345,640,706,90.7,442,531,83.2,71,158,44.9,3.6,+0.3,21,82,27,15,1253,206,1,5,72,179,1,1,0,0,3,29,53,1.82,45,3,5,0,0,9,0.31,7,0,2,0,0,38,25,22,12,4,20,47.6,22,17,20,58,71,3,1704,89,37,22,48.9,20,44.4,909,12,34,13,1053,79,88.1,84,21,3,36,0,0.85,28,48,-20,-0.69,+0.08,34.5,42.9,-8.4,-0.29,-0.27,0,10,0,0,0,114,14,38.9
,Luca Ulrich,,,,,,,,,,,,,,,,,,,,,,,,,,,,,,,,,,,,,,,,,,,,,,,,,,,,,,,,,,,,,,,,,,,,,,,,,,,,,,,,,,,,,,,,,,,,,,,,,,,,,,,,,,,,,,,,,,,,,,,,,,0,0,,2,,,,,,,,,,,,,,,,,,,
424,Luca de la Torre,us USA,MF,San Diego FC,27-138,1998,29,24,2092,23.2,5,1,6,5,0,0,4,0,2.1,2.1,1.4,3.5,66,136,128,0.22,0.04,0.26,0.22,0.26,0.09,0.06,0.15,0.09,0.15,Matches,23,8,34.8,0.99,0.34,0.22,0.63,17.8,0,0.09,+2.9,+2.9,881,1072,82.2,12035,3508,548,609,90.0,264,312,84.6,29,54,53.7,1.9,-0.4,21,102,25,0,1036,31,2,1,34,7,14,8,0,0,5,33,54,2.32,47,6,0,0,0,5,0.22,3,2,0,0,0,31,17,7,10,14,13,38.2,21,22,6,37,7,3,1254,15,54,16,55.2,12,41.4,780,11,43,29,973,72,70.4,80,9,5,34,0,1.76,37,25,+12,+0.52,-0.20,33.2,29.7,+3.5,+0.15,-0.08,0,38,0,0,0,109,7,38.9
66,Lucas Bartlett,us USA,DF,D.C. United,28-074,1997,30,29,2603,28.9,0,0,0,0,0,0,6,0,1.1,1.1,1.5,2.5,8,54,9,0.00,0.00,0.00,0.00,0.00,0.04,0.05,0.09,0.04,0.09,Matches,11,3,27.3,0.38,0.10,0.00,0.00,11.9,0,0.10,-1.1,-1.1,1195,1431,83.5,23174,9223,420,464,90.5,646,703,91.9,122,224,54.5,1.3,-1.5,11,53,5,1,1356,70,0,16,3,17,0,0,0,0,5,14,20,0.69,19,0,0,0,0,1,0.03,1,0,0,0,0,37,19,24,11,2,22,73.3,8,13,35,72,197,2,1786,304,46,3,100.0,0,0.0,925,0,16,7,1089,87,87.6,89,28,1,13,1,0.73,25,55,-30,-1.04,+0.43,30.7,43.3,-12.6,-0.44,-0.04,0,35,0,2,1,117,89,64.5
698,Lucas Sanabria,uy URU,"MF,FW",LA Galaxy,21-286,2003,21,12,983,10.9,2,0,2,2,0,0,4,0,1.4,1.4,0.5,1.8,8,37,20,0.18,0.00,0.18,0.18,0.18,0.13,0.04,0.17,0.13,0.17,Matches,8,4,50.0,0.73,0.37,0.25,0.50,15.7,0,0.17,+0.6,+0.6,363,421,86.2,5699,1349,199,219,90.9,130,147,88.4,24,30,80.0,0.8,-0.5,3,37,4,0,411,8,1,2,1,3,0,0,0,0,2,9,13,1.19,11,0,0,0,1,1,0.09,1,0,0,0,0,42,19,18,16,8,19,63.3,11,13,16,58,10,2,550,18,13,5,45.5,4,36.4,282,2,15,10,367,47,34.1,66,1,9,22,2,0.86,16,24,-8,-0.73,-0.07,16.3,18.1,-1.7,-0.16,+0.36,0,18,0,0,0,48,6,40.0
8,Luciano Acosta,ar ARG,"MF,FW",FC Dallas,31-130,1994,21,18,1695,18.8,5,1,6,4,1,2,8,0,5.4,3.8,3.9,7.7,59,130,125,0.27,0.05,0.32,0.21,0.27,0.29,0.20,0.49,0.20,0.41,Matches,28,12,42.9,1.49,0.64,0.14,0.33,19.9,6,0.14,-0.4,+0.2,686,967,70.9,11820,4924,354,419,84.5,228,303,75.2,83,157,52.9,5.8,-2.9,42,109,48,10,803,159,6,7,99,20,58,16,23,0,5,40,94,4.99,66,18,4,4,2,9,0.48,6,0,2,1,0,22,15,4,9,9,9,34.6,17,20,9,31,16,0,1205,13,78,41,46.6,45,51.1,659,22,55,25,836,81,58.9,89,14,3,30,0,1.00,27,36,-9,-0.48,-0.93,26.5,29.3,-2.8,-0.15,-0.29,0,33,2,0,0,65,3,27.3
4,Luis Abram,pe PER,DF,Atlanta Utd,29-223,1996,21,16,1493,16.6,0,0,0,0,0,0,1,0,0.1,0.1,0.0,0.1,15,75,4,0.00,0.00,0.00,0.00,0.00,0.00,0.00,0.00,0.00,0.00,Matches,1,0,0.0,0.06,0.00,0.00,,6.4,0,0.07,-0.1,-0.1,883,1004,87.9,17171,6323,282,300,94.0,504,534,94.4,84,150,56.0,0.4,0.0,0,77,5,1,982,21,1,7,3,9,0,0,0,0,1,5,10,0.60,10,0,0,0,0,0,0.00,0,0,0,0,0,17,7,12,5,0,10,52.6,9,7,6,23,75,0,1144,102,4,0,,0,,712,1,4,0,852,71,51.8,86,12,5,24,2,0.86,17,29,-12,-0.72,-0.14,21.0,26.4,-5.4,-0.33,-0.47,0,10,0,1,0,59,26,52.0
63,Luis Barraza,us USA,GK,D.C. United,28-334,1996,24,24,2090,23.2,0,1,1,0,0,0,3,1,0.0,0.0,0.1,0.1,0,0,0,0.00,0.04,0.04,0.00,0.04,0.00,0.00,0.00,0.00,0.00,Matches,0,0,,0.00,0.00,,,,0,,0.0,0.0,524,815,64.3,15461,11587,117,118,99.2,231,238,97.1,175,455,38.5,0.1,+0.9,2,18,0,0,566,246,0,2,0,0,0,0,0,0,3,0,5,0.22,4,1,0,0,0,1,0.04,0,1,0,0,0,1,0,1,0,0,1,50.0,1,2,0,1,20,2,893,724,0,0,,0,,457,0,1,0,379,87,70.4,87,23,0,,9,0.79,20,39,-19,-0.82,+0.92,21.4,32.7,-11.3,-0.48,-0.18,0,2,0,1,0,39,2,100.0
203,Luis Díaz,cr CRC,"FW,DF",NE Revolution,26-306,1998,19,1,398,4.4,0,1,1,0,0,0,2,0,0.9,0.9,2.0,2.9,14,7,58,0.00,0.23,0.23,0.00,0.23,0.21,0.45,0.65,0.21,0.65,Matches,13,6,46.2,2.94,1.36,0.00,0.00,17.2,0,0.07,-0.9,-0.9,121,158,76.6,1680,391,67,82,81.7,44,53,83.0,3,10,30.0,1.4,-1.0,6,4,7,4,147,11,0,0,19,8,0,0,0,0,0,5,19,4.28,12,0,1,4,0,3,0.68,2,0,0,0,0,13,6,3,8,2,6,66.7,3,1,2,15,2,0,240,4,27,6,27.3,12,54.5,155,11,23,4,168,21,13.4,85,0,18,17,6,0.68,8,6,+2,+0.45,+0.77,9.5,8.2,+1.3,+0.30,+0.59,0,8,0,0,0,18,4,40.0
532,Luis Muriel,co COL,FW,Orlando City,34-175,1991,31,24,1986,22.1,9,6,15,8,1,1,1,1,9.6,8.8,5.6,14.4,53,78,140,0.41,0.27,0.68,0.36,0.63,0.44,0.25,0.69,0.40,0.65,Matches,75,27,36.0,3.40,1.22,0.11,0.30,19.6,6,0.12,-0.6,-0.8,450,654,68.8,6740,2271,252,317,79.5,138,200,69.0,35,70,50.0,6.3,+0.4,45,41,30,5,599,52,12,1,39,3,14,6,8,0,3,20,98,4.44,67,8,8,7,0,17,0.77,13,1,0,2,0,29,21,10,12,7,10,40.0,15,7,4,33,17,1,944,22,117,30,41.7,39,54.2,566,28,63,36,707,64,69.0,76,5,7,24,0,1.68,41,26,+15,+0.68,+0.68,39.3,28.6,+10.7,+0.48,+0.31,0,25,1,0,0,51,27,39.7
757,Luis Suárez,uy URU,FW,Inter Miami,38-257,1987,26,25,2104,23.4,9,10,19,8,1,1,6,0,12.5,11.7,8.3,20.0,26,93,177,0.38,0.43,0.81,0.34,0.77,0.53,0.35,0.89,0.50,0.85,Matches,70,25,35.7,2.99,1.07,0.11,0.32,15.4,0,0.17,-3.5,-3.7,628,818,76.8,9814,2139,341,422,80.8,199,251,79.3,55,72,76.4,5.6,+1.7,45,39,38,6,751,63,13,4,17,5,0,0,0,0,4,14,81,3.46,70,1,4,2,1,14,0.60,12,0,0,0,0,17,13,5,7,5,5,50.0,5,4,6,23,16,0,1029,23,100,13,37.1,20,57.1,536,13,52,14,819,81,73.1,83,14,1,28,0,2.00,56,34,+22,+0.94,+1.29,44.6,31.7,+12.9,+0.55,+0.20,0,27,0,0,0,51,10,43.5
289,Luka Gavran,ca CAN,GK,Toronto FC,25-152,2000,3,3,270,3.0,0,0,0,0,0,0,0,0,0.0,0.0,0.0,0.0,0,0,0,0.00,0.00,0.00,0.00,0.00,0.00,0.00,0.00,0.00,0.00,Matches,0,0,,0.00,0.00,,,,0,,0.0,0.0,72,107,67.3,1678,1195,17,17,100.0,37,38,97.4,17,51,33.3,0.0,0.0,0,1,0,0,75,32,0,0,0,0,0,0,0,0,0,0,0,0.00,0,0,0,0,0,0,0.00,0,0,0,0,0,0,0,0,0,0,0,,0,0,0,0,4,0,115,112,0,0,,0,,64,0,0,0,56,90,9.4,90,3,0,,27,1.00,3,3,0,0.00,+0.24,2.7,3.3,-0.5,-0.17,+0.26,0,0,0,0,0,3,4,100.0
237,Lukas Engel,dk DEN,DF,FC Cincinnati,26-298,1998,33,31,2721,30.2,0,4,4,0,0,0,4,0,1.0,1.0,2.6,3.7,44,137,109,0.00,0.13,0.13,0.00,0.13,0.03,0.09,0.12,0.03,0.12,Matches,16,4,25.0,0.53,0.13,0.00,0.00,16.8,0,0.06,-1.0,-1.0,1384,1781,77.7,26115,9732,545,620,87.9,658,802,82.0,157,294,53.4,2.9,+1.4,30,123,27,7,1520,256,2,19,49,202,0,0,0,0,5,24,61,2.02,53,1,3,0,2,11,0.36,8,0,2,0,0,54,34,30,15,9,34,65.4,18,32,42,96,120,3,2126,133,48,18,45.0,21,52.5,1010,6,29,13,1294,82,91.6,86,14,2,25,0,1.88,42,33,+9,+0.30,+0.30,36.5,44.8,-8.4,-0.28,-0.47,0,23,0,0,0,129,55,63.2
461,Lukas MacNaughton,ca CAN,DF,D.C. United,30-214,1995,10,8,625,6.9,1,0,1,1,0,0,2,1,0.8,0.8,0.4,1.2,0,20,3,0.14,0.00,0.14,0.14,0.14,0.11,0.06,0.17,0.11,0.17,Matches,6,3,50.0,0.86,0.43,0.17,0.33,11.9,0,0.13,+0.2,+0.2,259,309,83.8,5250,2099,87,97,89.7,130,145,89.7,40,59,67.8,0.1,-0.4,1,14,1,0,295,14,0,1,0,0,0,0,0,0,0,2,1,0.14,1,0,0,0,0,0,0.00,0,0,0,0,0,4,2,2,2,0,0,,0,1,9,13,37,0,381,40,11,1,100.0,0,0.0,185,0,4,3,233,63,21.0,75,3,2,15,6,1.10,5,18,-13,-1.87,-0.99,7.5,11.3,-3.7,-0.54,-0.14,0,9,0,0,0,19,24,75.0
105,Luke Brennan,us USA,"FW,MF",Atlanta Utd,20-226,2005,13,5,457,5.1,0,1,1,0,0,0,1,0,0.6,0.6,1.7,2.4,20,15,59,0.00,0.20,0.20,0.00,0.20,0.12,0.34,0.46,0.12,0.46,Matches,5,1,20.0,0.98,0.20,0.00,0.00,14.0,0,0.13,-0.6,-0.6,110,140,78.6,1728,398,55,66,83.3,46,54,85.2,5,9,55.6,1.1,-0.7,5,7,4,2,137,2,0,0,13,1,0,0,0,0,1,5,14,2.75,9,0,2,2,0,1,0.20,0,0,0,1,0,4,4,3,1,0,2,100.0,0,2,0,4,2,0,191,2,25,8,38.1,11,52.4,138,11,9,10,141,35,15.9,68,1,8,14,11,0.77,7,9,-2,-0.39,+0.31,7.4,6.3,+1.1,+0.22,+0.38,0,8,1,0,0,24,4,66.7
356,Luke Hille,us USA,MF,Minnesota Utd,22-231,2003,1,0,1,0.0,0,0,0,0,0,0,0,0,0.0,0.0,0.0,0.0,0,0,1,0.00,0.00,0.00,0.00,0.00,0.00,0.00,0.00,0.00,0.00,Matches,0,0,,0.00,0.00,,,,0,,0.0,0.0,0,0,,0,0,0,0,,0,0,,0,0,,0.0,0.0,0,0,0,0,0,0,0,0,0,0,0,0,0,0,0,0,0,0.00,0,0,0,0,0,0,0.00,0,0,0,0,0,1,0,1,0,0,0,,0,0,0,1,0,0,2,0,0,0,,0,,1,0,1,0,1,1,0.0,,0,1,1,0,3.00,0,0,0,0.00,-0.55,0.0,0.1,-0.1,-6.79,-6.83,0,0,0,0,0,0,0,
,Luke Pruter,,,,,,,,,,,,,,,,,,,,,,,,,,,,,,,,,,,,,,,,,,,,,,,,,,,,,,,,,,,,,,,,,,,,,,,,,,,,,,,,,,,,,,,,,,,,,,,,,,,,,,,,,,,,,,,,,,,,,,,,,,0,0,,1,,,,,,,,,,,,,,,,,,,
161,Léo Chú,br BRA,"FW,MF",FC Dallas,25-185,2000,4,3,210,2.3,1,0,1,1,0,0,0,0,1.0,1.0,0.3,1.2,2,6,15,0.43,0.00,0.43,0.43,0.43,0.41,0.11,0.52,0.41,0.52,Matches,6,1,16.7,2.57,0.43,0.17,1.00,15.4,0,0.16,0.0,0.0,37,50,74.0,556,128,20,24,83.3,12,17,70.6,2,3,66.7,0.1,-0.3,2,6,3,1,49,1,0,1,3,1,0,0,0,0,0,3,3,1.29,3,0,0,0,0,0,0.00,0,0,0,0,0,0,0,0,0,0,0,0.0,3,1,2,2,1,0,76,2,10,1,16.7,5,83.3,42,1,5,1,54,53,7.3,59,0,1,33,6,1.75,3,2,+1,+0.43,+0.56,3.5,2.2,+1.3,+0.57,+0.65,0,3,0,0,0,2,0,0.0
587,Maarten Paes,id IDN,GK,FC Dallas,27-147,1998,22,22,1980,22.0,0,0,0,0,0,0,0,0,0.0,0.0,0.0,0.0,0,1,0,0.00,0.00,0.00,0.00,0.00,0.00,0.00,0.00,0.00,0.00,Matches,0,0,,0.00,0.00,,,,0,,0.0,0.0,510,695,73.4,14712,11207,105,107,98.1,203,206,98.5,202,377,53.6,0.0,0.0,1,13,0,0,479,211,0,0,0,0,0,0,0,0,5,0,2,0.09,1,1,0,0,0,0,0.00,0,0,0,0,0,1,1,1,0,0,0,0.0,3,0,0,1,16,0,755,624,0,2,100.0,0,0.0,388,0,0,0,308,90,68.8,90,22,0,,1,1.00,34,43,-9,-0.41,-1.01,31.7,34.7,-3.0,-0.14,-0.34,0,1,0,1,0,26,6,85.7
758,Magomed-Shapi Suleymanov,ru RUS,"FW,MF",Sporting KC,25-296,1999,32,26,2017,22.4,2,3,5,2,0,0,2,1,2.4,2.4,1.3,3.7,94,66,194,0.09,0.13,0.22,0.09,0.22,0.11,0.06,0.17,0.11,0.17,Matches,36,8,22.2,1.61,0.36,0.06,0.25,18.6,3,0.07,-0.4,-0.4,705,882,79.9,10959,1912,388,436,89.0,247,303,81.5,48,86,55.8,2.7,+1.7,19,26,23,4,813,67,1,2,82,14,32,23,2,1,2,16,56,2.50,39,5,0,9,0,8,0.36,3,1,0,4,0,26,14,14,9,3,16,59.3,11,10,10,36,15,2,1092,11,90,20,29.9,37,55.2,766,56,29,27,833,63,67.9,71,3,6,27,0,0.84,25,45,-20,-0.89,-0.51,20.5,46.9,-26.5,-1.18,-0.97,0,19,2,1,0,81,11,28.2
,Malcolm Fry,,,,,,,,,,,,,,,,,,,,,,,,,,,,,,,,,,,,,,,,,,,,,,,,,,,,,,,,,,,,,,,,,,,,,,,,,,,,,,,,,,,,,,,,,,,,,,,,,,,,,,,,,,,,,,,,,,,,,,,,,,0,0,,2,,,,,,,,,,,,,,,,,,,
345,Malik Henry,ca CAN,"MF,DF",Toronto FC,23-077,2002,7,0,89,1.0,0,1,1,0,0,0,1,0,0.6,0.6,0.5,1.1,4,5,4,0.00,1.01,1.01,0.00,1.01,0.61,0.47,1.08,0.61,1.08,Matches,1,0,0.0,1.01,0.00,0.00,,2.8,0,0.60,-0.6,-0.6,24,35,68.6,483,133,8,12,66.7,13,17,76.5,3,6,50.0,0.2,+0.5,2,2,3,1,34,1,1,1,4,1,0,0,0,0,0,1,4,4.04,3,0,0,1,0,2,2.02,2,0,0,0,0,2,1,1,1,0,0,0.0,3,1,0,2,4,0,52,3,3,1,33.3,2,66.7,29,1,2,3,31,13,3.1,,0,7,13,4,0.86,2,1,+1,+1.01,+1.27,2.2,1.9,+0.3,+0.31,+0.74,0,3,0,0,0,2,0,0.0
29,Malte Amundsen,dk DEN,DF,Columbus Crew,27-239,1998,23,20,1690,18.8,1,2,3,1,0,0,3,1,1.1,1.1,1.2,2.3,22,116,34,0.05,0.11,0.16,0.05,0.16,0.06,0.06,0.12,0.06,0.12,Matches,9,2,22.2,0.48,0.11,0.11,0.50,20.7,0,0.12,-0.1,-0.1,1134,1310,86.6,18394,6953,604,632,95.6,436,494,88.3,76,134,56.7,1.1,+0.8,6,141,14,3,1191,113,4,3,9,68,0,0,0,0,6,16,26,1.38,21,0,3,0,2,3,0.16,2,0,0,0,1,29,23,16,10,3,13,56.5,10,8,21,50,69,0,1495,76,12,15,78.9,4,21.1,859,2,11,10,1014,73,56.9,79,15,3,36,1,1.35,30,26,+4,+0.21,+0.35,28.7,27.7,+0.9,+0.05,-0.22,0,15,0,0,0,91,22,46.8
204,Mamadou Dieng,sn SEN,FW,Minnesota Utd,21-246,2004,4,1,114,1.3,0,0,0,0,0,0,0,0,0.7,0.7,0.0,0.7,2,3,4,0.00,0.00,0.00,0.00,0.00,0.51,0.00,0.51,0.51,0.51,Matches,3,0,0.0,2.37,0.00,0.00,,7.9,0,0.22,-0.7,-0.7,13,21,61.9,185,37,7,8,87.5,6,10,60.0,0,0,,0.0,0.0,0,0,0,0,18,3,0,0,2,0,0,0,0,0,0,1,0,0.00,0,0,0,0,0,0,0.00,0,0,0,0,0,1,0,0,0,1,0,,0,0,0,1,0,0,33,1,6,0,,0,,15,1,5,2,23,29,3.8,90,1,3,8,1,1.25,2,5,-3,-2.37,-3.03,2.0,3.0,-0.9,-0.75,-0.81,0,2,0,0,0,2,7,63.6
269,Mamadou Fofana,ml MLI,DF,NE Revolution,27-260,1998,29,29,2486,27.6,0,1,1,0,0,0,9,0,0.2,0.2,0.3,0.5,7,59,2,0.00,0.04,0.04,0.00,0.04,0.01,0.01,0.02,0.01,0.02,Matches,5,0,0.0,0.18,0.00,0.00,,22.6,0,0.04,-0.2,-0.2,1266,1379,91.8,26081,8689,353,368,95.9,744,772,96.4,160,217,73.7,0.4,+0.7,3,54,1,0,1338,35,1,9,1,3,0,0,0,0,6,3,16,0.58,15,0,0,0,1,1,0.04,1,0,0,0,0,61,34,47,13,1,26,53.1,23,22,48,109,152,3,1725,292,7,6,85.7,1,14.3,1012,0,10,6,1123,86,83.7,86,23,0,,1,1.17,30,35,-5,-0.18,+0.19,31.2,38.6,-7.4,-0.27,-0.32,0,34,0,3,0,133,20,43.5
217,Manu Duah,gh GHA,DF,San Diego FC,20-125,2005,13,11,949,10.5,0,0,0,0,0,0,2,0,0.1,0.1,0.3,0.4,8,32,2,0.00,0.00,0.00,0.00,0.00,0.01,0.03,0.04,0.01,0.04,Matches,3,0,0.0,0.28,0.00,0.00,,15.4,0,0.04,-0.1,-0.1,802,881,91.0,13383,5490,395,411,96.1,350,375,93.3,49,81,60.5,0.6,-0.3,3,45,3,0,848,33,3,6,1,8,0,0,0,0,0,3,13,1.23,12,0,0,0,0,0,0.00,0,0,0,0,0,18,14,11,5,2,8,72.7,3,3,8,26,41,3,985,111,3,6,54.5,2,18.2,664,0,6,4,733,73,32.0,85,9,2,7,4,1.85,15,11,+4,+0.38,-0.29,14.9,14.7,+0.2,+0.02,-0.23,0,2,0,0,1,67,13,59.1
287,Manu García,es ESP,MF,Sporting KC,27-279,1998,26,22,2049,22.8,2,7,9,2,0,0,5,0,1.3,1.3,3.7,5.1,47,213,56,0.09,0.31,0.40,0.09,0.40,0.06,0.16,0.22,0.06,0.22,Matches,20,5,25.0,0.88,0.22,0.10,0.40,20.3,0,0.07,+0.7,+0.7,942,1193,79.0,18176,5922,418,484,86.4,328,403,81.4,167,237,70.5,4.8,+3.3,43,188,57,9,1136,52,14,33,56,4,20,12,4,0,5,27,94,4.13,62,10,7,8,3,11,0.48,7,0,0,1,1,29,22,3,14,12,14,42.4,19,15,11,40,14,3,1424,19,28,38,47.5,39,48.8,906,4,44,31,1088,79,69.0,88,16,4,28,0,0.92,35,42,-7,-0.31,+1.35,25.5,45.1,-19.7,-0.86,+0.02,0,25,0,0,0,101,3,18.8
340,Marcel Hartel,de GER,"MF,FW",St. Louis,29-262,1996,33,33,2932,32.6,9,4,13,8,1,1,1,0,6.7,5.9,9.4,15.3,63,180,178,0.28,0.12,0.40,0.25,0.37,0.21,0.29,0.49,0.18,0.47,Matches,67,24,35.8,2.06,0.74,0.12,0.33,17.6,2,0.09,+2.3,+2.1,1177,1545,76.2,18796,6606,601,672,89.4,417,512,81.4,103,226,45.6,9.0,-5.4,94,105,54,13,1338,202,9,8,185,3,115,52,46,0,5,48,165,5.06,106,40,7,4,0,10,0.31,6,2,1,0,0,18,14,9,6,3,7,26.9,19,16,26,44,24,0,1821,46,111,23,35.9,38,59.4,1044,14,46,22,1263,89,98.7,89,27,0,,0,0.94,41,55,-14,-0.43,-0.43,46.6,55.9,-9.4,-0.29,-4.17,0,12,0,0,0,119,4,23.5
349,Marcelo Herrera,ar ARG,DF,Columbus Crew,26-339,1998,19,14,1279,14.2,3,2,5,3,0,0,1,0,2.6,2.6,2.0,4.6,27,64,141,0.21,0.14,0.35,0.21,0.35,0.18,0.14,0.32,0.18,0.32,Matches,22,6,27.3,1.55,0.42,0.14,0.50,17.6,1,0.12,+0.4,+0.4,489,629,77.7,6887,2769,306,348,87.9,149,193,77.2,20,46,43.5,2.6,0.0,15,49,22,8,575,52,0,2,41,40,1,0,0,0,2,24,30,2.11,26,0,2,0,1,4,0.28,4,0,0,0,0,31,21,15,10,6,13,50.0,13,27,20,51,35,0,799,24,52,10,66.7,5,33.3,466,13,14,9,552,67,43.1,84,9,5,20,4,1.37,18,20,-2,-0.14,-0.35,21.2,20.7,+0.5,+0.04,-0.19,0,19,0,0,0,30,10,38.5
517,Marcelo Morales,cl CHI,DF,NY Red Bulls,22-124,2003,4,2,183,2.0,0,0,0,0,0,0,0,0,0.1,0.1,0.1,0.2,3,15,14,0.00,0.00,0.00,0.00,0.00,0.03,0.05,0.09,0.03,0.09,Matches,3,0,0.0,1.48,0.00,0.00,,28.2,0,0.02,-0.1,-0.1,84,121,69.4,1697,690,25,30,83.3,45,58,77.6,12,26,46.2,0.2,-0.1,2,11,2,2,88,33,0,1,21,22,10,8,1,0,0,5,4,1.97,2,1,0,1,0,0,0.00,0,0,0,0,0,2,1,1,0,1,2,40.0,3,2,2,4,3,0,140,1,4,4,80.0,1,20.0,61,1,2,0,73,46,6.2,69,0,2,23,4,0.75,2,2,0,0.00,-0.10,3.0,4.1,-1.2,-0.57,-0.50,0,3,0,0,0,6,0,0.0
837,Marcelo Weigandt,ar ARG,DF,Inter Miami,25-270,2000,22,16,1385,15.4,1,2,3,1,0,0,4,0,1.1,1.1,1.4,2.5,17,58,86,0.06,0.13,0.19,0.06,0.19,0.07,0.09,0.16,0.07,0.16,Matches,7,4,57.1,0.45,0.26,0.14,0.25,14.0,0,0.19,-0.1,-0.1,793,928,85.5,12674,4339,420,444,94.6,295,333,88.6,53,94,56.4,1.7,+0.6,10,47,16,7,812,112,0,10,43,99,0,0,0,0,4,19,24,1.56,19,0,1,1,1,4,0.26,2,0,0,0,1,31,16,11,15,5,17,54.8,14,20,10,41,30,3,1082,49,19,6,28.6,13,61.9,599,2,15,5,719,63,48.1,77,7,6,26,6,1.82,37,26,+11,+0.71,+0.23,31.2,19.6,+11.6,+0.76,+0.49,0,21,0,0,1,72,11,36.7
250,Marco Farfan,us USA,DF,FC Dallas,26-330,1998,17,14,1291,14.3,0,0,0,0,0,0,1,0,0.2,0.2,1.4,1.5,20,36,35,0.00,0.00,0.00,0.00,0.00,0.01,0.09,0.11,0.01,0.11,Matches,4,0,0.0,0.28,0.00,0.00,,14.3,0,0.05,-0.2,-0.2,513,626,81.9,7442,2891,293,317,92.4,186,229,81.2,19,40,47.5,1.4,-1.4,12,19,10,7,506,118,0,3,14,100,0,0,0,0,2,16,20,1.39,16,2,0,2,0,1,0.07,1,0,0,0,0,28,16,15,7,6,16,57.1,12,5,10,38,55,3,789,69,13,5,33.3,8,53.3,327,2,19,9,441,76,44.8,88,11,3,18,1,1.12,23,26,-3,-0.21,-0.21,23.9,24.2,-0.3,-0.02,+0.01,0,22,0,0,0,48,15,46.9
597,Marco Pašalić,hr CRO,"MF,FW",Orlando City,25-024,2000,32,31,2506,27.8,12,4,16,12,0,0,3,0,7.8,7.8,5.2,13.0,87,135,190,0.43,0.14,0.57,0.43,0.57,0.28,0.19,0.47,0.28,0.47,Matches,96,39,40.6,3.45,1.40,0.13,0.31,20.6,0,0.08,+4.2,+4.2,690,879,78.5,11774,3504,344,394,87.3,230,287,80.1,83,126,65.9,4.7,-1.2,44,74,55,6,828,45,12,18,40,12,30,16,0,0,6,18,96,3.45,68,7,7,3,0,8,0.29,3,0,0,1,0,23,14,9,11,3,8,25.8,23,32,13,36,23,0,1219,21,85,56,52.8,47,44.3,805,33,61,35,910,78,87.0,80,7,1,32,0,1.66,52,34,+18,+0.65,+1.37,49.6,34.9,+14.7,+0.53,+1.07,0,19,0,1,0,92,2,11.8
648,Marco Reus,de GER,"MF,FW",LA Galaxy,36-130,1989,21,17,1482,16.5,5,8,13,5,0,0,1,0,3.9,3.9,6.1,10.0,32,117,72,0.30,0.49,0.79,0.30,0.79,0.24,0.37,0.61,0.24,0.61,Matches,28,11,39.3,1.70,0.67,0.18,0.45,15.6,4,0.16,+1.1,+1.1,733,881,83.2,11436,2966,386,423,91.3,270,312,86.5,49,79,62.0,4.5,+1.9,47,70,41,4,782,90,3,3,52,4,42,12,14,0,9,13,75,4.55,58,6,2,2,4,10,0.61,9,0,0,0,0,21,16,7,9,5,4,44.4,5,5,8,29,11,1,992,14,58,10,50.0,8,40.0,613,3,15,10,768,71,51.5,81,7,4,27,0,0.62,20,35,-15,-0.91,-0.46,22.5,28.8,-6.3,-0.38,+0.02,0,6,0,0,0,45,0,0.0
375,Marcus Ingvartsen,dk DEN,FW,San Diego FC,29-277,1996,7,5,397,4.4,2,1,3,2,0,0,0,0,2.4,2.4,0.6,3.0,11,9,23,0.45,0.23,0.68,0.45,0.68,0.55,0.14,0.69,0.55,0.69,Matches,13,6,46.2,2.95,1.36,0.15,0.33,13.1,0,0.19,-0.4,-0.4,82,109,75.2,1071,286,53,66,80.3,20,25,80.0,4,8,50.0,0.1,+0.4,5,5,2,0,106,3,0,0,1,0,0,0,0,0,0,3,10,2.27,7,0,0,3,0,2,0.45,2,0,0,0,0,0,0,0,0,0,0,,0,4,2,2,2,0,158,2,18,2,25.0,6,75.0,81,2,13,3,123,57,13.4,72,3,2,19,0,2.43,9,5,+4,+0.91,+0.38,8.2,4.9,+3.3,+0.75,+0.67,0,14,0,0,0,14,5,35.7
329,Maren Haile-Selassie,ch SUI,"FW,MF",Chicago Fire,26-209,1999,29,5,903,10.0,2,6,8,2,0,0,1,0,3.2,3.2,1.6,4.7,31,44,69,0.20,0.60,0.80,0.20,0.80,0.31,0.16,0.47,0.31,0.47,Matches,22,7,31.8,2.19,0.70,0.09,0.29,15.9,0,0.14,-1.2,-1.2,364,429,84.8,5205,1296,223,247,90.3,118,134,88.1,12,28,42.9,2.0,+4.4,17,28,19,0,389,40,4,0,24,7,17,5,8,0,0,7,45,4.48,31,6,4,2,0,10,0.99,7,2,1,0,0,15,10,9,2,4,12,63.2,7,12,5,20,11,0,539,12,37,16,51.6,13,41.9,316,5,19,12,377,31,30.4,86,4,24,20,1,1.62,25,19,+6,+0.60,+0.51,19.8,17.2,+2.6,+0.26,+0.38,0,4,0,0,0,50,2,50.0
,Mark O'Neill,,,,,,,,,,,,,,,,,,,,,,,,,,,,,,,,,,,,,,,,,,,,,,,,,,,,,,,,,,,,,,,,,,,,,,,,,,,,,,,,,,,,,,,,,,,,,,,,,,,,,,,,,,,,,,,,,,,,,,,,,,0,0,,5,,,,,,,,,,,,,,,,,,,
406,Mark-Anthony Kaye,ca CAN,MF,SJ Earthquakes,30-310,1994,27,10,1017,11.3,1,2,3,1,0,0,5,0,1.3,1.3,0.6,1.9,12,58,20,0.09,0.18,0.27,0.09,0.27,0.11,0.06,0.17,0.11,0.17,Matches,14,2,14.3,1.24,0.18,0.07,0.50,17.7,0,0.09,-0.3,-0.3,463,572,80.9,7593,2376,238,272,87.5,163,191,85.3,42,72,58.3,0.7,+1.4,10,43,11,1,555,12,0,6,10,3,0,0,0,0,5,6,39,3.45,35,0,1,0,2,3,0.27,3,0,0,0,0,36,21,14,17,5,22,55.0,18,17,21,57,10,0,705,18,14,8,53.3,5,33.3,360,2,16,12,437,38,34.2,66,3,17,21,5,1.26,22,19,+3,+0.27,+0.59,25.9,16.9,+9.0,+0.80,+1.02,0,24,0,0,0,78,12,63.2
30,Markus Anderson,us USA,FW,Philadelphia Union,21-301,2003,3,1,100,1.1,1,0,1,1,0,0,0,0,0.1,0.1,0.0,0.1,1,3,7,0.90,0.00,0.90,0.90,0.90,0.07,0.00,0.07,0.07,0.07,Matches,1,1,100.0,0.90,0.90,1.00,1.00,15.1,0,0.08,+0.9,+0.9,8,15,53.3,114,46,5,9,55.6,2,4,50.0,1,2,50.0,0.0,0.0,0,3,1,0,15,0,0,0,0,0,0,0,0,0,0,0,1,0.90,0,0,0,1,0,0,0.00,0,0,0,0,0,1,0,1,0,0,0,0.0,1,0,0,1,2,0,29,1,3,1,25.0,3,75.0,18,1,3,2,25,33,3.4,45,0,2,28,1,2.00,1,2,-1,-0.90,-1.68,0.9,0.8,+0.1,+0.12,-0.43,0,3,0,0,0,0,6,46.2
163,Markus Cimermancic,ca CAN,"DF,MF",Toronto FC,21-007,2004,7,3,236,2.6,0,0,0,0,0,0,0,0,0.0,0.0,0.2,0.2,2,4,16,0.00,0.00,0.00,0.00,0.00,0.01,0.07,0.08,0.01,0.08,Matches,1,0,0.0,0.38,0.00,0.00,,10.7,0,0.03,0.0,0.0,89,110,80.9,1483,273,41,49,83.7,37,43,86.0,9,10,90.0,0.1,-0.2,3,4,0,0,92,17,0,0,2,15,0,0,0,0,1,5,6,2.29,5,0,1,0,0,0,0.00,0,0,0,0,0,11,10,5,5,1,5,83.3,1,3,1,12,6,0,139,5,5,3,75.0,1,25.0,67,0,6,3,76,34,8.2,70,1,4,7,17,0.43,2,7,-5,-1.91,-1.84,2.8,3.5,-0.7,-0.26,+0.16,0,4,0,0,0,17,3,50.0
197,Marky Delgado,us USA,MF,LAFC,30-145,1995,31,27,2307,25.6,3,3,6,3,0,0,3,0,1.8,1.8,2.9,4.7,29,244,62,0.12,0.12,0.23,0.12,0.23,0.07,0.11,0.18,0.07,0.18,Matches,17,6,35.3,0.66,0.23,0.18,0.50,17.7,1,0.11,+1.2,+1.2,1627,1840,88.4,26541,7768,822,884,93.0,638,700,91.1,116,172,67.4,3.7,+0.1,35,250,41,3,1809,25,10,12,24,8,8,5,0,0,6,21,86,3.36,75,1,2,2,4,14,0.55,14,0,0,0,0,51,36,15,27,9,26,48.1,28,32,35,86,26,0,2079,53,22,16,66.7,6,25.0,1270,1,33,17,1561,74,82.7,82,10,4,25,0,1.81,50,25,+25,+0.98,+1.16,43.9,23.9,+20.0,+0.78,+0.19,0,25,0,0,0,160,14,45.2
474,Marlon,br BRA,DF,LAFC,30-031,1995,11,7,631,7.0,0,0,0,0,0,0,0,0,0.1,0.1,0.0,0.2,6,27,0,0.00,0.00,0.00,0.00,0.00,0.02,0.00,0.02,0.02,0.02,Matches,1,0,0.0,0.14,0.00,0.00,,8.2,0,0.13,-0.1,-0.1,511,545,93.8,9377,3263,182,187,97.3,286,298,96.0,40,56,71.4,0.1,0.0,1,35,2,0,531,14,0,0,0,0,0,0,0,0,0,0,2,0.29,1,1,0,0,0,0,0.00,0,0,0,0,0,8,6,8,0,0,5,55.6,4,1,8,16,35,0,615,79,3,3,100.0,0,0.0,402,0,2,0,467,57,22.6,80,3,4,18,3,1.91,14,9,+5,+0.71,-0.08,13.9,6.7,+7.1,+1.02,+0.35,0,10,0,0,0,31,10,52.6
567,Martín Ojeda,ar ARG,"MF,FW",Orlando City,26-315,1998,31,28,2500,27.8,16,9,25,14,2,2,0,0,11.4,9.8,9.8,19.6,64,163,218,0.58,0.32,0.90,0.50,0.83,0.41,0.35,0.76,0.35,0.71,Matches,97,35,36.1,3.49,1.26,0.14,0.40,18.8,6,0.10,+4.6,+4.2,957,1221,78.4,17000,5570,488,546,89.4,288,363,79.3,146,230,63.5,7.2,-0.8,91,105,45,16,1073,142,8,21,162,8,74,7,58,1,6,29,168,6.05,100,40,6,4,1,19,0.68,12,5,1,0,0,25,18,4,11,10,8,29.6,19,12,11,36,6,0,1481,12,143,19,46.3,21,51.2,861,25,63,25,1091,81,86.8,86,14,3,30,1,1.71,54,34,+20,+0.72,+1.90,49.0,36.3,+12.7,+0.46,+0.50,0,17,0,0,0,120,6,30.0
,Mason Stajduhar,,,,,,,,,,,,,,,,,,,,,,,,,,,,,,,,,,,,,,,,,,,,,,,,,,,,,,,,,,,,,,,,,,,,,,,,,,,,,,,,,,,,,,,,,,,,,,,,,,,,,,,,,,,,,,,,,,,,,,,,,,0,0,,28,,,,,,,,,,,,,,,,,,,
791,Mason Toye,us USA,"FW,MF",Sporting KC,26-357,1998,20,4,506,5.6,3,2,5,3,0,0,0,0,3.2,3.2,1.1,4.3,17,7,39,0.53,0.36,0.89,0.53,0.89,0.57,0.20,0.77,0.57,0.77,Matches,14,7,50.0,2.49,1.25,0.21,0.43,12.4,0,0.23,-0.2,-0.2,86,126,68.3,1017,159,63,83,75.9,19,29,65.5,0,4,0.0,0.7,+0.9,3,4,2,1,124,2,1,0,10,1,0,0,0,0,0,1,10,1.78,7,0,1,0,0,1,0.18,0,0,0,0,0,2,2,0,0,2,0,0.0,4,4,1,3,6,0,168,5,31,6,66.7,3,33.3,97,7,10,4,134,25,17.0,74,1,16,13,6,0.80,12,17,-5,-0.89,-0.20,11.8,15.5,-3.7,-0.66,+0.25,0,5,0,0,0,8,18,56.3
874,Mateja Đorđević,rs SRB,DF,Austin,22-264,2003,2,2,171,1.9,0,0,0,0,0,0,1,0,0.0,0.0,0.0,0.0,0,5,1,0.00,0.00,0.00,0.00,0.00,0.00,0.00,0.00,0.00,0.00,Matches,0,0,,0.00,0.00,,,,0,,0.0,0.0,65,78,83.3,1317,517,19,21,90.5,41,43,95.3,5,11,45.5,0.0,0.0,0,5,0,0,76,1,0,2,0,0,0,0,0,0,1,1,0,0.00,0,0,0,0,0,0,0.00,0,0,0,0,0,1,1,1,0,0,0,0.0,1,3,0,1,9,0,93,11,1,0,,0,,60,0,0,0,71,86,5.9,86,1,0,,4,1.50,2,4,-2,-1.05,-0.85,1.3,3.3,-2.0,-1.03,-0.91,0,2,0,0,0,5,2,100.0
733,Mateo Silvetti,ar ARG,"MF,FW",Inter Miami,19-267,2006,3,1,97,1.1,0,0,0,0,0,1,2,0,1.0,0.2,0.4,0.6,4,0,10,0.00,0.00,0.00,0.00,0.00,0.88,0.40,1.29,0.15,0.56,Matches,2,0,0.0,1.86,0.00,0.00,,26.5,0,0.08,-1.0,-0.2,19,28,67.9,324,27,6,11,54.5,12,14,85.7,1,2,50.0,0.2,-0.4,1,0,0,0,27,1,0,0,1,0,0,0,0,0,0,1,3,2.78,1,0,1,1,0,0,0.00,0,0,0,0,0,0,0,0,0,0,0,,0,2,1,1,2,0,43,2,12,1,50.0,0,0.0,25,2,5,0,31,32,3.4,65,0,2,16,0,3.00,2,1,+1,+0.93,+0.35,2.6,1.5,+1.2,+1.08,+0.60,0,3,1,0,0,3,2,50.0
416,Mateusz Klich,pl POL,MF,Atlanta Utd,35-117,1990,16,9,795,8.8,0,1,1,0,0,0,4,0,0.3,0.3,1.1,1.4,7,51,29,0.00,0.11,0.11,0.00,0.11,0.03,0.13,0.16,0.03,0.16,Matches,7,2,28.6,0.79,0.23,0.00,0.00,26.2,0,0.04,-0.3,-0.3,488,569,85.8,7944,2776,235,254,92.5,202,228,88.6,35,57,61.4,1.0,-0.1,11,61,9,1,516,51,3,1,5,10,0,0,0,0,2,6,16,1.81,14,2,0,0,0,1,0.11,1,0,0,0,0,16,8,5,10,1,5,29.4,12,5,10,26,6,0,629,8,9,2,40.0,3,60.0,366,0,11,5,453,50,27.6,68,1,7,26,5,1.06,8,20,-12,-1.36,-0.97,9.7,15.1,-5.4,-0.61,-0.70,0,13,0,0,0,54,3,60.0
542,Matheus Nascimento,br BRA,FW,LA Galaxy,21-219,2004,20,11,1001,11.1,2,2,4,2,0,0,1,0,2.0,2.0,2.4,4.5,13,17,44,0.18,0.18,0.36,0.18,0.36,0.18,0.22,0.40,0.18,0.40,Matches,15,9,60.0,1.35,0.81,0.13,0.22,14.5,0,0.14,0.0,0.0,116,173,67.1,1463,384,81,113,71.7,23,30,76.7,5,8,62.5,1.0,-0.4,15,6,8,0,153,19,1,0,1,0,0,0,0,0,1,8,23,2.07,19,1,1,0,1,2,0.18,2,0,0,0,0,11,5,5,2,4,1,20.0,4,8,2,13,3,0,266,7,37,8,38.1,12,57.1,136,4,19,9,174,50,34.8,75,2,9,20,4,0.75,18,24,-6,-0.54,+0.23,14.9,19.3,-4.4,-0.40,-0.01,0,13,0,0,0,21,17,39.5
399,Mathias Jørgensen,dk DEN,DF,LA Galaxy,35-168,1990,17,16,1347,15.0,0,1,1,0,0,0,2,1,0.5,0.5,0.7,1.2,6,45,3,0.00,0.07,0.07,0.00,0.07,0.03,0.05,0.08,0.03,0.08,Matches,4,1,25.0,0.27,0.07,0.00,0.00,15.3,0,0.12,-0.5,-0.5,877,979,89.6,16145,6686,346,365,94.8,444,470,94.5,84,128,65.6,1.0,+0.3,6,70,5,0,936,41,2,4,0,0,0,0,0,0,2,4,11,0.73,9,0,0,0,1,2,0.13,1,0,0,0,0,27,20,21,5,1,20,74.1,7,7,11,38,77,3,1140,172,9,1,100.0,0,0.0,638,0,6,1,813,79,46.8,83,13,1,16,11,0.65,19,29,-10,-0.67,+0.04,18.4,25.2,-6.8,-0.45,-0.10,0,12,0,0,0,46,16,55.2
159,Mathieu Choiniere,ca CAN,MF,LAFC,26-243,1999,9,6,568,6.3,1,0,1,1,0,0,1,0,0.6,0.6,0.4,1.0,4,35,10,0.16,0.00,0.16,0.16,0.16,0.09,0.07,0.16,0.09,0.16,Matches,6,2,33.3,0.95,0.32,0.17,0.50,14.7,0,0.10,+0.4,+0.4,350,394,88.8,5336,1779,195,208,93.8,118,130,90.8,20,27,74.1,0.6,-0.4,5,31,8,0,382,10,2,1,3,0,0,0,0,0,2,5,20,3.17,18,0,0,0,1,2,0.32,2,0,0,0,0,22,11,12,9,1,11,61.1,7,9,8,30,8,0,454,10,5,2,40.0,2,40.0,279,0,3,6,349,63,20.4,78,4,3,33,0,2.22,16,6,+10,+1.58,+1.02,13.9,6.8,+7.1,+1.13,+0.48,0,6,0,0,0,31,7,63.6
425,Mathías Laborda,uy URU,DF,Vancouver W'caps,26-023,1999,26,23,2081,23.1,5,1,6,5,0,0,5,0,4.7,4.7,2.8,7.5,27,111,62,0.22,0.04,0.26,0.22,0.26,0.20,0.12,0.32,0.20,0.32,Matches,34,7,20.6,1.47,0.30,0.15,0.71,8.7,0,0.14,+0.3,+0.3,1139,1311,86.9,20423,6235,466,512,91.0,567,631,89.9,92,129,71.3,1.7,-1.8,18,93,21,9,1150,160,2,13,34,122,0,0,0,0,1,19,35,1.51,27,0,0,2,1,6,0.26,2,0,0,1,0,56,32,33,19,4,34,65.4,18,21,24,80,71,1,1573,85,59,3,18.8,12,75.0,880,3,26,5,1033,80,72.3,86,19,3,33,0,1.77,45,22,+23,+0.99,+0.43,42.3,23.2,+19.1,+0.83,+0.32,0,35,1,0,0,83,48,61.5
278,Matt Freese,us USA,GK,NYCFC,27-036,1998,30,30,2676,29.7,0,0,0,0,0,0,2,0,0.0,0.0,0.0,0.0,0,0,0,0.00,0.00,0.00,0.00,0.00,0.00,0.00,0.00,0.00,0.00,Matches,0,0,,0.00,0.00,,,,0,,0.0,0.0,702,866,81.1,15219,10003,205,206,99.5,366,370,98.9,118,275,42.9,0.0,0.0,0,12,1,0,696,168,0,0,0,0,0,0,0,0,2,0,5,0.17,5,0,0,0,0,1,0.03,1,0,0,0,0,1,1,1,0,0,1,50.0,1,1,0,1,17,1,936,845,0,2,100.0,0,0.0,580,0,3,0,448,89,90.1,89,29,0,,0,1.67,42,40,+2,+0.07,-1.46,45.0,39.5,+5.5,+0.18,-0.06,0,1,0,0,0,31,4,66.7
496,Matt Miazga,us USA,DF,FC Cincinnati,30-081,1995,21,19,1533,17.0,0,1,1,0,0,0,3,0,0.3,0.3,0.1,0.3,0,26,2,0.00,0.06,0.06,0.00,0.06,0.01,0.00,0.02,0.01,0.02,Matches,4,1,25.0,0.23,0.06,0.00,0.00,11.2,0,0.06,-0.3,-0.3,918,1018,90.2,19749,7135,203,220,92.3,585,619,94.5,126,166,75.9,0.3,+0.9,2,34,0,0,979,37,0,3,0,2,0,0,0,0,2,2,8,0.47,7,0,0,0,1,1,0.06,1,0,0,0,0,19,13,14,5,0,11,55.0,9,9,16,35,117,0,1222,193,11,0,0.0,1,100.0,618,0,5,1,815,73,51.6,80,11,2,7,2,1.81,26,20,+6,+0.35,+0.16,19.5,25.8,-6.3,-0.37,-0.28,0,15,0,1,0,59,35,79.5
623,Matt Polster,us USA,MF,NE Revolution,32-122,1993,26,26,2317,25.7,1,1,2,1,0,0,7,0,0.9,0.9,0.3,1.2,18,118,31,0.04,0.04,0.08,0.04,0.08,0.03,0.01,0.05,0.03,0.05,Matches,11,4,36.4,0.43,0.16,0.09,0.25,16.7,0,0.08,+0.1,+0.1,1416,1553,91.2,24422,7448,652,696,93.7,583,619,94.2,129,156,82.7,0.6,+0.7,11,140,2,0,1492,60,0,24,2,17,0,0,0,0,1,17,41,1.59,34,0,1,1,3,5,0.19,5,0,0,0,0,47,24,14,28,5,24,53.3,21,15,39,86,43,2,1768,84,20,12,70.6,4,23.5,1006,2,22,20,1278,89,78.0,89,22,0,,1,1.27,36,36,0,0.00,+0.96,34.9,38.7,-3.8,-0.15,+0.31,0,47,0,0,0,119,35,62.5
800,Matt Turner,us USA,GK,NE Revolution,31-106,1994,9,9,810,9.0,0,0,0,0,0,0,0,0,0.0,0.0,0.0,0.0,0,0,0,0.00,0.00,0.00,0.00,0.00,0.00,0.00,0.00,0.00,0.00,Matches,0,0,,0.00,0.00,,,,0,,0.0,0.0,229,328,69.8,7004,5338,36,36,100.0,98,100,98.0,95,188,50.5,0.0,0.0,0,5,1,0,234,92,0,0,0,0,0,0,0,0,2,0,3,0.33,2,1,0,0,0,2,0.22,2,0,0,0,0,0,0,0,0,0,0,0.0,1,0,0,0,4,1,342,298,0,0,,0,,201,0,0,1,143,90,27.3,90,9,0,,0,1.11,11,14,-3,-0.33,-0.17,11.5,13.7,-2.1,-0.24,-0.03,0,0,0,0,0,8,7,100.0
171,Matthew Corcoran,us USA,MF,Nashville SC,19-233,2006,8,3,257,2.9,0,0,0,0,0,0,1,0,0.0,0.0,0.0,0.0,6,11,3,0.00,0.00,0.00,0.00,0.00,0.00,0.01,0.01,0.00,0.01,Matches,0,0,,0.00,0.00,,,,0,,0.0,0.0,177,209,84.7,2778,899,93,103,90.3,65,74,87.8,13,19,68.4,0.2,0.0,1,22,1,0,201,7,1,0,0,2,0,0,0,0,1,4,7,2.45,6,0,0,0,1,2,0.70,2,0,0,0,0,9,5,6,3,0,3,60.0,2,2,2,11,3,0,234,5,2,0,0.0,1,50.0,154,0,6,5,175,32,8.7,75,1,5,6,13,1.38,2,4,-2,-0.70,-1.30,2.6,3.8,-1.2,-0.42,-1.10,0,5,0,0,0,14,0,0.0
229,Matthew Edwards,us USA,DF,Atlanta Utd,22-233,2003,20,14,1207,13.4,0,1,1,0,0,0,3,0,0.5,0.5,0.8,1.3,8,37,39,0.00,0.07,0.07,0.00,0.07,0.04,0.06,0.09,0.04,0.09,Matches,3,1,33.3,0.22,0.07,0.00,0.00,5.6,0,0.16,-0.5,-0.5,691,799,86.5,11934,3436,314,339,92.6,323,361,89.5,49,80,61.3,1.3,+0.2,9,41,10,7,708,89,0,2,21,75,0,0,0,0,2,13,21,1.56,19,1,0,0,0,3,0.22,2,0,0,0,0,18,11,9,8,1,10,62.5,6,6,10,28,42,0,917,42,8,2,50.0,2,50.0,494,1,12,4,605,60,41.9,80,6,6,14,4,0.95,18,27,-9,-0.67,-0.03,19.2,20.1,-0.8,-0.06,+0.07,0,14,0,0,0,58,12,44.4
448,Matthew Longstaff,eng ENG,"MF,FW",Toronto FC,25-201,2000,17,11,906,10.1,0,1,1,0,0,0,3,0,0.5,0.5,0.7,1.2,8,36,33,0.00,0.10,0.10,0.00,0.10,0.05,0.07,0.12,0.05,0.12,Matches,9,3,33.3,0.89,0.30,0.00,0.00,20.9,0,0.05,-0.5,-0.5,425,515,82.5,6920,1581,208,229,90.8,165,189,87.3,36,68,52.9,0.9,+0.3,11,30,5,0,484,31,0,4,17,7,7,5,1,0,0,8,24,2.38,18,4,0,0,1,2,0.20,1,1,0,0,0,23,17,9,11,3,11,55.0,9,9,12,35,13,0,604,22,23,2,33.3,4,66.7,307,1,7,4,400,53,31.5,75,4,6,13,7,1.00,11,17,-6,-0.60,-0.55,9.5,14.1,-4.7,-0.46,-0.08,0,9,0,0,0,59,9,50.0
449,Matthew Longstaff,eng ENG,MF,CF Montréal,25-201,2000,7,5,496,5.5,0,1,1,0,0,0,0,0,0.3,0.3,1.2,1.5,2,30,15,0.00,0.18,0.18,0.00,0.18,0.05,0.22,0.27,0.05,0.27,Matches,9,3,33.3,0.89,0.30,0.00,0.00,20.9,0,0.05,-0.5,-0.5,425,515,82.5,6920,1581,208,229,90.8,165,189,87.3,36,68,52.9,0.9,+0.3,11,30,5,0,484,31,0,4,17,7,7,5,1,0,0,8,24,2.38,18,4,0,0,1,2,0.20,1,1,0,0,0,23,17,9,11,3,11,55.0,9,9,12,35,13,0,604,22,23,2,33.3,4,66.7,307,1,7,4,400,53,31.5,75,4,6,13,7,1.00,11,17,-6,-0.60,-0.55,9.5,14.1,-4.7,-0.46,-0.08,0,9,0,0,0,59,9,50.0
605,Matti Peltola,fi FIN,"MF,DF",D.C. United,23-097,2002,25,15,1437,16.0,0,1,1,0,0,0,6,0,0.3,0.3,0.4,0.8,10,51,12,0.00,0.06,0.06,0.00,0.06,0.02,0.03,0.05,0.02,0.05,Matches,9,0,0.0,0.56,0.00,0.00,,26.6,0,0.04,-0.3,-0.3,535,611,87.6,9525,2499,225,245,91.8,251,277,90.6,45,62,72.6,0.6,+0.6,6,44,8,0,579,30,0,7,3,5,1,0,1,0,2,3,24,1.50,17,0,2,4,1,3,0.19,2,0,0,0,1,41,23,17,19,5,21,56.8,16,15,21,62,24,0,759,48,2,5,41.7,4,33.3,400,1,14,3,466,57,48.4,81,9,10,22,4,0.92,14,25,-11,-0.69,+0.78,17.1,20.1,-3.0,-0.19,+0.47,0,27,0,1,0,71,5,33.3
667,Matías Rojas,py PAR,"MF,FW",Portland Timbers,29-339,1995,6,5,315,3.5,1,0,1,1,0,0,0,0,0.5,0.5,0.6,1.2,5,17,18,0.29,0.00,0.29,0.29,0.29,0.15,0.18,0.33,0.15,0.33,Matches,11,6,54.5,3.14,1.71,0.09,0.17,24.3,2,0.05,+0.5,+0.5,113,165,68.5,2302,768,51,62,82.3,33,45,73.3,26,44,59.1,0.7,-0.6,11,12,1,1,139,24,2,5,24,1,19,10,6,1,2,3,18,5.14,9,8,0,0,0,1,0.29,1,0,0,0,0,2,2,1,0,1,1,25.0,3,2,1,3,0,1,195,1,7,4,50.0,4,50.0,120,1,9,1,143,53,10.6,57,0,1,31,0,1.17,3,0,+3,+0.86,+1.06,3.5,3.6,-0.1,-0.04,+0.28,0,3,0,0,0,13,3,60.0
181,Mauricio Cuevas,us USA,"DF,FW",LA Galaxy,22-240,2003,22,6,620,6.9,2,3,5,2,0,0,4,0,0.5,0.5,2.7,3.2,14,32,75,0.29,0.44,0.73,0.29,0.73,0.08,0.39,0.47,0.08,0.47,Matches,5,2,40.0,0.73,0.29,0.40,1.00,22.0,1,0.11,+1.5,+1.5,317,423,74.9,5171,2006,166,182,91.2,122,156,78.2,21,63,33.3,2.3,+0.3,11,23,14,4,363,59,0,3,44,42,8,2,5,0,1,9,22,3.20,20,1,1,0,0,5,0.73,5,0,0,0,0,17,12,8,7,2,12,60.0,8,5,3,20,17,1,494,26,13,6,46.2,7,53.8,275,3,9,6,325,28,21.5,67,0,16,14,2,0.82,12,17,-5,-0.73,-0.05,12.3,12.9,-0.6,-0.08,+0.40,0,7,0,0,0,28,3,25.0
619,Mauricio Pineda,us USA,MF,Chicago Fire,27-356,1997,28,18,1520,16.9,0,2,2,0,0,0,7,0,0.5,0.5,1.7,2.2,6,48,20,0.00,0.12,0.12,0.00,0.12,0.03,0.10,0.13,0.03,0.13,Matches,9,4,44.4,0.53,0.24,0.00,0.00,24.7,0,0.06,-0.5,-0.5,905,1010,89.6,14366,3878,481,520,92.5,348,378,92.1,55,74,74.3,1.4,+0.3,10,71,5,0,982,25,1,12,1,0,0,0,0,0,3,14,28,1.66,28,0,0,0,0,3,0.18,3,0,0,0,0,39,18,22,12,5,20,55.6,16,22,16,55,19,1,1180,52,12,1,12.5,6,75.0,628,0,23,18,893,54,51.2,73,9,10,20,3,1.54,27,22,+5,+0.30,+0.11,26.6,24.9,+1.8,+0.10,+0.22,0,22,0,0,0,75,9,56.3
40,Max Arfsten,us USA,"DF,MF",Columbus Crew,24-172,2001,28,28,2472,27.5,4,5,9,4,0,0,4,0,5.3,5.3,6.2,11.5,74,161,290,0.15,0.18,0.33,0.15,0.33,0.19,0.23,0.42,0.19,0.42,Matches,46,16,34.8,1.67,0.58,0.09,0.25,15.3,0,0.11,-1.3,-1.3,1192,1420,83.9,16935,4893,747,809,92.3,360,434,82.9,52,87,59.8,7.5,-1.2,42,76,66,15,1292,121,5,3,94,98,7,6,1,0,7,32,84,3.06,67,3,8,2,1,10,0.36,10,0,0,0,0,60,34,19,27,14,33,51.6,31,25,21,81,36,0,1710,34,100,45,57.0,29,36.7,1042,22,32,23,1221,88,83.2,88,21,0,,0,1.43,44,45,-1,-0.04,-0.58,44.5,40.3,+4.1,+0.15,+0.03,0,32,0,0,0,115,16,45.7
267,Max Floriani,us USA,DF,SJ Earthquakes,22-244,2003,14,9,822,9.1,0,0,0,0,0,0,4,0,0.0,0.0,0.0,0.0,2,25,3,0.00,0.00,0.00,0.00,0.00,0.00,0.00,0.00,0.00,0.00,Matches,0,0,,0.00,0.00,,,,0,,0.0,0.0,348,399,87.2,6116,2577,143,155,92.3,177,188,94.1,25,47,53.2,0.1,0.0,2,28,0,0,372,24,0,1,1,6,0,0,0,0,3,2,8,0.88,7,0,0,1,0,0,0.00,0,0,0,0,0,17,9,12,1,4,9,60.0,6,4,16,33,31,2,498,46,3,4,80.0,1,20.0,260,0,10,3,312,59,27.7,81,6,5,18,14,1.14,15,15,0,0.00,+0.17,16.2,17.3,-1.0,-0.11,-0.33,0,12,0,0,0,34,12,60.0
,Max Kerkvliet,,,,,,,,,,,,,,,,,,,,,,,,,,,,,,,,,,,,,,,,,,,,,,,,,,,,,,,,,,,,,,,,,,,,,,,,,,,,,,,,,,,,,,,,,,,,,,,,,,,,,,,,,,,,,,,,,,,,,,,,,,0,0,,4,,,,,,,,,,,,,,,,,,,
,Max Murray,,,,,,,,,,,,,,,,,,,,,,,,,,,,,,,,,,,,,,,,,,,,,,,,,,,,,,,,,,,,,,,,,,,,,,,,,,,,,,,,,,,,,,,,,,,,,,,,,,,,,,,,,,,,,,,,,,,,,,,,,,0,0,,5,,,,,,,,,,,,,,,,,,,
154,Maxime Chanot,lu LUX,DF,LAFC,35-321,1989,1,1,67,0.7,0,0,0,0,0,0,0,0,0.0,0.0,0.0,0.0,0,0,0,0.00,0.00,0.00,0.00,0.00,0.00,0.00,0.00,0.00,0.00,Matches,0,0,,0.00,0.00,,,,0,,0.0,0.0,22,28,78.6,435,146,4,5,80.0,14,17,82.4,2,2,100.0,0.0,0.0,0,0,0,0,24,4,0,1,0,0,0,0,0,0,0,2,0,0.00,0,0,0,0,0,0,0.00,0,0,0,0,0,2,2,1,1,0,1,100.0,0,0,3,5,7,0,44,11,0,0,,0,,8,0,0,0,15,67,2.4,67,0,0,,5,3.00,1,0,+1,+1.34,+0.58,0.6,1.1,-0.5,-0.68,-1.46,0,0,0,0,0,3,1,100.0
179,Maxime Crépeau,ca CAN,GK,Portland Timbers,31-150,1994,15,15,1350,15.0,0,0,0,0,0,0,0,0,0.0,0.0,0.0,0.0,0,0,0,0.00,0.00,0.00,0.00,0.00,0.00,0.00,0.00,0.00,0.00,Matches,0,0,,0.00,0.00,,,,0,,0.0,0.0,397,530,74.9,10621,7598,63,64,98.4,225,228,98.7,109,238,45.8,0.0,0.0,0,3,1,0,393,137,0,0,0,0,0,0,0,0,0,0,3,0.20,1,2,0,0,0,0,0.00,0,0,0,0,0,0,0,0,0,0,0,,0,0,0,0,4,3,566,428,0,0,,0,,312,0,0,0,288,90,45.5,90,15,0,,9,1.00,13,22,-9,-0.60,-0.93,17.6,20.3,-2.6,-0.18,+0.21,0,0,0,0,0,17,1,100.0
209,Maxime Dominguez,ch SUI,MF,Toronto FC,29-249,1996,23,14,1333,14.8,0,1,1,0,0,0,5,0,0.9,0.9,1.3,2.2,25,70,46,0.00,0.07,0.07,0.00,0.07,0.06,0.09,0.15,0.06,0.15,Matches,15,3,20.0,1.01,0.20,0.00,0.00,21.6,0,0.06,-0.9,-0.9,499,584,85.4,7792,2254,261,289,90.3,197,221,89.1,28,42,66.7,0.7,-0.3,14,68,11,0,561,23,6,1,5,1,0,0,0,0,0,13,34,2.30,31,0,1,0,2,4,0.27,4,0,0,0,0,44,35,21,18,5,21,42.9,28,21,19,63,11,0,739,10,14,11,52.4,8,38.1,426,4,17,16,501,58,46.3,80,4,9,23,3,1.13,17,16,+1,+0.07,+0.53,16.4,19.5,-3.1,-0.21,+0.38,0,34,0,0,0,71,0,0.0
248,Maximiliano Falcón,uy URU,DF,Inter Miami,28-160,1997,23,20,1782,19.8,1,0,1,1,0,0,8,0,0.6,0.6,0.0,0.6,6,39,2,0.05,0.00,0.05,0.05,0.05,0.03,0.00,0.03,0.03,0.03,Matches,5,2,40.0,0.25,0.10,0.20,0.50,10.7,0,0.12,+0.4,+0.4,983,1052,93.4,19080,5185,297,309,96.1,577,598,96.5,98,126,77.8,0.1,0.0,0,33,0,0,993,57,0,7,0,0,0,0,0,0,2,4,4,0.20,4,0,0,0,0,0,0.00,0,0,0,0,0,24,16,15,9,0,14,48.3,15,11,23,47,73,1,1237,157,8,1,33.3,2,66.7,789,0,8,1,874,77,61.9,85,15,3,31,7,2.09,51,31,+20,+1.01,+1.09,42.0,28.5,+13.5,+0.68,+0.47,0,17,0,0,0,56,19,38.0
519,Maximiliano Moralez,ar ARG,MF,NYCFC,38-223,1987,33,33,2683,29.8,2,7,9,2,0,0,6,0,3.4,3.4,5.9,9.3,52,229,134,0.07,0.23,0.30,0.07,0.30,0.11,0.20,0.31,0.11,0.31,Matches,29,6,20.7,0.97,0.20,0.07,0.33,20.3,2,0.12,-1.4,-1.4,1442,1884,76.5,24177,8017,708,809,87.5,555,697,79.6,138,271,50.9,6.5,+1.1,63,223,69,12,1667,213,11,8,133,25,79,48,9,3,4,45,131,4.40,97,27,2,2,0,14,0.47,10,2,1,0,0,44,27,20,17,7,18,40.9,26,16,13,57,8,1,2115,13,56,6,20.7,20,69.0,1270,10,57,28,1530,81,90.3,81,16,0,,0,1.70,44,39,+5,+0.17,-0.46,44.8,38.6,+6.2,+0.21,+0.17,0,41,0,0,0,169,14,41.2
805,Maximiliano Urruti,ar ARG,FW,NE Revolution,34-228,1991,20,5,591,6.6,2,0,2,2,0,0,3,0,2.1,2.1,0.3,2.4,6,13,27,0.30,0.00,0.30,0.30,0.30,0.32,0.04,0.36,0.32,0.36,Matches,18,8,44.4,2.74,1.22,0.11,0.25,16.5,0,0.12,-0.1,-0.1,91,114,79.8,1332,380,51,60,85.0,34,37,91.9,2,4,50.0,0.3,-0.3,5,10,0,0,100,14,1,0,5,1,0,0,0,0,0,5,13,1.98,8,0,3,0,1,1,0.15,1,0,0,0,0,10,6,1,5,4,4,28.6,10,1,3,13,3,0,173,2,33,8,57.1,5,35.7,93,2,11,4,93,30,19.9,66,0,15,17,5,1.10,10,10,0,0.00,+0.26,9.8,10.4,-0.6,-0.09,+0.16,0,12,0,0,0,26,5,50.0
144,Maximo Carrizo,us USA,"MF,FW",NYCFC,17-222,2008,4,0,75,0.8,0,0,0,0,0,0,0,0,0.1,0.1,0.0,0.1,1,3,7,0.00,0.00,0.00,0.00,0.00,0.12,0.05,0.17,0.12,0.17,Matches,1,0,0.0,1.20,0.00,0.00,,20.7,0,0.10,-0.1,-0.1,32,41,78.0,383,93,21,26,80.8,4,6,66.7,2,3,66.7,0.1,0.0,2,3,1,0,40,1,1,0,1,1,0,0,0,0,0,1,1,1.20,1,0,0,0,0,0,0.00,0,0,0,0,0,2,1,1,1,0,0,0.0,1,2,1,3,0,0,58,0,1,0,0.0,2,100.0,27,0,5,1,44,19,2.5,,0,4,19,21,0.50,0,1,-1,-1.20,-1.45,0.7,1.9,-1.2,-1.42,-1.66,0,1,0,0,0,1,2,100.0
863,Maya Yoshida,jp JPN,DF,LA Galaxy,37-045,1988,26,24,2165,24.1,2,0,2,2,0,0,3,0,2.9,2.9,1.0,3.9,4,72,8,0.08,0.00,0.08,0.08,0.08,0.12,0.04,0.16,0.12,0.16,Matches,20,5,25.0,0.83,0.21,0.10,0.40,10.9,0,0.15,-0.9,-0.9,1683,1819,92.5,30551,12008,698,716,97.5,832,880,94.5,138,199,69.3,0.8,-1.0,8,100,4,0,1754,63,3,14,0,2,0,0,0,0,2,4,28,1.16,24,0,0,1,1,3,0.12,2,0,0,1,0,19,12,9,9,1,6,40.0,9,15,27,46,126,2,2093,292,30,5,71.4,2,28.6,1226,1,10,0,1577,83,75.2,89,22,2,14,0,0.77,32,50,-18,-0.75,-0.24,34.5,42.8,-8.3,-0.34,+0.21,0,15,1,1,1,83,60,65.9
664,Memo Rodriguez,us USA,MF,Sporting KC,29-285,1995,19,7,654,7.3,0,0,0,0,0,0,3,0,0.3,0.3,2.1,2.4,8,62,22,0.00,0.00,0.00,0.00,0.00,0.04,0.29,0.33,0.04,0.33,Matches,9,1,11.1,1.24,0.14,0.00,0.00,26.2,3,0.04,-0.3,-0.3,344,428,80.4,7017,2726,146,162,90.1,123,145,84.8,66,103,64.1,2.7,-2.1,15,56,11,2,380,48,2,12,41,2,30,15,13,0,0,4,31,4.26,15,11,0,1,1,1,0.14,1,0,0,0,0,19,13,8,9,2,10,50.0,10,5,3,22,5,0,481,10,9,1,50.0,1,50.0,235,2,7,6,348,34,22.0,64,1,12,17,11,0.95,8,21,-13,-1.79,-1.36,8.4,19.3,-10.9,-1.50,-0.80,0,16,0,1,0,30,2,22.2
,Micah Burton,,,,,,,,,,,,,,,,,,,,,,,,,,,,,,,,,,,,,,,,,,,,,,,,,,,,,,,,,,,,,,,,,,,,,,,,,,,,,,,,,,,,,,,,,,,,,,,,,,,,,,,,,,,,,,,,,,,,,,,,,,0,0,,3,,,,,,,,,,,,,,,,,,,
100,Michael Boxall,nz NZL,DF,Minnesota Utd,37-051,1988,30,28,2601,28.9,1,1,2,1,0,0,5,0,0.8,0.8,0.8,1.6,8,31,11,0.03,0.03,0.07,0.03,0.07,0.03,0.03,0.06,0.03,0.06,Matches,5,1,20.0,0.17,0.03,0.20,1.00,9.1,0,0.17,+0.2,+0.2,852,1078,79.0,16268,6475,300,326,92.0,434,541,80.2,104,183,56.8,1.0,+0.2,9,18,7,3,834,243,0,1,10,184,0,0,0,0,1,7,31,1.07,20,9,0,1,0,4,0.14,2,2,0,0,0,21,12,17,3,1,9,69.2,4,8,21,42,189,0,1395,303,29,3,60.0,2,40.0,557,0,17,2,679,87,87.6,90,28,2,41,2,1.80,51,31,+20,+0.69,+1.18,38.4,39.0,-0.5,-0.02,-0.42,0,30,0,3,0,67,57,70.4
169,Michael Collodi,us USA,GK,FC Dallas,24-136,2001,7,7,555,6.2,0,0,0,0,0,0,0,1,0.0,0.0,0.0,0.0,0,0,0,0.00,0.00,0.00,0.00,0.00,0.00,0.00,0.00,0.00,0.00,Matches,0,0,,0.00,0.00,,,,0,,0.0,0.0,128,225,56.9,4122,3293,15,15,100.0,59,61,96.7,53,147,36.1,0.0,0.0,0,7,0,0,149,75,0,1,0,0,0,0,0,0,1,0,0,0.00,0,0,0,0,0,0,0.00,0,0,0,0,0,0,0,0,0,0,0,,0,0,0,0,5,0,241,171,0,0,,0,,108,0,0,0,79,79,19.3,79,6,0,,24,1.71,7,5,+2,+0.32,+0.52,6.6,5.3,+1.3,+0.21,+0.30,0,1,0,0,0,13,5,83.3
230,Michael Edwards,us USA,DF,Colorado Rapids,24-315,2000,1,0,27,0.3,0,0,0,0,0,0,0,0,0.0,0.0,0.0,0.0,0,1,0,0.00,0.00,0.00,0.00,0.00,0.00,0.00,0.00,0.00,0.00,Matches,0,0,,0.00,0.00,,,,0,,0.0,0.0,9,11,81.8,146,49,4,5,80.0,5,6,83.3,0,0,,0.0,0.0,0,0,0,0,11,0,0,0,0,0,0,0,0,0,0,0,0,0.00,0,0,0,0,0,0,0.00,0,0,0,0,0,0,0,0,0,0,0,,0,0,1,1,5,0,17,5,0,0,,0,,10,0,0,0,9,27,0.9,,0,1,27,8,1.00,1,1,0,0.00,+0.37,0.7,0.5,+0.2,+0.62,+0.81,0,0,0,0,0,2,1,100.0
,Michael Halliday,,,,,,,,,,,,,,,,,,,,,,,,,,,,,,,,,,,,,,,,,,,,,,,,,,,,,,,,,,,,,,,,,,,,,,,,,,,,,,,,,,,,,,,,,,,,,,,,,,,,,,,,,,,,,,,,,,,,,,,,,,0,0,,15,,,,,,,,,,,,,,,,,,,
760,Michael Sullivan,us USA,MF,Toronto FC,22-219,2003,1,0,5,0.1,0,0,0,0,0,0,0,0,0.0,0.0,0.0,0.0,0,0,0,0.00,0.00,0.00,0.00,0.00,0.00,0.00,0.00,0.00,0.00,Matches,0,0,,0.00,0.00,,,,0,,0.0,0.0,0,1,0.0,0,0,0,0,,0,0,,0,1,0.0,0.0,0.0,0,0,0,0,1,0,0,0,0,0,0,0,0,0,0,0,0,0.00,0,0,0,0,0,0,0.00,0,0,0,0,0,0,0,0,0,0,0,,0,0,0,0,0,0,1,0,0,0,,0,,1,0,0,0,0,5,0.2,,0,1,5,3,3.00,1,0,+1,+18.00,+18.25,0.0,0.2,-0.1,-1.92,-1.51,0,0,0,0,0,1,0,
838,Michael Wentzel,de GER,DF,St. Louis,23-181,2002,2,1,97,1.1,0,0,0,0,0,0,1,0,0.1,0.1,0.0,0.1,1,0,0,0.00,0.00,0.00,0.00,0.00,0.09,0.00,0.09,0.09,0.09,Matches,1,1,100.0,0.93,0.93,0.00,0.00,7.3,0,0.10,-0.1,-0.1,69,75,92.0,1351,372,24,25,96.0,39,40,97.5,6,9,66.7,0.0,0.0,0,1,0,0,71,4,0,0,0,0,0,0,0,0,0,1,0,0.00,0,0,0,0,0,0,0.00,0,0,0,0,0,1,0,1,0,0,1,100.0,0,1,0,1,5,0,84,9,1,0,,0,,45,0,0,0,60,49,3.3,90,1,1,7,8,0.00,0,1,-1,-0.93,-0.52,0.6,2.2,-1.6,-1.50,-1.31,0,2,0,0,0,7,2,40.0
22,Miguel Almirón,py PAR,"FW,MF",Atlanta Utd,31-240,1994,30,30,2616,29.1,5,4,9,2,3,3,4,0,8.7,6.4,3.0,9.4,100,203,200,0.17,0.14,0.31,0.07,0.21,0.30,0.10,0.40,0.22,0.32,Matches,62,17,27.4,2.13,0.58,0.03,0.12,19.2,2,0.10,-3.7,-4.4,1021,1251,81.6,16474,4560,508,586,86.7,395,456,86.6,80,116,69.0,5.4,+1.0,43,115,56,6,1193,47,8,11,38,17,8,5,0,0,11,31,115,3.96,92,2,4,8,2,11,0.38,9,0,0,1,0,42,25,11,23,8,14,43.8,18,25,11,53,9,2,1550,12,100,44,55.0,31,38.8,1112,25,60,40,1244,87,90.8,87,20,0,,1,0.87,34,52,-18,-0.62,+0.40,37.9,42.8,-4.8,-0.17,-0.71,0,30,0,0,0,124,5,26.3
87,Miguel Berry,es ESP,FW,LA Galaxy,28-022,1997,15,7,651,7.2,0,2,2,0,0,0,0,0,1.1,1.1,1.5,2.5,6,13,32,0.00,0.28,0.28,0.00,0.28,0.15,0.20,0.35,0.15,0.35,Matches,8,4,50.0,1.11,0.55,0.00,0.00,9.7,0,0.14,-1.1,-1.1,84,110,76.4,1150,275,43,55,78.2,28,35,80.0,4,4,100.0,0.7,+0.5,12,3,3,1,97,13,0,0,2,0,0,0,0,0,0,2,19,2.63,17,0,1,1,0,2,0.28,2,0,0,0,0,1,1,0,1,0,0,,0,2,2,3,3,0,162,4,35,1,33.3,2,66.7,83,3,17,3,114,43,22.6,65,1,8,25,7,0.67,6,15,-9,-1.24,-0.72,7.8,12.6,-4.8,-0.66,-0.35,0,12,0,0,0,5,11,39.3
802,Mikael Uhre,dk DEN,FW,Philadelphia Union,31-008,1994,28,15,1280,14.2,6,6,12,6,0,0,2,0,4.9,4.9,4.2,9.1,20,24,100,0.42,0.42,0.84,0.42,0.84,0.35,0.29,0.64,0.35,0.64,Matches,42,15,35.7,2.95,1.05,0.14,0.40,15.4,0,0.12,+1.1,+1.1,240,356,67.4,3137,501,156,196,79.6,60,97,61.9,6,14,42.9,3.4,+1.8,23,6,14,1,346,10,1,3,16,0,0,0,0,0,0,22,42,2.95,28,0,2,4,0,8,0.56,6,0,1,0,0,18,12,4,7,7,7,53.8,6,10,1,19,8,0,519,6,73,6,33.3,12,66.7,283,12,29,23,372,46,43.1,62,0,13,26,0,2.04,32,15,+17,+1.20,+0.82,22.3,17.3,+5.1,+0.36,-0.31,0,26,0,0,0,39,32,36.0
854,Miki Yamane,jp JPN,DF,LA Galaxy,31-290,1993,29,23,2133,23.7,1,4,5,1,0,0,4,0,1.1,1.1,3.6,4.8,46,104,144,0.04,0.17,0.21,0.04,0.21,0.05,0.15,0.20,0.05,0.20,Matches,11,3,27.3,0.46,0.13,0.09,0.33,20.2,0,0.10,-0.1,-0.1,1211,1449,83.6,18664,6286,648,699,92.7,477,579,82.4,55,99,55.6,4.0,+0.4,25,81,30,10,1279,166,1,3,46,155,0,0,0,0,4,29,51,2.15,44,3,0,1,1,6,0.25,5,0,0,0,0,54,36,28,20,6,31,51.7,29,32,36,90,76,2,1728,92,44,11,36.7,19,63.3,854,5,26,9,1139,74,74.1,86,16,6,25,1,0.83,33,48,-15,-0.63,+0.21,33.3,43.6,-10.3,-0.44,-0.15,0,16,0,1,1,81,13,41.9
200,Mikkel Desler,dk DEN,DF,Austin,30-231,1995,18,16,1203,13.4,1,3,4,1,0,0,5,0,1.1,1.1,0.9,2.0,15,63,38,0.07,0.22,0.30,0.07,0.30,0.08,0.07,0.15,0.08,0.15,Matches,7,1,14.3,0.52,0.07,0.14,1.00,16.6,0,0.15,-0.1,-0.1,577,662,87.2,9149,2653,294,312,94.2,238,265,89.8,28,49,57.1,1.8,+2.1,8,48,8,3,554,105,1,0,19,94,0,0,0,0,3,10,17,1.27,16,0,1,0,0,3,0.22,3,0,0,0,0,36,20,23,10,3,21,60.0,14,16,13,49,58,1,830,60,20,8,47.1,8,47.1,448,2,11,9,494,67,41.8,74,3,2,13,1,1.56,19,18,+1,+0.07,+0.56,15.2,19.0,-3.8,-0.29,-0.19,0,17,0,2,0,43,10,62.5
372,Milan Iloski,us USA,"MF,FW",Philadelphia Union,26-071,1999,8,6,541,6.0,2,4,6,2,0,0,1,0,1.6,1.6,1.6,3.2,17,22,41,0.33,0.67,1.00,0.33,1.00,0.27,0.26,0.53,0.27,0.53,Matches,28,10,35.7,4.66,1.66,0.07,0.20,22.3,2,0.06,+0.4,+0.4,133,193,68.9,2348,771,74,103,71.8,37,52,71.2,19,30,63.3,1.9,+2.4,10,15,6,2,169,24,1,3,22,2,9,7,1,0,0,4,35,5.81,20,2,2,4,2,7,1.16,4,1,0,1,0,5,4,0,4,1,4,40.0,6,3,3,8,6,0,273,3,29,9,56.3,7,43.8,151,5,17,7,180,68,18.2,81,1,2,28,0,2.00,13,7,+6,+1.00,+0.33,11.1,9.0,+2.1,+0.35,-0.23,0,8,0,0,0,35,4,25.0
373,Milan Iloski,us USA,"FW,MF",San Diego FC,26-071,1999,14,3,479,5.3,10,1,11,10,0,0,0,0,4.1,4.1,1.5,5.5,13,20,38,1.88,0.19,2.07,1.88,2.07,0.76,0.28,1.04,0.76,1.04,Matches,28,10,35.7,4.66,1.66,0.07,0.20,22.3,2,0.06,+0.4,+0.4,133,193,68.9,2348,771,74,103,71.8,37,52,71.2,19,30,63.3,1.9,+2.4,10,15,6,2,169,24,1,3,22,2,9,7,1,0,0,4,35,5.81,20,2,2,4,2,7,1.16,4,1,0,1,0,5,4,0,4,1,4,40.0,6,3,3,8,6,0,273,3,29,9,56.3,7,43.8,151,5,17,7,180,68,18.2,81,1,2,28,0,2.00,13,7,+6,+1.00,+0.33,11.1,9.0,+2.1,+0.35,-0.23,0,8,0,0,0,35,4,25.0
659,Miles Robinson,us USA,DF,FC Cincinnati,28-208,1997,25,25,2165,24.1,1,0,1,1,0,0,3,0,1.4,1.4,0.6,2.0,14,93,3,0.04,0.00,0.04,0.04,0.04,0.06,0.02,0.08,0.06,0.08,Matches,14,2,14.3,0.58,0.08,0.07,0.50,10.4,0,0.10,-0.4,-0.4,1407,1600,87.9,27272,11683,438,478,91.6,836,889,94.0,129,213,60.6,0.8,-0.6,7,102,4,0,1552,46,1,10,3,10,0,0,0,0,2,6,25,1.04,22,1,0,0,0,2,0.08,1,0,0,0,0,32,17,17,14,1,19,73.1,7,11,30,62,130,1,1866,220,22,4,57.1,3,42.9,1115,2,10,5,1352,87,72.9,87,22,0,,0,1.84,37,31,+6,+0.25,-0.09,30.9,37.5,-6.5,-0.27,-0.13,0,15,0,1,1,85,51,64.6
371,Mitja Ilenič,si SVN,DF,NYCFC,20-286,2004,18,10,1078,12.0,2,2,4,2,0,0,1,0,0.8,0.8,0.8,1.6,17,55,51,0.17,0.17,0.33,0.17,0.33,0.07,0.07,0.14,0.06,0.13,Matches,12,4,33.3,1.00,0.33,0.17,0.50,19.5,0,0.06,+1.2,+1.2,611,759,80.5,9460,3442,364,406,89.7,202,243,83.1,38,78,48.7,0.9,+1.2,7,56,10,5,635,122,1,8,29,115,0,0,0,0,2,22,17,1.42,14,0,0,1,0,2,0.17,2,0,0,0,0,11,6,8,3,0,8,61.5,5,9,13,24,43,0,891,36,15,6,46.2,7,53.8,490,1,13,12,579,60,36.3,79,7,8,36,10,1.50,18,19,-1,-0.08,-0.46,15.6,17.1,-1.5,-0.12,-0.49,0,7,0,0,0,52,13,72.2
254,Mohamed Farsi,dz ALG,"DF,MF",Columbus Crew,25-296,1999,18,16,1481,16.5,1,3,4,1,0,0,2,0,2.6,2.6,2.6,5.2,40,53,202,0.06,0.18,0.24,0.06,0.24,0.16,0.16,0.32,0.16,0.32,Matches,16,8,50.0,0.97,0.49,0.06,0.13,15.5,0,0.16,-1.6,-1.6,887,1023,86.7,12237,2798,560,592,94.6,263,306,85.9,34,59,57.6,2.8,+0.4,21,39,26,7,914,107,1,4,31,98,0,0,0,0,2,22,43,2.61,39,1,1,1,0,7,0.43,7,0,0,0,0,19,7,6,11,2,10,62.5,6,11,7,26,19,0,1158,31,66,5,26.3,10,52.6,720,20,23,13,872,82,49.9,88,11,2,38,0,1.83,25,21,+4,+0.24,+0.36,25.8,22.2,+3.6,+0.22,+0.15,0,11,0,0,0,56,4,21.1
744,Mohammed Sofo,gh GHA,FW,NY Red Bulls,20-342,2004,25,19,1577,17.5,5,0,5,5,0,0,3,0,4.8,4.8,0.8,5.6,31,29,156,0.29,0.00,0.29,0.29,0.29,0.27,0.05,0.32,0.27,0.32,Matches,35,14,40.0,2.00,0.80,0.14,0.36,15.3,0,0.14,+0.2,+0.2,333,433,76.9,4816,889,190,228,83.3,123,149,82.6,12,24,50.0,0.9,-0.8,10,14,10,1,424,6,2,1,21,4,1,1,0,0,3,15,31,1.77,20,0,1,2,0,2,0.11,1,0,0,0,0,37,24,14,15,8,12,38.7,19,28,10,47,13,1,685,17,63,18,36.7,31,63.3,394,20,45,22,468,63,53.1,74,3,6,27,3,1.24,24,31,-7,-0.40,-1.05,22.1,28.1,-6.0,-0.34,-0.51,0,29,0,0,1,53,8,15.4
57,Monsef Bakrar,dz ALG,"FW,MF",NYCFC,24-268,2001,21,5,601,6.7,2,0,2,2,0,0,1,0,1.9,1.9,0.4,2.4,4,9,51,0.30,0.00,0.30,0.30,0.30,0.29,0.06,0.35,0.29,0.35,Matches,19,5,26.3,2.85,0.75,0.11,0.40,15.9,0,0.10,+0.1,+0.1,97,137,70.8,1241,280,61,82,74.4,24,34,70.6,4,5,80.0,0.6,-0.4,6,7,4,0,133,4,1,0,1,1,0,0,0,0,0,4,15,2.25,12,0,0,1,0,0,0.00,0,0,0,0,0,8,5,2,4,2,6,50.0,6,4,4,12,14,0,244,14,33,3,18.8,12,75.0,130,2,25,11,155,29,20.2,68,0,16,16,1,1.57,11,5,+6,+0.90,+0.86,9.1,7.7,+1.4,+0.21,+0.02,0,15,0,0,0,25,18,47.4
220,Morris Duggan,de GER,DF,Minnesota Utd,24-349,2000,20,13,1271,14.1,0,1,1,0,0,0,1,0,0.5,0.5,0.4,0.9,12,33,6,0.00,0.07,0.07,0.00,0.07,0.04,0.03,0.07,0.04,0.07,Matches,7,4,57.1,0.50,0.28,0.00,0.00,13.3,0,0.07,-0.5,-0.5,383,465,82.4,6989,2612,158,178,88.8,191,213,89.7,32,55,58.2,0.5,+0.6,3,22,2,0,433,32,1,7,2,26,0,0,0,0,0,4,14,0.99,13,0,0,0,0,3,0.21,2,0,0,0,0,16,9,11,5,0,7,63.6,4,3,7,23,113,1,658,125,28,2,50.0,2,50.0,284,1,5,3,339,64,42.8,90,13,7,14,11,2.05,22,15,+7,+0.50,-0.09,20.6,18.6,+2.0,+0.14,+0.19,0,9,0,0,1,38,39,54.2
395,Mykhi Joyner,us USA,"FW,MF",St. Louis,19-039,2006,12,0,299,3.3,1,0,1,1,0,0,2,0,1.6,1.6,0.2,1.8,9,8,12,0.30,0.00,0.30,0.30,0.30,0.49,0.06,0.55,0.49,0.55,Matches,11,4,36.4,3.31,1.20,0.09,0.25,14.5,0,0.15,-0.6,-0.6,44,64,68.8,669,248,24,30,80.0,15,21,71.4,4,7,57.1,0.2,-0.2,5,3,6,2,63,1,0,0,9,1,0,0,0,0,0,5,7,2.11,5,0,2,0,0,0,0.00,0,0,0,0,0,13,5,5,3,5,5,83.3,1,4,3,16,11,0,136,12,16,4,33.3,8,66.7,65,4,10,7,73,25,10.1,,0,12,25,1,1.17,6,8,-2,-0.60,-0.20,7.0,11.5,-4.5,-1.35,-1.24,0,6,0,1,0,13,3,33.3
808,Myrto Uzuni,al ALB,FW,Austin,30-130,1995,27,23,2064,22.9,6,3,9,6,0,0,3,0,9.6,9.6,2.6,12.2,13,35,76,0.26,0.13,0.39,0.26,0.39,0.42,0.11,0.53,0.42,0.53,Matches,54,22,40.7,2.35,0.96,0.11,0.27,15.2,3,0.18,-3.6,-3.6,299,370,80.8,5009,953,141,164,86.0,107,126,84.9,32,42,76.2,2.5,+0.4,19,16,12,3,321,48,2,3,12,3,1,0,0,0,1,8,51,2.22,35,1,4,6,1,3,0.13,3,0,0,0,0,14,8,6,6,2,7,41.2,10,10,8,22,9,0,535,7,70,16,59.3,9,33.3,282,4,35,24,335,76,71.7,85,13,4,27,0,1.19,24,32,-8,-0.35,-0.35,30.4,33.2,-2.7,-0.12,+0.20,0,18,0,0,0,49,18,29.0
127,Nathan Byrne,eng ENG,DF,Charlotte,33-125,1992,16,16,1437,16.0,0,0,0,0,0,0,3,0,0.0,0.0,0.2,0.2,29,74,52,0.00,0.00,0.00,0.00,0.00,0.00,0.01,0.01,0.00,0.01,Matches,0,0,,0.00,0.00,,,,0,,0.0,0.0,725,906,80.0,12495,4079,347,381,91.1,305,361,84.5,68,123,55.3,0.7,-0.2,6,78,12,4,732,168,0,7,41,142,0,0,0,0,6,18,16,1.00,16,0,0,0,0,0,0.00,0,0,0,0,0,22,16,15,5,2,15,50.0,15,5,7,29,43,1,1026,53,7,5,41.7,5,41.7,553,1,12,7,647,90,48.4,90,15,0,,0,2.13,23,14,+9,+0.56,+0.68,18.5,25.9,-7.4,-0.46,-0.73,0,8,0,0,0,41,10,55.6
337,Nathan Harriel,us USA,DF,Philadelphia Union,24-168,2001,24,22,2022,22.5,2,0,2,2,0,0,6,0,1.7,1.7,0.6,2.3,11,67,39,0.09,0.00,0.09,0.09,0.09,0.08,0.03,0.10,0.08,0.10,Matches,11,4,36.4,0.49,0.18,0.18,0.50,9.0,0,0.16,+0.3,+0.3,701,922,76.0,11623,5011,352,410,85.9,287,364,78.8,48,104,46.2,0.9,-0.6,10,69,8,4,807,113,0,1,16,100,0,0,0,0,2,18,24,1.07,15,5,0,2,1,0,0.00,0,0,0,0,0,37,22,18,13,6,14,58.3,10,26,57,94,132,1,1254,118,29,7,41.2,7,41.2,546,0,23,14,605,84,68.1,90,21,2,22,2,1.88,35,23,+12,+0.53,-0.61,37.9,27.3,+10.6,+0.47,-0.18,0,24,0,0,0,89,55,63.2
574,Nathan Ordaz,sv SLV,FW,LAFC,21-269,2004,25,15,1311,14.6,5,3,8,5,0,0,1,0,5.5,5.5,2.4,7.8,32,32,92,0.34,0.21,0.55,0.34,0.55,0.37,0.16,0.54,0.37,0.54,Matches,27,13,48.1,1.85,0.89,0.19,0.38,13.8,0,0.21,-0.5,-0.5,320,392,81.6,4340,742,201,233,86.3,96,111,86.5,11,17,64.7,2.7,+0.6,22,14,15,1,379,12,2,0,13,3,0,0,0,0,1,14,37,2.54,31,0,2,2,0,6,0.41,5,0,0,0,0,7,3,0,5,2,5,29.4,12,11,8,15,9,0,519,17,62,10,43.5,13,56.5,327,14,31,12,392,52,47.0,71,2,10,25,1,1.52,29,18,+11,+0.76,-0.04,24.7,14.0,+10.8,+0.74,-0.01,0,15,0,0,1,47,2,11.8
695,Nathan Saliba,ca CAN,MF,CF Montréal,21-040,2004,16,15,1260,14.0,1,0,1,1,0,0,5,0,1.5,1.5,0.4,1.8,21,85,17,0.07,0.00,0.07,0.07,0.07,0.10,0.03,0.13,0.10,0.13,Matches,19,5,26.3,1.36,0.36,0.05,0.20,21.8,2,0.08,-0.5,-0.5,526,654,80.4,9190,2730,239,282,84.8,221,255,86.7,54,80,67.5,0.6,-0.4,8,66,12,3,610,40,0,4,20,1,6,4,0,0,4,9,23,1.64,15,4,2,0,0,0,0.00,0,0,0,0,0,36,23,10,23,3,19,57.6,14,9,12,48,12,2,790,19,15,8,40.0,11,55.0,427,5,19,11,514,79,42.4,81,9,1,45,0,0.44,8,24,-16,-1.14,-0.77,14.6,18.9,-4.3,-0.30,-0.09,0,18,0,0,0,68,14,41.2
794,Nectarios Triantis,au AUS,"MF,DF",Minnesota Utd,22-150,2003,4,3,288,3.2,2,2,4,2,0,0,0,0,0.1,0.1,0.3,0.4,1,19,3,0.62,0.62,1.25,0.62,1.25,0.04,0.10,0.14,0.04,0.14,Matches,5,2,40.0,1.56,0.62,0.40,1.00,34.7,0,0.02,+1.9,+1.9,117,133,88.0,1945,637,57,60,95.0,46,51,90.2,12,19,63.2,0.3,+1.7,6,16,3,1,131,2,0,0,1,0,0,0,0,0,0,0,8,2.50,7,0,0,0,1,1,0.31,1,0,0,0,0,6,3,3,2,1,3,75.0,1,2,2,8,4,0,167,10,0,7,77.8,2,22.2,97,1,2,2,108,72,9.7,87,2,1,28,0,1.75,7,5,+2,+0.62,+0.09,4.2,5.1,-1.0,-0.30,-0.37,0,5,0,0,0,18,1,50.0
,Nehuén Benedetti,,,,,,,,,,,,,,,,,,,,,,,,,,,,,,,,,,,,,,,,,,,,,,,,,,,,,,,,,,,,,,,,,,,,,,,,,,,,,,,,,,,,,,,,,,,,,,,,,,,,,,,,,,,,,,,,,,,,,,,,,,0,0,,1,,,,,,,,,,,,,,,,,,,
615,Neil Pierre,us USA,FW,Philadelphia Union,17-354,2007,1,0,21,0.2,0,0,0,0,0,0,0,0,0.0,0.0,0.0,0.0,0,0,0,0.00,0.00,0.00,0.00,0.00,0.00,0.00,0.00,0.00,0.00,Matches,0,0,,0.00,0.00,,,,0,,0.0,0.0,9,9,100.0,154,48,4,4,100.0,4,4,100.0,1,1,100.0,0.0,0.0,0,0,0,0,8,1,0,0,0,1,0,0,0,0,0,0,0,0.00,0,0,0,0,0,0,0.00,0,0,0,0,0,1,0,1,0,0,0,,0,0,1,2,0,0,12,1,0,0,,0,,5,0,1,0,6,21,0.7,,0,1,21,6,0.00,0,2,-2,-8.57,-9.36,0.1,1.2,-1.1,-4.81,-5.38,0,0,0,0,0,2,1,50.0
589,Nelson Palacio,co COL,MF,Real Salt Lake,24-114,2001,10,6,589,6.5,0,0,0,0,0,0,1,0,0.3,0.3,0.1,0.4,5,30,3,0.00,0.00,0.00,0.00,0.00,0.04,0.01,0.05,0.04,0.05,Matches,9,2,22.2,1.38,0.31,0.00,0.00,29.0,0,0.03,-0.3,-0.3,315,361,87.3,6194,1518,128,140,91.4,137,148,92.6,45,62,72.6,0.2,-0.1,4,37,1,0,356,4,1,14,0,2,0,0,0,0,1,1,9,1.38,9,0,0,0,0,1,0.15,1,0,0,0,0,15,8,7,4,4,6,40.0,9,1,9,24,9,1,428,15,2,3,50.0,3,50.0,241,0,10,3,308,59,20.5,86,5,4,19,7,1.10,8,12,-4,-0.61,-0.38,10.0,11.6,-1.6,-0.24,+0.12,0,11,0,1,0,24,7,53.8
616,Nelson Pierre,ht HAI,FW,Vancouver W'caps,20-200,2005,2,0,18,0.2,0,0,0,0,0,0,0,0,0.0,0.0,0.0,0.0,0,0,0,0.00,0.00,0.00,0.00,0.00,0.00,0.00,0.00,0.00,0.00,Matches,0,0,,0.00,0.00,,,,0,,0.0,0.0,4,4,100.0,38,2,3,3,100.0,1,1,100.0,0,0,,0.0,0.0,0,0,0,0,4,0,0,0,0,0,0,0,0,0,0,0,0,0.00,0,0,0,0,0,0,0.00,0,0,0,0,0,0,0,0,0,0,0,,0,1,0,0,0,0,5,0,0,0,,0,,3,0,0,0,4,,,,0,0,,6,,,,,,,,,,,,0,0,0,0,0,1,0,0.0
,Nelson Quiñones,,,,,,,,,,,,,,,,,,,,,,,,,,,,,,,,,,,,,,,,,,,,,,,,,,,,,,,,,,,,,,,,,,,,,,,,,,,,,,,,,,,,,,,,,,,,,,,,,,,,,,,,,,,,,,,,,,,,,,,,,,0,0,,1,,,,,,,,,,,,,,,,,,,
634,Nemanja Radoja,rs SRB,MF,Sporting KC,32-244,1993,19,12,1032,11.5,0,0,0,0,0,0,3,0,0.3,0.3,0.0,0.3,9,77,19,0.00,0.00,0.00,0.00,0.00,0.02,0.00,0.02,0.02,0.02,Matches,6,1,16.7,0.52,0.09,0.00,0.00,22.0,0,0.04,-0.3,-0.3,562,656,85.7,9526,2585,258,289,89.3,239,261,91.6,51,72,70.8,0.5,0.0,1,72,6,0,640,16,1,8,1,2,0,0,0,0,0,10,16,1.40,13,1,0,1,0,2,0.17,2,0,0,0,0,27,19,12,10,5,14,63.6,8,10,11,38,14,0,764,19,6,6,46.2,6,46.2,454,0,10,12,535,54,34.7,76,6,7,17,5,0.79,11,22,-11,-0.96,-0.36,9.0,19.9,-10.9,-0.95,-0.13,0,20,0,0,0,66,13,52.0
327,Nicholas Hagen,gt GUA,GK,Columbus Crew,29-067,1996,3,3,270,3.0,0,0,0,0,0,0,0,0,0.0,0.0,0.0,0.0,0,0,0,0.00,0.00,0.00,0.00,0.00,0.00,0.00,0.00,0.00,0.00,Matches,0,0,,0.00,0.00,,,,0,,0.0,0.0,62,68,91.2,1087,782,25,25,100.0,31,32,96.9,5,10,50.0,0.0,0.0,0,0,0,0,47,21,0,0,0,0,0,0,0,0,0,0,0,0.00,0,0,0,0,0,0,0.00,0,0,0,0,0,0,0,0,0,0,0,,0,1,0,0,0,1,80,59,0,0,,0,,36,0,0,0,26,90,9.1,90,3,0,,6,0.33,5,10,-5,-1.67,-1.90,4.8,7.9,-3.1,-1.02,-1.29,0,0,0,0,0,8,0,
333,Nicholas Hansen,dk DEN,GK,Colorado Rapids,24-090,2001,10,10,900,10.0,0,0,0,0,0,0,0,0,0.0,0.0,0.0,0.0,0,0,0,0.00,0.00,0.00,0.00,0.00,0.00,0.00,0.00,0.00,0.00,Matches,0,0,,0.00,0.00,,,,0,,0.0,0.0,176,323,54.5,5269,4252,41,42,97.6,74,75,98.7,59,202,29.2,0.0,0.0,0,9,0,0,222,99,0,0,0,0,0,0,0,0,2,0,1,0.10,1,0,0,0,0,0,0.00,0,0,0,0,0,0,0,0,0,0,0,,0,0,0,0,8,1,355,271,0,0,,0,,191,0,0,0,122,90,30.3,90,10,0,,16,1.10,10,14,-4,-0.40,-0.05,13.4,15.9,-2.5,-0.25,-0.10,0,0,0,0,0,27,2,100.0
258,Nick Fernandez,us USA,MF,SJ Earthquakes,23-290,2001,2,2,117,1.3,0,0,0,0,0,0,0,0,0.1,0.1,0.1,0.2,0,3,1,0.00,0.00,0.00,0.00,0.00,0.07,0.06,0.13,0.07,0.13,Matches,3,0,0.0,2.31,0.00,0.00,,26.0,1,0.03,-0.1,-0.1,28,42,66.7,416,91,16,19,84.2,11,19,57.9,1,1,100.0,0.1,-0.1,2,2,0,0,38,4,0,0,1,0,0,0,0,0,0,2,2,1.54,0,1,0,0,1,0,0.00,0,0,0,0,0,6,6,2,4,0,2,40.0,3,0,2,8,1,0,57,1,0,0,0.0,1,100.0,26,0,0,1,33,59,3.9,59,0,0,,7,0.50,0,1,-1,-0.77,-0.67,1.5,1.0,+0.5,+0.38,+0.26,0,1,0,0,0,5,0,0.0
328,Nick Hagglund,us USA,DF,FC Cincinnati,33-024,1992,16,15,1087,12.1,0,0,0,0,0,0,1,0,1.0,1.0,0.2,1.1,5,41,3,0.00,0.00,0.00,0.00,0.00,0.08,0.01,0.09,0.08,0.09,Matches,6,1,16.7,0.50,0.08,0.00,0.00,13.4,0,0.16,-1.0,-1.0,603,695,86.8,11261,4748,193,207,93.2,358,387,92.5,47,87,54.0,0.2,-0.2,2,39,1,0,663,28,0,3,3,11,0,0,0,0,4,6,10,0.83,10,0,0,0,0,3,0.25,3,0,0,0,0,5,4,5,0,0,2,50.0,2,4,9,14,95,0,855,120,9,0,,0,,436,0,4,0,568,68,36.6,72,9,1,5,5,1.88,16,12,+4,+0.33,+0.09,15.4,22.6,-7.2,-0.60,-0.57,0,12,0,1,0,36,35,59.3
438,Nick Lima,us USA,"MF,DF",SJ Earthquakes,30-325,1994,11,4,451,5.0,0,0,0,0,0,0,1,0,0.2,0.2,1.5,1.7,6,14,30,0.00,0.00,0.00,0.00,0.00,0.04,0.29,0.33,0.04,0.33,Matches,4,0,0.0,0.80,0.00,0.00,,18.7,0,0.05,-0.2,-0.2,206,268,76.9,3692,1194,90,104,86.5,84,102,82.4,21,41,51.2,0.7,-1.5,9,12,9,6,216,50,1,6,20,45,0,0,0,0,2,4,16,3.19,13,2,0,0,0,0,0.00,0,0,0,0,0,8,5,4,2,2,7,53.8,6,6,5,13,12,0,322,19,4,5,45.5,6,54.5,153,0,9,5,186,41,15.2,76,2,7,21,13,1.09,3,11,-8,-1.60,-1.74,7.1,9.6,-2.6,-0.51,-0.75,0,12,0,0,0,19,10,76.9
,Nick Pariano,,,,,,,,,,,,,,,,,,,,,,,,,,,,,,,,,,,,,,,,,,,,,,,,,,,,,,,,,,,,,,,,,,,,,,,,,,,,,,,,,,,,,,,,,,,,,,,,,,,,,,,,,,,,,,,,,,,,,,,,,,0,0,,3,,,,,,,,,,,,,,,,,,,
710,Nick Scardina,us USA,DF,Charlotte,24-108,2001,15,8,800,8.9,0,1,1,0,0,0,1,0,0.0,0.0,0.7,0.7,17,29,33,0.00,0.11,0.11,0.00,0.11,0.00,0.08,0.08,0.00,0.08,Matches,1,0,0.0,0.11,0.00,0.00,,14.4,0,0.03,0.0,0.0,421,499,84.4,6997,2107,192,204,94.1,204,226,90.3,20,48,41.7,0.4,+0.3,2,29,5,2,401,97,0,1,19,85,0,0,0,0,1,13,16,1.80,13,2,0,1,0,3,0.34,2,0,0,1,0,11,6,7,3,1,6,33.3,12,6,5,16,31,0,587,42,10,6,46.2,7,53.8,306,1,6,2,353,53,26.9,78,1,7,25,17,1.27,15,22,-7,-0.79,-1.37,16.6,15.5,+1.1,+0.12,+0.29,0,3,0,0,0,41,7,35.0
761,Nicklaus Sullivan,us USA,"MF,DF",LA Galaxy,23-079,2002,1,0,11,0.1,0,0,0,0,0,0,0,0,0.1,0.1,0.0,0.1,0,0,2,0.00,0.00,0.00,0.00,0.00,0.41,0.00,0.41,0.41,0.41,Matches,1,1,100.0,8.18,8.18,0.00,0.00,11.4,0,0.05,-0.1,-0.1,0,1,0.0,0,0,0,1,0.0,0,0,,0,0,,0.0,0.0,0,0,0,0,1,0,0,0,0,0,0,0,0,0,0,0,0,0.00,0,0,0,0,0,0,0.00,0,0,0,0,0,0,0,0,0,0,0,,0,0,0,0,0,0,3,0,1,0,,0,,2,0,1,0,3,11,0.4,,0,1,11,2,1.00,1,0,+1,+8.18,+8.90,0.5,0.6,-0.1,-0.48,-0.09,0,0,0,0,0,0,1,33.3
308,Nicksoen Gomis,fr FRA,DF,Toronto FC,23-207,2002,6,6,479,5.3,0,0,0,0,0,0,0,0,0.2,0.2,0.0,0.2,2,11,0,0.00,0.00,0.00,0.00,0.00,0.04,0.00,0.04,0.04,0.04,Matches,1,0,0.0,0.19,0.00,0.00,,5.6,0,0.22,-0.2,-0.2,182,218,83.5,3258,1319,74,80,92.5,91,102,89.2,15,30,50.0,0.0,0.0,0,11,1,0,207,11,0,1,0,7,0,0,0,0,0,1,2,0.38,2,0,0,0,0,0,0.00,0,0,0,0,0,10,4,6,2,2,6,75.0,2,2,4,14,11,1,261,27,4,0,0.0,3,100.0,154,0,4,3,166,80,16.6,80,3,0,,1,0.33,3,7,-4,-0.75,-0.64,3.6,9.6,-6.1,-1.14,-0.87,0,4,0,0,0,26,4,50.0
147,Nico Cavallo,us USA,"DF,MF",NYCFC,23-285,2001,15,2,319,3.5,0,0,0,0,0,0,1,0,0.1,0.1,0.0,0.1,5,15,15,0.00,0.00,0.00,0.00,0.00,0.02,0.01,0.03,0.02,0.03,Matches,2,0,0.0,0.56,0.00,0.00,,23.9,0,0.04,-0.1,-0.1,173,206,84.0,2788,1127,88,93,94.6,69,80,86.3,13,27,48.1,0.2,0.0,1,16,4,1,168,38,1,1,5,34,0,0,0,0,0,1,6,1.69,6,0,0,0,0,0,0.00,0,0,0,0,0,15,8,12,3,0,9,60.0,6,4,7,22,16,0,251,18,2,1,50.0,1,50.0,112,0,4,1,131,21,10.7,50,0,13,17,6,1.87,1,4,-3,-0.85,-1.19,3.8,4.9,-1.2,-0.33,-0.58,0,2,0,1,0,23,3,42.9
,Nico van Rijn,,,,,,,,,,,,,,,,,,,,,,,,,,,,,,,,,,,,,,,,,,,,,,,,,,,,,,,,,,,,,,,,,,,,,,,,,,,,,,,,,,,,,,,,,,,,,,,,,,,,,,,,,,,,,,,,,,,,,,,,,,0,0,,3,,,,,,,,,,,,,,,,,,,
264,Nicolas Fleuriau,ca CAN,"DF,FW",Vancouver W'caps,23-140,2002,2,0,8,0.1,0,0,0,0,0,0,0,0,0.1,0.1,0.0,0.1,0,0,3,0.00,0.00,0.00,0.00,0.00,1.29,0.00,1.29,1.29,1.29,Matches,2,1,50.0,22.50,11.25,0.00,0.00,11.0,0,0.06,-0.1,-0.1,1,2,50.0,14,0,1,2,50.0,0,0,,0,0,,0.0,0.0,0,0,0,0,2,0,0,0,0,0,0,0,0,0,0,0,3,33.75,0,0,1,1,1,0,0.00,0,0,0,0,0,1,1,0,1,0,0,0.0,1,1,0,1,0,0,8,0,2,1,100.0,0,0.0,3,0,0,1,4,4,0.3,,0,2,4,2,1.50,0,1,-1,-11.25,-12.16,0.2,0.6,-0.4,-3.99,-4.74,0,1,0,0,0,0,0,
218,Nicolás Dubersarsky,ar ARG,MF,Austin,20-291,2004,20,6,590,6.6,0,1,1,0,0,0,1,0,0.3,0.3,0.1,0.4,9,32,5,0.00,0.15,0.15,0.00,0.15,0.05,0.02,0.07,0.05,0.07,Matches,3,0,0.0,0.46,0.00,0.00,,16.2,0,0.11,-0.3,-0.3,251,301,83.4,4128,1139,116,125,92.8,107,123,87.0,18,31,58.1,0.2,+0.9,2,23,1,0,282,17,0,1,3,1,0,0,0,0,2,5,10,1.52,8,0,1,0,1,4,0.61,2,0,1,0,1,17,8,10,7,0,7,77.8,2,9,4,21,11,1,361,20,4,3,42.9,4,57.1,191,2,5,4,222,30,20.5,66,0,14,14,12,1.10,9,16,-7,-1.07,-1.03,7.9,16.1,-8.2,-1.25,-1.35,0,16,0,2,0,36,4,57.1
246,Nicolás Ezequiel Fernández,ar ARG,FW,NYCFC,25-270,2000,10,9,793,8.8,2,1,3,2,0,0,2,0,1.7,1.7,1.7,3.3,32,50,55,0.23,0.11,0.34,0.23,0.34,0.19,0.19,0.38,0.19,0.38,Matches,14,4,28.6,1.59,0.45,0.14,0.50,19.1,0,0.12,+0.3,+0.3,277,370,74.9,4742,1371,130,148,87.8,112,127,88.2,25,54,46.3,1.3,-0.7,13,30,12,4,319,45,3,2,44,6,22,14,2,0,6,19,39,4.43,21,7,5,4,1,4,0.45,2,1,1,0,0,18,13,6,9,3,5,41.7,7,15,5,23,4,0,471,5,26,14,70.0,5,25.0,282,7,23,17,334,79,26.7,85,5,1,30,0,2.10,14,13,+1,+0.11,-0.13,13.6,10.4,+3.2,+0.36,+0.24,0,15,0,0,0,34,0,0.0
444,Nicolás Lodeiro,uy URU,"FW,MF",Houston Dynamo,36-201,1989,16,6,580,6.4,1,1,2,1,0,0,0,0,0.3,0.3,1.5,1.8,16,47,49,0.16,0.16,0.31,0.16,0.31,0.04,0.23,0.27,0.04,0.27,Matches,6,2,33.3,0.93,0.31,0.17,0.50,19.5,0,0.05,+0.7,+0.7,321,420,76.4,4249,1190,202,233,86.7,88,118,74.6,12,34,35.3,1.5,-0.5,13,27,14,2,385,32,2,0,33,3,14,5,4,0,3,7,28,4.34,18,3,0,6,1,2,0.31,1,0,0,1,0,10,9,5,3,2,6,35.3,11,8,2,12,3,0,495,7,23,5,50.0,5,50.0,300,5,21,10,373,36,19.5,70,0,10,16,4,1.06,8,9,-1,-0.16,+0.30,7.3,7.5,-0.2,-0.03,+0.15,0,13,0,0,0,33,6,42.9
665,Nicolás Rodríguez,co COL,"MF,FW",Orlando City,21-166,2004,11,1,131,1.5,1,0,1,1,0,0,1,0,0.8,0.8,0.4,1.2,3,7,13,0.69,0.00,0.69,0.69,0.69,0.57,0.25,0.83,0.57,0.83,Matches,3,2,66.7,2.06,1.37,0.33,0.50,20.1,0,0.28,+0.2,+0.2,53,65,81.5,823,129,27,30,90.0,19,22,86.4,4,8,50.0,0.2,-0.4,4,2,2,0,59,5,0,0,4,0,5,1,2,0,1,0,7,4.85,5,1,1,0,0,0,0.00,0,0,0,0,0,2,1,0,1,1,0,0.0,2,4,0,2,1,0,89,1,7,2,40.0,3,60.0,47,2,5,2,67,12,4.5,58,0,10,7,8,1.36,2,6,-4,-2.75,-3.37,4.1,5.2,-1.1,-0.73,-1.18,0,3,0,0,0,0,2,66.7
670,Nicolás Romero,ar ARG,DF,Minnesota Utd,21-314,2003,26,24,2035,22.6,0,5,5,0,0,0,9,0,1.5,1.5,2.4,4.0,9,41,14,0.00,0.22,0.22,0.00,0.22,0.07,0.11,0.17,0.07,0.17,Matches,20,2,10.0,0.88,0.09,0.00,0.00,14.1,0,0.08,-1.5,-1.5,682,886,77.0,12566,5548,289,320,90.3,316,369,85.6,69,163,42.3,1.9,+2.6,10,45,4,0,776,109,1,10,3,90,0,0,0,0,1,18,21,0.93,18,0,0,0,0,6,0.27,5,0,0,0,0,31,17,25,5,1,23,57.5,17,9,27,58,118,1,1170,175,65,8,61.5,5,38.5,541,1,13,4,619,78,68.5,84,19,2,11,5,1.81,39,27,+12,+0.53,-0.05,33.0,30.9,+2.1,+0.09,+0.19,0,26,0,1,2,90,48,58.5
795,Niko Tsakiris,us USA,MF,SJ Earthquakes,20-111,2005,10,4,347,3.9,0,1,1,0,0,0,0,0,0.3,0.3,0.9,1.2,21,18,20,0.00,0.26,0.26,0.00,0.26,0.07,0.24,0.31,0.07,0.31,Matches,4,0,0.0,1.04,0.00,0.00,,18.9,0,0.07,-0.3,-0.3,140,181,77.3,2174,659,74,83,89.2,45,53,84.9,11,25,44.0,0.8,+0.1,5,20,7,0,155,24,1,2,22,3,9,8,0,0,2,4,17,4.41,12,2,1,0,1,2,0.52,2,0,0,0,0,9,5,3,4,2,1,20.0,4,2,2,11,2,0,228,0,8,4,40.0,5,50.0,138,3,9,7,160,35,11.7,69,0,6,12,3,0.40,7,9,-2,-0.52,-0.45,9.1,6.2,+2.9,+0.75,+0.70,0,3,0,0,0,15,3,42.9
,Nikola Djordjevic,,,,,,,,,,,,,,,,,,,,,,,,,,,,,,,,,,,,,,,,,,,,,,,,,,,,,,,,,,,,,,,,,,,,,,,,,,,,,,,,,,,,,,,,,,,,,,,,,,,,,,,,,,,,,,,,,,,,,,,,,,0,0,,2,,,,,,,,,,,,,,,,,,,
610,Nikola Petković,rs SRB,MF,Charlotte,22-227,2003,4,1,99,1.1,0,1,1,0,0,0,0,0,0.3,0.3,0.1,0.4,0,5,6,0.00,0.91,0.91,0.00,0.91,0.27,0.10,0.37,0.27,0.37,Matches,3,1,33.3,2.73,0.91,0.00,0.00,11.1,0,0.10,-0.3,-0.3,31,39,79.5,476,152,15,17,88.2,15,17,88.2,0,2,0.0,0.1,+0.9,3,3,2,0,37,1,0,0,0,1,0,0,0,0,1,1,3,2.73,2,0,0,0,0,1,0.91,1,0,0,0,0,1,0,0,1,0,1,100.0,0,0,0,1,2,0,55,2,8,0,0.0,2,100.0,28,0,2,0,36,25,3.3,73,0,3,9,23,2.25,2,1,+1,+0.91,+0.72,0.9,2.1,-1.1,-1.00,-0.95,0,1,0,0,0,2,1,50.0
768,Nkosi Tafari,us USA,DF,LAFC,28-199,1997,22,17,1563,17.4,0,0,0,0,0,0,4,0,0.3,0.3,0.6,0.9,0,38,4,0.00,0.00,0.00,0.00,0.00,0.02,0.03,0.05,0.02,0.05,Matches,6,0,0.0,0.35,0.00,0.00,,17.6,0,0.05,-0.3,-0.3,924,1013,91.2,16980,5592,344,357,96.4,509,525,97.0,65,113,57.5,0.5,-0.6,2,46,0,0,976,36,1,3,1,8,0,0,0,0,1,7,5,0.29,5,0,0,0,0,0,0.00,0,0,0,0,0,23,13,19,3,1,12,66.7,6,1,17,40,104,0,1202,146,14,2,100.0,0,0.0,712,0,2,1,882,71,56.0,89,16,5,10,8,1.82,32,24,+8,+0.46,-0.71,27.3,18.9,+8.5,+0.49,-0.58,0,17,0,0,0,50,23,48.9
,Noah Adnan,,,,,,,,,,,,,,,,,,,,,,,,,,,,,,,,,,,,,,,,,,,,,,,,,,,,,,,,,,,,,,,,,,,,,,,,,,,,,,,,,,,,,,,,,,,,,,,,,,,,,,,,,,,,,,,,,,,,,,,,,,0,0,,2,,,,,,,,,,,,,,,,,,,
19,Noah Allen,gr GRE,DF,Inter Miami,21-163,2004,26,20,1898,21.1,0,1,1,0,0,0,4,0,0.2,0.2,1.3,1.5,13,80,49,0.00,0.05,0.05,0.00,0.05,0.01,0.06,0.07,0.01,0.07,Matches,5,2,40.0,0.24,0.09,0.00,0.00,23.3,0,0.04,-0.2,-0.2,1222,1372,89.1,23305,6991,455,480,94.8,624,671,93.0,127,185,68.6,1.0,-0.3,5,74,7,2,1295,76,0,20,16,41,0,0,0,0,1,16,18,0.85,16,0,0,0,0,5,0.24,4,0,0,0,0,47,30,24,21,2,24,57.1,18,19,17,64,70,1,1571,149,11,2,20.0,7,70.0,998,0,13,6,1127,73,65.9,90,19,6,17,1,1.77,47,36,+11,+0.52,-0.21,38.7,32.0,+6.7,+0.32,-0.54,0,20,0,0,0,85,18,51.4
166,Noah Cobb,us USA,"DF,FW",Atlanta Utd,20-080,2005,13,3,432,4.8,0,0,0,0,0,0,0,0,0.0,0.0,0.1,0.2,5,19,6,0.00,0.00,0.00,0.00,0.00,0.01,0.03,0.04,0.01,0.04,Matches,1,0,0.0,0.21,0.00,0.00,,16.7,0,0.03,0.0,0.0,284,322,88.2,5587,1953,109,115,94.8,135,144,93.8,38,56,67.9,0.6,-0.1,1,32,1,0,303,18,0,3,3,8,0,0,0,0,1,3,2,0.42,2,0,0,0,0,0,0.00,0,0,0,0,0,8,4,6,2,0,6,60.0,4,0,5,13,32,2,379,41,4,1,100.0,0,0.0,210,0,3,0,260,33,15.0,82,2,10,19,7,0.92,2,7,-5,-1.04,-0.45,6.1,6.7,-0.6,-0.13,-0.04,0,9,0,0,0,17,11,50.0
167,Noah Cobb,us USA,DF,Colorado Rapids,20-080,2005,4,4,360,4.0,0,0,0,0,0,0,0,0,0.2,0.2,0.0,0.2,1,17,0,0.00,0.00,0.00,0.00,0.00,0.05,0.00,0.05,0.05,0.05,Matches,1,0,0.0,0.21,0.00,0.00,,16.7,0,0.03,0.0,0.0,284,322,88.2,5587,1953,109,115,94.8,135,144,93.8,38,56,67.9,0.6,-0.1,1,32,1,0,303,18,0,3,3,8,0,0,0,0,1,3,2,0.42,2,0,0,0,0,0,0.00,0,0,0,0,0,8,4,6,2,0,6,60.0,4,0,5,13,32,2,379,41,4,1,100.0,0,0.0,210,0,3,0,260,33,15.0,82,2,10,19,7,0.92,2,7,-5,-1.04,-0.45,6.1,6.7,-0.6,-0.13,-0.04,0,9,0,0,0,17,11,50.0
232,Noah Eile,se SWE,DF,NY Red Bulls,23-081,2002,30,29,2610,29.0,1,0,1,1,0,0,8,0,1.9,1.9,0.3,2.2,29,118,11,0.03,0.00,0.03,0.03,0.03,0.07,0.01,0.08,0.07,0.08,Matches,19,6,31.6,0.66,0.21,0.05,0.17,14.3,0,0.10,-0.9,-0.9,1760,1980,88.9,33627,11896,612,649,94.3,992,1047,94.7,146,250,58.4,0.8,-0.3,5,148,4,0,1869,108,5,9,1,44,0,0,0,0,3,9,27,0.93,24,1,1,0,0,4,0.14,3,0,0,0,0,43,23,19,24,0,24,85.7,4,17,35,78,169,0,2333,231,32,7,43.8,7,43.8,1369,3,15,9,1574,87,87.9,88,28,1,45,0,1.23,43,40,+3,+0.10,+0.10,39.1,45.4,-6.3,-0.22,-0.96,0,32,0,0,0,149,51,56.0
118,Noel Buck,eng ENG,"MF,DF",NE Revolution,20-186,2005,2,0,24,0.3,0,0,0,0,0,0,0,0,0.0,0.0,0.0,0.0,0,2,2,0.00,0.00,0.00,0.00,0.00,0.00,0.00,0.00,0.00,0.00,Matches,0,0,,0.00,0.00,,,,0,,0.0,0.0,11,15,73.3,190,28,5,6,83.3,6,8,75.0,0,0,,0.0,0.0,0,0,0,0,12,3,0,0,0,2,0,0,0,0,0,1,0,0.00,0,0,0,0,0,0,0.00,0,0,0,0,0,1,1,1,0,0,0,0.0,1,3,0,1,1,0,22,2,2,0,,0,,11,1,1,1,9,12,0.8,,0,2,12,4,0.00,0,1,-1,-3.75,-3.57,0.0,0.2,-0.2,-0.87,-0.66,0,1,0,0,0,4,0,
119,Noel Buck,eng ENG,"MF,DF",SJ Earthquakes,20-186,2005,9,0,151,1.7,0,1,1,0,0,0,0,0,0.0,0.0,0.4,0.4,0,3,3,0.00,0.60,0.60,0.00,0.60,0.00,0.22,0.22,0.00,0.22,Matches,0,0,,0.00,0.00,,,,0,,0.0,0.0,11,15,73.3,190,28,5,6,83.3,6,8,75.0,0,0,,0.0,0.0,0,0,0,0,12,3,0,0,0,2,0,0,0,0,0,1,0,0.00,0,0,0,0,0,0,0.00,0,0,0,0,0,1,1,1,0,0,0,0.0,1,3,0,1,1,0,22,2,2,0,,0,,11,1,1,1,9,12,0.8,,0,2,12,4,0.00,0,1,-1,-3.75,-3.57,0.0,0.2,-0.2,-0.87,-0.66,0,1,0,0,0,4,0,
131,Noel Caliskan,de GER,"DF,MF",Real Salt Lake,25-040,2000,23,20,1828,20.3,1,1,2,1,0,0,4,0,0.4,0.4,0.7,1.2,32,104,29,0.05,0.05,0.10,0.05,0.10,0.02,0.04,0.06,0.02,0.06,Matches,14,2,14.3,0.69,0.10,0.07,0.50,21.5,0,0.03,+0.6,+0.6,1064,1226,86.8,17926,5674,521,556,93.7,428,479,89.4,94,145,64.8,1.0,+0.3,13,102,15,7,1065,156,0,6,23,126,1,0,0,0,5,16,47,2.31,39,3,1,0,0,3,0.15,2,0,0,0,0,48,27,30,11,7,30,66.7,15,15,22,70,52,0,1422,69,15,2,20.0,6,60.0,815,3,13,5,911,79,63.5,89,17,3,15,2,1.35,25,26,-1,-0.05,+0.72,23.4,29.9,-6.5,-0.32,+0.04,0,24,0,0,0,101,4,28.6
556,Nolan Norris,us USA,"DF,MF",FC Dallas,20-233,2005,12,8,624,6.9,0,1,1,0,0,0,3,0,0.6,0.6,1.2,1.8,7,24,11,0.00,0.14,0.14,0.00,0.14,0.09,0.17,0.26,0.09,0.26,Matches,5,1,20.0,0.72,0.14,0.00,0.00,13.1,0,0.12,-0.6,-0.6,304,385,79.0,4859,1635,170,182,93.4,117,151,77.5,15,40,37.5,0.4,-0.2,3,18,4,1,341,44,0,2,7,38,0,0,0,0,0,7,3,0.43,3,0,0,0,0,0,0.00,0,0,0,0,0,15,13,8,7,0,12,60.0,8,9,9,24,27,0,469,27,5,2,33.3,3,50.0,230,0,4,2,286,52,21.7,74,2,4,9,11,1.58,8,10,-2,-0.29,-0.25,7.6,8.4,-0.8,-0.11,-0.10,0,15,0,0,0,32,16,76.2
787,Nouhou Tolo,cm CMR,DF,Seattle Sounders,28-107,1997,26,24,2107,23.4,1,2,3,1,0,0,5,2,1.0,1.0,1.9,2.9,46,102,41,0.04,0.09,0.13,0.04,0.13,0.04,0.08,0.12,0.04,0.12,Matches,16,4,25.0,0.68,0.17,0.06,0.25,21.7,0,0.06,0.0,0.0,1155,1350,85.6,18034,5783,613,667,91.9,473,524,90.3,45,97,46.4,2.0,+0.1,16,121,12,8,1232,116,1,4,49,81,0,0,0,0,2,31,33,1.41,28,2,0,1,0,3,0.13,3,0,0,0,0,31,20,19,9,3,21,70.0,9,5,21,52,82,2,1591,101,24,16,43.2,17,45.9,1001,5,23,14,1086,81,73.2,86,17,2,23,2,1.35,32,30,+2,+0.09,-0.61,39.0,28.2,+10.8,+0.46,+0.19,0,26,0,0,1,118,23,44.2
497,Novak Mićović,rs SRB,GK,LA Galaxy,23-348,2001,18,18,1620,18.0,0,0,0,0,0,0,0,0,0.0,0.0,0.0,0.0,0,0,0,0.00,0.00,0.00,0.00,0.00,0.00,0.00,0.00,0.00,0.00,Matches,0,0,,0.00,0.00,,,,0,,0.0,0.0,384,544,70.6,8250,5251,131,131,100.0,181,184,98.4,71,227,31.3,0.0,0.0,0,1,0,0,402,141,0,0,0,0,0,0,0,0,1,0,1,0.06,1,0,0,0,0,0,0.00,0,0,0,0,0,0,0,0,0,0,0,,0,0,0,0,6,1,586,508,0,0,,0,,322,0,0,0,276,90,56.3,90,18,0,,14,0.89,26,35,-9,-0.50,+0.43,27.4,32.7,-5.3,-0.30,+0.23,0,0,0,0,0,21,4,66.7
723,Nykolas Sessock,us USA,DF,Atlanta Utd,25-113,2000,2,0,4,0.0,0,0,0,0,0,0,0,0,0.0,0.0,0.0,0.0,0,0,0,0.00,0.00,0.00,0.00,0.00,0.00,0.00,0.00,0.00,0.00,Matches,0,0,,0.00,0.00,,,,0,,0.0,0.0,3,3,100.0,47,0,1,1,100.0,2,2,100.0,0,0,,0.0,0.0,0,0,0,0,2,1,0,0,0,1,0,0,0,0,0,0,0,0.00,0,0,0,0,0,0,0.00,0,0,0,0,0,0,0,0,0,0,0,,0,0,0,0,0,0,3,0,0,0,,0,,0,0,0,0,2,2,0.1,,0,2,2,6,0.00,0,0,0,0.00,+0.66,0.0,0.0,0.0,0.00,+0.10,0,0,0,0,0,0,0,
49,Obafemi Awodesu,us USA,DF,Houston Dynamo,24-186,2001,24,17,1546,17.2,1,0,1,1,0,0,3,1,0.5,0.5,0.2,0.7,2,32,4,0.06,0.00,0.06,0.06,0.06,0.03,0.01,0.04,0.03,0.04,Matches,3,1,33.3,0.17,0.06,0.33,1.00,8.0,0,0.17,+0.5,+0.5,833,950,87.7,14109,4985,371,390,95.1,403,431,93.5,48,109,44.0,0.3,-0.2,2,40,2,0,892,57,0,1,0,6,0,0,0,0,1,6,6,0.35,5,0,0,1,0,0,0.00,0,0,0,0,0,17,8,15,2,0,9,81.8,2,12,16,33,140,0,1170,193,13,4,100.0,0,0.0,662,1,5,3,764,64,52.1,84,15,7,16,8,1.13,21,31,-10,-0.58,-0.39,18.6,25.9,-7.3,-0.42,-0.56,0,21,0,1,0,56,30,73.2
813,Obed Vargas,mx MEX,MF,Seattle Sounders,20-064,2005,26,26,2268,25.2,3,1,4,3,0,0,4,0,2.5,2.5,2.3,4.8,45,141,85,0.12,0.04,0.16,0.12,0.16,0.10,0.09,0.19,0.10,0.19,Matches,30,10,33.3,1.19,0.40,0.10,0.30,22.0,0,0.08,+0.5,+0.5,1163,1350,86.1,17507,4319,636,699,91.0,419,484,86.6,61,80,76.3,2.2,-1.3,21,111,20,0,1311,30,9,6,7,9,0,0,0,0,9,19,83,3.29,66,0,4,2,3,9,0.36,7,0,1,0,0,49,28,20,19,10,24,54.5,20,21,27,76,20,3,1621,51,50,23,51.1,17,37.8,1013,5,46,17,1216,87,78.8,87,21,0,,3,1.46,40,37,+3,+0.12,-0.62,43.2,34.9,+8.3,+0.33,-0.39,0,26,0,0,0,108,8,50.0
558,Obinna Nwobodo,ng NGA,MF,FC Cincinnati,28-313,1996,13,10,822,9.1,0,0,0,0,0,0,4,0,0.2,0.2,0.1,0.3,3,44,8,0.00,0.00,0.00,0.00,0.00,0.02,0.01,0.03,0.02,0.03,Matches,5,0,0.0,0.55,0.00,0.00,,24.9,0,0.04,-0.2,-0.2,383,451,84.9,6439,2034,169,191,88.5,180,199,90.5,27,41,65.9,0.2,-0.1,5,38,1,1,446,4,0,1,2,0,0,0,0,0,1,5,17,1.86,14,0,1,0,0,0,0.00,0,0,0,0,0,29,19,14,14,1,7,30.4,16,9,19,48,14,0,568,22,1,7,58.3,3,25.0,277,0,12,3,335,63,27.7,74,4,3,27,1,1.62,14,16,-2,-0.22,-0.68,12.2,14.5,-2.3,-0.25,-0.02,0,13,0,0,0,76,4,50.0
779,Odin Thiago Holm,no NOR,"MF,FW",LAFC,22-263,2003,3,1,99,1.1,0,0,0,0,0,0,0,0,0.0,0.0,0.3,0.3,1,4,2,0.00,0.00,0.00,0.00,0.00,0.00,0.27,0.27,0.00,0.27,Matches,0,0,,0.00,0.00,,,,0,,0.0,0.0,21,29,72.4,353,114,11,14,78.6,8,8,100.0,2,4,50.0,0.0,-0.3,2,2,0,0,29,0,0,1,1,0,0,0,0,0,0,2,3,2.73,3,0,0,0,0,0,0.00,0,0,0,0,0,6,4,3,1,2,3,100.0,0,2,2,8,2,0,40,3,1,0,,0,,19,0,0,1,22,33,3.5,68,0,2,16,5,1.00,0,1,-1,-0.91,-1.75,0.7,1.6,-0.9,-0.83,-1.64,0,1,0,0,0,4,0,
116,Ola Brynhildsen,no NOR,"FW,MF",Toronto FC,26-164,1999,21,18,1335,14.8,2,1,3,2,0,0,0,0,5.5,5.5,0.5,6.0,23,14,46,0.13,0.07,0.20,0.13,0.20,0.37,0.03,0.40,0.37,0.40,Matches,31,8,25.8,2.09,0.54,0.06,0.25,12.9,0,0.18,-3.5,-3.5,118,182,64.8,1657,320,61,89,68.5,43,67,64.2,4,6,66.7,0.3,+0.5,6,5,3,0,173,7,0,0,1,0,0,0,0,0,2,6,23,1.55,10,0,1,7,2,2,0.13,1,0,0,0,0,13,11,2,8,3,5,62.5,3,4,2,15,5,0,329,8,46,12,32.4,23,62.2,229,14,50,18,250,64,46.4,70,3,3,28,0,1.10,15,14,+1,+0.07,+0.53,15.2,19.9,-4.8,-0.32,+0.17,0,25,0,0,0,35,12,26.7
765,Oleksandr Svatok,ua UKR,DF,Austin,31-011,1994,28,25,2343,26.0,1,0,1,1,0,0,5,0,0.7,0.7,0.6,1.3,7,51,6,0.04,0.00,0.04,0.04,0.04,0.03,0.02,0.05,0.03,0.05,Matches,7,2,28.6,0.27,0.08,0.14,0.50,9.1,0,0.09,+0.3,+0.3,1116,1245,89.6,21370,7002,343,367,93.5,685,717,95.5,81,145,55.9,0.6,-0.6,4,61,1,0,1213,30,1,2,0,1,0,0,0,0,2,2,13,0.50,11,1,0,0,0,0,0.00,0,0,0,0,0,29,11,17,10,2,8,50.0,8,7,35,64,158,0,1525,180,28,0,0.0,3,75.0,876,2,12,3,1078,84,81.4,89,23,3,36,2,1.25,29,33,-4,-0.15,+0.52,34.1,35.9,-1.8,-0.07,+0.57,0,29,0,1,0,56,32,54.2
242,Olger Escobar,gt GUA,MF,CF Montréal,19-027,2006,12,4,417,4.6,1,1,2,1,0,0,1,0,0.6,0.6,0.6,1.1,9,19,12,0.22,0.22,0.43,0.22,0.43,0.12,0.12,0.24,0.12,0.24,Matches,7,3,42.9,1.51,0.65,0.14,0.33,18.4,0,0.08,+0.4,+0.4,86,105,81.9,1370,504,48,54,88.9,28,36,77.8,8,11,72.7,0.5,+0.4,6,12,4,1,104,1,3,0,2,0,0,0,0,0,0,2,20,4.32,15,0,3,2,0,3,0.65,1,0,0,2,0,8,3,2,5,1,2,100.0,0,3,2,10,3,0,162,5,11,4,26.7,9,60.0,95,2,6,6,107,35,14.0,67,0,8,19,0,1.17,7,3,+4,+0.86,+1.82,6.5,4.7,+1.8,+0.39,+0.75,0,8,0,0,0,19,1,20.0
428,Oliver Larraz,us USA,MF,Colorado Rapids,24-022,2001,32,26,2189,24.3,0,2,2,0,0,0,3,0,1.2,1.2,2.7,3.9,20,104,59,0.00,0.08,0.08,0.00,0.08,0.05,0.11,0.16,0.05,0.16,Matches,20,3,15.0,0.82,0.12,0.00,0.00,22.8,1,0.06,-1.2,-1.2,897,1063,84.4,13967,4026,495,549,90.2,315,356,88.5,52,96,54.2,3.7,-0.7,23,99,26,3,1031,30,4,7,24,6,4,2,1,0,2,18,55,2.26,48,1,3,1,1,6,0.25,5,0,0,1,0,53,31,17,25,11,21,42.0,29,36,36,89,34,0,1360,60,24,25,56.8,14,31.8,775,0,44,23,873,68,73.7,79,10,6,24,1,1.25,30,40,-10,-0.41,-0.18,31.3,42.4,-11.0,-0.45,-1.05,0,46,0,0,0,114,16,45.7
,Oliver Semmle,,,,,,,,,,,,,,,,,,,,,,,,,,,,,,,,,,,,,,,,,,,,,,,,,,,,,,,,,,,,,,,,,,,,,,,,,,,,,,,,,,,,,,,,,,,,,,,,,,,,,,,,,,,,,,,,,,,,,,,,,,0,0,,13,,,,,,,,,,,,,,,,,,,
300,Olivier Giroud,fr FRA,FW,LAFC,39-008,1986,11,6,528,5.9,3,1,4,3,0,0,1,0,3.1,3.1,0.7,3.8,4,14,40,0.51,0.17,0.68,0.51,0.68,0.53,0.12,0.65,0.53,0.65,Matches,20,9,45.0,3.41,1.53,0.15,0.33,13.8,2,0.15,-0.1,-0.1,93,148,62.8,1518,277,43,63,68.3,36,43,83.7,8,11,72.7,0.4,+0.3,10,9,4,0,128,15,0,0,1,0,0,0,0,0,5,8,18,3.07,13,0,0,2,0,4,0.68,2,0,0,1,0,4,2,1,3,0,1,50.0,1,3,1,5,6,0,225,8,36,0,0.0,1,50.0,90,1,24,1,152,48,18.9,75,1,5,16,3,1.64,10,11,-1,-0.17,-1.17,9.7,8.1,+1.6,+0.28,-0.58,0,7,0,0,0,8,20,57.1
484,Olivier Mbaizo,cm CMR,DF,Philadelphia Union,28-054,1997,9,6,483,5.4,0,0,0,0,0,0,2,0,0.1,0.1,0.7,0.8,13,17,14,0.00,0.00,0.00,0.00,0.00,0.01,0.14,0.15,0.01,0.15,Matches,1,0,0.0,0.19,0.00,0.00,,20.8,0,0.06,-0.1,-0.1,186,266,69.9,3170,1573,86,106,81.1,80,110,72.7,15,35,42.9,0.8,-0.7,6,11,8,4,207,59,0,2,24,54,0,0,0,0,0,9,11,2.05,9,1,1,0,0,2,0.37,1,1,0,0,0,5,3,2,3,0,3,60.0,2,3,1,6,10,0,305,7,6,3,75.0,1,25.0,167,1,8,3,174,54,16.3,77,4,3,7,17,2.11,6,4,+2,+0.37,-0.42,9.0,5.8,+3.2,+0.60,+0.08,0,6,0,0,0,26,1,20.0
463,Olwethu Makhanya,za RSA,DF,Philadelphia Union,21-161,2004,28,22,2057,22.9,1,0,1,1,0,0,9,2,2.4,2.4,0.0,2.4,15,83,2,0.04,0.00,0.04,0.04,0.04,0.10,0.00,0.10,0.10,0.10,Matches,17,3,17.6,0.74,0.13,0.06,0.33,9.0,0,0.14,-1.4,-1.4,808,1001,80.7,15280,6488,280,317,88.3,449,499,90.0,71,162,43.8,0.3,0.0,1,74,0,0,946,54,0,3,3,1,0,0,0,0,1,13,23,1.01,19,0,1,0,0,1,0.04,0,0,0,0,0,44,31,27,15,2,32,71.1,13,16,28,72,146,2,1306,177,24,11,84.6,2,15.4,662,1,24,7,683,73,69.3,88,19,6,19,2,2.00,42,19,+23,+1.01,+0.91,41.8,25.1,+16.7,+0.73,+0.64,1,25,0,1,0,126,54,71.1
310,Omar Gonzalez,us USA,DF,Chicago Fire,36-362,1988,12,3,427,4.7,0,0,0,0,0,0,3,0,0.0,0.0,0.1,0.1,0,5,1,0.00,0.00,0.00,0.00,0.00,0.00,0.01,0.01,0.00,0.01,Matches,0,0,,0.00,0.00,,,,0,,0.0,0.0,192,227,84.6,3495,1482,72,80,90.0,106,118,89.8,12,24,50.0,0.1,-0.1,1,4,0,0,216,10,0,0,0,0,0,0,0,0,1,1,4,0.84,4,0,0,0,0,0,0.00,0,0,0,0,0,4,3,4,0,0,3,42.9,4,3,5,9,47,0,300,72,4,0,,0,,154,0,0,0,183,36,14.4,90,3,9,17,17,1.92,8,8,0,0.00,-0.28,7.5,8.3,-0.7,-0.16,-0.18,0,5,0,1,0,9,20,80.0
810,Omar Valencia,pa PAN,DF,NY Red Bulls,21-122,2004,19,16,1326,14.7,0,5,5,0,0,0,6,0,0.2,0.2,1.3,1.5,48,45,84,0.00,0.34,0.34,0.00,0.34,0.01,0.09,0.10,0.01,0.10,Matches,5,0,0.0,0.34,0.00,0.00,,23.0,0,0.04,-0.2,-0.2,604,782,77.2,9910,2444,309,343,90.1,249,294,84.7,37,102,36.3,1.1,+3.7,17,29,9,6,643,132,1,2,63,90,26,26,0,0,7,21,31,2.10,18,9,1,3,0,5,0.34,3,2,0,0,0,29,16,12,11,6,11,55.0,9,19,18,47,23,1,908,29,12,8,50.0,7,43.8,497,3,17,9,558,70,44.6,78,8,3,26,4,1.53,23,15,+8,+0.54,+0.82,18.0,19.2,-1.2,-0.08,+0.03,0,18,0,0,0,76,12,38.7
303,Omari Glasgow,gy GUY,"DF,FW",Chicago Fire,21-320,2003,14,4,529,5.9,0,1,1,0,0,0,0,0,0.3,0.3,0.9,1.2,9,15,46,0.00,0.17,0.17,0.00,0.17,0.05,0.16,0.21,0.05,0.21,Matches,6,1,16.7,1.02,0.17,0.00,0.00,20.8,0,0.05,-0.3,-0.3,209,263,79.5,3307,827,107,123,87.0,87,103,84.5,10,21,47.6,1.0,+0.1,4,9,6,2,227,36,0,0,19,36,0,0,0,0,0,10,12,2.04,10,0,0,1,0,1,0.17,1,0,0,0,0,12,6,5,2,5,6,50.0,6,10,2,14,14,0,343,13,13,2,14.3,12,85.7,197,4,11,8,211,38,17.8,87,3,10,18,8,1.14,6,13,-7,-1.19,-1.74,8.5,12.0,-3.4,-0.58,-0.70,0,11,0,1,0,24,4,36.4
259,Omir Fernandez,us USA,"MF,FW",Colorado Rapids,26-242,1999,8,0,182,2.0,0,2,2,0,0,0,0,0,0.2,0.2,2.1,2.3,10,5,18,0.00,0.99,0.99,0.00,0.99,0.08,1.06,1.14,0.08,1.14,Matches,2,0,0.0,0.99,0.00,0.00,,15.8,0,0.08,-0.2,-0.2,43,58,74.1,574,184,29,33,87.9,11,16,68.8,1,4,25.0,1.4,-0.1,9,1,4,2,57,1,0,0,6,0,0,0,0,0,0,1,13,6.43,11,0,1,0,0,2,0.99,2,0,0,0,0,1,1,1,0,0,0,0.0,3,3,2,3,3,0,88,1,12,1,16.7,4,66.7,57,5,4,6,59,23,6.1,,0,8,23,0,1.75,3,2,+1,+0.49,+0.91,4.8,3.4,+1.4,+0.69,+0.92,0,3,0,0,0,9,1,25.0
260,Omir Fernandez,us USA,"MF,FW",Portland Timbers,26-242,1999,18,3,426,4.7,1,0,1,1,0,0,0,0,0.8,0.8,0.7,1.5,16,20,56,0.21,0.00,0.21,0.21,0.21,0.16,0.16,0.32,0.16,0.32,Matches,2,0,0.0,0.99,0.00,0.00,,15.8,0,0.08,-0.2,-0.2,43,58,74.1,574,184,29,33,87.9,11,16,68.8,1,4,25.0,1.4,-0.1,9,1,4,2,57,1,0,0,6,0,0,0,0,0,0,1,13,6.43,11,0,1,0,0,2,0.99,2,0,0,0,0,1,1,1,0,0,0,0.0,3,3,2,3,3,0,88,1,12,1,16.7,4,66.7,57,5,4,6,59,23,6.1,,0,8,23,0,1.75,3,2,+1,+0.49,+0.91,4.8,3.4,+1.4,+0.69,+0.92,0,3,0,0,0,9,1,25.0
439,Ondřej Lingr,cz CZE,"FW,MF",Houston Dynamo,27-001,1998,25,21,1704,18.9,3,3,6,3,0,0,5,0,3.5,3.5,2.5,6.0,30,52,105,0.16,0.16,0.32,0.16,0.32,0.19,0.13,0.32,0.19,0.32,Matches,38,7,18.4,2.01,0.37,0.08,0.43,13.5,0,0.09,-0.5,-0.5,441,520,84.8,6476,1330,253,271,93.4,155,176,88.1,17,34,50.0,1.7,+0.5,24,22,16,6,482,37,0,2,34,11,2,1,1,0,1,16,51,2.70,38,3,0,4,0,7,0.37,5,0,0,1,0,17,9,5,11,1,8,53.3,7,6,3,20,12,0,681,8,56,9,28.1,19,59.4,459,8,29,24,524,68,57.4,77,5,4,22,0,1.20,27,32,-5,-0.26,+0.30,26.1,26.3,-0.2,-0.01,+0.34,0,31,0,0,0,48,18,50.0
809,Onni Valakari,fi FIN,"MF,FW",San Diego FC,26-051,1999,33,25,2356,26.2,4,6,10,4,0,0,4,0,4.9,4.9,3.6,8.6,44,123,142,0.15,0.23,0.38,0.15,0.38,0.19,0.14,0.33,0.19,0.33,Matches,30,10,33.3,1.15,0.38,0.13,0.40,15.5,2,0.16,-0.9,-0.9,1006,1218,82.6,14137,3518,629,699,90.0,307,356,86.2,38,74,51.4,3.7,+2.4,28,95,31,0,1185,28,9,5,11,1,1,0,0,0,5,39,62,2.37,48,2,0,7,1,12,0.46,9,0,0,2,0,45,29,13,20,12,19,48.7,20,23,12,57,18,1,1467,34,75,9,32.1,14,50.0,856,8,58,18,1160,71,79.3,85,19,8,28,0,1.82,49,36,+13,+0.50,-0.38,40.7,37.3,+3.4,+0.13,-0.22,0,37,2,0,0,108,16,57.1
194,Osaze De Rosario,gy GUY,FW,Seattle Sounders,24-081,2001,12,3,259,2.9,1,0,1,1,0,0,2,0,3.3,3.3,0.0,3.3,3,1,12,0.35,0.00,0.35,0.35,0.35,1.15,0.00,1.15,1.15,1.15,Matches,18,4,22.2,6.25,1.39,0.06,0.25,14.1,0,0.18,-2.3,-2.3,34,44,77.3,364,35,22,25,88.0,8,11,72.7,0,2,0.0,0.1,0.0,0,1,0,0,40,3,1,1,0,0,0,0,0,0,1,0,1,0.35,0,0,1,0,0,0,0.00,0,0,0,0,0,3,1,1,0,2,2,100.0,0,1,1,4,2,0,86,2,17,2,40.0,3,60.0,48,1,11,4,67,22,9.0,61,0,9,8,3,1.50,5,6,-1,-0.35,-0.66,7.2,4.7,+2.5,+0.85,+0.49,0,6,0,0,0,10,13,65.0
804,Osaze Urhoghide,nl NED,DF,FC Dallas,25-096,2000,25,23,2021,22.5,1,0,1,1,0,0,5,0,0.6,0.6,0.1,0.8,6,43,6,0.04,0.00,0.04,0.04,0.04,0.03,0.01,0.03,0.03,0.03,Matches,11,4,36.4,0.49,0.18,0.09,0.25,13.9,0,0.06,+0.4,+0.4,746,859,86.8,13429,5084,285,310,91.9,403,440,91.6,47,84,56.0,0.2,-0.1,2,35,0,0,796,62,0,3,1,4,0,0,0,0,1,5,9,0.40,6,0,0,0,1,3,0.13,2,0,0,0,0,48,36,38,9,1,22,71.0,9,15,24,72,129,2,1163,202,21,14,58.3,7,29.2,512,2,22,15,616,81,70.2,87,21,2,10,1,1.44,33,33,0,0.00,+0.31,30.9,28.2,+2.8,+0.12,+0.51,0,33,0,2,0,106,57,66.3
820,Oscar Verhoeven,us USA,DF,San Diego FC,19-130,2006,14,11,1002,11.1,0,0,0,0,0,0,2,0,0.1,0.1,1.3,1.4,21,31,70,0.00,0.00,0.00,0.00,0.00,0.01,0.11,0.12,0.01,0.12,Matches,1,0,0.0,0.09,0.00,0.00,,20.5,0,0.08,-0.1,-0.1,553,654,84.6,8391,2256,314,342,91.8,206,237,86.9,23,45,51.1,0.8,-1.3,8,23,12,4,568,84,3,1,22,80,0,0,0,0,2,13,14,1.26,13,0,0,1,0,0,0.00,0,0,0,0,0,15,11,8,4,3,8,61.5,5,7,3,18,24,1,731,37,10,3,60.0,1,20.0,388,2,17,2,492,72,33.7,84,7,3,24,1,2.07,23,16,+7,+0.63,+0.08,17.1,12.3,+4.9,+0.44,+0.39,0,10,0,0,0,46,10,47.6
821,Oscar Verhoeven,us USA,MF,SJ Earthquakes,19-130,2006,1,0,6,0.1,0,0,0,0,0,0,0,0,0.0,0.0,0.0,0.0,0,4,0,0.00,0.00,0.00,0.00,0.00,0.00,0.00,0.00,0.00,0.00,Matches,1,0,0.0,0.09,0.00,0.00,,20.5,0,0.08,-0.1,-0.1,553,654,84.6,8391,2256,314,342,91.8,206,237,86.9,23,45,51.1,0.8,-1.3,8,23,12,4,568,84,3,1,22,80,0,0,0,0,2,13,14,1.26,13,0,0,1,0,0,0.00,0,0,0,0,0,15,11,8,4,3,8,61.5,5,7,3,18,24,1,731,37,10,3,60.0,1,20.0,388,2,17,2,492,72,33.7,84,7,3,24,1,2.07,23,16,+7,+0.63,+0.08,17.1,12.3,+4.9,+0.44,+0.39,0,10,0,0,0,46,10,47.6
121,Osman Bukari,gh GHA,"FW,MF",Austin,26-299,1998,32,26,2242,24.9,3,3,6,3,0,0,2,0,3.5,3.5,4.8,8.3,102,73,235,0.12,0.12,0.24,0.12,0.24,0.14,0.19,0.33,0.14,0.33,Matches,42,21,50.0,1.69,0.84,0.07,0.14,17.2,0,0.08,-0.5,-0.5,513,693,74.0,7741,1720,293,342,85.7,178,234,76.1,28,58,48.3,4.4,-1.8,37,19,33,8,678,10,0,5,71,6,1,0,0,0,5,23,92,3.69,68,1,11,4,1,7,0.28,6,0,1,0,0,33,17,13,15,5,13,40.6,19,23,14,47,16,0,963,7,120,37,42.5,47,54.0,609,50,55,33,665,70,77.8,80,8,6,28,0,1.38,28,28,0,0.00,+1.13,31.3,33.2,-1.8,-0.07,+0.46,0,38,1,0,0,84,16,42.1
378,Ousman Jabang,us USA,DF,CF Montréal,24-193,2001,1,1,88,1.0,0,0,0,0,0,0,1,0,0.0,0.0,0.0,0.0,5,5,2,0.00,0.00,0.00,0.00,0.00,0.00,0.00,0.00,0.00,0.00,Matches,0,0,,0.00,0.00,,,,0,,0.0,0.0,59,70,84.3,1083,283,25,26,96.2,29,34,85.3,5,10,50.0,0.0,0.0,0,9,0,0,66,4,0,0,1,3,0,0,0,0,0,1,1,1.02,1,0,0,0,0,0,0.00,0,0,0,0,0,1,1,0,0,1,1,100.0,0,1,0,1,3,0,82,2,0,0,0.0,1,100.0,52,0,1,1,61,88,3.0,88,0,0,,1,0.00,0,1,-1,-1.02,-0.34,0.1,1.6,-1.5,-1.57,-1.35,0,1,0,0,0,4,2,40.0
98,Ousseni Bouda,bf BFA,"FW,MF",SJ Earthquakes,25-163,2000,33,12,1256,14.0,3,1,4,3,0,0,4,0,4.4,4.4,2.3,6.7,47,40,104,0.21,0.07,0.29,0.21,0.29,0.32,0.16,0.48,0.32,0.48,Matches,36,14,38.9,2.58,1.00,0.08,0.21,17.6,0,0.12,-1.4,-1.4,341,450,75.8,5485,1293,170,191,89.0,124,163,76.1,30,54,55.6,1.9,-1.3,18,15,16,6,410,39,2,2,49,24,5,1,3,0,1,13,42,3.01,31,1,1,4,1,2,0.14,1,0,0,0,0,16,11,4,5,7,8,50.0,8,20,9,25,10,0,651,19,58,14,36.8,22,57.9,404,12,43,38,459,38,42.3,74,3,21,18,0,1.15,29,32,-3,-0.21,-0.16,26.9,28.6,-1.7,-0.12,-0.43,0,22,0,0,0,57,6,23.1
313,Owen Graham Roache,ca CAN,FW,CF Montréal,17-239,2008,6,1,123,1.4,0,0,0,0,0,0,0,0,0.1,0.1,0.0,0.1,1,2,9,0.00,0.00,0.00,0.00,0.00,0.09,0.02,0.11,0.09,0.11,Matches,1,1,100.0,0.73,0.73,0.00,0.00,16.3,0,0.13,-0.1,-0.1,12,17,70.6,143,20,8,10,80.0,3,5,60.0,0,0,,0.1,0.0,1,1,1,0,16,1,0,0,0,0,0,0,0,0,0,0,2,1.46,1,0,0,1,0,0,0.00,0,0,0,0,0,1,1,0,0,1,0,,0,1,1,2,0,0,35,0,6,0,0.0,1,100.0,27,3,10,5,32,21,4.1,57,0,5,13,14,1.83,1,1,0,0.00,+0.73,0.7,1.3,-0.6,-0.40,-0.15,0,3,0,0,0,5,4,40.0
292,Owen Géne,fr FRA,MF,Minnesota Utd,22-203,2003,21,5,629,7.0,0,0,0,0,0,0,0,0,0.2,0.2,0.0,0.2,4,22,16,0.00,0.00,0.00,0.00,0.00,0.03,0.01,0.03,0.03,0.03,Matches,4,1,25.0,0.57,0.14,0.00,0.00,21.4,0,0.05,-0.2,-0.2,242,280,86.4,3539,1135,141,163,86.5,89,98,90.8,8,9,88.9,0.2,0.0,2,21,3,0,276,4,1,0,2,0,0,0,0,0,0,3,5,0.71,5,0,0,0,0,1,0.14,1,0,0,0,0,9,6,4,5,0,5,45.5,6,9,11,20,10,0,351,20,6,7,70.0,3,30.0,165,0,6,12,210,30,21.2,66,0,16,19,4,1.95,13,12,+1,+0.14,-0.51,12.7,12.3,+0.4,+0.06,+0.03,0,12,0,0,0,38,8,44.4
,Owen Presthus,,,,,,,,,,,,,,,,,,,,,,,,,,,,,,,,,,,,,,,,,,,,,,,,,,,,,,,,,,,,,,,,,,,,,,,,,,,,,,,,,,,,,,,,,,,,,,,,,,,,,,,,,,,,,,,,,,,,,,,,,,0,0,,3,,,,,,,,,,,,,,,,,,,
851,Owen Wolff,us USA,"MF,FW",Austin,20-282,2004,32,29,2450,27.2,5,7,12,5,0,0,5,0,3.0,3.0,5.8,8.8,70,122,144,0.18,0.26,0.44,0.18,0.44,0.11,0.21,0.32,0.11,0.32,Matches,28,7,25.0,1.03,0.26,0.18,0.71,18.4,1,0.11,+2.0,+2.0,912,1142,79.9,14957,4515,469,508,92.3,330,388,85.1,81,157,51.6,5.6,+1.2,61,80,42,12,968,166,8,3,143,15,94,43,33,1,8,30,103,3.79,59,31,3,5,2,13,0.48,7,5,0,0,0,44,24,14,22,8,19,52.8,17,31,27,71,26,1,1421,35,50,36,47.4,37,48.7,777,11,58,37,951,77,85.1,82,11,3,24,0,1.38,30,33,-3,-0.11,+0.94,33.3,34.7,-1.4,-0.05,+0.83,0,45,0,0,0,124,7,25.0
578,Pablo Ortiz,co COL,DF,Houston Dynamo,25-122,2000,20,16,1393,15.5,1,0,1,1,0,0,6,0,0.3,0.3,0.1,0.3,1,23,1,0.06,0.00,0.06,0.06,0.06,0.02,0.01,0.02,0.02,0.02,Matches,4,2,50.0,0.26,0.13,0.25,0.50,8.1,0,0.06,+0.7,+0.7,745,831,89.7,12023,4581,373,386,96.6,336,360,93.3,27,69,39.1,0.3,-0.1,1,23,0,0,763,67,0,0,0,2,0,0,0,0,1,3,3,0.19,2,0,0,1,0,1,0.06,0,0,0,1,0,16,13,9,7,0,6,46.2,7,8,14,30,64,0,965,144,9,2,66.7,1,33.3,555,0,7,5,631,70,46.9,80,12,4,27,1,1.15,21,30,-9,-0.58,-0.35,25.6,23.3,+2.3,+0.15,+0.57,0,18,1,1,0,58,15,55.6
684,Pablo Ruíz,ar ARG,MF,Real Salt Lake,26-292,1998,20,13,1138,12.6,0,1,1,0,0,0,4,0,0.8,0.8,2.7,3.5,12,82,22,0.00,0.08,0.08,0.00,0.08,0.06,0.21,0.27,0.06,0.27,Matches,18,8,44.4,1.42,0.63,0.00,0.00,28.1,1,0.04,-0.8,-0.8,609,758,80.3,12100,4322,250,276,90.6,243,281,86.5,102,165,61.8,2.1,-1.7,29,84,13,1,691,63,6,11,53,2,43,19,13,0,4,10,57,4.51,36,15,1,0,3,2,0.16,2,0,0,0,0,29,18,11,13,5,11,26.2,31,11,6,35,11,2,874,24,6,9,52.9,8,47.1,521,2,10,15,628,57,39.5,76,4,7,21,6,1.05,12,14,-2,-0.16,+0.26,15.6,20.2,-4.6,-0.36,-0.05,0,22,0,0,0,67,4,36.4
735,Pablo Sisniega,mx MEX,GK,San Diego FC,30-093,1995,4,4,360,4.0,0,0,0,0,0,0,0,0,0.0,0.0,0.0,0.0,0,0,0,0.00,0.00,0.00,0.00,0.00,0.00,0.00,0.00,0.00,0.00,Matches,0,0,,0.00,0.00,,,,0,,0.0,0.0,126,137,92.0,2183,1412,55,55,100.0,66,66,100.0,5,16,31.3,0.0,0.0,0,0,0,0,117,20,0,0,0,0,0,0,0,0,0,0,0,0.00,0,0,0,0,0,0,0.00,0,0,0,0,0,1,0,1,0,0,1,25.0,3,0,0,1,1,1,147,119,0,0,,0,,83,0,0,0,78,90,12.1,90,4,0,,26,1.75,4,3,+1,+0.25,-0.37,4.1,5.2,-1.1,-0.27,-0.51,0,0,0,0,0,12,1,100.0
490,Paddy McNair,nir NIR,DF,San Diego FC,30-164,1995,23,21,1708,19.0,0,0,0,0,0,0,0,0,0.7,0.7,0.6,1.3,6,62,2,0.00,0.00,0.00,0.00,0.00,0.03,0.03,0.07,0.03,0.07,Matches,10,5,50.0,0.53,0.26,0.00,0.00,19.5,2,0.07,-0.7,-0.7,1499,1607,93.3,28119,10445,569,582,97.8,744,771,96.5,166,223,74.4,1.1,-0.6,5,86,4,1,1512,93,2,10,2,10,0,0,0,0,2,6,20,1.05,19,0,0,0,0,2,0.11,1,0,0,0,0,18,8,14,4,0,12,70.6,5,6,7,25,83,2,1772,273,13,0,0.0,2,100.0,1122,1,13,1,1341,74,57.5,81,15,2,1,3,1.87,33,22,+11,+0.58,+0.01,30.5,23.6,+6.8,+0.36,+0.43,0,5,0,0,0,99,29,63.0
15,Patrick Agyemang,us USA,FW,Charlotte,24-335,2000,16,15,1224,13.6,6,1,7,5,1,1,3,0,5.3,4.6,2.5,7.0,29,19,82,0.44,0.07,0.51,0.37,0.44,0.39,0.18,0.57,0.33,0.52,Matches,34,16,47.1,2.50,1.18,0.15,0.31,14.9,0,0.13,+0.7,+0.4,162,211,76.8,2162,352,94,118,79.7,47,63,74.6,5,6,83.3,1.4,-1.5,19,10,6,0,182,29,1,0,1,0,0,0,0,0,0,5,39,2.87,26,0,3,9,0,5,0.37,1,0,1,3,0,6,4,1,5,0,2,40.0,3,5,2,8,15,0,369,16,78,14,36.8,19,50.0,242,23,39,22,279,77,41.2,79,2,1,45,0,1.38,19,21,-2,-0.15,-0.61,19.1,19.8,-0.7,-0.05,+0.06,0,25,1,0,0,22,19,47.5
714,Patrick Schulte,us USA,GK,Columbus Crew,24-209,2001,24,24,2160,24.0,0,0,0,0,0,0,3,0,0.0,0.0,0.7,0.7,0,5,0,0.00,0.00,0.00,0.00,0.00,0.00,0.03,0.03,0.00,0.03,Matches,0,0,,0.00,0.00,,,,0,,0.0,0.0,726,904,80.3,14948,10799,283,285,99.3,313,324,96.6,124,282,44.0,0.1,-0.7,4,11,1,0,728,171,0,0,0,0,0,0,0,0,5,1,6,0.25,6,0,0,0,0,1,0.04,1,0,0,0,0,0,0,0,0,0,0,0.0,1,0,0,0,20,6,951,656,0,0,,0,,557,0,0,0,465,90,72.7,90,24,0,,1,1.63,40,35,+5,+0.21,+0.54,39.5,33.0,+6.5,+0.27,+0.46,0,0,0,0,0,61,3,100.0
858,Patrick Yazbek,au AUS,MF,Nashville SC,23-186,2002,31,23,2031,22.6,1,0,1,1,0,0,6,0,1.1,1.1,0.7,1.8,24,83,37,0.04,0.00,0.04,0.04,0.04,0.05,0.03,0.08,0.05,0.08,Matches,11,3,27.3,0.49,0.13,0.09,0.33,21.0,0,0.10,-0.1,-0.1,1097,1233,89.0,18784,4777,495,534,92.7,491,531,92.5,95,131,72.5,0.7,-0.7,14,87,9,1,1211,22,1,5,12,9,0,0,0,0,0,14,36,1.60,33,1,1,0,1,6,0.27,5,1,0,0,0,39,21,19,16,4,21,42.0,29,19,21,60,24,1,1426,46,19,18,62.1,11,37.9,807,7,17,12,1066,66,68.4,81,7,8,21,1,1.61,42,32,+10,+0.44,-0.13,43.8,24.6,+19.2,+0.85,+0.85,0,37,0,1,0,84,8,50.0
198,Patrickson Delgado,ec ECU,"MF,FW",FC Dallas,21-356,2003,28,20,1631,18.1,1,5,6,1,0,0,3,0,2.0,2.0,2.8,4.7,34,70,67,0.06,0.28,0.33,0.06,0.33,0.11,0.15,0.26,0.11,0.26,Matches,24,4,16.7,1.32,0.22,0.04,0.25,22.9,1,0.08,-1.0,-1.0,630,806,78.2,9996,3251,336,384,87.5,193,227,85.0,63,125,50.4,2.6,+2.2,26,64,19,9,724,73,1,10,62,7,32,16,13,0,9,17,48,2.65,35,6,0,2,1,7,0.39,6,0,0,0,0,37,27,11,21,5,19,59.4,13,29,16,53,27,2,1011,41,22,12,52.2,9,39.1,497,2,31,20,665,58,56.6,74,6,8,20,4,1.29,30,32,-2,-0.11,-0.04,29.6,28.8,+0.8,+0.04,+0.17,0,17,0,1,0,76,11,26.8
42,Paul Arriola,us USA,"FW,DF",Seattle Sounders,30-245,1995,2,0,75,0.8,0,0,0,0,0,0,0,0,0.0,0.0,0.0,0.0,2,2,17,0.00,0.00,0.00,0.00,0.00,0.06,0.00,0.06,0.06,0.06,Matches,1,0,0.0,1.20,0.00,0.00,,12.5,0,0.05,0.0,0.0,29,41,70.7,468,104,15,17,88.2,12,16,75.0,2,5,40.0,0.2,0.0,0,1,1,1,39,2,0,0,5,2,0,0,0,0,0,2,1,1.20,1,0,0,0,0,0,0.00,0,0,0,0,0,0,0,0,0,0,0,0.0,1,1,0,0,0,0,45,0,5,1,100.0,0,0.0,32,0,0,2,38,38,2.6,,0,2,38,1,0.50,0,2,-2,-2.40,-2.72,0.5,0.6,-0.1,-0.10,-0.52,0,4,0,0,0,4,0,0.0
470,Paul Marie,fr FRA,"FW,MF",SJ Earthquakes,30-198,1995,2,1,103,1.1,0,0,0,0,0,0,0,0,0.8,0.8,0.1,0.8,2,1,6,0.00,0.00,0.00,0.00,0.00,0.66,0.05,0.71,0.66,0.71,Matches,4,1,25.0,3.50,0.87,0.00,0.00,16.5,0,0.19,-0.8,-0.8,24,37,64.9,397,180,12,15,80.0,8,10,80.0,3,8,37.5,0.1,-0.1,1,1,0,0,28,9,0,0,6,2,2,1,1,0,0,2,7,6.12,2,1,1,2,0,0,0.00,0,0,0,0,0,2,2,0,1,1,1,100.0,0,1,0,2,0,0,50,0,3,2,33.3,3,50.0,23,0,0,2,31,52,3.5,85,0,1,18,6,0.50,0,0,0,0.00,+0.13,2.1,1.1,+1.1,+0.94,+0.85,0,1,0,0,0,3,0,0.0
680,Paul Rothrock,us USA,"FW,MF",Seattle Sounders,26-272,1999,31,26,2006,22.3,3,5,8,3,0,0,4,0,3.9,3.9,5.5,9.5,74,32,243,0.13,0.22,0.36,0.13,0.36,0.18,0.25,0.43,0.18,0.43,Matches,33,10,30.3,1.48,0.45,0.09,0.30,14.8,0,0.12,-0.9,-0.9,559,744,75.1,8432,1571,309,361,85.6,206,264,78.0,30,61,49.2,4.7,-0.5,32,14,23,11,670,71,2,2,78,63,3,0,0,0,3,26,60,2.69,46,3,2,7,0,9,0.40,8,0,0,1,0,20,11,9,9,2,7,25.9,20,19,11,31,14,1,966,22,106,19,33.9,35,62.5,661,46,44,34,717,65,69.7,74,5,5,19,0,1.55,35,32,+3,+0.13,-0.38,35.4,28.4,+7.0,+0.31,-0.32,0,42,1,0,0,69,8,25.0
,Paul Walters,,,,,,,,,,,,,,,,,,,,,,,,,,,,,,,,,,,,,,,,,,,,,,,,,,,,,,,,,,,,,,,,,,,,,,,,,,,,,,,,,,,,,,,,,,,,,,,,,,,,,,,,,,,,,,,,,,,,,,,,,,0,0,,2,,,,,,,,,,,,,,,,,,,
117,Pavel Bucha,cz CZE,MF,FC Cincinnati,27-211,1998,32,31,2793,31.0,3,3,6,3,0,0,3,0,2.5,2.5,3.3,5.8,30,166,79,0.10,0.10,0.19,0.10,0.19,0.08,0.11,0.19,0.08,0.19,Matches,25,8,32.0,0.81,0.26,0.12,0.38,19.8,0,0.10,+0.5,+0.5,1325,1521,87.1,19946,5242,706,786,89.8,519,572,90.7,60,75,80.0,3.4,-0.3,53,133,31,2,1494,22,3,3,12,3,5,3,0,0,5,34,96,3.09,85,2,2,3,2,9,0.29,8,0,1,0,0,47,28,21,21,5,25,56.8,19,26,23,70,36,2,1798,56,51,25,51.0,24,49.0,1011,6,35,34,1254,87,94.0,89,28,1,33,0,1.94,48,34,+14,+0.45,+2.99,40.1,44.4,-4.4,-0.14,+1.61,0,31,0,0,0,199,8,38.1
1,Paxten Aaronson,us USA,MF,Colorado Rapids,22-043,2003,6,5,482,5.4,0,0,0,0,0,0,2,0,2.1,2.1,0.6,2.7,22,37,26,0.00,0.00,0.00,0.00,0.00,0.39,0.12,0.50,0.39,0.50,Matches,20,6,30.0,3.73,1.12,0.00,0.00,19.2,0,0.10,-2.1,-2.1,190,221,86.0,3068,864,88,97,90.7,86,92,93.5,9,22,40.9,0.9,-0.6,10,25,3,0,211,10,0,0,12,0,4,3,0,0,0,2,29,5.41,20,0,3,3,0,1,0.19,1,0,0,0,0,7,5,1,5,1,2,20.0,8,4,1,8,5,0,286,6,22,9,56.3,6,37.5,191,7,7,3,218,80,16.2,90,5,1,32,0,0.67,6,11,-5,-0.93,-0.68,10.4,9.2,+1.2,+0.23,+0.48,0,6,1,0,0,17,1,20.0
625,Paxton Pomykal,us USA,MF,FC Dallas,25-295,1999,3,0,31,0.3,0,0,0,0,0,0,0,0,0.0,0.0,0.1,0.1,1,3,1,0.00,0.00,0.00,0.00,0.00,0.00,0.40,0.40,0.00,0.40,Matches,0,0,,0.00,0.00,,,,0,,0.0,0.0,24,28,85.7,402,155,10,12,83.3,11,12,91.7,2,3,66.7,0.2,-0.1,1,3,1,1,27,1,0,0,1,1,0,0,0,0,0,0,2,5.81,2,0,0,0,0,0,0.00,0,0,0,0,0,1,1,0,1,0,0,,0,0,0,1,1,0,32,1,0,0,0.0,1,100.0,22,0,1,2,24,10,1.1,,0,3,10,0,1.33,0,1,-1,-2.90,-2.84,0.7,0.2,+0.5,+1.44,+1.48,0,1,0,0,0,4,1,100.0
601,Pedrinho,br BRA,"FW,MF",FC Dallas,22-173,2003,21,9,875,9.7,2,3,5,2,0,0,2,0,2.1,2.1,2.7,4.8,27,49,50,0.21,0.31,0.51,0.21,0.51,0.21,0.28,0.49,0.21,0.49,Matches,13,6,46.2,1.34,0.62,0.15,0.33,15.0,0,0.16,-0.1,-0.1,277,379,73.1,4375,1621,162,183,88.5,80,109,73.4,26,49,53.1,2.0,+0.3,13,26,18,2,343,32,8,4,27,3,18,4,10,0,4,9,33,3.39,22,5,3,1,0,5,0.51,5,0,0,0,0,18,14,8,8,2,4,25.0,12,7,4,22,6,0,489,16,36,23,53.5,17,39.5,267,7,23,20,341,42,30.4,67,2,12,23,7,1.10,17,18,-1,-0.10,-0.01,15.8,13.4,+2.4,+0.25,+0.40,0,9,0,0,0,48,3,21.4
,Pedro,,,,,,,,,,,,,,,,,,,,,,,,,,,,,,,,,,,,,,,,,,,,,,,,,,,,,,,,,,,,,,,,,,,,,,,,,,,,,,,,,,,,,,,,,,,,,,,,,,,,,,,,,,,,,,,,,,,,,,,,,,0,0,,2,,,,,,,,,,,,,,,,,,,
26,Pedro Amador,pt POR,DF,Atlanta Utd,26-294,1998,24,22,1898,21.1,1,0,1,1,0,0,4,0,0.5,0.5,1.8,2.3,36,82,114,0.05,0.00,0.05,0.05,0.05,0.03,0.08,0.11,0.03,0.11,Matches,14,4,28.6,0.66,0.19,0.07,0.25,25.7,0,0.04,+0.5,+0.5,918,1159,79.2,15431,5416,403,467,86.3,418,502,83.3,67,127,52.8,2.1,-1.8,16,70,25,7,994,160,0,6,67,148,0,0,0,0,5,19,32,1.52,32,0,0,0,0,1,0.05,1,0,0,0,0,30,12,16,11,3,18,56.3,14,22,17,47,57,0,1355,69,29,7,29.2,17,70.8,707,8,19,3,825,79,65.9,83,13,2,34,0,0.75,21,39,-18,-0.85,-0.58,26.1,30.5,-4.4,-0.21,-0.31,0,13,0,0,0,92,15,45.5
192,Pedro De la Vega,ar ARG,"FW,MF",Seattle Sounders,24-243,2001,24,13,1071,11.9,4,3,7,4,0,0,0,0,2.4,2.4,2.4,4.9,39,36,98,0.34,0.25,0.59,0.34,0.59,0.21,0.20,0.41,0.21,0.41,Matches,34,9,26.5,2.86,0.76,0.12,0.44,20.0,1,0.07,+1.6,+1.6,369,462,79.9,5355,991,205,230,89.1,128,158,81.0,15,34,44.1,1.9,+0.6,16,19,14,4,452,9,2,2,38,3,2,1,1,0,1,10,42,3.53,30,1,6,1,1,4,0.34,3,0,0,0,0,18,11,8,9,1,8,42.1,11,15,8,26,4,1,617,6,41,28,47.5,27,45.8,428,9,22,17,465,45,37.2,63,0,11,23,3,1.75,19,16,+3,+0.25,0.00,17.6,15.2,+2.4,+0.20,-0.33,0,16,0,0,0,66,8,57.1
283,Pedro Gallese,pe PER,GK,Orlando City,35-227,1990,30,30,2700,30.0,0,1,1,0,0,0,6,0,0.0,0.0,0.3,0.3,0,2,0,0.00,0.03,0.03,0.00,0.03,0.00,0.01,0.01,0.00,0.01,Matches,0,0,,0.00,0.00,,,,0,,0.0,0.0,538,726,74.1,14256,11405,137,137,100.0,194,195,99.5,184,370,49.7,0.0,+0.7,2,9,0,0,474,251,0,1,0,0,0,0,0,0,1,0,4,0.13,4,0,0,0,0,1,0.03,1,0,0,0,0,1,1,1,0,0,1,50.0,1,0,0,1,18,1,803,675,0,1,100.0,0,0.0,414,0,0,0,274,90,93.8,90,30,0,,0,1.63,55,43,+12,+0.40,-1.10,53.2,42.1,+11.1,+0.37,-0.31,0,1,0,0,0,51,4,100.0
745,Pedro Soma,us USA,"MF,FW",San Diego FC,19-100,2006,4,0,47,0.5,0,0,0,0,0,0,0,0,0.0,0.0,0.0,0.0,0,11,0,0.00,0.00,0.00,0.00,0.00,0.00,0.04,0.04,0.00,0.04,Matches,0,0,,0.00,0.00,,,,0,,0.0,0.0,40,45,88.9,720,307,22,24,91.7,12,14,85.7,6,6,100.0,0.0,0.0,1,13,1,1,44,1,0,0,1,0,0,0,0,0,0,0,1,1.91,1,0,0,0,0,0,0.00,0,0,0,0,0,1,0,0,1,0,1,100.0,0,0,1,2,1,0,53,3,1,0,0.0,2,100.0,27,0,1,1,37,12,1.6,,0,4,12,2,1.75,3,1,+2,+3.83,+3.31,1.0,0.9,+0.2,+0.35,+0.17,0,0,0,0,0,5,3,100.0
828,Pedro Vite,ec ECU,"MF,FW",Vancouver W'caps,23-213,2002,19,16,1395,15.5,4,2,6,4,0,0,1,0,2.0,2.0,3.9,5.9,29,124,80,0.26,0.13,0.39,0.26,0.39,0.13,0.25,0.38,0.13,0.38,Matches,30,13,43.3,1.94,0.84,0.13,0.31,22.1,4,0.07,+2.0,+2.0,687,864,79.5,12055,4159,320,347,92.2,258,307,84.0,80,143,55.9,4.7,-1.9,32,99,40,15,788,75,8,7,74,3,43,23,6,0,1,27,75,4.85,63,8,0,1,0,11,0.71,10,1,0,0,0,16,8,6,5,5,12,54.5,10,9,7,23,4,0,1011,10,31,17,45.9,18,48.6,630,2,30,16,746,73,48.4,83,10,3,25,0,1.84,28,21,+7,+0.45,-0.82,25.2,18.5,+6.7,+0.44,-0.58,0,12,0,0,0,81,2,25.0
602,Peglow,br BRA,"FW,MF",D.C. United,23-274,2002,23,21,1657,18.4,3,3,6,3,0,0,3,0,2.2,2.2,2.5,4.7,39,82,125,0.16,0.16,0.33,0.16,0.33,0.12,0.14,0.26,0.12,0.26,Matches,25,8,32.0,1.36,0.43,0.12,0.38,19.6,1,0.09,+0.8,+0.8,585,796,73.5,8744,2366,349,406,86.0,172,234,73.5,43,87,49.4,2.4,+0.5,24,51,23,3,731,60,5,8,54,13,25,17,7,0,5,27,53,2.88,37,7,6,2,0,6,0.33,3,0,2,1,0,47,32,20,20,7,15,39.5,23,21,13,60,14,0,1008,18,47,24,46.2,25,48.1,535,14,36,27,670,72,55.8,77,6,2,23,0,0.78,15,36,-21,-1.14,-0.11,17.8,26.9,-9.1,-0.49,-0.14,0,22,1,0,0,85,14,37.8
88,Pep Biel,es ESP,"MF,FW",Charlotte,29-033,1996,26,24,2006,22.3,10,11,21,10,0,0,4,0,6.6,6.6,10.8,17.4,39,106,126,0.45,0.49,0.94,0.45,0.94,0.29,0.48,0.78,0.29,0.78,Matches,55,23,41.8,2.47,1.03,0.18,0.43,17.0,4,0.12,+3.4,+3.4,553,752,73.5,9494,3004,268,321,83.5,206,252,81.7,64,129,49.6,6.6,+0.2,48,72,26,4,655,90,16,3,79,6,51,40,4,0,7,18,87,3.90,67,14,3,0,1,14,0.63,10,3,1,0,0,18,15,3,9,6,8,36.4,14,13,16,34,9,1,961,8,65,19,33.9,35,62.5,580,10,38,40,690,77,67.5,82,10,2,24,0,1.58,39,33,+6,+0.27,+0.18,36.9,32.0,+4.9,+0.22,+0.95,0,27,0,0,0,60,6,22.2
535,Petar Musa,hr CRO,FW,FC Dallas,27-218,1998,29,26,2205,24.5,18,6,24,16,2,3,6,0,15.3,12.9,4.4,17.3,21,96,140,0.73,0.24,0.98,0.65,0.90,0.62,0.18,0.80,0.53,0.71,Matches,70,30,42.9,2.86,1.22,0.23,0.53,14.5,0,0.18,+2.7,+3.1,488,735,66.4,7508,2399,282,388,72.7,136,196,69.4,42,80,52.5,3.9,+1.6,30,63,35,1,693,35,11,7,10,6,1,0,0,0,7,14,72,2.94,55,0,9,0,2,18,0.74,13,0,2,0,0,17,8,5,9,3,9,42.9,12,16,5,22,30,0,1004,34,136,20,43.5,25,54.3,469,13,52,28,736,76,76.6,83,15,3,19,0,1.28,42,38,+4,+0.16,+1.10,38.5,37.2,+1.3,+0.05,+0.36,0,40,0,0,0,75,68,56.2
,Peter Mangione,,,,,,,,,,,,,,,,,,,,,,,,,,,,,,,,,,,,,,,,,,,,,,,,,,,,,,,,,,,,,,,,,,,,,,,,,,,,,,,,,,,,,,,,,,,,,,,,,,,,,,,,,,,,,,,,,,,,,,,,,,0,0,,1,,,,,,,,,,,,,,,,,,,
,Peter Molinari,,,,,,,,,,,,,,,,,,,,,,,,,,,,,,,,,,,,,,,,,,,,,,,,,,,,,,,,,,,,,,,,,,,,,,,,,,,,,,,,,,,,,,,,,,,,,,,,,,,,,,,,,,,,,,,,,,,,,,,,,,0,0,,3,,,,,,,,,,,,,,,,,,,
755,Peter Stroud,us USA,MF,NY Red Bulls,23-168,2002,27,22,1720,19.1,0,3,3,0,0,0,6,0,0.6,0.6,2.2,2.8,16,100,35,0.00,0.16,0.16,0.00,0.16,0.03,0.11,0.14,0.03,0.14,Matches,16,1,6.3,0.84,0.05,0.00,0.00,23.3,0,0.04,-0.6,-0.6,833,986,84.5,12888,3492,444,489,90.8,325,364,89.3,42,82,51.2,1.9,+0.8,17,112,9,2,970,13,1,1,7,0,0,0,0,0,3,18,38,1.99,27,0,2,4,0,4,0.21,4,0,0,0,0,54,34,11,37,6,22,50.0,22,19,24,78,27,0,1177,24,14,7,38.9,8,44.4,579,2,19,13,802,64,57.9,74,4,5,20,4,1.33,22,23,-1,-0.05,-0.34,22.0,24.9,-2.9,-0.15,-0.12,0,26,0,0,0,97,11,37.9
506,Peyton Miller,us USA,DF,NE Revolution,17-334,2007,26,25,2071,23.0,2,2,4,2,0,0,3,1,2.4,2.4,2.3,4.7,44,58,159,0.09,0.09,0.17,0.09,0.17,0.10,0.10,0.21,0.10,0.21,Matches,21,9,42.9,0.91,0.39,0.10,0.22,12.7,0,0.11,-0.4,-0.4,757,977,77.5,12236,3087,385,441,87.3,302,373,81.0,49,111,44.1,2.3,-0.3,24,36,18,4,827,148,2,11,71,134,0,0,0,0,2,17,49,2.13,44,1,1,1,0,4,0.17,4,0,0,0,0,30,16,19,8,3,11,37.9,18,29,27,57,61,0,1215,71,68,9,31.0,16,55.2,649,12,34,11,738,80,69.7,82,14,1,24,0,1.15,32,35,-3,-0.13,+0.27,31.9,34.3,-2.4,-0.10,+0.38,1,23,0,0,0,96,22,50.0
633,Philip Quinton,us USA,DF,Real Salt Lake,25-326,1999,15,9,808,9.0,0,0,0,0,0,0,2,0,0.2,0.2,0.0,0.3,3,22,5,0.00,0.00,0.00,0.00,0.00,0.03,0.01,0.03,0.03,0.03,Matches,4,0,0.0,0.45,0.00,0.00,,10.4,0,0.06,-0.2,-0.2,463,516,89.7,8328,2563,187,196,95.4,222,237,93.7,45,67,67.2,0.1,0.0,2,23,1,1,483,30,0,4,2,13,0,0,0,0,3,3,9,1.00,8,0,0,0,0,0,0.00,0,0,0,0,0,8,5,1,7,0,3,42.9,4,4,7,15,61,1,624,83,8,5,71.4,2,28.6,356,0,4,1,413,54,28.1,80,5,6,15,15,1.13,10,14,-4,-0.45,-0.18,11.7,18.0,-6.3,-0.70,-0.51,0,5,0,0,0,44,8,42.1
871,Philip Zinckernagel,dk DEN,"FW,MF",Chicago Fire,30-296,1994,31,30,2426,27.0,14,12,26,14,0,0,6,0,6.3,6.3,7.6,13.8,101,88,206,0.52,0.45,0.96,0.52,0.96,0.23,0.28,0.51,0.23,0.51,Matches,70,28,40.0,2.60,1.04,0.20,0.50,21.2,9,0.09,+7.7,+7.7,676,990,68.3,10542,3499,370,451,82.0,208,288,72.2,65,161,40.4,7.1,+4.4,62,49,31,3,810,174,7,2,165,6,110,46,51,2,6,43,140,5.20,67,34,21,6,3,21,0.78,8,6,3,0,2,41,28,11,21,9,15,31.3,33,16,5,46,8,2,1307,17,123,63,48.5,62,47.7,788,44,62,52,903,78,81.7,79,9,1,45,0,1.58,55,46,+9,+0.33,+0.50,40.8,42.5,-1.7,-0.06,-0.33,0,52,0,0,0,104,4,23.5
,Pierce Holbrook,,,,,,,,,,,,,,,,,,,,,,,,,,,,,,,,,,,,,,,,,,,,,,,,,,,,,,,,,,,,,,,,,,,,,,,,,,,,,,,,,,,,,,,,,,,,,,,,,,,,,,,,,,,,,,,,,,,,,,,,,,0,0,,1,,,,,,,,,,,,,,,,,,,
396,Preston Judd,us USA,"FW,MF",SJ Earthquakes,26-133,1999,28,10,1028,11.4,6,2,8,6,0,0,5,0,5.6,5.6,2.5,8.2,24,12,72,0.53,0.18,0.70,0.53,0.70,0.49,0.22,0.71,0.49,0.71,Matches,36,16,44.4,3.15,1.40,0.17,0.38,11.7,0,0.16,+0.4,+0.4,108,187,57.8,1644,255,56,84,66.7,32,57,56.1,9,15,60.0,1.4,-0.5,12,4,4,1,158,29,0,1,11,0,0,0,0,0,0,9,27,2.36,16,0,2,4,2,4,0.35,2,0,0,1,0,6,5,1,2,3,3,60.0,2,11,2,8,4,0,319,6,71,10,52.6,9,47.4,164,11,36,12,225,37,34.6,75,3,18,15,4,1.00,22,27,-5,-0.44,-0.48,24.3,23.4,+1.0,+0.08,-0.06,0,21,1,0,0,19,31,54.4
,Prince Amponsah,,,,,,,,,,,,,,,,,,,,,,,,,,,,,,,,,,,,,,,,,,,,,,,,,,,,,,,,,,,,,,,,,,,,,,,,,,,,,,,,,,,,,,,,,,,,,,,,,,,,,,,,,,,,,,,,,,,,,,,,,,0,0,,2,,,,,,,,,,,,,,,,,,,
583,Prince Owusu,de GER,FW,CF Montréal,28-274,1997,33,31,2746,30.5,13,3,16,10,3,3,4,0,16.3,13.9,4.1,18.0,55,61,182,0.43,0.10,0.52,0.33,0.43,0.53,0.14,0.67,0.46,0.59,Matches,78,35,44.9,2.56,1.15,0.13,0.29,12.6,0,0.18,-3.3,-3.9,403,619,65.1,5416,1167,237,335,70.7,127,171,74.3,11,20,55.0,3.6,-1.1,40,22,25,0,576,38,5,1,10,4,0,0,0,0,5,36,69,2.26,51,0,5,5,2,10,0.33,6,0,2,1,0,24,15,4,13,7,5,33.3,10,7,4,28,36,0,986,43,162,30,52.6,23,40.4,580,32,105,60,753,83,92.5,87,21,2,30,0,0.85,33,49,-16,-0.52,+2.29,36.9,45.7,-8.7,-0.29,-0.40,0,66,1,0,0,83,63,44.7
762,Quinn Sullivan,us USA,"MF,FW",Philadelphia Union,21-195,2004,28,24,1955,21.7,2,7,9,2,0,1,3,0,3.8,3.0,6.0,9.0,83,94,169,0.09,0.32,0.41,0.09,0.41,0.18,0.28,0.45,0.14,0.42,Matches,56,17,30.4,2.58,0.78,0.04,0.12,21.9,5,0.05,-1.8,-1.0,579,866,66.9,8671,2732,326,393,83.0,183,269,68.0,36,112,32.1,5.3,+1.0,44,56,35,10,793,63,3,6,115,19,26,12,8,0,10,24,99,4.56,80,6,3,1,1,12,0.55,10,0,0,0,0,35,28,7,18,10,15,48.4,16,25,7,42,18,0,1130,13,101,32,48.5,32,48.5,647,32,55,30,771,70,65.8,78,8,4,20,0,2.04,37,25,+12,+0.55,-0.51,38.8,27.4,+11.4,+0.52,-0.02,0,19,0,0,0,94,14,45.2
129,Rafael Cabral,br BRA,GK,Real Salt Lake,35-141,1990,32,32,2880,32.0,0,0,0,0,0,0,3,0,0.0,0.0,0.0,0.0,0,1,0,0.00,0.00,0.00,0.00,0.00,0.00,0.00,0.00,0.00,0.00,Matches,0,0,,0.00,0.00,,,,0,,0.0,0.0,1143,1364,83.8,26838,16623,289,291,99.3,581,592,98.1,269,476,56.5,0.1,0.0,0,17,0,0,1084,280,1,6,0,0,0,0,0,0,0,1,9,0.28,7,2,0,0,0,0,0.00,0,0,0,0,0,1,1,1,0,0,1,50.0,1,0,0,1,14,1,1442,923,0,1,100.0,0,0.0,903,0,0,0,833,90,100.0,90,32,0,,0,1.25,36,46,-10,-0.31,,40.3,51.0,-10.7,-0.33,,0,1,0,1,0,65,4,57.1
526,Rafael Mosquera,pa PAN,MF,NY Red Bulls,20-137,2005,1,0,9,0.1,0,0,0,0,0,0,0,0,0.0,0.0,0.1,0.1,0,0,2,0.00,0.00,0.00,0.00,0.00,0.00,0.96,0.96,0.00,0.96,Matches,0,0,,0.00,0.00,,,,0,,0.0,0.0,3,3,100.0,40,0,2,2,100.0,1,1,100.0,0,0,,0.0,-0.1,1,0,0,0,1,2,0,0,0,2,0,0,0,0,0,0,0,0.00,0,0,0,0,0,0,0.00,0,0,0,0,0,1,0,1,0,0,1,100.0,0,1,0,1,0,0,9,0,2,0,0.0,2,100.0,4,1,1,0,4,9,0.3,,0,1,9,1,0.00,0,0,0,0.00,-0.09,0.1,0.5,-0.4,-3.81,-3.72,0,0,0,0,0,0,0,
543,Rafael Navarro,br BRA,FW,Colorado Rapids,25-177,2000,30,29,2571,28.6,12,3,15,10,2,4,2,0,13.4,10.3,5.5,15.8,37,63,163,0.42,0.11,0.53,0.35,0.46,0.47,0.19,0.66,0.36,0.55,Matches,79,28,35.4,2.77,0.98,0.13,0.36,15.1,0,0.13,-1.4,-0.3,410,634,64.7,5741,1453,229,308,74.4,124,179,69.3,21,40,52.5,5.3,-2.5,32,34,25,3,602,26,13,4,18,0,1,0,0,0,6,27,91,3.18,55,0,7,15,2,16,0.56,8,0,0,7,0,45,30,13,21,11,8,26.7,22,29,12,57,24,0,1041,27,135,27,39.7,31,45.6,554,15,98,47,687,86,86.6,88,25,1,26,0,1.13,39,50,-11,-0.39,-0.16,45.4,47.8,-2.5,-0.09,+0.68,0,46,5,0,1,90,58,40.0
707,Rafael Santos,br BRA,"DF,FW",Colorado Rapids,27-245,1998,6,5,369,4.1,1,2,3,1,0,0,0,0,0.2,0.2,1.2,1.4,6,17,30,0.24,0.49,0.73,0.24,0.73,0.05,0.29,0.34,0.05,0.34,Matches,5,1,20.0,1.22,0.24,0.20,1.00,26.0,2,0.04,+0.8,+0.8,177,246,72.0,3077,1030,83,94,88.3,72,85,84.7,17,52,32.7,0.9,+0.8,10,11,5,3,188,56,1,2,37,36,9,8,0,0,2,8,14,3.41,9,5,0,0,0,3,0.73,2,1,0,0,0,3,1,1,1,1,3,75.0,1,2,5,8,15,0,284,13,3,0,,0,,139,0,6,0,165,62,12.4,72,0,1,11,1,0.67,5,7,-2,-0.49,-0.14,7.9,7.4,+0.6,+0.14,+0.36,0,2,0,0,0,13,3,37.5
708,Rafael Santos,br BRA,DF,Orlando City,27-245,1998,17,6,677,7.5,0,0,0,0,0,0,3,1,0.2,0.2,1.1,1.3,12,39,52,0.00,0.00,0.00,0.00,0.00,0.03,0.14,0.17,0.03,0.17,Matches,5,1,20.0,1.22,0.24,0.20,1.00,26.0,2,0.04,+0.8,+0.8,177,246,72.0,3077,1030,83,94,88.3,72,85,84.7,17,52,32.7,0.9,+0.8,10,11,5,3,188,56,1,2,37,36,9,8,0,0,2,8,14,3.41,9,5,0,0,0,3,0.73,2,1,0,0,0,3,1,1,1,1,3,75.0,1,2,5,8,15,0,284,13,3,0,,0,,139,0,6,0,165,62,12.4,72,0,1,11,1,0.67,5,7,-2,-0.49,-0.14,7.9,7.4,+0.6,+0.14,+0.36,0,2,0,0,0,13,3,37.5
231,Raheem Edwards,ca CAN,DF,NY Red Bulls,30-085,1995,23,14,1369,15.2,0,0,0,0,0,0,5,1,0.7,0.7,0.9,1.6,32,75,97,0.00,0.00,0.00,0.00,0.00,0.05,0.06,0.11,0.05,0.11,Matches,11,4,36.4,0.72,0.26,0.00,0.00,21.0,1,0.07,-0.7,-0.7,617,821,75.2,10659,4237,287,330,87.0,260,334,77.8,59,119,49.6,1.4,-0.9,15,55,18,2,662,156,2,6,49,110,25,24,0,0,3,18,39,2.56,26,11,1,1,0,4,0.26,3,0,0,1,0,48,35,24,18,6,20,40.8,29,24,22,70,35,1,1028,49,20,25,51.0,22,44.9,487,4,19,27,571,60,46.1,84,9,9,22,5,1.33,23,26,-3,-0.20,-0.53,24.0,23.1,+0.9,+0.06,+0.30,0,26,1,0,0,93,16,59.3
629,Ralph Priso-Mbongue,ca CAN,"MF,DF",Vancouver W'caps,23-067,2002,26,13,1220,13.6,0,2,2,0,0,0,5,0,0.8,0.8,1.1,1.9,12,80,6,0.00,0.15,0.15,0.00,0.15,0.06,0.08,0.14,0.06,0.14,Matches,3,1,33.3,0.22,0.07,0.00,0.00,13.8,0,0.28,-0.8,-0.8,647,709,91.3,11286,3229,276,290,95.2,301,313,96.2,51,75,68.0,0.9,+0.9,9,80,5,0,688,20,4,5,3,1,3,2,0,0,1,6,26,1.91,22,0,0,2,2,4,0.29,4,0,0,0,0,22,12,8,10,4,7,41.2,10,9,12,34,30,1,820,45,3,9,81.8,2,18.2,478,0,9,10,574,47,42.4,71,3,13,23,4,1.96,26,19,+7,+0.52,-0.62,22.2,18.4,+3.9,+0.28,-0.79,0,33,0,0,0,82,6,37.5
81,Ramiro Benetti,br BRA,"MF,DF",FC Dallas,32-139,1993,28,26,2214,24.6,0,2,2,0,0,0,8,0,0.2,0.2,2.1,2.3,13,131,28,0.00,0.08,0.08,0.00,0.08,0.01,0.09,0.09,0.01,0.09,Matches,6,3,50.0,0.24,0.12,0.00,0.00,28.6,0,0.03,-0.2,-0.2,1037,1279,81.1,15991,6271,551,622,88.6,381,453,84.1,66,120,55.0,2.8,-0.1,20,109,19,5,1182,89,3,5,16,36,0,0,0,0,8,22,49,1.99,43,2,0,2,0,9,0.37,8,1,0,0,0,52,26,19,26,7,20,37.7,33,30,40,92,60,1,1526,87,13,7,70.0,3,30.0,653,0,25,10,936,79,76.9,84,15,2,21,0,1.32,36,36,0,0.00,+0.41,33.1,33.6,-0.5,-0.02,+0.04,0,39,0,1,1,109,14,31.1
240,Ramiro Enrique,ar ARG,FW,Orlando City,24-157,2001,24,8,942,10.5,8,0,8,8,0,0,2,0,7.4,7.4,0.2,7.6,13,13,49,0.76,0.00,0.76,0.76,0.76,0.71,0.02,0.73,0.71,0.73,Matches,30,16,53.3,2.87,1.53,0.27,0.50,12.3,0,0.25,+0.6,+0.6,171,230,74.3,2280,281,108,134,80.6,45,57,78.9,6,10,60.0,0.6,-0.2,6,9,3,0,205,23,0,2,4,1,0,0,0,0,2,7,20,1.91,13,0,2,0,1,3,0.29,2,0,1,0,0,8,6,1,6,1,3,42.9,4,5,3,11,15,0,353,15,54,7,29.2,15,62.5,173,5,31,11,247,39,32.7,82,3,16,18,3,1.54,24,21,+3,+0.29,-0.27,19.1,12.6,+6.5,+0.62,+0.34,0,15,0,0,0,20,35,56.5
432,Randall Leal,cr CRC,"MF,FW",D.C. United,28-267,1997,15,4,523,5.8,0,1,1,0,0,0,0,0,0.6,0.6,1.0,1.6,5,45,24,0.00,0.17,0.17,0.00,0.17,0.10,0.18,0.27,0.10,0.27,Matches,14,5,35.7,2.41,0.86,0.00,0.00,26.1,0,0.04,-0.6,-0.6,230,306,75.2,3965,1472,111,125,88.8,94,118,79.7,21,42,50.0,1.0,0.0,10,26,13,1,273,31,2,5,26,4,15,3,9,3,2,15,22,3.79,14,4,2,1,1,1,0.17,1,0,0,0,0,8,6,5,1,2,7,50.0,7,4,4,12,5,0,367,5,6,5,41.7,6,50.0,235,0,7,10,270,35,17.6,61,0,11,25,5,0.33,5,13,-8,-1.38,-0.35,6.9,9.7,-2.8,-0.49,-0.07,0,8,0,0,0,27,3,42.9
822,Ranko Veselinović,rs SRB,DF,Vancouver W'caps,26-198,1999,21,20,1755,19.5,0,0,0,0,0,0,1,0,1.3,1.3,0.2,1.5,7,41,6,0.00,0.00,0.00,0.00,0.00,0.07,0.01,0.07,0.07,0.07,Matches,14,4,28.6,0.72,0.21,0.00,0.00,10.0,0,0.09,-1.3,-1.3,1052,1112,94.6,20561,5943,297,316,94.0,667,672,99.3,82,113,72.6,0.3,-0.2,4,63,0,0,1068,44,0,9,0,1,0,0,0,0,0,0,18,0.92,14,0,0,1,0,1,0.05,0,0,0,0,0,16,7,10,5,1,7,70.0,3,2,20,36,95,2,1285,174,27,1,33.3,2,66.7,856,1,2,1,954,84,60.9,87,18,1,18,2,1.71,33,19,+14,+0.72,-0.40,28.9,18.9,+10.0,+0.51,-0.57,0,9,0,1,0,62,33,55.0
612,Raoul Petretta,it ITA,DF,Toronto FC,28-198,1997,23,21,1725,19.2,0,0,0,0,0,0,6,0,0.2,0.2,0.9,1.1,23,57,38,0.00,0.00,0.00,0.00,0.00,0.01,0.05,0.06,0.01,0.06,Matches,5,0,0.0,0.26,0.00,0.00,,18.7,0,0.04,-0.2,-0.2,693,856,81.0,11689,4239,319,346,92.2,306,378,81.0,52,93,55.9,0.9,-0.9,10,58,7,1,698,156,1,4,12,125,0,0,0,0,2,18,23,1.20,17,3,1,1,1,1,0.05,0,0,0,1,0,38,29,22,15,1,25,62.5,15,20,20,58,77,0,1062,71,20,6,40.0,7,46.7,522,4,18,8,574,75,59.9,79,15,2,28,1,1.04,17,19,-2,-0.10,+0.29,19.7,25.5,-5.8,-0.30,+0.27,0,19,0,0,0,94,15,45.5
21,Rasmus Alm,se SWE,DF,St. Louis,30-052,1995,1,0,8,0.1,0,0,0,0,0,0,0,0,0.0,0.0,0.0,0.0,0,0,0,0.00,0.00,0.00,0.00,0.00,0.59,0.00,0.59,0.59,0.59,Matches,1,0,0.0,11.25,0.00,0.00,,24.7,0,0.05,0.0,0.0,2,4,50.0,50,0,1,3,33.3,0,0,,1,1,100.0,0.0,0.0,0,0,0,0,4,0,0,0,0,0,0,0,0,0,0,0,0,0.00,0,0,0,0,0,0,0.00,0,0,0,0,0,0,0,0,0,0,0,,0,0,0,0,0,0,5,0,0,0,,0,,4,0,0,0,4,8,0.3,,0,1,8,0,0.00,0,0,0,0.00,+0.43,0.1,0.0,+0.1,+1.08,+1.32,0,0,0,0,0,1,0,
319,Raul Gustavo,br BRA,DF,NYCFC,26-167,1999,4,4,359,4.0,0,1,1,0,0,0,0,0,0.1,0.1,0.1,0.2,6,11,4,0.00,0.25,0.25,0.00,0.25,0.01,0.03,0.05,0.01,0.05,Matches,3,0,0.0,0.75,0.00,0.00,,16.5,0,0.02,-0.1,-0.1,183,234,78.2,3433,1417,70,82,85.4,95,111,85.6,16,37,43.2,0.1,+0.9,3,11,2,2,198,36,0,5,2,25,0,0,0,0,0,4,8,2.01,5,0,1,1,0,2,0.50,1,0,0,0,0,10,8,9,1,0,7,77.8,2,3,4,14,27,0,291,33,4,2,33.3,4,66.7,164,2,5,2,174,90,12.1,90,3,0,,3,2.25,7,4,+3,+0.75,+0.61,6.9,4.2,+2.7,+0.68,+0.55,0,3,0,0,0,11,12,63.2
235,Rayan Elloumi,ca CAN,FW,Vancouver W'caps,18-021,2007,6,2,185,2.1,2,0,2,2,0,0,0,0,0.7,0.7,0.1,0.8,1,4,6,0.97,0.00,0.97,0.97,0.97,0.33,0.05,0.38,0.33,0.38,Matches,4,2,50.0,1.95,0.97,0.50,1.00,8.0,0,0.17,+1.3,+1.3,35,43,81.4,456,64,22,26,84.6,8,8,100.0,2,4,50.0,0.1,-0.1,2,1,1,0,42,1,0,0,1,0,0,0,0,0,0,1,3,1.46,3,0,0,0,0,0,0.00,0,0,0,0,0,4,3,1,2,1,0,0.0,2,1,0,4,2,0,66,3,6,1,25.0,3,75.0,34,0,6,4,48,31,6.4,65,0,4,14,1,1.83,4,1,+3,+1.46,+0.62,3.3,2.5,+0.8,+0.39,-0.37,0,5,0,0,0,1,3,75.0
56,Reed Baker-Whiting,us USA,DF,Seattle Sounders,20-191,2005,13,6,537,6.0,0,1,1,0,0,0,5,1,0.1,0.1,1.7,1.8,9,27,35,0.00,0.17,0.17,0.00,0.17,0.02,0.29,0.31,0.02,0.31,Matches,3,1,33.3,0.50,0.17,0.00,0.00,18.7,0,0.04,-0.1,-0.1,285,343,83.1,4517,1219,145,152,95.4,111,134,82.8,17,38,44.7,1.1,-0.7,9,20,11,7,303,40,1,1,20,37,0,0,0,0,0,6,12,2.01,11,0,0,1,0,1,0.17,1,0,0,0,0,16,6,7,5,4,10,55.6,8,10,8,24,28,0,440,27,7,3,33.3,5,55.6,238,2,13,5,267,41,18.6,76,1,7,11,7,1.62,15,8,+7,+1.17,+1.13,12.1,9.3,+2.8,+0.47,+0.07,1,16,0,1,0,28,6,60.0
136,Reggie Cannon,us USA,DF,Colorado Rapids,27-119,1998,27,27,2362,26.2,0,0,0,0,0,0,9,0,0.2,0.2,0.9,1.1,29,77,70,0.00,0.00,0.00,0.00,0.00,0.01,0.03,0.04,0.01,0.04,Matches,4,2,50.0,0.15,0.08,0.00,0.00,22.3,0,0.05,-0.2,-0.2,931,1165,79.9,15264,4787,431,478,90.2,422,505,83.6,57,128,44.5,1.7,-0.9,9,52,14,5,944,215,0,3,35,188,0,0,0,0,6,25,34,1.30,31,0,2,1,0,2,0.08,2,0,0,0,0,37,23,21,12,4,21,63.6,12,13,52,89,67,1,1397,79,24,12,44.4,13,48.1,672,5,15,9,755,87,79.5,87,23,0,,1,1.26,34,41,-7,-0.27,+0.47,35.7,44.9,-9.2,-0.35,-0.85,0,37,0,0,0,97,12,41.4
,Reid Fisher,,,,,,,,,,,,,,,,,,,,,,,,,,,,,,,,,,,,,,,,,,,,,,,,,,,,,,,,,,,,,,,,,,,,,,,,,,,,,,,,,,,,,,,,,,,,,,,,,,,,,,,,,,,,,,,,,,,,,,,,,,0,0,,3,,,,,,,,,,,,,,,,,,,
658,Reid Roberts,us USA,DF,SJ Earthquakes,21-303,2003,14,10,890,9.9,0,0,0,0,0,0,6,1,0.2,0.2,0.3,0.5,8,37,15,0.00,0.00,0.00,0.00,0.00,0.02,0.03,0.05,0.02,0.05,Matches,4,1,25.0,0.40,0.10,0.00,0.00,8.8,0,0.04,-0.2,-0.2,424,500,84.8,7431,2696,186,203,91.6,198,223,88.8,32,55,58.2,0.4,-0.3,5,32,2,0,469,30,0,2,5,21,0,0,0,0,1,7,11,1.11,11,0,0,0,0,0,0.00,0,0,0,0,0,21,15,12,8,1,13,72.2,5,7,18,39,47,1,622,46,13,7,70.0,3,30.0,339,1,8,4,380,64,30.0,81,6,4,21,10,0.93,12,17,-5,-0.51,-0.55,13.7,17.2,-3.5,-0.35,-0.68,1,19,0,0,0,63,16,61.5
,Richard Fleming,,,,,,,,,,,,,,,,,,,,,,,,,,,,,,,,,,,,,,,,,,,,,,,,,,,,,,,,,,,,,,,,,,,,,,,,,,,,,,,,,,,,,,,,,,,,,,,,,,,,,,,,,,,,,,,,,,,,,,,,,,0,0,,1,,,,,,,,,,,,,,,,,,,
429,Richie Laryea,ca CAN,"DF,MF",Toronto FC,30-274,1995,16,13,1161,12.9,1,1,2,1,0,0,3,0,0.4,0.4,1.0,1.5,34,36,44,0.08,0.08,0.16,0.08,0.16,0.03,0.08,0.11,0.03,0.11,Matches,7,1,14.3,0.54,0.08,0.14,1.00,18.3,0,0.06,+0.6,+0.6,387,465,83.2,6155,1929,191,205,93.2,164,200,82.0,21,38,55.3,1.0,0.0,2,40,4,0,405,60,0,0,4,47,0,0,0,0,0,10,12,0.93,7,0,2,2,0,2,0.16,1,0,0,1,0,24,14,13,9,2,10,62.5,6,12,18,42,17,0,601,27,25,9,40.9,10,45.5,357,13,21,16,379,73,40.3,85,12,3,20,0,0.81,12,16,-4,-0.31,-0.15,13.4,16.2,-2.8,-0.22,+0.33,0,19,1,0,0,47,3,37.5
872,Rida Zouhir,ca CAN,"MF,FW",D.C. United,21-319,2003,15,2,335,3.7,0,0,0,0,0,0,1,0,0.3,0.3,0.3,0.6,4,16,6,0.00,0.00,0.00,0.00,0.00,0.09,0.07,0.16,0.09,0.16,Matches,6,2,33.3,1.61,0.54,0.00,0.00,22.1,1,0.06,-0.3,-0.3,171,231,74.0,3105,756,83,98,84.7,61,73,83.6,24,42,57.1,0.4,-0.3,3,13,4,3,216,15,0,3,20,0,11,7,4,0,0,8,8,2.15,5,3,0,0,0,2,0.54,2,0,0,0,0,10,5,3,4,3,7,58.3,5,4,3,13,10,0,283,10,6,2,33.3,4,66.7,136,0,8,7,169,22,11.3,60,0,13,17,12,0.60,3,9,-6,-1.61,-0.59,5.7,7.3,-1.6,-0.42,+0.01,0,9,0,0,0,19,9,56.3
,Riley Thomas,,,,,,,,,,,,,,,,,,,,,,,,,,,,,,,,,,,,,,,,,,,,,,,,,,,,,,,,,,,,,,,,,,,,,,,,,,,,,,,,,,,,,,,,,,,,,,,,,,,,,,,,,,,,,,,,,,,,,,,,,,0,0,,13,,,,,,,,,,,,,,,,,,,
,Riyon Tori,,,,,,,,,,,,,,,,,,,,,,,,,,,,,,,,,,,,,,,,,,,,,,,,,,,,,,,,,,,,,,,,,,,,,,,,,,,,,,,,,,,,,,,,,,,,,,,,,,,,,,,,,,,,,,,,,,,,,,,,,,0,0,,1,,,,,,,,,,,,,,,,,,,
,Roald Mitchell,,,,,,,,,,,,,,,,,,,,,,,,,,,,,,,,,,,,,,,,,,,,,,,,,,,,,,,,,,,,,,,,,,,,,,,,,,,,,,,,,,,,,,,,,,,,,,,,,,,,,,,,,,,,,,,,,,,,,,,,,,0,0,,1,,,,,,,,,,,,,,,,,,,
359,Rob Holding,eng ENG,DF,Colorado Rapids,30-018,1995,5,5,436,4.8,0,0,0,0,0,0,1,0,0.1,0.1,0.0,0.1,4,24,3,0.00,0.00,0.00,0.00,0.00,0.03,0.00,0.03,0.03,0.03,Matches,2,1,50.0,0.41,0.21,0.00,0.00,17.6,0,0.07,-0.1,-0.1,296,333,88.9,5885,2267,102,107,95.3,146,161,90.7,43,57,75.4,0.2,0.0,0,20,1,0,323,10,0,8,1,1,0,0,0,0,0,1,3,0.62,2,0,0,0,0,0,0.00,0,0,0,0,0,7,5,3,4,0,2,22.2,7,0,6,13,25,1,384,43,4,2,66.7,1,33.3,227,0,3,0,274,87,14.7,87,4,0,,1,0.80,6,9,-3,-0.62,-0.30,9.6,7.9,+1.7,+0.35,+0.61,0,4,0,0,0,23,14,70.0
775,Robert Taylor,fi FIN,"FW,MF",Austin,30-352,1994,15,0,308,3.4,1,0,1,1,0,0,1,0,0.7,0.7,0.4,1.1,14,22,26,0.29,0.00,0.29,0.29,0.29,0.21,0.12,0.33,0.21,0.33,Matches,11,3,27.3,3.21,0.88,0.09,0.33,21.3,0,0.07,+0.3,+0.3,123,155,79.4,2091,588,65,76,85.5,41,46,89.1,14,23,60.9,0.5,-0.4,6,12,9,3,148,6,0,1,11,1,5,2,2,0,1,4,12,3.52,9,1,1,0,0,1,0.29,0,0,0,0,0,7,6,2,2,3,3,60.0,2,3,9,16,1,0,203,1,11,7,58.3,4,33.3,123,3,11,5,144,21,10.7,,0,15,21,2,1.20,6,8,-2,-0.58,-0.37,7.1,9.7,-2.6,-0.75,-0.65,0,4,0,1,0,18,1,25.0
776,Robert Taylor,fi FIN,"MF,FW",Inter Miami,30-352,1994,4,2,198,2.2,1,0,1,1,0,0,0,0,1.3,1.3,0.4,1.6,5,7,19,0.45,0.00,0.45,0.45,0.45,0.58,0.17,0.74,0.58,0.74,Matches,11,3,27.3,3.21,0.88,0.09,0.33,21.3,0,0.07,+0.3,+0.3,123,155,79.4,2091,588,65,76,85.5,41,46,89.1,14,23,60.9,0.5,-0.4,6,12,9,3,148,6,0,1,11,1,5,2,2,0,1,4,12,3.52,9,1,1,0,0,1,0.29,0,0,0,0,0,7,6,2,2,3,3,60.0,2,3,9,16,1,0,203,1,11,7,58.3,4,33.3,123,3,11,5,144,21,10.7,,0,15,21,2,1.20,6,8,-2,-0.58,-0.37,7.1,9.7,-2.6,-0.75,-0.65,0,4,0,1,0,18,1,25.0
829,Robert Voloder,ba BIH,DF,Sporting KC,24-152,2001,18,16,1490,16.6,0,0,0,0,0,0,1,0,0.0,0.0,0.0,0.0,13,59,2,0.00,0.00,0.00,0.00,0.00,0.00,0.00,0.00,0.00,0.00,Matches,1,1,100.0,0.06,0.06,0.00,0.00,25.0,0,0.02,0.0,0.0,840,949,88.5,16498,5599,276,294,93.9,457,485,94.2,100,147,68.0,0.2,0.0,0,55,1,0,922,26,1,5,1,4,0,0,0,0,1,5,5,0.30,4,0,0,1,0,0,0.00,0,0,0,0,0,24,17,18,5,1,11,61.1,7,6,30,54,93,0,1138,104,3,4,80.0,1,20.0,666,0,10,6,742,83,50.2,89,15,2,34,4,0.72,21,33,-12,-0.72,0.00,20.6,30.4,-9.8,-0.59,+0.56,0,10,0,0,0,87,16,61.5
384,Robin Jansson,se SWE,DF,Orlando City,33-327,1991,29,29,2596,28.8,1,0,1,1,0,0,6,0,1.8,1.8,0.2,2.0,0,47,3,0.03,0.00,0.03,0.03,0.03,0.06,0.01,0.07,0.06,0.07,Matches,7,4,57.1,0.24,0.14,0.14,0.25,13.4,0,0.26,-0.8,-0.8,1253,1416,88.5,23841,10663,471,490,96.1,642,679,94.6,131,224,58.5,0.3,-0.2,5,93,4,0,1351,62,1,4,2,1,0,0,0,0,3,10,23,0.80,22,0,0,0,0,3,0.10,2,0,0,0,0,25,17,19,6,0,18,64.3,10,12,24,49,136,1,1664,253,12,1,25.0,2,50.0,980,0,4,0,1155,90,90.1,90,27,0,,0,1.69,52,38,+14,+0.49,+0.17,52.0,41.1,+10.9,+0.38,-0.13,0,20,0,2,0,90,10,32.3
443,Robin Lod,fi FIN,MF,Minnesota Utd,32-174,1993,32,27,2377,26.4,5,3,8,4,1,1,4,0,3.4,2.6,4.6,7.2,22,101,93,0.19,0.11,0.30,0.15,0.27,0.13,0.17,0.30,0.10,0.27,Matches,28,13,46.4,1.06,0.49,0.14,0.31,17.1,0,0.09,+1.6,+1.4,858,1021,84.0,12759,4003,466,522,89.3,327,368,88.9,36,59,61.0,4.1,-1.6,28,82,21,2,986,31,6,0,15,5,3,2,1,0,4,18,71,2.69,57,0,7,3,1,10,0.38,6,0,2,0,0,57,32,30,21,6,27,52.9,24,18,23,80,26,1,1292,49,65,19,43.2,22,50.0,642,10,41,23,800,74,80.0,82,15,5,30,0,1.78,45,25,+20,+0.76,+1.06,35.7,33.2,+2.5,+0.10,+0.31,0,34,0,0,0,126,19,59.4
656,Rocco Ríos Novo,ar ARG,GK,Inter Miami,23-126,2002,8,5,610,6.8,0,0,0,0,0,0,0,0,0.0,0.0,0.0,0.0,0,0,0,0.00,0.00,0.00,0.00,0.00,0.00,0.00,0.00,0.00,0.00,Matches,0,0,,0.00,0.00,,,,0,,0.0,0.0,246,271,90.8,6132,3550,43,43,100.0,137,138,99.3,66,90,73.3,0.0,0.0,0,0,0,0,236,35,0,0,0,0,0,0,0,0,0,0,0,0.00,0,0,0,0,0,0,0.00,0,0,0,0,0,0,0,0,0,0,0,,0,0,0,0,2,0,278,234,0,0,,0,,194,0,0,0,188,76,21.2,90,5,3,53,20,2.13,15,7,+8,+1.18,+0.74,11.7,6.9,+4.8,+0.70,+0.26,0,0,0,0,0,11,1,100.0
193,Rodrigo De Paul,ar ARG,MF,Inter Miami,31-137,1994,10,8,800,8.9,0,3,3,0,0,0,1,0,0.8,0.8,1.1,1.9,27,80,35,0.00,0.34,0.34,0.00,0.34,0.09,0.13,0.21,0.09,0.21,Matches,9,0,0.0,1.01,0.00,0.00,,22.7,0,0.09,-0.8,-0.8,586,698,84.0,10830,2783,235,259,90.7,278,308,90.3,63,91,69.2,1.7,+1.9,17,72,17,4,640,53,5,10,29,9,22,7,5,0,5,16,39,4.39,30,6,0,2,0,5,0.56,2,2,0,1,0,11,6,2,6,3,7,53.8,6,2,3,14,2,1,755,12,16,9,50.0,7,38.9,520,3,10,8,602,80,27.8,90,8,2,40,0,1.70,22,18,+4,+0.45,-0.20,21.2,13.5,+7.7,+0.86,+0.50,0,17,1,0,0,50,1,100.0
,Rodrigo Neri,,,,,,,,,,,,,,,,,,,,,,,,,,,,,,,,,,,,,,,,,,,,,,,,,,,,,,,,,,,,,,,,,,,,,,,,,,,,,,,,,,,,,,,,,,,,,,,,,,,,,,,,,,,,,,,,,,,,,,,,,,0,0,,1,,,,,,,,,,,,,,,,,,,
711,Rodrigo Schlegel,ar ARG,DF,Orlando City,28-188,1997,29,29,2499,27.8,0,0,0,0,0,0,10,1,0.3,0.3,0.0,0.4,9,91,1,0.00,0.00,0.00,0.00,0.00,0.01,0.00,0.01,0.01,0.01,Matches,13,4,30.8,0.47,0.14,0.00,0.00,14.4,0,0.03,-0.3,-0.3,1367,1491,91.7,23447,9677,600,632,94.9,670,697,96.1,81,136,59.6,0.4,0.0,1,89,1,0,1349,140,0,1,1,14,0,0,0,0,2,4,19,0.68,16,0,0,0,0,2,0.07,2,0,0,0,0,41,22,28,13,0,26,65.0,14,18,28,69,171,2,1795,246,25,0,,0,,960,0,4,0,1171,86,86.8,86,22,0,,0,1.66,54,41,+13,+0.47,0.00,49.9,37.5,+12.3,+0.44,+0.41,1,31,0,1,0,73,31,50.8
661,Rodrigues,br BRA,DF,SJ Earthquakes,27-363,1997,20,17,1481,16.5,1,1,2,1,0,0,4,0,1.0,1.0,0.7,1.7,25,90,10,0.06,0.06,0.12,0.06,0.12,0.06,0.04,0.10,0.06,0.10,Matches,13,3,23.1,0.79,0.18,0.08,0.33,15.4,0,0.08,0.0,0.0,764,953,80.2,14297,6425,303,344,88.1,357,417,85.6,88,154,57.1,0.7,+0.3,6,95,8,1,872,80,7,8,10,41,0,0,0,0,1,13,26,1.58,20,0,1,2,1,3,0.18,3,0,0,0,0,48,26,29,14,5,31,55.4,25,15,37,85,72,0,1186,96,15,15,68.2,6,27.3,673,0,15,5,683,74,49.9,81,9,3,32,6,1.35,32,27,+5,+0.30,+0.85,28.7,27.2,+1.5,+0.09,-0.07,0,16,0,0,0,101,25,56.8
123,Roman Bürki,ch SUI,GK,St. Louis,34-328,1990,24,24,2160,24.0,0,0,0,0,0,0,1,0,0.0,0.0,0.0,0.0,1,8,0,0.00,0.00,0.00,0.00,0.00,0.00,0.00,0.00,0.00,0.00,Matches,0,0,,0.00,0.00,,,,0,,0.0,0.0,695,915,76.0,18732,13619,135,137,98.5,343,349,98.3,216,421,51.3,0.1,0.0,0,25,2,0,692,217,0,4,1,1,0,0,0,0,6,0,4,0.17,2,2,0,0,0,1,0.04,0,1,0,0,0,2,1,2,0,0,2,66.7,1,0,1,3,10,0,979,736,0,3,100.0,0,0.0,557,0,0,0,486,90,72.7,90,24,0,,0,1.08,36,42,-6,-0.25,+0.64,38.1,40.7,-2.5,-0.11,+0.47,0,0,0,0,0,40,4,80.0
149,Roman Celentano,us USA,GK,FC Cincinnati,25-024,2000,29,29,2610,29.0,0,0,0,0,0,0,1,0,0.0,0.0,0.0,0.0,0,0,0,0.00,0.00,0.00,0.00,0.00,0.00,0.00,0.00,0.00,0.00,Matches,0,0,,0.00,0.00,,,,0,,0.0,0.0,670,895,74.9,16709,11361,161,162,99.4,329,334,98.5,171,386,44.3,0.0,0.0,0,10,0,0,621,273,0,2,0,0,0,0,0,0,1,2,4,0.14,2,2,0,0,0,0,0.00,0,0,0,0,0,0,0,0,0,0,0,0.0,1,0,0,0,15,1,970,862,0,2,100.0,0,0.0,495,0,4,0,421,90,87.9,90,29,0,,0,1.79,42,36,+6,+0.21,-0.54,35.4,42.7,-7.3,-0.25,-0.13,0,0,0,0,0,47,9,90.0
418,Rominigue Kouamé,ml MLI,MF,Chicago Fire,28-295,1996,17,5,519,5.8,3,1,4,3,0,0,1,0,1.3,1.3,0.6,2.0,17,31,9,0.52,0.17,0.69,0.52,0.69,0.23,0.11,0.35,0.23,0.35,Matches,10,6,60.0,1.73,1.04,0.30,0.50,21.4,0,0.13,+1.7,+1.7,255,281,90.7,4401,1231,119,127,93.7,116,125,92.8,16,19,84.2,0.4,+0.4,4,26,3,0,274,5,1,2,2,0,0,0,0,0,2,3,13,2.25,10,0,2,0,0,4,0.69,3,0,1,0,0,6,3,3,3,0,3,100.0,0,3,7,13,8,0,337,13,7,6,42.9,7,50.0,214,3,3,10,258,31,17.5,54,0,12,21,1,1.88,16,9,+7,+1.21,+1.18,10.3,10.2,+0.1,+0.02,+0.03,0,10,0,0,0,23,2,50.0
210,Ronald Donkor,ml MLI,MF,NY Red Bulls,20-322,2004,20,8,867,9.6,0,2,2,0,0,0,5,0,0.2,0.2,1.0,1.2,17,89,30,0.00,0.21,0.21,0.00,0.21,0.02,0.11,0.12,0.02,0.12,Matches,5,1,20.0,0.52,0.10,0.00,0.00,27.9,0,0.03,-0.2,-0.2,559,634,88.2,9489,3236,265,286,92.7,241,265,90.9,42,57,73.7,1.4,+1.0,16,109,16,0,621,10,2,3,2,2,0,0,0,0,3,8,38,3.94,37,0,0,0,1,5,0.52,5,0,0,0,0,32,24,10,18,4,9,39.1,14,4,20,52,11,1,730,20,13,12,75.0,4,25.0,429,3,21,8,513,43,29.2,77,5,12,21,7,1.15,15,15,0,0.00,-0.13,16.8,17.1,-0.4,-0.04,+0.09,0,18,0,0,0,71,5,41.7
347,Ronald Hernández,ve VEN,DF,Atlanta Utd,28-017,1997,20,15,1226,13.6,1,1,2,1,0,0,3,0,0.5,0.5,1.6,2.0,24,46,74,0.07,0.07,0.15,0.07,0.15,0.03,0.11,0.15,0.03,0.15,Matches,6,2,33.3,0.44,0.15,0.17,0.50,13.6,0,0.08,+0.5,+0.5,620,776,79.9,9858,3286,339,373,90.9,226,272,83.1,45,94,47.9,2.0,-0.6,13,39,10,7,665,109,0,4,45,89,6,6,0,0,2,17,23,1.69,20,1,0,1,1,2,0.15,2,0,0,0,0,21,12,14,4,3,12,42.9,16,7,19,40,46,0,917,52,21,3,42.9,3,42.9,499,1,22,9,582,61,42.6,76,2,5,18,8,0.95,13,29,-16,-1.17,-0.90,15.3,20.2,-4.9,-0.36,-0.45,0,15,0,0,0,54,16,53.3
824,Ronaldo Vieira,eng ENG,MF,SJ Earthquakes,27-081,1998,6,5,450,5.0,0,0,0,0,0,0,4,0,0.5,0.5,0.1,0.6,8,27,10,0.00,0.00,0.00,0.00,0.00,0.10,0.03,0.13,0.10,0.13,Matches,8,2,25.0,1.60,0.40,0.00,0.00,20.8,0,0.06,-0.5,-0.5,217,244,88.9,4111,1119,86,93,92.5,102,111,91.9,25,30,83.3,0.2,-0.1,4,28,3,1,237,6,0,5,6,1,0,0,0,0,1,4,11,2.20,10,0,0,0,0,0,0.00,0,0,0,0,0,10,5,4,5,1,2,66.7,1,3,5,15,5,0,295,13,7,2,25.0,6,75.0,202,1,5,7,216,75,15.2,81,2,1,45,0,1.00,6,13,-7,-1.40,-1.51,7.6,9.9,-2.3,-0.46,-0.69,0,16,0,0,0,32,2,33.3
640,Rubén Ramos,us USA,"MF,FW",LA Galaxy,18-259,2007,6,1,130,1.4,0,0,0,0,0,0,0,0,0.7,0.7,0.0,0.7,2,5,5,0.00,0.00,0.00,0.00,0.00,0.49,0.01,0.51,0.49,0.51,Matches,7,3,42.9,4.85,2.08,0.00,0.00,17.1,0,0.10,-0.7,-0.7,38,43,88.4,518,138,19,22,86.4,14,14,100.0,1,2,50.0,0.0,0.0,1,2,0,0,43,0,0,0,1,0,0,0,0,0,0,1,1,0.69,1,0,0,0,0,0,0.00,0,0,0,0,0,0,0,0,0,0,0,,0,2,2,2,1,0,61,1,6,5,71.4,1,14.3,43,0,3,1,48,22,4.5,45,0,5,17,6,1.00,1,4,-3,-2.08,-1.46,1.9,3.2,-1.3,-0.90,-0.53,0,1,0,0,0,3,1,50.0
689,Rwan,br BRA,"FW,MF",Real Salt Lake,24-141,2001,8,7,523,5.8,0,1,1,0,0,1,3,0,2.6,1.8,0.6,2.5,14,18,42,0.00,0.17,0.17,0.00,0.17,0.45,0.11,0.56,0.31,0.42,Matches,22,8,36.4,3.79,1.38,0.00,0.00,18.1,0,0.08,-2.6,-1.8,118,162,72.8,1683,437,70,87,80.5,37,48,77.1,5,8,62.5,0.8,+0.4,7,11,3,1,156,4,0,0,11,1,0,0,0,0,2,10,19,3.27,14,1,0,0,0,2,0.34,2,0,0,0,0,5,2,1,3,1,1,16.7,5,5,3,8,1,0,253,4,45,8,40.0,8,40.0,148,6,19,3,181,65,18.2,71,1,1,27,0,1.13,7,10,-3,-0.52,-0.25,9.2,6.6,+2.6,+0.45,+0.95,0,10,0,0,0,13,8,44.4
288,Ryan Gauld,sct SCO,FW,Vancouver W'caps,29-296,1995,4,3,211,2.3,1,0,1,1,0,0,1,0,0.8,0.8,0.5,1.3,2,10,20,0.43,0.00,0.43,0.43,0.43,0.35,0.22,0.57,0.35,0.57,Matches,7,4,57.1,2.99,1.71,0.14,0.25,14.7,1,0.12,+0.2,+0.2,77,107,72.0,1302,397,38,43,88.4,28,39,71.8,8,18,44.4,0.7,-0.5,6,4,2,0,94,13,0,0,13,1,10,6,2,0,0,3,12,5.12,7,3,0,0,0,1,0.43,1,0,0,0,0,7,3,1,4,2,5,55.6,4,4,3,10,0,0,135,0,12,0,0.0,1,100.0,70,1,3,3,90,53,7.3,66,1,1,13,0,3.00,6,3,+3,+1.28,+0.44,5.2,1.5,+3.8,+1.61,+0.94,0,2,0,0,0,12,3,50.0
360,Ryan Hollingshead,us USA,"DF,MF",LAFC,34-175,1991,28,20,1931,21.5,2,3,5,2,0,0,5,0,3.7,3.7,2.8,6.6,67,126,129,0.09,0.14,0.23,0.09,0.23,0.17,0.13,0.31,0.17,0.31,Matches,19,8,42.1,0.89,0.37,0.11,0.25,10.5,0,0.20,-1.7,-1.7,1086,1273,85.3,16631,5095,580,646,89.8,430,497,86.5,53,78,67.9,2.3,+0.2,24,90,16,2,1140,130,4,4,21,116,0,0,0,0,3,19,55,2.56,45,1,1,3,3,6,0.28,3,0,1,1,0,43,27,30,8,5,25,62.5,15,15,29,72,69,0,1527,83,72,13,44.8,14,48.3,824,14,29,9,1014,69,69.2,85,12,8,28,1,1.89,40,24,+16,+0.75,-0.09,38.3,22.7,+15.6,+0.73,-0.06,0,21,1,2,0,87,46,58.2
409,Ryan Kent,eng ENG,"FW,MF",Seattle Sounders,28-331,1996,15,5,543,6.0,0,3,3,0,0,0,0,0,0.2,0.2,1.8,1.9,25,31,72,0.00,0.50,0.50,0.00,0.50,0.03,0.29,0.32,0.03,0.32,Matches,4,0,0.0,0.66,0.00,0.00,,18.3,0,0.04,-0.2,-0.2,247,303,81.5,3610,723,138,153,90.2,78,100,78.0,18,25,72.0,1.9,+1.2,13,11,14,3,296,6,2,2,19,4,1,0,0,0,1,6,27,4.47,22,0,5,0,0,5,0.83,5,0,0,0,0,10,4,5,4,1,6,50.0,6,7,6,16,2,0,379,6,30,13,38.2,20,58.8,294,19,11,9,293,36,18.9,68,0,10,20,1,1.73,10,8,+2,+0.33,+0.10,8.5,8.4,+0.1,+0.01,-0.49,0,6,0,0,0,35,2,33.3
627,Ryan Porteous,sct SCO,DF,LAFC,26-197,1999,7,6,552,6.1,0,0,0,0,0,0,1,0,0.1,0.1,0.0,0.1,5,15,3,0.00,0.00,0.00,0.00,0.00,0.01,0.00,0.02,0.01,0.02,Matches,2,0,0.0,0.33,0.00,0.00,,10.9,0,0.05,-0.1,-0.1,345,379,91.0,5793,2340,152,155,98.1,163,174,93.7,22,37,59.5,0.1,0.0,1,30,1,0,354,25,0,5,2,8,0,0,0,0,0,3,5,0.82,4,0,0,0,0,0,0.00,0,0,0,0,0,9,7,4,5,0,7,63.6,4,6,8,17,35,1,447,51,4,4,100.0,0,0.0,248,0,1,1,302,79,19.8,90,6,1,12,0,2.29,17,6,+11,+1.79,+1.27,13.1,6.7,+6.4,+1.04,+0.37,0,7,0,0,0,24,9,52.9
642,Ryan Raposo,ca CAN,"MF,FW",LAFC,26-217,1999,4,0,14,0.2,0,0,0,0,0,0,0,0,0.0,0.0,0.0,0.0,2,3,3,0.00,0.00,0.00,0.00,0.00,0.00,0.21,0.21,0.00,0.21,Matches,0,0,,0.00,0.00,,,,0,,0.0,0.0,18,20,90.0,275,79,12,12,100.0,4,4,100.0,2,4,50.0,0.0,0.0,1,0,1,1,19,1,0,0,1,0,1,0,0,0,0,0,1,6.43,1,0,0,0,0,0,0.00,0,0,0,0,0,1,1,1,0,0,0,0.0,1,1,0,1,0,0,22,0,0,0,,0,,14,0,0,1,16,4,0.5,,0,4,4,10,2.25,1,0,+1,+6.43,+5.68,0.5,0.7,-0.2,-1.20,-1.96,0,2,0,0,0,3,0,
693,Ryan Sailor,us USA,DF,Inter Miami,26-315,1998,4,1,84,0.9,0,0,0,0,0,0,0,0,0.1,0.1,0.0,0.1,1,5,0,0.00,0.00,0.00,0.00,0.00,0.09,0.00,0.09,0.09,0.09,Matches,2,0,0.0,2.14,0.00,0.00,,19.7,0,0.04,-0.1,-0.1,72,76,94.7,1606,424,13,13,100.0,51,54,94.4,8,9,88.9,0.0,0.0,0,5,0,0,76,0,0,0,0,0,0,0,0,0,0,0,1,1.07,1,0,0,0,0,0,0.00,0,0,0,0,0,1,0,0,1,0,0,,0,2,0,1,8,0,96,12,2,0,,0,,54,0,1,0,68,21,2.9,78,0,3,2,12,2.50,1,1,0,0.00,-0.61,0.6,1.1,-0.5,-0.54,-1.07,0,2,0,0,0,4,4,57.1
,Ryan Schewe,,,,,,,,,,,,,,,,,,,,,,,,,,,,,,,,,,,,,,,,,,,,,,,,,,,,,,,,,,,,,,,,,,,,,,,,,,,,,,,,,,,,,,,,,,,,,,,,,,,,,,,,,,,,,,,,,,,,,,,,,,0,0,,33,,,,,,,,,,,,,,,,,,,
442,Saba Lobzhanidze,ge GEO,"FW,DF",Atlanta Utd,30-294,1994,32,23,1914,21.3,0,5,5,0,0,0,0,0,3.8,3.8,5.4,9.2,79,39,215,0.00,0.24,0.24,0.00,0.24,0.18,0.25,0.43,0.18,0.43,Matches,36,10,27.8,1.69,0.47,0.00,0.00,15.3,2,0.11,-3.8,-3.8,416,606,68.6,5930,1452,249,309,80.6,134,189,70.9,21,58,36.2,5.5,-0.4,37,10,16,4,526,76,2,2,105,18,48,40,4,0,4,30,59,2.77,36,15,3,1,0,8,0.38,4,3,0,0,0,16,9,9,4,3,7,35.0,13,9,6,22,6,2,791,9,122,12,31.6,26,68.4,506,48,52,11,550,60,66.5,73,4,9,25,0,0.84,26,43,-17,-0.80,-0.43,28.4,28.4,0.0,0.00,+0.30,0,4,0,0,0,54,2,16.7
569,Salvador Olivas,us USA,FW,Philadelphia Union,19-089,2006,3,0,47,0.5,0,0,0,0,0,0,1,0,0.3,0.3,0.0,0.4,1,0,5,0.00,0.00,0.00,0.00,0.00,0.63,0.04,0.67,0.63,0.67,Matches,2,1,50.0,3.83,1.91,0.00,0.00,14.1,0,0.17,-0.3,-0.3,5,8,62.5,53,6,2,3,66.7,2,3,66.7,0,0,,0.0,0.0,1,0,0,0,8,0,0,0,0,0,0,0,0,0,0,1,2,3.83,1,0,0,0,1,0,0.00,0,0,0,0,0,1,1,0,0,1,0,,0,3,0,1,0,0,15,0,4,0,,0,,7,1,2,0,8,16,1.6,,0,3,16,1,2.00,1,0,+1,+1.91,+1.21,0.9,0.5,+0.4,+0.76,+0.23,0,2,0,0,0,2,2,100.0
,Salvatore Mazzaferro,,,,,,,,,,,,,,,,,,,,,,,,,,,,,,,,,,,,,,,,,,,,,,,,,,,,,,,,,,,,,,,,,,,,,,,,,,,,,,,,,,,,,,,,,,,,,,,,,,,,,,,,,,,,,,,,,,,,,,,,,,0,0,,1,,,,,,,,,,,,,,,,,,,
9,Sam Adekugbe,ca CAN,DF,Vancouver W'caps,30-265,1995,7,4,291,3.2,2,0,2,2,0,0,0,0,1.3,1.3,0.3,1.7,10,16,33,0.62,0.00,0.62,0.62,0.62,0.42,0.10,0.52,0.42,0.52,Matches,5,2,40.0,1.55,0.62,0.40,1.00,12.2,0,0.27,+0.7,+0.7,207,238,87.0,3028,982,122,131,93.1,78,92,84.8,5,7,71.4,0.2,-0.3,2,16,2,0,223,14,0,0,7,13,0,0,0,0,1,3,7,2.16,6,0,0,0,0,1,0.31,0,0,0,0,0,3,2,1,2,0,2,100.0,0,2,3,6,13,0,274,12,5,1,33.3,1,33.3,173,0,7,0,208,42,10.1,56,0,3,22,0,2.43,7,4,+3,+0.93,+0.06,7.0,3.2,+3.8,+1.17,+0.48,0,3,0,0,0,6,9,64.3
69,Sam Bassett,us USA,"FW,MF",Colorado Rapids,22-178,2003,12,3,339,3.8,0,1,1,0,0,0,1,0,1.0,1.0,0.5,1.5,5,9,21,0.00,0.27,0.27,0.00,0.27,0.28,0.13,0.40,0.28,0.40,Matches,4,0,0.0,1.06,0.00,0.00,,12.1,0,0.26,-1.0,-1.0,103,136,75.7,1249,367,67,76,88.2,25,38,65.8,3,4,75.0,0.2,+0.5,2,9,0,0,133,3,0,1,3,3,0,0,0,0,0,5,7,1.86,5,0,0,1,0,1,0.27,1,0,0,0,0,9,6,2,4,3,6,54.5,5,1,2,11,4,0,168,2,9,2,50.0,2,50.0,110,1,5,4,121,28,11.4,76,1,9,12,12,0.83,2,7,-5,-1.33,-1.09,4.7,9.3,-4.5,-1.20,-1.16,0,4,0,1,0,18,1,20.0
398,Sam Junqua,us USA,DF,Real Salt Lake,28-333,1996,31,16,1743,19.4,1,1,2,1,0,0,0,0,1.1,1.1,1.7,2.8,41,59,68,0.05,0.05,0.10,0.05,0.10,0.06,0.09,0.15,0.06,0.15,Matches,11,3,27.3,0.57,0.15,0.09,0.33,17.5,0,0.10,-0.1,-0.1,806,1002,80.4,14043,5052,347,385,90.1,373,429,86.9,63,131,48.1,1.0,-0.7,22,41,15,7,911,90,1,8,43,71,6,3,0,0,1,20,41,2.12,31,2,1,5,1,0,0.00,0,0,0,0,0,26,11,9,11,6,12,75.0,4,7,15,41,42,1,1160,64,26,5,33.3,8,53.3,674,6,13,4,796,56,60.5,84,11,15,27,1,1.29,20,34,-14,-0.72,-1.04,23.8,35.6,-11.8,-0.61,-0.69,0,15,0,0,0,67,21,53.8
666,Sam Rogers,us USA,DF,Chicago Fire,26-144,1999,21,19,1656,18.4,0,0,0,0,0,0,6,0,1.0,1.0,0.5,1.4,5,46,1,0.00,0.00,0.00,0.00,0.00,0.05,0.02,0.08,0.05,0.08,Matches,8,3,37.5,0.43,0.16,0.00,0.00,10.5,0,0.14,-1.0,-1.0,1047,1133,92.4,18152,7473,449,470,95.5,522,547,95.4,63,94,67.0,0.2,-0.5,2,50,1,0,1060,73,0,6,0,13,0,0,0,0,0,6,7,0.38,4,0,0,0,0,1,0.05,0,0,0,0,0,25,15,20,4,1,9,45.0,11,10,24,49,86,2,1327,212,10,1,50.0,1,50.0,698,0,9,3,912,79,55.8,82,12,2,51,6,1.76,40,31,+9,+0.49,+0.56,32.9,29.2,+3.7,+0.20,+0.46,0,16,0,1,1,69,23,59.0
764,Sam Surridge,eng ENG,FW,Nashville SC,27-072,1998,33,32,2844,31.6,23,3,26,18,5,6,2,0,22.9,17.9,4.8,22.7,47,54,175,0.73,0.09,0.82,0.57,0.66,0.73,0.15,0.88,0.57,0.72,Matches,95,43,45.3,3.01,1.36,0.19,0.42,11.7,0,0.19,+0.1,+0.1,383,565,67.8,5710,1158,222,302,73.5,121,164,73.8,23,39,59.0,3.1,-1.8,27,20,21,3,538,26,3,3,14,10,0,0,0,0,1,28,71,2.25,44,2,6,8,3,14,0.44,8,0,3,1,0,23,13,5,12,6,9,52.9,8,16,10,33,36,0,898,35,178,17,32.7,32,61.5,464,27,53,31,652,86,95.8,87,24,1,45,0,1.64,54,40,+14,+0.44,-0.99,53.2,35.5,+17.8,+0.56,-0.49,0,41,2,0,0,69,98,53.0
827,Sam Vines,us USA,DF,Colorado Rapids,26-130,1999,21,12,1190,13.2,0,2,2,0,0,0,0,0,1.0,0.9,1.2,2.2,27,57,79,0.00,0.15,0.15,0.00,0.15,0.07,0.09,0.17,0.07,0.17,Matches,8,2,25.0,0.61,0.15,0.00,0.00,20.5,1,0.12,-1.0,-0.9,573,703,81.5,8754,3246,306,335,91.3,223,269,82.9,26,67,38.8,1.0,+0.8,9,50,9,4,575,125,0,2,35,99,7,6,0,0,3,7,19,1.44,19,0,0,0,0,2,0.15,2,0,0,0,0,6,4,4,2,0,4,40.0,6,10,10,16,25,0,803,43,17,4,28.6,9,64.3,420,6,9,6,484,57,40.1,86,9,9,17,3,1.19,23,21,+2,+0.15,+0.86,21.3,20.7,+0.6,+0.05,+0.37,0,0,0,0,1,46,3,33.3
295,Samuel Gidi,sk SVK,MF,FC Cincinnati,21-176,2004,4,3,256,2.8,0,0,0,0,0,0,1,0,0.1,0.1,0.1,0.2,2,12,5,0.00,0.00,0.00,0.00,0.00,0.05,0.03,0.07,0.05,0.07,Matches,2,1,50.0,0.70,0.35,0.00,0.00,23.6,0,0.07,-0.1,-0.1,137,156,87.8,2506,611,52,54,96.3,71,77,92.2,12,19,63.2,0.2,-0.1,1,12,1,0,154,0,1,0,0,0,0,0,0,0,2,1,4,1.41,3,0,0,1,0,0,0.00,0,0,0,0,0,11,3,5,3,3,4,66.7,2,3,1,12,12,0,202,23,3,0,,0,,108,0,6,1,128,64,8.6,83,1,1,8,0,2.50,5,2,+3,+1.05,+0.86,4.5,5.7,-1.2,-0.41,-0.18,0,4,0,0,0,24,2,66.7
617,Samuel Piette,ca CAN,MF,CF Montréal,30-330,1994,24,20,1538,17.1,0,0,0,0,0,0,4,0,0.1,0.1,0.4,0.5,3,78,8,0.00,0.00,0.00,0.00,0.00,0.01,0.02,0.03,0.01,0.03,Matches,3,1,33.3,0.18,0.06,0.00,0.00,24.7,0,0.04,-0.1,-0.1,747,850,87.9,12516,3978,346,380,91.1,326,361,90.3,58,77,75.3,0.5,-0.4,7,68,5,0,825,23,0,1,1,4,0,0,0,0,2,7,19,1.11,18,0,0,0,1,0,0.00,0,0,0,0,0,31,18,11,18,2,18,47.4,20,15,31,62,41,1,1014,61,4,1,25.0,3,75.0,509,0,14,4,624,64,51.8,71,3,4,32,0,0.71,18,36,-18,-1.05,-0.74,22.5,24.3,-1.7,-0.10,+0.32,0,25,0,0,0,97,15,55.6
709,Samuel Sarver,us USA,"FW,DF",FC Dallas,22-219,2003,4,0,41,0.5,0,0,0,0,0,0,0,0,0.0,0.0,0.0,0.1,2,0,3,0.00,0.00,0.00,0.00,0.00,0.06,0.08,0.14,0.06,0.14,Matches,1,0,0.0,2.20,0.00,0.00,,28.8,0,0.03,0.0,0.0,4,11,36.4,45,23,2,4,50.0,2,4,50.0,0,1,0.0,0.0,0.0,1,0,0,0,10,0,0,0,0,0,0,0,0,0,1,1,2,4.39,0,0,0,2,0,1,2.20,0,0,0,1,0,3,1,1,2,0,3,75.0,1,1,0,3,1,0,23,1,2,0,0.0,0,0.0,10,2,1,2,13,10,1.4,,0,4,10,6,1.00,1,1,0,0.00,+0.10,1.0,1.8,-0.8,-1.81,-1.81,0,1,1,0,0,3,0,0.0
726,Samuel Shashoua,eng ENG,"MF,FW",Minnesota Utd,26-148,1999,5,0,105,1.2,0,0,0,0,0,0,0,0,0.2,0.2,0.0,0.2,2,7,9,0.00,0.00,0.00,0.00,0.00,0.16,0.04,0.20,0.16,0.20,Matches,2,1,50.0,1.71,0.86,0.00,0.00,20.7,1,0.10,-0.2,-0.2,69,80,86.3,889,203,44,48,91.7,20,24,83.3,1,2,50.0,0.1,0.0,1,7,1,0,77,3,0,0,4,0,3,2,0,0,0,1,4,3.43,3,1,0,0,0,0,0.00,0,0,0,0,0,2,1,1,1,0,1,33.3,2,2,2,4,0,0,91,0,7,0,,0,,52,3,2,3,73,21,3.5,,0,5,21,12,0.60,2,1,+1,+0.86,+0.32,2.7,1.8,+0.9,+0.74,+0.74,0,1,0,0,0,6,0,0.0
844,Samuel Williams,us USA,MF,Chicago Fire,20-204,2005,7,3,314,3.5,0,0,0,0,0,0,0,0,0.1,0.1,0.0,0.1,0,14,6,0.00,0.00,0.00,0.00,0.00,0.02,0.01,0.04,0.02,0.04,Matches,1,0,0.0,0.29,0.00,0.00,,13.7,0,0.08,-0.1,-0.1,129,157,82.2,1820,500,72,82,87.8,48,56,85.7,5,8,62.5,0.1,0.0,1,12,1,0,153,3,0,0,4,2,0,0,0,0,1,4,1,0.29,1,0,0,0,0,0,0.00,0,0,0,0,0,3,1,1,2,0,2,66.7,1,4,2,5,4,0,178,7,3,1,50.0,1,50.0,103,0,2,1,132,45,10.6,75,0,4,22,10,2.00,12,4,+8,+2.29,+2.29,7.6,6.2,+1.4,+0.39,+0.44,0,1,0,0,0,15,4,57.1
518,Santi Morales,us USA,"MF,DF",Inter Miami,18-241,2007,3,0,28,0.3,0,0,0,0,0,0,0,0,0.0,0.0,0.0,0.0,1,2,3,0.00,0.00,0.00,0.00,0.00,0.00,0.00,0.00,0.00,0.00,Matches,0,0,,0.00,0.00,,,,0,,0.0,0.0,32,34,94.1,453,116,17,18,94.4,11,11,100.0,1,1,100.0,0.0,0.0,0,2,0,0,32,2,0,0,0,0,1,0,0,0,0,0,2,6.43,2,0,0,0,0,0,0.00,0,0,0,0,0,2,1,0,1,1,1,50.0,1,1,0,2,0,0,40,0,0,0,,0,,25,0,1,0,28,9,1.0,,0,3,9,18,2.33,0,1,-1,-3.21,-3.85,1.4,0.2,+1.2,+3.86,+3.39,0,1,0,0,0,5,0,0.0
522,Santiago Moreno,co COL,"FW,MF",Portland Timbers,25-170,2000,22,20,1696,18.8,4,5,9,4,0,0,1,0,4.0,4.0,4.8,8.8,67,83,134,0.21,0.27,0.48,0.21,0.48,0.21,0.25,0.47,0.21,0.47,Matches,45,18,40.0,2.39,0.96,0.09,0.22,21.2,3,0.09,0.0,0.0,638,858,74.4,10083,2679,358,411,87.1,221,291,75.9,48,101,47.5,4.1,+0.2,35,60,24,5,768,86,11,8,76,7,52,19,23,0,4,23,83,4.40,45,15,12,3,0,9,0.48,6,2,1,0,0,33,17,14,14,5,10,30.3,23,26,7,40,10,0,1153,20,78,40,38.5,58,55.8,744,28,66,38,818,77,57.1,81,7,2,41,0,1.55,31,23,+8,+0.42,+1.20,25.4,25.6,-0.2,-0.01,+0.65,0,28,0,0,0,93,11,57.9
531,Santiago Muñóz,mx MEX,"MF,FW",Sporting KC,23-055,2002,20,8,826,9.2,3,2,5,2,1,1,0,0,3.0,2.3,1.0,3.2,11,36,50,0.33,0.22,0.54,0.22,0.44,0.33,0.11,0.44,0.25,0.35,Matches,20,6,30.0,2.18,0.65,0.10,0.33,14.0,0,0.11,0.0,-0.3,291,331,87.9,4478,669,154,168,91.7,99,110,90.0,22,29,75.9,0.5,+1.0,11,29,6,0,321,10,0,1,5,4,0,0,0,0,0,4,31,3.38,24,0,2,2,0,4,0.44,1,0,0,1,0,6,6,2,2,2,2,40.0,3,6,4,10,2,0,434,6,43,7,25.9,17,63.0,293,7,14,20,359,41,27.8,74,1,12,20,3,0.75,16,17,-1,-0.11,+0.86,16.5,20.5,-4.0,-0.44,+0.60,0,11,1,0,0,32,6,37.5
,Sawyer Jura,,,,,,,,,,,,,,,,,,,,,,,,,,,,,,,,,,,,,,,,,,,,,,,,,,,,,,,,,,,,,,,,,,,,,,,,,,,,,,,,,,,,,,,,,,,,,,,,,,,,,,,,,,,,,,,,,,,,,,,,,,0,0,,1,,,,,,,,,,,,,,,,,,,
388,Sean Johnson,us USA,GK,Toronto FC,36-130,1989,29,29,2610,29.0,0,0,0,0,0,0,1,0,0.0,0.0,0.1,0.1,0,0,0,0.00,0.00,0.00,0.00,0.00,0.00,0.00,0.00,0.00,0.00,Matches,0,0,,0.00,0.00,,,,0,,0.0,0.0,621,853,72.8,15782,11386,136,136,100.0,311,314,99.0,165,389,42.4,0.0,-0.1,1,4,0,0,539,309,0,3,0,1,0,0,0,0,5,0,3,0.10,1,2,0,0,0,0,0.00,0,0,0,0,0,1,1,1,0,0,1,33.3,2,0,0,1,16,1,942,838,0,1,50.0,1,50.0,442,0,1,0,334,90,90.6,90,29,0,,2,0.90,30,37,-7,-0.24,-0.24,28.7,41.3,-12.6,-0.44,-0.26,0,0,0,0,0,42,5,100.0
,Sean Karani,,,,,,,,,,,,,,,,,,,,,,,,,,,,,,,,,,,,,,,,,,,,,,,,,,,,,,,,,,,,,,,,,,,,,,,,,,,,,,,,,,,,,,,,,,,,,,,,,,,,,,,,,,,,,,,,,,,,,,,,,,0,0,,1,,,,,,,,,,,,,,,,,,,
547,Sean Nealis,us USA,DF,NY Red Bulls,28-268,1997,24,19,1743,19.4,0,0,0,0,0,0,8,0,0.3,0.3,0.4,0.7,11,57,5,0.00,0.00,0.00,0.00,0.00,0.02,0.02,0.04,0.02,0.04,Matches,4,1,25.0,0.21,0.05,0.00,0.00,9.9,0,0.08,-0.3,-0.3,1026,1157,88.7,17774,5711,421,454,92.7,546,584,93.5,47,94,50.0,0.3,-0.4,3,52,1,0,1121,34,0,2,1,10,0,0,0,0,2,2,12,0.62,11,1,0,0,0,1,0.05,1,0,0,0,0,24,17,14,10,0,18,81.8,4,6,31,55,127,1,1385,150,19,2,40.0,3,60.0,750,1,2,3,912,73,58.7,89,18,5,9,8,1.58,31,30,+1,+0.05,-0.10,30.5,31.0,-0.5,-0.03,+0.18,0,18,0,1,0,76,48,55.8
869,Sean Zawadzki,us USA,"DF,MF",Columbus Crew,25-170,2000,26,26,2340,26.0,2,0,2,2,0,0,5,0,1.0,1.0,0.9,1.9,12,133,26,0.08,0.00,0.08,0.08,0.08,0.04,0.04,0.07,0.04,0.07,Matches,10,3,30.0,0.38,0.12,0.20,0.67,20.8,1,0.10,+1.0,+1.0,1693,1822,92.9,28316,13224,819,846,96.8,748,785,95.3,103,151,68.2,1.8,-0.9,13,130,8,0,1762,60,1,2,3,4,0,0,0,0,0,6,28,1.08,25,0,1,1,1,0,0.00,0,0,0,0,0,51,29,31,15,5,20,71.4,8,18,24,75,96,3,2078,234,27,4,50.0,3,37.5,1267,1,19,6,1409,90,78.8,90,26,0,,1,1.73,40,32,+8,+0.31,+1.16,43.6,34.2,+9.4,+0.36,+1.03,0,26,0,0,1,135,42,62.7
84,Sebastian Berhalter,us USA,MF,Vancouver W'caps,24-144,2001,27,23,2115,23.5,4,10,14,4,0,0,6,0,2.2,2.2,7.5,9.6,24,183,81,0.17,0.43,0.60,0.17,0.60,0.09,0.32,0.41,0.09,0.41,Matches,45,15,33.3,1.91,0.64,0.09,0.27,23.8,5,0.05,+1.8,+1.8,1182,1525,77.5,23884,8742,468,516,90.7,458,524,87.4,220,397,55.4,7.5,+2.5,69,170,43,16,1289,226,4,25,199,13,122,50,59,0,10,26,124,5.28,69,48,0,0,2,16,0.68,8,7,0,0,0,66,36,23,29,14,25,69.4,11,17,32,98,39,2,1800,59,34,6,46.2,7,53.8,930,3,31,23,1144,78,73.4,86,17,4,34,0,2.00,48,23,+25,+1.06,+0.71,47.5,26.2,+21.3,+0.91,+0.64,0,40,0,2,0,107,20,45.5
107,Sebastian Breza,ca CAN,GK,CF Montréal,27-207,1998,3,3,270,3.0,0,0,0,0,0,0,1,0,0.0,0.0,0.0,0.0,0,0,0,0.00,0.00,0.00,0.00,0.00,0.00,0.00,0.00,0.00,0.00,Matches,0,0,,0.00,0.00,,,,0,,0.0,0.0,71,91,78.0,1756,1232,22,22,100.0,30,30,100.0,19,39,48.7,0.0,0.0,0,1,0,0,74,17,0,1,0,0,0,0,0,0,0,0,0,0.00,0,0,0,0,0,0,0.00,0,0,0,0,0,0,0,0,0,0,0,,0,0,0,0,2,0,99,80,0,0,,0,,64,0,0,0,51,90,9.1,90,3,0,,23,0.75,5,11,-6,-2.00,-1.43,4.2,5.4,-1.2,-0.41,-0.16,0,0,0,0,0,5,2,100.0
419,Sebastian Kowalczyk,pl POL,"FW,MF",Houston Dynamo,27-047,1998,28,16,1475,16.4,1,1,2,1,0,0,4,0,1.6,1.6,1.1,2.7,37,58,127,0.06,0.06,0.12,0.06,0.12,0.10,0.07,0.16,0.10,0.16,Matches,22,7,31.8,1.34,0.43,0.05,0.14,19.6,1,0.07,-0.6,-0.6,493,593,83.1,6781,1515,303,334,90.7,144,173,83.2,21,30,70.0,1.8,-0.1,15,30,18,5,579,12,0,2,27,6,4,0,0,0,2,21,51,3.12,38,2,1,9,0,5,0.31,4,0,0,1,0,22,16,11,8,3,10,35.7,18,21,7,29,13,0,748,19,52,4,17.4,17,73.9,484,13,26,13,569,53,49.7,79,5,12,18,4,0.86,17,30,-13,-0.79,-0.79,17.6,25.3,-7.7,-0.47,-0.63,0,27,0,0,0,55,4,33.3
440,Sebastian Lletget,us USA,MF,FC Dallas,33-035,1992,20,14,1143,12.7,1,2,3,1,0,0,1,0,1.3,1.3,1.5,2.8,13,48,31,0.08,0.16,0.24,0.08,0.24,0.10,0.12,0.22,0.10,0.22,Matches,10,4,40.0,0.79,0.31,0.10,0.25,10.4,0,0.13,-0.3,-0.3,458,524,87.4,6698,1980,255,275,92.7,151,167,90.4,29,50,58.0,1.4,+0.5,11,35,11,5,485,38,1,1,27,7,6,3,2,0,1,3,31,2.44,25,3,0,0,0,4,0.31,3,1,0,0,0,16,9,9,4,3,7,53.8,6,7,10,26,26,0,649,37,28,4,28.6,10,71.4,301,3,18,8,431,57,39.7,74,3,6,18,2,1.45,19,20,-1,-0.08,+0.02,16.7,19.5,-2.8,-0.22,-0.31,0,11,0,0,0,40,6,35.3
,Sebastian Schonlau,,,,,,,,,,,,,,,,,,,,,,,,,,,,,,,,,,,,,,,,,,,,,,,,,,,,,,,,,,,,,,,,,,,,,,,,,,,,,,,,,,,,,,,,,,,,,,,,,,,,,,,,,,,,,,,,,,,,,,,,,,0,0,,1,,,,,,,,,,,,,,,,,,,
537,Sebastiano Musu,it ITA,FW,NYCFC,24-363,2000,1,0,14,0.2,0,0,0,0,0,0,0,0,0.2,0.2,0.1,0.4,1,0,2,0.00,0.00,0.00,0.00,0.00,1.53,0.80,2.33,1.53,2.33,Matches,3,0,0.0,19.29,0.00,0.00,,23.0,0,0.08,-0.2,-0.2,5,5,100.0,64,18,4,4,100.0,1,1,100.0,0,0,,0.1,-0.1,1,0,0,0,5,0,0,0,0,0,0,0,0,0,0,0,1,6.43,1,0,0,0,0,0,0.00,0,0,0,0,0,0,0,0,0,0,0,,0,0,0,0,1,0,10,0,2,0,,0,,8,1,1,1,7,14,0.5,,0,1,14,2,1.00,0,0,0,0.00,-0.21,0.4,0.0,+0.4,+2.64,+2.46,0,1,0,0,0,1,1,100.0
366,Sebastien Ibeagha,us USA,DF,FC Dallas,33-260,1992,31,29,2672,29.7,1,0,1,1,0,0,4,1,1.7,1.7,0.7,2.3,0,62,3,0.03,0.00,0.03,0.03,0.03,0.06,0.02,0.08,0.06,0.08,Matches,15,7,46.7,0.51,0.24,0.07,0.14,9.7,0,0.11,-0.7,-0.7,797,939,84.9,15113,6504,275,300,91.7,443,484,91.5,72,126,57.1,0.5,-0.7,7,56,6,0,865,70,0,2,1,9,0,0,0,0,4,9,10,0.34,7,0,0,0,0,0,0.00,0,0,0,0,0,19,11,11,7,1,8,61.5,5,7,24,43,189,0,1252,231,24,1,100.0,0,0.0,524,0,10,0,662,86,92.8,90,28,2,34,0,1.32,46,47,-1,-0.03,+0.83,43.0,40.6,+2.3,+0.08,+1.50,0,17,0,1,0,73,68,66.0
553,Serge Ngoma,us USA,"FW,MF",NY Red Bulls,20-091,2005,19,5,598,6.6,1,0,1,1,0,0,4,0,0.7,0.7,1.4,2.0,14,14,47,0.15,0.00,0.15,0.15,0.15,0.10,0.20,0.31,0.10,0.31,Matches,12,3,25.0,1.81,0.45,0.08,0.33,17.3,0,0.06,+0.3,+0.3,87,136,64.0,1200,358,57,74,77.0,27,41,65.9,1,3,33.3,1.2,-1.4,6,5,3,0,135,0,2,0,4,0,0,0,0,0,1,8,9,1.35,8,0,1,0,0,0,0.00,0,0,0,0,0,9,6,2,5,2,4,44.4,5,7,2,11,6,0,216,5,33,7,53.8,5,38.5,123,8,22,12,145,31,20.1,60,0,14,21,3,1.26,7,7,0,0.00,-0.11,9.6,10.1,-0.5,-0.08,+0.03,0,15,0,0,0,17,6,26.1
591,Sergi Palencia,es ESP,"DF,MF",LAFC,29-199,1996,30,29,2543,28.3,1,2,3,1,0,0,5,0,1.0,1.0,3.8,4.8,60,138,163,0.04,0.07,0.11,0.04,0.11,0.03,0.13,0.17,0.03,0.17,Matches,11,3,27.3,0.39,0.11,0.09,0.33,15.6,0,0.09,0.0,0.0,1591,1917,83.0,24636,8206,835,904,92.4,655,765,85.6,72,158,45.6,3.5,-1.8,32,122,32,10,1696,218,0,5,59,192,0,0,0,0,3,42,52,1.84,48,1,1,1,1,7,0.25,6,0,1,0,0,79,46,39,28,12,45,61.6,28,29,30,109,75,1,2227,89,46,19,39.6,25,52.1,1238,10,24,12,1523,85,91.1,87,24,1,22,0,1.87,59,31,+28,+0.99,+2.45,52.3,28.8,+23.5,+0.83,+0.99,0,58,0,0,1,110,21,38.9
125,Sergio Busquets,es ESP,MF,Inter Miami,37-084,1988,31,30,2687,29.9,0,8,8,0,0,0,5,0,0.3,0.3,5.4,5.7,19,222,29,0.00,0.27,0.27,0.00,0.27,0.01,0.18,0.19,0.01,0.19,Matches,3,1,33.3,0.10,0.03,0.00,0.00,8.7,0,0.10,-0.3,-0.3,1838,2045,89.9,32432,12452,806,860,93.7,817,883,92.5,175,222,78.8,4.0,+2.6,33,221,19,0,1948,94,14,16,0,1,0,0,0,0,3,17,79,2.65,66,4,0,4,2,14,0.47,11,2,0,0,0,73,49,27,33,13,48,63.2,28,29,35,108,27,2,2306,72,11,8,44.4,7,38.9,1273,0,20,12,1677,87,93.3,88,26,1,36,1,1.90,69,47,+22,+0.74,+2.14,58.4,42.2,+16.2,+0.54,+0.63,0,25,0,1,0,163,28,52.8
575,Sergio Oregel,us USA,MF,Chicago Fire,20-145,2005,27,25,2001,22.2,0,0,0,0,0,0,7,0,0.9,0.9,2.2,3.1,14,136,43,0.00,0.00,0.00,0.00,0.00,0.04,0.10,0.14,0.04,0.14,Matches,12,4,33.3,0.54,0.18,0.00,0.00,22.4,0,0.07,-0.9,-0.9,1241,1367,90.8,20165,6475,652,687,94.9,470,506,92.9,92,124,74.2,1.6,-2.2,20,133,12,1,1317,44,5,7,5,7,0,0,0,0,6,15,49,2.21,45,1,0,0,1,2,0.09,2,0,0,0,0,23,8,12,8,3,12,46.2,14,13,21,44,13,4,1528,31,12,13,40.6,17,53.1,942,1,20,17,1214,74,67.4,78,6,2,25,4,1.37,33,40,-7,-0.31,-1.71,32.0,33.5,-1.6,-0.07,-0.20,0,28,0,0,0,105,5,38.5
705,Sergio Santos Gomes,br BRA,"FW,DF",Houston Dynamo,31-034,1994,2,0,18,0.2,1,0,1,1,0,0,0,0,0.4,0.4,0.0,0.4,1,2,2,5.00,0.00,5.00,5.00,5.00,1.99,0.00,1.99,1.99,1.99,Matches,1,1,100.0,5.00,5.00,1.00,1.00,10.0,0,0.40,+0.6,+0.6,6,9,66.7,170,47,2,4,50.0,1,2,50.0,3,3,100.0,0.0,0.0,0,1,0,0,9,0,0,1,0,0,0,0,0,0,0,0,0,0.00,0,0,0,0,0,0,0.00,0,0,0,0,0,2,2,2,0,0,0,0.0,1,0,0,2,0,1,15,0,1,0,0.0,1,100.0,9,1,3,1,10,9,0.6,,0,2,9,1,0.00,1,3,-2,-10.00,-9.66,0.5,1.6,-1.1,-5.26,-5.13,0,1,0,0,0,4,2,100.0
706,Sergio Santos Gomes,br BRA,"FW,MF",FC Cincinnati,31-034,1994,18,6,646,7.2,1,2,3,1,0,0,0,0,2.1,2.1,1.3,3.4,15,15,61,0.14,0.28,0.42,0.14,0.42,0.30,0.17,0.47,0.30,0.47,Matches,1,1,100.0,5.00,5.00,1.00,1.00,10.0,0,0.40,+0.6,+0.6,6,9,66.7,170,47,2,4,50.0,1,2,50.0,3,3,100.0,0.0,0.0,0,1,0,0,9,0,0,1,0,0,0,0,0,0,0,0,0,0.00,0,0,0,0,0,0,0.00,0,0,0,0,0,2,2,2,0,0,0,0.0,1,0,0,2,0,1,15,0,1,0,0.0,1,100.0,9,1,3,1,10,9,0.6,,0,2,9,1,0.00,1,3,-2,-10.00,-9.66,0.5,1.6,-1.1,-5.26,-5.13,0,1,0,0,0,4,2,100.0
35,Seth Antwi,gh GHA,MF,St. Louis,25-333,1999,2,0,15,0.2,0,0,0,0,0,0,0,0,0.0,0.0,0.0,0.0,0,1,0,0.00,0.00,0.00,0.00,0.00,0.00,0.29,0.29,0.00,0.29,Matches,0,0,,0.00,0.00,,,,0,,0.0,0.0,6,7,85.7,81,23,4,4,100.0,2,3,66.7,0,0,,0.0,0.0,1,1,0,0,7,0,0,0,0,0,0,0,0,0,0,0,1,6.00,1,0,0,0,0,0,0.00,0,0,0,0,0,1,1,0,1,0,1,50.0,1,0,1,2,2,0,13,3,0,0,,0,,4,0,1,0,5,8,0.5,,0,2,8,2,3.00,0,0,0,0.00,+0.43,0.1,0.1,0.0,-0.14,+0.10,0,0,0,0,0,2,0,
646,Seymour Reid,jm JAM,FW,NYCFC,17-218,2008,9,0,80,0.9,1,0,1,1,0,0,0,0,0.7,0.7,0.3,1.0,2,5,14,1.13,0.00,1.13,1.13,1.13,0.84,0.29,1.12,0.84,1.12,Matches,3,2,66.7,3.38,2.25,0.33,0.50,15.0,0,0.25,+0.3,+0.3,22,28,78.6,296,97,14,19,73.7,7,7,100.0,1,1,100.0,0.4,-0.3,2,2,2,0,28,0,1,1,0,0,0,0,0,0,0,1,3,3.38,2,0,1,0,0,0,0.00,0,0,0,0,0,0,0,0,0,0,0,,0,0,0,0,0,0,41,0,4,2,40.0,3,60.0,28,1,4,3,36,9,2.7,,0,9,9,12,2.22,4,0,+4,+4.50,+4.41,2.0,1.0,+1.0,+1.10,+0.94,0,3,0,0,0,3,1,20.0
509,Shakur Mohammed,gh GHA,FW,Orlando City,22-042,2003,1,0,4,0.0,0,0,0,0,0,0,0,0,0.0,0.0,0.0,0.0,0,0,0,0.00,0.00,0.00,0.00,0.00,0.00,0.00,0.00,0.00,0.00,Matches,0,0,,0.00,0.00,,,,0,,0.0,0.0,2,2,100.0,46,0,1,1,100.0,0,0,,1,1,100.0,0.0,0.0,0,0,0,0,2,0,0,0,0,0,0,0,0,0,0,0,0,0.00,0,0,0,0,0,0,0.00,0,0,0,0,0,0,0,0,0,0,0,,0,0,0,0,0,0,3,0,0,0,,0,,0,0,0,0,2,4,0.1,,0,1,4,12,1.00,0,0,0,0.00,-0.47,0.0,0.0,0.0,+0.21,-0.18,0,0,0,0,0,0,1,33.3
512,Shaq Moore,us USA,"DF,MF",FC Dallas,28-340,1996,31,29,2643,29.4,3,2,5,3,0,0,4,0,2.5,2.5,3.0,5.5,67,82,130,0.10,0.07,0.17,0.10,0.17,0.09,0.10,0.19,0.09,0.19,Matches,25,8,32.0,0.85,0.27,0.12,0.38,18.3,0,0.10,+0.5,+0.5,867,1115,77.8,14831,5832,417,471,88.5,342,424,80.7,88,160,55.0,2.9,-1.0,17,67,28,13,934,176,1,5,74,162,1,1,0,0,5,25,51,1.74,37,3,0,3,3,7,0.24,4,0,0,1,0,44,34,28,12,4,24,66.7,12,9,28,72,119,0,1451,143,53,16,45.7,18,51.4,670,17,30,12,837,85,91.8,89,26,2,28,1,1.29,47,50,-3,-0.10,-0.10,41.7,43.9,-2.2,-0.07,-0.54,0,33,0,1,0,96,26,44.8
293,Sharod George,us USA,MF,NE Revolution,21-151,2004,1,0,5,0.1,0,0,0,0,0,0,0,0,0.0,0.0,0.0,0.0,0,0,1,0.00,0.00,0.00,0.00,0.00,0.00,0.00,0.00,0.00,0.00,Matches,0,0,,0.00,0.00,,,,0,,0.0,0.0,0,1,0.0,0,0,0,0,,0,1,0.0,0,0,,0.0,0.0,0,0,0,0,1,0,0,0,0,0,0,0,0,0,0,0,0,0.00,0,0,0,0,0,0,0.00,0,0,0,0,0,0,0,0,0,0,0,,0,1,0,0,1,0,4,0,0,0,0.0,1,100.0,1,0,0,0,1,5,0.2,,0,1,5,2,1.00,1,0,+1,+18.00,+18.24,0.1,0.0,+0.1,+1.89,+2.11,0,0,0,0,0,0,0,
730,Show,ao ANG,MF,FC Dallas,26-216,1999,6,4,304,3.4,0,0,0,0,0,0,2,0,0.0,0.0,0.0,0.0,5,13,8,0.00,0.00,0.00,0.00,0.00,0.01,0.00,0.01,0.01,0.01,Matches,1,1,100.0,0.30,0.30,0.00,0.00,29.0,0,0.02,0.0,0.0,138,168,82.1,2038,626,84,98,85.7,42,48,87.5,8,12,66.7,0.0,0.0,1,18,0,0,161,6,0,0,0,3,0,0,0,0,1,3,3,0.89,3,0,0,0,0,0,0.00,0,0,0,0,0,4,3,0,3,1,3,60.0,2,2,4,8,2,0,194,6,0,1,50.0,1,50.0,110,0,6,6,143,51,10.6,61,0,2,31,6,0.83,1,6,-5,-1.48,-1.55,2.4,4.2,-1.8,-0.53,-0.56,0,9,0,0,0,18,2,28.6
679,Sigurd Rosted,no NOR,DF,Toronto FC,31-078,1994,29,25,2358,26.2,1,1,2,1,0,0,2,0,1.0,1.0,0.6,1.6,7,46,7,0.04,0.04,0.08,0.04,0.08,0.04,0.02,0.06,0.04,0.06,Matches,11,3,27.3,0.42,0.11,0.09,0.33,12.6,0,0.09,0.0,0.0,949,1146,82.8,18238,7526,332,364,91.2,510,560,91.1,98,199,49.2,1.0,+0.4,5,64,0,0,1096,49,0,11,1,0,0,0,0,0,1,6,16,0.61,11,0,0,2,0,2,0.08,1,0,0,1,0,33,16,20,11,2,19,63.3,11,7,32,65,157,1,1454,218,27,1,14.3,2,28.6,769,1,16,4,926,81,81.9,86,18,4,53,0,0.97,29,32,-3,-0.11,+0.58,26.9,35.9,-9.1,-0.35,+0.36,0,24,1,0,0,69,31,49.2
77,Simon Becher,us USA,"FW,MF",St. Louis,26-080,1999,31,11,1241,13.8,3,2,5,3,0,0,4,0,8.5,8.5,2.6,11.1,26,24,100,0.22,0.15,0.36,0.22,0.36,0.62,0.19,0.80,0.62,0.80,Matches,43,18,41.9,3.12,1.31,0.07,0.17,12.5,0,0.20,-5.5,-5.5,187,282,66.3,2589,569,107,148,72.3,51,79,64.6,12,22,54.5,1.3,-0.6,16,16,8,1,259,20,1,2,10,5,0,0,0,0,3,6,42,3.04,24,1,4,4,1,8,0.58,2,0,2,1,0,7,6,2,4,1,4,36.4,7,8,6,13,16,0,465,16,77,13,43.3,17,56.7,266,15,45,27,318,40,41.8,71,1,20,23,1,0.90,16,32,-16,-1.16,-1.26,23.7,26.9,-3.2,-0.23,0.00,0,19,1,0,0,33,39,41.1
115,Snyder Brunell,us USA,"MF,FW",Seattle Sounders,18-199,2007,5,3,257,2.9,2,0,2,2,0,0,0,0,1.4,1.4,0.1,1.6,6,9,10,0.70,0.00,0.70,0.70,0.70,0.50,0.05,0.55,0.50,0.55,Matches,5,2,40.0,1.75,0.70,0.40,1.00,14.2,0,0.29,+0.6,+0.6,117,131,89.3,1570,375,77,80,96.3,28,30,93.3,5,7,71.4,0.1,-0.1,3,9,3,0,126,3,1,0,2,0,0,0,0,0,2,2,10,3.50,6,0,1,1,0,0,0.00,0,0,0,0,0,8,5,4,2,2,4,66.7,2,4,4,12,2,2,173,3,5,3,33.3,5,55.6,110,1,6,0,113,51,8.9,70,0,2,24,3,1.40,9,5,+4,+1.40,+1.26,6.2,3.3,+2.9,+1.03,+0.68,0,3,0,0,0,17,0,
350,Son Heung-min,kr KOR,FW,LAFC,33-092,1992,9,8,728,8.1,8,2,10,8,0,0,0,0,5.2,5.2,2.8,8.0,31,38,33,0.99,0.25,1.24,0.99,1.24,0.65,0.34,0.99,0.65,0.99,Matches,34,18,52.9,4.20,2.23,0.24,0.44,18.3,2,0.15,+2.8,+2.8,206,262,78.6,3045,1038,114,127,89.8,61,71,85.9,16,38,42.1,2.1,-0.8,30,19,16,0,204,53,1,1,31,2,35,13,13,0,5,3,48,5.93,24,13,2,4,0,6,0.74,4,0,0,1,0,6,5,2,3,1,3,42.9,4,1,0,6,4,0,357,4,40,14,37.8,18,48.6,216,10,15,19,266,81,26.1,87,5,1,30,0,2.22,18,7,+11,+1.36,+0.79,14.9,7.4,+7.5,+0.92,+0.24,0,3,1,0,0,23,2,50.0
215,Souleyman Doumbia,ci CIV,DF,Charlotte,29-014,1996,11,8,600,6.7,0,1,1,0,0,0,0,0,0.0,0.0,0.4,0.4,18,25,14,0.00,0.15,0.15,0.00,0.15,0.00,0.06,0.06,0.00,0.06,Matches,0,0,,0.00,0.00,,,,0,,0.0,0.0,324,383,84.6,4857,1621,178,188,94.7,126,145,86.9,11,30,36.7,0.7,+0.6,2,21,5,0,328,55,1,1,12,47,0,0,0,0,0,10,5,0.75,5,0,0,0,0,2,0.30,2,0,0,0,0,11,9,6,5,0,3,75.0,1,5,10,21,19,0,449,38,4,4,40.0,5,50.0,267,1,1,6,281,55,20.2,69,3,3,16,0,1.64,9,8,+1,+0.15,-0.08,9.5,11.6,-2.1,-0.32,-0.28,0,5,0,0,0,35,7,50.0
,Stanisłaŭ Łapkies,,,,,,,,,,,,,,,,,,,,,,,,,,,,,,,,,,,,,,,,,,,,,,,,,,,,,,,,,,,,,,,,,,,,,,,,,,,,,,,,,,,,,,,,,,,,,,,,,,,,,,,,,,,,,,,,,,,,,,,,,,0,0,,3,,,,,,,,,,,,,,,,,,,
,Stas Korzeniowski,,,,,,,,,,,,,,,,,,,,,,,,,,,,,,,,,,,,,,,,,,,,,,,,,,,,,,,,,,,,,,,,,,,,,,,,,,,,,,,,,,,,,,,,,,,,,,,,,,,,,,,,,,,,,,,,,,,,,,,,,,0,0,,1,,,,,,,,,,,,,,,,,,,
,Stefan Cleveland,,,,,,,,,,,,,,,,,,,,,,,,,,,,,,,,,,,,,,,,,,,,,,,,,,,,,,,,,,,,,,,,,,,,,,,,,,,,,,,,,,,,,,,,,,,,,,,,,,,,,,,,,,,,,,,,,,,,,,,,,,0,0,,32,,,,,,,,,,,,,,,,,,,
279,Stefan Frei,ch SUI,GK,Seattle Sounders,39-171,1986,24,24,2160,24.0,0,0,0,0,0,0,0,0,0.0,0.0,0.0,0.0,0,0,0,0.00,0.00,0.00,0.00,0.00,0.00,0.00,0.00,0.00,0.00,Matches,0,0,,0.00,0.00,,,,0,,0.0,0.0,523,694,75.4,13709,9903,103,103,100.0,249,253,98.4,169,333,50.8,0.0,0.0,0,5,0,0,474,219,0,0,0,0,0,0,0,0,1,2,2,0.08,1,1,0,0,0,0,0.00,0,0,0,0,0,0,0,0,0,0,0,,0,0,0,0,6,1,722,626,0,0,,0,,391,0,0,0,314,90,75.0,90,24,0,,2,1.46,34,30,+4,+0.17,-0.33,39.6,27.7,+11.9,+0.50,+0.34,0,0,0,0,0,27,1,50.0
12,Stephen Afrifa,ca CAN,"MF,FW",Sporting KC,24-231,2001,9,1,138,1.5,0,0,0,0,0,0,1,0,0.4,0.4,0.2,0.5,11,7,21,0.00,0.00,0.00,0.00,0.00,0.24,0.12,0.35,0.24,0.35,Matches,6,2,33.3,3.91,1.30,0.00,0.00,11.9,0,0.06,-0.4,-0.4,58,71,81.7,736,152,38,42,90.5,15,18,83.3,1,3,33.3,0.2,-0.2,3,1,1,0,68,3,0,1,4,3,0,0,0,0,0,2,8,5.18,5,0,1,1,1,0,0.00,0,0,0,0,0,5,3,0,2,3,4,80.0,1,4,1,6,1,0,113,0,22,9,50.0,9,50.0,68,8,5,7,78,15,4.6,60,0,8,10,20,0.00,3,7,-4,-2.61,-1.97,3.3,7.2,-3.9,-2.53,-1.75,0,6,1,0,0,8,2,28.6
25,Steven Alzate,co COL,MF,Atlanta Utd,27-030,1998,8,5,469,5.2,0,1,1,0,0,0,2,0,0.3,0.3,0.6,0.8,5,20,9,0.00,0.19,0.19,0.00,0.19,0.05,0.11,0.16,0.05,0.16,Matches,4,2,50.0,0.77,0.38,0.00,0.00,25.7,0,0.06,-0.3,-0.3,279,312,89.4,4456,1320,136,143,95.1,116,121,95.9,17,32,53.1,0.6,+0.4,6,26,2,0,293,18,0,2,5,0,2,2,0,0,1,4,15,2.88,9,3,0,1,2,2,0.38,1,1,0,0,0,14,9,7,4,3,3,50.0,3,3,7,21,3,3,361,11,4,6,50.0,6,50.0,216,0,8,7,273,59,16.3,83,2,3,19,0,0.75,7,9,-2,-0.38,+0.33,8.6,6.7,+1.9,+0.37,+0.56,0,7,0,0,0,17,4,80.0
521,Steven Moreira,cv CPV,DF,Columbus Crew,31-056,1994,29,28,2369,26.3,1,2,3,1,0,0,4,0,1.1,1.1,2.6,3.7,54,193,58,0.04,0.08,0.11,0.04,0.11,0.04,0.10,0.14,0.04,0.14,Matches,17,6,35.3,0.65,0.23,0.06,0.17,20.6,1,0.07,-0.1,-0.1,1711,1919,89.2,25893,9709,950,1017,93.4,656,701,93.6,72,123,58.5,2.8,-0.6,20,179,41,7,1767,148,4,6,31,89,0,0,0,0,4,32,60,2.28,51,1,1,2,1,8,0.30,6,1,0,0,0,34,29,13,12,9,17,45.9,20,17,14,48,44,2,2120,85,32,13,48.1,12,44.4,1320,6,33,14,1591,82,79.8,84,18,1,25,2,1.55,45,43,+2,+0.08,+0.08,42.8,39.8,+3.0,+0.11,-0.15,0,17,0,0,0,108,10,27.8
660,Stian Rode Gregersen,no NOR,DF,Atlanta Utd,30-144,1995,17,17,1349,15.0,0,1,1,0,0,0,3,0,1.1,1.1,0.5,1.6,17,46,1,0.00,0.07,0.07,0.00,0.07,0.07,0.03,0.11,0.07,0.11,Matches,5,0,0.0,0.33,0.00,0.00,,8.3,0,0.22,-1.1,-1.1,734,819,89.6,12897,5291,300,317,94.6,379,396,95.7,48,91,52.7,0.5,+0.5,4,48,5,1,796,19,0,2,2,3,0,0,0,0,4,2,12,0.80,12,0,0,0,0,3,0.20,3,0,0,0,0,25,18,14,11,0,12,60.0,8,5,24,49,73,0,979,113,8,2,66.7,1,33.3,607,0,7,2,703,79,46.8,79,7,0,,0,0.88,15,25,-10,-0.67,-0.02,19.8,20.1,-0.4,-0.02,+0.15,0,26,0,0,0,54,23,62.2
386,Stiven Jimenez,us USA,MF,FC Cincinnati,18-106,2007,2,1,107,1.2,0,0,0,0,0,0,0,0,0.0,0.0,0.1,0.1,0,1,0,0.00,0.00,0.00,0.00,0.00,0.00,0.06,0.06,0.00,0.06,Matches,0,0,,0.00,0.00,,,,0,,0.0,0.0,29,34,85.3,454,118,18,19,94.7,9,11,81.8,2,4,50.0,0.0,-0.1,2,2,0,0,34,0,0,0,0,0,0,0,0,0,0,0,2,1.68,1,0,0,1,0,0,0.00,0,0,0,0,0,3,2,3,0,0,1,50.0,1,3,1,4,5,0,50,5,0,0,,0,,14,0,0,0,28,54,3.6,89,0,1,18,11,1.50,3,3,0,0.00,-0.28,1.8,2.5,-0.7,-0.57,-0.34,0,2,0,1,0,5,3,60.0
771,Strahinja Tanasijević,rs SRB,DF,NYCFC,28-118,1997,14,6,612,6.8,0,0,0,0,0,0,3,0,0.0,0.0,0.0,0.0,3,26,6,0.00,0.00,0.00,0.00,0.00,0.00,0.00,0.00,0.00,0.00,Matches,0,0,,0.00,0.00,,,,0,,0.0,0.0,350,399,87.7,5981,2067,148,153,96.7,175,190,92.1,20,39,51.3,0.1,0.0,0,28,1,0,360,38,0,3,4,21,0,0,0,0,1,8,4,0.59,4,0,0,0,0,1,0.15,1,0,0,0,0,8,5,7,1,0,3,75.0,1,7,6,14,47,0,477,56,0,2,100.0,0,0.0,258,0,5,3,309,44,20.6,65,1,8,28,19,1.86,14,4,+10,+1.47,+1.59,9.8,9.4,+0.4,+0.06,-0.16,0,10,0,0,0,21,12,60.0
343,Stuart Hawkins,us USA,DF,Seattle Sounders,19-020,2006,3,0,96,1.1,0,0,0,0,0,0,0,0,0.2,0.2,0.0,0.2,1,10,0,0.00,0.00,0.00,0.00,0.00,0.20,0.00,0.20,0.20,0.20,Matches,2,0,0.0,1.87,0.00,0.00,,6.4,0,0.11,-0.2,-0.2,36,45,80.0,600,258,15,20,75.0,20,20,100.0,1,4,25.0,0.0,0.0,0,6,0,0,44,1,0,0,0,0,0,0,0,0,0,0,0,0.00,0,0,0,0,0,0,0.00,0,0,0,0,0,1,0,0,1,0,1,100.0,0,1,0,1,8,0,62,6,3,0,,0,,33,0,1,0,38,32,3.3,,0,3,32,3,1.00,2,1,+1,+0.94,+0.71,0.8,1.0,-0.2,-0.21,-0.64,0,0,0,0,0,6,3,50.0
369,Sunusi Ibrahim,ng NGA,FW,CF Montréal,23-007,2002,10,0,78,0.9,0,0,0,0,0,0,0,0,0.9,0.9,0.1,0.9,3,8,6,0.00,0.00,0.00,0.00,0.00,1.01,0.08,1.09,1.01,1.09,Matches,6,0,0.0,6.92,0.00,0.00,,16.2,0,0.15,-0.9,-0.9,24,31,77.4,482,116,11,14,78.6,7,10,70.0,6,6,100.0,0.1,-0.1,1,6,0,0,29,2,0,1,0,0,0,0,0,0,0,1,4,4.62,3,0,1,0,0,0,0.00,0,0,0,0,0,0,0,0,0,0,0,,0,0,0,0,0,0,45,0,7,1,100.0,0,0.0,28,2,7,2,35,8,2.6,,0,10,8,11,0.70,0,3,-3,-3.46,-2.84,1.5,1.6,-0.1,-0.13,+0.13,0,2,0,0,0,1,3,33.3
835,Sydney Wathuta,ca CAN,MF,Colorado Rapids,21-119,2004,1,0,1,0.0,0,0,0,0,0,0,0,0,0.0,0.0,0.0,0.0,0,0,0,0.00,0.00,0.00,0.00,0.00,0.00,0.00,0.00,0.00,0.00,Matches,0,0,,0.00,0.00,,,,0,,0.0,0.0,2,2,100.0,10,1,1,1,100.0,0,0,,0,0,,0.0,0.0,0,0,0,0,2,0,0,0,0,0,0,0,0,0,0,0,0,0.00,0,0,0,0,0,0,0.00,0,0,0,0,0,0,0,0,0,0,0,,0,0,0,0,0,0,2,0,0,0,,0,,0,0,0,0,1,1,0.0,,0,1,1,1,3.00,0,0,0,0.00,+0.36,0.0,0.0,0.0,0.00,+0.18,0,0,0,0,0,0,0,
20,Tadeo Allende,ar ARG,"MF,FW",Inter Miami,26-230,1999,29,24,1983,22.0,11,1,12,11,0,0,0,0,10.3,10.3,1.9,12.2,35,39,171,0.50,0.05,0.54,0.50,0.54,0.47,0.09,0.56,0.47,0.56,Matches,50,26,52.0,2.27,1.18,0.22,0.42,13.5,1,0.21,+0.7,+0.7,440,591,74.5,5938,1100,269,316,85.1,127,173,73.4,15,20,75.0,1.7,-0.9,20,13,16,5,571,20,1,5,19,7,1,0,0,0,0,26,46,2.09,35,1,2,2,0,4,0.18,4,0,0,0,0,13,7,6,5,2,7,35.0,13,14,10,23,25,2,849,28,96,18,41.9,25,58.1,495,23,63,25,622,68,68.9,76,6,5,32,1,1.86,52,34,+18,+0.82,+0.72,42.4,29.6,+12.9,+0.58,+0.27,0,15,0,0,0,59,54,71.1
324,Taha Habroune,us USA,"MF,FW",Columbus Crew,19-245,2006,17,5,539,6.0,1,0,1,1,0,0,2,0,1.0,1.0,0.2,1.2,7,36,27,0.17,0.00,0.17,0.17,0.17,0.17,0.03,0.20,0.17,0.20,Matches,6,3,50.0,1.00,0.50,0.17,0.33,12.8,0,0.17,0.0,0.0,316,369,85.6,4254,1159,200,214,93.5,101,117,86.3,7,13,53.8,0.4,-0.2,4,26,9,0,355,11,1,1,4,6,0,0,0,0,3,7,19,3.17,16,0,3,0,0,1,0.17,1,0,0,0,0,23,13,7,12,4,13,59.1,9,9,5,28,7,0,460,8,13,6,33.3,11,61.1,273,1,13,13,328,32,18.1,81,3,12,11,12,1.82,5,12,-7,-1.17,-1.50,9.0,11.5,-2.5,-0.42,-0.69,0,12,0,0,0,37,4,57.1
,Tahir Reid-Brown,,,,,,,,,,,,,,,,,,,,,,,,,,,,,,,,,,,,,,,,,,,,,,,,,,,,,,,,,,,,,,,,,,,,,,,,,,,,,,,,,,,,,,,,,,,,,,,,,,,,,,,,,,,,,,,,,,,,,,,,,,0,0,,3,,,,,,,,,,,,,,,,,,,
61,Tai Baribo,il ISR,FW,Philadelphia Union,27-266,1998,28,20,1822,20.2,16,2,18,15,1,1,7,0,13.1,12.3,2.2,14.6,10,35,100,0.79,0.10,0.89,0.74,0.84,0.65,0.11,0.76,0.61,0.72,Matches,49,20,40.8,2.42,0.99,0.31,0.75,10.7,0,0.25,+2.9,+2.7,395,517,76.4,5239,827,234,290,80.7,116,147,78.9,13,16,81.3,0.9,-0.2,21,30,7,0,488,26,1,2,2,2,0,0,0,0,3,13,44,2.17,36,1,1,2,0,4,0.20,3,0,0,0,0,13,8,0,11,2,3,20.0,12,26,5,18,7,0,748,7,92,8,44.4,10,55.6,379,5,54,21,499,65,61.3,77,4,8,34,0,1.93,36,23,+13,+0.64,-0.22,37.6,21.0,+16.6,+0.82,+0.75,0,32,0,0,0,61,31,32.3
571,Tani Oluwaseyi,ca CAN,"FW,MF",Minnesota Utd,25-146,2000,24,21,1856,20.6,10,7,17,10,0,0,5,0,9.6,9.6,4.5,14.1,34,23,90,0.48,0.34,0.82,0.48,0.82,0.47,0.22,0.68,0.47,0.68,Matches,62,28,45.2,3.01,1.36,0.16,0.36,13.9,0,0.16,+0.4,+0.4,249,369,67.5,3133,573,161,207,77.8,72,103,69.9,4,8,50.0,3.1,+2.5,24,11,9,1,358,6,2,1,7,1,0,0,0,0,5,15,46,2.23,34,0,1,3,2,10,0.48,8,0,1,0,0,23,13,5,6,12,5,31.3,11,10,7,30,31,1,644,31,111,12,26.1,32,69.6,317,18,56,22,389,77,62.5,84,13,3,33,0,1.88,35,15,+20,+0.97,+1.13,31.2,24.1,+7.1,+0.35,+0.83,0,34,0,0,0,49,56,50.5
75,Tanner Beason,us USA,DF,NE Revolution,28-199,1997,26,21,1856,20.6,0,1,1,0,0,0,1,0,0.1,0.1,0.3,0.4,4,51,11,0.00,0.05,0.05,0.00,0.05,0.01,0.01,0.02,0.01,0.02,Matches,3,2,66.7,0.15,0.10,0.00,0.00,10.8,0,0.04,-0.1,-0.1,779,962,81.0,14853,6008,306,332,92.2,370,410,90.2,94,190,49.5,0.7,+0.7,4,60,3,3,928,32,2,6,12,11,0,0,0,0,2,9,12,0.58,9,0,1,0,1,3,0.15,2,0,1,0,0,49,32,28,15,6,25,55.6,20,9,19,68,124,1,1222,152,9,2,40.0,3,60.0,635,0,7,1,804,71,62.5,82,12,5,25,7,1.19,26,32,-6,-0.29,-0.21,26.4,34.0,-7.6,-0.37,-0.40,0,8,0,0,0,49,32,57.1
,Tanner Rosborough,,,,,,,,,,,,,,,,,,,,,,,,,,,,,,,,,,,,,,,,,,,,,,,,,,,,,,,,,,,,,,,,,,,,,,,,,,,,,,,,,,,,,,,,,,,,,,,,,,,,,,,,,,,,,,,,,,,,,,,,,,0,0,,1,,,,,,,,,,,,,,,,,,,
715,Tarik Scott,us USA,"MF,DF",FC Dallas,20-168,2005,4,0,47,0.5,0,0,0,0,0,0,0,0,0.1,0.1,0.0,0.1,0,1,2,0.00,0.00,0.00,0.00,0.00,0.16,0.00,0.16,0.16,0.16,Matches,1,0,0.0,1.91,0.00,0.00,,8.8,0,0.09,-0.1,-0.1,5,7,71.4,64,8,3,5,60.0,2,2,100.0,0,0,,0.0,0.0,0,0,0,0,7,0,0,0,0,0,0,0,0,0,0,0,0,0.00,0,0,0,0,0,0,0.00,0,0,0,0,0,2,2,1,0,1,0,0.0,2,1,1,3,0,0,17,0,2,0,0.0,1,100.0,7,0,2,0,10,12,1.6,,0,4,12,3,1.00,0,1,-1,-1.91,-1.85,1.0,1.2,-0.2,-0.48,-0.45,0,2,0,0,0,0,1,100.0
389,Tate Johnson,us USA,DF,Vancouver W'caps,20-090,2005,27,18,1806,20.1,1,1,2,1,0,0,4,0,0.5,0.5,0.6,1.1,22,88,65,0.05,0.05,0.10,0.05,0.10,0.03,0.03,0.06,0.03,0.06,Matches,6,2,33.3,0.30,0.10,0.17,0.50,11.6,0,0.08,+0.5,+0.5,823,1009,81.6,13880,5109,364,408,89.2,373,447,83.4,67,116,57.8,1.3,+0.4,11,82,14,2,858,149,0,6,22,122,0,0,0,0,2,14,34,1.69,26,2,0,4,1,2,0.10,2,0,0,0,0,33,21,15,14,4,22,55.0,18,16,20,53,61,0,1194,57,24,6,46.2,6,46.2,629,5,15,15,740,67,62.7,86,14,9,28,4,1.74,38,23,+15,+0.75,-0.34,34.2,23.8,+10.4,+0.52,-0.58,0,13,0,0,0,81,16,47.1
712,Tate Schmitt,us USA,DF,Nashville SC,28-133,1997,2,0,16,0.2,0,0,0,0,0,0,0,0,0.0,0.0,0.0,0.0,1,0,0,0.00,0.00,0.00,0.00,0.00,0.00,0.00,0.00,0.00,0.00,Matches,0,0,,0.00,0.00,,,,0,,0.0,0.0,14,15,93.3,173,52,10,10,100.0,3,3,100.0,0,0,,0.0,0.0,0,0,0,0,11,3,0,0,0,3,0,0,0,0,1,0,0,0.00,0,0,0,0,0,0,0.00,0,0,0,0,0,0,0,0,0,0,0,,0,0,0,0,1,0,18,2,0,0,,0,,8,0,2,0,13,8,0.5,,0,2,8,5,1.50,1,2,-1,-5.63,-6.14,0.3,0.8,-0.5,-3.08,-3.69,0,0,0,0,0,0,1,100.0
,Taylor Washington,,,,,,,,,,,,,,,,,,,,,,,,,,,,,,,,,,,,,,,,,,,,,,,,,,,,,,,,,,,,,,,,,,,,,,,,,,,,,,,,,,,,,,,,,,,,,,,,,,,,,,,,,,,,,,,,,,,,,,,,,,0,0,,11,,,,,,,,,,,,,,,,,,,
314,Tayvon Gray,jm JAM,DF,NYCFC,23-050,2002,25,21,1680,18.7,0,0,0,0,0,0,5,0,0.2,0.2,2.0,2.2,24,86,47,0.00,0.00,0.00,0.00,0.00,0.01,0.11,0.12,0.01,0.12,Matches,7,3,42.9,0.37,0.16,0.00,0.00,21.6,0,0.03,-0.2,-0.2,1048,1275,82.2,18768,6612,446,483,92.3,487,552,88.2,91,183,49.7,2.5,-2.0,15,108,18,3,1087,184,8,5,39,156,0,0,0,0,4,24,34,1.82,30,1,2,0,0,1,0.05,1,0,0,0,0,42,27,22,18,2,21,72.4,8,23,13,55,61,2,1466,74,14,12,66.7,5,27.8,750,2,17,12,947,67,56.6,74,12,4,30,2,1.68,26,24,+2,+0.11,-0.24,30.2,23.7,+6.5,+0.35,+0.36,0,23,0,1,0,96,25,56.8
122,Teal Bunbury,us USA,"FW,MF",Nashville SC,35-223,1990,20,1,208,2.3,0,0,0,0,0,0,0,0,1.8,1.8,0.0,1.8,1,1,19,0.00,0.00,0.00,0.00,0.00,0.78,0.01,0.79,0.78,0.79,Matches,10,3,30.0,4.33,1.30,0.00,0.00,10.7,0,0.18,-1.8,-1.8,50,69,72.5,545,70,37,42,88.1,9,16,56.3,0,2,0.0,0.1,0.0,1,1,0,0,69,0,0,0,0,0,0,0,0,0,0,4,2,0.87,1,0,0,0,0,0,0.00,0,0,0,0,0,2,1,1,1,0,1,25.0,3,3,1,3,1,0,118,3,21,2,100.0,0,0.0,66,1,21,10,93,10,7.0,45,0,19,9,12,1.70,2,1,+1,+0.43,-0.06,7.1,4.4,+2.7,+1.17,+0.63,0,7,0,0,0,7,7,35.0
326,Teenage Hadebe,zw ZIM,DF,FC Cincinnati,30-021,1995,19,8,908,10.1,0,0,0,0,0,0,3,0,0.1,0.1,0.0,0.1,3,30,6,0.00,0.00,0.00,0.00,0.00,0.01,0.00,0.01,0.01,0.01,Matches,2,0,0.0,0.20,0.00,0.00,,14.7,0,0.03,-0.1,-0.1,500,574,87.1,8642,3206,208,229,90.8,257,274,93.8,30,51,58.8,0.1,0.0,1,30,0,0,543,27,0,0,1,14,0,0,0,0,4,9,4,0.40,3,0,0,0,0,0,0.00,0,0,0,0,0,25,11,15,9,1,12,80.0,3,5,22,47,66,0,727,70,5,1,100.0,0,0.0,360,0,9,2,443,48,30.6,76,3,11,28,8,1.89,13,16,-3,-0.30,-0.82,12.0,16.6,-4.6,-0.46,-0.32,0,13,0,1,0,41,21,58.3
718,Telasco Segovia,ve VEN,"MF,FW",Inter Miami,22-189,2003,30,19,1589,17.7,7,4,11,7,0,0,6,0,2.4,2.4,2.1,4.5,30,103,119,0.40,0.23,0.62,0.40,0.62,0.14,0.12,0.26,0.14,0.26,Matches,21,12,57.1,1.19,0.68,0.33,0.58,17.2,0,0.11,+4.6,+4.6,812,920,88.3,12824,2577,430,466,92.3,288,313,92.0,65,85,76.5,1.9,+1.9,26,74,18,0,885,34,1,12,19,1,24,1,6,0,1,16,57,3.23,47,5,3,2,0,10,0.57,9,0,1,0,0,35,22,6,19,10,15,57.7,11,8,6,41,4,1,1088,8,50,18,62.1,10,34.5,655,5,45,17,832,53,55.2,67,2,11,28,0,1.77,35,31,+4,+0.23,-0.82,31.5,24.8,+6.7,+0.38,-0.27,0,39,0,0,0,78,8,33.3
170,Theo Corbeanu,ca CAN,"FW,MF",Toronto FC,23-144,2002,30,24,2127,23.6,6,1,7,5,1,1,1,0,4.9,4.1,3.5,7.6,171,33,204,0.25,0.04,0.30,0.21,0.25,0.21,0.15,0.35,0.17,0.32,Matches,53,24,45.3,2.24,1.02,0.09,0.21,17.5,0,0.08,+1.1,+0.9,505,704,71.7,8567,1304,234,272,86.0,218,288,75.7,41,91,45.1,2.3,-2.5,32,17,28,25,694,9,1,4,128,7,0,0,0,0,1,28,62,2.62,45,0,8,3,1,4,0.17,1,0,1,1,0,13,4,1,9,3,7,28.0,18,20,10,23,12,0,986,9,104,58,52.3,46,41.4,702,59,67,22,768,71,73.9,84,12,6,20,2,0.93,24,31,-7,-0.30,-0.30,25.2,32.2,-7.0,-0.30,+0.44,0,21,1,0,0,95,13,35.1
421,Theodore Ku-Dipietro,us USA,"FW,MF",Colorado Rapids,23-253,2002,24,11,1080,12.0,1,2,3,1,0,0,1,0,2.5,2.5,1.5,3.9,37,52,80,0.08,0.17,0.25,0.08,0.25,0.21,0.12,0.33,0.21,0.33,Matches,26,12,46.2,2.17,1.00,0.04,0.08,18.3,0,0.09,-1.5,-1.5,333,444,75.0,4546,1579,202,237,85.2,96,123,78.0,13,30,43.3,2.2,+0.5,18,40,17,4,437,4,5,1,24,4,0,0,0,0,3,12,44,3.67,34,0,1,2,3,7,0.58,6,0,0,0,0,11,6,0,6,5,5,45.5,6,11,10,21,5,0,588,10,42,17,38.6,24,54.5,396,12,25,20,455,45,36.4,70,0,13,24,1,1.13,18,19,-1,-0.08,+0.44,19.7,19.5,+0.2,+0.01,+0.30,0,5,1,0,0,47,2,16.7
480,Thiago Martins,br BRA,DF,NYCFC,30-205,1995,30,29,2608,29.0,1,0,1,1,0,0,1,0,1.7,1.7,0.0,1.8,13,89,1,0.03,0.00,0.03,0.03,0.03,0.06,0.00,0.06,0.06,0.06,Matches,13,5,38.5,0.45,0.17,0.08,0.20,11.3,0,0.13,-0.7,-0.7,1782,2034,87.6,38055,14218,424,464,91.4,1110,1169,95.0,237,368,64.4,0.3,0.0,1,111,2,0,1963,70,0,12,2,2,0,0,0,0,1,18,13,0.45,11,0,0,0,1,1,0.03,1,0,0,0,0,32,24,28,3,1,17,81.0,4,7,19,51,187,5,2337,378,17,3,75.0,1,25.0,1477,2,12,5,1645,87,87.8,89,28,1,16,0,1.63,41,33,+8,+0.28,+0.52,45.1,35.1,+10.0,+0.35,+1.27,0,21,0,0,1,142,46,56.8
297,Thomas Gillier,cl CHI,GK,CF Montréal,21-133,2004,7,7,630,7.0,0,0,0,0,0,0,2,0,0.0,0.0,0.0,0.0,0,0,0,0.00,0.00,0.00,0.00,0.00,0.00,0.00,0.00,0.00,0.00,Matches,0,0,,0.00,0.00,,,,0,,0.0,0.0,200,246,81.3,4180,2540,42,42,100.0,142,144,98.6,15,58,25.9,0.0,0.0,0,2,0,0,217,28,0,0,0,0,0,0,0,0,1,0,1,0.14,1,0,0,0,0,0,0.00,0,0,0,0,0,0,0,0,0,0,0,0.0,1,0,0,0,7,0,263,207,0,0,,0,,184,0,1,0,153,90,21.2,90,7,0,,2,1.43,11,9,+2,+0.29,+1.25,10.2,11.2,-1.0,-0.15,+0.14,0,0,0,0,0,6,0,
342,Thomas Hasal,ca CAN,GK,LAFC,26-091,1999,2,1,135,1.5,0,0,0,0,0,0,0,0,0.0,0.0,0.0,0.0,0,0,0,0.00,0.00,0.00,0.00,0.00,0.00,0.00,0.00,0.00,0.00,Matches,0,0,,0.00,0.00,,,,0,,0.0,0.0,31,49,63.3,576,357,12,12,100.0,17,17,100.0,2,19,10.5,0.0,0.0,0,0,0,0,34,14,0,0,0,0,0,0,0,0,1,0,0,0.00,0,0,0,0,0,0,0.00,0,0,0,0,0,0,0,0,0,0,0,,0,0,0,0,3,0,54,50,0,0,,0,,32,0,0,0,21,68,4.8,90,1,1,45,14,1.50,3,5,-2,-1.33,-2.21,1.9,2.1,-0.2,-0.12,-0.91,0,0,0,0,0,2,0,
529,Thomas Müller,de GER,MF,Vancouver W'caps,36-025,1989,5,4,361,4.0,5,3,8,2,3,3,1,0,4.0,1.6,1.1,2.7,8,27,21,1.25,0.75,1.99,0.50,1.25,0.98,0.27,1.26,0.40,0.67,Matches,10,6,60.0,2.49,1.50,0.20,0.33,19.0,0,0.16,+1.0,+0.4,151,211,71.6,2324,662,81,99,81.8,56,74,75.7,8,17,47.1,1.3,+1.9,9,17,15,2,197,13,4,0,7,7,0,0,0,0,1,13,17,4.24,17,0,0,0,0,3,0.75,3,0,0,0,0,6,2,0,4,2,2,33.3,4,3,1,7,3,0,255,4,27,2,40.0,3,60.0,134,1,7,4,184,72,12.5,83,3,1,30,0,2.20,15,6,+9,+2.24,+1.56,12.8,3.5,+9.3,+2.32,+1.81,0,4,0,0,0,19,3,50.0
845,Thomas Williams,us USA,DF,Orlando City,21-054,2004,1,0,11,0.1,0,0,0,0,0,0,0,0,0.0,0.0,0.0,0.0,0,0,0,0.00,0.00,0.00,0.00,0.00,0.00,0.00,0.00,0.00,0.00,Matches,0,0,,0.00,0.00,,,,0,,0.0,0.0,0,0,,0,0,0,0,,0,0,,0,0,,0.0,0.0,0,0,0,0,0,0,0,0,0,0,0,0,0,0,0,0,0,0.00,0,0,0,0,0,0,0.00,0,0,0,0,0,1,0,1,0,0,0,,0,0,1,2,3,0,5,4,0,0,,0,,0,0,0,0,0,11,0.4,,0,1,11,16,1.00,0,0,0,0.00,-0.47,0.0,0.3,-0.3,-2.77,-3.17,0,1,0,0,0,0,0,
433,Tim Leibold,de GER,DF,Sporting KC,31-312,1993,19,11,871,9.7,1,2,3,1,0,0,6,0,0.8,0.8,2.6,3.3,27,35,53,0.10,0.21,0.31,0.10,0.31,0.08,0.26,0.35,0.08,0.35,Matches,10,2,20.0,1.03,0.21,0.10,0.50,18.9,1,0.08,+0.2,+0.2,407,500,81.4,6944,2325,189,211,89.6,167,196,85.2,39,58,67.2,1.6,-0.6,15,33,14,9,408,90,1,5,50,59,12,8,4,0,2,16,22,2.27,12,7,1,0,0,4,0.41,3,1,0,0,0,17,13,8,8,1,6,33.3,12,8,13,30,26,0,602,32,15,2,25.0,4,50.0,322,2,14,3,373,46,29.3,60,0,8,26,11,0.89,16,18,-2,-0.21,+0.74,12.8,21.9,-9.1,-0.94,-0.09,0,17,0,0,0,38,6,60.0
595,Tim Parker,us USA,DF,NY Red Bulls,32-227,1993,13,10,867,9.6,1,0,1,1,0,0,2,0,1.0,1.0,0.2,1.2,5,46,2,0.10,0.00,0.10,0.10,0.10,0.11,0.02,0.13,0.11,0.13,Matches,4,1,25.0,0.42,0.10,0.25,1.00,12.7,0,0.26,0.0,0.0,587,660,88.9,11394,4352,172,187,92.0,371,396,93.7,38,66,57.6,0.2,-0.2,3,55,1,0,641,17,0,3,0,0,0,0,0,0,2,0,8,0.83,6,0,0,0,0,0,0.00,0,0,0,0,0,14,11,9,5,0,7,70.0,3,2,3,17,63,0,766,86,7,0,,0,,490,0,6,0,535,67,29.2,81,7,3,18,18,1.69,12,10,+2,+0.21,+0.16,12.2,13.9,-1.6,-0.17,-0.09,0,6,0,0,0,42,35,58.3
643,Tim Ream,us USA,DF,Charlotte,38-003,1987,26,23,2113,23.5,0,0,0,0,0,0,1,0,0.0,0.0,0.2,0.2,13,96,13,0.00,0.00,0.00,0.00,0.00,0.00,0.01,0.01,0.00,0.01,Matches,0,0,,0.00,0.00,,,,0,,0.0,0.0,1304,1454,89.7,25922,9415,416,441,94.3,708,768,92.2,169,226,74.8,0.3,-0.2,3,115,3,0,1302,150,0,3,8,64,0,0,0,0,2,5,12,0.51,12,0,0,0,0,2,0.09,2,0,0,0,0,24,10,16,6,2,13,40.6,19,14,24,48,92,1,1647,213,5,6,75.0,2,25.0,993,0,13,5,1124,81,71.1,88,21,3,27,0,1.88,34,30,+4,+0.17,-0.14,31.7,34.5,-2.8,-0.12,-0.10,0,9,0,0,0,74,27,62.8
784,Timmy Tillman,de GER,MF,LAFC,26-277,1999,27,25,2158,24.0,0,2,2,0,0,0,6,0,1.5,1.5,1.5,3.1,36,161,88,0.00,0.08,0.08,0.00,0.08,0.06,0.06,0.13,0.06,0.13,Matches,21,4,19.0,0.88,0.17,0.00,0.00,17.7,0,0.07,-1.5,-1.5,1213,1346,90.1,19102,5175,648,686,94.5,469,497,94.4,69,102,67.6,2.0,+0.5,24,131,24,3,1298,45,2,13,17,14,0,0,0,0,3,24,63,2.63,52,1,2,5,1,6,0.25,6,0,0,0,0,34,22,13,14,7,17,48.6,18,28,24,58,16,1,1559,28,46,20,48.8,15,36.6,970,7,42,18,1193,80,77.3,85,15,2,15,0,1.93,44,23,+21,+0.88,+0.45,41.2,22.6,+18.6,+0.78,+0.13,0,31,0,0,0,151,7,36.8
74,Timo Baumgartl,de GER,DF,St. Louis,29-218,1996,22,20,1754,19.5,0,1,1,0,0,0,4,0,1.1,1.1,0.4,1.5,5,50,4,0.00,0.05,0.05,0.00,0.05,0.05,0.02,0.08,0.05,0.08,Matches,10,1,10.0,0.51,0.05,0.00,0.00,10.1,0,0.11,-1.1,-1.1,926,1048,88.4,17253,7715,347,372,93.3,476,515,92.4,86,128,67.2,0.9,+0.6,7,41,5,1,967,78,1,9,4,4,0,0,0,0,3,8,16,0.82,15,0,0,1,0,3,0.15,3,0,0,0,0,34,19,28,6,0,19,76.0,6,14,16,50,85,1,1248,250,23,0,0.0,2,100.0,729,0,4,3,819,80,59.1,87,15,2,8,8,0.73,26,43,-17,-0.87,-1.09,27.2,40.2,-13.0,-0.67,-1.06,0,21,0,1,0,63,27,61.4
62,Tom Barlow,us USA,FW,Chicago Fire,30-092,1995,22,1,373,4.1,3,0,3,3,0,0,1,0,1.5,1.5,0.2,1.7,2,6,16,0.72,0.00,0.72,0.72,0.72,0.35,0.05,0.40,0.35,0.40,Matches,8,4,50.0,1.93,0.97,0.38,0.75,11.7,0,0.18,+1.5,+1.5,43,76,56.6,652,150,21,35,60.0,16,24,66.7,3,3,100.0,0.1,-0.2,3,4,3,1,69,7,0,0,2,1,0,0,0,0,0,5,6,1.45,4,0,0,1,0,1,0.24,1,0,0,0,0,3,3,0,1,2,0,,0,3,1,4,6,0,125,7,14,0,0.0,5,100.0,62,1,13,5,82,17,12.6,75,0,21,14,11,1.32,14,11,+3,+0.72,+0.55,8.7,11.7,-3.0,-0.72,-0.81,0,11,0,1,0,7,7,35.0
599,Tom Pearce,eng ENG,"MF,DF",CF Montréal,27-179,1998,21,9,911,10.1,0,1,1,0,0,0,2,0,1.2,1.2,1.8,3.1,33,21,100,0.00,0.10,0.10,0.00,0.10,0.12,0.18,0.30,0.12,0.30,Matches,23,11,47.8,2.27,1.09,0.00,0.00,22.6,4,0.05,-1.2,-1.2,266,411,64.7,5013,1687,110,131,84.0,110,160,68.8,44,97,45.4,2.3,-0.8,14,16,15,10,347,63,1,1,86,26,16,6,8,0,1,18,26,2.57,14,10,0,1,1,1,0.10,0,1,0,0,0,12,6,6,4,2,6,66.7,3,11,10,22,32,0,530,16,15,0,0.0,8,100.0,257,7,15,1,322,43,30.7,64,1,12,28,6,0.81,9,23,-14,-1.38,-0.99,12.7,16.3,-3.6,-0.36,-0.14,0,11,0,0,0,23,5,38.5
671,Tomas Romero,sv SLV,GK,NYCFC,24-293,2000,4,3,294,3.3,0,0,0,0,0,0,0,0,0.0,0.0,0.0,0.0,0,0,0,0.00,0.00,0.00,0.00,0.00,0.00,0.00,0.00,0.00,0.00,Matches,0,0,,0.00,0.00,,,,0,,0.0,0.0,89,105,84.8,1935,1107,24,24,100.0,55,55,100.0,10,24,41.7,0.0,0.0,0,1,0,0,78,25,0,0,0,0,0,0,0,0,2,0,0,0.00,0,0,0,0,0,0,0.00,0,0,0,0,0,0,0,0,0,0,0,,0,0,0,0,3,0,116,105,0,0,,0,,59,0,0,0,63,74,9.9,90,3,1,24,28,2.25,7,2,+5,+1.53,+1.46,4.5,3.7,+0.8,+0.25,+0.06,0,0,0,0,1,2,3,100.0
790,Tomas Totland,no NOR,DF,St. Louis,27-010,1998,16,11,990,11.0,0,1,1,0,0,0,0,0,1.1,1.1,1.4,2.5,11,30,57,0.00,0.09,0.09,0.00,0.09,0.10,0.12,0.23,0.10,0.23,Matches,7,1,14.3,0.64,0.09,0.00,0.00,13.6,0,0.16,-1.1,-1.1,345,445,77.5,5226,2015,169,190,88.9,130,169,76.9,22,47,46.8,1.5,-0.4,16,19,13,7,375,69,1,3,27,66,0,0,0,0,1,6,31,2.82,25,3,0,0,1,3,0.27,3,0,0,0,0,19,13,8,9,2,7,53.8,6,17,14,33,26,0,555,29,22,2,33.3,4,66.7,277,3,15,10,330,62,33.3,78,5,5,27,7,1.38,16,15,+1,+0.09,+0.77,19.0,15.4,+3.6,+0.33,+0.84,0,4,0,0,0,36,12,60.0
31,Tomas Ángel,co COL,FW,San Diego FC,22-230,2003,22,9,715,7.9,3,2,5,3,0,0,1,0,1.5,1.5,1.0,2.4,9,21,48,0.38,0.25,0.63,0.38,0.63,0.18,0.12,0.31,0.18,0.31,Matches,13,4,30.8,1.64,0.50,0.23,0.75,15.6,1,0.11,+1.5,+1.5,144,185,77.8,2080,410,86,101,85.1,39,45,86.7,11,17,64.7,1.2,+1.0,12,11,7,0,170,13,3,0,3,1,0,0,0,0,2,6,21,2.64,16,1,1,1,0,3,0.38,2,0,1,0,0,6,2,0,3,3,1,25.0,3,1,3,9,3,0,249,3,26,5,71.4,2,28.6,142,4,19,12,186,33,24.1,63,0,13,11,6,1.68,11,10,+1,+0.13,-0.59,8.3,12.2,-3.9,-0.49,-0.88,0,10,0,0,0,22,7,41.2
47,Tomás Avilés,ar ARG,"DF,MF",Inter Miami,21-247,2004,23,14,1107,12.3,2,0,2,2,0,0,5,2,0.6,0.6,0.0,0.6,8,41,1,0.16,0.00,0.16,0.16,0.16,0.05,0.00,0.05,0.05,0.05,Matches,4,2,50.0,0.33,0.16,0.50,1.00,19.2,0,0.15,+1.4,+1.4,847,927,91.4,16686,5186,257,270,95.2,497,519,95.8,88,125,70.4,0.2,0.0,0,34,3,1,909,17,1,6,4,2,0,0,0,0,1,6,6,0.49,5,1,0,0,0,2,0.16,2,0,0,0,0,27,12,13,11,3,14,63.6,8,9,17,44,29,1,1041,86,2,1,25.0,3,75.0,678,0,6,2,790,48,38.4,72,7,9,11,7,1.70,19,20,-1,-0.08,-1.10,22.0,18.8,+3.2,+0.26,-0.39,1,14,0,0,0,59,8,44.4
152,Tomás Chancalay,ar ARG,"FW,MF",NE Revolution,26-280,1999,25,12,1145,12.7,4,2,6,4,0,0,4,0,6.0,6.0,2.6,8.6,32,46,79,0.31,0.16,0.47,0.31,0.47,0.47,0.20,0.68,0.47,0.68,Matches,53,23,43.4,4.17,1.81,0.08,0.17,19.8,2,0.11,-2.0,-2.0,335,470,71.3,6392,1435,152,179,84.9,117,159,73.6,52,94,55.3,2.4,-0.6,18,32,17,5,420,46,3,14,58,5,29,24,1,0,4,11,44,3.46,25,9,6,1,0,2,0.16,1,1,0,0,0,17,10,5,8,4,7,38.9,11,15,1,18,10,1,630,9,40,16,53.3,13,43.3,383,8,40,16,458,46,38.6,74,5,13,20,0,1.20,17,20,-3,-0.24,-0.04,16.7,21.6,-4.9,-0.39,-0.28,0,32,0,0,0,49,8,33.3
581,Tomáš Ostrák,cz CZE,MF,St. Louis,25-245,2000,22,13,997,11.1,1,2,3,1,0,0,3,0,1.5,1.5,1.0,2.4,26,54,47,0.09,0.18,0.27,0.09,0.27,0.13,0.09,0.22,0.13,0.22,Matches,17,4,23.5,1.53,0.36,0.06,0.25,19.3,0,0.09,-0.5,-0.5,529,589,89.8,8879,1969,257,275,93.5,202,221,91.4,49,59,83.1,0.5,+1.0,12,47,6,1,568,21,0,6,7,6,0,0,0,0,0,11,35,3.16,26,0,1,1,1,4,0.36,1,0,1,1,0,35,17,16,13,6,19,55.9,15,7,12,47,8,1,720,14,16,18,54.5,13,39.4,444,5,25,14,524,45,33.6,63,0,9,19,9,0.68,13,17,-4,-0.36,+0.10,15.1,16.0,-0.9,-0.08,+0.23,0,21,1,0,0,65,1,20.0
570,Toyosi Olusanya,eng ENG,"FW,MF",Houston Dynamo,27-359,1997,6,0,58,0.6,0,1,1,0,0,0,1,0,0.0,0.0,0.1,0.1,0,2,5,0.00,1.55,1.55,0.00,1.55,0.04,0.14,0.18,0.04,0.18,Matches,1,1,100.0,1.55,1.55,0.00,0.00,21.6,0,0.02,0.0,0.0,11,16,68.8,105,14,5,8,62.5,2,2,100.0,0,0,,0.0,+0.9,1,1,1,0,16,0,0,0,1,0,0,0,0,0,0,1,3,4.66,1,0,0,2,0,1,1.55,1,0,0,0,0,1,1,1,0,0,0,,0,0,0,1,0,0,23,0,2,1,100.0,0,0.0,14,0,1,1,16,10,2.0,,0,6,10,8,1.33,3,0,+3,+4.66,+5.15,0.4,1.0,-0.5,-0.81,-0.67,0,2,0,0,0,2,1,25.0
,Travian Sousa,,,,,,,,,,,,,,,,,,,,,,,,,,,,,,,,,,,,,,,,,,,,,,,,,,,,,,,,,,,,,,,,,,,,,,,,,,,,,,,,,,,,,,,,,,,,,,,,,,,,,,,,,,,,,,,,,,,,,,,,,,0,0,,3,,,,,,,,,,,,,,,,,,,
,Trey Muse,,,,,,,,,,,,,,,,,,,,,,,,,,,,,,,,,,,,,,,,,,,,,,,,,,,,,,,,,,,,,,,,,,,,,,,,,,,,,,,,,,,,,,,,,,,,,,,,,,,,,,,,,,,,,,,,,,,,,,,,,,0,0,,16,,,,,,,,,,,,,,,,,,,
91,Tristan Blackmon,us USA,DF,Vancouver W'caps,29-057,1996,25,23,2070,23.0,2,1,3,2,0,0,4,0,1.5,1.4,0.8,2.2,20,144,10,0.09,0.04,0.13,0.09,0.13,0.06,0.04,0.10,0.06,0.10,Matches,11,2,18.2,0.48,0.09,0.18,1.00,13.4,0,0.12,+0.5,+0.6,1437,1604,89.6,28076,10881,516,542,95.2,730,783,93.2,173,251,68.9,0.9,+0.2,9,167,3,0,1470,132,2,29,8,68,0,0,0,0,2,4,28,1.22,24,3,0,1,0,4,0.17,3,0,0,1,0,24,15,14,8,2,11,84.6,2,12,28,52,109,3,1835,166,28,10,71.4,2,14.3,1133,1,10,1,1280,83,71.9,88,20,2,26,1,1.92,45,25,+20,+0.87,-0.02,44.5,26.0,+18.5,+0.80,+0.23,0,23,1,1,0,89,34,66.7
113,Tristan Brown,us USA,"DF,FW",Columbus Crew,17-356,2007,6,0,41,0.5,0,0,0,0,0,0,0,0,0.0,0.0,0.0,0.1,6,2,7,0.00,0.00,0.00,0.00,0.00,0.05,0.10,0.15,0.05,0.15,Matches,1,0,0.0,2.20,0.00,0.00,,19.6,0,0.02,0.0,0.0,26,32,81.3,364,92,20,22,90.9,4,6,66.7,2,3,66.7,0.0,0.0,1,3,0,0,26,6,0,0,1,5,0,0,0,0,0,1,2,4.39,2,0,0,0,0,0,0.00,0,0,0,0,0,2,1,0,0,2,1,100.0,0,0,0,2,4,0,47,2,5,1,25.0,3,75.0,28,5,3,1,28,7,1.4,,0,6,7,11,2.00,0,1,-1,-2.20,-2.29,1.2,1.5,-0.3,-0.73,-0.89,0,1,0,0,0,2,0,0.0
539,Tristan Muyumba,,MF,Atlanta Utd,28-215,1997,23,14,1100,12.2,1,0,1,1,0,0,2,0,1.4,1.4,2.1,3.5,5,62,19,0.08,0.00,0.08,0.08,0.08,0.11,0.17,0.29,0.11,0.29,Matches,11,3,27.3,0.90,0.25,0.09,0.33,18.0,0,0.12,-0.4,-0.4,617,684,90.2,10424,2684,266,290,91.7,302,324,93.2,37,48,77.1,1.4,-2.1,12,59,13,1,663,21,6,1,1,1,0,0,0,0,0,7,29,2.37,24,0,1,0,1,2,0.16,2,0,0,0,0,21,13,9,11,1,7,38.9,11,9,11,32,15,1,790,22,12,9,56.3,6,37.5,478,1,14,9,597,48,38.2,67,2,9,18,1,0.61,10,19,-9,-0.74,-0.13,15.9,15.7,+0.3,+0.02,+0.20,0,14,0,0,0,68,6,60.0
557,Tsiki Ntsabeleng,za RSA,MF,FC Dallas,27-241,1998,13,1,337,3.7,0,1,1,0,0,0,1,0,0.4,0.4,0.6,1.0,4,15,6,0.00,0.27,0.27,0.00,0.27,0.11,0.15,0.27,0.11,0.27,Matches,6,1,16.7,1.60,0.27,0.00,0.00,16.5,0,0.07,-0.4,-0.4,128,161,79.5,1938,632,70,82,85.4,49,57,86.0,7,15,46.7,0.2,+0.4,4,20,2,1,158,2,0,0,1,2,0,0,0,0,1,3,7,1.87,6,0,1,0,0,0,0.00,0,0,0,0,0,9,5,5,4,0,3,37.5,5,2,6,15,4,0,205,3,7,2,50.0,2,50.0,107,2,6,3,145,26,11.7,80,0,12,21,11,1.08,4,7,-3,-0.80,-0.80,6.5,6.2,+0.3,+0.09,+0.14,0,5,0,0,0,16,3,75.0
435,Tucker Lepley,us USA,"MF,FW",LA Galaxy,23-264,2002,14,6,549,6.1,0,1,1,0,0,0,2,0,1.0,1.0,0.8,1.8,11,22,39,0.00,0.16,0.16,0.00,0.16,0.17,0.13,0.30,0.17,0.30,Matches,13,4,30.8,2.13,0.66,0.00,0.00,19.9,0,0.08,-1.0,-1.0,298,342,87.1,4769,910,162,172,94.2,116,128,90.6,16,30,53.3,0.5,+0.2,9,33,4,0,327,15,1,3,12,3,7,6,0,0,0,3,20,3.28,15,2,0,1,1,2,0.33,1,0,0,0,0,5,0,0,3,2,3,33.3,6,5,3,8,11,0,404,11,16,4,44.4,5,55.6,260,3,10,6,300,39,19.1,74,2,8,13,18,0.64,9,11,-2,-0.33,+0.44,8.1,8.5,-0.4,-0.06,+0.41,0,5,0,0,0,33,4,40.0
738,Tyger Smalls,,"FW,MF",Charlotte,23-020,2002,14,0,157,1.7,0,0,0,0,0,0,0,0,0.3,0.3,0.1,0.4,6,6,12,0.00,0.00,0.00,0.00,0.00,0.18,0.03,0.20,0.18,0.20,Matches,1,1,100.0,0.57,0.57,0.00,0.00,9.4,0,0.31,-0.3,-0.3,47,61,77.0,879,201,16,22,72.7,23,26,88.5,5,5,100.0,0.1,-0.1,1,3,0,0,58,3,0,1,1,0,0,0,0,0,0,4,5,2.87,4,0,0,0,0,1,0.57,0,0,0,0,0,1,1,0,0,1,0,0.0,2,1,3,4,5,0,91,2,8,1,33.3,2,66.7,51,2,9,5,61,11,5.3,,0,14,11,12,1.43,3,6,-3,-1.72,-2.04,3.6,3.7,-0.2,-0.09,-0.01,0,3,0,0,0,11,5,50.0
101,Tyler Boyd,us USA,"MF,FW",Nashville SC,30-282,1994,4,1,126,1.4,0,1,1,0,0,0,0,0,0.0,0.0,0.6,0.6,1,4,11,0.00,0.71,0.71,0.00,0.71,0.00,0.43,0.43,0.00,0.43,Matches,0,0,,0.00,0.00,,,,0,,0.0,0.0,42,52,80.8,632,105,24,28,85.7,12,14,85.7,4,5,80.0,0.4,+0.4,4,1,0,0,51,0,0,1,4,0,0,0,0,0,1,1,6,4.29,4,0,0,2,0,1,0.71,1,0,0,0,0,1,1,1,0,0,1,100.0,0,0,0,1,0,0,62,0,3,1,20.0,4,80.0,47,1,2,6,58,32,4.2,66,0,3,20,2,1.00,1,3,-2,-1.43,-2.00,2.4,1.9,+0.5,+0.35,-0.24,0,3,0,0,0,3,0,
852,Tyler Wolff,us USA,"FW,MF",Real Salt Lake,22-237,2003,13,2,363,4.0,0,0,0,0,0,0,1,0,0.3,0.3,0.5,0.8,10,7,26,0.00,0.00,0.00,0.00,0.00,0.07,0.13,0.21,0.07,0.21,Matches,4,1,25.0,0.99,0.25,0.00,0.00,10.5,0,0.07,-0.3,-0.3,83,118,70.3,1343,362,48,58,82.8,25,35,71.4,8,12,66.7,0.3,-0.5,6,6,2,1,116,1,0,2,10,0,1,0,1,0,1,8,11,2.73,6,1,1,3,0,0,0.00,0,0,0,0,0,12,6,6,4,2,4,100.0,0,5,4,16,8,0,170,8,14,6,60.0,3,30.0,104,4,13,5,110,28,12.6,82,1,11,18,9,1.62,1,10,-9,-2.23,-2.20,4.2,9.6,-5.4,-1.34,-1.15,0,4,0,0,0,18,3,37.5
747,Tyrese Spicer,tt TRI,"DF,FW",Toronto FC,24-308,2000,21,7,867,9.6,2,0,2,2,0,0,1,0,1.7,1.7,0.7,2.4,41,10,59,0.21,0.00,0.21,0.21,0.21,0.18,0.07,0.25,0.18,0.25,Matches,14,6,42.9,1.45,0.62,0.14,0.33,16.7,0,0.12,+0.3,+0.3,180,280,64.3,3262,1093,91,110,82.7,59,98,60.2,25,49,51.0,0.9,-0.7,11,12,4,4,237,42,1,1,37,42,0,0,0,0,1,9,17,1.76,15,0,1,0,1,1,0.10,0,0,1,0,0,27,13,13,12,2,8,57.1,6,11,9,36,22,0,449,20,32,21,44.7,23,48.9,239,13,33,18,257,41,30.1,67,1,14,29,1,0.90,11,11,0,0.00,+0.31,9.0,13.2,-4.2,-0.43,-0.03,0,5,0,1,0,40,6,35.3
748,Tyrese Spicer,tt TRI,"MF,FW",Orlando City,24-308,2000,7,2,238,2.6,1,2,3,1,0,0,0,0,0.3,0.3,1.3,1.6,17,9,41,0.38,0.76,1.13,0.38,1.13,0.10,0.49,0.59,0.10,0.59,Matches,14,6,42.9,1.45,0.62,0.14,0.33,16.7,0,0.12,+0.3,+0.3,180,280,64.3,3262,1093,91,110,82.7,59,98,60.2,25,49,51.0,0.9,-0.7,11,12,4,4,237,42,1,1,37,42,0,0,0,0,1,9,17,1.76,15,0,1,0,1,1,0.10,0,0,1,0,0,27,13,13,12,2,8,57.1,6,11,9,36,22,0,449,20,32,21,44.7,23,48.9,239,13,33,18,257,41,30.1,67,1,14,29,1,0.90,11,11,0,0.00,+0.31,9.0,13.2,-4.2,-0.43,-0.03,0,5,0,1,0,40,6,35.3
600,Tyson Pearce,us USA,"MF,DF",St. Louis,18-057,2007,2,0,30,0.3,0,0,0,0,0,0,0,0,0.0,0.0,0.0,0.0,1,1,0,0.00,0.00,0.00,0.00,0.00,0.00,0.00,0.00,0.00,0.00,Matches,0,0,,0.00,0.00,,,,0,,0.0,0.0,19,20,95.0,297,84,9,9,100.0,9,9,100.0,0,0,,0.0,0.0,0,0,0,0,20,0,0,0,0,0,0,0,0,0,0,0,0,0.00,0,0,0,0,0,0,0.00,0,0,0,0,0,2,2,1,1,0,2,100.0,0,0,0,2,1,0,26,1,0,0,0.0,1,100.0,14,0,1,0,18,15,1.0,,0,2,15,1,0.00,1,1,0,0.00,+0.43,1.0,0.2,+0.8,+2.36,+2.62,0,0,0,0,0,0,0,
451,Victor Loturi,ca CAN,MF,CF Montréal,24-140,2001,33,26,2416,26.8,2,0,2,2,0,0,6,0,1.7,1.7,1.5,3.2,22,129,53,0.07,0.00,0.07,0.07,0.07,0.06,0.06,0.12,0.06,0.12,Matches,11,6,54.5,0.41,0.22,0.18,0.33,18.2,0,0.15,+0.3,+0.3,989,1151,85.9,15479,3871,491,544,90.3,413,453,91.2,47,84,56.0,1.4,-1.5,22,116,16,0,1073,72,1,2,8,10,2,0,0,0,6,16,56,2.09,50,0,3,2,1,3,0.11,3,0,0,0,0,44,27,18,21,5,20,50.0,20,14,28,72,45,1,1400,53,23,24,49.0,20,40.8,754,4,37,39,932,73,81.3,86,22,7,26,0,0.85,29,46,-17,-0.63,+0.34,32.8,42.1,-9.2,-0.34,-0.48,0,36,0,0,0,118,17,33.3
568,Victor Olatunji,ng NGA,FW,Real Salt Lake,26-033,1999,6,6,534,5.9,2,0,2,2,0,0,1,1,2.3,2.3,0.7,3.0,8,7,30,0.34,0.00,0.34,0.34,0.34,0.39,0.12,0.51,0.39,0.51,Matches,16,11,68.8,2.70,1.85,0.13,0.18,15.8,0,0.14,-0.3,-0.3,58,79,73.4,876,162,29,38,76.3,16,22,72.7,6,7,85.7,0.7,-0.7,7,3,4,1,73,5,0,0,1,0,0,0,0,0,1,2,15,2.53,9,0,3,3,0,0,0.00,0,0,0,0,0,4,2,2,2,0,2,100.0,0,4,3,7,7,0,154,10,29,9,64.3,5,35.7,91,5,17,8,95,89,18.5,89,3,0,,0,1.50,8,9,-1,-0.17,+0.18,9.0,7.3,+1.7,+0.29,+0.76,0,15,1,0,0,15,5,29.4
,Vitaliy Hlyut,,,,,,,,,,,,,,,,,,,,,,,,,,,,,,,,,,,,,,,,,,,,,,,,,,,,,,,,,,,,,,,,,,,,,,,,,,,,,,,,,,,,,,,,,,,,,,,,,,,,,,,,,,,,,,,,,,,,,,,,,,0,0,,2,,,,,,,,,,,,,,,,,,,
174,Vitor Costa,br BRA,"DF,MF",SJ Earthquakes,31-099,1994,24,19,1606,17.8,1,2,3,1,0,0,5,0,2.8,2.8,2.3,5.1,38,54,130,0.06,0.11,0.17,0.06,0.17,0.16,0.13,0.29,0.16,0.29,Matches,22,3,13.6,1.23,0.17,0.05,0.33,15.5,0,0.13,-1.8,-1.8,683,862,79.2,11061,3329,373,410,91.0,238,297,80.1,56,100,56.0,2.7,-0.3,26,41,26,13,741,118,1,7,58,101,0,0,0,0,3,21,50,2.80,42,1,1,4,0,6,0.34,5,0,0,1,0,34,23,11,17,6,11,39.3,17,20,19,53,64,1,1066,55,58,7,35.0,12,60.0,569,12,15,7,616,67,54.1,80,5,5,17,1,1.25,34,33,+1,+0.06,+0.39,34.6,28.6,+6.1,+0.34,+0.47,0,12,1,0,0,81,15,57.7
870,Walker Zimmerman,us USA,DF,Nashville SC,32-142,1993,20,15,1442,16.0,0,2,2,0,0,0,3,0,1.7,1.7,1.1,2.9,0,39,6,0.00,0.12,0.12,0.00,0.12,0.11,0.07,0.18,0.11,0.18,Matches,22,4,18.2,1.37,0.25,0.00,0.00,10.6,0,0.08,-1.7,-1.7,877,972,90.2,16169,6819,301,320,94.1,511,534,95.7,59,102,57.8,0.4,+0.9,8,45,2,0,932,35,0,1,2,0,0,0,0,0,5,3,24,1.50,17,0,0,1,0,2,0.12,1,0,0,0,0,22,14,18,4,0,11,68.8,5,4,23,45,95,2,1170,197,31,0,,0,,678,0,9,3,805,72,48.6,89,14,5,21,0,1.40,25,16,+9,+0.56,+0.15,27.0,18.0,+9.0,+0.56,-0.05,0,15,1,1,0,57,37,75.5
276,Wayne Frederick,tt TRI,MF,Colorado Rapids,21-117,2004,9,2,222,2.5,0,0,0,0,0,0,3,1,0.1,0.1,0.0,0.1,2,4,5,0.00,0.00,0.00,0.00,0.00,0.03,0.00,0.03,0.03,0.03,Matches,2,0,0.0,0.81,0.00,0.00,,17.3,0,0.04,-0.1,-0.1,75,90,83.3,946,310,43,49,87.8,21,26,80.8,2,4,50.0,0.2,0.0,0,9,1,0,88,2,0,0,1,1,0,0,0,0,0,2,0,0.00,0,0,0,0,0,0,0.00,0,0,0,0,0,4,0,2,2,0,0,0.0,4,4,7,11,13,0,138,19,7,2,66.7,1,33.3,53,2,7,0,70,25,7.5,61,0,7,14,11,1.00,2,5,-3,-1.22,-0.92,2.9,5.4,-2.5,-1.01,-0.90,0,8,0,0,0,13,9,75.0
3,Wessam Abou Ali,ps PLE,FW,Columbus Crew,26-277,1999,5,4,303,3.4,3,0,3,3,0,0,0,0,0.8,0.8,0.6,1.4,6,8,30,0.89,0.00,0.89,0.89,0.89,0.24,0.17,0.41,0.24,0.41,Matches,5,4,80.0,1.49,1.19,0.60,0.75,12.2,0,0.16,+2.2,+2.2,56,80,70.0,729,138,36,47,76.6,15,20,75.0,1,1,100.0,0.3,-0.6,4,4,2,0,73,6,1,0,0,1,0,0,0,0,1,4,8,2.40,7,0,0,1,0,2,0.60,1,0,0,1,0,3,1,0,1,2,0,0.0,1,1,0,3,3,0,116,3,16,2,50.0,1,25.0,64,2,15,6,83,61,10.2,67,1,1,35,0,1.00,9,6,+3,+0.89,+0.92,4.1,4.9,-0.8,-0.25,-0.44,0,6,1,0,0,11,2,22.2
746,Wessel Speel,nl NED,GK,Minnesota Utd,23-356,2001,3,3,199,2.2,0,0,0,0,0,0,0,0,0.0,0.0,0.0,0.0,0,0,0,0.00,0.00,0.00,0.00,0.00,0.00,0.00,0.00,0.00,0.00,Matches,0,0,,0.00,0.00,,,,0,,0.0,0.0,45,77,58.4,1297,960,8,8,100.0,21,21,100.0,15,46,32.6,0.0,0.0,0,1,0,0,39,37,0,0,0,0,0,0,0,0,1,0,1,0.45,1,0,0,0,0,0,0.00,0,0,0,0,0,0,0,0,0,0,0,,0,0,0,0,0,0,82,59,0,0,,0,,29,0,0,0,29,66,6.7,66,2,0,,0,1.33,5,6,-1,-0.45,-1.07,2.4,4.3,-1.9,-0.85,-0.95,0,0,0,0,0,4,1,50.0
143,Wikelman Carmona,ve VEN,"FW,MF",NY Red Bulls,22-226,2003,33,21,1859,20.7,0,1,1,0,0,0,1,0,1.7,1.7,0.9,2.5,33,53,126,0.00,0.05,0.05,0.00,0.05,0.08,0.04,0.12,0.08,0.12,Matches,33,8,24.2,1.60,0.39,0.00,0.00,22.2,0,0.05,-1.7,-1.7,536,664,80.7,7937,1446,309,348,88.8,180,213,84.5,27,47,57.4,1.1,+0.1,7,32,7,3,650,11,2,0,32,3,2,1,0,0,3,21,31,1.50,22,0,1,5,0,5,0.24,3,0,0,1,0,40,25,11,20,9,16,44.4,20,38,12,52,16,1,896,20,39,16,42.1,19,50.0,527,11,31,23,628,56,62.6,73,2,12,28,0,1.30,26,25,+1,+0.05,-0.11,23.0,29.1,-6.1,-0.30,-0.53,0,25,0,0,0,93,16,37.2
94,Wiktor Bogacz,pl POL,"FW,MF",NY Red Bulls,21-086,2004,18,1,301,3.3,1,1,2,1,0,0,1,0,0.5,0.5,0.7,1.2,3,6,26,0.30,0.30,0.60,0.30,0.60,0.15,0.22,0.37,0.15,0.37,Matches,6,3,50.0,1.79,0.90,0.17,0.33,12.0,0,0.09,+0.5,+0.5,55,75,73.3,682,92,39,47,83.0,15,19,78.9,0,0,,0.2,+0.3,6,0,2,0,74,1,0,0,1,0,0,0,0,0,0,3,11,3.30,8,0,2,0,0,1,0.30,1,0,0,0,0,2,2,1,1,0,1,50.0,1,0,0,2,2,0,106,3,12,3,42.9,4,57.1,60,1,6,9,87,17,10.1,63,0,17,14,4,1.22,10,4,+6,+1.79,+1.90,7.4,5.5,+1.9,+0.57,+0.75,0,5,0,0,0,12,9,28.1
792,Wil Trapp,us USA,MF,Minnesota Utd,32-266,1993,33,31,2653,29.5,2,2,4,2,0,0,3,0,0.7,0.7,1.2,1.9,11,120,19,0.07,0.07,0.14,0.07,0.14,0.02,0.04,0.06,0.02,0.06,Matches,9,4,44.4,0.31,0.14,0.22,0.50,22.1,0,0.08,+1.3,+1.3,1017,1216,83.6,16884,6257,482,555,86.8,411,467,88.0,88,126,69.8,2.3,+0.8,14,99,20,4,1196,16,9,4,9,2,0,0,0,0,4,15,41,1.39,38,0,1,2,0,3,0.10,3,0,0,0,0,52,28,28,18,6,22,46.8,25,19,39,91,58,1,1496,79,7,10,40.0,14,56.0,772,0,23,18,908,80,89.3,84,19,2,30,0,1.76,54,34,+20,+0.68,+1.25,42.0,38.9,+3.2,+0.11,+0.70,0,29,0,0,0,132,26,53.1
866,Wilfried Zaha,ci CIV,"FW,MF",Charlotte,32-332,1992,30,30,2648,29.4,9,5,14,7,2,3,9,0,7.5,5.2,5.0,10.1,100,144,270,0.31,0.17,0.48,0.24,0.41,0.26,0.17,0.42,0.18,0.34,Matches,49,24,49.0,1.67,0.82,0.14,0.29,17.5,1,0.11,+1.5,+1.8,1026,1226,83.7,16508,3486,539,601,89.7,401,445,90.1,63,98,64.3,4.8,0.0,38,71,70,5,1177,45,10,8,33,16,8,0,0,0,4,39,98,3.33,75,0,10,8,0,17,0.58,14,0,1,2,0,33,24,14,14,5,12,30.8,27,26,7,40,19,2,1644,24,123,66,37.9,92,52.9,1177,51,82,75,1361,88,89.2,88,25,0,,0,1.70,47,40,+7,+0.24,+0.24,44.6,43.4,+1.2,+0.04,+1.19,0,50,3,0,0,112,4,28.6
13,William Agada,ng NGA,FW,Sporting KC,26-021,1999,6,1,99,1.1,0,0,0,0,0,0,0,0,0.5,0.5,0.2,0.6,0,2,2,0.00,0.00,0.00,0.00,0.00,0.44,0.15,0.58,0.44,0.58,Matches,6,0,0.0,5.45,0.00,0.00,,14.6,0,0.08,-0.5,-0.5,21,22,95.5,306,45,13,13,100.0,6,6,100.0,2,3,66.7,0.4,-0.2,2,0,1,0,20,2,0,0,0,1,0,0,0,0,0,0,2,1.82,2,0,0,0,0,0,0.00,0,0,0,0,0,0,0,0,0,0,0,0.0,1,0,0,0,1,0,38,1,11,0,,0,,20,0,7,3,28,17,3.3,45,0,5,11,3,0.50,0,1,-1,-0.91,-0.19,2.1,1.1,+1.0,+0.92,+1.85,0,5,0,0,0,3,3,75.0
14,William Agada,ng NGA,FW,Real Salt Lake,26-021,1999,20,12,1120,12.4,2,2,4,2,0,0,6,1,3.2,3.2,1.5,4.7,16,11,57,0.16,0.16,0.32,0.16,0.32,0.26,0.12,0.38,0.26,0.38,Matches,6,0,0.0,5.45,0.00,0.00,,14.6,0,0.08,-0.5,-0.5,21,22,95.5,306,45,13,13,100.0,6,6,100.0,2,3,66.7,0.4,-0.2,2,0,1,0,20,2,0,0,0,1,0,0,0,0,0,0,2,1.82,2,0,0,0,0,0,0.00,0,0,0,0,0,0,0,0,0,0,0,0.0,1,0,0,0,1,0,38,1,11,0,,0,,20,0,7,3,28,17,3.3,45,0,5,11,3,0.50,0,1,-1,-0.91,-0.19,2.1,1.1,+1.0,+0.92,+1.85,0,5,0,0,0,3,3,75.0
647,William Reilly,us USA,MF,Atlanta Utd,22-309,2002,11,4,496,5.5,1,0,1,1,0,0,3,0,0.7,0.7,0.1,0.8,4,25,18,0.18,0.00,0.18,0.18,0.18,0.12,0.02,0.15,0.12,0.15,Matches,4,2,50.0,0.73,0.36,0.25,0.50,12.2,0,0.17,+0.3,+0.3,242,285,84.9,4040,872,114,122,93.4,111,129,86.0,13,19,68.4,0.2,-0.1,4,32,1,0,275,9,0,0,3,1,0,0,0,0,1,9,14,2.54,12,1,0,1,0,0,0.00,0,0,0,0,0,10,7,3,7,0,7,46.7,8,7,9,19,7,1,347,12,5,2,20.0,5,50.0,188,2,7,9,234,45,17.2,86,3,7,22,13,1.00,10,11,-1,-0.18,+0.57,8.2,6.4,+1.8,+0.32,+0.51,0,10,0,0,0,38,3,60.0
701,William Sands,us USA,DF,NE Revolution,25-094,2000,18,5,647,7.2,0,0,0,0,0,0,3,0,0.2,0.2,0.4,0.7,22,16,51,0.00,0.00,0.00,0.00,0.00,0.03,0.06,0.09,0.03,0.09,Matches,4,1,25.0,0.56,0.14,0.00,0.00,11.5,0,0.06,-0.2,-0.2,222,301,73.8,3341,1043,131,153,85.6,76,98,77.6,9,32,28.1,0.4,-0.4,4,7,6,3,249,52,0,2,22,50,0,0,0,0,0,5,14,1.95,10,1,0,3,0,2,0.28,0,0,0,2,0,14,7,9,5,0,8,72.7,3,4,9,23,31,1,392,29,15,2,40.0,3,60.0,195,2,9,5,208,36,21.8,85,2,13,17,10,1.33,9,12,-3,-0.42,-0.26,9.4,13.5,-4.1,-0.57,-0.45,0,12,1,0,0,25,12,60.0
,William Yarbrough,,,,,,,,,,,,,,,,,,,,,,,,,,,,,,,,,,,,,,,,,,,,,,,,,,,,,,,,,,,,,,,,,,,,,,,,,,,,,,,,,,,,,,,,,,,,,,,,,,,,,,,,,,,,,,,,,,,,,,,,,,0,0,,5,,,,,,,,,,,,,,,,,,,
423,Willy Kumado,gh GHA,DF,San Diego FC,22-357,2002,18,7,735,8.2,0,0,0,0,0,0,2,0,0.0,0.0,0.4,0.4,22,19,69,0.00,0.00,0.00,0.00,0.00,0.00,0.05,0.05,0.00,0.05,Matches,1,0,0.0,0.12,0.00,0.00,,17.0,0,0.02,0.0,0.0,401,494,81.2,6633,1445,195,221,88.2,169,194,87.1,27,51,52.9,0.5,-0.4,7,18,6,4,421,70,0,2,28,62,1,0,0,0,3,13,16,1.96,14,1,1,0,0,5,0.61,3,1,1,0,0,16,11,9,5,2,9,75.0,3,6,3,19,25,1,563,27,13,5,45.5,6,54.5,307,3,8,1,367,41,24.7,73,1,11,21,1,1.72,18,9,+9,+1.10,+0.70,14.6,11.1,+3.5,+0.43,+0.34,0,8,0,1,0,33,3,25.0
495,Wyatt Meyer,us USA,"MF,DF",Nashville SC,24-270,2001,6,3,235,2.6,0,0,0,0,0,0,0,0,0.1,0.1,0.0,0.1,2,10,3,0.00,0.00,0.00,0.00,0.00,0.05,0.00,0.05,0.05,0.05,Matches,3,0,0.0,1.15,0.00,0.00,,20.5,0,0.04,-0.1,-0.1,115,132,87.1,1750,470,63,71,88.7,44,48,91.7,5,7,71.4,0.0,0.0,0,7,0,0,123,8,0,0,1,5,0,0,0,0,1,1,2,0.77,1,0,0,0,0,0,0.00,0,0,0,0,0,4,4,3,1,0,3,60.0,2,0,3,7,5,0,152,7,3,1,100.0,0,0.0,88,0,1,2,103,39,7.9,73,1,3,5,6,1.00,0,6,-6,-2.30,-3.02,2.3,3.5,-1.2,-0.46,-1.13,0,1,0,0,0,8,5,45.5
572,Wyatt Omsberg,us USA,DF,NE Revolution,30-017,1995,9,4,393,4.4,0,0,0,0,0,0,0,0,0.7,0.7,0.0,0.7,0,8,0,0.00,0.00,0.00,0.00,0.00,0.15,0.00,0.15,0.15,0.15,Matches,2,0,0.0,0.46,0.00,0.00,,5.6,0,0.34,-0.7,-0.7,218,244,89.3,4032,1370,79,84,94.0,122,127,96.1,16,29,55.2,0.1,0.0,0,8,0,0,241,2,0,1,0,0,0,0,0,0,1,2,2,0.46,2,0,0,0,0,0,0.00,0,0,0,0,0,9,4,4,5,0,3,60.0,2,4,4,13,30,0,306,49,5,0,,0,,182,0,1,1,199,44,13.2,70,1,5,23,18,0.78,9,10,-1,-0.23,-0.02,9.9,6.8,+3.1,+0.71,+1.07,0,3,0,0,0,13,11,52.4
731,Xande Silva,pt POR,FW,Atlanta Utd,28-206,1997,7,2,229,2.5,0,1,1,0,0,0,0,0,0.3,0.3,0.9,1.2,10,9,19,0.00,0.39,0.39,0.00,0.39,0.11,0.37,0.47,0.11,0.47,Matches,5,0,0.0,1.97,0.00,0.00,,20.9,0,0.05,-0.3,-0.3,78,100,78.0,1416,356,32,39,82.1,34,41,82.9,10,13,76.9,0.8,+0.1,7,9,5,2,96,3,0,2,3,1,0,0,0,0,1,3,11,4.36,7,0,3,0,0,1,0.40,1,0,0,0,0,5,2,4,1,0,2,50.0,2,1,2,7,3,1,133,4,11,8,44.4,10,55.6,92,5,3,4,98,33,8.0,69,0,5,18,1,0.86,5,3,+2,+0.79,+1.57,5.0,1.9,+3.1,+1.22,+1.43,0,9,0,0,0,14,1,25.0
732,Xande Silva,pt POR,"FW,MF",St. Louis,28-206,1997,11,0,215,2.4,0,0,0,0,0,0,1,0,0.2,0.2,0.5,0.7,9,14,27,0.00,0.00,0.00,0.00,0.00,0.10,0.19,0.29,0.10,0.29,Matches,5,0,0.0,1.97,0.00,0.00,,20.9,0,0.05,-0.3,-0.3,78,100,78.0,1416,356,32,39,82.1,34,41,82.9,10,13,76.9,0.8,+0.1,7,9,5,2,96,3,0,2,3,1,0,0,0,0,1,3,11,4.36,7,0,3,0,0,1,0.40,1,0,0,0,0,5,2,4,1,0,2,50.0,2,1,2,7,3,1,133,4,11,8,44.4,10,55.6,92,5,3,4,98,33,8.0,69,0,5,18,1,0.86,5,3,+2,+0.79,+1.57,5.0,1.9,+3.1,+1.22,+1.43,0,9,0,0,0,14,1,25.0
,Xavier Valdez,,,,,,,,,,,,,,,,,,,,,,,,,,,,,,,,,,,,,,,,,,,,,,,,,,,,,,,,,,,,,,,,,,,,,,,,,,,,,,,,,,,,,,,,,,,,,,,,,,,,,,,,,,,,,,,,,,,,,,,,,,0,0,,1,,,,,,,,,,,,,,,,,,,
108,Yannick Bright,it ITA,MF,Inter Miami,24-035,2001,25,15,1279,14.2,1,0,1,1,0,0,5,0,0.2,0.2,0.2,0.4,12,60,26,0.07,0.00,0.07,0.07,0.07,0.02,0.01,0.03,0.02,0.03,Matches,6,2,33.3,0.42,0.14,0.17,0.50,22.6,0,0.04,+0.8,+0.8,661,742,89.1,10419,2349,329,362,90.9,271,295,91.9,37,47,78.7,0.8,-0.2,6,51,8,0,734,8,0,3,1,0,0,0,0,0,0,7,16,1.12,13,0,0,2,0,5,0.35,4,0,0,0,0,53,32,26,22,5,20,48.8,21,26,19,72,31,2,937,41,10,13,43.3,13,43.3,517,3,23,10,616,51,44.4,74,2,10,17,1,1.68,32,28,+4,+0.28,-0.56,26.8,19.0,+7.8,+0.55,+0.08,0,27,0,0,0,92,10,38.5
860,Yaw Yeboah,gh GHA,"MF,FW",LAFC,28-194,1997,15,4,443,4.9,1,0,1,1,0,0,1,0,0.2,0.2,0.8,1.0,4,17,27,0.20,0.00,0.20,0.20,0.20,0.05,0.16,0.21,0.05,0.21,Matches,5,1,20.0,1.02,0.20,0.20,1.00,23.5,0,0.05,+0.8,+0.8,182,214,85.0,2857,646,103,111,92.8,70,83,84.3,7,10,70.0,0.2,-0.8,4,15,2,0,205,9,1,0,3,7,0,0,0,0,0,4,8,1.63,7,0,1,0,0,1,0.20,1,0,0,0,0,10,6,5,4,1,3,42.9,4,9,5,15,5,0,288,10,6,10,55.6,5,27.8,177,1,17,7,206,30,15.9,81,2,11,11,15,1.93,8,8,0,0.00,-0.92,7.6,5.0,+2.6,+0.53,-0.26,0,2,0,0,0,28,2,33.3
307,Yeimar Gómez Andrade,co COL,DF,Seattle Sounders,33-100,1992,24,24,1760,19.6,0,1,1,0,0,0,3,0,0.9,0.9,0.2,1.1,13,92,4,0.00,0.05,0.05,0.00,0.05,0.05,0.01,0.06,0.05,0.06,Matches,17,4,23.5,0.87,0.20,0.00,0.00,13.0,0,0.05,-0.9,-0.9,1042,1199,86.9,17432,7478,493,526,93.7,457,505,90.5,69,116,59.5,0.3,+0.8,2,116,1,0,1143,51,0,6,2,6,0,0,0,0,5,15,9,0.46,8,0,0,1,0,1,0.05,1,0,0,0,0,48,34,20,26,2,26,68.4,12,12,34,82,116,1,1468,120,27,6,75.0,2,25.0,838,1,12,3,948,73,61.1,73,15,0,,1,1.50,34,26,+8,+0.41,+0.41,36.0,20.2,+15.9,+0.81,+1.03,0,25,0,1,2,102,48,70.6
157,Yevhen Cheberko,ua UKR,DF,Columbus Crew,27-258,1998,30,25,2315,25.7,0,0,0,0,0,0,2,0,0.4,0.4,1.0,1.4,40,151,20,0.00,0.00,0.00,0.00,0.00,0.02,0.04,0.06,0.02,0.06,Matches,7,0,0.0,0.27,0.00,0.00,,23.6,1,0.06,-0.4,-0.4,1890,2044,92.5,30180,12985,949,984,96.4,837,878,95.3,80,132,60.6,1.6,-1.0,12,159,13,3,1943,94,3,1,12,21,0,0,0,0,7,12,31,1.21,28,1,0,1,1,0,0.00,0,0,0,0,0,47,33,23,21,3,27,73.0,10,8,31,78,88,1,2274,173,16,9,52.9,6,35.3,1414,2,16,8,1667,77,77.9,87,22,5,29,3,1.47,43,42,+1,+0.04,-0.10,40.4,37.1,+3.3,+0.13,-0.08,0,25,0,2,0,117,31,44.3
770,Yohei Takaoka,jp JPN,GK,Vancouver W'caps,29-206,1996,32,32,2880,32.0,0,0,0,0,0,0,0,0,0.0,0.0,0.1,0.1,0,1,0,0.00,0.00,0.00,0.00,0.00,0.00,0.00,0.00,0.00,0.00,Matches,0,0,,0.00,0.00,,,,0,,0.0,0.0,922,1145,80.5,22711,14986,212,214,99.1,474,478,99.2,236,449,52.6,0.0,-0.1,1,17,0,0,908,235,0,2,0,0,0,0,0,0,2,1,7,0.22,7,0,0,0,0,0,0.00,0,0,0,0,0,0,0,0,0,0,0,0.0,1,2,1,1,28,2,1230,917,0,0,,0,,745,0,0,0,706,90,100.0,90,32,0,,0,1.88,63,35,+28,+0.87,,59.0,35.4,+23.6,+0.74,,0,0,0,0,0,73,12,100.0
316,Yuri Guboglo,ht HAI,"DF,FW",CF Montréal,18-202,2007,23,10,1011,11.2,0,1,1,0,0,0,1,0,0.2,0.2,0.4,0.6,33,19,64,0.00,0.09,0.09,0.00,0.09,0.02,0.04,0.05,0.02,0.05,Matches,6,2,33.3,0.53,0.18,0.00,0.00,13.9,0,0.03,-0.2,-0.2,283,357,79.3,4185,1079,167,189,88.4,103,124,83.1,6,23,26.1,0.5,+0.6,6,10,7,6,307,49,0,0,25,43,0,0,0,0,1,11,15,1.33,13,0,1,1,0,2,0.18,1,0,0,1,0,23,14,15,6,2,9,50.0,9,7,3,26,28,0,486,31,25,17,47.2,18,50.0,280,14,16,11,293,44,34.0,72,4,13,23,7,1.00,14,23,-9,-0.80,-0.16,13.3,19.4,-6.1,-0.55,-0.44,0,19,0,0,0,47,7,30.4
422,Yuya Kubo,jp JPN,"MF,FW",FC Cincinnati,31-288,1993,13,7,614,6.8,1,0,1,1,0,0,1,0,1.3,1.3,0.3,1.6,25,27,45,0.15,0.00,0.15,0.15,0.15,0.19,0.04,0.23,0.19,0.23,Matches,17,7,41.2,2.49,1.03,0.06,0.14,17.5,0,0.08,-0.3,-0.3,193,238,81.1,3282,780,92,109,84.4,74,85,87.1,19,24,79.2,0.5,-0.3,6,24,7,1,225,11,0,3,7,4,2,1,0,0,2,5,16,2.35,13,1,0,0,0,1,0.15,1,0,0,0,0,9,3,1,4,4,3,60.0,2,5,2,11,6,0,325,4,24,5,31.3,10,62.5,205,8,19,13,241,47,20.7,69,1,6,22,1,1.62,8,12,-4,-0.59,-1.08,7.0,14.1,-7.0,-1.03,-1.00,0,10,0,0,0,26,5,31.3
488,Zac McGraw,ca CAN,DF,Portland Timbers,28-122,1997,4,3,242,2.7,0,0,0,0,0,0,2,0,0.0,0.0,0.0,0.0,0,4,1,0.00,0.00,0.00,0.00,0.00,0.00,0.00,0.00,0.00,0.00,Matches,0,0,,0.00,0.00,,,,0,,0.0,0.0,104,117,88.9,2125,724,21,22,95.5,74,76,97.4,8,15,53.3,0.0,0.0,0,3,0,0,114,3,0,0,0,0,0,0,0,0,0,2,2,0.74,1,0,1,0,0,1,0.37,1,0,0,0,0,6,4,4,2,0,2,100.0,0,4,4,10,14,1,148,20,0,2,100.0,0,0.0,83,0,0,2,99,61,8.1,75,2,1,17,7,1.00,2,6,-4,-1.49,-1.52,1.7,5.7,-4.1,-1.51,-1.33,0,3,0,1,0,4,3,33.3
751,Zack Steffen,us USA,GK,Colorado Rapids,30-189,1995,22,22,1980,22.0,0,0,0,0,0,0,3,0,0.0,0.0,0.0,0.0,0,0,0,0.00,0.00,0.00,0.00,0.00,0.00,0.00,0.00,0.00,0.00,Matches,0,0,,0.00,0.00,,,,0,,0.0,0.0,453,682,66.4,13753,10482,61,62,98.4,224,228,98.2,168,389,43.2,0.1,0.0,0,21,1,0,454,225,0,3,0,0,0,0,0,0,3,0,2,0.09,1,1,0,0,0,0,0.00,0,0,0,0,0,0,0,0,0,0,0,,0,0,0,0,14,4,741,557,0,0,,0,,388,0,0,0,269,90,66.7,90,22,0,,0,1.32,32,37,-5,-0.23,+0.41,36.4,38.6,-2.2,-0.10,+0.23,0,0,0,0,0,35,5,100.0
,Zackery Farnsworth,,,,,,,,,,,,,,,,,,,,,,,,,,,,,,,,,,,,,,,,,,,,,,,,,,,,,,,,,,,,,,,,,,,,,,,,,,,,,,,,,,,,,,,,,,,,,,,,,,,,,,,,,,,,,,,,,,,,,,,,,,0,0,,2,,,,,,,,,,,,,,,,,,,
,Zackory Campagnolo,,,,,,,,,,,,,,,,,,,,,,,,,,,,,,,,,,,,,,,,,,,,,,,,,,,,,,,,,,,,,,,,,,,,,,,,,,,,,,,,,,,,,,,,,,,,,,,,,,,,,,,,,,,,,,,,,,,,,,,,,,0,0,,1,,,,,,,,,,,,,,,,,,,
769,Zakaria Taifi,us USA,"MF,FW",Orlando City,20-007,2005,5,0,35,0.4,0,0,0,0,0,0,0,0,0.0,0.0,0.0,0.0,0,3,4,0.00,0.00,0.00,0.00,0.00,0.00,0.00,0.00,0.00,0.00,Matches,0,0,,0.00,0.00,,,,0,,0.0,0.0,9,13,69.2,211,76,2,3,66.7,2,5,40.0,3,3,100.0,0.0,0.0,0,2,0,0,13,0,0,0,1,0,0,0,0,0,0,0,0,0.00,0,0,0,0,0,0,0.00,0,0,0,0,0,2,1,1,1,0,1,100.0,0,1,0,2,2,0,23,1,2,1,50.0,1,50.0,11,0,2,0,13,7,1.2,,0,5,7,13,2.00,1,1,0,0.00,-0.47,0.4,1.1,-0.7,-1.68,-2.09,0,0,0,0,0,1,2,66.7
510,Zane Monlouis,eng ENG,DF,Toronto FC,21-357,2003,10,6,514,5.7,0,0,0,0,0,0,0,0,0.0,0.0,0.0,0.0,2,23,2,0.00,0.00,0.00,0.00,0.00,0.00,0.00,0.00,0.00,0.00,Matches,0,0,,0.00,0.00,,,,0,,0.0,0.0,275,322,85.4,5309,1884,102,108,94.4,143,157,91.1,28,47,59.6,0.1,0.0,0,26,0,0,309,13,0,6,0,6,0,0,0,0,0,6,2,0.35,2,0,0,0,0,1,0.18,1,0,0,0,0,2,0,1,1,0,1,100.0,0,5,6,8,35,0,377,52,1,1,100.0,0,0.0,219,0,1,0,242,51,17.8,64,1,4,33,3,0.50,8,11,-3,-0.53,-0.37,3.6,9.0,-5.3,-0.93,-0.63,0,2,0,0,0,25,14,63.6
312,Zavier Gozo,us USA,"MF,FW",Real Salt Lake,18-200,2007,24,20,1724,19.2,4,2,6,4,0,0,4,0,4.7,4.7,2.0,6.7,66,26,158,0.21,0.10,0.31,0.21,0.31,0.24,0.10,0.35,0.24,0.35,Matches,39,19,48.7,2.04,0.99,0.10,0.21,15.3,0,0.12,-0.7,-0.7,294,436,67.4,4022,973,168,202,83.2,91,136,66.9,12,34,35.3,1.9,0.0,18,13,19,6,430,4,1,1,56,3,0,0,0,0,2,22,52,2.71,40,0,5,1,3,4,0.21,4,0,0,0,0,52,26,19,18,15,24,42.9,32,33,11,63,17,0,735,15,85,34,44.2,41,53.2,426,41,51,24,451,72,59.9,82,11,4,20,0,1.17,22,28,-6,-0.31,0.00,24.5,30.6,-6.1,-0.32,+0.04,0,29,0,0,0,68,12,30.8
,Zidane Yañez,,,,,,,,,,,,,,,,,,,,,,,,,,,,,,,,,,,,,,,,,,,,,,,,,,,,,,,,,,,,,,,,,,,,,,,,,,,,,,,,,,,,,,,,,,,,,,,,,,,,,,,,,,,,,,,,,,,,,,,,,,0,0,,1,,,,,,,,,,,,,,,,,,,
71,Zorhan Bassong,ca CAN,"MF,DF",Sporting KC,26-154,1999,24,17,1588,17.6,1,0,1,1,0,0,7,0,0.5,0.5,1.3,1.8,24,114,50,0.06,0.00,0.06,0.06,0.06,0.03,0.07,0.10,0.03,0.10,Matches,10,4,40.0,0.57,0.23,0.10,0.25,18.0,0,0.05,+0.5,+0.5,816,949,86.0,13174,3998,429,476,90.1,295,338,87.3,70,99,70.7,1.9,-1.3,11,108,19,5,906,42,0,9,19,24,3,2,0,0,1,8,35,1.98,32,1,0,0,0,3,0.17,3,0,0,0,0,36,19,16,17,3,13,50.0,13,13,20,56,29,1,1123,39,13,9,64.3,4,28.6,599,3,23,9,789,66,53.5,84,10,7,24,1,0.83,23,42,-19,-1.08,-0.75,24.1,42.5,-18.4,-1.04,-0.37,0,35,0,1,0,83,18,60.0
563,Édier Ocampo,co COL,DF,Vancouver W'caps,22-005,2003,28,24,2038,22.6,2,0,2,2,0,0,9,1,2.7,2.7,2.5,5.2,86,71,217,0.09,0.00,0.09,0.09,0.09,0.12,0.11,0.23,0.12,0.23,Matches,36,9,25.0,1.59,0.40,0.06,0.22,18.7,0,0.08,-0.7,-0.7,869,1087,79.9,13130,3343,497,554,89.7,288,363,79.3,59,101,58.4,3.5,-2.5,16,45,32,17,983,103,0,4,90,96,0,0,0,0,1,31,45,1.99,34,1,3,5,0,6,0.26,5,0,0,1,0,44,32,29,9,6,27,55.1,22,33,14,58,57,0,1364,65,68,18,56.3,9,28.1,851,24,37,27,933,73,70.8,80,11,4,31,2,1.86,43,24,+19,+0.84,-0.12,40.8,23.6,+17.3,+0.76,+0.08,1,34,1,1,0,94,10,38.5
,Érick Díaz,,,,,,,,,,,,,,,,,,,,,,,,,,,,,,,,,,,,,,,,,,,,,,,,,,,,,,,,,,,,,,,,,,,,,,,,,,,,,,,,,,,,,,,,,,,,,,,,,,,,,,,,,,,,,,,,,,,,,,,,,,0,0,,1,,,,,,,,,,,,,,,,,,,
807,Óscar Ustari,ar ARG,GK,Inter Miami,39-097,1986,25,25,2082,23.1,0,0,0,0,0,0,0,1,0.0,0.0,0.0,0.0,0,0,0,0.00,0.00,0.00,0.00,0.00,0.00,0.00,0.00,0.00,0.00,Matches,0,0,,0.00,0.00,,,,0,,0.0,0.0,777,890,87.3,18846,12802,166,166,100.0,418,420,99.5,190,297,64.0,0.0,0.0,0,1,0,0,730,157,0,3,0,0,0,0,0,0,3,0,6,0.26,4,2,0,0,0,1,0.04,1,0,0,0,0,1,1,1,0,0,1,100.0,0,0,0,1,19,4,951,805,0,0,,0,,591,0,1,0,538,83,72.3,83,21,0,,1,1.88,53,41,+12,+0.52,-0.27,44.9,35.2,+9.7,+0.42,-0.29,0,1,0,0,0,44,4,100.0
417,Žan Kolmanič,si SVN,"DF,MF",Austin,25-219,2000,23,5,666,7.4,1,1,2,1,0,0,1,0,0.2,0.2,2.1,2.3,18,21,58,0.14,0.14,0.27,0.14,0.27,0.03,0.28,0.31,0.03,0.31,Matches,5,2,40.0,0.68,0.27,0.20,0.50,23.9,0,0.04,+0.8,+0.8,277,398,69.6,5122,1870,110,128,85.9,125,155,80.6,35,97,36.1,2.3,-1.1,16,22,10,6,313,83,2,1,66,45,28,14,6,0,2,5,25,3.38,14,10,0,0,0,1,0.14,1,0,0,0,0,14,8,10,3,1,6,100.0,0,4,7,21,24,1,470,21,7,2,25.0,6,75.0,228,1,4,2,268,29,23.1,84,1,18,14,9,1.30,10,10,0,0.00,+0.33,14.1,14.6,-0.5,-0.07,+0.14,0,2,0,0,0,27,1,14.3
158,Ștefan Chirilă,ro ROU,MF,FC Cincinnati,18-266,2007,2,0,8,0.1,0,0,0,0,0,0,0,0,0.0,0.0,0.1,0.1,0,0,1,0.00,0.00,0.00,0.00,0.00,0.00,1.14,1.14,0.00,1.14,Matches,0,0,,0.00,0.00,,,,0,,0.0,0.0,2,2,100.0,18,0,2,2,100.0,0,0,,0,0,,0.0,-0.1,1,0,0,0,2,0,0,0,0,0,0,0,0,0,0,0,1,11.25,1,0,0,0,0,0,0.00,0,0,0,0,0,0,0,0,0,0,0,,0,0,0,0,0,0,2,0,1,0,,0,,2,0,0,2,2,4,0.3,,0,2,4,12,3.00,0,0,0,0.00,-0.27,0.5,0.0,+0.4,+5.02,+5.27,0,0,0,0,0,0,0,
